Α/α;ΚΩΔΙΚΟΣ;ΤΕΛΙΚΕΣ ΟΝΟΜΑΣΙΕΣ ΙΑΤΡΙΚΩΝ ΠΡΑΞΕΩΝ;;;;;
Γ. ΑΠΕΙΚΟΝΙΣΗ – ΕΠΕΜΒΑΤΙΚΕΣ ΚΑΙ ΘΕΡΑΠΕΥΤΙΚΕΣ ΑΚΤΙΝΙΚΕΣ ΠΡΑΞΕΙΣ ;;;;;;;
Γ.1;ΑΚΤΙΝΟΔΙΑΓΝΩΣΗ ΚΑΤΑ ΠΕΡΙΟΧΕΣ. ΔΙΑΦΟΡΕΣ ΜΕΘΟΔΟΙ;;;;;;
6609;K500001;ΜΥΕΛΟΓΡΑΦΙΑ;;;;;
6610;K500011;ΑΝΕΝΕΡΓΟΣ;;;;;
6611;K500041;ΑΚΤΙΝΟΓΡΑΦΙΑ ΟΦΘΑΛΜΙΚΟΥ ΚΟΓΧΟΥ;;;;;
6612;K500181;ΑΚΤΙΝΟΓΡΑΦΙΑ ΚΑΤΩ ΓΝΑΘΟΥ ΜΕΡΙΚΗ ΕΤΕΡΟΠΛΕΥΡΗ (2 ΠΡΟΒΟΛΕΣ);;;;;
6613;K500201;ΑΚΤΙΝΟΓΡΑΦΙΑ ΚΑΤΩ ΓΝΑΘΟΥ ΠΛΗΡΗΣ;;;;;
6614;K500221;ΑΚΤΙΝΟΓΡΑΦΙΑ ΜΑΣΤΟΕΙΔΟΥΣ ΑΠΟΦΥΣΗΣ;;;;;
6615;K500241;ΑΚΤΙΝΟΓΡΑΦΙΑ ΜΑΣΤΟΕΙΔΩΝ ΑΠΟΦΥΣΕΩΝ ΣΥΓΚΡΙΤΙΚΗ;;;;;
6616;K500249;ΑΚΤΙΝΟΓΡΑΦΙΑ ΕΣΩ ΑΚΟΥΣΤΙΚΩΝ ΠΟΡΩΝ;;;;;
6617;K500261;ΑΚΤΙΝΟΓΡΑΦΙΑ ΟΣΤΩΝ ΠΡΟΣΩΠΟΥ;;;;;
6618;K500281;ΔΙΑΓΡΑΦΕΤΑΙ;;;;;
6619;K500301;ΑΚΤΙΝΟΓΡΑΦΙΑ ΡΙΝΙΚΩΝ ΟΣΤΩΝ ;;;;;
6620;K500321;ΔΑΚΡΥΟΚΥΣΤΟΓΡΑΦΙΑ;;;;;
6621;K500361;ΑΝΕΝΕΡΓΟΣ;;;;;
6622;K500381;ΑΝΕΝΕΡΓΟΣ;;;;;
6623;K500401;ΑΚΤΙΝΟΓΡΑΦΙΑ ΙΓΜΟΡΕΙΩΝ ΑΝΤΡΩΝ ΚΑΙ ΜΕΤΩΠΙΑΙΩΝ ΚΟΛΠΩΝ - ΠΩΓΩΝΟΡΙΝΙΚΗ ΠΡΟΒΟΛΗ;;;;;
6624;K500421;ΑΚΤΙΝΟΓΡΑΦΙΑ ΠΑΡΑΡΡΙΝΙΩΝ ΚΟΛΠΩΝ - ΜΕΤΩΠΟΡΙΝΙΚΗ ΠΡΟΒΟΛΗ;;;;;
6625;K500461;ΑΚΤΙΝΟΓΡΑΦΙΑ ΤΟΥΡΚΙΚΟΥ ΕΦΙΠΠΙΟΥ;;;;;
6626;K500481;ΑΚΤΙΝΟΓΡΑΦΙΑ ΚΡΑΝΙΟΥ ΚΑΤΑ ΜΕΤΩΠΟ;;;;;
6627;K500501;ΑΚΤΙΝΟΓΡΑΦΙΑ ΚΡΑΝΙΟΥ ΠΛΑΓΙΑ;;;;;
6628;K500581;ΑΚΤΙΝΟΓΡΑΦΙΑ ΕΝΟΣ ΟΔΟΝΤΟΣ ;;;;;
6629;K500601;ΑΝΕΝΕΡΓΟΣ;;;;;
6630;K500621;ΑΝΕΝΕΡΓΟΣ;;;;;
6631;K500637;ΑΝΕΝΕΡΓΟΣ;;;;;
6632;K500641;ΑΚΤΙΝΟΓΡΑΦΙΑ ΚΡΟΤΑΦΟΓΝΑΘΙΚΗΣ ΑΡΘΡΩΣΗΣ ΜΕ ΑΝΟΙΚΤΟ ΚΑΙ ΚΛΕΙΣΤΟ ΣΤΟΜΑ ;;;;;
6633;K500645;ΑΝΕΝΕΡΓΟΣ;;;;;
6634;K500653;ΜΑΓΝΗΤΙΚΗ ΤΟΜΟΓΡΑΦΙΑ ΚΡΟΤΑΦΟΓΝΑΘΙΚΗΣ ΑΡΘΡΩΣΗΣ ΜΕ ΑΝΟΙΚΤΟ ΣΤΟΜΑ ΧΩΡΙΣ ΠΑΡΑΜΑΓΝΗΤΙΚΗ ΟΥΣΙΑ;;;;;
6635;K500681;ΑΚΤΙΝΟΓΡΑΦΙΑ ΠΛΑΓΙΑ ΚΕΦΑΛΟΜΕΤΡΙΚΗ;;;;;
6636;K500691;ΟΡΘΟΠΑΝΤΟΤΟΜΟΓΡΑΦΙΑ;;;;;
6637;K500701;ΑΚΤΙΝΟΓΡΑΦΙΑ  ΤΡΑΧΗΛΟΥ ΚΑΤΑ ΜΕΤΩΠΟ;;;;;
6638;K500721;ΑΚΤΙΝΟΣΚΟΠΙΚΟΣ ΕΛΕΓΧΟΣ ΦΑΡΥΓΓΑ - ΥΠΟΦΑΡΥΓΓΑ;;;;;
6639;K500723;ΑΝΕΝΕΡΓΟΣ;;;;;
6640;K500727;ΛΑΡΥΓΓΟΓΡΑΦΙΑ;;;;;
6641;K500741;ΑΝΕΝΕΡΓΟΣ;;;;;
6642;K500761;ΣΙΕΛΟΓΡΑΦΙΑ;;;;;
6643;K500881;ΑΞΟΝΙΚΗ ΤΟΜΟΓΡΑΦΙΑ ΕΓΚΕΦΑΛΟΥ, ΧΩΡΙΣ ΣΚΙΑΓΡΑΦΙΚΟ ΥΛΙΚΟ;;;;;
6644;K500901;ΑΞΟΝΙΚΗ ΤΟΜΟΓΡΑΦΙΑ ΕΓΚΕΦΑΛΟΥ, ΜΕ ΣΚΙΑΓΡΑΦΙΚΟ(Α) ΥΛΙΚΟ(Α);;;;;
6645;K500921;ΑΞΟΝΙΚΗ ΤΟΜΟΓΡΑΦΙΑ ΕΓΚΕΦΑΛΟΥ, ΧΩΡΙΣ ΣΚΙΑΓΡΑΦΙΚΟ ΥΛΙΚΟ, ΑΚΟΛΟΥΘΕΙΤΑΙ ΑΠΟ ΣΚΙΑΓΡΑΦΙΚΟ(Α) ΥΛΙΚΟ(Α) ΚΑΙ ΕΠΙΠΛΕΟΝ ΤΟΜΕΣ;;;;;
6646;K500941;ΑΞΟΝΙΚΗ ΤΟΜΟΓΡΑΦΙΑ ΟΦΘΑΛΜΙΚΩΝ ΚΟΓΧΩΝ ΧΩΡΙΣ ΣΚΙΑΓΡΑΦΙΚΟ ΥΛΙΚΟ;;;;;
6647;K500943;ΑΞΟΝΙΚΗ ΤΟΜΟΓΡΑΦΙΑ ΟΦΘΑΛΜΙΚΩΝ ΚΟΓΧΩΝ ΜΕ ΣΚΙΑΓΡΑΦΙΚΟ(Α) ΥΛΙΚΟ(Α);;;;;
6648;K500945;ΑΞΟΝΙΚΗ ΤΟΜΟΓΡΑΦΙΑ ΟΦΘΑΛΜΙΚΩΝ ΚΟΓΧΩΝ ΧΩΡΙΣ ΣΚΙΑΓΡΑΦΙΚΟ ΥΛΙΚΟ, ΑΚΟΛΟΥΘΕΙΤΑΙ ΑΠΟ ΣΚΙΑΓΡΑΦΙΚΟ(Α)  ΥΛΙΚΟ(Α) ΚΑΙ ΕΠΙΠΛΕΟΝ ΤΟΜΕΣ;;;;;
6649;K500953;ΑΞΟΝΙΚΗ ΤΟΜΟΓΡΑΦΙΑ ΣΠΛΑΧΝΙΚΟΥ ΚΡΑΝΙΟΥ ΧΩΡΙΣ ΣΚΙΑΓΡΑΦΙΚΟ ΥΛΙΚΟ;;;;;
6650;K500955;ΑΞΟΝΙΚΗ ΤΟΜΟΓΡΑΦΙΑ ΣΠΛΑΧΝΙΚΟΥ ΚΡΑΝΙΟΥ ΜΕ ΣΚΙΑΓΡΑΦΙΚΟ ΥΛΙΚΟ;;;;;
6651;K500957;ΑΞΟΝΙΚΗ ΤΟΜΟΓΡΑΦΙΑ ΣΠΛΑΧΝΙΚΟΥ ΚΡΑΝΙΟΥ ΧΩΡΙΣ ΣΚΙΑΓΡΑΦΙΚΟ ΥΛΙΚΟ, ΑΚΟΛΟΥΘΕΙΤΑΙ ΑΠΟ ΣΚΙΑΓΡΑΦΙΚΟ(Α) ΥΛΙΚΟ(Α) ΚΑΙ ΕΠΙΠΛΕΟΝ ΤΟΜΕΣ;;;;;
6652;K500961;ΑΞΟΝΙΚΗ ΤΟΜΟΓΡΑΦΙΑ ΤΡΑΧΗΛΟΥ ΧΩΡΙΣ ΣΚΙΑΓΡΑΦΙΚΟ ΥΛΙΚΟ;;;;;
6653;K500963;ΑΞΟΝΙΚΗ ΤΟΜΟΓΡΑΦΙΑ ΤΡΑΧΗΛΟΥ ΜΕ ΣΚΙΑΓΡΑΦΙΚΟ(Α) ΥΛΙΚΟ(Α);;;;;
6654;K500965;ΑΞΟΝΙΚΗ ΤΟΜΟΓΡΑΦΙΑ ΤΡΑΧΗΛΟΥ ΧΩΡΙΣ ΣΚΙΑΓΡΑΦΙΚΟ ΥΛΙΚΟ ΑΚΟΛΟΥΘΕΙΤΑΙ ΑΠΟ ΣΚΙΑΓΡΑΦΙΚΟ(Α) ΥΛΙΚΟ(Α) ΚΑΙ ΕΠΙΠΛΕΟΝ ΤΟΜΕΣ;;;;;
6655;K500973;ΑΞΟΝΙΚΗ ΑΓΓΕΙΟΓΡΑΦΙΑ, ΕΓΚΕΦΑΛΟΥ, ΜΕ ΣΚΙΑΓΡΑΦΙΚΟ ΥΛΙΚΟ ΣΥΜΠΕΡΙΛΑΜΒΑΝΟΜΕΝΩΝ ΑΝΕΥ ΣΚΙΑΓΡΑΦΙΚΟΥ ΕΙΚΟΝΩΝ, ΕΦΟΣΟΝ ΕΧΟΥΝ ΔΙΕΝΕΡΓΗΘΕΙ, ΚΑΙ ΑΝΑΣΥΝΘΕΣΗ ΕΙΚΟΝΩΝ;;;;;
6656;K500977;ΑΞΟΝΙΚΗ ΤΟΜΟΓΡΑΦΙΑ, ΤΡΑΧΗΛΟΥ, ΜΕ ΣΚΙΑΓΡΑΦΙΚΟ(Α) ΥΛΙΚΟ(Α);;;;;
6657;K501061;ΜΑΓΝΗΤΙΚΗ ΤΟΜΟΓΡΑΦΙΑ ΟΦΘΑΛΜΙΚΟΥ ΚΟΓΧΟΥ ΧΩΡΙΣ ΣΚΙΑΓΡΑΦΙΚΟ(Α) ΥΛΙΚΟ(Α);;;;;
6658;K501065;ΜΑΓΝΗΤΙΚΗ ΤΟΜΟΓΡΑΦΙΑ ΟΦΘΑΛΜΙΚΟΥ ΚΟΓΧΟΥ ΣΚΙΑΓΡΑΦΙΚΟ(Α) ΥΛΙΚΟ(Α);;;;;
6659;K501067;ΜΑΓΝΗΤΙΚΗ ΤΟΜΟΓΡΑΦΙΑ ΟΦΘΑΛΜΙΚΟΥ ΚΟΓΧΟΥ ΧΩΡΙΣ ΣΚΙΑΓΡΑΦΙΚΟ(Α) ΥΛΙΚΟ(Α), ΑΚΟΛΟΥΘΕΙΤΑΙ ΑΠΟ ΣΚΙΑΓΡΑΦΙΚΟ(Α) ΥΛΙΚΟ(Α) ΚΑΙ  ΕΠΙΠΛΕΟΝ ΤΟΜΕΣ;;;;;
6660;K501069;ΜΑΓΝΗΤΙΚΗ ΑΓΓΕΙΟΓΡΑΦΙΑ ΚΕΦΑΛΗΣ ΧΩΡΙΣ ΣΚΙΑΓΡΑΦΙΚΟ;;;;;
6661;K501071;ΜΑΓΝΗΤΙΚΗ ΑΓΓΕΙΟΓΡΑΦΙΑ ΚΕΦΑΛΗΣ ΜΕ ΣΚΙΑΓΡΑΦΙΚΟ;;;;;
6662;K501073;ΜΑΓΝΗΤΙΚΗ ΑΓΓΕΙΟΓΡΑΦΙΑ ΚΕΦΑΛΗΣ ΧΩΡΙΣ ΣΚΙΑΓΡΑΦΙΚΟ ΠΟΥ ΑΚΟΛΟΥΘΕΙΤΑΙ ΜΕ ΣΚΙΑΓΡΑΦΙΚΟ ΚΑΙ ΕΠΙΠΛΕΟΝ ΤΟΜΕΣ;;;;;
6663;K501075;ΜΑΓΝΗΤΙΚΗ ΑΓΓΕΙΟΓΡΑΦΙΑ ΑΥΧΕΝΑ ΧΩΡΙΣ ΣΚΙΑΓΡΑΦΙΚΟ;;;;;
6664;K501077;ΜΑΓΝΗΤΙΚΗ ΑΓΓΕΙΟΓΡΑΦΙΑ ΑΥΧΕΝΑ ΜΕ ΣΚΙΑΓΡΑΦΙΚΟ;;;;;
6665;K501079;ΜΑΓΝΗΤΙΚΗ ΑΓΓΕΙΟΓΡΑΦΙΑ ΑΥΧΕΝΑ ΧΩΡΙΣ ΣΚΙΑΓΡΑΦΙΚΟ ΠΟΥ ΑΚΟΛΟΥΘΕΙΤΑΙ ΜΕ ΣΚΙΑΓΡΑΦΙΚΟ ΚΑΙ ΕΠΙΠΛΕΟΝ ΤΟΜΕΣ;;;;;
6666;K501083;ΜΑΓΝΗΤΙΚΗ ΤΟΜΟΓΡΑΦΙΑ   ΕΓΚΕΦΑΛΟΥ ΧΩΡΙΣ ΣΚΙΑΓΡΑΦΙΚΟ ΥΛΙΚΟ;;;;;
6667;K501085;ΜΑΓΝΗΤΙΚΗ ΤΟΜΟΓΡΑΦΙΑ   ΕΓΚΕΦΑΛΟΥ ΜΕ ΣΚΙΑΓΡΑΦΙΚΟ(Α) ΥΛΙΚΟ(Α);;;;;
6668;K501087;ΜΑΓΝΗΤΙΚΗ ΤΟΜΟΓΡΑΦΙΑ  ΕΓΚΕΦΑΛΟΥ ΧΩΡΙΣ ΣΚΙΑΓΡΑΦΙΚΟ(Α) ΥΛΙΚΟ(Α), ΑΚΟΛΟΥΘΕΙΤΑΙ ΑΠΟ ΣΚΙΑΓΡΑΦΙΚΟ(Α) ΥΛΙΚΟ(Α) ΚΑΙ ΕΠΙΠΛΕΟΝ ΤΟΜΕΣ;;;;;
6669;K501089;ΜΑΓΝΗΤΙΚΗ ΤΟΜΟΓΡΑΦΙΑ , ΛΕΙΤΟΥΡΓΙΚΗ ΜΕΛΕΤΗ ΕΓΚΕΦΑΛΟΥ;;;;;
6670;K501091;ΜΑΓΝΗΤΙΚΗ ΤΟΜΟΓΡΑΦΙΑ ΕΓΚΕΦΑΛΟΥ, ΛΕΙΤΟΥΡΓΙΚΗ MRI, ΑΠΑΙΤΕΙΤΑΙ ΙΑΤΡΟΣ Η ΨΥΧΟΛΟΓΟΣ ΓΙΑ ΕΚΤΕΛΕΣΗ ΠΛΗΡΟΥΣ ΝΕΥΡΟΛΕΙΤΟΥΡΓΙΚΟΥ ΕΛΕΓΧΟΥ;;;;;
6671;K501095;ΜΑΓΝΗΤΙΚΗ ΤΟΜΟΓΡΑΦΙΑ ΣΠΛΑΓΧΝΙΚΟΥ ΚΡΑΝΙΟΥ ΧΩΡΙΣ ΣΚΙΑΓΡΑΦΙΚΟ ΥΛΙΚΟ;;;;;
6672;K501097;ΜΑΓΝΗΤΙΚΗ ΤΟΜΟΓΡΑΦΙΑ    ΣΠΛΑΓΧΝΙΚΟΥ ΚΡΑΝΙΟΥ  ΜΕ ΣΚΙΑΓΡΑΦΙΚΟ(Α) ΥΛΙΚΟ(Α);;;;;
6673;K501099;ΜΑΓΝΗΤΙΚΗ ΤΟΜΟΓΡΑΦΙΑ   ΣΠΛΑΓΧΝΙΚΟΥ ΚΡΑΝΙΟΥ ΧΩΡΙΣ ΣΚΙΑΓΡΑΦΙΚΟ(Α) ΥΛΙΚΟ(Α), ΑΚΟΛΟΥΘΕΙΤΑΙ ΑΠΟ ΣΚΙΑΓΡΑΦΙΚΟ(Α) ΥΛΙΚΟ(Α) ΚΑΙ ΕΠΙΠΛΕΟΝ ΤΟΜΕΣ;;;;;
6674;K502001;ΑΚΤΙΝΟΓΡΑΦΙΑ ΘΩΡΑΚΑ ΚΑΤΑ ΜΕΤΩΠΟ;;;;;
6675;K502011;ΑΚΤΙΝΟΓΡΑΦΙΑ ΘΩΡΑΚΑ ΠΛΑΓΙΑ;;;;;
6676;K502021;ΑΚΤΙΝΟΓΡΑΦΙΑ ΘΩΡΑΚΑ ΚΑΤA ΜΕΤΩΠΟ ΚΑΙ ΠΛΑΓΙΑ;;;;;
6677;K502023;ΑΚΤΙΝΟΓΡΑΦΙΑ ΘΩΡΑΚΑ ΛΟΡΔΩΤΙΚΗ ΠΡΟΒΟΛΗ;;;;;
6678;K502025;ΑΚΤΙΝΟΓΡΑΦΙΑ ΘΩΡΑΚΑ ΛΟΞΗ ΠΡΟΒΟΛΗ;;;;;
6679;K502027;ΑΝΕΝΕΡΓΟΣ;;;;;
6680;K502041;ΑΝΕΝΕΡΓΟΣ;;;;;
6681;K502049;ΑΝΕΝΕΡΓΟΣ;;;;;
6682;K502051;ΑΚΤΙΝΟΓΡΑΦΙΑ ΘΩΡΑΚΑ - ΕΙΔΙΚΗ ΠΡΟΒΟΛΗ;;;;;
6683;K502061;ΑΝΕΝΕΡΓΟΣ;;;;;
6684;K502101;ΑΝΕΝΕΡΓΟΣ;;;;;
6685;K502161;ΕΙΣΑΓΩΓΗ ΒΗΜΑΤΟΔΟΤΗ, ΑΚΤΙΝΟΣΚΟΠΗΣΗ ΚΑΙ ΑΚΤΙΝΟΓΡΑΦΗΣΗ;;;;;
6686;K502181;ΑΚΤΙΝΟΓΡΑΦΙΑ ΠΡΟΣΘΙΟΥ ΑΚΡΟΥ ΠΛΕΥΡΩΝ;;;;;
6687;K502183;ΑΚΤΙΝΟΓΡΑΦΙΑ ΟΠΙΣΘΙΟΥ ΑΚΡΟΥ ΠΛΕΥΡΩΝ;;;;;
6688;K502201;ΑΝΕΝΕΡΓΟΣ;;;;;
6689;K502203;ΑΝΕΝΕΡΓΟΣ;;;;;
6690;K502221;ΑΚΤΙΝΟΓΡΑΦΙΑ ΣΤΕΡΝΟΥ;;;;;
6691;K502241;ΑΚΤΙΝΟΓΡΑΦΙΑ ΣΤΕΡΝΟΚΛΕΙΔΙΚΗΣ ΔΙΑΡΘΡΩΣΗΣ;;;;;
6692;K502481;ΑΞΟΝΙΚΗ ΤΟΜΟΓΡΑΦΙΑ,  ΘΩΡΑΚΟΣ-ΜΕΣΟΘΩΡΑΚΙΟΥ, ΧΩΡΙΣ ΣΚΙΑΓΡΑΦΙΚΟ ΥΛΙΚΟ;;;;;
6693;K502501;ΑΞΟΝΙΚΗ ΤΟΜΟΓΡΑΦΙΑ, ΘΩΡΑΚΟΣ-ΜΕΣΟΘΩΡΑΚΙΟΥ, ΜΕ ΣΚΙΑΓΡΑΦΙΚΟ(Α) ΥΛΙΚΟ(Α);;;;;
6694;K502521;ΑΞΟΝΙΚΗ ΤΟΜΟΓΡΑΦΙΑ,  ΘΩΡΑΚΟΣ-ΜΕΣΟΘΩΡΑΚΙΟΥ, ΧΩΡΙΣ ΣΚΙΑΓΡΑΦΙΚΟ ΥΛΙΚΟ, ΑΚΟΛΟΥΘΕΙΤΑΙ ΑΠΟ ΣΚΙΑΓΡΑΦΙΚΟ(Α) ΥΛΙΚΟ(Α) ΚΑΙ ΕΠΙΠΛΕΟΝ ΤΟΜΕΣ;;;;;
6695;K502531;ΑΞΟΝΙΚΗ ΑΓΓΕΙΟΓΡΑΦΙΑ, ΘΩΡΑΚΙΚΗΣ ΑΟΡΤΗΣ, ΜΕ ΣΚΙΑΓΡΑΦΙΚΟ  ΥΛΙΚΟ(Α), ΣΥΜΠΕΡΙΛΑΜΒΑΝΟΜΕΝΩΝ ΑΝΕΥ ΣΚΙΑΓΡΑΦΙΚΟΥ ΕΙΚΟΝΩΝ, ΕΦΟΣΟΝ ΕΧΟΥΝ ΔΙΕΝΕΡΓΗΘΕΙ, ΚΑΙ ΑΝΑΣΥΝΘΕΣΗ  ΕΙΚΟΝΩΝ;;;;;
6696;K503081;ΜΑΓΝΗΤΙΚΗ ΤΟΜΟΓΡΑΦΙΑ ΘΩΡΑΚΟΣ ΧΩΡΙΣ ΣΚΙΑΓΡΑΦΙΚΟ(Α) ΥΛΙΚΟ(Α);;;;;
6697;K503083;ΜΑΓΝΗΤΙΚΗ ΤΟΜΟΓΡΑΦΙΑ ΘΩΡΑΚΟΣ ΜΕ ΣΚΙΑΓΡΑΦΙΚΟ(Α) ΥΛΙΚΟ(Α);;;;;
6698;K503085;ΜΑΓΝΗΤΙΚΗ ΤΟΜΟΓΡΑΦΙΑ ΘΩΡΑΚΟΣ ΧΩΡΙΣ ΣΚΙΑΓΡΑΦΙΚΟ(Α) ΥΛΙΚΟ(Α), ΑΚΟΛΟΥΘΕΙΤΑΙ ΑΠΟ ΣΚΙΑΓΡΑΦΙΚΟ(Α) ΥΛΙΚΟ(Α) ΚΑΙ ΕΠΙΠΛΕΟΝ ΤΟΜΕΣ;;;;;
6699;K503091;ΜΑΓΝΗΤΙΚΗ ΑΓΓΕΙΟΓΡΑΦΙΑ ΘΩΡΑΚΑ ΧΩΡΙΣ Η ΜΕ ΣΚΙΑΓΡΑΦΙΚΟ;;;;;
6700;K504001;ΑΚΤΙΝΟΓΡΑΦΙΑ, ΣΠΟΝΔΥΛΙΚΗΣ ΣΤΗΛΗΣ (ΠΛΗΡΗΣ), ΟΠΙΣΘΟΠΡΟΣΘΙΑ ΚΑΙ ΠΛΑΓΙΑ ΠΡΟΒΟΛΗ;;;;;
6701;K504021;ΑΚΤΙΝΟΓΡΑΦΙΑ  ΑΥΧΕΝΙΚΗΣ ΜΟΙΡΑΣ ΣΣ ΛΟΞΗ (ΔΥΟ ΠΡΟΒΟΛΕΣ);;;;;
6702;K504061;ΑΚΤΙΝΟΓΡΑΦΙΑ  ΑΥΧΕΝΙΚΗΣ ΜΟΙΡΑΣ ΣΣ ΚΑΤΑ ΜΕΤΩΠΟ ΠΡΟΒΟΛΗ;;;;;
6703;K504081;ΑΚΤΙΝΟΓΡΑΦΙΑ  ΑΥΧΕΝΙΚΗΣ ΜΟΙΡΑΣ ΣΣ ΠΛΑΓΙΑ ΠΡΟΒΟΛΗ;;;;;
6704;K504085;ΑΚΤΙΝΟΓΡΑΦΙΑ ΑΥΧΕΝΙΚΗΣ ΜΟΙΡΑΣ ΣΣ ΣΕ ΚΑΜΨΗ ή ΥΠΕΡΕΚΤΑΣΗ;;;;;
6705;K504119;ΑΚΤΙΝΟΓΡΑΦΙΑ  ΟΣΦΥΙΚΗΣ ΜΟΙΡΑΣ ΣΣ ΛΟΞΗ (ΔΥΟ ΠΡΟΒΟΛΕΣ);;;;;
6706;K504121;ΑΚΤΙΝΟΓΡΑΦΙΑ ΘΩΡΑΚΙΚΗΣ ΜΟΙΡΑΣ ΣΣ ΚΑΤΑ ΜΕΤΩΠΟ ΠΡΟΒΟΛΗ;;;;;
6707;K504125;ΑΚΤΙΝΟΓΡΑΦΙΑ  ΘΩΡΑΚΙΚΗΣ ΜΟΙΡΑΣ ΣΣ ΠΛΑΓΙΑ ΠΡΟΒΟΛΗ;;;;;
6708;K504129;ΑΚΤΙΝΟΓΡΑΦΙΑ  ΘΩΡΑΚΙΚΗΣ ΜΟΙΡΑΣ ΣΣ ΛΟΞΗ (ΔΥΟ ΠΡΟΒΟΛΕΣ);;;;;
6709;K504141;ΑΚΤΙΝΟΓΡΑΦΙΑ ΘΩΡΑΚΟ-ΟΣΦΥΙΚΗΣ ΜΟΙΡΑΣ ΣΣ ΚΑΤΑ ΜΕΤΩΠΟ ΠΡΟΒΟΛΗ;;;;;
6710;K504161;ΑΚΤΙΝΟΛΟΓΙΚΗ ΕΞΕΤΑΣΗ ΣΠΟΝΔΥΛΙΚΗΣ ΣΤΗΛΗΣ ΓΙΑ ΜΕΛΕΤΗ ΣΚΟΛΙΩΣΗΣ;;;;;
6711;K504181;ΑΚΤΙΝΟΓΡΑΦΙΑ  ΟΣΦΥΙΚΗΣ ΜΟΙΡΑΣ ΣΣ ΚΑΤΑ ΜΕΤΩΠΟ ΠΡΟΒΟΛΗ;;;;;
6712;K504201;ΑΚΤΙΝΟΓΡΑΦΙΑ  ΟΣΦΥΙΚΗΣ ΜΟΙΡΑΣ ΣΣ ΠΛΑΓΙΑ ΠΡΟΒΟΛΗ;;;;;
6713;K504209;ΑΚΤΙΝΟΓΡΑΦΙΑ  ΙΕΡΑΣ ΜΟΙΡΑΣ ΣΣ ΚΑΤΑ ΜΕΤΩΠΟ ΠΡΟΒΟΛΗ;;;;;
6714;K504221;ΑΚΤΙΝΟΓΡΑΦΙΑ  ΙΕΡΑΣ ΜΟΙΡΑΣ ΣΣ ΠΛΑΓΙΑ ΠΡΟΒΟΛΗ;;;;;
6715;K504231;ΑΞΟΝΙΚΗ ΤΟΜΟΓΡΑΦΙΑ, ΑΥΧΕΝΙΚΗΣ ΜΟΙΡΑΣ ΣΠΟΝΔΥΛΙΚΗΣ ΣΤΗΛΗΣ, ΧΩΡΙΣ ΣΚΙΑΓΡΑΦΙΚΟ ΥΛΙΚΟ;;;;;
6716;K504233;ΑΞΟΝΙΚΗ ΤΟΜΟΓΡΑΦΙΑ, ΑΥΧΕΝΙΚΗΣ ΜΟΙΡΑΣ ΣΠΟΝΔΥΛΙΚΗΣ ΣΤΗΛΗΣ, ΜΕ ΣΚΙΑΓΡΑΦΙΚΟ ΥΛΙΚΟ;;;;;
6717;K504235;ΑΞΟΝΙΚΗ ΤΟΜΟΓΡΑΦΙΑ, ΑΥΧΕΝΙΚΗΣ ΜΟΙΡΑΣ ΣΠΟΝΔΥΛΙΚΗΣ ΣΤΗΛΗΣ, ΧΩΡΙΣ ΣΚΙΑΓΡΑΦΙΚΟ ΥΛΙΚΟ, ΑΚΟΛΟΥΘΕΙΤΑΙ ΑΠΟ ΣΚΙΑΓΡΑΦΙΚΟ(Α) ΥΛΙΚΟ(Α) ΚΑΙ ΕΠΙΠΛΕΟΝ ΤΟΜΕΣ;;;;;
6718;K504237;ΑΞΟΝΙΚΗ ΤΟΜΟΓΡΑΦΙΑ, ΘΩΡΑΚΙΚΗΣ ΜΟΙΡΑΣ ΣΠΟΝΔΥΛΙΚΗΣ ΣΤΗΛΗΣ, ΧΩΡΙΣ ΣΚΙΑΓΡΑΦΙΚΟ ΥΛΙΚΟ;;;;;
6719;K504239;ΑΞΟΝΙΚΗ ΤΟΜΟΓΡΑΦΙΑ, ΘΩΡΑΚΙΚΗΣ ΜΟΙΡΑΣ ΣΠΟΝΔΥΛΙΚΗΣ ΣΤΗΛΗΣ, ΜΕ ΣΚΙΑΓΡΑΦΙΚΟ ΥΛΙΚΟ;;;;;
6720;K504241;ΑΞΟΝΙΚΗ ΤΟΜΟΓΡΑΦΙΑ,ΘΩΡΑΚΙΚΗΣ ΜΟΙΡΑΣ ΣΠΟΝΔΥΛΙΚΗΣ ΣΤΗΛΗΣ, ΧΩΡΙΣ ΣΚΙΑΓΡΑΦΙΚΟ ΥΛΙΚΟ, ΑΚΟΛΟΥΘΕΙΤΑΙ ΑΠΟ ΣΚΙΑΓΡΑΦΙΚΟ(Α) ΥΛΙΚΟ(Α) ΚΑΙ ΕΠΙΠΛΕΟΝ ΤΟΜΕΣ;;;;;
6721;K504243;ΑΞΟΝΙΚΗ ΤΟΜΟΓΡΑΦΙΑ, ΟΣΦΥΪΚΗΣ ΜΟΙΡΑΣ ΣΠΟΝΔΥΛΙΚΗΣ ΣΤΗΛΗΣ, ΧΩΡΙΣ ΣΚΙΑΓΡΑΦΙΚΟ ΥΛΙΚΟ;;;;;
6722;K504245;ΑΞΟΝΙΚΗ ΤΟΜΟΓΡΑΦΙΑ, ΟΣΦΥΪΚΗΣ ΜΟΙΡΑΣ ΣΠΟΝΔΥΛΙΚΗΣ ΣΤΗΛΗΣ, ΜΕ ΣΚΙΑΓΡΑΦΙΚΟ ΥΛΙΚΟ;;;;;
6723;K504247;ΑΞΟΝΙΚΗ ΤΟΜΟΓΡΑΦΙΑ,ΟΣΦΥΪΚΗΣ ΜΟΙΡΑΣ ΣΠΟΝΔΥΛΙΚΗΣ ΣΤΗΛΗΣ, ΧΩΡΙΣ ΣΚΙΑΓΡΑΦΙΚΟ ΥΛΙΚΟ, ΑΚΟΛΟΥΘΕΙΤΑΙ ΑΠΟ ΣΚΙΑΓΡΑΦΙΚΟ(Α) ΥΛΙΚΟ(Α) ΚΑΙ ΕΠΙΠΛΕΟΝ ΤΟΜΕΣ;;;;;
6724;K504263;ΜΑΓΝΗΤΙΚΗ ΤΟΜΟΓΡΑΦΙΑ ΑΥΧΕΝΙΚΗΣ ΜΟΙΡΑΣ ΣΠΟΝΔΥΛΙΚΗΣ ΣΤΗΛΗΣ, ΧΩΡΙΣ ΣΚΙΑΓΡΑΦΙΚΟ ΥΛΙΚΟ;;;;;
6725;K504265;ΜΑΓΝΗΤΙΚΗ ΤΟΜΟΓΡΑΦΙΑ ΑΥΧΕΝΙΚΗΣ ΜΟΙΡΑΣ ΣΠΟΝΔΥΛΙΚΗΣ ΣΤΗΛΗΣ ΜΕ ΣΚΙΑΓΡΑΦΙΚΟ(Α) ΥΛΙΚΟ(Α);;;;;
6726;K504273;ΜΑΓΝΗΤΙΚΗ ΤΟΜΟΓΡΑΦΙΑ ΘΩΡΑΚΙΚΗΣ ΜΟΙΡΑΣ ΣΠΟΝΔΥΛΙΚΗΣ ΣΤΗΛΗΣ ΧΩΡΙΣ ΣΚΙΑΓΡΑΦΙΚΟ ΥΛΙΚΟ;;;;;
6727;K504275;ΜΑΓΝΗΤΙΚΗ ΤΟΜΟΓΡΑΦΙΑ ΘΩΡΑΚΙΚΗΣ ΜΟΙΡΑΣ ΣΠΟΝΔΥΛΙΚΗΣ ΣΤΗΛΗΣ ΜΕ ΣΚΙΑΓΡΑΦΙΚΟ(Α) ΥΛΙΚΟ(Α);;;;;
6728;K504277;ΜΑΓΝΗΤΙΚΗ ΤΟΜΟΓΡΑΦΙΑ ΟΣΦΥΪΚΗΣ ΜΟΙΡΑΣ ΣΠΟΝΔΥΛΙΚΗΣ ΣΤΗΛΗΣ, ΧΩΡΙΣ ΣΚΙΑΓΡΑΦΙΚΟ ΥΛΙΚΟ;;;;;
6729;K504279;ΜΑΓΝΗΤΙΚΗ ΤΟΜΟΓΡΑΦΙΑ ΟΣΦΥΪΚΗΣ ΜΟΙΡΑΣ ΣΠΟΝΔΥΛΙΚΗΣ ΣΤΗΛΗΣ ΜΕ ΣΚΙΑΓΡΑΦΙΚΟ(Α) ΥΛΙΚΟ(Α);;;;;
6730;K504293;ΜΑΓΝΗΤΙΚΗ ΤΟΜΟΓΡΑΦΙΑ ΑΥΧΕΝΙΚΗΣ ΜΟΙΡΑΣ ΣΠΟΝΔΥΛΙΚΗΣ ΣΤΗΛΗΣ  ΧΩΡΙΣ ΣΚΙΑΓΡΑΦΙΚΟ(Α) ΥΛΙΚΟ(Α), ΑΚΟΛΟΥΘΕΙΤΑΙ ΑΠΟ ΣΚΙΑΓΡΑΦΙΚΟ(Α) ΥΛΙΚΟ(Α) ΚΑΙ ΕΠΙΠΛΕΟΝ ΤΟΜΕΣ;;;;;
6731;K504295;ΜΑΓΝΗΤΙΚΗ ΤΟΜΟΓΡΑΦΙΑ ΘΩΡΑΚΙΚΗΣ ΜΟΙΡΑΣ ΣΠΟΝΔΥΛΙΚΗΣ ΣΤΗΛΗΣ ΧΩΡΙΣ ΣΚΙΑΓΡΑΦΙΚΟ(Α) ΥΛΙΚΟ(Α), ΑΚΟΛΟΥΘΕΙΤΑΙ ΑΠΟ ΣΚΙΑΓΡΑΦΙΚΟ(Α) ΥΛΙΚΟ(Α) ΚΑΙ ΕΠΙΠΛΕΟΝ ΤΟΜΕΣ;;;;;
6732;K504297;ΜΑΓΝΗΤΙΚΗ ΤΟΜΟΓΡΑΦΙΑ ΟΣΦΥΪΚΗΣ ΜΟΙΡΑΣ ΣΠΟΝΔΥΛΙΚΗΣ ΣΤΗΛΗΣ ΧΩΡΙΣ ΣΚΙΑΓΡΑΦΙΚΟ(Α) ΥΛΙΚΟ(Α), ΑΚΟΛΟΥΘΕΙΤΑΙ ΑΠΟ ΣΚΙΑΓΡΑΦΙΚΟ(Α) ΥΛΙΚΟ(Α) ΚΑΙ ΕΠΙΠΛΕΟΝ ΤΟΜΕΣ;;;;;
6733;K504299;ΜΑΓΝΗΤΙΚΗ ΑΓΓΕΙΟΓΡΑΦΙΑ ΝΩΤΙΑΙΟΥ ΣΩΛΗΝΑ & ΠΕΡΙΕΧΟΜΕΝΩΝ ΧΩΡΙΣ Η ΜΕ ΣΚΙΑΓΡΑΦΙΚΟ;;;;;
6734;K504321;ΑΚΤΙΝΟΓΡΑΦΙΑ ΛΕΚΑΝΗΣ - ΙΣΧΙΩΝ;;;;;
6735;K504361;ΑΚΤΙΝΟΓΡΑΦΙΑ ΠΥΕΛΟΥ;;;;;
6736;K504363;ΑΞΟΝΙΚΗ ΑΓΓΕΙΟΓΡΑΦΙΑ, ΠΥΕΛΟΣ, ΜΕ ΣΚΙΑΓΡΑΦΙΚΟ ΥΛΙΚΟ ΣΥΜΠΕΡΙΛΑΜΒΑΝΟΜΕΝΩΝ ΑΝΕΥ ΣΚΙΑΓΡΑΦΙΚΟΥ ΕΙΚΟΝΩΝ, ΕΦΟΣΟΝ ΕΧΟΥΝ ΔΙΕΝΕΡΓΗΘΕΙ, ΚΑΙ ΑΝΑΣΥΝΘΕΣΗ ΕΙΚΟΝΩΝ;;;;;
6737;K504365;ΑΞΟΝΙΚΗ ΤΟΜΟΓΡΑΦΙΑ, ΚΑΤΩ ΚΟΙΛΙΑΣ-ΠΥΕΛΟΥ, ΧΩΡΙΣ ΣΚΙΑΓΡΑΦΙΚΟ ΥΛΙΚΟ;;;;;
6738;K504367;ΑΞΟΝΙΚΗ ΤΟΜΟΓΡΑΦΙΑ, ΚΑΤΩ ΚΟΙΛΙΑΣ-ΠΥΕΛΟΥ, ΜΕ ΣΚΙΑΓΡΑΦΙΚΟ(Α) ΥΛΙΚΟ(Α);;;;;
6739;K504369;ΑΞΟΝΙΚΗ ΤΟΜΟΓΡΑΦΙΑ, ΚΑΤΩ ΚΟΙΛΙΑΣ-ΠΥΕΛΟΥ, ΧΩΡΙΣ ΣΚΙΑΓΡΑΦΙΚΟ ΥΛΙΚΟ, ΑΚΟΛΟΥΘΕΙΤΑΙ ΑΠΟ ΣΚΙΑΓΡΑΦΙΚΟ(Α) ΥΛΙΚΟ(Α) ΚΑΙ ΕΠΙΠΛΕΟΝ ΤΟΜEΣ;;;;;
6740;K504371;ΜΑΓΝΗΤΙΚΗ ΤΟΜΟΓΡΑΦΙΑ ΚΑΤΩ ΚΟΙΛΙΑΣ-ΠΥΕΛΟΥ-ΛΕΚΑΝΗΣ ΧΩΡΙΣ ΣΚΙΑΓΡΑΦΙΚΟ  ΥΛΙΚΟ(Α);;;;;
6741;K504373;ΜΑΓΝΗΤΙΚΗ ΤΟΜΟΓΡΑΦΙΑ ΚΑΤΩ ΚΟΙΛΙΑΣ-ΠΥΕΛΟΥ-ΛΕΚΑΝΗΣ ΜΕ ΣΚΙΑΓΡΑΦΙΚΟ ΥΛΙΚΟ ΥΛΙΚΟ(Α);;;;;
6742;K504375;ΜΑΓΝΗΤΙΚΗ ΤΟΜΟΓΡΑΦΙΑ ΚΑΤΩ ΚΟΙΛΙΑΣ-ΠΥΕΛΟΥ-ΛΕΚΑΝΗΣ ΧΩΡΙΣ ΣΚΙΑΓΡΑΦΙΚΟ  ΥΛΙΚΟ(Α), ΑΚΟΛΟΥΘΕΙΤΑΙ ΑΠΟ ΣΚΙΑΓΡΑΦΙΚΟ(Α) ΥΛΙΚΟ(Α) ΚΑΙ ΕΠΙΠΛΕΟΝ ΤΟΜΕΣ;;;;;
6743;K504377;ΜΑΓΝΗΤΙΚΗ ΑΓΓΕΙΟΓΡΑΦΙΑ ΠΥΕΛΟΥ ΧΩΡΙΣ Η ΜΕ ΣΚΙΑΓΡΑΦΙΚΟ;;;;;
6744;K504381;ΑΚΤΙΝΟΓΡΑΦΙΑ ΙΕΡΟΛΑΓΟΝΙΩΝ ΔΙΑΡΘΡΩΣΕΩΝ (ΚΑΤΑ ΜΕΤΩΠΟ);;;;;
6745;K504385;ΑΚΤΙΝΟΓΡΑΦΙΑ ΙΕΡΟΛΑΓΟΝΙΩΝ ΔΙΑΡΘΡΩΣΕΩΝ (ΛΟΞΗ ΠΡΟΒΟΛΗ Χ2);;;;;
6746;K504421;ΑΝΕΝΕΡΓΟΣ;;;;;
6747;K504461;ΜΥΕΛΟΓΡΑΦΙΑ, ΑΥΧΕΝΙΚΗ ΜΟΙΡΑ, ΑΚΤΙΝΟΛΟΓΙΚΗ ΕΠΙΒΛΕΨΗ ΚΑΙ ΕΡΜΗΝΕΙΑ;;;;;
6748;K504491;ΜΥΕΛΟΓΡΑΦΙΑ, ΘΩΡΑΚΙΚΗ ΜΟΙΡΑ, ΑΚΤΙΝΟΛΟΓΙΚΗ ΕΠΙΒΛΕΨΗ ΚΑΙ ΕΡΜΗΝΕΙΑ;;;;;
6749;K504511;ΜΥΕΛΟΓΡΑΦΙΑ, ΟΣΦΥΟΪΕΡΑ ΜΟΙΡΑ, ΑΚΤΙΝΟΛΟΓΙΚΗ ΕΠΙΒΛΕΨΗ ΚΑΙ ΕΡΜΗΝΕΙΑ;;;;;
6750;K504521;ΜΥΕΛΟΓΡΑΦΙΑ, 2 Η ΠΕΡΙΣΣΟΤΕΡΕΣ ΠΕΡΙΟΧΕΣ (Π.Χ. ΟΣΦΥΪΚΗ/ΘΩΡΑΚΙΚΗ, ΑΥΧΕΝΙΚΗ/ΘΩΡΑΚΙΚΗ,  ΟΣΦΥΪΚΗ/ΑΥΧΕΝΙΚΗ, ΑΣΦΥΪΚΗ/ΘΩΡΑΚΙΚΗ/ΑΥΧΕΝΙΚΗ), ΑΚΤΙΝΟΛΟΓΙΚΗ ΕΠΙΒΛΕΨΗ  ΚΑΙ ΕΡΜΗΝΕΙΑ;;;;;
6751;K504531;ΑΝΕΝΕΡΓΟΣ;;;;;
6752;K504551;ΕΛΕΓΧΟΣ ΕΠΙΣΚΛΗΡΙΔΙΟΥ ΧΩΡΟΥ;;;;;
6753;K504563;ΔΙΑΔΕΡΜΙΚΗ ΣΠΟΝΔΥΛΟΠΛΑΣΤΙΚΗ Η ΣΠΟΝΔΥΛOΠΛΑΣΤΙΚΗ ΜΕ ΕΓΧΥΣΗ ΤΣΙΜΕΝΤΟΥ ΣΥΜΠΕΡΙΛΑΜΒΑΝΟΜΕΝΗΣ ΤΗΣ ΔΗΜΙΟΥΡΓΙΑΣ ;;;;;
6754;K504565;ΑΝΕΝΕΡΓΟΣ;;;;;
6755;K504571;ΔΙΣΚΟΓΡΑΦΙΑ;;;;;
6756;K505981;ΑΚΤΙΝΟΓΡΑΦΙΑ ΚΛΕΙΔΑΣ;;;;;
6757;K506001;ΑΚΤΙΝΟΓΡΑΦΙΑ ΚΑΤ' ΩΜΟΝ ΑΡΘΡΩΣΗΣ;;;;;
6758;K506021;ΑΚΤΙΝΟΓΡΑΦΙΑ ΩΜΟΠΛΑΤΗΣ;;;;;
6759;K506041;ΑΝΕΝΕΡΓΟΣ;;;;;
6760;K506061;ΑΝΕΝΕΡΓΟΣ;;;;;
6761;K506081;ΑΚΤΙΝΟΓΡΑΦΙΑ ΑΚΡΩΜΙΟΚΛΕΙΔΙΚΗΣ ΔΙΑΡΘΡΩΣΗΣ;;;;;
6762;K506101;ΑΚΤΙΝΟΓΡΑΦΙΑ ΒΡΑΧΙΟΝΙΟΥ ΟΣΤΟΥ (2 ΠΡΟΒΟΛΕΣ);;;;;
6763;K506121;ΑΝΕΝΕΡΓΟΣ;;;;;
6764;K506141;ΑΚΤΙΝΟΓΡΑΦΙΑ ΑΓΚΩΝΟΣ (ΚΑΤΑ ΜΕΤΩΠΟ ΚΑΙ ΠΛΑΓΙΑ ΠΡΟΒΟΛΗ);;;;;
6765;K506151;ΑΝΕΝΕΡΓΟΣ;;;;;
6766;K506161;ΑΚΤΙΝΟΓΡΑΦΙΑ ΑΝΤΙΒΡΑΧΙΟΥ (ΚΑΤΑ ΜΕΤΩΠΟ ΚΑΙ ΠΛΑΓΙΑ ΠΡΟΒΟΛΗ);;;;;
6767;K506165;ΑΚΤΙΝΟΓΡΑΦΙΑ ΑΚΡΑΣ ΧΕΙΡΟΣ ΕΛΕΓΧΟΥ ΟΣΤΙΚΗΣ ΗΛΙΚΙΑΣ;;;;;
6768;K506181;ΑΚΤΙΝΟΓΡΑΦΙΑ ΠΗΧΕΟΚΑΡΠΙΚΗΣ ΑΡΘΡΩΣΗΣ (ΚΑΤΑ ΜΕΤΩΠΟ ΚΑΙ ΠΛΑΓΙΑ ΠΡΟΒΟΛΗ);;;;;
6769;K506201;ΑΚΤΙΝΟΓΡΑΦΙΑ ΣΚΑΦΟΕΙΔΟΥΣ ΟΣΤΟΥ;;;;;
6770;K506211;ΑΝΕΝΕΡΓΟΣ;;;;;
6771;K506221;ΑΚΤΙΝΟΓΡΑΦΙΑ ΑΚΡΑΣ ΧΕΙΡΟΣ (ΚΑΤΑ ΜΕΤΩΠΟ, ΠΛΑΓΙΑ, ΛΟΞΗ ΠΡΟΒΟΛΗ);;;;;
6772;K506241;ΑΝΕΝΕΡΓΟΣ;;;;;
6773;K506261;ΑΚΤΙΝΟΓΡΑΦΙΑ ΔΑΚΤΥΛΟΥ ΧΕΙΡΟΣ (ΚΑΤΑ ΜΕΤΩΠΟ ΚΑΙ ΠΛΑΓΙΑ ΠΡΟΒΟΛΗ);;;;;
6774;K506381;ΑΞΟΝΙΚΗ ΤΟΜΟΓΡΑΦΙΑ, ΩΜΟΥ, ΧΩΡΙΣ ΣΚΙΑΓΡΑΦΙΚΟ ΥΛΙΚΟ;;;;;
6775;K506383;ΑΞΟΝΙΚΗ ΤΟΜΟΓΡΑΦΙΑ, ΩΜΟΥ, ΜΕ ΣΚΙΑΓΡΑΦΙΚΟ ΥΛΙΚΟ(Α);;;;;
6776;K506385;ΑΞΟΝΙΚΗ ΤΟΜΟΓΡΑΦΙΑ, ΩΜΟΥ, ΧΩΡΙΣ ΣΚΙΑΓΡΑΦΙΚΟ ΥΛΙΚΟ, ΑΚΟΛΟΥΘΕΙΤΑΙ ΑΠΟ ΣΚΙΑΓΡΑΦΙΚΟ(Α) ΥΛΙΚΟ(Α) ΚΑΙ ΕΠΙΠΛΕΟΝ ΤΟΜΕΣ;;;;;
6777;K506393;ΑΞΟΝΙΚΗ  ΑΓΓΕΙΟΓΡΑΦΙΑ, ΑΝΩ ΑΚΡΟ (ΔΕΞΙΑ Η ΑΡΙΣΤΕΡΑ), ΜΕ ΣΚΙΑΓΡΑΦΙΚΟ  ΥΛΙΚΟ(Α), ΣΥΜΠΕΡΙΛΑΜΒΑΝΟΜΕΝΩΝ ΑΝΕΥ ΣΚΙΑΓΡΑΦΙΚΟΥ ΕΙΚΟΝΩΝ, ΕΦΟΣΟΝ ΕΧΟΥΝ ΔΙΕΝΕΡΓΗΘΕΙ, ΚΑΙ ΑΝΑΣΥΝΘΕΣΗ  ΕΙΚΟΝΩΝ;;;;;
6778;K506417;ΜΑΓΝΗΤΙΚΗ ΤΟΜΟΓΡΑΦΙΑ ΒΡΑΧΙΟΝΑ ΧΩΡΙΣ ΣΚΙΑΓΡΑΦΙΚΟ(Α) ΥΛΙΚΟ(Α);;;;;
6779;K506419;ΜΑΓΝΗΤΙΚΗ ΤΟΜΟΓΡΑΦΙΑ ΒΡΑΧΙΟΝΑ ΜΕ ΣΚΙΑΓΡΑΦΙΚΟ(Α) ΥΛΙΚΟ(Α);;;;;
6780;K506421;ΜΑΓΝΗΤΙΚΗ ΤΟΜΟΓΡΑΦΙΑ ΒΡΑΧΙΟΝΑ ΧΩΡΙΣ ΣΚΙΑΓΡΑΦΙΚΟ(Α) ΥΛΙΚΟ(Α), ΑΚΟΛΟΥΘΕΙΤΑΙ ΑΠΟ ΣΚΙΑΓΡΑΦΙΚΟ(Α) ΥΛΙΚΟ(Α) ΚΑΙ ΕΠΙΠΛΕΟΝ ΤΟΜΕΣ;;;;;
6781;K506423;ΜΑΓΝΗΤΙΚΗ ΤΟΜΟΓΡΑΦΙΑ ΩΜΟΥ ΧΩΡΙΣ ΣΚΙΑΓΡΑΦΙΚΟ(Α) ΥΛΙΚΟ(Α);;;;;
6782;K506425;ΜΑΓΝΗΤΙΚΗ ΤΟΜΟΓΡΑΦΙΑ ΩΜΟΥ ΜΕ ΣΚΙΑΓΡΑΦΙΚΟ(Α) ΥΛΙΚΟ(Α);;;;;
6783;K506427;ΜΑΓΝΗΤΙΚΗ ΤΟΜΟΓΡΑΦΙΑ ΩΜΟΥ ΧΩΡΙΣ ΣΚΙΑΓΡΑΦΙΚΟ(Α) ΥΛΙΚΟ(Α), ΑΚΟΛΟΥΘΕΙΤΑΙ ΑΠΟ ΣΚΙΑΓΡΑΦΙΚΟ(Α) ΥΛΙΚΟ(Α) ΚΑΙ ΕΠΙΠΛΕΟΝ ΤΟΜΕΣ;;;;;
6784;K506431;ΜΑΓΝΗΤΙΚΗ ΑΓΓΕΙΟΓΡΑΦΙΑ ΆΝΩ ΑΚΡΟΥ ΧΩΡΙΣ Η ΜΕ ΣΚΙΑΓΡΑΦΙΚΟ;;;;;
6785;K506981;ΑΚΤΙΝΟΓΡΑΦΙΑ ΚΑΤ΄ ΙΣΧΙΟΝ ΑΡΘΡΩΣΗΣ ΚΑΤΑ ΜΕΤΩΠΟ ΠΡΟΒΟΛΗ;;;;;
6786;K507001;ΑΚΤΙΝΟΓΡΑΦΙΑ ΚΑΤ' ΙΣΧΙΟΝ ΑΡΘΡΩΣΗΣ ΛΟΞΗ ΠΡΟΒΟΛΗ;;;;;
6787;K507021;ΑΝΕΝΕΡΓΟΣ;;;;;
6788;K507031;ΑΡΘΡΟΓΡΑΦΙΑ ΚΑΤ΄ ΙΣΧΙΟΝ ΑΡΘΡΩΣΗΣ;;;;;
6789;K507041;ΑΝΕΝΕΡΓΟΣ;;;;;
6790;K507061;ΑΝΕΝΕΡΓΟΣ;;;;;
6791;K507065;ΑΡΘΡΟΓΡΑΦΙΑ ΙΕΡΟΛΑΓΟΝΙΑΣ ΑΡΘΡΩΣΗΣ;;;;;
6792;K507081;ΑΚΤΙΝΟΓΡΑΦΙΑ ΜΗΡΙΑΙΟΥ ΟΣΤΟΥ;;;;;
6793;K507101;ΑΚΤΙΝΟΓΡΑΦΙΑ ΓΟΝΑΤΟΣ;;;;;
6794;K507105;ΑΝΕΝΕΡΓΟΣ;;;;;
6795;K507109; ΑΚΤΙΝΟΓΡΑΦΙΑ ΓΟΝΑΤΟΣ ΕΙΔΙΚΗ ΠΡΟΒΟΛΗ;;;;;
6796;K507111;ΑΚΤΙΝΟΓΡΑΦΙΑ ΓΟΝΑΤΩΝ ΣΕ ΟΡΘΙΑ ΘΕΣΗ;;;;;
6797;K507141;ΑΝΕΝΕΡΓΟΣ;;;;;
6798;K507161;ΑΚΤΙΝΟΓΡΑΦΙΑ ΚΝΗΜΗΣ - ΠΕΡΟΝΗΣ;;;;;
6799;K507165;ΑΝΕΝΕΡΓΟΣ;;;;;
6800;K507181;ΑΚΤΙΝΟΓΡΑΦΙΑ ΠΟΔΟΚΝΗΜΙΚΗΣ ΑΡΘΡΩΣΗΣ;;;;;
6801;K507201;ΑΝΕΝΕΡΓΟΣ;;;;;
6802;K507211;ΑΝΕΝΕΡΓΟΣ;;;;;
6803;K507221;ΑΚΤΙΝΟΓΡΑΦΙΑ ΑΚΡΟΥ ΠΟΔΟΣ;;;;;
6804;K507241;ΑΝΕΝΕΡΓΟΣ;;;;;
6805;K507281;ΑΚΤΙΝΟΓΡΑΦΙΑ ΠΤΕΡΝΗΣ;;;;;
6806;K507301;ΑΚΤΙΝΟΓΡΑΦΙΑ ΔΑΚΤΥΛΟΥ ΠΟΔΟΣ;;;;;
6807;K507381;ΑΞΟΝΙΚΗ ΤΟΜΟΓΡΑΦΙΑ, ΛΕΚΑΝΗΣ, ΧΩΡΙΣ ΣΚΙΑΓΡΑΦΙΚΟ ΥΛΙΚΟ;;;;;
6808;K507383;ΑΞΟΝΙΚΗ ΤΟΜΟΓΡΑΦΙΑ, ΛΕΚΑΝΗΣ, ΜΕ ΣΚΙΑΓΡΑΦΙΚΟ(Α) ΥΛΙΚΟ(Α);;;;;
6809;K507385;ΑΞΟΝΙΚΗ ΤΟΜΟΓΡΑΦΙΑ, ΛΕΚΑΝΗΣ, ΧΩΡΙΣ ΣΚΙΑΓΡΑΦΙΚΟ ΥΛΙΚΟ ΑΚΟΛΟΥΘΕΙΤΑΙ ΑΠΟ ΣΚΙΑΓΡΑΦΙΚΟ(Α) ΥΛΙΚΟ(Α) ΚΑΙ ΕΠΙΠΛΕΟΝ ΤΟΜΕΣ;;;;;
6810;K507393;ΑΞΟΝΙΚΗ ΑΓΓΕΙΟΓΡΑΦΙΑ ΛΑΓΟΝΙΩΝ ΚΑΙ ΜΗΡΙΑΙΩΝ, ΜΕ ΣΚΙΑΓΡΑΦΙΚΟ  ΥΛΙΚΟ(Α), ΣΥΜΠΕΡΙΛΑΜΒΑΝΟΜΕΝΩΝ ΑΝΕΥ ΣΚΙΑΓΡΑΦΙΚΟΥ ΕΙΚΟΝΩΝ, ΕΦΟΣΟΝ ΕΧΟΥΝ ΔΙΕΝΕΡΓΗΘΕΙ, ΚΑΙ ΕΠΕΞΕΡΓΑΣΙΑ  ΕΙΚΟΝΩΝ;;;;;
6811;K507417;ΜΑΓΝΗΤΙΚΗ ΤΟΜΟΓΡΑΦΙΑ ΜΗΡΟΥ ΧΩΡΙΣ ΣΚΙΑΓΡΑΦΙΚΟ(Α) ΥΛΙΚΟ(Α);;;;;
6812;K507419;ΜΑΓΝΗΤΙΚΗ ΤΟΜΟΓΡΑΦΙΑ ΜΗΡΟΥ ΜΕ ΣΚΙΑΓΡΑΦΙΚΟ ΥΛΙΚΟ(Α);;;;;
6813;K507421;ΜΑΓΝΗΤΙΚΗ ΤΟΜΟΓΡΑΦΙΑ ΜΗΡΟΥ ΧΩΡΙΣ ΣΚΙΑΓΡΑΦΙΚΟ(Α) ΥΛΙΚΟ(Α), ΑΚΟΛΟΥΘΕΙΤΑΙ ΑΠΟ ΣΚΙΑΓΡΑΦΙΚΟ ΥΛΙΚΟ(Α) ΚΑΙ ΕΠΙΠΛΕΟΝ ΤΟΜΕΣ;;;;;
6814;K507423;ΜΑΓΝΗΤΙΚΗ ΤΟΜΟΓΡΑΦΙΑ ΙΣΧΙΟΥ ΔΕΞΙΟΥ Ή ΑΡΙΣΤΕΡΟΥ ΧΩΡΙΣ ΣΚΙΑΓΡΑΦΙΚΟ ΥΛΙΚΟ;;;;;
6815;K507425;ΜΑΓΝΗΤΙΚΗ ΤΟΜΟΓΡΑΦΙΑ ΙΣΧΙΟΥ ΔΕΞΙΟΥ Ή ΑΡΙΣΤΕΡΟΥ ΜΕ ΣΚΙΑΓΡΑΦΙΚΟ(Α) ΥΛΙΚΟ(Α);;;;;
6816;K507427;ΜΑΓΝΗΤΙΚΗ ΤΟΜΟΓΡΑΦΙΑ ΙΣΧΙΟΥ ΔΕΞΙΟΥ Ή ΑΡΙΣΤΕΡΟΥ ΧΩΡΙΣ ΣΚΙΑΓΡΑΦΙΚΟ(Α) ΥΛΙΚΟ(Α), ΑΚΟΛΟΥΘΕΙΤΑΙ ΑΠΟ ΣΚΙΑΓΡΑΦΙΚΟ(Α) ΥΛΙΚΟ(Α) ΚΑΙ ΕΠΙΠΛΕΟΝ ΤΟΜΕΣ;;;;;
6817;K507431;ΜΑΓΝΗΤΙΚΗ ΑΓΓΕΙΟΓΡΑΦΙΑ ΚΑΤΩ ΑΚΡΟΥ ΧΩΡΙΣ Η  ΜΕ ΣΚΙΑΓΡΑΦΙΚΟ;;;;;
6818;K507981;ΑΚΤΙΝΟΓΡΑΦΙΑ ΚΟΙΛΙΑΣ ΣΕ ΥΠΤΙΑ ΘΕΣΗ;;;;;
6819;K508001;ΑΚΤΙΝΟΓΡΑΦΙΑ ΚΟΙΛΙΑΣ ΜΕ ΟΡΙΖΟΝΤΙΑ ΔΕΣΜΗ ΑΚΤΙΝΟΒΟΛΙΑΣ;;;;;
6820;K508021;ΑΝΕΝΕΡΓΟΣ;;;;;
6821;K508025;ΑΝΕΝΕΡΓΟΣ;;;;;
6822;K508281;ΑΞΟΝΙΚΗ ΤΟΜΟΓΡΑΦΙΑ, ΑΝΩ ΚΟΙΛΙΑΣ, ΧΩΡΙΣ ΣΚΙΑΓΡΑΦΙΚΟ ΥΛΙΚΟ;;;;;
6823;K508301;ΑΞΟΝΙΚΗ ΤΟΜΟΓΡΑΦΙΑ, ΑΝΩ ΚΟΙΛΙΑΣ, ΜΕ ΣΚΙΑΓΡΑΦΙΚΟ(Α) ΥΛΙΚΟ(Α);;;;;
6824;K508321;ΑΞΟΝΙΚΗ ΤΟΜΟΓΡΑΦΙΑ, ΑΝΩ ΚΟΙΛΙΑΣ, ΧΩΡΙΣ ΣΚΙΑΓΡΑΦΙΚΟ ΥΛΙΚΟ, ΑΚΟΛΟΥΘΕΙΤΑΙ ΑΠΟ ΣΚΙΑΓΡΑΦΙΚΟ(Α) ΥΛΙΚΟ(Α) ΚΑΙ ΕΠΙΠΛΕΟΝ ΤΟΜΕΣ;;;;;
6825;K508331;ΑΞΟΝΙΚΗ ΑΓΓΕΙΟΓΡΑΦΙΑ, ΚΟΙΛΙΑ, ΜΕ ΣΚΙΑΓΡΑΦΙΚΟ ΥΛΙΚΟ(Α), ΣΥΜΠΕΡΙΛΑΜΒΑΝΟΜΕΝΩΝ ΑΝΕΥ ΣΚΙΑΓΡΑΦΙΚΟΥ ΕΙΚΟΝΩΝ, ΕΦΟΣΟΝ ΕΧΟΥΝ ΔΙΕΝΕΡΓΗΘΕΙ, ΚΑΙ ΑΝΑΣΥΝΘΕΣΗ ΕΙΚΟΝΩΝ;;;;;
6826;K508343;ΜΑΓΝΗΤΙΚΗ ΤΟΜΟΓΡΑΦΙΑ ΑΝΩ ΚΟΙΛΙΑΣ ΧΩΡΙΣ ΣΚΙΑΓΡΑΦΙΚΟ ΥΛΙΚΟ(Α);;;;;
6827;K508345;ΜΑΓΝΗΤΙΚΗ ΤΟΜΟΓΡΑΦΙΑ ΑΝΩ ΚΟΙΛΙΑΣ ΜΕ ΣΚΙΑΓΡΑΦΙΚΟ  ΥΛΙΚΟ(Α);;;;;
6828;K508347;ΜΑΓΝΗΤΙΚΗ ΤΟΜΟΓΡΑΦΙΑ ΑΝΩ ΚΟΙΛΙΑΣ ΧΩΡΙΣ ΣΚΙΑΓΡΑΦΙΚΟ  ΥΛΙΚΟ(Α), ΑΚΟΛΟΥΘΕΙΤΑΙ ΑΠΟ ΣΚΙΑΓΡΑΦΙΚΟ(Α) ΥΛΙΚΟ(Α) ΚΑΙ ΕΠΙΠΛΕΟΝ ΑΚΟΛΟΥΘΙΕΣ;;;;;
6829;K508351;ΜΑΓΝΗΤΙΚΗ ΑΓΓΕΙΟΓΡΑΦΙΑ ΚΟΙΛΙΑΣ ΧΩΡΙΣ Η ΜΕ ΣΚΙΑΓΡΑΦΙΚΟ;;;;;
6830;K508361;ΑΝΕΝΕΡΓΟΣ;;;;;
6831;K508401;ΑΝΕΝΕΡΓΟΣ;;;;;
6832;K508421;ΑΚΤΙΝΟΣΚΟΠΙΚΟΣ ΕΛΕΓΧΟΣ ΟΙΣΟΦΑΓΟΥ;;;;;
6833;K508441;ΑΚΤΙΝΟΣΚΟΠΙΚΟΣ ΕΛΕΓΧΟΣ ΚΑΤΑΠΟΣΗΣ;;;;;
6834;K508451;ΑΦΑΙΡΕΣΗ ΞΕΝΟΥ ΣΩΜΑΤΟΣ(ΩΝ), ΟΙΣΟΦΑΓΙΚΗ, ΜΕ ΧΡΗΣΗ ΚΑΘΕΤΗΡΑ ΜΠΑΛΛΟΝΑΚΙ ΑΚΤΙΝΟΛΟΓΙΚΗ ΕΠΙΒΛΕΨΗ ΚΑΙ ΕΡΜΗΝΕΙΑ;;;;;
6835;K508461;ΑΚΤΙΝΟΣΚΟΠΙΚΟΣ ΕΛΕΓΧΟΣ ΟΙΣΟΦΑΓΟΥ- ΣΤΟΜΑΧΟΥ -ΔΩΔΕΚΑΔΑΚΤΥΛΟΥ;;;;;
6836;K508463;ΑΝΕΝΕΡΓΟΣ;;;;;
6837;K508471;ΑΚΤΙΝΟΣΚΟΠΙΚΟΣ ΕΛΕΓΧΟΣ ΛΕΠΤΟΥ ΕΝΤΕΡΟΥ ΜΕ ΔΙΑΒΑΣΗ (PER OS) ΒΑΡΙΟΥ;;;;;
6838;K508473;ΕΝΤΕΡΟΚΛΥΣΗ;;;;;
6839;K508475;ΑΝΕΝΕΡΓΟΣ;;;;;
6840;K508479;ΑΝΕΝΕΡΓΟΣ;;;;;
6841;K508481;ΑΝΕΝΕΡΓΟΣ;;;;;
6842;K508483;ΑΝΕΝΕΡΓΟΣ;;;;;
6843;K508501;ΑΝΕΝΕΡΓΟΣ;;;;;
6844;K508521;ΑΝΕΝΕΡΓΟΣ;;;;;
6845;K508541;ΑΚΤΙΝΟΣΚΟΠΙΚΟΣ ΕΛΕΓΧΟΣ ΠΑΧΕΟΣ ΕΝΤΕΡΟΥ;;;;;
6846;K508547;ΘΕΡΑΠΕΥΤΙΚΟ ΚΛΥΣΜΑ, ΣΚΙΑΓΡΑΦΙΚΟ Ή ΑΕΡΑΣ, ΓΙΑ ΑΡΣΗ ΕΓΚΟΛΕΑΣΜΟΥ Ή ΑΛΛΗΣ ΕΝΔΟΑΥΛΙΚΗΣ ΑΠΟΦΡΑΞΗΣ (Π.Χ. ΕΙΛΕΟΣ ΕΚ ΜΗΚΩΝΙΟΥ);;;;;
6847;K508561;ΑΝΕΝΕΡΓΟΣ;;;;;
6848;K508563;ΑΝΕΝΕΡΓΟΣ;;;;;
Γ.2;ΕΠΕΜΒΑΤΙΚΗ ΑΚΤΙΝΟΛΟΓΙΑ ΓΑΣΤΡΕΝΤΕΡΙΚΟΥ;;;;;;
6849;K508581;ΧΟΛΑΓΓΕΙΟΓΡΑΦΙΑ ΚΑΙ/Ή ΠΑΓΚΡΕΑΤΟΓΡΑΦΙΑ, ΕΝΔΟΕΓΧΕΙΡΗΤΙΚΗ, ΑΚΤΙΝΟΛΟΓΙΚΗ ΕΠΙΒΛΕΨΗ ΚΑΙ ΕΡΜΗΝΕΙΑ;;;;;
6850;K508583;ΧΟΛΑΓΓΕΙΟΓΡΑΦΙΑ ΚΑΙ/Ή ΠΑΓΚΡΕΑΤΟΓΡΑΦΙΑ, ΕΠΙΠΡΟΣΘΕΤΗ ΣΕΙΡΑ ΕΝΔΟΕΓΧΕΙΡΗΤΙΚΗ,  ΑΚΤΙΝΟΛΟΓΙΚΗ ΕΠΙΒΛΕΨΗ ΚΑΙ ΕΡΜΗΝΕΙΑ (ΚΑΤΑΓΡΑΦΕΤΑΙ ΧΩΡΙΣΤΑ ΩΣ ΠΡΟΣΘΗΚΗ ΣΤΟΝ ΚΩΔΙΚΟ ΤΗΣ ΠΡΩΤΟΓΕΝΟΥΣ ΔΙΑΔΙΚΑΣΙΑΣ);;;;;
6851;K508591;ΧΟΛΑΓΓΕΙΟΓΡΑΦΙΑ ΚΑΙ/Ή ΠΑΓΚΡΕΑΤΟΓΡΑΦΙΑ, ΜΕΣΩ ΥΠΑΡΧΟΝΤΟΣ ΚΑΘΕΤΗΡΑ, ΑΚΤΙΝΟΛΟΓΙΚΗ ΕΠΙΒΛΕΨΗ ΚΑΙ ΕΡΜΗΝΕΙΑ;;;;;
6852;K508621;ΧΟΛΑΓΓΕΙΟΓΡΑΦΙΑ, ΔΙΑΔΕΡΜΙΚΗ, ΔΙΗΠΑΤΙΚΗ, ΑΚΤΙΝΟΛΟΓΙΚΗ ΕΠΙΒΛΕΨΗ ΚΑΙ ΕΡΜΗΝΕΙΑ;;;;;
6853;K508635;ΜΕΤεΓΧΕΙΡΗΤΙΚΗ ΑΦΑΙΡΕΣΗ ΛΙΘΟΥ ΤΟΥ ΧΟΛΗΦΟΡΟΥ ΠΟΡΟΥ, ΔΙΑΔΕΡΜΙΚΗ ΜΕΣΩ ΤΟΥ Τ-ΣΩΛΗΝΑ ΔΟΧΕΙΟ, Ή ΒΡΟΓΧΟΣ (Π.Χ. ΤΕΧΝΙΚΗ BURHENNE), ΑΚΤΙΝΟΛΟΓΙΚΗ ΕΠΙΒΛΕΨΗ ΚΑΙ ΕΡΜΗΝΕΙΑ;;;;;
6854;K508637;ΕΝΔΟΣΚΟΠΙΚΟΣ ΚΑΘΕΤΗΡΙΑΣΜΟΣ ΤΟΥ ΣΥΣΤΗΜΑΤΟΣ ΤΩΝ ΧΟΛΗΦΟΡΩΝ ΠΟΡΩΝ, ΑΚΤΙΝΟΛΟΓΙΚΗ ΕΠΙΒΛΕΨΗ ΚΑΙ ΕΡΜΗΝΕΙΑ;;;;;
6855;K508639;ΕΝΔΟΣΚΟΠΙΚΟΣ ΚΑΘΕΤΗΡΙΑΣΜΟΣ ΤΟΥ ΣΥΣΤΗΜΑΤΟΣ ΤΩΝ ΠΑΓΚΡΕΑΤΙΚΩΝ ΠΟΡΩΝ, ΑΚΤΙΝΟΛΟΓΙΚΗ ΕΠΙΒΛΕΨΗ ΚΑΙ ΕΡΜΗΝΕΙΑ;;;;;
6856;K508641;ΣΥΝΔΥΑΣΜΟΣ ΕΝΔΟΣΚΟΠΙΚΟΥ ΚΑΘΕΤΗΡΙΑΣΜΟΥ ΤΩΝ ΣΥΣΤΗΜΑΤΩΝ ΤΩΝ ΧΟΛΗΦΟΡΩΝ ΚΑΙ ΠΑΓΚΡΕΑΤΙΚΩΝ ΠΟΡΩΝ, ΑΚΤΙΝΟΛΟΓΙΚΗ ΕΠΙΒΛΕΨΗ ΚΑΙ ΕΡΜΗΝΕΙΑ;;;;;
6857;K508661;ΕΙΣΑΓΩΓΗ ΜΑΚΡΟΥ ΓΑΣΤΡΟΕΝΤΕΡΙΚΟΥ ΣΩΛΗΝΑ (Π.Χ. MILLER-ABBOTT), ΠΕΡΙΛΑΜΒΑΝΕΙ ΠΟΛΛΑΠΛΕΣ ΦΘΟΡΙΟΣΚΟΠΙΕΣ ΚΑΙ ΦΙΛΜ, ΑΚΤΙΝΟΛΟΓΙΚΗ ΕΠΙΒΛΕΨΗ ΚΑΙ ΕΡΜΗΝΕΙΑ;;;;;
6858;K508691;ΔΙΑΔΕΡΜΙΚΗ ΤΟΠΟΘΕΤΗΣΗ ΣΩΛΗΝΑ ΕΝΤΕΡΟΚΛΥΣΗΣ, ΑΚΤΙΝΟΛΟΓΙΚΗ ΕΠΙΒΛΕΨΗ ΚΑΙ ΕΡΜΗΝΕΙΑ;;;;;
6859;K508701;ΕΝΔΟΑΥΛΙΚΗ ΔΙΑΣΤΟΛΗ ΣΤΕΝΩΣΕΩΝ ΚΑΙ/Ή ΑΠΟΦΡΑΞΕΩΝ (Π.Χ. ΟΙΣΟΦΑΓΟΣ), ΑΚΤΙΝΟΛΟΓΙΚΗ ΕΠΙΒΛΕΨΗ ΚΑΙ ΕΡΜΗΝΕΙΑ;;;;;
6860;K508707;ΔΙΑΔΕΡΜΙΚΗ ΔΙΗΠΑΤΙΚΗ ΔΙΑΣΤΟΛΗ ΣΤΕΝΩΣΗΣ ΤΟΥ ΧΟΛΗΦΟΡΟΥ ΠΟΡΟΥ ΜΕ Ή  ΧΩΡΙΣ ΤΟΠΟΘΕΤΗΣΗ ΣΤΕΝΤ, ΑΚΤΙΝΟΛΟΓΙΚΗ ΕΠΙΒΛΕΨΗ ΚΑΙ ΕΡΜΗΝΕΙΑ;;;;;
Γ.3;ΔΙΑΦΟΡΕΣ ΔΙΑΔΙΚΑΣΙΕΣ. ΑΓΓΕΙΟΓΡΑΦΙΕΣ ΚΑΙ ΑΚΤΙΝΟΛΟΓΙΚΕΣ ΕΠΕΜΒΑΣΕΙΣ ΑΓΓΕΙΩΝ;;;;;;
6861;K508781;ΕΝΔΟΦΛΕΒΙΟΣ ΟΥΡΟΓΡΑΦΙΑ;;;;;
6862;K508801;ΑΝΕΝΕΡΓΟΣ;;;;;
6863;K508811;ΑΝΕΝΕΡΓΟΣ;;;;;
6864;K508821;ΑΝΙΟΥΣΑ ΟΥΡΟΓΡΑΦΙΑ;;;;;
6865;K508831;ΑΝΕΝΕΡΓΟΣ;;;;;
6866;K508841;ΕΝΔΟΦΛΕΒΙΟΣ ΚΥΣΤΕΟΓΡΑΦΙΑ;;;;;
6867;K508861;ΑΝΕΝΕΡΓΟΣ;;;;;
6868;K508871;ΑΝΕΝΕΡΓΟΣ;;;;;
6869;K508881;ΟΥΡΗΘΡΟΓΡΑΦΙΑ;;;;;
6870;K508891;ΑΝΕΝΕΡΓΟΣ;;;;;
6871;K508921;ΑΝΕΝΕΡΓΟΣ;;;;;
6872;K508931;ΕΙΣΑΓΩΓΗ ΕΝΔΟΚΑΘΕΤΗΡΑ Ή ΚΑΘΕΤΗΡΑ ΣΤΗ ΝΕΦΡΙΚΗ ΠΥΕΛΟ ΓΙΑ ΠΑΡΟΧΕΤΕΥΣΗ ΚΑΙ/Ή ΕΝΕΣΗ, ΔΙΑΔΕΡΜΙΚΗ, ΑΚΤΙΝΟΛΟΓΙΚΗ ΕΠΙΒΛΕΨΗ ΚΑΙ ΕΡΜΗΝΕΙΑ;;;;;
6873;K508941;ΕΙΣΑΓΩΓΗ ΟΥΡΗΤΗΡΙΚΟΥ ΚΑΘΕΤΗΡΑ Ή ΣΤΕΝΤ ΜΕΣΩ ΝΕΦΡΙΚΗΣ ΠΥΕΛΟΥ ΓΙΑ ΠΑΡΟΧΕΤΕΥΣΗ ΚΑΙ/Ή ΕΝΕΣΗ, ΔΙΑΔΕΡΜΙΚΗ, ΑΚΤΙΝΟΛΟΓΙΚΗ ΕΠΙΒΛΕΨΗ ΚΑΙ ΕΡΜΗΝΕΙΑ;;;;;
6874;K508951;ΔΙΑΣΤΟΛΗ ΝΕΦΡΟΣΤΟΜΙΑΣ, ΟΥΡΗΤΗΡΩΝ, Ή ΟΥΡΗΘΡΑΣ, ΑΚΤΙΝΟΛΟΓΙΚΗ ΕΠΙΒΛΕΨΗ ΚΑΙ ΕΡΜΗΝΕΙΑ;;;;;
6875;K509401;ΠΥΕΛΟΜΕΤΡΗΣΗ, ΜΕ Ή ΧΩΡΙΣ ΕΝΤΟΠΙΣΜΟ ΠΛΑΚΟΥΝΤΑ;;;;;
6876;K509461;ΥΣΤΕΡΟΣΑΛΠΙΓΓΟΓΡΑΦΙΑ;;;;;
6877;K509465;ΚΑΘΕΤΗΡΙΑΣΜΟΣ ΣΑΛΠΙΓΓΩΝ;;;;;
6878;K509531;ΑΝΕΝΕΡΓΟΣ;;;;;
6879;K511095;ΜΑΓΝΗΤΙΚΗ ΤΟΜΟΓΡΑΦΙΑ ΚΑΡΔΙΑΣ ΣΕ ΗΡΕΜΙΑ;;;;;
6880;K511097;ΑΝΕΝΕΡΓΟΣ;;;;;
6881;K511099;ΑΝΕΝΕΡΓΟΣ;;;;;
6882;K511101;ΑΝΕΝΕΡΓΟΣ;;;;;
6883;K511103;ΑΝΕΝΕΡΓΟΣ;;;;;
6884;K511105;ΑΝΕΝΕΡΓΟΣ;;;;;
6885;K511107;ΑΝΕΝΕΡΓΟΣ;;;;;
6886;K511109;ΑΝΕΝΕΡΓΟΣ;;;;;
6887;K511181;ΑΟΡΤΟΓΡΑΦΙΑ, ΘΩΡΑΚΙΚΗ, ΧΩΡΙΣ ΣΕΙΡΙΟΓΡΑΦΙΑ, ΑΚΤΙΝΟΛΟΓΙΚΗ ΕΠΙΒΛΕΨΗ ΚΑΙ ΕΡΜΗΝΕΙΑ;;;;;
6888;K511191;ΑΟΡΤΟΓΡΑΦΙΑ, ΘΩΡΑΚΙΚΗ, ΜΕ ΣΕΙΡΙΟΓΡΑΦΙΑ, ΑΚΤΙΝΟΛΟΓΙΚΗ ΕΠΙΒΛΕΨΗ ΚΑΙ ΕΡΜΗΝΕΙΑ;;;;;
6889;K511231;ΑΟΡΤΟΓΡΑΦΙΑ, ΚΟΙΛΙΑΚΗ, ΜΕ ΣΕΙΡΙΟΓΡΑΦΙΑ, ΑΚΤΙΝΟΛΟΓΙΚΗ ΕΠΙΒΛΕΨΗ ΚΑΙ ΕΡΜΗΝΕΙΑ;;;;;
6890;K511241;ΑΟΡΤΟΓΡΑΦΙΑ, ΚΟΙΛΙΑΚΗ ΣΥΝ ΑΜΦΟΤΕΡΟΠΛΕΥΡΗ ΛΑΓΟΝΟΜΗΡΙΑΙΑ ΚΑΤΩ ΑΚΡΟΥ, ΚΑΘΕΤΗΡΑΣ, ΜΕ ΣΕΙΡΙΟΓΡΑΦΙΑ, ΑΚΤΙΝΟΛΟΓΙΚΗ ΕΠΙΒΛΕΨΗ ΚΑΙ ΕΡΜΗΝΕΙΑ;;;;;
6891;K511251;ΑΞΟΝΙΚΗ  ΑΓΓΕΙΟΓΡΑΦΙΑ, ΚΟΙΛΙΑΚΗΣ ΑΟΡΤΗΣ, ΜΕ ΣΚΙΑΓΡΑΦΙΚΟ ΥΛΙΚΟ(Α) ΣΥΜΠΕΡΙΛΑΜΒΑΝΟΜΕΝΩΝ ΑΝΕΥ ΣΚΙΑΓΡΑΦΙΚΟΥ ΕΙΚΟΝΩΝ, ΕΦΟΣΟΝ ΕΧΟΥΝ ΔΙΕΝΕΡΓΗΘΕΙ, ΚΑΙ ΑΝΑΣΥΝΘΕΣΗ  ΕΙΚΟΝΩΝ;;;;;
6892;K511281;ΑΓΓΕΙΟΓΡΑΦΙΑ, ΤΡΑΧΗΛΟΥ, ΕΓΚΕΦΑΛΟΥΗ, ΚΑΘΕΤΗΡΑΣ, ΠΕΡΙΛΑΜΒΑΝΕΙ ΤΗΝ ΕΚΦΥΣΗ ΤΟΥ ΑΓΓΕΙΟΥ ΑΚΤΙΝΟΛΟΓΙΚΗ ΕΠΙΒΛΕΨΗ ΚΑΙ ΕΡΜΗΝΕΙΑ;;;;;
6893;K511297;ΑΓΓΕΙΟΓΡΑΦΙΑ, ΒΡΑΧΙΟΝΙΑ, ΠΑΛΙΝΔΡΟΜΗ, ΑΚΤΙΝΟΛΟΓΙΚΗ ΕΠΙΒΛΕΨΗ ΚΑΙ ΕΡΜΗΝΕΙΑ;;;;;
6894;K511301;ΑΓΓΕΙΟΓΡΑΦΙΑ, ΕΞΩΤΕΡΙΚΗ ΚΑΡΩΤΙΔΑ, ΕΤΕΡΟΠΛΕΥΡΗ, ΕΚΛΕΚΤΙΚΗ, ΑΚΤΙΝΟΛΟΓΙΚΗ ΕΠΙΒΛΕΨΗ ΚΑΙ ΕΡΜΗΝΕΙΑ;;;;;
6895;K511305;ΑΓΓΕΙΟΓΡΑΦΙΑ, ΕΞΩ ΚΑΡΩΤΙΔΑ, ΑΜΦΟΤΕΡΟΠΛΕΥΡΗ, ΕΚΛΕΚΤΙΚΗ, ΑΚΤΙΝΟΛΟΓΙΚΗ ΕΠΙΒΛΕΨΗ ΚΑΙ ΕΡΜΗΝΕΙΑ;;;;;
6896;K511311;ΑΓΓΕΙΟΓΡΑΦΙΑ, ΚΑΡΩΤΙΔΑ, ΕΓΚΕΦΑΛΟΥ, ΕΤΕΡΟΠΛΕΥΡΗ, ΑΚΤΙΝΟΛΟΓΙΚΗ ΕΠΙΒΛΕΨΗ ΚΑΙ ΕΡΜΗΝΕΙΑ;;;;;
6897;K511323;ΑΓΓΕΙΟΓΡΑΦΙΑ, ΚΑΡΩΤΙΔΑ, ΕΓΚΕΦΑΛΟΥ, ΑΜΦΙΠΛΕΥΡΗ, ΑΚΤΙΝΟΛΟΓΙΚΗ ΕΠΙΒΛΕΨΗ ΚΑΙ ΕΡΜΗΝΕΙΑ;;;;;
6898;K511333;ΑΓΓΕΙΟΓΡΑΦΙΑ, ΚΑΡΩΤΙΔΑ, ΤΡΑΧΗΛΟΥ, ΕΤΕΡΟΠΛΕΥΡΗ, ΑΚΤΙΝΟΛΟΓΙΚΗ ΕΠΙΒΛΕΨΗ ΚΑΙ ΕΡΜΗΝΕΙΑ;;;;;
6899;K511341;ΑΓΓΕΙΟΓΡΑΦΙΑ, ΚΑΡΩΤΙΔΑ, ΤΡΑΧΗΛΟΥ, ΑΜΦΙΠΛΕΥΡΗ, ΑΚΤΙΝΟΛΟΓΙΚΗ ΕΠΙΒΛΕΨΗ ΚΑΙ ΕΡΜΗΝΕΙΑ;;;;;
6900;K511351;ΑΓΓΕΙΟΓΡΑΦΙΑ, ΣΠΟΝΔΥΛΙΚΩΝ, ΤΡΑΧΗΛΙΚΩΝ, ΚΑΙ/Ή ΕΝΔΟΚΡΑΝΙΑΚΩΝ ΑΓΓΕΙΩΝ , ΑΚΤΙΝΟΛΟΓΙΚΗ ΕΠΙΒΛΕΨΗ ΚΑΙ ΕΡΜΗΝΕΙΑ;;;;;
6901;K511391;ΑΓΓΕΙΟΓΡΑΦΙΑ, ΣΠΟΝΔΥΛΙΚΗΣ ΣΤΗΛΗΣ, ΕΚΛΕΚΤΙΚΗ, ΑΚΤΙΝΟΛΟΓΙΚΗ ΕΠΙΒΛΕΨΗ ΚΑΙ ΕΡΜΗΝΕΙΑ;;;;;
6902;K511401;ΑΓΓΕΙΟΓΡΑΦΙΑ, ΑΚΡΟ, ΕΤΕΡΟΠΛΕΥΡΗ, ΑΚΤΙΝΟΛΟΓΙΚΗ ΕΠΙΒΛΕΨΗ ΚΑΙ ΕΡΜΗΝΕΙΑ;;;;;
6903;K511413;ΑΓΓΕΙΟΓΡΑΦΙΑ, ΑΚΡΟ, ΑΜΦΙΠΛΕΥΡΗ, ΑΚΤΙΝΟΛΟΓΙΚΗ ΕΠΙΒΛΕΨΗ ΚΑΙ ΕΡΜΗΝΕΙΑ;;;;;
6904;K511425;ΑΓΓΕΙΟΓΡΑΦΙΑ, ΝΕΦΡΙΚΗ, ΕΤΕΡΟΠΛΕΥΡΗ, ΕΚΛΕΚΤΙΚΗ (ΠΕΡΙΛΑΜΒΑΝΕΙ  ΑΚΤΙΝΟΛΟΓΙΚΗ ΕΠΙΒΛΕΨΗ ΚΑΙ ΕΡΜΗΝΕΙΑ;;;;;
6905;K511429;ΑΓΓΕΙΟΓΡΑΦΙΑ, ΝΕΦΡΙΚΗ, ΑΜΦΙΠΛΕΥΡΗ, ΕΚΛΕΚΤΙΚΗ (ΠΕΡΙΛΑΜΒΑΝΕΙ ΑΟΡΤΟΓΡΑΦΗΜΑ) ΑΚΤΙΝΟΛΟΓΙΚΗ ΕΠΙΒΛΕΨΗ ΚΑΙ ΕΡΜΗΝΕΙΑ;;;;;
6906;K511433;ΑΓΓΕΙΟΓΡΑΦΙΑ, ΣΠΛΑΧΝΙΚΗ, ΕΚΛΕΚΤΙΚΗ Ή ΥΠΕΡΕΚΛΕΚΤΙΚΗ (ΜΕ Ή ΧΩΡΙΣ ΑΟΡΤΟΓΡΑΦΙΑ), ΑΚΤΙΝΟΛΟΓΙΚΗ ΕΠΙΒΛΕΨΗ ΚΑΙ ΕΡΜΗΝΕΙΑ;;;;;
6907;K511443;ΑΓΓΕΙΟΓΡΑΦΙΑ, ΕΠΙΝΕΦΡΙΔΙΑΚΗ, ΕΤΕΡΟΠΛΕΥΡΗ, ΕΚΛΕΚΤΙΚΗ, ΑΚΤΙΝΟΛΟΓΙΚΗ ΕΠΙΒΛΕΨΗ  ΚΑΙ ΕΡΜΗΝΕΙΑ;;;;;
6908;K511447;ΑΓΓΕΙΟΓΡΑΦΙΑ, ΕΠΙΝΕΦΡΙΔΙΑΚΗ, ΑΜΦΙΠΛΕΥΡΗ, ΕΚΛΕΚΤΙΚΗ, ΑΚΤΙΝΟΛΟΓΙΚΗ ΕΠΙΒΛΕΨΗ ΚΑΙ ΕΡΜΗΝΕΙΑ;;;;;
6909;K511453;ΑΓΓΕΙΟΓΡΑΦΙΑ, ΠΥΕΛΙΚΗ, ΕΚΛΕΚΤΙΚΗ Ή ΥΠΕΡΕΚΛΕΚΤΙΚΗ, ΑΚΤΙΝΟΛΟΓΙΚΗ ΕΠΙΒΛΕΨΗ ΚΑΙ ΕΡΜΗΝΕΙΑ;;;;;
6910;K511463;ΑΓΓΕΙΟΓΡΑΦΙΑ, ΠΝΕΥΜΟΝΙΚΗ, ΕΤΕΡΟΠΛΕΥΡΗ, ΕΚΛΕΚΤΙΚΗ, ΑΚΤΙΝΟΛΟΓΙΚΗ ΕΠΙΒΛΕΨΗ ΚΑΙ ΕΡΜΗΝΕΙΑ;;;;;
6911;K511467;ΑΓΓΕΙΟΓΡΑΦΙΑ, ΠΝΕΥΜΟΝΙΚΗ, ΑΜΦΙΠΛΕΥΡΗ, ΕΚΛΕΚΤΙΚΗ, ΑΚΤΙΝΟΛΟΓΙΚΗ ΕΠΙΒΛΕΨΗ ΚΑΙ ΕΡΜΗΝΕΙΑ;;;;;
6912;K511473;ΑΓΓΕΙΟΓΡΑΦΙΑ, ΠΝΕΥΜΟΝΙΚΗ, ΜΕ ΜΗ ΕΠΙΛΕΚΤΙΚΟ ΚΑΘΕΤΗΡΑ Ή ΦΛΕΒΙΚΗ ΕΓΧΥΣΗ ΑΚΤΙΝΟΛΟΓΙΚΗ ΕΠΙΒΛΕΨΗ ΚΑΙ ΕΡΜΗΝΕΙΑ;;;;;
6913;K511493;ΑΓΓΕΙΟΓΡΑΦΙΑ, ΕΣΩ ΜΑΣΤΙΚΗΣ, ΑΚΤΙΝΟΛΟΓΙΚΗ ΕΠΙΒΛΕΨΗ ΚΑΙ ΕΡΜΗΝΕΙΑ;;;;;
6914;K511529;ΑΓΓΕΙΟΓΡΑΦΙΑ, ΕΚΛΕΚΤΙΚΗ, ΜΕΛΕΤΗ ΚΑΘΕ ΕΠΙΠΛΕΟΝ ΑΓΓΕΙΟΥ  ΑΚΤΙΝΟΛΟΓΙΚΗ ΕΠΙΒΛΕΨΗ ΚΑΙ ΕΡΜΗΝΕΙΑ ΚΑΤΑΓΡΑΦΕΤΑΙ  ΧΩΡΙΣΤΑ ΩΣ ΠΡΟΣΘΗΚΗ ΣΤΟΝ ΚΩΔΙΚΑ ΤΗΣ ΠΡΩΤΟΓΕΝΟΥΣ ΔΙΑΔΙΚΑΣΙΑΣ);;;;;
6915;K511561;ΑΓΓΕΙΟΓΡΑΦΙΑ, ΑΡΤΗΡΙΟΦΛΕΒΙΚΗ ΠΑΡΑΚΑΜΨΗ (Π.Χ. ΑΣΘΕΝΗΣ ΑΙΜΟΔΙΑΛΥΣΗΣ), ΑΚΤΙΝΟΛΟΓΙΚΗ ΕΠΙΒΛΕΨΗ ΚΑΙ ΕΡΜΗΝΕΙΑ;;;;;
6916;K511583;ΛΕΜΦΑΓΓΕΙΟΓΡΑΦΙΑ,ΜΟΝΟ ΤΟ ΑΚΡΟ, ΕΤΕΡΟΠΛΕΥΡΗ, ΑΚΤΙΝΟΛΟΓΙΚΗ ΕΠΙΒΛΕΨΗ ΚΑΙ ΚΑΙ ΕΡΜΗΝΕΙΑ;;;;;
6917;K511587;ΛΕΜΦΑΓΓΕΙΟΓΡΑΦΙΑ,ΜΟΝΟ ΤΟ ΑΚΡΟ,ΑΜΦΙΠΛΕΥΡΗ, ΑΚΤΙΝΟΛΟΓΙΚΗ ΕΠΙΒΛΕΨΗ ΚΑΙ ΚΑΙ ΕΡΜΗΝΕΙΑ;;;;;
6918;K511591;ΛΕΜΦΑΓΓΕΙΟΓΡΑΦΙΑ, ΠΥΕΛΙΚΗ/ΚΟΙΛΙΑΚΗ, ΕΤΕΡΟΠΛΕΥΡΗ, ΑΚΤΙΝΟΛΟΓΙΚΗ ΕΠΙΒΛΕΨΗ ΚΑΙ ΚΑΙ ΕΡΜΗΝΕΙΑ;;;;;
6919;K511595;ΛΕΜΦΑΓΓΕΙΟΓΡΑΦΙΑ, ΠΥΕΛΙΚΗ/ΚΟΙΛΙΑΚΗ, ΑΜΦΙΠΛΕΥΡΗ, ΑΚΤΙΝΟΛΟΓΙΚΗ ΕΠΙΒΛΕΨΗ ΚΑΙ ΚΑΙ ΕΡΜΗΝΕΙΑ;;;;;
6920;K511599;ΑΚΤΙΝΟΛΟΓΙΚΗ ΑΠΕΙΚΟΝΙΣΗ ΠΑΡΑΚΑΜΨΗΣ ΓΙΑ ΥΠΑΡΧΟΥΣΑ ΜΗ ΑΓΓΕΙΑΚΗ ΠΑΡΑΚΑΜΨΗ, (Π.Χ. ΠΑΡΑΚΑΜΨΗ LEVEEN, ΚΟΙΛΙΟΠΕΡΙΤΟΝΑΪΚΗ ΠΑΡΑΚΑΜΨΗ, ΕΠΙ ΤΟΠΟΥ ΑΝΤΛΙΑ ΕΓΧΥΣΗΣ), ΑΚΤΙΝΟΛΟΓΙΚΗ ΕΠΙΒΛΕΨΗ ΚΑΙ ΕΡΜΗΝΕΙΑ;;;;;
6921;K511601;ΣΠΛΗΝΟΠΥΛΑΙΟΓΡΑΦΙΑ, ΑΚΤΙΝΟΛΟΓΙΚΗ ΕΠΙΒΛΕΨΗ ΚΑΙ ΕΡΜΗΝΕΙΑ;;;;;
6922;K511621;ΑΓΓΕΙΟΓΡΑΦΙΑ, ΑΚΡΟ, ΕΤΕΡΟΠΛΕΥΡΗ, ΑΚΤΙΝΟΛΟΓΙΚΗ ΕΠΙΒΛΕΨΗ ΚΑΙ ΕΡΜΗΝΕΙΑ ΕΡΜΗΝΕΙΑ;;;;;
6923;K511625;ΑΓΓΕΙΟΓΡΑΦΙΑ, ΑΚΡΟ, ΑΜΦΙΠΛΕΥΡΗ, ΑΚΤΙΝΟΛΟΓΙΚΗ ΕΠΙΒΛΕΨΗ ΚΑΙ ΕΡΜΗΝΕΙΑ;;;;;
6924;K511631;ΑΓΓΕΙΟΓΡΑΦΙΑ, ΚΟΙΛΗΣ ΦΛΕΒΑΣ, ΚΑΤΩ, ΜΕ ΣΕΙΡΙΟΓΡΑΦΙΑ, ΑΚΤΙΝΟΛΟΓΙΚΗ ΕΠΙΒΛΕΨΗ ΚΑΙ ΕΡΜΗΝΕΙΑ;;;;;
6925;K511635;ΑΓΓΕΙΟΓΡΑΦΙΑ, ΚΟΙΛΗΣ ΦΛΕΒΑΣ, ΑΝΩ, ΜΕ ΣΕΙΡΙΟΓΡΑΦΙΑ, ΑΚΤΙΝΟΛΟΓΙΚΗ ΕΠΙΒΛΕΨΗ ΚΑΙ ΕΡΜΗΝΕΙΑ;;;;;
6926;K511643;ΑΓΓΕΙΟΓΡΑΦΙΑ, ΝΕΦΡΙΚΗ, ΕΤΕΡΟΠΛΕΥΡΗ, ΕΚΛΕΚΤΙΚΗ, ΑΚΤΙΝΟΛΟΓΙΚΗ ΕΠΙΒΛΕΨΗ ΚΑΙ ΕΡΜΗΝΕΙΑ;;;;;
6927;K511647;ΑΓΓΕΙΟΓΡΑΦΙΑ, ΝΕΦΡΙΚΗ, ΑΜΦΙΠΛΕΥΡΗ, ΕΚΛΕΚΤΙΚΗ, ΑΚΤΙΝΟΛΟΓΙΚΗ ΕΠΙΒΛΕΨΗ ΚΑΙ ΕΡΜΗΝΕΙΑ;;;;;
6928;K511661;ΑΓΓΕΙΟΓΡΑΦΙΑ, ΕΠΙΝΕΦΡΙΔΙΑΚΗ, ΕΤΕΡΟΠΛΕΥΡΗ, ΕΚΛΕΚΤΙΚΗ, ΑΚΤΙΝΟΛΟΓΙΚΗ ΕΠΙΒΛΕΨΗ ΚΑΙ ΕΡΜΗΝΕΙΑ;;;;;
6929;K511665;ΑΓΓΕΙΟΓΡΑΦΙΑ, ΕΠΙΝΕΦΡΙΔΙΑΚΗ, ΑΜΦΙΠΛΕΥΡΗ, ΕΚΛΕΚΤΙΚΗ, ΑΚΤΙΝΟΛΟΓΙΚΗ ΕΠΙΒΛΕΨΗ ΚΑΙ ΕΡΜΗΝΕΙΑ;;;;;
6930;K511701;ΑΓΓΕΙΟΓΡΑΦΙΑ, ΦΛΕΒΙΚΗ ΚΟΙΛΟΤΗΤΑ (Π.Χ. ΛΙΘΟΕΙΔΗΣ ΚΑΙ ΚΑΤΩ ΟΒΕΛΙΑΙΑ) Η ΣΦΑΓΙΤΙΔΙΚΗ, ΚΑΘΕΤΗΡΑΣ, ΑΚΤΙΝΟΛΟΓΙΚΗ ΕΠΙΒΛΕΨΗ ΚΑΙ ΕΡΜΗΝΕΙΑ;;;;;
6931;K511721;ΦΛΕΒΟΓΡΑΦΙΑ, ΑΝΩ ΟΒΕΛΙΑΙΑ ΚΟΙΛΟΤΗΤΑ, ΑΚΤΙΝΟΛΟΓΙΚΗ ΕΠΙΒΛΕΨΗ ΚΑΙ ΕΡΜΗΝΕΙΑ;;;;;
6932;K511725;ΦΛΕΒΟΓΡΑΦΙΑ, ΕΠΙΣΚΛΗΡΙΔΙΟΣ, ΑΚΤΙΝΟΛΟΓΙΚΗ ΕΠΙΒΛΕΨΗ ΚΑΙ ΕΡΜΗΝΕΙΑ;;;;;
6933;K511741;ΦΛΕΒΟΓΡΑΦΙΑ, ΚΟΓΧΙΚΗ, ΑΚΤΙΝΟΛΟΓΙΚΗ ΕΠΙΒΛΕΨΗ ΚΑΙ ΕΡΜΗΝΕΙΑ;;;;;
6934;K511751;ΔΙΑΔΕΡΜΙΚΗ ΔΙΗΠΑΤΙΚΗ ΠΥΛΑΙΟΓΡΑΦΙΑ ΜΕ ΑΙΜΟΔΥΝΑΜΙΚΗ ΑΞΙΟΛΟΓΗΣΗ ΑΚΤΙΝΟΛΟΓΙΚΗ ΕΠΙΒΛΕΨΗ ΚΑΙ ΕΡΜΗΝΕΙΑ;;;;;
6935;K511755;ΔΙΑΔΕΡΜΙΚΗ ΔΙΗΠΑΤΙΚΗ ΠΥΛΑΙΟΓΡΑΦΙΑ ΧΩΡΙΣ ΑΙΜΟΔΥΝΑΜΙΚΗ ΑΞΙΟΛΟΓΗΣΗ ΑΚΤΙΝΟΛΟΓΙΚΗ ΕΠΙΒΛΕΨΗ ΚΑΙ ΕΡΜΗΝΕΙΑ;;;;;
6936;K511759;ΗΠΑΤΙΚΗ ΑΓΓΕΙΟΓΡΑΦΙΑ, ΕΝΣΦΗΝΩΣΗΣ Ή ΕΛΕΥΘΕΡΗ, ΜΕ ΑΙΜΟΔΥΝΑΜΙΚΗ ΑΞΙΟΛΟΓΗΣΗ ΑΚΤΙΝΟΛΟΓΙΚΗ ΕΠΙΒΛΕΨΗ ΚΑΙ ΕΡΜΗΝΕΙΑ;;;;;
6937;K511763;ΗΠΑΤΙΚΗ ΦΛΕΒΟΓΡΑΦΙΑ, ΕΝΣΦΗΝΩΣΗΣ Ή ΕΛΕΥΘΕΡΗ, ΧΩΡΙΣ ΑΙΜΟΔΥΝΑΜΙΚΗ ΑΞΙΟΛΟΓΗΣΗ ΑΚΤΙΝΟΛΟΓΙΚΗ ΕΠΙΒΛΕΨΗ ΚΑΙ ΕΡΜΗΝΕΙΑ;;;;;
6938;K511767;ΦΛΕΒΙΚΗ ΔΕΙΓΜΑΤΟΛΗΨΙΑ ΜΕΣΩ ΚΑΘΕΤΗΡΑ, ΜΕ Ή ΧΩΡΙΣ ΑΓΓΕΙΟΓΡΑΦΙΑ (Π.Χ. ΓΙΑ ΠΑΡΑΘΥΡΟΕΙΔΗ ΟΡΜΟΝΗ, ΡΕΝΙΝΗ), ΑΚΤΙΝΟΛΟΓΙΚΗ ΕΠΙΒΛΕΨΗ ΚΑΙ ΕΡΜΗΝΕΙΑ;;;;;
6939;K511769;ΔΙΑΚΑΘΕΤΗΡΙΑΚΗ ΑΝΤΙΜΕΤΩΠΙΣΗ, ΕΜΒΟΛΙΣΜΟΣ, ΟΠΟΙΑΔΗΠΟΤΕ ΜΕΘΟΔΟΣ, ΑΚΤΙΝΟΛΟΓΙΚΗ ΕΠΙΒΛΕΨΗ ΚΑΙ ΕΡΜΗΝΕΙΑ;;;;;
6940;K511773;ΔΙΑΚΑΘΕΤΗΡΙΑΚΗ ΑΝΤΙΜΕΤΩΠΙΣΗ, ΕΓΧΥΣΗ, ΟΠΟΙΑΔΗΠΟΤΕ ΜΕΘΟΔΟΣ (Π.Χ. ΘΡΟΜΒΟΛΥΣΗ, ΕΚΤΟΣ ΑΠΟ ΣΤΕΦΑΝΙΑΙΑ (ΑΚΤΙΝΟΛΟΓΙΚΗ ΕΠΙΒΛΕΨΗ ΚΑΙ ΕΡΜΗΝΕΙΑ);;;;;
6941;K511777;ΑΓΓΕΙΟΓΡΑΦΙΑ ΜΕΣΩ ΥΠΑΡΧΟΝΤΟΣ ΚΑΘΕΤΗΡΑ ΓΙΑ ΜΕΛΕΤΗ ΑΠΕΙΚΟΝΙΣΗΣ ΓΙΑ ΔΙΑΚΑΘΕΤΗΡΙΑΚΗ ΑΝΤΙΜΕΤΩΠΙΣΗ, ΕΜΒΟΛΙΣΜΟΣ Ή ΕΓΧΥΣΗ;;;;;
6942;K511781;ΑΛΛΑΓΗ ΥΠΑΡΧΟΝΤΟΣ ΕΝΔΑΓΓΕΙΑΚΟΥ ΚΑΘΕΤΗΡΑ ΚΑΤΑ ΤΗ ΔΙΑΡΚΕΙΑ ΘΡΟΜΒΟΛΥΤΙΚΗΣ ΘΕΡΑΠΕΙΑΣ ΜΕ ΣΚΙΑΓΡΑΦΙΚΗ ΑΠΕΙΚΟΝΙΣΗ, ΑΚΤΙΝΟΛΟΓΙΚΗ ΕΠΙΒΛΕΨΗ ΚΑΙ ΕΡΜΗΝΕΙΑ;;;;;
6943;K511783;ΜΗΧΑΝΙΚΗ ΑΦΑΙΡΕΣΗ ΤΟΥ ΠΕΡΙΚΑΘΕΤΗΡΙΑΚΟΥ ΑΠΟΦΡΑΚΤΙΚΟΥ ΥΛΙΚΟΥ (ΠΧ. ΙΝΩΔΗΣ ΘΥΛΑΚΑΣ) ΑΠΟ ΤΗ ΣΥΣΚΕΥΗ ΚΕΝΤΡΙΚΗΣ ΦΛΕΒΑΣ ΜΕΣΩ ΦΛΕΒΙΚΗΣ ΠΡΟΣΒΑΣΗΣ ΑΚΤΙΝΟΛΟΓΙΚΗ ΕΠΙΒΛΕΨΗ ΚΑΙ ΕΡΜΗΝΕΙΑ;;;;;
6944;K511785;ΜΗΧΑΝΙΚΗ ΑΦΑΙΡΕΣΗ ΕΝΔΟΑΥΛΙΚΟΥ (ΕΝΔΟΚΑΘΕΤΗΡΙΑΚΟΥ) ΑΠΟΦΡΑΚΤΙΚΟΥ ΥΛΙΚΟΥ ΑΠΟ ΤΗΝ ΣΥΣΚΕΥΗ ΚΕΝΤΡΙΚΗΣ ΦΛΕΒΑΣ, ΔΙΑΜΕΣΟΥ ΤΗΣ ΚΟΙΛΟΤΗΤΑΣ ΤΗΣ ΣΥΣΚΕΥΗΣ, ΑΚΤΙΝΟΛΟΓΙΚΗ ΕΠΙΒΛΕΨΗ ΚΑΙ ΕΡΜΗΝΕΙΑ;;;;;
6945;K511861;ΔΙΑΔΕΡΜΙΚΗ ΤΟΠΟΘΕΤΗΣΗ ΦΙΛΤΡΟΥ ΚΑΤΩ ΚΟΙΛΗΣ, ΑΚΤΙΝΟΛΟΓΙΚΗ ΕΠΙΒΛΕΨΗ ΚΑΙ ΕΡΜΗΝΕΙΑ;;;;;
6946;K511871;ΕΝΔΑΓΓΕΙΑΚΟΣ ΥΠΕΡΗΧΟΣ (ΜΗ ΣΤΕΦΑΝΙΑΙΟ ΑΓΓΕΙΟ), ΑΚΤΙΝΟΛΟΓΙΚΗ ΕΠΙΒΛΕΨΗ ΚΑΙ ΕΡΜΗΝΕΙΑ, ΑΡΧΙΚΟ ΑΓΓΕΙΟ;;;;;
6947;K511873;ΕΝΔΑΓΓΕΙΑΚΟΣ ΥΠΕΡΗΧΟΣ (ΜΗ ΣΤΕΦΑΝΙΑΙΟ ΑΓΓΕΙΟ), ΑΚΤΙΝΟΛΟΓΙΚΗ ΕΠΙΒΛΕΨΗ ΚΑΙ ΕΡΜΗΝΕΙΑ, ΚΑΘΕ ΕΠΙΠΛΕΟΝ ΜΗ ΣΤΕΦΑΝΙΑΙΟ ΑΓΓΕΙΟ (ΚΑΤΑΓΡΑΦΕΤΑΙ ΧΩΡΙΣΤΑ ΩΣ ΠΡΟΣΘΗΚΗ ΣΤΟΝ ΚΩΔΙΚΟ ΤΗΣ ΠΡΩΤΟΓΕΝΟΥΣ ΔΙΑΔΙΚΑΣΙΑΣ);;;;;
6948;K511885;ΕΝΔΑΓΓΕΙΑΚΗ ΑΠΟΚΑΤΑΣΤΑΣΗ ΑΟΡΤΙΚΟΥ ΑΝΕΥΡΥΣΜΑΤΟΣ Ή ΔΙΑΧΩΡΙΣΜΟΥ ΚΑΤΩΘΕΝ ΤΗΣ ΕΚΦΥΣΗΣ ΤΗΣ  ΝΕΦΡΙΚΗΣ, ΑΚΤΙΝΟΛΟΓΙΚΗ ΕΠΙΒΛΕΨΗ ΚΑΙ ΕΡΜΗΝΕΙΑ;;;;;
6949;K511887;ΤΟΠΟΘΕΤΗΣΗ ΕΓΓΥΣ Ή ΑΠΩ ΕΠΕΚΤΑΣΗΣ ΜΟΣΧΕΥΜΑΤΟΣ ΓΙΑ ΕΝΔΑΓΓΕΙΑΚΗ ΑΠΟΚΑΤΑΣΤΑΣΗ ΑΟΡΤΙΚΟΥ (ΚΑΤΩΘΕΝ ΤΗΣ ΕΚΦΥΣΗΣ ΤΗΣ  ΝΕΦΡΙΚΗΣ)  Ή ΛΑΓΟΝΙΑΣ ΑΡΤΗΡΙΑΣ ΑΝΕΥΡΥΣΜΑΤΟΣ, ΨΕΥΔΟΑΝΕΥΡΥΣΜΑΤΟΣ Ή ΔΙΑΧΩΡΙΣΜΟΥ, ΑΚΤΙΝΟΛΟΓΙΚΗ ΕΠΙΒΛΕΨΗ ΚΑΙ ΕΡΜΗΝΕΙΑ;;;;;
6950;K511889;ΕΝΔΑΓΓΕΙΑΚΗ ΑΠΟΚΑΤΑΣΤΑΣΗ ΑΝΕΥΡΥΣΜΑΤΟΣ ΛΑΓΟΝΙΑΣ ΑΡΤΗΡΙΑΣ, ΨΕΥΔΟΑΝΕΥΡΥΣΜΑΤΟΣ Ή ΑΡΤΗΡΙΟΦΛΕΒΩΔΟΥΣ ΔΥΣΠΛΑΣΙΑΣ, Ή ΤΡΑΥΜΑΤΟΣ, ΑΚΤΙΝΟΛΟΓΙΚΗ ΕΠΙΒΛΕΨΗ ΚΑΙ ΕΡΜΗΝΕΙΑ;;;;;
6951;K511893;ΕΝΔΑΓΓΕΙΑΚΗ ΑΠΟΚΑΤΑΣΤΑΣΗ ΚΑΤΙΟΥΣΑΣ ΘΩΡΑΚΙΚΗΣ ΑΟΡΤΗΣ (Π.Χ. ΑΝΕΥΡΥΣΜΑ, ΨΕΥΔΟΑΝΕΥΡΥΣΜΑ, ΔΙΑΧΩΡΙΣΜΟΣ, ΔΙΑΤΡΗΤΙΚΟ ΕΛΚΟΣ, ΕΝΔΟΤΟΙΧΩΜΑΤΙΚΟ ΑΙΜΑΤΩΜΑ, Ή ΤΡΑΥΜΑΤΙΚΗ ΡΗΞΗ), ΠΕΡΙΛΑΜΒΑΝΕΙ ΤΗΝ ΕΚΦΥΣΗ ΤΗΣ ΑΡΙΣΤΕΡΗΣ ΥΠΟΚΛΕΙΔΙΟΥ ΑΡΤΗΡΙΑΣ, ΑΡΧΙΚΗ ΕΝΔΟΠΡΟΘΕΣΗ ΣΥΝ ΕΠΕΚΤΑΣΗ(ΕΙΣ) ΚΑΤΙΟΥΣΑΣ ΘΩΡΑΚΙΚΗΣ ΑΟΡΤΗΣ, ΕΑΝ ΑΠΑΙΤΕΙΤΑΙ, ΕΩΣ ΤΟ ΕΠΙΠΕΔΟ ΤΗΣ ΕΚΦΥΣΗΣ ΤΗΣ ΚΟΙΛΙΑΚΗΣ ΑΡΤΗΡΙΑΣ, ΑΚΤΙΝΟΛΟΓΙΚΗ ΕΠΙΒΛΕΨΗ ΚΑΙ ΕΡΜΗΝΕΙΑ;;;;;
6952;K511895;ΕΝΔΑΓΓΕΙΑΚΗ ΑΠΟΚΑΤΑΣΤΑΣΗ ΚΑΤΙΟΥΣΑΣ ΘΩΡΑΚΙΚΗΣ ΑΟΡΤΗΣ (Π.Χ. ΑΝΕΥΡΥΣΜΑ, ΨΕΥΔΟΑΝΕΥΡΥΣΜΑ, ΔΙΑΧΩΡΙΣΜΟΣ, ΔΙΑΤΡΗΤΙΚΟ ΕΛΚΟΣ, ΕΝΔΟΤΟΙΧΩΜΑΤΙΚΟ ΑΙΜΑΤΩΜΑ, Ή ΤΡΑΥΜΑΤΙΚΗ ΡΗΞΗ), ΔΕΝ ΠΕΡΙΛΑΜΒΑΝΕΙ ΤΗΝ ΕΚΦΥΣΗ ΤΗΣ ΑΡΙΣΤΕΡΗΣ ΥΠΟΚΛΕΙΔΙΟΥ ΑΡΤΗΡΙΑΣ, ΑΡΧΙΚΗ ΕΝΔΟΠΡΟΘΕΣΗ ΣΥΝ ΕΠΕΚΤΑΣΗ(ΕΙΣ) ΚΑΤΙΟΥΣΑΣ ΘΩΡΑΚΙΚΗΣ  ΑΟΡΤΗΣ, ΕΑΝ ΑΠΑΙΤΕΙΤΑΙ, ΕΩΣ ΤΟ ΕΠΙΠΕΔΟ ΤΗΣ ΕΚΦΥΣΗΣ ΤΗΣ ΚΟΙΛΙΑΚΗΣ ΑΡΤΗΡΙΑΣ, ΑΚΤΙΝΟΛΟΓΙΚΗ ΕΠΙΒΛΕΨΗ ΚΑΙ ΕΡΜΗΝΕΙΑ;;;;;
6953;K511897;ΤΟΠΟΘΕΤΗΣΗ ΕΓΓΥΣ ΕΠΕΚΤΑΣΗΣ ΜΟΣΧΕΥΜΑΤΟΣ ΓΙΑ ΕΝΔΑΓΓΕΙΑΚΗ ΑΠΟΚΑΤΑΣΤΑΣΗ ΤΗΣ ΚΑΤΙΟΥΣΑΣ ΘΩΡΑΚΙΚΗΣ ΑΟΡΤΗΣ (Π.Χ. ΑΝΕΥΡΥΣΜΑ, ΨΕΥΔΟΑΝΕΥΡΥΣΜΑ, ΔΙΑΧΩΡΙΣΜΟΣ, ΔΙΑΤΡΗΤΙΚΟ ΕΛΚΟΣ, ΕΝΔΟΤΟΙΧΩΜΑΤΙΚΟ ΑΙΜΑΤΩΜΑ, Ή ΤΡΑΥΜΑΤΙΚΗ ΡΗΞΗ), ΑΚΤΙΝΟΛΟΓΙΚΗ ΕΠΙΒΛΕΨΗ ΚΑΙ ΕΡΜΗΝΕΙΑ;;;;;
6954;K511899;ΤΟΠΟΘΕΤΗΣΗ ΑΠΩ ΕΠΕΚΤΑΣΗΣ(ΕΩΝ) ΜΟΣΧΕΥΜΑΤΟΣ (ΣΕ ΔΕΥΤΕΡΟ ΧΡΟΝΟ) ΚΑΤΟΠΙΝ ΕΝΔΑΓΓΕΙΑΚΗΣ ΑΠΟΚΑΤΑΣΤΑΣΗΣ ΤΗΣ ΚΑΤΙΟΥΣΑΣ ΘΩΡΑΚΙΚΗΣ ΑΟΡΤΗΣ, ΟΠΩΣ ΑΠΑΙΤΕΙΤΑΙ, ΣΤΟ ΕΠΙΠΕΔΟ ΤΗΣ ΕΚΦΥΣΗΣ ΤΗΣ ΚΟΙΛΙΑΚΗΣ ΑΡΤΗΡΙΑΣ, ΑΚΤΙΝΟΛΟΓΙΚΗ ΕΠΙΒΛΕΨΗ ΚΑΙ ΕΡΜΗΝΕΙΑ;;;;;
6955;K511901;ΔΙΑΚΑΘΕΤΗΡΙΑΚΗ ΕΙΣΑΓΩΓΗ ΕΝΔΑΓΓΕΙΑΚΟΥ(ΩΝ) ΣΤΕΝΤ (ΕΚΤΟΣ ΤΗΣ ΣΤΕΦΑΝΙΑΙΑΣ, ΚΑΡΩΤΙΔΑΣ ΚΑΙ ΣΠΟΝΔΥΛΙΚΟΥ ΑΓΓΕΙΟΥ), ΔΙΑΔΕΡΜΙΚΗ ΚΑΙ/Ή ΑΝΟΙΚΤΗ, ΑΚΤΙΝΟΛΟΓΙΚΗ ΕΠΙΒΛΕΨΗ ΚΑΙ ΕΡΜΗΝΕΙΑ, ΚΑΘΕ ΑΓΓΕΙΟ;;;;;
6956;K511903;ΔΙΑΚΑΘΕΤΗΡΙΑΚΗ ΑΦΑΙΡΕΣΗ, ΔΙΑΔΕΡΜΙΚΗ, ΕΝΔΑΓΓΕΙΑΚΟΥ ΞΕΝΟΥ ΣΩΜΑΤΟΣ (Π.Χ., ΦΛΕΒΙΚΗ ΡΗΞΗ Ή ΑΡΤΗΡΙΑΚΟΣ ΚΑΘΕΤΗΡΑΣ), ΑΚΤΙΝΟΛΟΓΙΚΗ ΕΠΙΒΛΕΨΗ  ΚΑΙ ΕΡΜΗΝΕΙΑ;;;;;
6957;K511905;ΔΙΑΥΛΙΚΗ ΑΓΓΕΙΟΠΛΑΣΤΙΚΗ ΜΕ ΑΕΡΟΘΑΛΑΜΟ, ΠΕΡΙΦΕΡΙΚΗ ΑΡΤΗΡΙΑ, ΑΚΤΙΝΟΛΟΓΙΚΗ ΕΠΙΒΛΕΨΗ ΚΑΙ ΕΡΜΗΝΕΙΑ;;;;;
6958;K511909;ΔΙΑΥΛΙΚΗ ΑΓΓΕΙΟΠΛΑΣΤΙΚΗ ΜΕ ΑΕΡΟΘΑΛΑΜΟ, ΚΑΘΕ ΕΠΙΠΛΕΟΝ ΠΕΡΙΦΕΡΙΚΗ ΑΡΤΗΡΙΑ,  ΑΚΤΙΝΟΛΟΓΙΚΗ ΕΠΙΒΛΕΨΗ ΚΑΙ ΕΡΜΗΝΕΙΑ (ΚΑΤΑΓΡΑΦΕΤΑΙ ΧΩΡΙΣΤΑ ΩΣ ΠΡΟΣΘΗΚΗ ΣΤΟΝ ΚΩΔΙΚΟ ΠΡΩΤΟΓΕΝΟΥΣ ΔΙΑΔΙΚΑΣΙΑΣ);;;;;
6959;K511913;ΔΙΑΥΛΙΚΗ ΑΓΓΕΙΟΠΛΑΣΤΙΚΗ ΜΕ ΑΕΡΟΘΑΛΑΜΟ, ΝΕΦΡΙΚΗ Η ΑΛΛΗ ΣΠΛΑΧΝΙΚΗ ΑΡΤΗΡΙΑ, ΑΚΤΙΝΟΛΟΓΙΚΗ ΕΠΙΒΛΕΨΗ ΚΑΙ ΕΡΜΗΝΕΙΑ;;;;;
6960;K511917;ΔΙΑΥΛΙΚΗ ΑΓΓΕΙΟΠΛΑΣΤΙΚΗ ΜΕ ΑΕΡΟΘΑΛΑΜΟ, ΚΑΘΕ ΕΠΙΠΛΕΟΝ ΣΠΛΑΧΝΙΚΗ ΑΡΤΗΡΙΑ ΑΚΤΙΝΟΛΟΓΙΚΗ ΕΠΙΒΛΕΨΗ ΚΑΙ ΕΡΜΗΝΕΙΑ (ΚΑΤΑΓΡΑΦΕΤΑΙ ΧΩΡΙΣΤΑ ΩΣ  ΠΡΟΣΘΗΚΗ ΣΤΟΝ ΚΩΔΙΚΟ ΠΡΩΤΟΓΕΝΟΥΣ ΔΙΑΔΙΚΑΣΙΑΣ);;;;;
6961;K511921;ΔΙΑΚΑΘΕΤΗΡΙΑΚΗ ΒΙΟΨΙΑ, ΑΚΤΙΝΟΛΟΓΙΚΗ ΕΠΙΒΛΕΨΗ ΚΑΙ ΕΡΜΗΝΕΙΑ;;;;;
6962;K511937;ΔΙΑΥΛΙΚΗ ΑΓΓΕΙΟΠΛΑΣΤΙΚΗ ΜΕ ΑΕΡΟΘΑΛΑΜΟ, ΦΛΕΒΙΚΗ (Π.Χ. ΣΤΕΝΩΣΗ ΥΠΟΚΛΕΙΔΙΟΥ) ΑΚΤΙΝΟΛΟΓΙΚΗ ΕΠΙΒΛΕΨΗ ΚΑΙ ΕΡΜΗΝΕΙΑ;;;;;
6963;K511941;ΔΙΑΔΕΡΜΙΚΗ ΔΙΗΠΑΤΙΚΗ ΠΑΡΟΧΕΤΕΥΣΗ ΧΟΛΗΦΟΡΩΝ ΜΕ ΣΚΙΑΓΡΑΦΙΚΗ ΑΠΕΙΚΟΝΙΣΗ, ΑΚΤΙΝΟΛΟΓΙΚΗ ΕΠΙΒΛΕΨΗ ΚΑΙ ΕΡΜΗΝΕΙΑ;;;;;
6964;K511945;ΔΙΑΔΕΡΜΙΚΗ ΤΟΠΟΘΕΤΗΣΗ ΚΑΘΕΤΗΡΑ ΠΑΡΟΧΕΤΕΥΣΗΣ ΓΙΑ ΣΥΝΔΥΑΣΜΟ ΕΣΩΤΕΡΙΚΗΣ ΚΑΙ ΕΞΩΤΕΡΙΚΗΣ ΠΑΡΟΧΕΤΕΥΣΗΣ ΧΟΛΗΦΟΡΩΝ Ή ΣΤΕΝΤ ΠΑΡΟΧΕΤΕΥΣΗΣ ΓΙΑ ΕΣΩΤΕΡΙΚΗ ΠΑΡΟΧΕΤΕΥΣΗ  ΧΟΛΗΦΟΡΩΝ ΣΕ ΑΣΘΕΝΕΙΣ ΜΕ ΜΗ ΑΝΤΙΜΕΤΩΠΙΣΙΜΗ ΜΗΧΑΝΙΚΗ ΑΠΟΦΡΑΞΗ, ΑΚΤΙΝΟΛΟΓΙΚΗ ΕΠΙΒΛΕΨΗ ΚΑΙ ΕΡΜΗΝΕΙΑ;;;;;
6965;K511949;ΑΛΛΑΓΗ ΔΙΑΔΕΡΜΑΤΙΚΟΥ ΣΩΛΗΝΑ Ή ΚΑΘΕΤΗΡΑ ΠΑΡΟΧΕΤΕΥΣΗΣ ΜΕ ΣΚΙΑΓΡΑΦΙΚΗ ΑΠΕΙΚΟΝΙΣΗ (Π.Χ. ΟΥΡΟΓΕΝΝΗΤΙΚΟ ΣΥΣΤΗΜΑ, ΑΠΟΣΤΗΜΑ), ΑΚΤΙΝΟΛΟΓΙΚΗ ΕΠΙΒΛΕΨΗ ΚΑΙ ΕΡΜΗΝΕΙΑ;;;;;
6966;K511959;ΑΚΤΙΝΟΛΟΓΙΚΗ ΚΑΘΟΔΗΓΗΣΗ (Π.Χ., ΑΚΤΙΝΟΣΚΟΠΗΣΗ, ΥΠΕΡΗΧΟΣ Ή ΥΠΟΛΟΓΙΣΤΙΚΗ ΤΟΜΟΓΡΑΦΙΑ), ΓΙΑ ΔΙΑΔΕΡΜΙΚΗ ΠΑΡΟΧΕΤΕΥΣΗ (Π.Χ. ΑΠΟΣΤΗΜΑ, ΣΥΛΛΟΓΗ ΔΕΙΓΜΑΤΟΣ), ΜΕ ΤΟΠΟΘΕΤΗΣΗ ΚΑΘΕΤΗΡΑ, ΑΚΤΙΝΟΛΟΓΙΚΗ ΕΠΙΒΛΕΨΗ ΚΑΙ ΕΡΜΗΝΕΙΑ;;;;;
6967;K511965;ΔΙΑΥΛΙΚΗ ΑΘΗΡΕΚΤΟΜΗ, ΠΕΡΙΦΕΡΙΚΗ ΑΡΤΗΡΙΑ, ΑΚΤΙΝΟΛΟΓΙΚΗ ΕΠΙΒΛΕΨΗ ΚΑΙ ΕΡΜΗΝΕΙΑ;;;;;
6968;K511967;ΔΙΑΥΛΙΚΗ ΑΘΗΡΕΚΤΟΜΗ, ΚΑΘΕ ΕΠΙΠΛΕΟΝ ΠΕΡΙΦΕΡΙΚΗ ΑΡΤΗΡΙΑ, ΑΚΤΙΝΟΛΟΓΙΚΗ ΕΠΙΒΛΕΨΗ ΚΑΙ ΕΡΜΗΝΕΙΑ (ΚΑΤΑΓΡΑΦΕΤΑΙ ΧΩΡΙΣΤΑ ΩΣ ΠΡΟΣΘΗΚΗ ΣΤΟΝ ΚΩΔΙΚΟ ΠΡΩΤΟΓΕΝΟΥΣΔΙΑΔΙΚΑΣΙΑΣ);;;;;
6969;K511969;ΔΙΑΥΛΙΚΗ ΑΘΗΡΕΚΤΟΜΗ, ΝΕΦΡΙΚΗ, ΑΚΤΙΝΟΛΟΓΙΚΗ ΕΠΙΒΛΕΨΗ ΚΑΙ ΕΡΜΗΝΕΙΑ;;;;;
6970;K511971;ΔΙΑΥΛΙΚΗ ΑΘΗΡΕΚΤΟΜΗ, ΣΠΛΑΧΝΙΚΗ, ΑΚΤΙΝΟΛΟΓΙΚΗ ΕΠΙΒΛΕΨΗ ΚΑΙ ΕΡΜΗΝΕΙΑ;;;;;
6971;K511973;ΔΙΑΥΛΙΚΗ ΑΘΗΡΕΚΤΟΜΗ, ΚΑΘΕ ΕΠΙΠΛΕΟΝ ΣΠΛΑΧΝΙΚΗ ΑΡΤΗΡΙΑ, ΑΚΤΙΝΟΛΟΓΙΚΗ ΕΠΙΒΛΕΨΗ ΚΑΙ ΕΡΜΗΝΕΙΑ (ΚΑΤΑΓΡΑΦΕΤΑΙ ΧΩΡΙΣΤΑ ΩΣ ΠΡΟΣΘΗΚΗ ΣΤΟΝ ΚΩΔΙΚΟ ΠΡΩΤΟΓΕΝΟΥΣ ΔΙΑΔΙΚΑΣΙΑΣ);;;;;
6972;K511981;ΑΝΕΝΕΡΓΟΣ;;;;;
6973;K511983;ΑΝΕΝΕΡΓΟΣ;;;;;
Γ.4;ΑΚΤΙΝΟΣΚΟΠΗΣΕΙΣ;;;;;;
6974;K512001;ΑΚΤΙΝΟΛΟΓΙΚΗ ΕΞΕΤΑΣΗ ΑΠΟ ΤΗ ΜΥΤΗ ΜΕΧΡΙ ΤΟΝ ΠΡΩΚΤΟ ΓΙΑ ΞΕΝΟ ΣΩΜΑ, ΜΙΑ ΠΡΟΒΟΛΗ, ΠΑΙΔΙ;;;;;
6975;K512141;ΑΚΤΙΝΟΣΚΟΠΙΚΟΣ ΕΛΕΓΧΟΣ ΑΠΟΣΤΗΜΑΤΟΣ - ΣΥΡΡΙΓΙΟΥ;;;;;
6976;K512177;ΑΚΤΙΝΟΓΡΑΦΙΑ ΧΕΙΡΟΥΡΓΙΚΟΥ ΔΕΙΓΜΑΤΟΣ;;;;;
6977;K512181;ΑΝΕΝΕΡΓΟΣ;;;;;
6978;K512183;ΑΝΕΝΕΡΓΟΣ;;;;;
6979;K512185;ΑΝΕΝΕΡΓΟΣ;;;;;
6980;K512221;ΑΝΕΝΕΡΓΟΣ;;;;;
6981;K512231;ΑΝΕΝΕΡΓΟΣ;;;;;
6982;K512261;ΣΥΜΒΟΥΛΕΥΤΙΚΗ ΓΙΑ ΑΚΤΙΝΟΛΟΓΙΚΗ ΕΞΕΤΑΣΗ ΠΟΥ ΕΧΕΙ ΠΡΑΓΜΑΤΟΠΟΙΗΘΕΙ ΑΛΛΟΥ, ΓΡΑΠΤΗ ΓΝΩΜΑΤΕΥΣΗ;;;;;
6983;K512281;ΑΝΕΝΕΡΓΟΣ;;;;;
6984;K512681;ΑΦΑΙΡΕΣΗ ΜΕΡΟΥΣ ΑΠΕΙΚΟΝΙΣΗΣ ΣΕ ΣΥΝΔΥΑΣΜΟ ΜΕ ΤΙΣ ΜΕΛΕΤΕΣ ΣΚΙΑΓΡΑΦΙΚΟΥ;;;;;
6985;K512733;ΑΝΕΝΕΡΓΟΣ;;;;;
6986;K512735;ΑΝΕΝΕΡΓΟΣ;;;;;
Γ.5;ΠΡΟΣΘΕΤΕΣ ΜΕΛΕΤΕΣ ΑΞΟΝΙΚΗΣ / ΜΑΓΝΗΤΙΚΗΣ ΤΟΜΟΓΡΑΦΙΑΣ  Κ.Λ.Π.;;;;;;
6987;K512741;ΑΞΟΝΙΚΗ ΤΟΜΟΓΡΑΦΙΑ, ΠΕΡΙΟΡΙΣΜΕΝΗ Ή ΕΝΤΟΠΙΣΜΕΝΗ ΜΕΛΕΤΗ ΠΑΡΑΚΟΛΟΥΘΗΣΗΣ;;;;;
6988;K512761;ΜΑΓΝΗΤΙΚΗ ΦΑΣΜΑΤΟΣΚΟΠΙΑ ΕΝΌΣ ΟΡΓΑΝΟΥ;;;;;
6989;K512973;ΜΗ ΚΑΤΑΓΕΓΡΑΜΜΕΝΗ ΑΚΤΙΝΟΣΚΟΠΙΚΗ ΔΙΑΔΙΚΑΣΙΑ (ΠΧ, ΔΙΑΓΝΩΣΤΙΚΗ, ΠΑΡΕΜΒΑΤΙΚΗ - ΘΕΡΑΠΕΥΤΙΚΗ);;;;;
6990;K512973.1;ΠΑΡΟΧΗ ΔΕΥΤΕΡΗΣ ΓΝΩΜΑΤΕΥΣΗΣ ΣΕ ΕΚΤΕΛΕΣΘΕΙΣΑ ΜΑΣΤΟΓΡΑΦΙΑ;;;;;
6991;K512973.2;ΕΝΔΑΓΓΕΙΑΚΗ ΥΠΕΡΗΧΟΓΡΑΦΙΑ (ΜΗ ΣΤΕΦΑΝΙΑΙΟ ΑΓΓΕΙΟ) ΚΑΤΑ ΤΗ ΔΙΑΡΚΕΙΑ ΤΗΣ ΔΙΑΓΝΩΣΤΙΚΗΣ ΑΞΙΟΛΟΓΗΣΗΣ ΚΑΙ/Ή ΘΕΡΑΠΕΥΤΙΚΗΣ ΠΑΡΕΜΒΑΣΗΣ, ΑΡΧΙΚΟ ΑΓΓΕΙΟ (ΝΑ ΚΑΤΑΓΡΑΦΕΤΑΙ  ΞΕΧΩΡΙΣΤΑ ΕΠΙΠΛΕΟΝ ΤΟΥ ΚΩΔΙΚΟΥ ΤΗΣ ΒΑΣΙΚΗΣ ΕΠΕΜΒΑΣΗΣ)  EKTEΛΕΣΗ ΔΙΑΓΝΩΣΗ;;;;;
6992;K512973.3;ΕΝΔΑΓΓΕΙΑΚΗ ΥΠΕΡΗΧΟΓΡΑΦΙΑ (ΜΗ ΣΤΕΦΑΝΙΑΙΟ ΑΓΓΕΙΟ) ΚΑΤΑ ΤΗ ΔΙΑΡΚΕΙΑ ΤΗΣ ΔΙΑΓΝΩΣΤΙΚΗΣ ΑΞΙΟΛΟΓΗΣΗΣ ΚΑΙ/Ή ΘΕΡΑΠΕΥΤΙΚΗΣ ΠΑΡΕΜΒΑΣΗΣ, ΚΑΘΕ ΕΠΙΠΛΕΟΝ ΑΓΓΕΙΟ (ΝΑ ΚΑΤΑΓΡΑΦΕΤΑΙ  ΞΕΧΩΡΙΣΤΑ ΕΠΙΠΛΕΟΝ ΤΟΥ ΚΩΔΙΚΟΥ ΤΗΣ ΒΑΣΙΚΗΣ ΕΠΕΜΒΑΣΗΣ)  EKTEΛΕΣΗ ΔΙΑΓΝΩΣΗ;;;;;
6993;K512973.4;ΚΑΤΕΥΘΥΝΟΜΕΝΗ ΒΙΟΨΙΑ ΗΠΑΤΟΣ, ΔΙΑΔΕΡΜΙΚΗ. ΒΕΛΟΝΗ  EKTEΛΕΣΗ ΔΙΑΓΝΩΣΗ;;;;;
6994;K512975;ΜΗ ΚΑΤΑΓΕΓΡΑΜΜΕΝΗ ΔΙΑΔΙΚΑΣΙΑ ΑΞΟΝΙΚΗΣ ΤΟΜΟΓΡΑΦΙΑΣ (ΠΧ, ΔΙΑΓΝΩΣΤΙΚΗ, ΠΑΡΕΜΒΑΤΙΚΗ);;;;;
6995;K512975.1;ΑΞΟΝΙΚΗ ΤΟΜΟΓΡΑΦΙΑ ΣΠΛΑΓΧΝΙΚΟΥ ΚΡΑΝΙΟΥ ΜΕ ΣΚΙΑΓΡΑΦΙΚΟ(Α) ΥΛΙΚΟ(Α);;;;;
6996;K512975.2;ΑΞΟΝΙΚΗ ΤΟΜΟΓΡΑΦΙΑ ΣΠΛΑΓΧΝΙΚΟΥ ΚΡΑΝΙΟΥ ΧΩΡΙΣ ΣΚΙΑΓΡΑΦΙΚΟ ΥΛΙΚΟ;;;;;
6997;K512975.3;ΑΞΟΝΙΚΗ ΤΟΜΟΓΡΑΦΙΑ ΣΠΛΑΓΧΝΙΚΟΥ ΚΡΑΝΙΟΥ ΧΩΡΙΣ ΣΚΙΑΓΡΑΦΙΚΟ ΥΛΙΚΟ, ΑΚΟΛΟΥΘΕΙΤΑΙ ΑΠΟ ΣΚΙΑΓΡΑΦΙΚΟ(Α) ΥΛΙΚΟ(Α) ΚΑΙ ΕΠΙΠΛΕΟΝ ΤΟΜΕΣ;;;;;
6998;K512975.4;ΕΙΚΟΝΙΚΗ ΕΝΔΟΣΚΟΠΗΣΗ ΤΡΑΧΕΙΑΣ-ΒΡΟΓΧΩΝ;;;;;
6999;K512975.5;ΑΞΟΝΙΚΗ ΤΟΜΟΓΡΑΦΙΑ, ΚΑΡΠΟΥ ΚΑΙ ΑΚΡΑΣ ΧΕΙΡΟΣ, ΜΕ ΣΚΙΑΓΡΑΦΙΚΟ ΥΛΙΚΟ(Α);;;;;
7000;K512975.6;ΑΞΟΝΙΚΗ ΤΟΜΟΓΡΑΦΙΑ, ΚΑΡΠΟΥ ΚΑΙ ΑΚΡΑΣ ΧΕΙΡΟΣ, ΧΩΡΙΣ ΣΚΙΑΓΡΑΦΙΚΟ ΥΛΙΚΟ;;;;;
7001;K512975.7;ΑΞΟΝΙΚΗ ΤΟΜΟΓΡΑΦΙΑ, ΚΑΡΠΟΥ ΚΑΙ ΑΚΡΑΣ ΧΕΙΡΟΣ, ΧΩΡΙΣ ΣΚΙΑΓΡΑΦΙΚΟ ΥΛΙΚΟ, ΑΚΟΛΟΥΘΕΙΤΑΙ ΑΠΟ ΣΚΙΑΓΡΑΦΙΚΟ(Α) ΥΛΙΚΟ(Α) ΚΑΙ ΕΠΙΠΛΕΟΝ ΤΟΜΕΣ;;;;;
7002;K512975.8;ΑΞΟΝΙΚΗ ΣΥΡΙΓΓΟΓΡΑΦΙΑ  ΜΕΤΑ ΚΑΘΕΤΗΡΙΑΣΜΟ ΤΟΥ ΠΑΡΟΧΕΤΕΥΤΙΚΟΥ ΠΟΡΟΥ ΚΑΙ ΧΟΡΗΓΗΣΗ ΣΚΙΑΓΡΑΦΙΚΟΥ, ΑΚΤΙΝΟΛΟΓΙΚΗ ΕΠΙΒΛΕΨΗ ΚΑΙ ΕΡΜΗΝΕΙΑ;;;;;
7003;K512975.9;ΚΑΘΟΔΗΓΗΣΗ ΑΞΟΝΙΚΗΣ ΤΟΜΟΓΡΑΦΙΑΣ ΓΙΑ ΤΗΝ ΤΟΠΟΘΕΤΗΣΗ ΗΛΕΚΤΡΟΔΙΟΥ ΚΑΙ ΔΙΕΝΕΡΓΕΙΑ ΘΕΡΜΟΚΑΥΤΗΡΙΑΣΜΟΥ Η ΚΡΥΟΠΗΞΙΑΣ (Π.Χ. ΟΓΚΩΤΙΚΗ ΒΛΑΒΗ, ΚΗΛΗ ΜΕΣΟΣΠΟΝΔΥΛΙΟΥ ΔΙΣΚΟΥ), ΑΚΤΙΝΟΛΟΓΙΚΗ ΕΠΙΒΛΕΨΗ ΚΑΙ ΕΠΙΜΕΛΕΙΑ;;;;;
7004;K512975.10;ΑΞΟΝΙΚΗ ΕΝΤΕΡΟΚΛΥΣΗ-ΕΝΤΕΡΟΓΡΑΦΙΑ;;;;;
7005;K512975.11;ΕΙΚΟΝΙΚΗ ΕΝΔΟΣΚΟΠΗΣΗ ΠΑΧΕΟΣ ΕΝΤΕΡΟΥ;;;;;
7006;K512975.12;ΚΑΘΟΔΗΓΗΣΗ ΑΞΟΝΙΚΗΣ ΤΟΜΟΓΡΑΦIΑΣ ΓΙΑ ΔΙΑΔΕΡΜΙΚΗ ΠΑΡΟΧΕΤΕΥΣΗ ΜΕ ΤΟΠΟΘΕΤΗΣΗ ΚΑΘΕΤΗΡΑ ΣΕ ΑΠΟΦΡΑΚΤΙΚΕΣ ΠΑΘΗΣΕΙΣ (Π.Χ. ΝΕΦΡΟΣΤΟΜΙΑ, ΧΟΛΟΚΥΣΤΟΣΤΟΜΙΑ, ΔΙΑΔΕΡΜΙΚΗ ΔΙΗΠΑΤΙΚΗ ΠΑΡΟΧΕΤΕΥΣΗ ΧΟΛΗΦΟΡΩΝ), ΑΚΤΙΝΟΛΟΓΙΚΗ ΕΠΙΒΛΕΨΗ ΚΑΙ ΕΡΜΗΝΕΙΑ;;;;;
7007;K512975.13;ΚΑΘΟΔΗΓΗΣΗ ΑΞΟΝΙΚΗΣ ΤΟΜΟΓΡΑΦIΑΣ ΓΙΑ ΔΙΑΔΕΡΜΙΚΗ ΠΑΡΟΧΕΤΕΥΣΗ ΜΕ ΤΟΠΟΘΕΤΗΣΗ ΚΑΘΕΤΗΡΑ ΣΕ ΠΑΘΟΛΟΓΙΚΕΣ ΣΥΛΛΟΓΕΣ (Π.Χ. ΑΠΟΣΤΗΜΑ, ΑΙΜΑΤΩΜΑ, ΧΟΛΩΜΑ, ΕΥΜΕΓΕΘΗΣ ΚΥΣΤΗ), ΑΚΤΙΝΟΛΟΓΙΚΗ ΕΠΙΒΛΕΨΗ ΚΑΙ ΕΡΜΗΝΕΙΑ;;;;;
7008;K512975.14;ΚΑΘΟΔΗΓΗΣΗ ΑΞΟΝΙΚΗΣ ΤΟΜΟΓΡΑΦΙΑΣ ΓΙΑ ΤΟΠΟΘΕΤΗΣΗ ΒΕΛΟΝΗΣ ΚΑΙ  ΑΝΑΡΡΟΦΗΣΗ ΥΓΡΟΥ (ΔΙΑΓΝΩΣΤΙΚΗ Η ΚΑΙ ΕΚΚΕΝΩΤΙΚΗ ΠΑΡΑΚΕΝΤΗΣΗ ΣΥΛΛΟΓΗΣ), ΑΚΤΙΝΟΛΟΓΙΚΗ ΕΠΙΒΛΕΨΗ ΚΑΙ ΕΡΜΗΝΕΙΑ;;;;;
7009;K512975.15;ΚΑΘΟΔΗΓΗΣΗ ΑΞΟΝΙΚΗΣ ΤΟΜΟΓΡΑΦΙΑΣ ΓΙΑ ΤΟΠΟΘΕΤΗΣΗ ΒΕΛΟΝΗΣ ΚΑΙ ΕΓΧΥΣΗ ΘΕΡΑΠΕΥΤΙΚΩΝ ΟΥΣΙΩΝ (Π.Χ. ΑΝΑΛΓΗΣΙΑ ΣΕ ΠΑΘΗΣΕΙΣ ΣΠΟΝΔΥΛΙΚΗΣ ΣΤΗΛΗΣ ΚΑΙ ΑΡΘΡΩΣΕΩΝ, ΑΝΤΙΜΕΤΩΠΙΣΗ ΟΓΚΩΝ ΚΑΙ ΑΓΓΕΙΑΚΩΝ ΠΑΘΗΣΕΩΝ), ΑΚΤΙΝΟΛΟΓΙΚΗ ΕΠΙΒΛΕΨΗ ΚΑΙ ΕΡΜΗΝΕΙΑ;;;;;
7010;K512975.16;ΚΑΘΟΔΗΓΗΣΗ ΑΞΟΝΙΚΗΣ ΤΟΜΟΓΡΑΦΙΑΣ ΓΙΑ ΤΟΠΟΘΕΤΗΣΗ ΒΕΛΟΝΗΣ ΚΑΙ ΕΓΧΥΣΗ ΣΚΙΑΓΡΑΦΙΚΟΥ ΣΕ ΑΡΘΡΩΣΗ Ή ΜΕΣΟΣΠΟΝΔΥΛΙΟ ΔΙΣΚΟ (ΑΞΟΝΙΚΗ ΑΡΘΡΟΓΡΑΦΙΑ, ΑΞΟΝΙΚΗ ΔΙΣΚΟΓΡΑΦΙΑ), ΑΚΤΙΝΟΛΟΓΙΚΗ ΕΠΙΒΛΕΨΗ ΚΑΙ ΕΡΜΗΝΕΙΑ;;;;;
7011;K512975.17;ΑΞΟΝΙΚΗ ΚΟΛΟΝΟΓΡΑΦΙΑ;;;;;
7012;K512975.18;ΑΞΟΝΙΚΗ ΜΥΕΛΟΓΡΑΦΙΑ;;;;;
7013;K512975.19;ΑΞΟΝΙΚΗ ΤΟΜΟΓΡΑΦΙΑ, ΙΣΧΙΩΝ, ΜΕ ΣΚΙΑΓΡΑΦΙΚΟ(Α) ΥΛΙΚΟ(Α);;;;;
7014;K512975.20;ΑΞΟΝΙΚΗ ΤΟΜΟΓΡΑΦΙΑ, ΙΣΧΙΩΝ, ΧΩΡΙΣ ΣΚΙΑΓΡΑΦΙΚΟ ΥΛΙΚΟ;;;;;
7015;K512975.21;ΑΞΟΝΙΚΗ ΤΟΜΟΓΡΑΦΙΑ, ΙΣΧΙΩΝ, ΧΩΡΙΣ ΣΚΙΑΓΡΑΦΙΚΟ ΥΛΙΚΟ ΑΚΟΛΟΥΘΕΙΤΑΙ ΑΠΟ ΣΚΙΑΓΡΑΦΙΚΟ(Α) ΥΛΙΚΟ(Α) ΚΑΙ ΕΠΙΠΛΕΟΝ ΤΟΜΕΣ;;;;;
7016;K512975.22;ΑΞΟΝΙΚΗ ΤΟΜΟΓΡΑΦΙΑ, ΜΗΡΩΝ, ΜΕ ΣΚΙΑΓΡΑΦΙΚΟ(Α) ΥΛΙΚΟ(Α);;;;;
7017;K512975.23;ΑΞΟΝΙΚΗ ΤΟΜΟΓΡΑΦΙΑ, ΜΗΡΩΝ, ΧΩΡΙΣ ΣΚΙΑΓΡΑΦΙΚΟ ΥΛΙΚΟ;;;;;
7018;K512975.24;ΑΞΟΝΙΚΗ ΤΟΜΟΓΡΑΦΙΑ, ΜΗΡΩΝ, ΧΩΡΙΣ ΣΚΙΑΓΡΑΦΙΚΟ ΥΛΙΚΟ ΑΚΟΛΟΥΘΕΙΤΑΙ ΑΠΟ ΣΚΙΑΓΡΑΦΙΚΟ(Α) ΥΛΙΚΟ(Α) ΚΑΙ ΕΠΙΠΛΕΟΝ ΤΟΜΕΣ;;;;;
7019;K512975.25;ΑΞΟΝΙΚΗ ΤΟΜΟΓΡΑΦΙΑ, ΓΟΝΑΤΩΝ, ΜΕ ΣΚΙΑΓΡΑΦΙΚΟ(Α) ΥΛΙΚΟ(Α);;;;;
7020;K512975.26;ΑΞΟΝΙΚΗ ΤΟΜΟΓΡΑΦΙΑ, ΓΟΝΑΤΩΝ, ΧΩΡΙΣ ΣΚΙΑΓΡΑΦΙΚΟ ΥΛΙΚΟ;;;;;
7021;K512975.27;ΑΞΟΝΙΚΗ ΤΟΜΟΓΡΑΦΙΑ, ΓΟΝΑΤΩΝ, ΧΩΡΙΣ ΣΚΙΑΓΡΑΦΙΚΟ ΥΛΙΚΟ ΑΚΟΛΟΥΘΕΙΤΑΙ ΑΠΟ ΣΚΙΑΓΡΑΦΙΚΟ(Α) ΥΛΙΚΟ(Α) ΚΑΙ ΕΠΙΠΛΕΟΝ ΤΟΜΕΣ;;;;;
7022;K512975.28;ΑΞΟΝΙΚΗ ΤΟΜΟΓΡΑΦΙΑ, ΚΝΗΜΩΝ, ΜΕ ΣΚΙΑΓΡΑΦΙΚΟ(Α) ΥΛΙΚΟ(Α);;;;;
7023;K512975.29;ΑΞΟΝΙΚΗ ΤΟΜΟΓΡΑΦΙΑ, ΚΝΗΜΩΝ, ΧΩΡΙΣ ΣΚΙΑΓΡΑΦΙΚΟ ΥΛΙΚΟ;;;;;
7024;K512975.30;ΑΞΟΝΙΚΗ ΤΟΜΟΓΡΑΦΙΑ, ΚΝΗΜΩΝ, ΧΩΡΙΣ ΣΚΙΑΓΡΑΦΙΚΟ ΥΛΙΚΟ ΑΚΟΛΟΥΘΕΙΤΑΙ ΑΠΟ ΣΚΙΑΓΡΑΦΙΚΟ(Α) ΥΛΙΚΟ(Α) ΚΑΙ ΕΠΙΠΛΕΟΝ ΤΟΜΕΣ;;;;;
7025;K512975.31;ΑΞΟΝΙΚΗ ΤΟΜΟΓΡΑΦΙΑ, ΠΟΔΟΚΝΗΜΙΚΩΝ ΚΑΙ ΑΚΡΩΝ ΠΟΔΩΝ, ΜΕ ΣΚΙΑΓΡΑΦΙΚΟ(Α) ΥΛΙΚΟ(Α);;;;;
7026;K512975.32;ΑΞΟΝΙΚΗ ΤΟΜΟΓΡΑΦΙΑ, ΠΟΔΟΚΝΗΜΙΚΩΝ ΚΑΙ ΑΚΡΩΝ ΠΟΔΩΝ, ΧΩΡΙΣ ΣΚΙΑΓΡΑΦΙΚΟ ΥΛΙΚΟ;;;;;
7027;K512975.33;ΑΞΟΝΙΚΗ ΤΟΜΟΓΡΑΦΙΑ, ΠΟΔΟΚΝΗΜΙΚΩΝ ΚΑΙ ΑΚΡΩΝ ΠΟΔΩΝ, ΧΩΡΙΣ ΣΚΙΑΓΡΑΦΙΚΟ ΥΛΙΚΟ ΑΚΟΛΟΥΘΕΙΤΑΙ ΑΠΟ ΣΚΙΑΓΡΑΦΙΚΟ(Α) ΥΛΙΚΟ(Α) ΚΑΙ ΕΠΙΠΛΕΟΝ ΤΟΜΕΣ;;;;;
7028;K512975.34;ΑΞΟΝΙΚΗ ΑΓΓΕΙΟΓΡΑΦΙΑ, ΠΝΕΥΜΟΝΙΚΩΝ ΑΡΤΗΡΙΩΝ, ΜΕ ΣΚΙΑΓΡΑΦΙΚΟ  ΥΛΙΚΟ(Α), ΣΥΜΠΕΡΙΛΑΜΒΑΝΟΜΕΝΩΝ ΑΝΕΥ ΣΚΙΑΓΡΑΦΙΚΟΥ ΕΙΚΟΝΩΝ, ΕΦΟΣΟΝ ΕΧΟΥΝ ΔΙΕΝΕΡΓΗΘΕΙ, ΚΑΙ ΑΝΑΣΥΝΘΕΣΗ  ΕΙΚΟΝΩΝ;;;;;
7029;K512975.35;ΜΕΤΡΗΣΗ ΑΘΗΡΩΜΑΤΙΚΟΥ ΦΟΡΤΙΟΥ (CALCIUM SCORING);;;;;
7030;K512975.36;ΑΞΟΝΙΚΗ ΑΓΓΕΙΟΓΡΑΦΙΑ ΣΤΕΦΑΝΙΑΙΩΝ ΑΡΤΗΡΙΩΝ;;;;;
7031;K512975.37;ΑΞΟΝΙΚΗ ΑΓΓΕΙΟΓΡΑΦΙΑ,  ΙΓΝΥΑΚΩΝ ΚΑΙ ΚΝΗΜΩΝ, ΜΕ ΣΚΙΑΓΡΑΦΙΚΟ  ΥΛΙΚΟ(Α), ΣΥΜΠΕΡΙΛΑΜΒΑΝΟΜΕΝΩΝ ΑΝΕΥ ΣΚΙΑΓΡΑΦΙΚΟΥ ΕΙΚΟΝΩΝ, ΕΦΟΣΟΝ ΕΧΟΥΝ ΔΙΕΝΕΡΓΗΘΕΙ, ΚΑΙ ΕΠΕΞΕΡΓΑΣΙΑ  ΕΙΚΟΝΩΝ;;;;;
7032;K512975.38;ΑΞΟΝΙΚΗ ΑΓΓΕΙΟΓΡΑΦΙΑ, ΤΡΑΧΗΛΟΥ, ΜΕ ΣΚΙΑΓΡΑΦΙΚΟ ΥΛΙΚΟ ΣΥΜΠΕΡΙΛΑΜΒΑΝΟΜΕΝΩΝ ΑΝΕΥ ΣΚΙΑΓΡΑΦΙΚΟΥ ΕΙΚΟΝΩΝ, ΕΦΟΣΟΝ ΕΧΟΥΝ ΔΙΕΝΕΡΓΗΘΕΙ, ΚΑΙ ΑΝΑΣΥΝΘΕΣΗ ΕΙΚΟΝΩΝ;;;;;
7033;K512975.39;ΑΞΟΝΙΚΗ ΑΓΓΕΙΟΓΡΑΦΙΑ, ΝΕΦΡΙΚΩΝ, ΜΕ ΣΚΙΑΓΡΑΦΙΚΟ ΥΛΙΚΟ(Α), ΣΥΜΠΕΡΙΛΑΜΒΑΝΟΜΕΝΩΝ ΑΝΕΥ ΣΚΙΑΓΡΑΦΙΚΟΥ ΕΙΚΟΝΩΝ, ΕΦΟΣΟΝ ΕΧΟΥΝ ΔΙΕΝΕΡΓΗΘΕΙ, ΚΑΙ ΑΝΑΣΥΝΘΕΣΗ ΕΙΚΟΝΩΝ;;;;;
7034;K512975.40;ΑΞΟΝΙΚΗ ΑΓΓΕΙΟΓΡΑΦΙΑ, ΣΠΛΗΝΟΠΥΛΑΙΟΥ ΑΞΟΝΑ, ΜΕ ΣΚΙΑΓΡΑΦΙΚΟ ΥΛΙΚΟ(Α), ΣΥΜΠΕΡΙΛΑΜΒΑΝΟΜΕΝΩΝ ΑΝΕΥ ΣΚΙΑΓΡΑΦΙΚΟΥ ΕΙΚΟΝΩΝ, ΕΦΟΣΟΝ ΕΧΟΥΝ ΔΙΕΝΕΡΓΗΘΕΙ, ΚΑΙ ΑΝΑΣΥΝΘΕΣΗ ΕΙΚΟΝΩΝ;;;;;
7035;K512975.41;ΑΞΟΝΙΚΗ ΟΥΡΟΓΡΑΦΙΑ;;;;;
7036;K512977;ΜΗ ΚΑΤΑΓΕΓΡΑΜΜΕΝΗ ΔΙΑΔΙΚΑΣΙΑ ΜΑΓΝΗΤΙΚΗΣ ΤΟΜΟΓΡΑΦΙΑΣ (ΠΧ, ΔΙΑΓΝΩΣΤΙΚΗ, ΠΑΡΕΜΒΑΤΙΚΗ);;;;;
7037;K512977.1;ΜΑΓΝΗΤΙΚΗ ΤΟΜΟΓΡΑΦΙΑ,  ΚΑΡΔΙΑΣ;;;;;
7038;K512977.2;ΜΑΓΝΗΤΙΚΗ ΤΟΜΟΓΡΑΦΙΑ , ΠΥΕΛΟΣ, ΕΝΔΟΚΟΛΠΙΚΟ Ή ΕΝΔΟΟΡΘΙΚΟ ΠΗΝΙΟ ΧΩΡΙΣ ΣΚΙΑΓΡΑΦΙΚΟ  ΥΛΙΚΟ(Α), ΑΚΟΛΟΥΘΕΙΤΑΙ ΑΠΟ ΣΚΙΑΓΡΑΦΙΚΟ(Α) ΥΛΙΚΟ(Α) ΚΑΙ ΕΠΙΠΛΕΟΝ ΤΟΜΕΣ;;;;;
7039;K512977.3;ΜΑΓΝΗΤΙΚΗ ΤΟΜΟΓΡΑΦΙΑ ,ΠΡΟΣΤΑΤΗ,  ΔΙΟΡΘΙΚΟ ΠΗΝΙΟ ΧΩΡΙΣ ΣΚΙΑΓΡΑΦΙΚΟ  ΥΛΙΚΟ(Α), ΑΚΟΛΟΥΘΕΙΤΑΙ ΑΠΟ ΣΚΙΑΓΡΑΦΙΚΟ(Α) ΥΛΙΚΟ(Α) ΚΑΙ ΕΠΙΠΛΕΟΝ ΤΟΜΕΣ;;;;;
7040;K512977.4;ΜΑΓΝΗΤΙΚΗ ΤΟΜΟΓΡΑΦΙΑ , ΟΠΟΙΑΔΗΠΟΤΕ ΑΡΘΡΩΣΗ ;;;;;
7041;K512977.5;ΜΑΓΝΗΤΙΚΗ ΤΟΜΟΓΡΑΦΙΑ, ΜΑΓΝΗΤΙΚΗ ΧΟΛΑΓΓΕΙΟ-ΠΑΓΚΡΕΑΤΟΓΡΑΦΙΑ (MRCP);;;;;
7042;K512977.6;ΚΑΘΟΔΗΓΗΣΗ ΜΑΓΝΗΤΙΚΗΣ ΤΟΜΟΓΡΑΦIΑΣ ΓΙΑ ΔΙΑΔΕΡΜΙΚΗ ΠΑΡΟΧΕΤΕΥΣΗ ΜΕ ΤΟΠΟΘΕΤΗΣΗ ΚΑΘΕΤΗΡΑ ΣΕ ΑΠΟΦΡΑΚΤΙΚΕΣ ΠΑΘΗΣΕΙΣ (Π.Χ. ΝΕΦΡΟΣΤΟΜΙΑ, ΧΟΛΟΚΥΣΤΟΣΤΟΜΙΑ), ΑΚΤΙΝΟΛΟΓΙΚΗ ΕΠΙΒΛΕΨΗ ΚΑΙ ΕΡΜΗΝΕΙΑ;;;;;
7043;K512977.7;ΚΑΘΟΔΗΓΗΣΗ ΜΑΓΝΗΤΙΚΗΣ ΤΟΜΟΓΡΑΦIΑΣ ΓΙΑ ΔΙΑΔΕΡΜΙΚΗ ΠΑΡΟΧΕΤΕΥΣΗ ΜΕ ΤΟΠΟΘΕΤΗΣΗ ΚΑΘΕΤΗΡΑ ΣΕ ΠΑΘΟΛΟΓΙΚΕΣ ΣΥΛΛΟΓΕΣ (Π.Χ. ΑΠΟΣΤΗΜΑ, ΑΙΜΑΤΩΜΑ, ΧΟΛΩΜΑ, ΕΥΜΕΓΕΘΗΣ ΚΥΣΤΗ), ΑΚΤΙΝΟΛΟΓΙΚΗ ΕΠΙΒΛΕΨΗ ΚΑΙ ΕΡΜΗΝΕΙΑ;;;;;
7044;K512977.8;ΜΑΓΝΗΤΙΚΗ ΣΥΡΙΓΓΟΓΡΑΦΙΑ  ΜΕΤΑ ΚΑΘΕΤΗΡΙΑΣΜΟ ΤΟΥ ΠΑΡΟΧΕΤΕΥΤΙΚΟΥ ΠΟΡΟΥ ΚΑΙ ΧΟΡΗΓΗΣΗ ΣΚΙΑΓΡΑΦΙΚΟΥ, ΑΚΤΙΝΟΛΟΓΙΚΗ ΕΠΙΒΛΕΨΗ ΚΑΙ ΕΡΜΗΝΕΙΑ;;;;;
7045;K512977.9;ΚΑΘΟΔΗΓΗΣΗ ΜΑΓΝΗΤΙΚΗΣ ΤΟΜΟΓΡΑΦΙΑΣ ΓΙΑ ΣΤΕΡΕΟΤΑΚΤΙΚΗ ΕΝΤΟΠΙΣΗ ΒΛΑΒΗΣ ΜΑΣΤΟΥ ΚΑΙ ΤΟΠΟΘΕΤΗΣΗ ΒΕΛΟΝΗΣ ΓΙΑ ΛΗΨΗ ΒΙΟΨΙΑΣ, ΑΚΤΙΝΟΛΟΓΙΚΗ ΕΠΙΒΛΕΨΗ ΚΑΙ ΕΡΜΗΝΕΙΑ;;;;;
7046;K512977.10;ΚΑΘΟΔΗΓΗΣΗ ΜΑΓΝΗΤΙΚΗΣ ΤΟΜΟΓΡΑΦΙΑΣ ΓΙΑ ΤΟΠΟΘΕΤΗΣΗ ΒΕΛΟΝΗΣ ΚΑΙ ΕΓΧΥΣΗ ΘΕΡΑΠΕΥΤΙΚΩΝ ΟΥΣΙΩΝ (Π.Χ. ΑΝΑΛΓΗΣΙΑ ΣΕ ΠΑΘΗΣΕΙΣ ΣΠΟΝΔΥΛΙΚΗΣ ΣΤΗΛΗΣ ΚΑΙ ΑΡΘΡΩΣΕΩΝ, ΑΝΤΙΜΕΤΩΠΙΣΗ ΟΓΚΩΝ ΚΑΙ ΑΓΓΕΙΑΚΩΝ ΠΑΘΗΣΕΩΝ), ΑΚΤΙΝΟΛΟΓΙΚΗ ΕΠΙΒΛ;;;;;
7047;K512977.11;ΚΑΘΟΔΗΓΗΣΗ ΜΑΓΝΗΤΙΚΗΣ ΤΟΜΟΓΡΑΦΙΑΣ ΓΙΑ ΤΟΠΟΘΕΤΗΣΗ ΒΕΛΟΝΗΣ ΚΑΙ ΕΓΧΥΣΗ ΣΚΙΑΓΡΑΦΙΚΟΥ ΣΕ ΑΡΘΡΩΣΗ Ή ΜΕΣΟΣΠΟΝΔΥΛΙΟ ΔΙΣΚΟ (ΜΑΓΝΗΤΙΚΗ ΑΡΘΡΟΓΡΑΦΙΑ, ΜΑΓΝΗΤΙΚΗ ΔΙΣΚΟΓΡΑΦΙΑ), ΑΚΤΙΝΟΛΟΓΙΚΗ ΕΠΙΒΛΕΨΗ ΚΑΙ ΕΡΜΗΝΕΙΑ;;;;;
7048;K512977.12;ΜΑΓΝΗΤΙΚΗ ΤΟΜΟΓΡΑΦΙΑ  ΚΑΘΟΔΗΓΗΣΗ ΓΙΑ ΤΗΝ ΤΟΠΟΘΕΤΗΣΗ ΒΕΛΟΝΗΣ, ΜΑΣΤΟΣ (ΠΧ, ΓΙΑ ΕΝΤΟΠΙΣΗ ΜΕ ΣΥΡΜΑ, Ή ΓΙΑ ΒΙΟΨΙΑ Ή ΓΙΑ ΕΓΧΥΣΗ), ΕΚΑΣΤΗ ΒΛΑΒΗ, ΑΚΤΙΝΟΛΟΓΙΚΗ ΕΠΙΒΛΕΨΗ ΚΑΙ ΕΡΜΗΝΕΙΑ;;;;;
7049;K512977.13;ΜΑΓΝΗΤΙΚΗ ΤΟΜΟΓΡΑΦΙΑ, ΦΑΣΜΑΤΟΣΚΟΠΙΑ ΕΝΌΣ ΟΡΓΑΝΟΥ;;;;;
7050;K512977.14;ΜΑΓΝΗΤΙΚΗ ΤΟΜΟΓΡΑΦΙΑ ΣΠΛΑΧΝΙΚΟΥ ΚΡΑΝΙΟΥ ;;;;;
7051;K512977.15;ΜΑΓΝΗΤΙΚΗ ΤΟΜΟΓΡΑΦΙΑ ΥΠΟΦΥΣΗΣ ;;;;;
7052;K512977.16;ΜΑΓΝΗΤΙΚΗ ΤΟΜΟΓΡΑΦΙΑ ΛΙΘΟΕΙΔΩΝ;;;;;
7053;K512977.17;ΜΑΓΝΗΤΙΚΗ ΤΟΜΟΓΡΑΦΙΑ ΤΡΑΧΗΛΟΥ ΧΩΡΙΣ ΣΚΙΑΓΡΑΦΙΚΟ(Α) ΥΛΙΚΟ(Α);;;;;
7054;K512977.18;ΜΑΓΝΗΤΙΚΗ ΤΟΜΟΓΡΑΦΙΑ ΤΡΑΧΗΛΟΥ ΣΚΙΑΓΡΑΦΙΚΟ(Α) ΥΛΙΚΟ(Α);;;;;
7055;K512977.19;ΜΑΓΝΗΤΙΚΗ ΤΟΜΟΓΡΑΦΙΑ ΤΡΑΧΗΛΟΥ ΧΩΡΙΣ ΣΚΙΑΓΡΑΦΙΚΟ(Α) ΥΛΙΚΟ(Α), ΑΚΟΛΟΥΘΕΙΤΑΙ ΑΠΟ ΣΚΙΑΓΡΑΦΙΚΟ(Α) ΥΛΙΚΟ(Α) ΚΑΙ  ΕΠΙΠΛΕΟΝ ΤΟΜΕΣ;;;;;
7056;K512977.20;ΜΑΓΝΗΤΙΚΗ ΔΕΣΜΙΔΟΓΡΑΦΙΑ ΕΓΚΕΦΑΛΟΥ;;;;;
7057;K512977.21;ΜΑΓΝΗΤΙΚΗ ΕΓΚΕΦΑΛΟΥ ΜΕΛΕΤΗ ΡΟΗΣ ΕΝΥ;;;;;
7058;K512977.22;ΜΑΓΝΗΤΙΚΗ ΤΟΜΟΓΡΑΦΙΑ ΙΕΡΟΚΟΚΚΥΓΙΚΗΣ ΜΟΙΡΑΣ ΣΠΟΝΔΥΛΙΚΗΣ ΣΤΗΛΗΣ, ΧΩΡΙΣ ΣΚΙΑΓΡΑΦΙΚΟ ΥΛΙΚΟ;;;;;
7059;K512977.23;ΜΑΓΝΗΤΙΚΗ ΤΟΜΟΓΡΑΦΙΑ ΙΕΡΟΚΟΚΚΥΓΙΚΗΣ ΜΟΙΡΑΣ ΣΠΟΝΔΥΛΙΚΗΣ ΣΤΗΛΗΣ ΜΕ ΣΚΙΑΓΡΑΦΙΚΟ(Α) ΥΛΙΚΟ(Α);;;;;
7060;K512977.24;ΜΑΓΝΗΤΙΚΗ ΤΟΜΟΓΡΑΦΙΑ ΙΕΡΟΚΟΚΚΥΓΙΚΗΣ ΜΟΙΡΑΣ ΣΠΟΝΔΥΛΙΚΗΣ ΣΤΗΛΗΣ  ΧΩΡΙΣ ΣΚΙΑΓΡΑΦΙΚΟ(Α) ΥΛΙΚΟ(Α), ΑΚΟΛΟΥΘΕΙΤΑΙ ΑΠΟ ΣΚΙΑΓΡΑΦΙΚΟ(Α) ΥΛΙΚΟ(Α) ΚΑΙ ΕΠΙΠΛΕΟΝ ΤΟΜΕΣ;;;;;
7061;K512977.25;ΜΑΓΝΗΤΙΚΗ ΤΟΜΟΓΡΑΦΙΑ ΑΝΤΙΒΡΑΧΙΟΥ ΧΩΡΙΣ ΣΚΙΑΓΡΑΦΙΚΟ(Α) ΥΛΙΚΟ(Α);;;;;
7062;K512977.26;ΜΑΓΝΗΤΙΚΗ ΤΟΜΟΓΡΑΦΙΑ ΑΝΤΙΒΡΑΧΙΟΥ ΜΕ ΣΚΙΑΓΡΑΦΙΚΟ(Α) ΥΛΙΚΟ(Α);;;;;
7063;K512977.27;ΜΑΓΝΗΤΙΚΗ ΤΟΜΟΓΡΑΦΙΑ ΑΝΤΙΒΡΑΧΙΟΥ ΧΩΡΙΣ ΣΚΙΑΓΡΑΦΙΚΟ(Α) ΥΛΙΚΟ(Α), ΑΚΟΛΟΥΘΕΙΤΑΙ ΑΠΟ ΣΚΙΑΓΡΑΦΙΚΟ(Α) ΥΛΙΚΟ(Α) ΚΑΙ ΕΠΙΠΛΕΟΝ ΤΟΜΕΣ;;;;;
7064;K512977.28;ΜΑΓΝΗΤΙΚΗ ΤΟΜΟΓΡΑΦΙΑ ΑΓΚΩΝΑ ΧΩΡΙΣ ΣΚΙΑΓΡΑΦΙΚΟ(Α) ΥΛΙΚΟ(Α);;;;;
7065;K512977.29;ΜΑΓΝΗΤΙΚΗ ΤΟΜΟΓΡΑΦΙΑ ΑΓΚΩΝΑ ΜΕ ΣΚΙΑΓΡΑΦΙΚΟ(Α) ΥΛΙΚΟ(Α);;;;;
7066;K512977.30;ΜΑΓΝΗΤΙΚΗ ΤΟΜΟΓΡΑΦΙΑ ΑΓΚΩΝΑ ΧΩΡΙΣ ΣΚΙΑΓΡΑΦΙΚΟ(Α) ΥΛΙΚΟ(Α), ΑΚΟΛΟΥΘΕΙΤΑΙ ΑΠΟ ΣΚΙΑΓΡΑΦΙΚΟ(Α) ΥΛΙΚΟ(Α) ΚΑΙ ΕΠΙΠΛΕΟΝ ΤΟΜΕΣ;;;;;
7067;K512977.31;ΜΑΓΝΗΤΙΚΗ ΤΟΜΟΓΡΑΦΙΑ ΠΗΧΕΟΚΑΡΠΙΚΗΣ ΧΩΡΙΣ ΣΚΙΑΓΡΑΦΙΚΟ(Α) ΥΛΙΚΟ(Α);;;;;
7068;K512977.32;ΜΑΓΝΗΤΙΚΗ ΤΟΜΟΓΡΑΦΙΑ ΠΗΧΕΟΚΑΡΠΙΚΗΣ ΜΕ ΣΚΙΑΓΡΑΦΙΚΟ(Α) ΥΛΙΚΟ(Α);;;;;
7069;K512977.33;ΜΑΓΝΗΤΙΚΗ ΤΟΜΟΓΡΑΦΙΑ ΠΗΧΕΟΚΑΡΠΙΚΗΣ ΧΩΡΙΣ ΣΚΙΑΓΡΑΦΙΚΟ(Α) ΥΛΙΚΟ(Α), ΑΚΟΛΟΥΘΕΙΤΑΙ ΑΠΟ ΣΚΙΑΓΡΑΦΙΚΟ(Α) ΥΛΙΚΟ(Α) ΚΑΙ ΕΠΙΠΛΕΟΝ ΤΟΜΕΣ;;;;;
7070;K512977.34;ΜΑΓΝΗΤΙΚΗ ΤΟΜΟΓΡΑΦΙΑ ΑΚΡΑΣ ΧΕΙΡΟΣ ΧΩΡΙΣ ΣΚΙΑΓΡΑΦΙΚΟ(Α) ΥΛΙΚΟ(Α);;;;;
7071;K512977.35;ΜΑΓΝΗΤΙΚΗ ΤΟΜΟΓΡΑΦΙΑ ΑΚΡΑΣ ΧΕΙΡΟΣ ΜΕ ΣΚΙΑΓΡΑΦΙΚΟ(Α) ΥΛΙΚΟ(Α);;;;;
7072;K512977.36;ΜΑΓΝΗΤΙΚΗ ΤΟΜΟΓΡΑΦΙΑ ΑΚΡΑΣ ΧΕΙΡΟΣ ΧΩΡΙΣ ΣΚΙΑΓΡΑΦΙΚΟ(Α) ΥΛΙΚΟ(Α), ΑΚΟΛΟΥΘΕΙΤΑΙ ΑΠΟ ΣΚΙΑΓΡΑΦΙΚΟ(Α) ΥΛΙΚΟ(Α) ΚΑΙ ΕΠΙΠΛΕΟΝ ΤΟΜΕΣ;;;;;
7073;K512977.37;ΜΑΓΝΗΤΙΚΗ ΤΟΜΟΓΡΑΦΙΑ ΚΝΗΜΗΣ ΧΩΡΙΣ ΣΚΙΑΓΡΑΦΙΚΟ(Α) ΥΛΙΚΟ(Α);;;;;
7074;K512977.38;ΜΑΓΝΗΤΙΚΗ ΤΟΜΟΓΡΑΦΙΑ ΚΝΗΜΗΣ ΜΕ ΣΚΙΑΓΡΑΦΙΚΟ ΥΛΙΚΟ(Α);;;;;
7075;K512977.39;ΜΑΓΝΗΤΙΚΗ ΤΟΜΟΓΡΑΦΙΑ ΚΝΗΜΗΣ ΧΩΡΙΣ ΣΚΙΑΓΡΑΦΙΚΟ(Α) ΥΛΙΚΟ(Α), ΑΚΟΛΟΥΘΕΙΤΑΙ ΑΠΟ ΣΚΙΑΓΡΑΦΙΚΟ ΥΛΙΚΟ(Α) ΚΑΙ ΕΠΙΠΛΕΟΝ ΤΟΜΕΣ;;;;;
7076;K512977.40;ΜΑΓΝΗΤΙΚΗ ΤΟΜΟΓΡΑΦΙΑ ΓΟΝΑΤΟΣ ΧΩΡΙΣ ΣΚΙΑΓΡΑΦΙΚΟ ΥΛΙΚΟ;;;;;
7077;K512977.41;ΜΑΓΝΗΤΙΚΗ ΤΟΜΟΓΡΑΦΙΑ ΓΟΝΑΤΟΣ ΜΕ ΣΚΙΑΓΡΑΦΙΚΟ(Α) ΥΛΙΚΟ(Α);;;;;
7078;K512977.42;ΜΑΓΝΗΤΙΚΗ ΤΟΜΟΓΡΑΦΙΑ ΓΟΝΑΤΟΣ ΧΩΡΙΣ ΣΚΙΑΓΡΑΦΙΚΟ(Α) ΥΛΙΚΟ(Α), ΑΚΟΛΟΥΘΕΙΤΑΙ ΑΠΟ ΣΚΙΑΓΡΑΦΙΚΟ(Α) ΥΛΙΚΟ(Α) ΚΑΙ ΕΠΙΠΛΕΟΝ ΤΟΜΕΣ;;;;;
7079;K512977.43;ΜΑΓΝΗΤΙΚΗ ΤΟΜΟΓΡΑΦΙΑ ΠΟΔΟΚΝΗΜΙΚΗΣ ΧΩΡΙΣ ΣΚΙΑΓΡΑΦΙΚΟ ΥΛΙΚΟ;;;;;
7080;K512977.44;ΜΑΓΝΗΤΙΚΗ ΤΟΜΟΓΡΑΦΙΑ ΠΟΔΟΚΝΗΜΙΚΗΣ ΜΕ ΣΚΙΑΓΡΑΦΙΚΟ(Α) ΥΛΙΚΟ(Α);;;;;
7081;K512977.45;ΜΑΓΝΗΤΙΚΗ ΤΟΜΟΓΡΑΦΙΑ ΠΟΔΟΚΝΗΜΙΚΗΣ ΧΩΡΙΣ ΣΚΙΑΓΡΑΦΙΚΟ(Α) ΥΛΙΚΟ(Α), ΑΚΟΛΟΥΘΕΙΤΑΙ ΑΠΟ ΣΚΙΑΓΡΑΦΙΚΟ(Α) ΥΛΙΚΟ(Α) ΚΑΙ ΕΠΙΠΛΕΟΝ ΤΟΜΕΣ;;;;;
7082;K512977.46;ΜΑΓΝΗΤΙΚΗ ΤΟΜΟΓΡΑΦΙΑ ΑΚΡΟΥ ΠΟΔΟΣ ΧΩΡΙΣ ΣΚΙΑΓΡΑΦΙΚΟ ΥΛΙΚΟ;;;;;
7083;K512977.47;ΜΑΓΝΗΤΙΚΗ ΤΟΜΟΓΡΑΦΙΑ ΑΚΡΟΥ ΠΟΔΟΣ ΜΕ ΣΚΙΑΓΡΑΦΙΚΟ(Α) ΥΛΙΚΟ(Α);;;;;
7084;K512977.48;ΜΑΓΝΗΤΙΚΗ ΤΟΜΟΓΡΑΦΙΑ ΑΚΡΟΥ ΠΟΔΟΣ ΧΩΡΙΣ ΣΚΙΑΓΡΑΦΙΚΟ(Α) ΥΛΙΚΟ(Α), ΑΚΟΛΟΥΘΕΙΤΑΙ ΑΠΟ ΣΚΙΑΓΡΑΦΙΚΟ(Α) ΥΛΙΚΟ(Α) ΚΑΙ ΕΠΙΠΛΕΟΝ ΤΟΜΕΣ;;;;;
7085;K512977.49;ΜΑΓΝΗΤΙΚΗ ΟΥΡΟΓΡΑΦΙΑ (MRU);;;;;
7086;K512977.50;ΜΑΓΝΗΤΙΚΗ ΕΝΤΕΡΟΓΡΑΦΙΑ;;;;;
7087;K512977.51;ΜΑΓΝΗΤΙΚΗ ΚΟΛΟΝΟΓΡΑΦΙΑ;;;;;
7088;K512977.52;ΜΑΓΝΗΤΙΚΗ ΤΟΜΟΓΡΑΦΙΑ ΚΑΡΔΙΑΣ ΜΕ STRESS;;;;;
7089;K512977.53;ΜΑΓΝΗΤΙΚΗ ΣΤΕΦΑΝΙΟΓΡΑΦΙΑ;;;;;
7090;K512979;ΜΗ ΚΑΤΑΓΕΓΡΑΜΜΕΝΗ ΔΙΑΓΝΩΣΤΙΚΗ ΑΚΤΙΝΟΛΟΓΙΚΗ ΔΙΑΔΙΚΑΣΙΑ;;;;;
Γ.6;ΥΠΕΡΗΧΟΓΡΑΦΗΜΑΤΑ;;;;;;
7091;K512993;ΥΠΕΡΗΧΟΓΡΑΦΗΜΑ ΕΓΚΕΦΑΛΟΥ ΝΕΟΓΝΩΝ;;;;;
7092;K513001;ΥΠΕΡΗΧΟΓΡΑΦΗΜΑ ΟΦΘΑΛΜΙΚΟΥ ΚΟΓΧΟΥ;;;;;
7093;K513003;ΑΝΕΝΕΡΓΟΣ;;;;;
7094;K513005;ΑΝΕΝΕΡΓΟΣ;;;;;
7095;K513007;ΑΝΕΝΕΡΓΟΣ;;;;;
7096;K513009;ΑΝΕΝΕΡΓΟΣ;;;;;
7097;K513013;ΑΝΕΝΕΡΓΟΣ;;;;;
7098;K513019;ΑΝΕΝΕΡΓΟΣ;;;;;
7099;K513039;ΑΝΕΝΕΡΓΟΣ;;;;;
7100;K513053;ΑΝΕΝΕΡΓΟΣ;;;;;
7101;K513189;ΥΠΕΡΗΧΟΓΡΑΦΗΜΑ ΘΩΡΑΚΟΣ;;;;;
7102;K513271;ΥΠΕΡΗΧΟΓΡΑΦΙΑ ΜΑΣΤΟΥ ;;;;;
7103;K513381;ΥΠΕΡΗΧΟΓΡΑΦΗΜΑ ΑΝΩ ΚΟΙΛΙΑΣ (ΗΠΑΤΟΣ, ΧΟΛΗΦΟΡΩΝ, ΠΑΓΚΡΕΑΤΟΣ, ΣΠΛΗΝΟΣ, ΝΕΦΡΩΝ,  ΟΥΡΗΤΗΡΩΝ ;;;;;
7104;K513391;ΥΠΕΡΗΧΟΓΡΑΦΗΜΑ ΗΠΑΤΟΣ, ΧΟΛΗΦΟΡΩΝ;;;;;
7105;K513521;ΥΠΕΡΗΧΟΓΡΑΦΗΜΑ ΝΕΦΡΩΝ, ΟΥΡΗΤΗΡΩΝ, ΟΥΡΟΔΟΧΟΥ ΚΥΣΤΕΩΣ;;;;;
7106;K513531;ΥΠΕΡΗΧΟΓΡΑΦΗΜΑ ΝΕΦΡΩΝ, ΟΥΡΗΤΗΡΩΝ, ΟΥΡΟΔΟΧΟΥ ΚΥΣΤΕΩΣ, ΠΡΟΣΤΑΤΟΥ;;;;;
7107;K513533;ΥΠΕΡΗΧΟΓΡΑΦΗΜΑ ΕΓΧΡΩΜΟ ΚΑΙ ΠΑΛΜΙΚΟ ΜΕΤΑΜΟΣΧΕΥΜΕΝΟΥ ΝΕΦΡΟΥ;;;;;
7108;K513581;ΥΠΕΡΗΧΟΓΡΑΦΗΜΑ ΝΩΤΙΑΙΟΥ ΣΩΛΗΝΑ;;;;;
7109;K513583;ΥΠΕΡΗΧΟΓΡΑΦΗΜΑ ΚΥΗΣΕΩΣ 1ΟΥ ΤΡΙΜΗΝΟΥ - ΔΙΑΚΟΙΛΙΑΚΟ - ΜΟΝΗΡΗΣ ΚΥΗΣΗ;;;;;
7110;K513585;ΥΠΕΡΗΧΟΓΡΑΦΗΜΑ ΚΥΗΣΕΩΣ 1ΟΥ ΤΡΙΜΗΝΟΥ - ΔΙΑΚΟΙΛΙΑΚΟ - ΠΟΛΛΑΠΛΗΣ ΚΥΗΣΗ - ΕΚΑΣΤΗ;;;;;
7111;K513591;ΥΠΕΡΗΧΟΓΡΑΦΗΜΑ ΚΥΗΣΕΩΣ 2-3 ΤΡΙΜΗΝΟΥ - ΔΙΑΚΟΙΛΙΑΚΟ - ΜΟΝΗΡΗΣ ΚΥΗΣΗ;;;;;
7112;K513601;ΥΠΕΡΗΧΟΓΡΑΦΗΜΑ ΚΥΗΣΕΩΣ 2-3 ΤΡΙΜΗΝΟΥ - ΔΙΑΚΟΙΛΙΑΚΟ - ΠΟΛΛΑΠΛΗΣ ΚΥΗΣΗ;;;;;
7113;K513603;ΥΠΕΡΗΧΟΓΡΑΦΗΜΑ ΚΥΗΣΕΩΣ Β-ΕΠΙΠΕΔΟΥ - ΜΟΝΗΡΗΣ ΚΥΗΣΗ;;;;;
7114;K513605;ΥΠΕΡΗΧΟΓΡΑΦΗΜΑ ΚΥΗΣΕΩΣ Β-ΕΠΙΠΕΔΟΥ - ΠΟΛΛΑΠΛΗΣ ΚΥΗΣΗΣ;;;;;
7115;K513607;ΥΠΕΡΗΧΟΓΡΑΦΗΜΑ ΚΥΗΣΕΩΣ - ΑΥΧΕΝΙΚΗ ΔΙΑΦΑΝΕΙΑ - ΔΙΑΚΟΙΛΙΑΚΟ Η ΕΝΔΟΚΟΛΠΙΚΟ - ΜΟΝΗΡΗΣ ΚΥΗΣΗ;;;;;
7116;K513609;ΥΠΕΡΗΧΟΓΡΑΦΗΜΑ ΚΥΗΣΕΩΣ - ΑΥΧΕΝΙΚΗ ΔΙΑΦΑΝΕΙΑ - ΔΙΑΚΟΙΛΙΑΚΟ Η ΕΝΔΟΚΟΛΠΙΚΟ - ΠΟΛΛΑΠΛΗΣ ΚΥΗΣΗΣ;;;;;
7117;K513611;ΔΕΝ ΙΣΧΥΕΙ - ΕΙΝΑΙ ΚΑΝΟΝΑΣ ΝΑ ΕΞΕΤΑΖΟΝΤΑΙ ΟΙ ΒΑΣΙΚΟΙ ΠΑΡΑΜΕΤΡΟΙ ΜΕ ΚΑΘΕ ΕΛΕΓΧΟ ΤΟΥ ΕΜΒΡΥΪΟΥ;;;;;
7118;K513613;ΥΠΕΡΗΧΟΓΡΑΦΗΜΑ ΚΥΗΣΕΩΣ - ΕΠΑΝΕΛΕΓΧΟΣ ΕΝΤΟΣ ΤΟΥ ΙΔΙΟΥ ΤΡΙΜΗΝΟΥ;;;;;
7119;K513615;ΥΠΕΡΗΧΟΓΡΑΦΗΜΑ ΚΥΗΣΕΩΣ 1ΟΥ ΤΡΙΜΗΝΟΥ ΕΝΔΟΚΟΛΠΙΚΟ - ΜΟΝΗΡΗΣ ΚΥΗΣΗ;;;;;
7120;K513617;ΕΜΒΡΥΪΚΟ ΒΙΟΦΥΣΙΚΟ ΠΡΟΦΙΛ. ΜΕ ΕΞΕΤΑΣΗ ΜΗ ΚΑΤΑΠΟΝΗΣΗΣ;;;;;
7121;K513619;ΕΜΒΡΥΪΚΟ ΒΙΟΦΥΣΙΚΟ ΠΡΟΦΙΛ. ΑΝΕΥ ΕΞΕΤΑΣΗΣ ΜΗ ΚΑΤΑΠΟΝΗΣΗΣ;;;;;
7122;K513621;ΑΝΕΝΕΡΓΟΣ;;;;;
7123;K513623;ΑΝΕΝΕΡΓΟΣ;;;;;
7124;K513631;ΕΜΒΡΥΪΚΟ ΗΧΟΚΑΡΔΙΟΓΡΦΗΜΑ, ΚΑΡΔΙΑΓΓΕΙΑΚΟ ΣΥΣΤΗΜΑ, ΠΡΑΓΜΑΤΙΚΟΥ ΧΡΟΝΟΥ, ΜΕ ΑΠΕΙΚΟΝΙΣΤΙΚΗ ΤΕΚΜΗΡΙΩΣΗ (2-ΔΙΑΣΤΑΣΕΩΝ), ΜΕ Ή ΑΝΕΥ M-MODE ΚΑΤΑΓΡΑΦΗ;;;;;
7125;K513633;ΕΜΒΡΥΪΚΟ ΗΧΟΚΑΡΔΙΟΓΡΑΦΗΜΑ, ΚΑΡΔΙΑΓΓΕΙΑΚΟ ΣΥΣΤΗΜΑ, ΠΡΑΓΜΑΤΙΚΟΥ ΧΡΟΝΟΥ, ΜΕ ΑΠΕΙΚΟΝΙΣΤΙΚΗ ΤΕΚΜΗΡΙΩΣΗ (2-ΔΙΑΣΤΑΣΕΩΝ), ΜΕ Ή ΑΝΕΥ ΚΑΤΑΓΡΑΦΗ M-MODE, ΕΠΑΝΕΞΕΤΑΣΗ, Ή ΕΠΑΝΑΛΗΨΗ ΤΗΣ ΜΕΛΕΤΗΣ;;;;;
7126;K513635;ΕΜΒΡΥΪΚΟ DOPPLER ΗΧΟΚΑΡΔΙΟΓΡΑΦΗΜΑ, ΕΝΑΛΑΣΣΟΜΕΝΟ ΚΑΙ/Ή ΣΤΑΘΕΡΟ ΚΥΜΑ ΜΕ ΕΜΦΑΝΙΣΗ ΦΑΣΜΑΤΟΣ, ΠΛΗΡΕΣ;;;;;
7127;K513637;ΕΜΒΡΥΪΚΟ DOPPLER ΗΧΟΚΑΡΔΙΟΓΡΑΦΗΜΑ, ΕΝΑΛΑΣΣΟΜΕΝΟ ΚΑΙ/Ή ΣΤΑΘΕΡΟ ΚΥΜΑ ΜΕ ΕΜΦΑΝΙΣΗ ΦΑΣΜΑΤΟΣ. ΕΠΑΝΕΞΕΤΑΣΗ, Ή ΕΠΑΝΑΛΗΨΗ ΤΗΣ ΜΕΛΕΤΗΣ;;;;;
7128;K513641;ΥΠΕΡΗΧΟΓΡΑΦΗΜΑ ΔΙΑΚΟΛΠΙΚΟ;;;;;
7129;K513643;ΥΠΕΡΗΧΟΓΡΑΦΙΚΗ ΥΣΤΕΡΟΣΑΛΠΙΓΓΟΓΡΑΦΙΑ;;;;;
7130;K513693;ΥΠΕΡΗΧΟΓΡΑΦΗΜΑ ΠΥΕΛΟΥ;;;;;
7131;K513695;ΑΝΕΝΕΡΓΟΣ;;;;;
7132;K513721;ΕΓΧΡΩΜΟ ΚΑΙ ΠΑΛΜΙΚΟ ΥΠΕΡΗΧΟΓΡΑΦΗΜΑ ΟΣΧΕΟΥ;;;;;
7133;K513725;ΥΠΕΡΗΧΟΓΡΑΦΗΜΑ ΠΡΟΣΤΑΤΟΥ ΔΙΟΡΘΙΚΟ;;;;;
7134;K513727;ΥΠΕΡΗΧΟΣ, ΔΙΟΡΘΙΚΟΣ. ΜΕΛΕΤΗ ΟΓΚΟΥ ΠΡΟΣΤΑΤΟΥ ΓΙΑ ΒΡΑΧΥΘΕΡΑΠΕΙΑ ΣΧΕΔΙΑΣΜΟΣ ΘΕΡΑΠΕΙΑΣ (ΙΔΙΑΙΤΕΡΗ ΔΙΑΔΙΚΑΣΙΑ);;;;;
7135;K513741;ΑΝΕΝΕΡΓΟΣ;;;;;
7136;K513751;ΑΝΕΝΕΡΓΟΣ;;;;;
7137;K513753;ΥΠΕΡΗΧΟΓΡΑΦΗΜΑ ΙΣΧΙΩΝ ΝΕΟΓΝΩΝ;;;;;
7138;K513841;ΠΑΡΑΚΕΝΤΗΣΗ ΠΕΡΙΚΑΡΔΙΟΥ ΥΠΟ ΥΠΕΡΗΧΟΓΡΑΦΙΚΟ ΕΛΕΓΧΟ;;;;;
7139;K513845;ΒΙΟΨΙΑ ΕΝΔΟΚΑΡΔΙΟΥ ΥΠΟ ΥΠΕΡΗΧΟΓΡΑΦΙΚΟ ΕΛΕΓΧΟ;;;;;
7140;K513853;ΥΠΕΡΗΧΟΓΡΑΦΙΚΑ ΚΑΘΟΔΗΓΟΥΜΕΝΗ ΑΠΟΚΑΤΑΣΤΑΣΗ ΜΕ ΣΥΜΠΙΕΣΗ ΑΡΤΗΡΙΑΚΟΥ ΨΕΥΔΟΑΝΕΥΡΥΣΜΑΤΟΣ, Ή ΑΡΤΗΡΙΟΦΛΕΒΙΚΩΝ ΣΥΡΙΓΓΙΩΝ (ΣΥΜΠΕΡΙΛΑΜΒΑΝΟΜΕΝΗΣ ΥΠΕΡΗΧΟΓΡΑΦΙΚΗΣ ΑΞΙΟΛΟΓΗΣΗΣ, ΣΥΜΠΙΕΣΗΣ ΤΗΣ ΒΛΑΒΗΣ ΚΑΙ ΑΠΕΙΚΟΝΙΣΗΣ);;;;;
7141;K513855;ΕΓΧΡΩΜΟ ΚΑΙ ΠΑΛΜΙΚΟ ΥΠΕΡΗΧΟΓΡΑΦΗΜΑ ΑΡΤΗΡΙΩΝ-ΦΛΕΒΩΝ ΑΝΩ ΑΚΡΟΥ ΓΙΑ ΠΡΟΣΒΑΣΗ ΜΟΣΧΕΥΜΑΤΟΣ ΑΙΜΟΚΑΘΑΡΣΗΣ ΕΤΕΡΟΠΛΕΥΡΟ;;;;;
7142;K513861;ΜΑΙΕΥΤΙΚΗ ΕΞΕΤΑΣΗ;;;;;
7143;K513863;ΜΑΙΕΥΤΙΚΗ ΕΞΕΤΑΣΗ;;;;;
7144;K513865;ΠΑΡΑΚΕΝΤΗΣΗ ΔΙΑ ΛΕΠΤΗΣ ΒΕΛΟΝΗΣ ΥΠΟ ΥΠΕΡΗΧΟΓΡΑΦΙΚΟ ΕΛΕΓΧΟ;;;;;
7145;K513871;ΔΕΙΓΜΑΤΟΛΗΨΙΑ ΧΟΡΙΑΚΗΣ ΛΑΧΝΗΣ ΥΠΟ ΥΠΕΡΗΧΟΓΡΑΦΙΚΟ ΕΛΕΓΧΟ;;;;;
7146;K513873;ΑΜΝΙΟΠΑΡΑΚΕΝΤΗΣΗ ΥΠΟ ΥΠΕΡΗΧΟΓΡΑΦΙΚΟ ΕΛΕΓΧΟ;;;;;
7147;K513877;ΥΠΕΡΗΧΟΓΡΑΦΙΚΗ ΚΑΘΟΔΗΓΗΣΗ ΓΙΑ ΑΝΑΡΡΟΦΗΣΗ ΩΑΡΙΩΝ, ΕΠΙΒΛΕΨΗ ΑΠΕΙΚΟΝΙΣΗΣ ΚΑΙ ΕΡΜΗΝΕΙΑ;;;;;
7148;K513881;ΥΠΕΡΗΧΟΓΡΑΦΙΚΗ ΚΑΘΟΔΗΓΗΣΗ ΓΙΑ ΤΗΝ ΤΟΠΟΘΕΤΗΣΗ ΠΕΔΙΩΝ ΑΚΤΙΝΟΘΕΡΑΠΕΙΑΣ;;;;;
7149;K513911;ΥΠΕΡΗΧΟΓΡΑΦΙΚΗ ΚΑΘΟΔΗΓΗΣΗ ΓΙΑ ΤΗΝ ΕΝΔΟΪΣΤΙΚΗ ΕΦΑΡΜΟΓΗ ΡΑΔΙΕΝΕΡΓΟΥ ΥΛΙΚΟΥ Ή ΚΑΘΕΤΗΡΑ;;;;;
7150;K513921;ΥΠΕΡΗΧΟΓΡΑΦΙΚΗ ΜΕΛΕΤΗ ΕΠΑΝΕΞΕΤΑΣΗΣ (ΑΝΑΦΕΡΑΤΕ ΛΕΠΤΟΜΕΡΩΣ);;;;;
7151;K513931;ΕΝΔΟΣΚΟΠΙΚΟ ΥΠΕΡΗΧΟΓΡΑΦΗΜΑ ΓΑΣΤΡΕΝΤΕΡΙΚΟΥ ΣΩΛΗΝΑ;;;;;
7152;K513935;ΥΠΕΡΗΧΟΓΡΑΦΙΚΗ ΜΕΤΡΗΣΗ ΟΣΤΙΚΗΣ ΠΥΚΝΟΤΗΤΑΣ ΚΑΙ ΕΡΜΗΝΕΙΑ, ΠΕΡΙΦΕΡΙΚΕΣ ΘΕΣΕΙΣ, ΟΠΟΙΑΔΗΠΟΤΕ ΜΕΘΟΔΟΣ;;;;;
7153;K513977;ΔΙΕΓΧΕΙΡΗΤΙΚΟ ΥΠΕΡΗΧΟΓΡΑΦΗΜΑ;;;;;
7154;K513979;ΜΗ ΚΑΤΑΓΕΓΡΑΜΜΕΝΗ ΥΠΕΡΗΧΟΓΡΑΦΙΚΗ ΔΙΑΔΙΚΑΣΙΑ (ΠΧ, ΔΙΑΓΝΩΣΤΙΚΗ, ΠΑΡΕΜΒΑΤΙΚΗ);;;;;
7155;K513979.1;ΒΙΟΨΙΑ ΕΠΙΦΑΝΕΙΑΚΟΥ ΟΡΓΑΝΟΥ ΥΠΟ ΥΠΕΡΗΧΟΓΡΑΦΙΚΟ ΕΛΕΓΧΟ;;;;;
7156;K513979.2;ΒΙΟΨΙΑ ΟΡΓΑΝΟΥ ΚΟΙΛΙΑΣ ΥΠΟ ΥΠΕΡΗΧΟΓΡΑΦΙΚΟ ΕΛΕΓΧΟ;;;;;
7157;K513979.3;ΥΠΕΡΗΧΟΓΡΑΦΗΜΑ ΑΝΩ-ΚΑΤΩ ΚΟΙΛΙΑΣ ΑΝΔΡΩΝ (ΗΠΑΤΟΣ, ΧΟΛΗΦΟΡΩΝ, ΠΑΓΚΡΕΑΤΟΣ, ΣΠΛΗΝΟΣ, ΝΕΦΡΩΝ, ΟΥΡΗΤΗΡΩΝ, ΟΥΡΟΔΟΧΟΥ ΚΥΣΤΕΩΣ, ΠΡΟΣΤΑΤΟΥ);;;;;
7158;K513979.4;ΥΠΕΡΗΧΟΓΡΑΦΗΜΑ ΑΝΩ-ΚΑΤΩ ΚΟΙΛΙΑΣ ΓΥΝΑΙΚΩΝ (ΗΠΑΤΟΣ, ΧΟΛΗΦΟΡΩΝ, ΠΑΓΚΡΕΑΤΟΣ, ΣΠΛΗΝΟΣ, ΝΕΦΡΩΝ, ΟΥΡΗΤΗΡΩΝ, ΟΥΡΟΔΟΧΟΥ ΚΥΣΤΕΩΣ, ΜΗΤΡΑΣ, ΩΟΘΗΚΩΝ);;;;;
7159;K513979.5;ΥΠΕΡΗΧΟΓΡΑΦΗΜΑ ΜΕ ΕΝΔΟΦΛΕΒΙΑ ΕΓΧΥΣΗ ΜΙΚΡΟΦΥΣΑΛΛΙΔΩΝ;;;;;
7160;K513979.6;ΥΠΕΡΗΧΟΓΡΑΦΗΜΑ ΠΑΧΕΟΣ ΕΝΤΕΡΟΥ ΔΙΟΡΘΙΚΟ;;;;;
7161;K513979.7;ΕΓΧΡΩΜΟ ΚΑΙ ΠΑΛΜΙΚΟ ΥΠΕΡΗΧΟΓΡΑΦΗΜΑ ΑΡΤΗΡΙΩΝ-ΦΛΕΒΩΝ ΑΝΩ ΑΚΡΟΥ ΓΙΑ ΠΡΟΣΒΑΣΗ ΜΟΣΧΕΥΜΑΤΟΣ ΑΙΜΟΚΑΘΑΡΣΗΣ ΑΜΦΟΤΕΡΟΠΛΕΥΡΟ;;;;;
Γ.7;ΑΚΤΙΝΟΛΟΓΙΚΕΣ ΚΑΘΟΔΗΓΗΣΕΙΣ;;;;;;
7162;K513983;ΑΚΤΙΝΟΣΚΟΠΙΚΗ ΚΑΘΟΔΗΓΗΣΗ ΓΙΑ ΤΗΝ ΤΟΠΟΘΕΤΗΣΗ ΣΥΣΚΕΥΗΣ ΠΡΟΣΒΑΣΗΣ ΚΕΝΤΡΙΚΗΣ ΦΛΕΒΑΣ, ΑΝΤΙΚΑΤΑΣΤΑΣΗ (ΚΑΘΕΤΗΡΑ ΜΟΝΟΝ, Ή ΠΛΗΡΗΣ), Ή ΑΦΑΙΡΕΣΗ (ΣΥΜΠΕΡΙΛΑΜΒΑΝΕΤΑΙ ΑΚΤΙΝΟΣΚΟΠΙΚΗ ΚΑΘΟΔΗΓΗΣΗ ΓΙΑ ΑΓΓΕΙΑΚΗ ΠΡΟΣΒΑΣΗ ΑΙΜΟΚΑΘΑΡΣΗΣ ΚΑΙ ΧΕΙΡΙΣΜΟΣ ΚΑΘΕΤΗΡΑ,  ΚΑΘΕ ΑΠΑΡΑΙΤΗΤΗ ΕΝΕΣΗ ΣΚΙΑΓΡΑΦΙΚΟΥ ΔΙΑ ΜΕΣΟΥ ΘΕΣΗΣ ΠΡΟΣΒΑΣΗΣ, Ή ΚΑΘΕΤΗΡΑ ΜΕ ΑΚΤΙΝΟΛΟΓΙΚΗ ΕΠΙΒΛΕΨΗ ΣΧΕΤΙΚΗΣ ΑΓΓΕΙΟΓΑΦΙΑΣ ΚΑΙ ΕΡΜΗΝΕΙΑ, ΚΑΙ ΑΚΤΙΝΟΛΟΓΙΚΗ ΤΕΚΜΗΡΙΩΣΗ ΤΕΛΙΚΗΣ ΘΕΣΗΣ ΚΑΘΕΤΗΡΑ) (ΚΑΤΑΧΩΡΗΣΤΕ ΞΕΧΩΡΙΣΤΑ ΕΠΙΠΛΕΟΝ ΤΟΥ ΚΩΔΙΚΟΥ ΤΗΣ ΑΡΧΙΚΗΣ ΔΙΑΔΙΚΑΣΙΑΣ);;;;;
7163;K513985;ΑΚΤΙΝΟΣΚΟΠΙΚΗ ΚΑΘΟΔΗΓΗΣΗ ΓΙΑ ΤΗΝ ΤΟΠΟΘΕΤΗΣΗ ΒΕΛΟΝΗΣ (ΠΧ, ΒΙΟΨΙΑ, ΑΝΑΡΡΟΦΗΣΗ, ΕΓΧΥΣΗ, ΣΥΣΚΕΥΗ ΕΝΤΟΠΙΣΗΣ);;;;;
7164;K513987;ΑΚΤΙΝΟΣΚΟΠΙΚΗ ΚΑΘΟΔΗΓΗΣΗ ΚΑΙ ΕΝΤΟΠΙΣΗ ΚΟΡΥΦΗΣ ΒΕΛΟΝΗΣ, Ή ΚΑΘΕΤΗΡΑ ΓΙΑ ΣΠΟΝΔΥΛΙΚΟ, Ή ΠΑΡΑΣΠΟΝΔΥΛΙΟ ΔΙΑΓΝΩΣΤΙΚΟ, Ή ΘΕΡΑΠΕΥΤΙΚΟ ΠΡΩΤΟΚΟΛΛΟ ΕΓΧΥΣΗΣ (ΕΠΙΣΚΛΗΡΙΔΙΟΣ, ΔΙΑΤΡΗΜΑΤΙΚΗ ΕΠΙΣΚΛΗΡΙΔΙΟΣ, ΥΠΑΡΑΧΝΟΕΙΔΗΣ, ΠΑΡΑΣΠΟΝΔΥΛΙΟΣ ΑΠΟΦΥΣΙΑΚΩΝ ΑΡΘΡΩΣΕΩΝ ΠΑΡΑΣΠΟΝΔΥΛΙΟ ΝΕΥΡΟ ΑΠΟΦΥΣΙΑΚΗΣ ΑΡΘΡΩΣΗΣ, Ή ΙΕΡΟΛΑΓΟΝΙΟΣ ΑΡΘΡΩΣΗ), ΣΥΜΠΕΡΙΛΑΜΒΑΝΟΜΕΝΗΣ ΚΑΤΑΣΤΡΟΦΗΣ ΜΕ ΝΕΥΡΟΛΥΤΙΚΟΥ ΠΑΡΑΓΟΝΤΑ;;;;;
7165;K514003;ΑΝΕΝΕΡΓΟΣ;;;;;
7166;K514005;ΚΑΘΟΔΗΓΗΣΗ ΑΞΟΝΙΚΗΣ ΤΟΜΟΓΡΑΦΙΑΣ ΓΙΑ ΤΟΠΟΘΕΤΗΣΗ ΒΕΛΟΝΗΣ ΚΑΙ ΛΗΨΗ ΒΙΟΨΙΑΣ (Π.Χ. ΠΑΘΗΣΕΙΣ ΠΑΡΕΓΧΥΜΑΤΙΚΩΝ ΟΡΓΑΝΩΝ, ΟΣΤΩΝ ΚΑΙ ΜΑΛΑΚΩΝ ΜΟΡΙΩΝ), ΑΚΤΙΝΟΛΟΓΙΚΗ ΕΠΙΒΛΕΨΗ ΚΑΙ ΕΡΜΗΝΕΙΑ;;;;;
7167;K514007;ΚΑΘΟΔΗΓΗΣΗ ΥΠΟΛΟΓΙΣΤΙΚΗΣ ΤΟΜΟΓΡΑΦΙΑΣ ΓΙΑ, ΚΑΙ ΚΑΤΑΓΡΑΦΗ ΑΦΑΙΡΕΣΗΣ ΠΑΡΕΓΧΥΜΑΤΙΚΟΥ ΙΣΤΟΥ;;;;;
7168;K514009;ΥΠΟΛΟΓΙΣΤΙΚΗ ΤΟΜΟΓΡΑΦΙΑ ΣΧΕΔΙΑΣΜΟΥ ΑΚΤΙΝΟΘΕΡΑΠΕΙΑΣ;;;;;
7169;K514023;ΚΑΘΟΔΗΓΗΣΗ ΜΑΓΝΗΤΙΚΗΣ ΤΟΜΟΓΡΑΦΙΑΣ ΓΙΑ ΤΟΠΟΘΕΤΗΣΗ ΒΕΛΟΝΗΣ ΚΑΙ ΛΗΨΗ ΒΙΟΨΙΑΣ (Π.Χ. ΠΑΘΗΣΕΙΣ ΠΑΡΕΓΧΥΜΑΤΙΚΩΝ ΟΡΓΑΝΩΝ, ΟΣΤΩΝ ΚΑΙ ΜΑΛΑΚΩΝ ΜΟΡΙΩΝ), ΑΚΤΙΝΟΛΟΓΙΚΗ ΕΠΙΒΛΕΨΗ ΚΑΙ ΕΡΜΗΝΕΙΑ;;;;;
7170;K514025;ΚΑΘΟΔΗΓΗΣΗ ΜΑΓΝΗΤΙΚΗΣ ΤΟΜΟΓΡΑΦΙΑΣ ΓΙΑ, ΚΑΙ ΑΠΕΙΚΟΝΙΣΗ ΑΦΑΙΡΕΣΗΣ ΠΑΡΕΓΧΥΜΑΤΙΚΟΥ ΙΣΤΟΥ;;;;;
7171;K514043;ΣΤΕΡΕΟΚΤΑΤΙΚΗ ΜΑΣΤΟΓΡΑΦΙΚΑ ΚΑΘΟΔΗΓΟΥΜΕΝΗ ΤΟΠΟΘΕΤΗΣΗ ΟΔΗΓΟΥ ΣΥΡΜΑΤΟΣ (HOOK);;;;;
7172;K514045; ΣΤΕΡΕΟΚΤΑΤΙΚΗ ΥΠΕΡΗΧΟΓΡΑΦΙΚΑ ΚΑΘΟΔΗΓΟΥΜΕΝΗ ΤΟΠΟΘΕΤΗΣΗ ΟΔΗΓΟΥ ΣΥΡΜΑΤΟΣ (HOOK);;;;;
7173;K514083;ΥΠΟΛΟΓΙΣΤΙΚΑ ΥΠΟΒΟΗΘΟΥΜΕΝΗ ΑΝΙΧΝΕΥΣΗ (ΑΛΓΟΡΙΘΜΙΚΗ ΑΝΑΛΥΣΗ ΔΕΔΟΜΕΝΩΝ ΨΗΦΙΑΚΗΣ ΕΙΚΟΝΑΣ ΣΕ ΥΠΟΛΟΓΙΣΤΗ ΓΙΑ ΤΗΝ ΑΝΙΧΝΕΥΣΗ ΒΛΑΒΗΣ) ΜΕ ΕΠΙΠΛΕΟΝ ΕΠΙΣΚΟΠΗΣΗ ΑΠΟ ΙΑΤΡΟ ΓΙΑ ΕΡΜΗΝΕΙΑ, ΜΕ, Ή ΑΝΕΥ ΨΗΦΙΟΠΟΙΗΣΗΣ ΦΙΛΜ ΑΚΤΙΝΟΛΟΓΙΚΩΝ ΑΠΕΙΚΟΝΙΣΕΩΝ. ΔΙΑΓΝΩΣΤΙΚΗ ΜΑΣΤΟΓΡΑΦΙΑ (ΚΑΤΑΧΩΡΗΣΤΕ ΞΕΧΩΡΙΣΤΑ, ΕΠΙΠΛΕΟΝ ΤΟΥ ΚΩΔΙΚΟΥ ΤΗΣ ΑΡΧΙΚΗΣ ΔΙΑΔΙΚΑΣΙΑΣ);;;;;
7174;K514085;ΥΠΟΛΟΓΙΣΤΙΚΑ ΥΠΟΒΟΗΘΟΥΜΕΝΗ ΑΝΙΧΝΕΥΣΗ (ΑΛΓΟΡΙΘΜΙΚΗ ΑΝΑΛΥΣΗ ΔΕΔΟΜΕΝΩΝ ΨΗΦΙΑΚΗΣ ΕΙΚΟΝΑΣ ΣΕ ΥΠΟΛΟΓΙΣΤΗ ΓΙΑ ΤΗΝ ΑΝΙΧΝΕΥΣΗ ΒΛΑΒΗΣ) ΜΕ ΕΠΙΠΛΕΟΝ ΕΠΙΣΚΟΠΗΣΗ ΑΠΟ ΙΑΤΡΟ ΓΙΑ ΕΡΜΗΝΕΙΑ, ΜΕ, Ή ΑΝΕΥ ΨΗΦΙΟΠΟΙΗΣΗΣ ΦΙΛΜ ΑΚΤΙΝΟΛΟΓΙΚΩΝ ΑΠΕΙΚΟΝΙΣΕΩΝ. ΜΑΣΤΟΓΡΑΦΙΑ SCREENING (ΚΑΤΑΧΩΡΗΣΤΕ ΞΕΧΩΡΙΣΤΑ, ΕΠΙΠΛΕΟΝ ΤΟΥ ΚΩΔΙΚΟΥ ΤΗΣ ΑΡΧΙΚΗΣ ΔΙΑΔΙΚΑΣΙΑΣ);;;;;
Γ.8;ΜΑΣΤΟΓΡΑΦΙΕΣ ΚΑΙ ΟΣΤΕΟΠΥΚΝΟΜΕΤΡΙΕΣ;;;;;;
7175;K514087;ΓΑΛΑΚΤΟΓΡΑΦΙΑ;;;;;
7176;K514089;ΑΝΕΝΕΡΓΟΣ;;;;;
7177;K514091;ΑΝΑΛΟΓΙΚΗ ΜΑΣΤΟΓΡΑΦΙΑ;;;;;
7178;K514093;ΨΗΦΙΟΠΟΙΗΜΕΝΗ ΜΑΣΤΟΓΡΑΦΙΑ;;;;;
7179;K514095;ΨΗΦΙΑΚΗ ΜΑΣΤΟΓΡΑΦΙΑ;;;;;
7180;K514097;ΑΝΕΝΕΡΓΟΣ;;;;;
7181;K514099;ΜΑΓΝΗΤΙΚΗ ΜΑΣΤΟΓΡΑΦΙΑ;;;;;
7182;K514123;ΑΝΕΝΕΡΓΟΣ;;;;;
7183;K514125;ΑΝΕΝΕΡΓΟΣ;;;;;
7184;K514127;ΜΕΛΕΤΕΣ ΜΗΚΟΥΣ ΟΣΤΩΝ - ΑΞΟΝΟΜΕΤΡΗΣΗ (ΣΚΑΝΟΓΡΑΜΜΑ);;;;;
7185;K514129;ΑΝΕΝΕΡΓΟΣ;;;;;
7186;K514131;ΑΝΕΝΕΡΓΟΣ;;;;;
7187;K514133;ΑΝΕΝΕΡΓΟΣ;;;;;
7188;K514135;ΑΝΕΝΕΡΓΟΣ;;;;;
7189;K514137;ΑΞΟΝΙΚΗ ΤΟΜΟΓΡΑΦΙΑ, ΜΕΛΕΤΗ ΟΣΤΙΚΗΣ ΠΥΚΝΟΤΗΤΑΣ, 1, Ή ΠΕΡΙΣΣΟΤΕΡΕΣ ΤΟΠΟΘΕΣΙΕΣ, ΑΞΟΝΙΚΟΥ ΣΚΕΛΕΤΟΥ (ΠΧ, ΙΣΧΙΑ, ΠΥΕΛΟΣ, ΣΠΟΝΔΥΛΙΚΗ ΣΤΗΛΗ);;;;;
7190;K514139;ΑΞΟΝΙΚΗ ΤΟΜΟΓΡΑΦΙΑ, ΜΕΛΕΤΗ ΟΣΤΙΚΗΣ ΠΥΚΝΟΤΗΤΑΣ, 1 Ή ΠΕΡΙΣΣΟΤΕΡΕΣ ΘΕΣΕΙΣ. ΠΕΡΙΦΕΡΙΚΟΥ ΣΚΕΛΕΤΟΥ (ΠΧ, ΚΕΡΚΙΔΑ, ΚΑΡΠΟΣ, ΠΤΕΡΝΑ);;;;;
7191;K514141;ΜΕΤΡΗΣΗ ΟΣΤΙΚΗΣ ΠΥΚΝΟΤΗΤΑΣ ΜΕ ΦΩΤΟΝΙΑ ΔΙΠΛΗΣ ΕΝΕΡΓΕΙΑΣ (ΙΣΧΙΟ ή Άλλη Θέση);;;;;
7192;K514143;ΜΕΤΡΗΣΗ ΟΣΤΙΚΗΣ ΠΥΚΝΟΤΗΤΑΣ ΜΕ ΦΩΤΟΝΙΑ ΔΙΠΛΗΣ ΕΝΕΡΓΕΙΑΣ (ΟΣΦΥΙΚΗ ΜΟΙΡΑ ΣΣ);;;;;
7193;K514145;ΜΕΤΡΗΣΗ ΟΣΤΙΚΗΣ ΠΥΚΝΟΤΗΤΑΣ ΜΕ ΥΠΕΡΗΧΟΓΡΑΦΙΑ;;;;;
7194;K514147;ΜΕΤΡΗΣΗ ΟΣΤΙΚΗΣ ΠΥΚΝΟΤΗΤΑΣ ΜΕ ΑΞΟΝΙΚΗ ΤΟΜΟΓΡΑΦΙΑ;;;;;
Γ.9;ΠΑΙΔΙΑΤΡΙΚΗ ΑΚΤΙΝΟΛΟΓΙΑ;;;;;;
7195;K514149;ΜΗ ΚΑΤΑΓΕΓΡΑΜΕΝΗ ΑΚΤΙΝΟΛΟΓΙΚΗ ΠΡΑΞΗ ΠΑΙΔΩΝ;;;;;
7196;K514149.1;ΑΚΤΙΝΟΓΡΑΦΙΑ ΚΡΑΝΙΟΥ ΚΑΤΑ ΤOWNES;;;;;
7197;K514149.2;ΑΚΤΙΝΟΓΡΑΦΙΑ ΤΡΑΧΗΛΟΥ ΠΛΑΓΙΑ;;;;;
7198;K514149.3;ΑΚΤΙΝΟΓΡΑΦΙΑ ΠΑΡΩΤΙΔΟΣ;;;;;
7199;K514149.4;ΑΚΤΙΝΟΓΡΑΦΙΑ ΥΠΟΓΝΑΘΙΩΝ ΣΙΕΛΟΓΟΝΩΝ ΑΔΕΝΩΝ - ΔΥΟ ΠΡΟΒΟΛΕΣ;;;;;
7200;K514149.5;ΑΚΤΙΝΟΓΡΑΦΙΑ ΟΔΟΝΤΩΝ ΑΝΩ ΓΝΑΘΟΥ;;;;;
7201;K514149.6;ΑΚΤΙΝΟΓΡΑΦΙΑ ΟΔΟΝΤΩΝ ΚΑΤΩ ΓΝΑΘΟΥ;;;;;
7202;K514149.7;ΑΚΤΙΝΟΣΚΟΠΙΚΟΣ ΕΛΕΓΧΟΣ ΚΙΝΗΤΙΚΟΤΗΤΑΣ ΦΑΡΥΓΓΑ-ΥΠΟΦΑΡΥΓΓΑ;;;;;
7203;K514149.8;ΑΚΤΙΝΟΛΟΓΙΚΟΣ ΕΛΕΓΧΟΣ ΚΙΝΗΤΙΚΟΤΗΤΑΣ ΦΑΡΥΓΓΑ-ΥΠΟΦΑΡΥΓΓΑ;;;;;
7204;K514149.9;ΑΚΤΙΝΟΓΡΑΦΙΑ ΘΩΡΑΚΟΣ ΜΕ ΟΡΙΖΟΝΤΙΑ ΔΕΣΜΗ;;;;;
7205;K514149.10;ΑΚΤΙΝΟΓΡΑΦΙΑ ΘΩΡΑΚΟΣ DECUBITUS;;;;;
7206;K514149.11;ΑΚΤΙΝΟΓΡΑΦΙΑ ΗΒΙΚΩΝ ΟΣΤΩΝ;;;;;
7207;K514149.12;ΑΚΤΙΝΟΓΡΑΦΙΑ ΚΕΦΑΛΗΣ ΜΗΡΙΑΟΥ ΟΣΤΟΥ;;;;;
7208;K514149.13;ΑΚΤΙΝΟΓΡΑΦΙΑ ΣΠΟΝΔΥΛΙΚΗΣ ΣΤΗΛΗΣ ΓΙΑ ΜΕΛΕΤΗ ΣΚΟΛΙΩΣΗΣ ΟΡΘΙΑ(ΑΠΛΗ ΚΑΙ ΣΕ ΚΑΜΨΗ);;;;;
7209;K514149.14;ΑΚΤΙΝΟΓΡΑΦΙΑ ΣΠΟΝΔΥΛΙΚΗΣ ΣΤΗΛΗΣ ΓΙΑ ΜΕΛΕΤΗ ΣΚΟΛΙΩΣΗΣ ΥΠΤΙΑ (ΑΠΛΗ ΚΑΙ ΣΕ ΚΑΜΨΗ);;;;;
7210;K514149.15;ΑΝΑΤΑΞΗ ΕΓΚΟΛΕΑΣΜΟΥ ΣΕ ΠΑΙΔΙ ΜΕ ΥΠΟΚΛΥΣΜΟ ΥΠΟ ΑΚΤΙΝΟΣΚΟΠΙΚΟ ΕΛΕΓΧΟ;;;;;
7211;K514149.16;ΑΝΑΤΑΞΗ ΕΓΚΟΛΕΑΣΜΟΥ ΣΕ ΠΑΙΔΙ ΜΕ ΥΠΟΚΛΥΣΜΟ ΥΠΟ ΥΠΕΡΗΧΟΓΡΑΦΙΚΟ ΕΛΕΓΧΟ;;;;;
7212;K514149.17;ΛΥΣΗ ΕΙΛΕΟΥ ΕΚ ΜΗΚΩΝΙΟΥ ΣΕ ΠΑΙΔΙ ΜΕ ΧΟΡΗΓΗΣΗ ΓΑΣΤΡΟΓΡΑΦΙΝΗΣ ΥΠΟ ΑΚΤΙΝΟΣΚΟΠΙΚΟ ΕΛΕΓΧΟ;;;;;
7213;K514149.18;ΥΠΕΡΗΧΟΓΡΑΦΗΜΑ ΜΕΣΟΘΩΡΑΚΙΟΥ ΣΕ ΠΑΙΔΙ;;;;;
7214;K514149.19;ΥΠΕΡΗΧΟΓΡΑΦΗΜΑ ΥΠΕΡΚΛΕΙΔΙΟΥ ΒΟΘΡΟΥ ;;;;;
7215;K514149.20;ΥΠΕΡΗΧΟΓΡΑΦΗΜΑ ΣΤΟΜΑΧΟΥ ΚΑΙ ΠΥΛΩΡΟΥ ΣΕ ΠΑΙΔΙ;;;;;
7216;K514149.21;ΑΠΛΗ ΑΚΤΙΝΟΓΡΑΦΙΑ ΘΩΡΑΚΟΣ - ΚΟΙΛΙΑΣ ΣΕ ΝΕΟΓΝΟ;;;;;
Γ.10;ΑΚΤΙΝΟΘΕΡΑΠΕΙΑ;;;;;;
7217;K514503;ΣΧΕΔΙΑΣΜΟΣ ΔΟΜΩΝ ΕΝΔΙΑΦΕΡΟΝΤΟΣ AKTINOΘΕΡΑΠΕΙΑΣ. ΑΠΛΟΣ;;;;;
7218;K514505;ΣΧΕΔΙΑΣΜΟΣ  ΔΟΜΩΝ ΕΝΔΙΑΦΕΡΟΝΤΟΣ AKTINOΘΕΡΑΠΕΙΑΣ, ΜΕΣΑΙΟΣ  3-ΔΙΑΣΤΑΤΟΣ (3D),  ΓΙΑ ΣΥΜΜΟΡΦΗ ΑΚΤΙΝΟΘΕΡΑΠΕΙΑ Ή 3-ΔΙΑΣΤΑΤΗ (3D) ΒΡΑΧΥΘΕΡΑΠΕΙΑ);;;;;
7219;K514507;ΣΧΕΔΙΑΣΜΟΣ ΔΟΜΩΝ ΕΝΔΙΑΦΕΡΟΝΤΟΣ AKTINOΘΕΡΑΠΕΙΑΣ, ΣΥΝΘΕΤOΣ (ΔΙΑΜΟΡΦΟΥΜΕΝΗΣ ΕΝΤΑΣΗΣ);;;;;
7220;K514541;ΠΡΟΣΟΜΟΙΩΣΗ ΠΕΔΙΩΝ ΑΚΤΙΝΟΘΕΡΑΠΕΙΑΣ, ΣΕ ΚΛΑΣΣΙΚΟ ΕΞΟΜΟΙΩΤΗ, ΑΠΛΗ ΓΙΑ 2-ΔΙΑΣΤΑΤΟ (2D) ΣΧΕΔΙΑΣΜΟ ΘΕΡΑΠΕΙΑΣ;;;;;
7221;K514551;ΠΡΟΣΟΜΟΙΩΣΗ ΠΕΔΙΩΝ ΑΚΤΙΝΟΘΕΡΑΠΕΙΑΣ, ΣΕ ΚΛΑΣΣΙΚΟ ΕΞΟΜΟΙΩΤΗ, ΣΥΝΘΕΤΗ ΓΙΑ 3-ΔΙΑΣΤΑΤΟ (3D) ΣΧΕΔΙΑΣΜΟ ΘΕΡΑΠΕΙΑΣ;;;;;
7222;K514561;ΠΡΟΣΟΜΟΙΩΣΗ ΠΕΔΙΩΝ ΑΚΤΙΝΟΘΕΡΑΠΕΙΑΣ, ΣΕ ΚΛΑΣΣΙΚΟ ΕΞΟΜΟΙΩΤΗ ΜΕ ΧΡΗΣΗ 3-ΔΙΑΣΤΑΤΗΣ ΑΠΕΙΚΟΝΙΣΗΣ (CBCT);;;;;
7223;K514571;ΠΡΟΣΟΜΟΙΩΣΗ ΠΕΔΙΩΝ ΑΚΤΙΝΟΘΕΡΑΠΕΙΑΣ, 3-ΔΙΑΣΤΑΤΗΣ ΑΠΕΙΚΟΝΙΣΗΣ ΠΑΡΑΓΟΜΕΝΗ ΑΠΟ ΥΠΟΛΟΓΙΣΤΗ (VIRTUAL SIMULATION).;;;;;
7224;K514579;ΜΗ ΚΑΤΑΓΕΓΡΑΜΜΕΝΗ ΔΙΑΔΙΚΑΣΙΑ, ΣΧΕΔΙΑΣΜΟΣ ΠΛΑΝΟΥ ΘΕΡΑΠΕΙΑΣ ΑΚΤΙΝΟΘΕΡΑΠΕΙΑΣ;;;;;
7225;K514579.1;ΣΥΜΒΟΥΛΕΥΤΙΚΗ ΑΚΤΙΝΟΘΕΡΑΠΕΥΤΗ ΟΓΚΟΛΟΓΟΥ (ΠΡΏΤΟ ΡΑΝΤΕΒΟΥ, ΕΞΩΤΕΡΙΚΟ ΙΑΤΡΕΙΟ, Κ.Α.);;;;;
7226;K514581;ΒΑΣΙΚΟΣ ΔΟΣΙΜΕΤΡΙΚΟΣ ΥΠΟΛΟΓΙΣΜΟΣ ΑΚΤΙΝΟΦΥΣΙΚΗΣ, ΥΠΟΛΟΓΙΣΜΟΣ ΔΟΣΗΣ ΒΑΘΟΥΣ ΚΕΝΤΡΙΚΟΥ ΑΞΟΝΑ, ΥΠΟΛΟΓΙΣΜΟΣ TDF, NSD, GAP, ΠΑΡΑΓΟΝΤΑ ΑΠΟΚΛΙΝΟΝΤΑ ΑΞΟΝΑ, ΠΑΡΑΓΟΝΤΕΣ ΑΝΟΜΟΙΟΓΕΝΕΙΑΣ, ΥΠΟΛΟΓΙΣΜΟΣ ΕΠΙΦΑΝΕΙΑΚΗΣ ΜΗ-ΙΟΝTΙΖΟΥΣΑΣ ΑΚΤΙΝΟΒΟΛΙΑΣ ΚΑΙ ΔΟΣΗΣ ΒΑΘΟΥΣ, ΟΠΩΣ ΑΠΑΙΤΕΙΤΑΙ ΚΑΤΑ ΤΗ ΔΙΑΡΚΕΙΑ ΤΗΣ ΘΕΡΑΠΕΙΑΣ;;;;;
7227;K514583;ΣΧΕΔΙΑΣΜΟΣ ΠΛΑΝΟΥ ΘΕΡΑΠΕΙΑΣ ΚΑΙ ΔΟΣΙΜΕΤΡΙΚΟΣ ΥΠΟΛΟΓΙΣΜΟΣ ΚΑΤΑΝΟΜΗΣ ΔΟΣΗΣ ΠΕΔΙΩΝ ΔΙΑΜΟΡΦΟΥΜΕΝΗΣ ΕΝΤΑΣΗΣ, ΣΥΜΠΕΡΙΛΑΜΒΑΝΟΜΕΝΩΝ ΙΣΤΟΓΡΑΜΜΑΤΩΝ ΟΓΚΟΥ-ΔΟΣΗΣ ΓΙΑ ΣΤΟΧΟ ΚΑΙ ΠΡΟΔΙΑΓΡΑΦΕΣ ΑΝΟΧΗΣ ΚΡΙΣΙΜΩΝ ΔΟΜΩΝ. ΑΠΛΟΣ (ΣΥΜΒΑΤΙΚΗ IMRT);;;;;
7228;K514591;ΣΧΕΔΙΑΣΜΟΣ ΠΛΑΝΟΥ ΘΕΡΑΠΕΙΑΣ ΚΑΙ ΔΟΣΙΜΕΤΡΙΚΟΣ ΥΠΟΛΟΓΙΣΜΟΣ. ΑΠΛΟΣ, (1 Ή 2 ΑΝΤΙΘΕΤΑ ΠΕΔΙΑ);;;;;
7229;K514601;ΣΧΕΔΙΑΣΜΟΣ ΠΛΑΝΟΥ ΘΕΡΑΠΕΙΑΣ ΚΑΙ ΔΟΣΙΜΕΤΡΙΚΟΣ ΥΠΟΛΟΓΙΣΜΟΣ. ΜΕΣΑΙΟΣ (2 ΜΗ ΑΝΤΙΘΕΤΑ, Ή ΠΕΡΙΣΣΟΤΕΡΑ, ΜΗ-ΣΥΝΕΠΙΠΕΔΑ (3D) ΠΕΔΙΑ, ΕΦΑΠΤΟΜΕΝΑ ΠΕΔΙΑ);;;;;
7230;K514611;"ΣΧΕΔΙΑΣΜΟΣ ΠΛΑΝΟΥ ΘΕΡΑΠΕΙΑΣ ΚΑΙ ΔΟΣΙΜΕΤΡΙΚΟΣ ΥΠΟΛΟΓΙΣΜΟΣ. ΣΥΝΘΕΤΟΣ (ΑΝΕΣΤΡΑΜΕΝΟY ""Υ"", ΜΑΝΔΥΑ, ΗΜΙΣΩΜΑΤΙΚΗΣ, ΝΕΥΡΑΞΟΝΑ, ΑΝΤΙΣΤΑΘΜΙΣΤΩΝ, ΣΥΝΘΕΤΩΝ ΜΠΛΟΚΣ, ΠΕΡΙΣΤΡΟΦΙΚΗΣ ΔΕΣΜΗΣ)";;;;;
7231;K514623;ΕΙΔΙΚΟΣ ΔΟΣΙΜΕΤΡΙΚΟΣ ΣΧΕΔΙΑΣΜΟΣ ΑΚΤΙΝΟΘΕΡΑΠΕΙΑΣ ΕΞΩΤΕΡΙΚΗΣ ΔΕΣΜΗΣ ( ΟΛΟΣΩΜΑΤΙΚΗ);;;;;
7232;K514633;ΠΛΑΝΟ ΒΡΑΧΥΘΕΡΑΠΕΙΑΣ - ΔΟΣΙΜΕΤΡΙΚΟΣ ΥΠΟΛΟΓΙΣΜΟΣ ΙΣΟΔΟΣΙΑΚΩΝ, ΑΠΛΟΣ (ΥΠΟΛΟΓΙΣΜΟΣ ΑΠΟ ΕΝΑ ΕΠΙΠΕΔΟ, 1 ΕΩΣ 4 ΠΗΓΕΣ/ΕΦΑΡΜΟΓΗ ΡΑΒΔΟΥ, ΒΡΑΧΥΘΕΡΑΠΕΙΑ ΜΕΤΑΦΟΡΤΙΣΗΣ ΕΞ ΑΠΟΣΤΑΣΕΩΣ, 1 ΕΩΣ 8 ΕΦΑΡΜΟΓΕΙΣ);;;;;
7233;K514635;ΠΛΑΝΟ ΒΡΑΧΥΘΕΡΑΠΕΙΑΣ - ΔΟΣΙΜΕΤΡΙΚΟΣ ΥΠΟΛΟΓΙΣΜΟΣ ΙΣΟΔΟΣΙΑΚΩΝ,  ΜΕΣΑΙΟΣ (ΥΠΟΛΟΓΙΣΜΟΙ ΔΟΣΕΩΝ ΠΟΛΛΑΠΛΩΝ ΕΠΙΠΕΔΩΝ, ΕΦΑΡΜΟΓΕΣ ΠΟΥ ΕΜΠΛΕΚΟΥΝ 5 ΕΩΣ 10 ΠΗΓΕΣ/ΡΑΒΔΟΥΣ, ΒΡΑΧΥΘΕΡΑΠΕΙΑ ΜΕΤΑΦΟΡΤΙΣΗΣ ΕΞ ΑΠΟΣΤΑΣΕΩΣ, 9 ΕΩΣ 12 ΕΦΑΡΜΟΓΕΙΣ);;;;;
7234;K514637;ΠΛΑΝΟ ΒΡΑΧΥΘΕΡΑΠΕΙΑΣ - ΙΣΟΔΟΣΙΚΟΣ ΥΠΟΛΟΓΙΣΜΟΣ, ΣΥΝΘΕΤΟ (ΥΠΟΛΟΓΙΣΜΟΣ ΔΟΣΕΩΝ ΠΟΛΛΑΠΛΩΝ ΕΠΙΠΕΔΩΝ, ΥΠΟΛΟΓΙΣΜΟΙ ΟΓΚΟΥ ΕΜΦΥΤΕΥΜΑΤΩΝ, ΧΡΗΣΗ ΠΕΡΙΣΣΟΤΕΡΩΝ ΑΠΟ 10 ΠΗΓΩΝ/ΡΑΒΔΩΝ, ΕΙΔΙΚΗ ΧΩΡΙΚΗ ΑΝΑΚΑΤΑΣΚΕΥΗ, ΒΡΑΧΥΘΕΡΑΠΕΙΑ ΜΕΤΑΦΟΡΤΙΣΗΣ ΕΞ ΑΠΟΣΤΑΣΕΩΣ, ΠΕΡΙΣΣΟΤΕΡΟΙ ΑΠΟ 12 ΕΦΑΡΜΟΓΕΙΣ);;;;;
7235;K514643;ΕΙΔΙΚΗ ΔΟΣΙΜΕΤΡΙΑ (ΠΧ: TLD, ΔΙΟΔΟΥΣ, IN-VIVO κ.α.);;;;;
7236;K514645;ΕΞΑΡΤΗΜΑΤΑ ΘΕΡΑΠΕΙΑΣ, ΣΧΕΔΙΑΣΜΟΣ ΚΑΙ ΚΑΤΑΣΚΕΥΗ. ΑΠΛΑ (TRAY ΜΕ ΤΥΠΟΠΟΙΗΜΕΝΑ ΜΠΛΟΚ, BOLUS, ΑΠΛO MOUTH BITE, κ.α.);;;;;
7237;K514647;ΑΚΙΝΗΤΟΠΟΙΗΣΗ ΣΤΕΡΕΟΤΑΞΙΑΣ, ΜΗ ΕΠΕΜΒΑΤΙΚΗ ;;;;;
7238;K514649;ΕΞΑΡΤΗΜΑΤΑ ΘΕΡΑΠΕΙΑΣ, ΣΧΕΔΙΑΣΜΟΣ ΚΑΙ ΚΑΤΑΣΚΕΥΗ, ΣΥΝΘΕΤΑ (ΕΞΑΤΟΜΙΚΕΥΜΕΝΑ ΜΠΛΟΚ, ΜΑΣΚΕΣ, ΣΤΡΩΜΑΤΑ, ΕΞΑΤΟΜΙΚΕΥΜΕΝΑ MOUTH BITE, ΑΝΤΙΣΤΑΘΜΙΣΤΕΣ, κ.α.);;;;;
7239;K514653;ΣΥΝΕΧΟΜΕΝΗ ΣΥΜΒΟΥΛΕΥΤΙΚΗ, ΤΟΥ ΑΚΤΙΝΟΘΕΡΑΠΕΥΤΗ ΟΓΚΟΛΟΓΟΥ, ΣΥΜΠΕΡΙΛΑΜΒΑΝΟΜΕΝΗΣ ΕΚΤΙΜΗΣΗΣ ΘΕΡΑΠΕΥΤΙΚΩΝ ΠΑΡΑΜΕΤΡΩΝ, ΑΝΑΣΚΟΠΗΣΗ ΤΕΚΜΗΡΙΩΣΗΣ ΘΕΡΑΠΕΙΑΣ ΑΣΘΕΝΟΥΣ, ΑΝΑΦΕΡΟΜΕΝΗ ΣΕ ΚΑΘΕ ΕΒΔΟΜΑΔΑ ΤΗΣ ΘΕΡΑΠΕΙΑΣ;;;;;
7240;K514721;ΣΥΝΕΧΟΜΕΝΗ ΣΥΜΒΟΥΛΕΥΤΙΚΗ, ΑΚΤΙΝΟΦΥΣΙΚΟΥ, ΣΥΜΠΕΡΙΛΑΜΒΑΝΟΜΕΝΗΣ ΠΙΣΤΟΠΟΙΗΣΗΣ ΠΟΙΟΤΗΤΑΣ ΧΟΡΗΓΟΥΜΕΝΗΣ ΔΟΣΗΣ, ΑΝΑΦΕΡΟΜΕΝΗ ΣΕ ΚΑΘΕ ΕΒΔΟΜΑΔΑ ΤΗΣ ΘΕΡΑΠΕΙΑΣ;;;;;
7241;K514723;ΕΦΑΡΜΟΓΗ ΣΤΕΡΕΟΤΑΚΤΙΚΗΣ ΑΚΤΙΝΟΧΕΙΡΟΥΡΓΙΚΗΣ / ΑΚΤΙΝΟΘΕΡΑΠΕΙΑΣ, ΚΡΑΝΙΑΚΩΝ ΒΛΑΒΩΝ, 1 - 5 ΣΥΝΕΔΡΙΕΣ, ΜΟΝΑΔΑ ΠΟΛΛΑΠΛΩΝ ΠΗΓΩΝ ΚΟΒΑΛΤΙΟΥ-60  ( ΠΕΡΙΛΑΜΒΑΝΕΤΑΙ ΟΛΗ Η ΑΠΑΙΤΟΥΜΕΝΗ ΔΙΑΔΙΚΑΣΙΑ);;;;;
7242;K514725;ΕΦΑΡΜΟΓΗ ΣΤΕΡΕΟΤΑΚΤΙΚΗΣ ΑΚΤΙΝΟΧΕΙΡΟΥΡΓΙΚΗΣ / ΑΚΤΙΝΟΘΕΡΑΠΕΙΑΣ, ΚΡΑΝΙΑΚΩΝ ΒΛΑΒΩΝ, 1 - 5 ΣΥΝΕΔΡΙΕΣ, ΜΕ ΓΡΑΜΜΙΚΟ ΕΠΙΤΑΧΥΝΤΗ, ΕΠΕΜΒΑΤΙΚΟ - ΕΠΑΝΑΤΟΠΟΘΕΤΟΥΜΕΝΟ ΠΛΑΙΣΙΟ Ή/ΚΑΙ ΣΤΕΡΕΟΣΚΟΠΙΚΗ ΑΠΕΙΚΟΝΙΣΗ ΣΥΜΠΕΡΙΛΑΜΒΑΝΟΜΕΝΗΣ ΤΗΣ ΑΠΕΙΚΟΝΙΣΤΙΚΗΣ ΚΑΘΟΔΗΓΗΣΗΣ (ΠΕΡΙΛΑΜΒΑΝΕΤΑΙ ΟΛΗ Η ΑΠΑΙΤΟΥΜΕΝΗ ΔΙΑΔΙΚΑΣΙΑ);;;;;
7243;K514727;ΕΦΑΡΜΟΓΗ ΣΤΕΡΕΟΤΑΚΤΙΚΗΣ ΣΩΜΑΤΙΚΗΣ ΑΚΤΙΝΟΘΕΡΑΠΕΙΑΣ, ΧΟΡΗΓΗΣΗ ΘΕΡΑΠΕΙΑΣ, ΚΛΑΣΜΑΤΙΚΑ ΣΕ 1 Ή ΠΕΡΙΣΣΟΤΕΡΕΣ ΒΛΑΒΕΣ, ΣΥΜΠΕΡΙΛΑΜΒΑΝΟΜΕΝΗΣ ΣΤΕΡΕΟΣΚΟΠΙΚΗΣ ΑΠΕΙΚΟΝΙΣΤΙΚΗΣ Ή/ΚΑΙ ΑΛΛΗΣ ΚΑΤΑΛΛΗΛΗΣ ΚΑΘΟΔΗΓΗΣΗΣ ΚΑΙ ΧΡΗΣΗ ΕΜΦΥΤΕΥΜΕΝΩΝ MARKERS, 1 - 5 ΣΥΝΕΔΡΙΕΣ ( ΠΕΡΙΛΑΜΒΑΝΕΤΑΙ ΟΛΗ Η ΑΠΑΙΤΟΥΜΕΝΗ ΔΙΑΔΙΚΑΣΙΑ);;;;;
7244;K514779;ΜΗ ΚΑΤΑΓΕΓΡΑΜΜΕΝΗ ΔΙΑΔΙΚΑΣΙΑ, ΑΚΤΙΝΟΦΥΣΙΚΟΥ, ΔΟΣΙΜΕΤΡΙΑ, ΣΥΣΚΕΥΕΣ ΘΕΡΑΠΕΙΑΣ ΚΑΙ ΕΙΔΙΚΕΣ ΥΠΗΡΕΣΙΕΣ;;;;;
7245;K514779.1;ΣΧΕΔΙΑΣΜΟΣ ΠΛΑΝΟΥ ΘΕΡΑΠΕΙΑΣ ΚΑΙ ΔΟΣΙΜΕΤΡΙΚΟΣ ΥΠΟΛΟΓΙΣΜΟΣ ΚΑΤΑΝΟΜΗΣ ΔΟΣΗΣ ΠΕΔΙΩΝ ΔΙΑΜΟΡΦΟΥΜΕΝΗΣ ΕΝΤΑΣΗΣ, ΜΕΣΑΙΟΣ (ΟΓΚΟΜΕΤΡΙΚΗ IMRT ΜΕΤΑΒΛΗΤΟΥ ΡΥΘΜΟΥ);;;;;
7246;K514779.2;ΣΧΕΔΙΑΣΜΟΣ ΠΛΑΝΟΥ ΘΕΡΑΠΕΙΑΣ ΚΑΙ ΔΟΣΙΜΕΤΡΙΚΟΣ ΥΠΟΛΟΓΙΣΜΟΣ ΚΑΤΑΝΟΜΗΣ ΔΟΣΗΣ ΠΕΔΙΩΝ ΔΙΑΜΟΡΦΟΥΜΕΝΗΣ ΕΝΤΑΣΗΣ, ΣΥΝΘΕΤΟΣ (ΕΛΙΚΟΕΙΔΗΣ Ή ΟΓΚΟΜΕΤΡΙΚΗ ΙΜRΤ ΜΕΤΑΒΛΗΤΟΥ ΡΥΘΜΟΥ ΜΕ ΠΕΡΙΣΣΟΤΕΡΑ ΑΠΌ 2 ΤΟΞΑ Ή ΠΕΡΙΣΣΟΤΕΡΑ ΤΟΥ ΕΝΟΣ ΙΣΟΚΕΝΤΡΑ);;;;;
7247;Κ514779.3;ΣΧΕΔΙΑΣΜΟΣ ΠΛΑΝΟΥ ΘΕΡΑΠΕΙΑΣ ΚΑΙ ΔΟΣΙΜΕΤΡΙΚΟΣ ΥΠΟΛΟΓΙΣΜΟΣ ΚΑΤΑΝΟΜΗΣ ΔΟΣΗΣ ΣΤΕΡΕΟΤΑΚΤΙΚΗΣ ΑΚΤΙΝΟΘΕΡΑΠΕΙΑΣ;;;;;
7248;K514783;ΑΚΤΙΝΟΘΕΡΑΠΕΥΤΙΚΗ ΣΥΝΕΔΡΙΑ, ΕΠΙΦΑΝΕΙΑΚΗ-ΟΡΘΟΔΥΝΑΜΙΚΗ (50 - 300 kV);;;;;
7249;K514785;ΑΚΤΙΝΟΘΕΡΑΠΕΥΤΙΚΗ ΣΥΝΕΔΡΙΑ , ΜΙΑ ΠΕΡΙΟΧΗ ΘΕΡΑΠΕΙΑΣ, ΈΝΑ Ή ΔΥΟ ΑΝΤΙΘΕΤΑ ΠΕΔΙΑ, ΜΕ Η ΧΩΡΙΣ ΜΠΛΟΚ, ΜΟΝΑΔΑ ΚΟΒΑΛΤΙΟΥ;;;;;
7250;K514787;ΑΚΤΙΝΟΘΕΡΑΠΕΥΤΙΚΗ ΣΥΝΕΔΡΙΑ , ΜΙΑ ΠΕΡΙΟΧΗ ΘΕΡΑΠΕΙΑΣ, ΈΝΑ Ή ΔΥΟ ΑΝΤΙΘΕΤΑ ΠΕΔΙΑ, ΜΕ  Ή ΧΩΡΙΣ ΜΠΛΟΚ, ΣΕ ΓΡΑΜΜΙΚΟ ΕΠΙΤΑΧΥΝΤΗ, ΧΡΗΣΙΜΟΠΟΙΟΥΜΕΝΗ ΕΝΕΡΓΕΙΑ ΕΩΣ 10 MV;;;;;
7251;K514789;ΑΚΤΙΝΟΘΕΡΑΠΕΥΤΙΚΗ ΣΥΝΕΔΡΙΑ , ΜΙΑ ΠΕΡΙΟΧΗ ΘΕΡΑΠΕΙΑΣ, 1 Ή 2 ΑΝΤΙΘΕΤΑ ΠΕΔΙΑ, ΣΕ ΓΡΑΜΜΙΚΟ ΕΠΙΤΑΧΥΝΤΗ ΜΕ  Ή ΧΩΡΙΣ ΜΠΛΟΚ,  ΧΡΗΣΙΜΟΠΟΙΟΥΜΕΝΗ ΕΝΕΡΓΕΙΑ ΜΕΓΑΛΥΤΕΡΗ ΤΩΝ 10 MV;;;;;
7252;K514793;ΑΚΤΙΝΟΘΕΡΑΠΕΥΤΙΚΗ ΣΥΝΕΔΡΙΑ, ΣΕ ΓΡΑΜΜΙΚΟ ΕΠΙΤΑΧΥΝΤΗ, ΜΙΑ ΠΕΡΙΟΧΗ ΘΕΡΑΠΕΙΑΣ, 2 ΖΕΥΓΗ ΑΝΤΙΘΕΤΩΝ ΠΕΔΙΩΝ, Ή ΔΥΟ ΕΦΑΠΤΟΜΕΝΑ ΠΕΔΙΑ, ΜΕ Ή ΧΩΡΙΣ ΜΠΛΟΚ, Ή/ΚΑΙ ΔΕΣΜΗ ΗΛΕΚΤΡΟΝΙΩΝ, ΣΕ ΓΡΑΜΜΙΚΟ ΕΠΙΤΑΧΥΝΤΗ,  ΧΡΗΣΙΜΟΠΟΙΟΥΜΕΝΗ ΕΝΕΡΓΕΙΑ ΕΩΣ 10 MV/MeV;;;;;
7253;K514795;ΑΚΤΙΝΟΘΕΡΑΠΕΥΤΙΚΗ ΣΥΝΕΔΡΙΑ, ΣΕ ΓΡΑΜΜΙΚΟ ΕΠΙΤΑΧΥΝΤΗ, ΜΙΑ ΠΕΡΙΟΧΗ ΘΕΡΑΠΕΙΑΣ, 2 ΖΕΥΓΗ ΑΝΤΙΘΕΤΩΝ ΠΕΔΙΩΝ, Ή ΔΥΟ ΕΦΑΠΤΟΜΕΝΑ ΠΕΔΙΑ, ΜΕ Ή ΧΩΡΙΣ ΜΠΛΟΚ,  Ή/ΚΑΙ ΔΕΣΜΗ ΗΛΕΚΤΡΟΝΙΩΝ, ΣΕ ΓΡΑΜΜΙΚΟ ΕΠΙΤΑΧΥΝΤΗ, ΧΡΗΣΙΜΟΠΟΙΟΥΜΕΝΗ ΕΝΕΡΓΕΙΑ ΜΕΓΑΛΥΤΕΡΗ ΤΩΝ 10 MV/MeV;;;;;
7254;K514797;ΑΚΤΙΝΟΘΕΡΑΠΕΥΤΙΚΗ ΣΥΝΕΔΡΙΑ , 2 Ή ΠΕΡΙΣΣΟΤΕΡΕΣ ΔΙΑΦΟΡΕΤΙΚΕΣ ΠΕΡΙΟΧΕΣ ΘΕΡΑΠΕΙΑΣ,  Ή 3 Ή ΠΕΡΙΣΣΟΤΕΡΑ ΠΕΔΙΑ ΣΕ ΜΙΑ ΠΕΡΙΟΧΗ ΘΕΡΑΠΕΙΑΣ, ΜΟΝΑΔΑ ΚΟΒΑΛΤΙΟΥ;;;;;
7255;K514799;ΑΚΤΙΝΟΘΕΡΑΠΕΥΤΙΚΗ ΣΥΝΕΔΡΙΑ , 2 Ή ΠΕΡΙΣΣΟΤΕΡΕΣ ΔΙΑΦΟΡΕΤΙΚΕΣ ΠΕΡΙΟΧΕΣ ΘΕΡΑΠΕΙΑΣ,  Ή 3 Ή ΠΕΡΙΣΣΟΤΕΡΑ ΠΕΔΙΑ ΣΕ ΜΙΑ ΠΕΡΙΟΧΗ ΘΕΡΑΠΕΙΑΣ, ΠΕΡΙΣΤΡΕΦΟΜΕΝΗ ΔΕΣΜΗ, Ή/ΚΑΙ ΔΕΣΜΕΣ ΗΛΕΚΤΡΟΝΙΩΝ, ΣΕ ΓΡΑΜΜΙΚΟ ΕΠΙΤΑΧΥΝΤΗ, ΧΡΗΣΙΜΟΠΟΙΟΥΜΕΝΗ ΕΝΕΡΓΕΙΑ  ΕΩΣ 10 MV/MeV;;;;;
7256;K514803;ΑΚΤΙΝΟΘΕΡΑΠΕΥΤΙΚΗ ΣΥΝΕΔΡΙΑ , 2 Ή ΠΕΡΙΣΣΟΤΕΡΕΣ ΔΙΑΦΟΡΕΤΙΚΕΣ ΠΕΡΙΟΧΕΣ ΘΕΡΑΠΕΙΑΣ,  Ή 3 Ή ΠΕΡΙΣΣΟΤΕΡΑ ΠΕΔΙΑ ΣΕ ΜΙΑ ΠΕΡΙΟΧΗ ΘΕΡΑΠΕΙΑΣ, ΠΕΡΙΣΤΡΕΦΟΜΕΝΗ ΔΕΣΜΗ, Ή/ΚΑΙ ΔΕΣΜΕΣ ΗΛΕΚΤΡΟΝΙΩΝ, ΣΕ ΓΡΑΜΜΙΚΟ ΕΠΙΤΑΧΥΝΤΗ,  ΧΡΗΣΙΜΟΠΟΙΟΥΜΕΝΗ ΕΝΕΡΓΕΙΑ ΜΕΓΑΛΥΤΕΡΗ ΤΩΝ 10 MV/MeV;;;;;
7257;K514805;ΕΦΑΡΜΟΓΗ ΣΤΕΡΕΟΤΑΚΤΙΚΗΣ ΑΚΤΙΝΟΧΕΙΡΟΥΡΓΙΚΗΣ / ΑΚΤΙΝΟΘΕΡΑΠΕΙΑΣ, ΚΡΑΝΙΑΚΩΝ ΒΛΑΒΩΝ, 6 - 10 ΣΥΝΕΔΡΙΕΣ, ΜΕ ΓΡΑΜΜΙΚΟ ΕΠΙΤΑΧΥΝΤΗ, ΕΠΑΝΑΤΟΠΟΘΕΤΟΥΜΕΝΟ ΠΛΑΙΣΙΟ Ή/ΚΑΙ ΣΤΕΡΕΟΣΚΟΠΙΚΗ ΑΠΕΙΚΟΝΙΣΗ ΣΥΜΠΕΡΙΛΑΜΒΑΝΟΜΕΝΗΣ ΤΗΣ ΑΠΕΙΚΟΝΙΣΤΙΚΗΣ ΚΑΘΟΔΗΓΗΣΗΣ (ΠΕΡΙΛΑΜΒΑΝΕΤΑΙ ΟΛΗ Η ΑΠΑΙΤΟΥΜΕΝΗ ΔΙΑΔΙΚΑΣΙΑ);;;;;
7258;K514807;ΕΦΑΡΜΟΓΗ ΣΤΕΡΕΟΤΑΚΤΙΚΗΣ ΑΚΤΙΝΟΘΕΡΑΠΕΙΑΣ, ΚΡΑΝΙΑΚΩΝ ΒΛΑΒΩΝ, ΠΕΡΙΣΣΟΤΕΡΕΣ ΤΩΝ 10 ΣΥΝΕΔΡΙΕΣ, ΜΕ ΓΡΑΜΜΙΚΟ ΕΠΙΤΑΧΥΝΤΗ, ΕΠΑΝΑΤΟΠΟΘΕΤΟΥΜΕΝΟ ΠΛΑΙΣΙΟ Ή/ΚΑΙ ΣΤΕΡΕΟΣΚΟΠΙΚΗ ΑΠΕΙΚΟΝΙΣΗ ΣΥΜΠΕΡΙΛΑΜΒΑΝΟΜΕΝΗΣ ΤΗΣ ΑΠΕΙΚΟΝΙΣΤΙΚΗΣ ΚΑΘΟΔΗΓΗΣΗΣ (ΠΕΡΙΛΑΜΒΑΝΕΤΑΙ ΟΛΗ Η ΑΠΑΙΤΟΥΜΕΝΗ ΔΙΑΔΙΚΑΣΙΑ);;;;;
7259;K514809;ΑΚΤΙΝΟΒΟΛΗΣΗ ΒΙΟΛΟΓΙΚΩΝ ΥΛΙΚΩΝ (ΠΕΡΙΛΑΜΒΑΝΕΤΑΙ ΟΛΗ Η ΑΠΑΙΤΟΥΜΕΝΗ ΔΙΑΔΙΚΑΣΙΑ);;;;;
7260;K514813;ΔΙΕΓΧΕΙΡΗΤΙΚΗ ΑΚΤΙΝΟΒΟΛΗΣΗ ΜΕ ΗΛΕΚΤΡΟΝΙΑ.ΠΕΡΙΛΑΜΒΑΝΕΤΑΙ ΟΛΗ Η ΑΠΑΙΤΟΥΜΕΝΗ ΔΙΑΔΙΚΑΣΙΑ (ΠΛΑΝΟ ΘΕΡΑΠΕΙΑΣ, ΔΟΣΙΜΕΤΡΙΚΟΣ ΣΧΕΔΙΑΣΜΟΣ);;;;;
7261;K514815;ΕΝΤΟΠΙΣΤΙΚΑ ΦΙΛΜ ΠΕΔΙΩΝ ΑΚΤΙΝΟΘΕΡΑΠΕΙΑΣ;;;;;
7262;K514817;ΣΥΝΕΔΡΙΑ ΑΚΤΙΝΟΘΕΡΑΠΕΙΑΣ ΔΙΑΜΟΡΦΟΥΜΕΝΗΣ ΕΝΤΑΣΗΣ (ΣΥΜΒΑΤΙΚΗ IMRT / ΟΓΚΟΜΕΤΡΙΚΗ IMRT);;;;;
7263;K514823;ΣΤΕΡΕΟΣΚΟΠΙΚΗ ΚΑΘΟΔΗΓΗΣΗ ΑΚΤΙΝΩΝ-Χ, 3-ΔΙΑΣΤΑΤΗ (3D) ΑΠΕΙΚΟΝΙΣΤΙΚΗ ΚΑΘΟΔΗΓΗΣΗ ΓΙΑ ΤΗΝ ΧΟΡΗΓΗΣΗ ΑΚΤΙΝΟΘΕΡΑΠΕΙΑΣ, ΑΝΑ ΣΥΝΕΔΡΙΑ;;;;;
7264;K514825;ΣΥΝΕΔΡΙΑ ΑΚΤΙΝΟΘΕΡΑΠΕΙΑΣ ΔΙΑΜΟΡΦΟΥΜΕΝΗΣ ΕΝΤΑΣΗΣ ΣΥΝΘΕΤΗ (ΕΛΙΚΟΕΙΔΗΣ Ή ΟΓΚΟΜΕΤΡΙΚΗ IMRT ΜΕ ΠΕΡΙΣΣΟΤΕΡΑ ΤΟΥ 1 ΤΟΞΑ Ή ΠΕΡΙΣΣΟΤΕΡΑ ΤΟΥ 1 ΙΣΟΚΕΝΤΡΑ);;;;;
7265;K514827;ΗΛΕΚΤΡΟΝΙΚΕΣ ΕΝΤΟΠΙΣΤΙΚΕΣ ΠΕΔΙΩΝ ΘΕΡΑΠΕΙΑΣ (ΑΝΑ ΣΥΝΕΔΡΙΑ);;;;;
7266;K514835;ΑΠΕΙΚΟΝΙΣΤΙΚΗ ΚΑΘΟΔΗΓΗΣΗ Kv-Kv, Kv-MV;;;;;
7267;K514843;ΕΦΑΡΜΟΓΗ ΣΤΕΡΕΟΤΑΚΤΙΚΗΣ ΣΩΜΑΤΙΚΗΣ ΑΚΤΙΝΟΘΕΡΑΠΕΙΑΣ, ΧΟΡΗΓΗΣΗ ΘΕΡΑΠΕΙΑΣ ΚΛΑΣΜΑΤΙΚΑ ΣΕ 1 Ή ΠΕΡΙΣΣΟΤΕΡΕΣ ΒΛΑΒΕΣ, ΣΥΜΠΕΡΙΛΑΜΒΑΝΟΜΕΝΗΣ ΣΤΕΡΕΟΣΚΟΠΙΚΗΣ ΑΠΕΙΚΟΝΙΣΤΙΚΗΣ Ή/ΚΑΙ ΑΛΛΗΣ ΚΑΤΑΛΛΗΛΗΣ ΚΑΘΟΔΗΓΗΣΗΣ ΚΑΙ ΧΡΗΣΗ ΕΜΦΥΤΕΥΜΕΝΩΝ MARKERS, 6 - 10 ΣΥΝΕΔΡΙΕΣ (ΠΕΡΙΛΑΜΒΑΝΕΤΑΙ ΟΛΗ Η ΑΠΑΙΤΟΥΜΕΝΗ ΔΙΑΔΙΚΑΣΙΑ);;;;;
7268;K514845;ΕΦΑΡΜΟΓΗ ΣΤΕΡΕΟΤΑΚΤΙΚΗΣ ΣΩΜΑΤΙΚΗΣ ΑΚΤΙΝΟΘΕΡΑΠΕΙΑΣ, ΧΟΡΗΓΗΣΗ ΘΕΡΑΠΕΙΑΣ, ΚΛΑΣΜΑΤΙΚΑ ΣΕ 1 Ή ΠΕΡΙΣΣΟΤΕΡΕΣ ΒΛΑΒΕΣ, ΣΥΜΠΕΡΙΛΑΜΒΑΝΟΜΕΝΗΣ ΣΤΕΡΕΟΣΚΟΠΙΚΗΣ ΑΠΕΙΚΟΝΙΣΤΙΚΗΣ  Ή/ΚΑΙ ΑΛΛΗΣ ΚΑΤΑΛΛΗΛΗΣ ΚΑΘΟΔΗΓΗΣΗΣ ΚΑΙ ΧΡΗΣΗ ΕΜΦΥΤΕΥΜΕΝΩΝ MARKERS, ΠΕΡΙΣΣΟΤΕΡΕΣ ΤΩΝ 10 ΣΥΝΕΔΡΙΕΣ   (ΠΕΡΙΛΑΜΒΑΝΕΤΑΙ ΟΛΗ Η ΑΠΑΙΤΟΥΜΕΝΗ ΔΙΑΔΙΚΑΣΙΑ);;;;;
7269;K514851;ΠΟΙΟΤΙΚΟΣ ΕΛΕΓΧΟΣ ΠΛΑΝΟΥ ΑΚΤΙΝΟΘΕΡΑΠΕΙΑΣ ΔΙΑΜΟΡΦΟΥΜΕΝΗΣ ΕΝΤΑΣΗΣ (ΣΥΜΒΑΤΙΚΗ, ΟΓΚΟΜΕΤΡΙΚΗ, ΕΛΙΚΟΕΙΔΗΣ) ;;;;;
7270;K514921;ΑΚΤΙΝΟΒΟΛΗΣΗ ΟΛΟΣΩΜΑΤΙΚΗ ( ΠΕΡΙΛΑΜΒΑΝΕΤΑΙ ΟΛΗ Η ΑΠΑΙΤΟΥΜΕΝΗ ΔΙΑΔΙΚΑΣΙΑ). ;;;;;
7271;K514979;ΜΗ ΚΑΤΑΓΕΓΡΑΜΜΕΝΗ ΔΙΑΔΙΚΑΣΙΑ, ΑΚΤΙΝΟΘΕΡΑΠΕΙΑ, ΔΙΑΧΕΙΡΙΣΗ ΘΕΡΑΠΕΙΑΣ;;;;;
7272;Κ514979.1;ΑΚΤΙΝΟΘΕΡΑΠΕΥΤΙΚΗ ΣΥΝΕΔΡΙΑ , ΜΙΑ ΠΕΡΙΟΧΗ ΘΕΡΑΠΕΙΑΣ, 2-4 ΑΝΤΙΘΕΤΑ ΠΕΔΙΑ, Ή ΔΥΟ ΕΦΑΠΤΟΜΕΝΑ ΠΕΔΙΑ, ΜΕ  Ή ΧΩΡΙΣ ΜΠΛΟΚ, ΜΟΝΑΔΑ ΚΟΒΑΛΤΙΟΥ;;;;;
7273;K515021;ΑΚΤΙΝΟΘΕΡΑΠΕΙΑ ΜΕ  ΠΡΩΤΟΝΙΑ, ΑΠΛΗ, ΑΝΕΥ ΑΝΤΙΣΤΑΘΜΙΣΤΩΝ;;;;;
7274;K515025;ΑΚΤΙΝΟΘΕΡΑΠΕΙΑ ΜΕ  ΠΡΩΤΟΝΙΑ, ΑΠΛΗ, ΜΕ ΧΡΗΣΗ ΑΝΤΙΣΤΑΘΜΙΣΤΩΝ;;;;;
7275;K515027;ΑΚΤΙΝΟΘΕΡΑΠΕΙΑ ΜΕ  ΠΡΩΤΟΝΙΑ, ΜΕΣΑΙΑ (ΠΟΛΛΑΠΛΑ ΠΕΔΙΑ);;;;;
7276;K515031;ΑΚΤΙΝΟΘΕΡΑΠΕΙΑ ΜΕ  ΠΡΩΤΟΝΙΑ. ΣΥΝΘΕΤΗ (SCANNING BEAM, IMPT);;;;;
7277;K515181;ΥΠΕΡΘΕΡΜΙΑ, ΕΞΩΤΕΡΙΚΑ ΠΑΡΑΓΟΜΕΝΗ, ΕΠΙΦΑΝΕΙΑΚΗ (ΘΕΡΜΑΝΣΗ ΣΕ ΒΑΘΟΣ 4 CM Ή ΛΙΓΟΤΕΡΟ);;;;;
7278;K515191;ΥΠΕΡΘΕΡΜΙΑ, ΕΞΩΤΕΡΙΚΑ ΠΑΡΑΓΟΜΕΝΗ, ΕΝ ΤΩ ΒΑΘΕΙ (ΘΕΡΜΑΝΣΗ ΣΕ ΒΑΘΟΣ ΜΕΓΑΛΥΤΕΡΟ ΤΩΝ 4 CM);;;;;
7279;K515201;ΥΠΕΡΘΕΡΜΙΑ ΠΑΡΑΓΟΜΕΝΗ ΑΠΟ ΚΑΘΕΤΗΡΕΣ ΕΝΔΟΪΣΤΙΚΑ. 5 Ή ΛΙΓΟΤΕΡΟΙ ΕΝΔΟΪΣΤΙΚΟΙ ΕΦΑΡΜΟΓΕΙΣ;;;;;
7280;K515211;ΥΠΕΡΘΕΡΜΙΑ ΠΑΡΑΓΟΜΕΝΗ ΑΠΟ ΚΑΘΕΤΗΡΕΣ ΕΝΔΟΪΣΤΙΚΑ. ΠΕΡΙΣΣΟΤΕΡΟΙ ΑΠΟ 5 ΕΝΔΟΪΣΤΙΚΟΙ ΕΦΑΡΜΟΓΕΙΣ;;;;;
7281;K515221;ΥΠΕΡΘΕΡΜΙΑ ΠΑΡΑΓΟΜΕΝΗ ΑΠΟ ΚΑΘΕΤΗΡΕΣ ΕΝΔΟΚΟΙΛΟΤΙΚΟΥΣ;;;;;
7282;K515481;ΑΝΕΝΕΡΓΟΣ;;;;;
7283;K515503;ΕΦΑΡΜΟΓΗ ΠΗΓΗΣ Ή ΚΑΘΕΤΗΡΩΝ ΑΚΤΙΝΟΒΟΛΗΣΗΣ ΕΝΔΟΚΟΙΛΟΤΙΚΗ, ΑΠΛΗ (ΜΙΑ ΕΩΣ ΤΕΣΣΕΡΙΣ ΠΗΓΕΣ), ΕΦ' ΟΣΟΝ ΔΕΝ ΟΡΙΖΕΤΑΙ ΑΛΛΟΣ ΚΩΔΙΚΟΣ;;;;;
7284;K515505;ΕΦΑΡΜΟΓΗ ΠΗΓΗΣ Ή ΚΑΘΕΤΗΡΩΝ ΑΚΤΙΝΟΒΟΛΗΣΗΣ ΕΝΔΟΚΟΙΛΟΤΙΚΗ. ΜΕΣΑΙΑ (ΤΕΣΣΕΡΙΣ ΕΩΣ ΔΕΚΑ ΠΗΓΕΣ), ΕΦ' ΟΣΟΝ ΔΕΝ ΟΡΙΖΕΤΑΙ ΑΛΛΟΣ ΚΩΔΙΚΟΣ;;;;;
7285;K515507;ΕΦΑΡΜΟΓΗ ΠΗΓΗΣ Ή ΚΑΘΕΤΗΡΩΝ ΑΚΤΙΝΟΒΟΛΗΣΗΣ ΕΝΔΟΚΟΙΛΟΤΙΚΗ, ΣΥΝΘΕΤΗ (ΠΕΡΙΣΣΟΤΕΡΕΣ ΤΩΝ ΔΕΚΑ ΠΗΓΩΝ), ΕΦ' ΟΣΟΝ ΔΕΝ ΟΡΙΖΕΤΑΙ ΑΛΛΟΣ ΚΩΔΙΚΟΣ;;;;;
7286;K515533;ΕΦΑΡΜΟΓΗ ΠΗΓΗΣ Ή ΚΑΘΕΤΗΡΩΝ ΑΚΤΙΝΟΒΟΛΗΣΗΣ ΕΝΔΟΪΣΤΙΚΗ, ΑΠΛΗ  (ΜΙΑ ΕΩΣ ΤΕΣΣΕΡΙΣ ΠΗΓΕΣ), ΕΦ' ΟΣΟΝ ΔΕΝ ΟΡΙΖΕΤΑΙ ΑΛΛΟΣ ΚΩΔΙΚΟΣ;;;;;
7287;K515535;ΕΦΑΡΜΟΓΗ ΠΗΓΗΣ Ή ΚΑΘΕΤΗΡΩΝ ΑΚΤΙΝΟΒΟΛΗΣΗΣ ΕΝΔΟΪΣΤΙΚΗ, ΜΕΣΑΙΑ  (ΤΕΣΣΕΡΙΣ ΕΩΣ ΔΕΚΑ ΠΗΓΕΣ), ΕΦ' ΟΣΟΝ ΔΕΝ ΟΡΙΖΕΤΑΙ ΑΛΛΟΣ ΚΩΔΙΚΟΣ;;;;;
7288;K515537;ΕΦΑΡΜΟΓΗ ΠΗΓΗΣ Ή ΚΑΘΕΤΗΡΩΝ ΑΚΤΙΝΟΒΟΛΗΣΗΣ ΕΝΔΟΪΣΤΙΚΗ, ΣΥΝΘΕΤΗ (ΠΕΡΙΣΣΟΤΕΡΕΣ ΤΩΝ ΔΕΚΑ ΠΗΓΩΝ), ΕΦ' ΟΣΟΝ ΔΕΝ ΟΡΙΖΕΤΑΙ ΑΛΛΟΣ ΚΩΔΙΚΟΣ;;;;;
7289;K515551;ΒΡΑΧΥΘΕΡΑΠΕΙΑ ΥΨΗΛΟΥ ΡΥΘΜΟΥ ΔΟΣΗΣ ΜΕ ΤΕΧΝΙΚΗ ΜΕΤΑΦΟΡΤΙΣΗΣ ΕΞ ΑΠΟΣΤΑΣΕΩΣ, 1 ΚΑΝΑΛΙ;;;;;
7290;K515553;ΒΡΑΧΥΘΕΡΑΠΕΙΑ ΥΨΗΛΟΥ ΡΥΘΜΟΥ ΔΟΣΗΣ ΜΕ ΤΕΧΝΙΚΗ ΜΕΤΑΦΟΡΤΙΣΗΣ ΕΞ ΑΠΟΣΤΑΣΕΩΣ, 2-12 ΚΑΝΑΛΙΑ;;;;;
7291;K515555;ΒΡΑΧΥΘΕΡΑΠΕΙΑ ΥΨΗΛΟΥ ΡΥΘΜΟΥ ΔΟΣΗΣ ΜΕ ΤΕΧΝΙΚΗ ΜΕΤΑΦΟΡΤΙΣΗΣ ΕΞ ΑΠΟΣΤΑΣΕΩΣ, ΠΕΡΙΣΣΟΤΕΡΑ ΑΠΟ 12 ΚΑΝΑΛΙΑ;;;;;
7292;K515559;ΕΠΙΦΑΝΕΙΑΚΗ ΕΦΑΡΜΟΓΗ ΠΗΓΗΣ ΑΚΤΙΝΟΒΟΛΙΑΣ;;;;;
7293;K515561;ΔΙΑΧΕΙΡΙΣΗ ΠΗΓΩΝ ΒΡΑΧΥΘΕΡΑΠΕΙΑΣ ΚΑΙ ΕΛΕΓΧΟΣ ΕΝΕΡΓΟΤΗΤΑΣ;;;;;
7294;K515579;ΜΗ ΚΑΤΑΓΕΓΡΑΜΜΕΝΗ ΔΙΑΔΙΚΑΣΙΑ, ΚΛΙΝΙΚΗ ΒΡΑΧΥΘΕΡΑΠΕΙΑ;;;;;
7295;K515579.1;ΥΠΕΡΘΕΡΜΙΑ ΟΛΟΣΩΜΑΤΙΚΗ;;;;;
Γ.11;ΠΥΡΗΝΙΚΗ ΙΑΤΡΙΚΗ;;;;;;
7296;K515981;ΠΡΟΣΛΗΨΗ ΙΩΔΙΟΥ-131 ΑΠΟ ΤΟΝ ΘΥΡΕΟΕΙΔΗ;;;;;
7297;K515983;ΠΡΟΣΛΗΨΗ ΙΩΔΙΟΥ-131 ΑΠΟ ΤΟΝ ΘΥΡΕΟΕΙΔΗ. 2 Η ΠΕΡΙΣΣΟΤΕΡΟΙ ΠΡΟΣΔΙΟΡΙΣΜΟΙ.;;;;;
7298;K515987;ΡΑΔΙΟΪΣΟΤΟΠΙΚΗ ΜΕΛΕΤΗ ΘΥΡΕΟΕΙΔΟΥΣ ΜΕ ΥΠΕΡΤΕΧΝΗΤΙΚΟ (TC99MO4), ΜΕΤΑ ΔΙΕΓΕΡΣΗ Η ΚΑΤΑΣΤΟΛΗ Η ΑΠΟΦΟΡΤΙΣΗ. (ΔΕΝ ΣΥΜΠΕΡΙΛΑΜΒΑΝΟΝΤΑΙ ΟΙ ΑΡΧΙΚΕΣ ΜΕΛΕΤΕΣ).;;;;;
7299;K515993;ΣΠΙΝΘΗΡΟΓΡΑΦΗΜΑ ΘΥΡΕΟΕΙΔΟΥΣ ΜΕ ΙΩΔΙΟ-131;;;;;
7300;K515995;ΠΡΟΣΛΗΨΗ ΙΩΔΙΟΥ-123 ΑΠΟ ΤΟΝ ΘΥΡΕΟΕΙΔΗ;;;;;
7301;K516001;ΣΠΙΝΘΗΡΟΓΡΑΦΗΜΑ ΘΥΡΕΟΕΙΔΟΥΣ ΜΕ ΥΠΕΡΤΕΧΝΗΤΙΚΟ (TC99MO4);;;;;
7302;K516003;ΣΠΙΝΘΗΡΟΓΡΑΦΗΜΑ ΘΥΡΕΟΕΙΔΟΥΣ ΜΕ ΙΩΔΙΟ-123;;;;;
7303;K516011;ΑΝΕΝΕΡΓΟΣ;;;;;
7304;K516013;ΑΝΕΝΕΡΓΟΣ;;;;;
7305;K516017;ΣΠΙΝΘΗΡΟΓΡΑΦΗΜΑ ΜΕ ΙΩΔΙΟ-123. ΟΛΟΣΩΜΟ.;;;;;
7306;K516021;ΠΡΟΣΛΗΨΗ ΜΕΤΑΣΤΑΣΕΩΝ ΚΑΡΚΙΝΟΥ ΘΥΡΕΟΕΙΔΟΥΣ - ΔΟΣΙΜΕΤΡΙΑ (ΝΑ ΚΑΤΑΓΡΑΦΕΤΑΙ ΞΕΧΩΡΙΣΤΑ ΕΠΙΠΛΕΟΝ ΤΟΥ ΚΩΔΙΚΟΥ ΤΗΣ ΑΡΧΙΚΗΣ ΔΙΑΔΙΚΑΣΙΑΣ);;;;;
7307;K516121;ΣΠΙΝΘΗΡΟΓΡΑΦΗΜΑ ΠΑΡΑΘΥΡΕΟΕΙΔΩΝ ΑΔΕΝΩΝ;;;;;
7308;K516131;ΣΠΙΝΘΗΡΟΓΡΑΦΗΜΑ ΜΥΕΛΟΥ ΕΠΙΝΕΦΡΙΔΙΩΝ;;;;;
7309;K516179;ΣΠΙΝΘΗΡΟΓΡΑΦΗΜΑ ΜΕ ΙΩΔΙΟ-131. ΟΛΟΣΩΜΟ;;;;;
7310;K516179.1;ΣΠΙΝΘΗΡΟΓΡΑΦΗΜΑ ΠΑΡΑΘΥΡΕΟΕΙΔΩΝ ΑΔΕΝΩΝ. ΑΦΑΙΡΕΤΙΚΗ ΤΕΧΝΙΚΗ ΜΕ ΣΥΝΔΥΑΣΜΕΝΟ ΣΠΙΝΘΗΡΟΓΡΑΦΗΜΑ ΘΥΡΕΟΕΙΔΟΥΣ;;;;;
7311;K516179.2;ΠΡΟΣΛΗΨΗ  ΥΠΕΡΤΕΧΝΗΤΙΚΟΥ (TC99MO4) ΑΠΟ ΤΟΝ ΘΥΡΕΟΕΙΔΗ. (ΝΑ ΚΑΤΑΓΡΑΦΕΤΑΙ ΞΕΧΩΡΙΣΤΑ ΕΠΙΠΛΕΟΝ ΤΟΥ ΚΩΔΙΚΟΥ ΤΗΣ ΑΡΧΙΚΗΣ ΔΙΑΔΙΚΑΣΙΑΣ).;;;;;
7312;K516179.3;ΣΠΙΝΘΗΡΟΓΡΑΦΗΜΑ ΦΛΟΙΟΥ ΕΠΙΝΕΦΡΙΔΙΩΝ;;;;;
7313;K516179.4;ΣΠΙΝΘΗΡΟΓΡΑΦΗΜΑ ΦΛΟΙΟΥ Η ΜΥΕΛΟΥ ΕΠΙΝΕΦΡΙΔΙΩΝ. ΣΥΜΠΛΗΡΩΜΑΤΙΚΗ ΑΠΕΙΚΟΝΙΣΗ ΘΕΣΗΣ ΝΕΦΡΩΝ;;;;;
7314;K516179.5;ΣΠΙΝΘΗΡΟΓΡΑΦΗΜΑ ΘΥΡΕΟΕΙΔΟΥΣ ΜΕ TL-201.;;;;;
7315;K516179.6;ΡΑΔΙΟΪΣΟΤΟΠΙΚΗ ΜΕΛΕΤΗ ΘΥΡΕΟΕΙΔΟΥΣ ΜΕ Ι-123, ΜΕΤΑ ΔΙΕΓΕΡΣΗ Η ΚΑΤΑΣΤΟΛΗ Η ΑΠΟΦΟΡΤΙΣΗ. (ΔΕΝ ΣΥΜΠΕΡΙΛΑΜΒΑΝΟΝΤΑΙ ΟΙ ΑΡΧΙΚΕΣ ΜΕΛΕΤΕΣ).;;;;;
7316;K516185;ΑΝΕΝΕΡΓΟΣ;;;;;
7317;K516187;ΑΝΕΝΕΡΓΟΣ;;;;;
7318;K516189;ΣΠΙΝΘΗΡΟΓΡΑΦΗΜΑ ΜΥΕΛΟΥ ΤΩΝ ΟΣΤΩΝ;;;;;
7319;K516201;ΑΝΕΝΕΡΓΟΣ;;;;;
7320;K516203;ΑΝΕΝΕΡΓΟΣ;;;;;
7321;K516221;ΑΝΕΝΕΡΓΟΣ;;;;;
7322;K516223;ΑΝΕΝΕΡΓΟΣ;;;;;
7323;K516225;ΡΑΔΙΟΪΣΟΤΟΠΙΚΗ ΜΕΛΕΤΗ ΌΓΚΟΥ ΑΙΜΑΤΟΣ (ΣΥΜΠΕΡΙΛΑΜΒΑΝΕΤΑΙ  ΜΕΤΡΗΣΗ  ΟΓΚΟΥ ΠΛΑΣΜΑΤΟΣ ΚΑΙ  ΟΓΚΟΥ  ΕΡΥΘΡΟΚΥΤΤΑΡΩΝ);;;;;
7324;K516241;ΡΑΔΙΟΪΣΟΤΟΠΙΚΗ ΜΕΛΕΤΗ ΕΠΙΒΙΩΣΗΣ ΕΡΥΘΡΟΚΥΤΤΑΡΩΝ;;;;;
7325;K516251;ΑΝΕΝΕΡΓΟΣ;;;;;
7326;K516261;ΣΠΙΝΘΗΡΟΓΡΑΦΗΜΑ ΜΕ ΚΑΤΕΣΤΡΑΜΜΕΝΑ ΕΡΥΡΘΡΟΚΥΤΤΑΡΑ;;;;;
7327;K516351;ΑΝΕΝΕΡΓΟΣ;;;;;
7328;K516361;ΑΝΕΝΕΡΓΟΣ;;;;;
7329;K516363;ΡΑΔΙΟΪΣΟΤΟΠΙΚΗ ΜΕΛΕΤΗ ΕΠΙΒΙΩΣΗΣ ΑΙΜΟΠΕΤΑΛΙΩΝ;;;;;
7330;K516371;ΣΠΙΝΘΗΡΟΓΡΑΦΗΜΑ ΑΠΕΙΚΟΝΙΣΗΣ ΛΕΜΦΙΚΗΣ ΟΔΟΥ.;;;;;
7331;K516379;ΜΗ ΚΑΤΑΓΕΓΡΑΜΜΕΝΗ ΔΙΑΔΙΚΑΣΙΑ ΑΙΜΟΠΟΙΗΤΙΚΟΥ, ΔΙΚΤΥΟΕΝΔΟΘΗΛΙΑΚΟΥ ΚΑΙ ΛΕΜΦΙΚΟΥΥ, ΔΙΑΓΝΩΣΤΙΚΗ ΠΥΡΗΝΙΚΗ ΙΑΤΡΙΚΗ;;;;;
7332;K516383;ΑΝΕΝΕΡΓΟΣ;;;;;
7333;K516385;ΣΠΙΝΘΗΡΟΓΡΑΦΗΜΑ ΉΠΑΤΟΣ ΜΕ ΕΠΙΣΗΜΑΣΜΕΝΑ ΕΡΥΘΡΑ ΑΙΜΟΣΦΑΙΡΙΑ;;;;;
7334;K516391;ΣΠΙΝΘΗΡΟΓΡΑΦΗΜΑ ΗΠΑΤΟΣ. ΤΟΜΟΓΡΑΦΙΚΕΣ ΛΗΨΕΙΣ (SPECT).;;;;;
7335;K516393;ΑΝΕΝΕΡΓΟΣ;;;;;
7336;K516411;ΣΠΙΝΘΗΡΟΓΡΑΦΗΜΑ ΗΠΑΤΟΣ ΚΑΙ ΣΠΛΗΝΟΣ. ΣΤΑΤΙΚΗ ΛΗΨΗ;;;;;
7337;K516413;ΣΠΙΝΘΗΡΟΓΡΑΦΗΜΑ ΗΠΑΤΟΧΟΛΙΚΟΥ ΣΥΣΤΗΜΑΤΟΣ ΧΟΛΗΦΟΡΩΝ. ΣΤΑΤΙΚΕΣ ΛΗΨΕΙΣ. ;;;;;
7338;K516421;ΣΠΙΝΘΗΡΟΓΡΑΦΗΜΑ ΗΠΑΤΟΧΟΛΙΚΟΥ ΣΥΣΤΗΜΑΤΟΣ ΧΟΛΗΦΟΡΩΝ. ΔΥΝΑΜΙΚΗ ΜΕΛΕΤΗ. ;;;;;
7339;K516427;ΣΠΙΝΘΗΡΟΓΡΑΦΗΜΑ ΗΠΑΤΟΧΟΛΙΚΟΥ ΣΥΣΤΗΜΑΤΟΣ ΧΟΛΗΦΟΡΩΝ. ΔΥΝΑΜΙΚΗ ΜΕΛΕΤΗ. ΜΕ ΦΑΡΜΑΚΟΛΟΓΙΚΗ ΠΑΡΕΜΒΑΣΗ.;;;;;
7340;K516441;ΣΠΙΝΘΗΡΟΓΡΑΦΗΜΑ ΣΙΕΛΟΓΟΝΩΝ ΑΔΕΝΩΝ;;;;;
7341;K516443;ΑΝΕΝΕΡΓΟΣ;;;;;
7342;K516445;ΑΝΕΝΕΡΓΟΣ;;;;;
7343;K516497;ΣΠΙΝΘΗΡΟΓΡΑΦΗΜΑ ΕΛΕΓΧΟΥ ΚΙΝΗΤΙΚΟΤΗΤΑΣ ΟΙΣΟΦΑΓΟΥ;;;;;
7344;K516503;ΣΠΙΝΘΗΡΟΓΡΑΦΗΜΑ ΑΠΕΙΚΟΝΙΣΗΣ ΓΑΣΤΡΙΚΟΥ ΒΛΕΝΝΟΓΟΝΟΥ;;;;;
7345;K516505;ΣΠΙΝΘΗΡΟΓΡΑΦΗΜΑ ΑΝΙΧΝΕΥΣΗΣ ΓΑΣΤΡΟ-ΟΙΣΟΦΑΓΙΚΗΣ ΠΑΛΙΝΔΡΟΜΗΣΗΣ.;;;;;
7346;K516509;ΣΠΙΝΘΗΡΟΓΡΑΦΗΜΑ ΓΑΣΤΡΙΚΗΣ ΚΕΝΩΣΗΣ ΥΓΡΩΝ ΤΡΟΦΩΝ.;;;;;
7347;K516515;ΡΑΔΙΟΪΣΟΤΟΠΙΚΗ ΜΕΛΕΤΗ, TEST ΟΥΡΙΑΣ ΜΕ C-14.;;;;;
7348;K516517;ΑΝΕΝΕΡΓΟΣ;;;;;
7349;K516521;ΑΝΕΝΕΡΓΟΣ;;;;;
7350;K516523;ΑΝΕΝΕΡΓΟΣ;;;;;
7351;K516525;ΡΑΔΙΟΪΣΟΤΟΠΙΚΗ ΜΕΛΕΤΗ ΑΠΟΡΡΟΦΗΣΗΣ ΒΙΤΑΜΙΝΗΣ Β-12 (SCHILLING TEST);;;;;
7352;K516537;ΣΠΙΝΘΗΡΟΓΡΑΦΗΜΑ ΔΙΕΡΕΥΝΗΣΗΣ ΑΙΜΟΡΡΑΓΙΑΣ ΑΠΟ ΤΟ ΓΑΣΤΡΕΝΤΕΡΙΚΟ;;;;;
7353;K516545;ΡΑΔΙΟΪΣΟΤΟΠΙΚΗ ΜΕΛΕΤΗ ΑΠΩΛΕΙΑΣ ΠΡΩΤΕΪΝΗΣ ΑΠΟ ΤΟ ΓΑΣΤΡΕΝΤΕΡΙΚΟ;;;;;
7354;K516561;ΣΠΙΝΘΗΡΟΓΡΑΦΗΜΑ ΑΠΕΙΚΟΝΙΣΗΣ ΕΚΤΟΠΟΥ ΓΑΣΤΡΙΚΟΥ ΒΛΕΝΝΟΓΟΝΟΥ;;;;;
7355;K516563;ΑΝΕΝΕΡΓΟΣ;;;;;
7356;K516579;ΜΗ ΚΑΤΑΓΕΓΡΑΜΜΕΝΗ ΓΑΣΤΡΕΝΤΕΡΟΛΟΓΙΚΗ ΔΙΑΔΙΚΑΣΙΑ, ΔΙΑΓΝΩΣΤΙΚΗ ΠΥΡΗΝΙΚΗ ΙΑΤΡΙΚΗ;;;;;
7357;K516579.1;ΣΠΙΝΘΗΡΟΓΡΑΦΗΜΑ ΓΑΣΤΡΙΚΗΣ ΚΕΝΩΣΗΣ ΣΤΕΡΕΑΣ Η ΗΜΙΣΤΕΡΕΑΣ ΤΡΟΦΗΣ;;;;;
7358;K516581;ΑΝΕΝΕΡΓΟΣ;;;;;
7359;K516591;ΑΝΕΝΕΡΓΟΣ;;;;;
7360;K516593;ΣΠΙΝΘΗΡΟΓΡΑΦΗΜΑ ΟΣΤΩΝ ΚΑΙ ΑΡΘΡΩΣΕΩΝ;;;;;
7361;K516611;ΣΠΙΝΘΗΡΟΓΡΑΦΗΜΑ ΟΣΤΩΝ ΚΑΙ ΑΡΘΡΩΣΕΩΝ. 3 ΦΑΣΕΩΝ ΚΑΙ ΟΛΟΣΩΜΟ;;;;;
7362;K516621;ΣΠΙΝΘΗΡΟΓΡΑΦΗΜΑ ΟΣΤΩΝ ΚΑΙ ΑΡΘΡΩΣΕΩΝ. ΤΟΜΟΓΡΑΦΙΚΕΣ ΛΗΨΕΙΣ (SPECT) (ΝΑ ΚΑΤΑΓΡΑΦΕΤΑΙ ΞΕΧΩΡΙΣΤΑ ΕΠΙΠΛΕΟΝ ΤΟΥ ΚΩΔΙΚΟΥ ΤΗΣ ΑΡΧΙΚΗΣ ΔΙΑΔΙΚΑΣΙΑΣ);;;;;
7363;K516681;ΠΥΚΝΟΜΕΤΡΙΑ. ΜΕΤΡΗΣΗ ΟΣΤΙΚΗΣ ΠΥΚΝΟΤΗΤΑΣ. ΜΙΑ ΠΕΡΙΟΧΗ.;;;;;
7364;K516683;ΠΥΚΝΟΜΕΤΡΙΑ. ΜΕΤΡΗΣΗ ΟΣΤΙΚΗΣ ΠΥΚΝΟΤΗΤΑΣ. ΜΙΑ ΠΕΡΙΟΧΗ.;;;;;
7365;K516779;ΜΗ ΚΑΤΑΓΕΓΡΑΜΜΕΝΗ ΜΥΟΣΚΕΛΕΤΙΚΗ ΔΙΑΔΙΚΑΣΙΑ, ΔΙΑΓΝΩΣΤΙΚΗ ΠΥΡΗΝΙΚΗ ΙΑΤΡΙΚΗ;;;;;
7366;K516779.1;ΠΥΚΝΟΜΕΤΡΙΑ. ΜΕΤΡΗΣΗ ΛΙΠΩΔΟΥΣ ΙΣΤΟΥ - ΜΥΪΚΗΣ ΜΑΖΑΣ.;;;;;
7367;K516809;ΡΑΔΙΟΪΣΟΤΟΠΙΚΗ ΠΑΡΑΚΟΛΟΥΘΗΣΗ ΚΑΡΔΙΑΚΗΣ ΛΕΙΤΟΥΡΓΙΑΣ (ΜΗ ΑΠΕΙΚΟΝΙΣΤΙΚΗ). 24ΩΡΗ ΚΑΤΑΓΡΑΦΗ (VEST);;;;;
7368;K516837;ΡΑΔΙΟΪΣΟΤΟΠΙΚΗ ΑΓΓΕΙΟΓΡΑΦΙΑ ΑΜΦΟΤΕΡΟΠΛΕΥΡΗ;;;;;
7369;K516871;ΡΑΔΙΟΪΣΟΤΟΠΙΚΗ ΑΓΓΕΙΟΓΡΑΦΙΑ ΕΤΕΡΟΠΛΕΥΡΗ;;;;;
7370;K516893;ΣΠΙΝΘΗΡΟΓΡΑΦΙΚΗ ΑΠΕΙΚΟΝΙΣΗ ΘΡΟΜΒΟΥ;;;;;
7371;K516895;ΑΝΕΝΕΡΓΟΣ;;;;;
7372;K516897;ΑΝΕΝΕΡΓΟΣ;;;;;
7373;K516899;ΤΟΜΟΓΡΑΦΙΑ ΕΚΠΟΜΠΗΣ ΠΟΖΙΤΡΟΝΙΩΝ (ΡΕΤ). ΑΠΕΙΚΟΝΙΣΗ ΜΥΟΚΑΡΔΙΟΥ. ΜΕΤΑΒΟΛΙΚΗ ΑΞΙΟΛΟΓΗΣΗ;;;;;
7374;K516901;ΣΠΙΝΘΗΡΟΓΡΑΦΗΜΑ ΑΙΜΑΤΩΣΗΣ ΜΥΟΚΑΡΔΙΟΥ. ΣΤΑΤΙΚΕΣ ΛΗΨΕΙΣ. ΣΕ  ΗΡΕΜΙΑ Η ΜΕΤΑ  ΚΟΠΩΣΗ ( ΆΣΚΗΣΗΣ Η ΦΑΡΜΑΚΕΥΤΙΚΗ);;;;;
7375;K516903;ΣΠΙΝΘΗΡΟΓΡΑΦΗΜΑ ΑΙΜΑΤΩΣΗΣ ΜΥΟΚΑΡΔΙΟΥ. ΣΤΑΤΙΚΕΣ ΛΗΨΕΙΣ. ΣΕ  ΗΡΕΜΙΑ ΚΑΙ ΜΕΤΑ  ΚΟΠΩΣΗ ( ΆΣΚΗΣΗΣ Η ΦΑΡΜΑΚΕΥΤΙΚΗ);;;;;
7376;K516909;ΣΠΙΝΘΗΡΟΓΡΑΦΗΜΑ ΑΙΜΑΤΩΣΗΣ ΜΥΟΚΑΡΔΙΟΥ. ΤΟΜΟΓΡΑΦΙΚΕΣ ΛΗΨΕΙΣ (SPECT). ΣΕ  ΗΡΕΜΙΑ Η ΜΕΤΑ  ΚΟΠΩΣΗ ( ΆΣΚΗΣΗΣ Η ΦΑΡΜΑΚΕΥΤΙΚΗ);;;;;
7377;K516911;ΣΠΙΝΘΗΡΟΓΡΑΦΗΜΑ ΑΙΜΑΤΩΣΗΣ ΜΥΟΚΑΡΔΙΟΥ. ΤΟΜΟΓΡΑΦΙΚΕΣ ΛΗΨΕΙΣ (SPECT). ΣΕ  ΗΡΕΜΙΑ ΚΑΙ ΜΕΤΑ  ΚΟΠΩΣΗ ( ΆΣΚΗΣΗΣ Η ΦΑΡΜΑΚΕΥΤΙΚΗ);;;;;
7378;K516913;ΣΠΙΝΘΗΡΟΓΡΑΦΗΜΑ ΜΥΟΚΑΡΔΙΟΥ. ΑΠΕΙΚΟΝΙΣΗ ΕΜΦΡΑΚΤΟΥ.;;;;;
7379;K516917;ΑΝΕΝΕΡΓΟΣ;;;;;
7380;K516919;ΑΝΕΝΕΡΓΟΣ;;;;;
7381;K516925;ΡΑΔΙΟΪΣΟΤΟΠΙΚΗ ΚΟΙΛΙΟΓΡΑΦΙΑ ΙΣΟΡΡΟΠΙΑΣ. ΣΤΑΤΙΚΗ ΛΗΨΗ. ΣΕ  ΗΡΕΜΙΑ Η ΜΕΤΑ  ΚΟΠΩΣΗ ( ΆΣΚΗΣΗΣ Η ΦΑΡΜΑΚΕΥΤΙΚΗ);;;;;
7382;K516927;ΡΑΔΙΟΪΣΟΤΟΠΙΚΗ ΚΟΙΛΙΟΓΡΑΦΙΑ ΙΣΟΡΡΟΠΙΑΣ. ΣΤΑΤΙΚΗ ΛΗΨΗ. ΣΕ  ΗΡΕΜΙΑ ΚΑΙ ΜΕΤΑ  ΚΟΠΩΣΗ ( ΆΣΚΗΣΗΣ Η ΦΑΡΜΑΚΕΥΤΙΚΗ);;;;;
7383;K516937;ΣΠΙΝΘΗΡΟΓΡΑΦΗΜΑ ΑΙΜΑΤΩΣΗΣ ΜΥΟΚΑΡΔΙΟΥ. ΤΟΜΟΓΡΑΦΙΚΕΣ ΛΗΨΕΙΣ ΜΕ ΣΥΝΔΥΑΣΜΕΝΗ ΗΚΓ ΚΑΤΑΓΡΑΦΗ (GATED SPECT) ΓΙΑ ΜΕΛΕΤΗ ΚΙΝΗΣΗΣ ΤΟΙΧΩΜΑΤΩΝ (ΝΑ ΚΑΤΑΓΡΑΦΕΤΑΙ ΞΕΧΩΡΙΣΤΑ ΕΠΙΠΛΕΟΝ ΤΟΥ ΚΩΔΙΚΟΥ ΤΗΣ ΑΡΧΙΚΗΣ ΔΙΑΔΙΚΑΣΙΑΣ);;;;;
7384;K516941;ΣΠΙΝΘΗΡΟΓΡΑΦΗΜΑ ΑΙΜΑΤΩΣΗΣ ΜΥΟΚΑΡΔΙΟΥ. ΤΟΜΟΓΡΑΦΙΚΕΣ ΛΗΨΕΙΣ ΜΕ ΣΥΝΔΥΑΣΜΕΝΗ ΗΚΓ ΚΑΤΑΓΡΑΦΗ (GATED SPECT) ΓΙΑ ΥΠΟΛΟΓΙΣΜΟ ΚΛΑΣΜΑΤΟΣ ΕΞΩΘΗΣΗΣ (ΝΑ ΚΑΤΑΓΡΑΦΕΤΑΙ ΞΕΧΩΡΙΣΤΑ ΕΠΙΠΛΕΟΝ ΤΟΥ ΚΩΔΙΚΟΥ ΤΗΣ ΑΡΧΙΚΗΣ ΔΙΑΔΙΚΑΣΙΑΣ);;;;;
7385;K516943;ΡΑΔΙΟΪΣΟΤΟΠΙΚΗ ΚΟΙΛΙΟΓΡΑΦΙΑ ΠΡΩΤΗΣ ΔΙΟΔΟΥ. ΣΕ  ΗΡΕΜΙΑ Η ΜΕΤΑ  ΚΟΠΩΣΗ ( ΆΣΚΗΣΗΣ Η ΦΑΡΜΑΚΕΥΤΙΚΗ);;;;;
7386;K516947;ΡΑΔΙΟΪΣΟΤΟΠΙΚΗ ΚΟΙΛΙΟΓΡΑΦΙΑ ΠΡΩΤΗΣ ΔΙΟΔΟΥ. ΣΕ  ΗΡΕΜΙΑ ΚΑΙ ΜΕΤΑ  ΚΟΠΩΣΗ ( ΆΣΚΗΣΗΣ Η ΦΑΡΜΑΚΕΥΤΙΚΗ);;;;;
7387;K516963;ΤΟΜΟΓΡΑΦΙΑ ΕΚΠΟΜΠΗΣ ΠΟΖΙΤΡΟΝΙΩΝ (ΡΕΤ). ΜΕΛΕΤΗ ΑΙΜΑΤΩΣΗΣ ΜΥΟΚΑΡΔΙΟΥ. ΣΕ  ΗΡΕΜΙΑ Η ΜΕΤΑ  ΚΟΠΩΣΗ ( ΆΣΚΗΣΗΣ Η ΦΑΡΜΑΚΕΥΤΙΚΗ);;;;;
7388;K516965;ΤΟΜΟΓΡΑΦΙΑ ΕΚΠΟΜΠΗΣ ΠΟΖΙΤΡΟΝΙΩΝ (ΡΕΤ). ΜΕΛΕΤΗ ΑΙΜΑΤΩΣΗΣ ΜΥΟΚΑΡΔΙΟΥ. ΣΕ  ΗΡΕΜΙΑ ΚΑΙ ΜΕΤΑ  ΚΟΠΩΣΗ ( ΆΣΚΗΣΗΣ Η ΦΑΡΜΑΚΕΥΤΙΚΗ);;;;;
7389;K516969;ΡΑΔΙΟΪΣΟΤΟΠΙΚΗ ΚΟΙΛΙΟΓΡΑΦΙΑ ΙΣΟΡΡΟΠΙΑΣ. ΤΟΜΟΓΡΑΦΙΚΕΣ ΛΗΨΗ (SPECT).;;;;;
7390;K516973;ΑΝΕΝΕΡΓΟΣ;;;;;
7391;K516979;ΜΗ ΚΑΤΑΓΕΓΡΑΜΜΕΝΗ ΔΙΑΔΙΚΑΣΙΑ ΚΑΡΔΙΑΓΓΕΙΑΚΟΥ, ΔΙΑΓΝΩΣΤΙΚΗ ΠΥΡΗΝΙΚΗ ΙΑΤΡΙΚΗ;;;;;
7392;K516979.1;ΣΠΙΝΘΗΡΟΓΡΑΦΗΜΑ ΝΕΥΡΩΣΗΣ ΜΥΟΚΑΡΔΙΟΥ. ΤΟΜΟΓΡΑΦΙΚΕΣ ΛΗΨΕΙΣ (SPECT).;;;;;
7393;K516979.2;ΣΠΙΝΘΗΡΟΓΡΑΦΗΜΑ ΝΕΥΡΩΣΗΣ ΜΥΟΚΑΡΔΙΟΥ. ΣΤΑΤΙΚΕΣ ΛΗΨΕΙΣ. ΠΡΩΙΜΕΣ ΚΑΙ ΚΑΘΥΣΤΕΡΗΜΕΝΕΣ.;;;;;
7394;K517141;ΣΠΙΝΘΗΡΟΓΡΑΦΗΜΑ ΑΙΜΑΤΩΣΗΣ ΠΝΕΥΜΟΝΩΝ. ΣΤΑΤΙΚΕΣ ΛΗΨΕΙΣ.;;;;;
7395;K517149;ΑΝΕΝΕΡΓΟΣ;;;;;
7396;K517151;ΑΝΕΝΕΡΓΟΣ;;;;;
7397;K517153;ΣΠΙΝΘΗΡΟΓΡΑΦΗΜΑ ΑΕΡΙΣΜΟΥ ΠΝΕΥΜΟΝΩΝ. ΑΕΡΟΛΥΜΑ. ΣΤΑΤΙΚΕΣ ΛΗΨΕΙΣ.;;;;;
7398;K517155;ΑΝΕΝΕΡΓΟΣ;;;;;
7399;K517157;ΣΠΙΝΘΗΡΟΓΡΑΦΗΜΑ ΔΙΑΧΥΣΕΩΣ ΠΝΕΥΜΟΝΩΝ.;;;;;
7400;K517163;ΑΝΕΝΕΡΓΟΣ;;;;;
7401;K517167;ΣΠΙΝΘΗΡΟΓΡΑΦΗΜΑ ΑΕΡΙΣΜΟΥ ΠΝΕΥΜΟΝΩΝ. ΑΕΡΙΑ. ΣΤΑΤΙΚΕΣ ΛΗΨΕΙΣ.;;;;;
7402;K517169;ΑΝΕΝΕΡΓΟΣ;;;;;
7403;K517173;ΣΠΙΝΘΗΡΟΓΡΑΦΗΜΑ ΑΙΜΑΤΩΣΗΣ ΠΝΕΥΜΟΝΩΝ. ΠΟΣΟΤΙΚΗ ΜΕΛΕΤΗ ΠΝΕΥΜΟΝΙΚΗΣ ΛΕΙΤΟΥΡΓΙΑΣ.;;;;;
7404;K517179;ΜΗ ΚΑΤΑΓΕΓΡΑΜΜΕΝΗ ΑΝΑΠΝΕΥΣΤΙΚΗ ΔΙΑΔΙΚΑΣΙΑ, ΔΙΑΓΝΩΣΤΙΚΗ ΠΥΡΗΝΙΚΗ ΙΑΤΡΙΚΗ;;;;;
7405;K517181;ΣΠΙΝΘΗΡΟΓΡΑΦΗΜΑ ΕΓΚΕΦΑΛΟΥ. ΣΤΑΤΙΚΕΣ ΛΗΨΕΙΣ.;;;;;
7406;K517183;ΣΠΙΝΘΗΡΟΓΡΑΦΗΜΑ ΕΓΚΕΦΑΛΟΥ. ΔΥΝΑΜΙΚΗ ΜΕΛΕΤΗ.;;;;;
7407;K517191;ΑΝΕΝΕΡΓΟΣ;;;;;
7408;K517193;ΑΝΕΝΕΡΓΟΣ;;;;;
7409;K517195;ΣΠΙΝΘΗΡΟΓΡΑΦΗΜΑ ΕΓΚΕΦΑΛΟΥ. ΤΟΜΟΓΡΑΦΙΚΗ ΛΗΨΗ (SPECT);;;;;
7410;K517197;ΤΟΜΟΓΡΑΦΙΑ ΕΚΠΟΜΠΗΣ ΠΟΖΙΤΡΟΝΙΩΝ (PET). ΜΕΛΕΤΗ ΜΕΤΑΒΟΛΙΣΜΟΥ ΕΓΚΕΦΑΛΟΥ.;;;;;
7411;K517199;ΤΟΜΟΓΡΑΦΙΑ ΕΚΠΟΜΠΗΣ ΠΟΖΙΤΡΟΝΙΩΝ (PET). ΜΕΛΕΤΗ ΑΙΜΑΤΩΣΕΩΣ ΕΓΚΕΦΑΛΟΥ.;;;;;
7412;K517201;ΣΠΙΝΘΗΡΟΓΡΑΦΗΜΑ ΑΙΜΑΤΩΣΗΣ ΕΓΚΕΦΑΛΟΥ.;;;;;
7413;K517241;ΣΠΙΝΘΗΡΟΓΡΑΦΙΚΗ ΑΠΕΙΚΟΝΙΣΗ ΡΟΗΣ ΕΓΚΕΦΑΛΟΝΩΤΙΑΙΟΥ ΥΓΡΟΥ, (ΜΗ ΣΥΜΠΕΡΙΛΑΜΒΑΝΟΜΕΝΗΣ ΕΙΣΑΓΩΓΗΣ ΥΛΙΚΟΥ). ΣΤΑΤΙΚΕΣ ΛΗΨΕΙΣ.;;;;;
7414;K517251;ΑΝΕΝΕΡΓΟΣ;;;;;
7415;K517271;ΑΝΕΝΕΡΓΟΣ;;;;;
7416;K517275;ΣΠΙΝΘΗΡΟΓΡΑΦΙΚΗ ΑΠΕΙΚΟΝΙΣΗ ΡΟΗΣ ΕΓΚΕΦΑΛΟΝΩΤΙΑΙΟΥ ΥΓΡΟΥ, (ΜΗ ΣΥΜΠΕΡΙΛΑΜΒΑΝΟΜΕΝΗΣ ΕΙΣΑΓΩΓΗΣ ΥΛΙΚΟΥ). ΤΟΜΟΓΡΑΦΙΚΗ ΛΗΨΗ (SPECT).;;;;;
7417;K517281;ΑΝΕΝΕΡΓΟΣ;;;;;
7418;K517301;ΣΠΙΝΘΗΡΟΓΡΑΦΙΚΗ ΑΠΕΙΚΟΝΙΣΗ ΔΑΚΡΥΪΚΗΣ ΟΔΟΥ.;;;;;
7419;K517379;ΜΗ ΚΑΤΑΓΕΓΡΑΜΜΕΝΗ ΔΙΑΔΙΚΑΣΙΑ ΝΕΥΡΙΚΟΥ ΣΥΣΤΗΜΑΤΟΣ, ΔΙΑΓΝΩΣΤΙΚΗ ΠΥΡΗΝΙΚΗ ΙΑΤΡΙΚΗ;;;;;
7420;Κ517379.1;ΣΠΙΝΘΗΡΟΓΡΑΦΗΜΑ ΜΕΛΕΤΗΣ ΒΑΣΙΚΩΝ ΓΑΓΓΛΙΩΝ ΕΓΚΕΦΑΛΟΥ. ΤΟΜΟΓΡΑΦΙΚΗ ΛΗΨΗ (SPECT).;;;;;
7421;Κ517379.2;ΤΟΜΟΓΡΑΦΙΑ ΕΚΠΟΜΠΗΣ ΠΟΖΙΤΡΟΝΙΩΝ (PET). ΜΕΛΕΤΗ ΝΕΥΡΟΫΠΟΔΟΧΕΩΝ.;;;;;
7422;Κ517379.3;ΣΠΙΝΘΗΡΟΓΡΑΦΗΜΑ ΠΡΟΣΥΝΑΠΤΙΚΩΝ ΥΠΟΔΟΧΕΩΝ ΒΑΣΙΚΩΝ ΓΑΓΓΛΙΩΝ ΕΓΚΕΦΑΛΟΥ. ΤΟΜΟΓΡΑΦΙΚΗ ΛΗΨΗ (SPECT).;;;;;
7423;Κ517379.4;ΣΠΙΝΘΗΡΟΓΡΑΦΗΜΑ ΜΕΤΑΣΥΝΑΠΤΙΚΩΝ ΥΠΟΔΟΧΕΩΝ ΒΑΣΙΚΩΝ ΓΑΓΓΛΙΩΝ ΕΓΚΕΦΑΛΟΥ. ΤΟΜΟΓΡΑΦΙΚΗ ΛΗΨΗ (SPECT).;;;;;
7424;K517381;ΣΠΙΝΘΗΡΟΓΡΑΦΗΜΑ ΜΟΡΦΟΛΟΓΙΑΣ ΝΕΦΡΩΝ.ΣΤΑΤΙΚΗ ΛΗΨΗ;;;;;
7425;K517383;ΑΝΕΝΕΡΓΟΣ;;;;;
7426;K517395;ΣΠΙΝΘΗΡΟΓΡΑΦΗΜΑ ΜΟΡΦΟΛΟΓΙΑΣ ΚΑΙ ΛΕΙΤΟΥΡΓΙΚΟΤΗΤΑΣ ΝΕΦΡΩΝ.ΔΥΝΑΜΙΚΗ ΛΗΨΗ. ΧΩΡΙΣ ΦΑΡΜΑΚΕΥΤΙΚΗ ΠΑΡΕΜΒΑΣΗ;;;;;
7427;K517397;ΣΠΙΝΘΗΡΟΓΡΑΦΗΜΑ ΜΟΡΦΟΛΟΓΙΑΣ ΚΑΙ ΛΕΙΤΟΥΡΓΙΚΟΤΗΤΑΣ ΝΕΦΡΩΝ. ΔΥΝΑΜΙΚΗ ΛΗΨΗ. ΜΕ ΦΑΡΜΑΚΕΥΤΙΚΗ ΠΑΡΕΜΒΑΣΗ (Π.Χ., ΑΝΑΣΤΟΛΕΑΣ ΜΕΤΑΤΡΕΠΤΙΚΟΥ ΕΝΖΥΜΟΥ ΑΓΓΕΙΟΤΕΝΣΙΝΗΣ, ΔΙΟΥΡΗΤΙΚΑ, Κ.Λ.Π.);;;;;
7428;K517399;ΑΝΕΝΕΡΓΟΣ;;;;;
7429;K517401;ΣΠΙΝΘΗΡΟΓΡΑΦΗΜΑ ΜΟΡΦΟΛΟΓΙΑΣ ΝΕΦΡΩΝ. ΤΟΜΟΓΡΑΦΙΚΕΣ ΛΗΨΕΙΣ (SPECT);;;;;
7430;K517431;ΡΑΔΙΟΪΣΟΤΟΠΙΚΗ ΜΕΛΕΤΗ ΛΕΙΤΟΥΡΓΙΚΟΤΗΤΑΣ ΝΕΦΡΩΝ. ΠΡΟΣΔΙΟΡΙΣΜΟΣ ΡΥΘΜΟΥ ΣΠΕΙΡΑΜΑΤΙΚΗΣ ΔΙΗΘΗΣΗΣ (GFR);;;;;
7431;K517441;ΣΠΙΝΘΗΡΟΓΡΑΦΗΜΑ ΜΕΛΕΤΗΣ ΥΠΟΛΕΙΜΜΑΤΟΣ ΟΥΡΩΝ ΣΤΗΝ ΟΥΡΟΔΟΧΟ ΚΥΣΤΗ.;;;;;
7432;K517461;ΆΜΕΣΗ ΡΑΔΙΟΪΣΟΤΟΠΙΚΗ ΚΥΣΤΕΟΓΡΑΦΙΑ;;;;;
7433;K517503;ΣΠΙΝΘΗΡΟΓΡΑΦΗΜΑ ΌΡΧΕΩΝ;;;;;
7434;K517579;ΜΗ ΚΑΤΑΓΕΓΡΑΜΜΕΝΗ ΟΥΡΟΠΟΙΟΓΕΝΝΗΤΙΚΗ ΔΙΑΔΙΚΑΣΙΑ, ΔΙΑΓΝΩΣΤΙΚΗ ΠΥΡΗΝΙΚΗ ΙΑΤΡΙΚΗ;;;;;
7435;K517579.1;ΡΑΔΙΟΪΣΟΤΟΠΙΚΗ ΜΕΛΕΤΗ ΛΕΙΤΟΥΡΓΙΚΟΤΗΤΑΣ ΝΕΦΡΩΝ. ΠΡΟΣΔΙΟΡΙΣΜΟΣ ΔΡΑΣΤΙΚΗΣ ΝΕΦΡΙΚΗΣ ΡΟΗΣ ΠΛΑΣΜΑΤΟΣ (ΕRΡF).;;;;;
7436;K517579.2;ΣΠΙΝΘΗΡΟΓΡΑΦΗΜΑ ΜΟΡΦΟΛΟΓΙΑΣ ΚΑΙ ΛΕΙΤΟΥΡΓΙΚΟΤΗΤΑΣ ΝΕΦΡΩΝ ΜΕ ΣΩΛΗΝΑΡΙΑΚΟ ΡΑΔΙΟΦΑΡΜΑΚΟ. ΔΥΝΑΜΙΚΗ ΛΗΨΗ. ΧΩΡΙΣ ΦΑΡΜΑΚΕΥΤΙΚΗ ΠΑΡΕΜΒΑΣΗ. ;;;;;
7437;K517579.3;ΣΠΙΝΘΗΡΟΓΡΑΦΗΜΑ ΜΟΡΦΟΛΟΓΙΑΣ ΚΑΙ ΛΕΙΤΟΥΡΓΙΚΟΤΗΤΑΣ ΝΕΦΡΩΝ ΜΕ ΣΩΛΗΝΑΡΙΑΚΟ ΡΑΔΙΟΦΑΡΜΑΚΟ. ΔΥΝΑΜΙΚΗ ΛΗΨΗ. ΜΕ ΦΑΡΜΑΚΕΥΤΙΚΗ ΠΑΡΕΜΒΑΣΗ. ;;;;;
7438;K517579.4;ΈΜΜΕΣΗ ΡΑΔΙΟΪΣΟΤΟΠΙΚΗ ΚΥΣΤΕΟΓΡΑΦΙΑ;;;;;
7439;K517581;ΑΝΕΝΕΡΓΟΣ;;;;;
7440;K517583;ΑΝΕΝΕΡΓΟΣ;;;;;
7441;K517585;ΣΠΙΝΘΗΡΟΓΡΑΦΗΜΑ ΕΝΤΟΠΙΣΜΟΥ ΟΓΚΟΥ.ΛΗΨΕΙΣ 1 ΗΜΕΡΑΣ;;;;;
7442;K517587;ΣΠΙΝΘΗΡΟΓΡΑΦΗΜΑ ΕΝΤΟΠΙΣΜΟΥ ΟΓΚΟΥ. ΤΟΜΟΓΡΑΦΙΚΗ ΛΗΨΗ (SPECT).;;;;;
7443;K517589;ΣΠΙΝΘΗΡΟΓΡΑΦΗΜΑ ΕΝΤΟΠΙΣΜΟΥ ΟΓΚΟΥ. ΛΗΨΕΙΣ 2 ΗΜΕΡΩΝ;;;;;
7444;K517591;ΣΠΙΝΘΗΡΟΓΡΑΦΗΜΑ ΕΝΤΟΠΙΣΜΟΥ ΦΛΕΓΜΟΝΗΣ ΜΕ IN VITRO ΕΠΙΣΗΜΑΝΣΗ ΛΕΥΚΟΚΥΤΤΑΡΩΝ.;;;;;
7445;K517593;ΣΠΙΝΘΗΡΟΓΡΑΦΗΜΑ ΕΝΤΟΠΙΣΜΟΥ ΦΛΕΓΜΟΝΗΣ. ΟΛΟΣΩΜΟ;;;;;
7446;K517595;ΣΠΙΝΘΗΡΟΓΡΑΦΗΜΑ ΕΝΤΟΠΙΣΜΟΥ ΦΛΕΓΜΟΝΗΣ. ΤΟΜΟΓΡΑΦΙΚΗ ΛΗΨΗ (SPECT).;;;;;
7447;K517597;ΈΓΧΥΣΗ ΡΑΔΙΟΦΑΡΜΑΚΟΥ ΓΙΑ ΕΝΤΟΠΙΣΗ ΔΟΜΩΝ (Π.Χ. ΑΔΕΝΩΜΑ ΠΑΡΑΘΥΡΕΟΕΙΔΟΥΣ, ΛΕΜΦΑΔΕΝΑ ΦΡΟΥΡΟΥ, Κ.Λ.Π.) ΜΕ ΜΗ ΑΠΕΙΚΟΝΙΣΤΙΚΗ ΤΕΧΝΙΚΗ.;;;;;
7448;K517603;ΤΟΜΟΓΡΑΦΙΑ ΕΚΠΟΜΠΗΣ ΠΟΖΙΤΡΟΝΙΩΝ (ΡΕΤ). ΠΕΡΙΟΡΙΣΜΕΝΗ ΠΕΡΙΟΧΗ.;;;;;
7449;K517605;ΤΟΜΟΓΡΑΦΙΑ ΕΚΠΟΜΠΗΣ ΠΟΖΙΤΡΟΝΙΩΝ (ΡΕΤ). ΑΠΟ ΤΗΝ ΚΡΑΝΙΑΚΗ ΒΑΣΗ ΕΩΣ ΤΟ ΜΕΣΟ ΤΟΥ ΜΗΡΟΥ.;;;;;
7450;K517607;ΤΟΜΟΓΡΑΦΙΑ ΕΚΠΟΜΠΗΣ ΠΟΖΙΤΡΟΝΙΩΝ (ΡΕΤ). ΟΛΟΣΩΜΟΣ ΕΛΕΓΧΟΣ.;;;;;
7451;K517609;ΤΟΜΟΓΡΑΦΙΑ ΕΚΠΟΜΠΗΣ ΠΟΖΙΤΡΟΝΙΩΝ (ΡΕΤ) ΜΕ ΤΑΥΤΟΧΡΟΝΗ ΥΠΟΛΟΓΙΣΤΙΚΗ ΤΟΜΟΓΡΑΦΙΑ (CT) ΓΙΑ ΔΙΟΡΘΩΣΗ ΕΞΑΣΘΕΝΗΣΗΣ ΚΑΙ ΑΝΑΤΟΜΙΚΟ ΕΝΤΟΠΙΣΜΟ. ΚΑΘΕ ΠΡΟΣΘΕΤΗ ΠΕΡΙΟΧΗ (ΚΕΦΑΛΗ, ΚΑΤΩ ΑΚΡΑ);;;;;
7452;K517611;ΤΟΜΟΓΡΑΦΙΑ ΕΚΠΟΜΠΗΣ ΠΟΖΙΤΡΟΝΙΩΝ (ΡΕΤ) ΜΕ ΤΑΥΤΟΧΡΟΝΗ ΥΠΟΛΟΓΙΣΤΙΚΗ ΤΟΜΟΓΡΑΦΙΑ (CT) ΓΙΑ ΔΙΟΡΘΩΣΗ ΕΞΑΣΘΕΝΗΣΗΣ ΚΑΙ ΑΝΑΤΟΜΙΚΟ ΕΝΤΟΠΙΣΜΟ. ΑΠΟ ΤΗΝ ΚΡΑΝΙΑΚΗ ΒΑΣΗ ΕΩΣ ΤΟ ΜΕΣΟ ΤΟΥ ΜΗΡΟΥ.;;;;;
7453;K517613;ΤΟΜΟΓΡΑΦΙΑ ΕΚΠΟΜΠΗΣ ΠΟΖΙΤΡΟΝΙΩΝ (ΡΕΤ) ΜΕ ΤΑΥΤΟΧΡΟΝΗ ΥΠΟΛΟΓΙΣΤΙΚΗ ΤΟΜΟΓΡΑΦΙΑ (CT) ΓΙΑ ΔΙΟΡΘΩΣΗ ΕΞΑΣΘΕΝΗΣΗΣ ΚΑΙ ΑΝΑΤΟΜΙΚΟ ΕΝΤΟΠΙΣΜΟ. ΟΛΟΣΩΜΟΣ ΕΛΕΓΧΟΣ.;;;;;
7454;K517979;ΜΗ ΚΑΤΑΓΕΓΡΑΜΜΕΝΕΣ ΔΙΑΦΟΡΕΣ ΔΙΑΔΙΚΑΣΙΕΣ, ΔΙΑΓΝΩΣΤΙΚΗ ΠΥΡΗΝΙΚΗ ΙΑΤΡΙΚΗ;;;;;
7455;K517979.1;ΤΟΜΟΓΡΑΦΙΚΕΣ ΛΗΨΕΙΣ (SPECT) (ΝΑ ΚΑΤΑΓΡΑΦΕΤΑΙ ΞΕΧΩΡΙΣΤΑ ΕΠΙΠΛΕΟΝ ΤΟΥ ΚΩΔΙΚΟΥ ΤΗΣ ΑΡΧΙΚΗΣ ΔΙΑΔΙΚΑΣΙΑΣ).;;;;;
7456;K517979.2;ΤΟΜΟΓΡΑΦΙΚΕΣ ΛΗΨΕΙΣ (SPECT) ΜΕ ΤΑΥΤΟΧΡΟΝΗ ΥΠΟΛΟΓΙΣΤΙΚΗ ΤΟΜΟΓΡΑΦΙΑ (CT) ΓΙΑ ΔΙΟΡΘΩΣΗ ΕΞΑΣΘΕΝΗΣΗΣ ΚΑΙ ΑΝΑΤΟΜΙΚΟ ΕΝΤΟΠΙΣΜΟ. (ΝΑ ΚΑΤΑΓΡΑΦΕΤΑΙ ΞΕΧΩΡΙΣΤΑ ΕΠΙΠΛΕΟΝ ΤΟΥ ΚΩΔΙΚΟΥ ΤΗΣ ΑΡΧΙΚΗΣ ΔΙΑΔΙΚΑΣΙΑΣ).;;;;;
7457;K517979.3;ΗΜΙΠΟΣΟΤΙΚΗ ΑΝΑΛΥΣΗ ΣΤΑΤΙΚΩΝ ΛΗΨΕΩΝ;;;;;
7458;K517979.4;ΗΜΙΠΟΣΟΤΙΚΗ ΑΝΑΛΥΣΗ ΤΟΜΟΓΡΑΦΙΚΩΝ ΛΗΨΕΩΝ (SPECT).;;;;;
7459;K517979.5;ΕΠΙΣΚΕΨΗ ΠΥΡΗΝΙΚΟΥ ΙΑΤΡΟΥ. ΔΙΑΓΝΩΣΤΙΚΗ - ΚΛΙΝΙΚΟΕΡΓΑΣΤΗΡΙΑΚΗ ΕΚΤΙΜΗΣΗ;;;;;
7460;K517991;ΘΕΡΑΠΕΥΤΙΚΗ ΑΠΟ ΤΟΥ ΣΤΟΜΑΤΟΣ ΧΟΡΗΓΗΣΗ ΙΣΟΤΟΠΩΝ/ΡΑΔΙΟΦΑΡΜΑΚΩΝ;;;;;
7461;K518183;ΘΕΡΑΠΕΥΤΙΚΗ ΕΝΔΟΦΛΕΒΙΑ ΧΟΡΗΓΗΣΗ ΙΣΟΤΟΠΩΝ/ΡΑΔΙΟΦΑΡΜΑΚΩΝ;;;;;
7462;K518381;ΘΕΡΑΠΕΥΤΙΚΗ ΕΝΔΟΚΟΙΛΟΤΙΚΗ ΧΟΡΗΓΗΣΗ ΙΣΟΤΟΠΩΝ/ΡΑΔΙΟΦΑΡΜΑΚΩΝ;;;;;
7463;K518581;ΘΕΡΑΠΕΥΤΙΚΗ ΧΟΡΗΓΗΣΗ ΙΣΟΤΟΠΩΝ ΜΕ ΕΠΙΣΗΜΑΣΜΕΝΕΣ ΟΥΣΙΕΣ (ΠΛΗΝ ΜΟΝΟΚΛΩΝΙΚΩΝ ΑΝΤΙΣΩΜΑΤΩΝ).;;;;;
7464;K518787;ΘΕΡΑΠΕΥΤΙΚΗ ΧΟΡΗΓΗΣΗ ΙΣΟΤΟΠΩΝ ΕΠΙΣΗΜΑΣΜΕΝΩΝ ΜΕ ΜΟΝΟΚΛΩΝΙΚΑ ΑΝΤΙΣΩΜΑΤΑ.;;;;;
7465;K518861;ΘΕΡΑΠΕΥΤΙΚΗ ΕΝΔΟΑΡΘΡΙΚΗ ΧΟΡΗΓΗΣΗ ΙΣΟΤΟΠΩΝ/ΡΑΔΙΟΦΑΡΜΑΚΩΝ;;;;;
7466;K518871;ΑΝΕΝΕΡΓΟΣ;;;;;
7467;K519979;ΜΗ ΚΑΤΑΓΕΓΡΑΜΜΕΝΗ ΔΙΑΔΙΚΑΣΙΑ ΘΕΡΑΠΕΥΤΙΚΗ ΧΟΡΗΓΗΣΗ ΙΣΟΤΟΠΩΝ/ΡΑΔΙΟΦΑΡΜΑΚΩΝ;;;;;
7468;K519979.1;ΕΠΙΣΚΕΨΗ ΠΥΡΗΝΙΚΟΥ ΙΑΤΡΟΥ. ΘΕΡΑΠΕΥΤΙΚΗ ΕΚΤΙΜΗΣΗ - ΠΑΡΑΚΟΛΟΥΘΗΣΗ.;;;;;
Δ. ΠΡΑΞΕΙΣ ΒΙΟΠΑΘΟΛΟΓΙΑΣ;;;;;;;
Δ.1;ΟΜΑΔΕΣ ΕΞΕΤΑΣΕΩΝ;;;;;;
7469;B300001;ΒΑΣΙΚΗ ΟΜΑΔΑ ΕΞΕΤΑΣΕΩΝ ΜΕΤΑΒΟΛΙΣΜΟΥ (ΑΣΒΕΣΤΙΟ, ΙΟΝΙΣΜΕΝΟ) ΑΥΤΗ Η ΟΜΑΔΑ ΕΞΕΤΑΣΕΩΝ ΠΕΡΙΛΑΜΒΑΝΕΙ ΤΑ ΑΚΟΛΟΥΘΑ: ΑΣΒΕΣΤΙΟ, ΙΟΝΙΣΜΕΝΟ(82330) ΔΙΟΞΕΙΔΙΟ ΤΟΥ ΑΝΘΡΑΚΑ (82374) ΧΛΩΡΙΟ (82435) ΚΡΕΑΤΙΝΙΝΗ (82565) ΓΛΥΚΟΖΗ (82947) ΚΑΛΙΟ (84132) ΝΑΤΡΙΟ (84295) ΑΖΩΤΟ ΟΥΡΙΑΣ (BUN) (84520);;;;;
7470;B300003;ΒΑΣΙΚΗ ΟΜΑΔΑ ΕΞΕΤΑΣΕΩΝ ΜΕΤΑΒΟΛΙΣΜΟΥ (ΑΣΒΕΣΤΙΟ, ΟΛΙΚΟ) ΑΥΤΗ Η ΟΜΑΔΑ ΕΞΕΤΑΣΕΩΝ ΠΕΡΙΛΑΜΒΑΝΕΙ ΤΑ ΑΚΟΛΟΥΘΑ: ΑΣΒΕΣΤΙΟ, ΟΛΙΚΟ (82310) ΔΙΟΞΕΙΔΙΟ ΤΟΥ ΑΝΘΡΑΚΑ (82374) ΧΛΩΡΙΟ (82435) ΚΡΕΑΤΙΝΙΝΗ (82565) ΓΛΥΚΟΖΗ (82947) ΚΑΛΙΟ (84132) ΝΑΤΡΙΟ (84295) ΑΖΩΤΟ ΟΥΡΙΑΣ (BUN) (84520);;;;;
7471;B300007;ΒΑΣΙΚΗ ΟΜΑΔΑ ΕΞΕΤΑΣΕΩΝ ΥΓΕΙΑΣ ΑΥΤΗ Η ΟΜΑΔΑ ΕΞΕΤΑΣΕΩΝ ΠΕΡΙΛΑΜΒΑΝΕΙ ΤΑ ΑΚΟΛΟΥΘΑ: ΠΛΗΡΗΣ ΟΜΑΔΑ ΕΞΕΤΑΣΕΩΝ ΔΙΕΡΕΥΝΗΣΗΣ ΜΕΤΑΒΟΛΙΣΜΟΥ (80053)  ΑΡΙΘΜΟΣ ΚΥΤΤΑΡΩΝ ΑΙΜΑΤΟΣ, ΠΛΗΡΗΣ (CBC), ΑΥΤΟΜΑΤΟΠΟΙΗΜΕΝΗ ΚΑΙ ΑΥΤΟΜΑΤΟΠΟΙΗΜΕΝh ΔΙΑΦΟΡΙΚΗ ΜΕΤΡΗΣΗ ΛΕΥΚΟΚΥΤΤΑΡΩΝ  ΜΕΤΡΗΣΗ (85025 Ή 85027 ΚΑΙ 85004) 'Η ΑΡΙΘΜΟΣ ΚΥΤΤΑΡΩΝ ΑΙΜΑΤΟΣ, ΠΛΗΡΗΣ (CBC), ΑΥΤΟΜΑΤΟΠΟΙΗΜΕΝΗ (85027) ΚΑΙ ΚΑΤΑΛΛΗΛΗ ΜΗ ΑΥΤΟΜΑΤΟΠΟΙΗΜΕΝΗ ΔΙΑΦΟΡΙΚΗ ΜΕΤΡΗΣΗ ΛΕΥΚΟΚΥΤΤΑΡΩΝ (85007 Ή 85009) ΘΥΡΕΟΕΙΔΟΤΡΟΠΟΣ ΟΡΜΟΝΗ (TSH) (84443);;;;;
7472;B300009;ΟΜΑΔΑ ΗΛΕΚΤΡΟΛΥΤΩΝ ΑΥΤΗ Η ΟΜΑΔΑ ΕΞΕΤΑΣΕΩΝ ΠΕΡΙΛΑΜΒΑΝΕΙ ΤΑ ΑΚΟΛΟΥΘΑ: ΔΙΟΞΕΙΔΙΟ ΤΟΥ ΑΝΘΡΑΚΑ (82374) ΧΛΩΡΙΟ (82435) ΚΑΛΙΟ (84132) ΝΑΤΡΙΟ (84295);;;;;
7473;B300013;ΠΛΗΡΗΣ ΟΜΑΔΑ ΕΞΕΤΑΣΕΩΝ ΔΙΕΡΕΥΝΗΣΗΣ ΜΕΤΑΒΟΛΙΣΜΟΥ (80053) ΑΥΤΗ Η ΟΜΑΔΑ ΕΞΕΤΑΣΕΩΝ ΠΕΡΙΛΑΜΒΑΝΕΙ ΤΑ ΑΚΟΛΟΥΘΑ: ΛΕΥΚΩΜΑΤΙΝΗ (82040) ΧΟΛΕΡΥΘΡΙΝΗ, ΟΛΙΚΗ (82247) ΑΣΒΕΣΤΙΟ, ΟΛΙΚΟ (82310) ΔΙΟΞΕΙΔΙΟ ΤΟΥ ΑΝΘΡΑΚΑ (ΔΙΤΤΑΝΘΡΑΚΙΚΟ) (82374) ΧΛΩΡΙΟ (82435) ΚΡΕΑΤΙΝΙΝΗ(82565) ΓΛΥΚΟΖΗ (82947) ΑΛΚΑΛΙΚΗ ΦΩΣΦΑΤΑΣΗ (84075) ΚΑΛΙΟ (84132) ΟΛΙΚΗ ΠΡΩΤΕΪΝΗ (84155) ΝΑΤΡΙΟ (84295) ΑΛΑΝΙΝΙΚΗ ΑΜΙΝΟΤΡΑΝΣΦΕΡΑΣΗ (ALT) (SGPT - ΓΛΟΥΤΑΜΙΝΙΚΗ ΠΥΡΟΣΤΑΦΥΛΙΚΗ ΤΡΑΝΣΑΜΙΝΑΣΗ) (84460) ΑΣΠΑΡΤΙΚΗ ΑΜΙΝΟΤΡΑΝΣΦΕΡΑΣΗ (AST) (SGOT - ΓΛΟΥΤΑΜΙΝΙΚΗ ΟΞΑΛΟΞΕΪΚΗ ΤΡΑΝΣΑΜΙΝΑΣΗ) (84450) ΑΖΩΤΟ ΟΥΡΙΑΣ (BUN) (84520);;;;;
7474;B300017;MAIEYTIKH ΟΜΑΔΑ ΕΞΕΤΑΣΕΩΝ ΑΥΤΗ Η ΟΜΑΔΑ ΕΞΕΤΑΣΕΩΝ ΠΕΡΙΛΑΜΒΑΝΕΙ ΤΑ ΑΚΟΛΟΥΘΑ:  ΑΡΙΘΜΟΣ ΚΥΤΤΑΡΩΝ ΑΙΜΑΤΟΣ, ΠΛΗΡΗΣ (CBC), ΑΥΤΟΜΑΤΟΠΟΙΗΜΕΝΗ ΚΑΙ ΑΥΤΟΜΑΤΟΠΟΙΗΜΕΝΗ ΔΙΑΦΟΡΙΚΗ ΜΕΤΡΗΣΗ ΛΕΥΚΟΚΥΤΤΑΡΩΝ ΜΕΤΡΗΣΗ (85025 'Η 85027 ΚΑΙ 85004) 'Η ΑΡΙΘΜΟΣ ΚΥΤΤΑΡΩΝ ΑΙΜΑΤΟΣ, ΠΛΗΡΗΣ (CBC), ΑΥΤΟΜΑΤΟΠΟΙΗΜΕΝΗ (85027) ΚΑΙ ΚΑΤΑΛΛΗΛΗ ΜΗ ΑΥΤΟΜΑΤΟΠΟΙΗΜΕΝΗ ΔΙΑΦΟΡΙΚΗ ΜΕΤΡΗΣΗ ΛΕΥΚΟΚΥΤΤΑΡΩΝ (85007 Ή 85009) ΕΠΙΦΑΝΕΙΑΚΟ ΑΝΤΙΓΟΝΟ ΤΟΥ ΙΟΥ ΤΗΣ ΗΠΑΤΙΤΙΔΑΣ Β (HBSAG) (87340) ΑΝΤΙΣΩΜΑ ΕΡΥΘΡΑΣ (86762) ΔΟΚΙΜΑΣΙΑ ΣΥΦΙΛΗΣ, ΠΟΙΟΤΙΚΗ (Π.Χ. VDRL, PRP, ART) (86592) ΔΟΚΙΜΑΣΙΑ ΔΙΑΛΛΟΓΗΣ ΑΝΤΙΣΩΜΑΤΩΝ, ΕΡΥΘΡΑ ΑΙΜΟΣΦΑΙΡΙΑ, ΤΕΧΝΙΚΗ ΕΚΑΣΤΟΥ ΟΡΟΥ (86850) ΟΜΑΔΕΣ ΑΙΜΑΤΟΣ, ABO (86900) ΚΑΙ ΟΜΑΔΕΣ ΑΙΜΑΤΟΣ - RESUS, RH (D) (86901);;;;;
7475;B300029;ΟΜΑΔΑ ΕΞΕΤΑΣΕΩΝ ΛΙΠΙΔΙΩΝ ΑΥΤΗ Η ΟΜΑΔΑ ΕΞΕΤΑΣΕΩΝ ΠΕΡΙΛΑΜΒΑΝΕΙ ΤΑ ΑΚΟΛΟΥΘΑ: ΟΛΙΚΗ ΧΟΛΗΣΤΕΡΟΛΗ, ΟΡΟΣ (82465) ΛΙΠΟΠΡΩΤΕΪΝΗ, ΑΜΕΣΗ ΜΕΤΡΗΣΗ, ΧΟΛΗΣΤΕΡΟΛΗ ΥΨΗΛΗΣ ΠΥΚΝΟΤΗΤΑΣ (HDL ΧΟΛΗΣΤΕΡΟΛΗ) (83718) ΤΡΙΓΛΥΚΕΡΙΔΙΑ (84478);;;;;
7476;B300045;ΟΜΑΔΑ ΕΞΕΤΑΣΕΩΝ ΝΕΦΡΙΚΗΣ ΛΕΙΤΟΥΡΓΙΑΣ  ΑΥΤΗ Η ΟΜΑΔΑ ΕΞΕΤΑΣΕΩΝ ΠΕΡΙΛΑΜΒΑΝΕΙ ΤΑ ΑΚΟΛΟΥΘΑ: ΛΕΥΚΩΜΑΤΙΝΗ (82040) ΑΣΒΕΣΤΙΟ, ΟΛΙΚΟ (82310) ΔΙΟΞΕΙΔΙΟ ΤΟΥ ΑΝΘΡΑΚΑ (ΔΙΤΤΑΝΘΡΑΚΙΚΑ) (82374) ΧΛΩΡΙΟ (82435) ΚΡΕΑΤΙΝΙΝΗ(82565) ΓΛΥΚΟΖΗ (82947) ΑΝΟΡΓΑΝΟΣ ΦΩΣΦΟΡΟΣ (ΦΩΣΦΟΡΙΚΑ), (84100) ΚΑΛΙΟ (84132) ΝΑΤΡΙΟ (84295) ΑΖΩΤΟ ΟΥΡΙΑΣ (BUN) (84520);;;;;
7477;B300055;ΟΜΑΔΑ ΕΞΕΤΑΣΕΩΝ ΟΞΕΙΑΣ ΗΠΑΤΙΤΙΔΑΣ ΑΥΤΗ Η ΟΜΑΔΑ ΕΞΕΤΑΣΕΩΝ ΠΕΡΙΛΑΜΒΑΝΕΙ ΤΑ ΑΚΟΛΟΥΘΑ: ΑΝΤΙΣΩΜΑ ΗΠΑΤΙΤΙΔΑΣ Α (ΗΑΑΒ), ΑΝΤΙΣΩΜΑ IGM (86709) ΑΝΤΙΣΩΜΑ ΕΝΑΝΤΙ ΤΟΥ ΠΥΡΗΝΙΚΟΥ ΑΝΤΙΓΟΝΟΥ ΤΗΣ ΗΠΑΤΙΤΙΔΑΣ Β (HBCAB), IGM ΑΝΤΙΣΩΜΑ (86705) ΕΠΙΦΑΝΕΙΑΚΟ ΑΝΤΙΓΟΝΟ ΤΟΥ ΙΟΥ ΤΗΣ ΗΠΑΤΙΤΙΔΑΣ Β (HBSAG)(87340) ΑΝΤΙΣΩΜΑ ΗΠΑΤΙΤΙΔΑΣ C (86803);;;;;
7478;B300059;ΟΜΑΔΑ ΕΞΕΤΑΣΕΩΝ ΗΠΑΤΙΚΗΣ ΛΕΙΤΟΥΡΓΙΑΣ ΑΥΤΗ Η ΟΜΑΔΑ ΕΞΕΤΑΣΕΩΝ ΠΕΡΙΛΑΜΒΑΝΕΙ ΤΑ ΑΚΟΛΟΥΘΑ: ΛΕΥΚΩΜΑΤΙΝΗ (82040) ΧΟΛΕΡΥΘΡΙΝΗ, ΟΛΙΚΗ (82247) ΧΟΛΕΡΥΘΡΙΝΗ, ΑΜΕΣΗ (82248) ΑΛΚΑΛΙΚΗ ΦΩΣΦΑΤΑΣΗ (84075) ΟΛΙΚΗ ΠΡΩΤΕΪΝΗ (84155) ΑΛΑΝΙΝΙΚΗ ΑΜΙΝΟΤΡΑΝΣΦΕΡΑΣΗ (ALT) (SGPT - ΓΛΟΥΤΑΜΙΝΙΚΗ ΠΥΡΟΣΤΑΦΥΛΙΚΗ ΤΡΑΝΣΑΜΙΝΑΣΗ) (84460) ΑΣΠΑΡΤΙΚΗ ΑΜΙΝΟΤΡΑΝΣΦΕΡΑΣΗ (AST) (SGOT - ΓΛΟΥΤΑΜΙΝΙΚΗ ΟΞΑΛΟΞΕΪΚΗ ΤΡΑΝΣΑΜΙΝΑΣΗ) (84450);;;;;
Δ.2;ΠΡΟΣΔΙΟΡΙΣΜΟΙ ΦΑΡΜΑΚΩΝ;;;;;;
7479;B300107;ΕΛΕΓΧΟΣ ΦΑΡΜΑΚΟΥ, ΠΟΙΟΤΙΚΟΣ. ΧΡΩΜΑΤΟΓΡΑΦΙΚΗ ΜΕΘΟΔΟΣ ΠΟΛΛΑΠΛΩΝ ΚΑΤΗΓΟΡΙΩΝ ΦΑΡΜΑΚΩΝ,  ΚΑΘΕ ΔΙΑΔΙΚΑΣΙΑ;;;;;
7480;B300109;DRUG SCREEN, ΠΟΙΟΤΙΚΗ. ΜΕΘΟΔΟΣ ΜΙΑΣ ΦΑΡΜΑΚΕΥΤΙΚΗΣ ΚΑΤΗΓΟΡΙΑΣ (ΠΧ. ΑΝΟΣΟΠΡΟΣΔΙΟΡΙΣΜΟΣ,  ΜΕΤΡΗΣΗ ΕΝΖΥΜΟΥ), ΚΑΘΕ ΚΑΤΗΓΟΡΙΑ ΦΑΡΜΑΚΟΥ;;;;;
7481;B300111;EΠΙΠΕΔΑ ΦΑΡΜΑΚΟΥ, ΚΑΘΕ ΔΙΑΔΙΚΑΣΙΑ;;;;;
7482;B300113;ΠΡΟΕΤΟΙΜΑΣΙΑ ΙΣΤΟΥ ΓΙΑ ΦΑΡΜΑΚΕΥΤΙΚΗ ΑΝΑΛΥΣΗ;;;;;
7483;B300207;ΑΜΙΚΑΣΙΝΗ;;;;;
7484;B300211;ΑΜΙΤΡΥΠΤΙΛΙΝΗ;;;;;
7485;B300215;ΒΕΝΖΟΔΙΑΖΕΠΙΝΕΣ;;;;;
7486;B300219;ΚΑΡΒΑΜΑΖΕΠΙΝΗ. ΟΛΙΚΗ;;;;;
7487;B300221;ΚΑΡΒΑΜΑΖΕΠΙΝΗ. ΕΛΕΥΘΕΡΗ;;;;;
7488;B300223;ΚΥΚΛΟΣΠΟΡΙΝΗ, ΠΡΟΣΔΙΟΡΙΣΜΟΣ ΕΠΙΠΕΔΩΝ;;;;;
7489;B300227;ΔΕΣΙΠΡΑΜΙΝΗ;;;;;
7490;B300231;ΔΙΓΟΞΙΝΗ, ΠΡΟΣΔΙΟΡΙΣΜΟΣ ΕΠΙΠΕΔΩΝ;;;;;
7491;B300235;ΔΙΠΡΟΠΥΛΑΚΕΤΙΚΟ ΟΞΥ (ΒΑΛΠΡΟΪΚΟ ΟΞΥ);;;;;
7492;B300239;ΔΟΞΕΠΙΝΗ;;;;;
7493;B300243;ΕΘΟΣΟΥΞΙΜΙΔΗ (ZARONTIN);;;;;
7494;B300247;ΓΕΝΤΑΜΥΚΙΝΗ;;;;;
7495;B300251;ΧΡΥΣΟΣ;;;;;
7496;B300253;ΑΛΟΠΕΡΙΔΟΛΗ;;;;;
7497;B300255;ΙΜΙΠΡΑΜΙΝΗ;;;;;
7498;B300259;ΛΙΓΝΟΚΑΪΝΗ;;;;;
7499;B300263;ΛΙΘΙΟ;;;;;
7500;B300271;ΝΟΡΤΡΙΠΤΥΛΙΝΗ;;;;;
7501;B300275;ΦΕΝΟΒΑΡΒΙΤΑΛΙΝΗ;;;;;
7502;B300277;ΔΙΦΑΙΝΥΛΥΔΑΝΤΟΙΝΗ. ΟΛΙΚΗ;;;;;
7503;B300279;ΔΙΦΑΙΝΥΛΥΔΑΝΤΟΙΝΗ. ΕΛΕΥΘΕΡΗ;;;;;
7504;B300283;ΠΡΙΜΙΔΟΝΗ;;;;;
7505;B300287;ΠΡΟΚΑΪΝΑΜΙΔΗ,;;;;;
7506;B300291;ΠΡΟΚΑΪΝΑΜΙΔΗ. ΜΕ ΜΕΤΑΒΟΛΙΤΕΣ (ΠΧ. Ν-ΑΚΕΤΥΛΟΠΡΟΚΑΪΝΑΜΙΔΗ);;;;;
7507;B300295;ΚΙΝΙΔΙΝΗ;;;;;
7508;B300297;ΡΑΠΑΜΥΚΙΝΗ (SIROLIMUS) ΠΡΟΣΔΙΟΡΙΣΜΟΣ ΕΠΙΠΕΔΩΝ;;;;;
7509;B300299;ΣΑΛΙΚΥΛΙΚΗ;;;;;
7510;B300301;TARCOLIMUS, ΠΡΟΣΔΙΟΡΙΣΜΟΣ ΕΠΙΠΕΔΩΝ;;;;;
7511;B300303;ΘΕΟΦΥΛΛΙΝΗ;;;;;
7512;B300307;ΤΟΒΡΑΜΥΚΙΝΗ;;;;;
7513;B300309;ΤΟΠΙΡΑΜΑΤΗ;;;;;
7514;B300311;ΒΑΝΚΟΜΥΚΙΝΗ;;;;;
7515;B300505;ΠΟΣΟΤΙΚΟΣ ΠΡΟΣΔΙΟΡΙΣΜΟΣ ΦΑΡΜΑΚΟΥ, ΤΟ ΟΠΟΙΟ ΔΕΝ ΑΝΑΦΕΡΕΤΑΙ ΑΛΛΟΥ;;;;;
Δ.3;ΕΞΕΤΑΣΕΙΣ ΟΡΜΟΝΩΝ;;;;;;
7516;B300707;ΟΜΑΔΑ ΕΞΕΤΑΣΕΩΝ ΔΙΕΓΕΡΣΗΣ ΑΔΡΕΝΟΚΟΡΤΙΚΟΤΡΟΠΟΥ ΟΡΜΟΝΗΣ (ACTH). ΓΙΑ ΕΠΙΝΕΦΡΙΔΙΑΚΗ ΑΝΕΠΑΡΚΕΙΑ ΑΥΤΗ Η ΟΜΑΔΑ ΕΞΕΤΑΣΕΩΝ ΠΕΡΙΛΑΜΒΑΝΕΙ ΤΑ ΑΚΟΛΟΥΘΑ: ΚΟΡΤΙΖΟΛΗ (82533 X 2);;;;;
7517;B300711;ΟΜΑΔΑ ΕΞΕΤΑΣΕΩΝ ΔΙΕΓΕΡΣΗΣ ΑΔΡΕΝΟΚΟΡΤΙΚΟΤΡΟΠΟΥ ΟΡΜΟΝΗΣ (ACTH). ΓΙΑ ΑΝΕΠΑΡΚΕΙΑ ΥΔΡΟΞΥΛΑΣΗΣ 21 ΑΥΤΗ Η ΟΜΑΔΑ ΕΞΕΤΑΣΕΩΝ ΠΕΡΙΛΑΜΒΑΝΕΙ ΤΑ ΑΚΟΛΟΥΘΑ: ΚΟΡΤΙΖΟΛΗ (82533 X 2) 17 ΥΔΡΟΞΥΠΡΟΓΕΣΤΕΡΟΝΗ (83498 X 2);;;;;
7518;B300719;ΟΜΑΔΑ ΕΞΕΤΑΣΕΩΝ ΔΙΕΓΕΡΣΗΣ ΑΔΡΕΝΟΚΟΡΤΙΚΟΤΡΟΠΟΥ ΟΡΜΟΝΗΣ (ACTH). ΓΙΑ ΑΝΕΠΑΡΚΕΙΑ 3 ΒΗΤΑ - ΥΔΡΟΞΥΠΡΟΓΕΣΤΕΡΟΝΗΣ ΑΥΤΗ Η ΟΜΑΔΑ ΕΞΕΤΑΣΕΩΝ ΠΕΡΙΛΑΜΒΑΝΕΙ ΤΑ ΑΚΟΛΟΥΘΑ: ΚΟΡΤΙΖΟΛΗ (82533 X 2) 17 ΥΔΡΟΠΡΕΓΝΕΝΟΛΟΝΗ (84143 X 2);;;;;
7519;B300723;ΟΜΑΔΑ ΕΞΕΤΑΣΕΩΝ ΑΞΙΟΛΟΓΗΣΗΣ ΚΑΤΑΣΤΟΛΗΣ ΑΛΔΟΣΤΕΡΟΝΗΣ (ΠΧ. ΕΓΧΥΣΗ ΑΛΑΤΟΥΧΟΥ ΔΙΑΛΥΜΑΤΟΣ) ΑΥΤΗ Η ΟΜΑΔΑ ΕΞΕΤΑΣΕΩΝ ΠΕΡΙΛΑΜΒΑΝΕΙ ΤΑ ΑΚΟΛΟΥΘΑ: ΑΛΔΟΣΤΕΡΟΝΗ (82088 X 2) ΡΕΝΙΝΗ (84244 X 2);;;;;
7520;B300727;ΟΜΑΔΑ ΕΞΕΤΑΣΕΩΝ ΔΙΕΓΕΡΣΗΣ ΚΑΛΣΙΤΟΝΙΝΗΣ (ΠΧ. ΑΣΒΕΣΤΙΟ, ΠΕΝΤΑΓΑΣΤΡΙΝΗ) ΑΥΤΗ Η ΟΜΑΔΑ ΕΞΕΤΑΣΕΩΝ ΠΕΡΙΛΑΜΒΑΝΕΙ ΤΑ ΑΚΟΛΟΥΘΑ: ΚΑΛΣΙΤΟΝΙΝΗ (82308 X 3);;;;;
7521;B300731;ΟΜΑΔΑ ΕΞΕΤΑΣΕΩΝ ΔΙΕΓΕΡΣΗΣ ΚΟΡΚΙΚΟΕΚΛΥΤΙΝΗΣ (CRH)  ΑΥΤΗ Η ΟΜΑΔΑ ΕΞΕΤΑΣΕΩΝ ΠΕΡΙΛΑΜΒΑΝΕΙ ΤΑ ΑΚΟΛΟΥΘΑ: ΚΟΡΤΙΖΟΛΗ (82533 X 6) ΑΔΡΕΝΟΚΟΡΤΙΚΟΤΡΟΠΟ ΟΡΜΟΝΗ (ACTH) (82024 X 6);;;;;
7522;B300735;ΟΜΑΔΑ ΕΞΕΤΑΣΕΩΝ ΔΙΕΓΕΡΣΗΣ ΧΟΡΙΟΓΟΝΑΔΟΤΡΟΠΙΝΗΣ. ΑΝΤΑΠΟΚΡΙΣΗ ΤΕΣΤΟΣΤΕΡΟΝΗΣ ΑΥΤΗ Η ΟΜΑΔΑ ΕΞΕΤΑΣΕΩΝ ΠΕΡΙΛΑΜΒΑΝΕΙ ΤΑ ΑΚΟΛΟΥΘΑ: ΤΕΣΤΟΣΤΕΡΟΝΗ (84403 X 2 ΣΕ 3 ΣΥΓΚΕΝΤΡΩΜΕΝΑ ΔΕΙΓΜΑΤΑ ΑΙΜΑΤΟΣ);;;;;
7523;B300737;ΟΜΑΔΑ ΕΞΕΤΑΣΕΩΝ ΔΙΕΓΕΡΣΗΣ ΧΟΡΙΟΓΟΝΑΔΟΤΡΟΠΙΝΗΣ. ΑΝΤΑΠΟΚΡΙΣΗ ΟΙΣΤΡΑΔΙΟΛΗΣ ΑΥΤΗ Η ΟΜΑΔΑ ΕΞΕΤΑΣΕΩΝ ΠΕΡΙΛΑΜΒΑΝΕΙ ΤΑ ΑΚΟΛΟΥΘΑ: ΟΙΣΤΡΑΔΙΟΛΗ (82670 X 2 ΣΕ 3 ΣΥΓΚΕΝΤΡΩΜΕΝΑ ΔΕΙΓΜΑΤΑ ΑΙΜΑΤΟΣ);;;;;
7524;B300739;ΟΜΑΔΑ ΕΞΕΤΑΣΕΩΝ ΔΙΕΓΕΡΣΗΣ ΡΕΝΙΝΗΣ ΝΕΦΡΙΚΗΣ ΦΛΕΒΑΣ (ΠΧ. ΚΑΠΤΟΠΡΙΛΗ) ΑΥΤΗ Η ΟΜΑΔΑ ΕΞΕΤΑΣΕΩΝ ΠΕΡΙΛΑΜΒΑΝΕΙ ΤΑ ΑΚΟΛΟΥΘΑ: ΡΕΝΙΝΗ (84244 X 6);;;;;
7525;B300741;ΟΜΑΔΑ ΕΞΕΤΑΣΕΩΝ ΔΙΕΓΕΡΣΗΣ ΡΕΝΙΝΗΣ ΠΕΡΙΦΕΡΙΚΗΣ ΦΛΕΒΑΣ (ΠΧ. ΚΑΠΤΟΠΡΙΛΗ) ΑΥΤΗ Η ΟΜΑΔΑ ΕΞΕΤΑΣΕΩΝ ΠΕΡΙΛΑΜΒΑΝΕΙ ΤΑ ΑΚΟΛΟΥΘΑ: ΡΕΝΙΝΗ (84244 X 2);;;;;
7526;B300743;ΟΜΑΔΑ ΕΞΕΤΑΣΕΩΝ ΤΑΧΕΙΑΣ ΑΞΙΟΛΟΓΗΣΗΣ ΠΡΟΣΘΙΑΣ ΥΠΟΦΥΣΗΣ ΑΥΤΗ Η ΟΜΑΔΑ ΕΞΕΤΑΣΕΩΝ ΠΕΡΙΛΑΜΒΑΝΕΙ ΤΑ ΑΚΟΛΟΥΘΑ: ΑΔΡΕΝΟΚΟΡΤΙΚΟΤΡΟΠΟ ΟΡΜΟΝΗ (ACTH) (82024 X 4) ΩΧΡΙΝΟΤΡΟΠΟ ΟΡΜΟΝΗ (LH) (83002 X 4) ΩΟΘΥΛΑΚΙΟΤΡΟΠΟΣ ΟΡΜΟΝΗ (FSH) (83001 X 4) ΠΡΟΛΑΚΤΙΝΗ (84146 X 4) ΑΝΘΡΩΠΙΝΗ ΑΥΞΗΤΙΚΗ ΟΡΜΟΝΗ (HGH) (83003 X 4) ΚΟΡΤΙΖΟΛΗ (82533 X 4) ΘΥΡΕΟΕΙΔΟΤΡΟΠΟΣ ΟΡΜΟΝΗ (TSH) (84443 X 4);;;;;
7527;B300747;ΟΜΑΔΑ ΕΞΕΤΑΣΕΩΝ ΚΑΤΑΣΤΟΛΗΣ ΔΕΞΑΜΕΘΑΖΟΝΗΣ, 48 ΩΡΕΣ  ΑΥΤΗ Η ΟΜΑΔΑ ΕΞΕΤΑΣΕΩΝ ΠΕΡΙΛΑΜΒΑΝΕΙ ΤΑ ΑΚΟΛΟΥΘΑ: ΕΛΕΥΘΕΡΗ ΚΟΡΤΙΖΟΛΗ, ΟΥΡΑ (82530 X 2) ΚΟΡΤΙΖΟΛΗ (82533 X 2) ΜΕΤΡΗΣΗ ΟΓΚΟΥ ΓΙΑ ΠΡΟΣΔΙΟΡΙΣΜΕΝΗ ΧΡΟΝΙΚΑ ΣΥΛΛΟΓΗ (81050 X 2);;;;;
7528;B300751;ΟΜΑΔΑ ΕΞΕΤΑΣΕΩΝ ΑΝΤΟΧΗΣ ΓΛΥΚΑΓΟΝΗΣ. ΓΙΑ ΙΝΣΟΥΛΙΝΩΜΑ ΑΥΤΗ Η ΟΜΑΔΑ ΕΞΕΤΑΣΕΩΝ ΠΕΡΙΛΑΜΒΑΝΕΙ ΤΑ ΑΚΟΛΟΥΘΑ: ΓΛΥΚΟΖΗ (82947 X 3) ΙΝΣΟΥΛΙΝΗ (83525 X 3);;;;;
7529;B300755;ΟΜΑΔΑ ΕΞΕΤΑΣΕΩΝ ΑΝΤΟΧΗΣ ΓΛΥΚΑΓΟΝΗΣ. ΓΙΑ ΦΕΟΧΡΩΜΟΚΥΤΩΜΑ ΑΥΤΗ Η ΟΜΑΔΑ ΕΞΕΤΑΣΕΩΝ ΠΕΡΙΛΑΜΒΑΝΕΙ ΤΑ ΑΚΟΛΟΥΘΑ: ΚΑΤΕΧΟΛΑΜΙΝΕΣ, ΚΛΑΣΜΑΤΟΠΟΙΗΜΕΝΕΣ (82384 X 2);;;;;
7530;B300759;ΟΜΑΔΑ ΕΞΕΤΑΣΕΩΝ ΔΙΕΓΕΡΣΗΣ ΕΚΛΥΤΙΚΗΣ ΟΡΜΟΝΗΣ ΤΩΝ ΓΟΝΑΔΟΤΡΟΠΙΝΩΝ (LHRH Ή GnRH) ΑΥΤΗ Η ΟΜΑΔΑ ΕΞΕΤΑΣΕΩΝ ΠΕΡΙΛΑΜΒΑΝΕΙ ΤΑ ΑΚΟΛΟΥΘΑ: ΩΟΘΥΛΑΚΙΟΤΡΟΠΟΣΔΙΕΓΕΡΤΙΚΗ ΟΡΜΟΝΗ (FSH) (83001 X 4) ΩΧΡΙΝΟΤΡΟΠΟΣ ΟΡΜΟΝΗ (LH) (83002 X 4);;;;;
7531;B300763;ΟΜΑΔΑ ΕΞΕΤΑΣΕΩΝ ΔΙΕΓΕΡΣΗΣ ΟΡΜΟΝΗΣ ΑΝΑΠΤΥΞΗΣ (ΠΧ. ΕΓΧΥΣΗ ΑΡΓΙΝΙΝΗΣ,  ΧΟΡΗΓΗΣΗ L-DOPA) ΑΥΤΗ Η ΟΜΑΔΑ ΕΞΕΤΑΣΕΩΝ ΠΕΡΙΛΑΜΒΑΝΕΙ ΤΑ ΑΚΟΛΟΥΘΑ: ΑΝΘΡΩΠΙΝΗ ΑΥΞΗΤΙΚΗ ΟΡΜΟΝΗ (HGH) (83003 X 4);;;;;
7532;B300767;ΟΜΑΔΑ ΕΞΕΤΑΣΕΩΝ ΚΑΤΑΣΤΟΛΗΣ ΑΥΞΗΤΙΚΗΣ ΟΡΜΟΝΗΣ (ΧΟΡΗΓΗΣΗ ΓΛΥΚΟΖΗΣ) ΑΥΤΗ Η ΟΜΑΔΑ ΕΞΕΤΑΣΕΩΝ ΠΕΡΙΛΑΜΒΑΝΕΙ ΤΑ ΑΚΟΛΟΥΘΑ: ΓΛΥΚΟΖΗ (82947 X 3) ΑΝΘΡΩΠΙΝΗ ΑΥΞΗΤΙΚΗ ΟΡΜΟΝΗ (HGH) (83003 X 4);;;;;
7533;B300771;ΟΜΑΔΑ ΕΞΕΤΑΣΕΩΝ ΚΑΤΑΣΤΟΛΗΣ ΙΝΣΟΥΛΙΝΟ-ΕΠΑΓΩΜΕΝΟΥ C-ΠΕΠΤΙΔΙΟΥ ΑΥΤΗ Η ΟΜΑΔΑ ΕΞΕΤΑΣΕΩΝ ΠΕΡΙΛΑΜΒΑΝΕΙ ΤΑ ΑΚΟΛΟΥΘΑ: ΙΝΣΟΥΛΙΝΗ (83525) C-ΠΕΠΤΙΔΙΟ (84681 X 5) ΓΛΥΚΟΖΗ (82947 X 5);;;;;
7534;B300775;ΟΜΑΔΑ ΕΞΕΤΑΣΕΩΝ ΑΝΤΟΧΗΣ ΙΝΣΟΥΛΙΝΗΣ. ΓΙΑ ΑΝΕΠΑΡΚΕΙΑ ΑΔΡΕΝΟΚΟΡΤΙΚΟΤΡΟΠΟΥ ΟΡΜΟΝΗΣ (ACTH)  ΑΥΤΗ Η ΟΜΑΔΑ ΕΞΕΤΑΣΕΩΝ ΠΕΡΙΛΑΜΒΑΝΕΙ ΤΑ ΑΚΟΛΟΥΘΑ: ΚΟΡΤΙΖΟΛΗ (82533 X 5) ΓΛΥΚΟΖΗ (82947 X 5);;;;;
7535;B300777;ΟΜΑΔΑ ΕΞΕΤΑΣΕΩΝ ΑΝΤΟΧΗΣ ΙΝΣΟΥΛΙΝΗΣ. ΓΙΑ ΑΝΕΠΑΡΚΕΙΑ ΑΥΞΗΤΙΚΗΣ ΟΡΜΟΝΗΣ ΑΥΤΗ Η ΟΜΑΔΑ ΕΞΕΤΑΣΕΩΝ ΠΕΡΙΛΑΜΒΑΝΕΙ ΤΑ ΑΚΟΛΟΥΘΑ: ΓΛΥΚΟΖΗ (82947 X 5) ΑΝΘΡΩΠΙΝΗ ΑΥΞΗΤΙΚΗ ΟΡΜΟΝΗ (HGH) (83003 X 5);;;;;
7536;B300779;ΟΜΑΔΑ ΕΞΕΤΑΣΕΩΝ ΜΕΤΥΡΑΠΟΝΗΣ ΑΥΤΗ Η ΟΜΑΔΑ ΕΞΕΤΑΣΕΩΝ ΠΕΡΙΛΑΜΒΑΝΕΙ ΤΑ ΑΚΟΛΟΥΘΑ: ΚΟΡΤΙΖΟΛΗ (82533 X 2) 11 ΔΕΟΞΥΚΟΡΤΙΖΟΛΗ (82634 X 2);;;;;
7537;B300783;ΟΜΑΔΑ ΕΞΕΤΑΣΕΩΝ ΔΙΕΓΕΡΣΗΣ ΘΥΡΕΟΤΡΟΠΙΝΗΣ (TRH). 1Η ΩΡΑ ΑΥΤΗ Η ΟΜΑΔΑ ΕΞΕΤΑΣΕΩΝ ΠΕΡΙΛΑΜΒΑΝΕΙ ΤΑ ΑΚΟΛΟΥΘΑ: ΘΥΡΕΟΕΙΔΟΤΡΟΠΟΣ ΟΡΜΟΝΗ (TSH) (84443 X 3);;;;;
7538;B300785;ΟΜΑΔΑ ΕΞΕΤΑΣΕΩΝ ΔΙΕΓΕΡΣΗΣ ΘΥΡΕΟΤΡΟΠΙΝΗΣ (TRH). 2Η ΩΡΑ ΑΥΤΗ Η ΟΜΑΔΑ ΕΞΕΤΑΣΕΩΝ ΠΕΡΙΛΑΜΒΑΝΕΙ ΤΑ ΑΚΟΛΟΥΘΑ: ΘΥΡΕΟΕΙΔΟΤΡΟΠΟΣ ΟΡΜΟΝΗ (TSH) (84443 X 4);;;;;
7539;B300787;ΟΜΑΔΑ ΕΞΕΤΑΣΕΩΝ ΔΙΕΓΕΡΣΗΣ ΟΡΜΟΝΗΣ ΕΚΛΥΤΙΚΗΣ ΤΗΣ ΘΥΡΟΤΡΟΠΙΝΗΣ (TRH). ΓΙΑ ΥΠΕΡΠΡΟΛΑΚΤΙΝΑΙΜΙΑ ΑΥΤΗ Η ΟΜΑΔΑ ΕΞΕΤΑΣΕΩΝ ΠΕΡΙΛΑΜΒΑΝΕΙ ΤΑ ΑΚΟΛΟΥΘΑ: ΠΡΟΛΑΚΤΙΝΗ (84146 X 3);;;;;
7540;B300907;ΕΠΙΣΚΕΨΗ ΕΡΓΑΣΤΗΡΙΑΚΗ. ΠΕΡΙΟΡΙΣΜΕΝΗ, ΑΝΕΥ ΕΛΕΓΧΟΥ  ΤΟΥ ΙΣΤΟΡΙΚΟΥ ΚΑΙ ΤΩΝ ΙΑΤΡΙΚΩΝ ΑΡΧΕΙΩΝ ΤΟΥ ΑΣΘΕΝΟΥΣ;;;;;
7541;B300911;ΕΠΙΣΚΕΨΗ ΕΡΓΑΣΤΗΡΙΑΚΗ. ΑΝΑΛΥΤΙΚΗ, ΓΙΑ ΕΝΑ ΣΥΝΘΕΤΟ ΔΙΑΓΝΩΣΤΙΚΟ ΠΡΟΒΛΗΜΑ, ΜΕ ΕΛΕΓΧΟ ΤΟΥ ΙΣΤΟΡΙΚΟΥ ΚΑΙ ΤΩΝ ΙΑΤΡΙΚΩΝ ΑΡΧΕΙΩΝ ΤΟΥ ΑΣΘΕΝΟΥΣ;;;;;
Δ.4;ΕΞΕΤΑΣΕΙΣ ΟΥΡΩΝ;;;;;;
7542;B301907;ΑΝΑΛΥΣΗ ΟΥΡΩΝ, ΜΕ ΣΤΙΚ ΜΕΤΡΗΣΕΩΣ Ή ΔΙΣΚΙΟ ΑΝΤΙΔΡΑΣΤΗΡΙΟΥ ΓΙΑ ΧΟΛΕΡΥΘΡΙΝΗ, ΓΛΥΚΟΖΗ,  ΑΙΜΟΣΦΑΙΡΙΝΗ, ΚΕΤΟΝΕΣ, ΛΕΥΚΟΚΥΤΤΑΡΑ, ΝΙΤΡΩΔΗ, ΡΗ, ΠΡΩΤΕΙΝΗ,  ΕΙΔΙΚΟ ΒΑΡΟΣ,ΟΥΡΟΧΟΛΙΝΟΓΟΝΟ, ΚΑΘΕ ΑΡΙΘΜΟΣ ΑΠΟ ΑΥΤΑ ΤΑ ΣΥΣΤΑΤΙΚΑ. ΜΗ ΑΥΤΟΜΑΤΟΠΟΙΗΜΕΝΑ ΜΕ ΜΙΚΡΟΣΚΟΠΙΟ;;;;;
7543;B301909;ΑΝΑΛΥΣΗ ΟΥΡΩΝ, ΜΕ ΣΤΙΚ ΜΕΤΡΗΣΕΩΣ Ή ΔΙΣΚΙΟ ΑΝΤΙΔΡΑΣΤΗΡΙΟΥ ΓΙΑ ΧΟΛΕΡΥΘΡΙΝΗ, ΓΛΥΚΟΖΗ,  ΑΙΜΟΣΦΑΙΡΙΝΗ, ΚΕΤΟΝΕΣ, ΛΕΥΚΟΚΥΤΤΑΡΑ, ΝΙΤΡΩΔΗ, ΡΗ, ΠΡΩΤΕΙΝΗ,  ΕΙΔΙΚΟ ΒΑΡΟΣ,ΟΥΡΟΧΟΛΙΝΟΓΟΝΟ, ΚΑΘΕ ΑΡΙΘΜΟΣ ΑΠΟ ΑΥΤΑ ΤΑ ΣΥΣΤΑΤΙΚΑ. ΑΥΤΟΜΑΤΟΠΟΙΗΜΕΝΑ, ΜΕ ΜΙΚΡΟΣΚΟΠΙΟ;;;;;
7544;B301911;ΑΝΑΛΥΣΗ ΟΥΡΩΝ, ΜΕ ΣΤΙΚ ΜΕΤΡΗΣΕΩΣ Ή ΔΙΣΚΙΟ ΑΝΤΙΔΡΑΣΤΗΡΙΟΥ ΓΙΑ ΧΟΛΕΡΥΘΡΙΝΗ, ΓΛΥΚΟΖΗ,  ΑΙΜΟΣΦΑΙΡΙΝΗ, ΚΕΤΟΝΕΣ, ΛΕΥΚΟΚΥΤΤΑΡΑ, ΝΙΤΡΩΔΗ, ΡΗ, ΠΡΩΤΕΙΝΗ,  ΕΙΔΙΚΟ ΒΑΡΟΣ,ΟΥΡΟΧΟΛΙΝΟΓΟΝΟ, ΚΑΘΕ ΑΡΙΘΜΟΣ ΑΠΟ ΑΥΤΑ ΤΑ ΣΥΣΤΑΤΙΚΑ. ΜΗ ΑΥΤΟΜΑΤΟΠΟΙΗΜΕΝΑ  ΑΝΕΥ ΜΙΚΡΟΣΚΟΠΙΟΥ;;;;;
7545;B301913;ΑΝΑΛΥΣΗ ΟΥΡΩΝ, ΜΕ ΣΤΙΚ ΜΕΤΡΗΣΕΩΣ Ή ΔΙΣΚΙΟ ΑΝΤΙΔΡΑΣΤΗΡΙΟΥ ΓΙΑ ΧΟΛΕΡΥΘΡΙΝΗ, ΓΛΥΚΟΖΗ,  ΑΙΜΟΣΦΑΙΡΙΝΗ, ΚΕΤΟΝΕΣ, ΛΕΥΚΟΚΥΤΤΑΡΑ, ΝΙΤΡΩΔΗ, ΡΗ, ΠΡΩΤΕΙΝΗ,  ΕΙΔΙΚΟ ΒΑΡΟΣ,ΟΥΡΟΧΟΛΙΝΟΓΟΝΟ, ΚΑΘΕ ΑΡΙΘΜΟΣ ΑΠΟ ΑΥΤΑ ΤΑ ΣΥΣΤΑΤΙΚΑ. ΑΥΤΟΜΑΤΟΠΟΙΗΜΕΝΑ, ΑΝΕΥ ΜΙΚΡΟΣΚΟΠΙΟΥ;;;;;
7546;B301917;ΑΝΑΛΥΣΗ ΟΥΡΩΝ. ΠΟΙΟΤΙΚΗ 'Η ΗΜΙΠΟΣΟΤΙΚΗ, ΕΚΤΟΣ ΤΩΝ ΑΝΟΣΟΠΡΟΣΔΙΟΡΙΣΜΩΝ;;;;;
7547;B301921;ΑΝΑΛΥΣΗ ΟΥΡΩΝ. ΑΝΙΧΝΕΥΣΗ ΒΑΚΤΗΡΙΔΙΩΝ, ΕΚΤΟΣ ΑΠΟ ΤΗΝ ΚΑΛΛΙΕΡΓΕΙΑ 'Η ΤΟ ΣΤΙΚ ΕΜΒΥΘΙΣΗΣ;;;;;
7548;B301937;ΑΝΑΛΥΣΗ ΟΥΡΩΝ. ΜΟΝΟ ΜΙΚΡΟΣΚΟΠΙΚΗ;;;;;
7549;B301947;ΑΝΑΛΥΣΗ ΟΥΡΩΝ. ΕΛΕΓΧΟΣ 2 'Η 3 ΣΩΛΗΝΑΡΙΩΝ;;;;;
7550;B301957;ΔΟΚΙΜΑΣΙΑ ΕΓΚΥΜΟΣΥΝΗΣ ΟΥΡΩΝ, ΜΕ ΟΠΤΙΚΕΣ ΜΕΘΟΔΟΥΣ ΣΥΓΚΡΙΣΗΣ ΧΡΩΜΑΤΟΣ;;;;;
7551;B302007;ΜΕΤΡΗΣΗ ΟΓΚΟΥ ΓΙΑ ΠΡΟΣΔΙΟΡΙΣΜΕΝΗ ΧΡΟΝΙΚΑ ΣΥΛΛΟΓΗ, ΚΑΘΕ ΜΕΤΡΗΣΗ;;;;;
7552;B302105;ΜΗ ΚΑΤΑΓΕΓΡΑΜΜΕΝΗ ΔΙΑΔΙΚΑΣΙΑ ΑΝΑΛΥΣΗΣ ΟΥΡΩΝ;;;;;
Δ.5;ΕΞΕΤΑΣΕΙΣ ΑΙΜΑΤΟΣ ΚΑΘΕ ΜΕΘΟΔΟΥ;;;;;;
7553;B303907;ΑΚΕΤΑΛΔΕΥΔΗ, ΑΙΜΑΤΟΣ;;;;;
7554;B303913;ΑΚΕΤΑΜΙΝΟΦΕΝΗ;;;;;
7555;B303925;ΑΚΕΤΟΝΗ Η ΑΛΛΕΣ ΚΕΤΟΝΕΣ, ΟΡΟΣ. ΠΟΙΟΤΙΚΗ;;;;;
7556;B303927;ΑΚΕΤΟΝΗ Η ΑΛΛΕΣ ΚΕΤΟΝΕΣ, ΟΡΟΣ. ΠΟΣΟΤΙΚΗ;;;;;
7557;B303933;ΑΚΕΤΥΛΧΟΛΙΝΕΣΤΕΡΑΣΗ;;;;;
7558;B303939;ΚΑΡΝΙΤΙΝΕΣ. ΠΟΙΟΤΙΚΗ, ΚΑΘΕ ΕΙΔΟΣ;;;;;
7559;B303941;ΚΑΡΝΙΤΙΝΕΣ. ΠΟΣΟΤΙΚΗ, ΚΑΘΕ ΕΙΔΟΣ;;;;;
7560;B303955;ΑΔΡΕΝΟΚΟΡΤΙΚΟΤΡΟΠΟΣ ΟΡΜΟΝΗ (ACTH);;;;;
7561;B303967;ΑΔΕΝΟΣΙΝΗ, 5-ΜΟΝΟΦΩΣΦΟΡΙΚΗ, ΚΥΚΛΙΚΗ (CYCLIC AMP);;;;;
7562;B303987;ΛΕΥΚΩΜΑΤΙΝΗ ΟΡΟΥ;;;;;
7563;B303991;ΛΕΥΚΩΜΑΤΙΝΗ ΟΥΡΩΝ;;;;;
7564;B303993;ΛΕΥΚΩΜΑΤΙΝΗ. ΟΥΡΑ, ΜΙΚΡΟΛΕΥΚΩΜΑΤΙΝΗ,ΠΟΣΟΤΙΚΗ;;;;;
7565;B303995;ΛΕΥΚΩΜΑΤΙΝΗ. ΟΥΡΑ, ΜΙΚΡΟΛΕΥΚΩΜΑΤΙΝΗ, ΗΜΙΠΟΣΟΤΙΚΗ (ΠΧ. ΜΕΤΡΗΣΗ ΛΩΡΙΔΑΣ ΑΝΤΙΔΡΑΣΤΗΡΙΟΥ);;;;;
7566;B303997;ΤΡΟΠΟΠΟΙΗΜΕΝΗ ΑΛΒΟΥΜΙΝΗ ΙΣΧΑΙΜΙΑΣ (ΙΜΑ);;;;;
7567;B304017;ΑΛΚΟΟΛΗ (ΑΙΘΑΝΟΛΗ). ΚΑΘΕ ΔΕΙΓΜΑ ΕΚΤΟΣ ΤΗΣ ΑΝΑΠΝΟΗΣ;;;;;
7568;B304057;ΑΛΚΟΟΛΗ (ΑΙΘΑΝΟΛΗ). ΑΝΑΠΝΟΗ;;;;;
7569;B304077;ΑΛΔΟΛΑΣΗ;;;;;
7570;B304083;ΑΛΔΟΣΤΕΡΟΝΗ;;;;;
7571;B304109;ΑΛΚΑΛΟΕΙΔΗ, ΟΥΡΑ, ΠΟΣΟΤΙΚΗ;;;;;
7572;B304113;Α1 ΑΝΤΙΘΡΥΨΙΝΗ;;;;;
7573;B304115;Α1 ΑΝΤΙΘΡΥΨΙΝΗ, ΑΛΛΟΤΥΠΟΙ;;;;;
7574;B304117;ΑΛΦΑ ΕΜΒΡΥΪΚΗ ΠΡΩΤΕΙΝΗ (AFP). ΟΡΟΣ;;;;;
7575;B304119;ΑΜΝΙAKO ΥΓΡΟ;;;;;
7576;B304121;ΑΛΦΑ- ΕΜΒΡΥΪΚΗ ΠΡΩΤΕΙΝΗ(AFP). AFP-L3 ΚΛΑΣΜΑΤΙΚΗ ΚΑΙ ΟΛΙΚΗ AFP (ΣΥΜΠΕΡΙΛΑΜΒΑΝΟΜΕΝΗΣ ΤΗΣ ΣΧΕΣΗΣ);;;;;
7577;B304123;ΑΛΟΥΜΙΝΙΟ;;;;;
7578;B304147;ΑΜΙΝΕΣ, ΚΟΛΠΙΚΟ ΥΓΡΟ, ΠΟΙΟΤΙΚΗ;;;;;
7579;B304161;ΑΜΙΝΟΞΕΑ, ΕΝΑ, ΠΟΙΟΤΙΚΗ, ΚΑΘΕ ΔΕΙΓΜΑ;;;;;
7580;B304163;ΑΜΙΝΟΞΕΑ. ΠΟΛΛΑΠΛΑ, ΠΟΙΟΤΙΚΗ, ΚΑΘΕ ΔΕΙΓΜΑ;;;;;
7581;B304169;ΑΜΙΝΟΞΕΑ. ΕΝΑ, ΠΟΣΟΤΙΚΗ, ΚΑΘΕ ΔΕΙΓΜΑ;;;;;
7582;B304177;ΑΜΙΝΟΛΕΒΟΥΝΙΛΙΚΟ ΟΞΥ, ΔΕΛΤΑ (ALA);;;;;
7583;B304179;ΑΜΙΝΟΞΕΑ, 2 ΕΩΣ 5 ΑΜΙΝΟΞΕΑ, ΠΟΣΟΤΙΚΗ, ΚΑΘΕ ΔΕΙΓΜΑ;;;;;
7584;B304185;ΑΜΙΝΟΞΕΑ, 6 Ή ΠΕΡΙΣΣΟΤΕΡΑ ΑΜΙΝΟΞΕΑ, ΠΟΣΟΤΙΚΗ, ΚΑΘΕ ΔΕΙΓΜΑ;;;;;
7585;B304187;ΑΜΜΩΝΙΑ;;;;;
7586;B304193;ΑΜΝΙAKOY ;;;;;
7587;B304197;ΑΜΦΕΤΑΜΙΝΗ Η ΜΕΤΑΜΦΕΤΑΜΙΝΗ;;;;;
7588;B304207;ΑΜΥΛΑΣΗ;;;;;
7589;B304215;ΓΛΥΚΟΥΡΟΝΙΔΙΟ ΑΝΔΡΟΣΤΕΝΕΔΙΟΛΗΣ (3a-diol-G);;;;;
7590;B304221;ΑΝΔΡΟΣΤΕΝΕΔΙΟΝΗ ΑΙΜΑΤΟΣ;;;;;
7591;B304227;ΑΝΔΡΟΣΤΕΡΟΝΗ;;;;;
7592;B304233;ΑΓΓΕΙΟΤΕΝΣΙΝΗ II;;;;;
7593;B304235;ΑΓΓΕΙΟΤΕΝΣΙΝΗ I - ΜΕΤΑΤΡΕΠΤΙΚΟ ΕΝΖΥΜΟ (ACE);;;;;
7594;B304251;ΑΠΟΛΙΠΟΠΡΩΤΕΙΝΗ, ΚΑΘΕ;;;;;
7595;B304257;ΑΡΣΕΝΙΚΟ;;;;;
7596;B304267;ΑΣΚΟΡΒΙΚΟ ΟΞΥ (ΒΙΤΑΜΙΝΗ C), ΑΙΜΑΤΟΣ;;;;;
7597;B304287;ΦΑΣΜΑΤΟΣΚΟΠΙΑ ΑΤΟΜΙΚΗΣ ΑΠΟΡΡΟΦΗΣΗΣ, ΚΑΘΕ ΟΥΣΙΑ;;;;;
7598;B304317;ΒΑΡΒΙΤΟΥΡΙΚΑ, ΔΕΝ ΚΑΤΑΓΡΑΦΟΝΤΑΙ ΑΛΛΟΥ;;;;;
7599;B304371;Β2- ΜΙΚΡΟΣΦΑΙΡΙΝΗ ΟΥΡΩΝ;;;;;
7600;B304385;ΧΟΛΙΚΑ ΟΞΕΑ. ΟΛΙΚΟ;;;;;
7601;B304387;ΧΟΛΙΚΑ ΟΞΕΑ. ΓΛΥΚΙΝΗ;;;;;
7602;B304401;ΟΥΡΟΧΟΛΙΝΟΓΟΝΟ. ΟΛΙΚΟ;;;;;
7603;B304403;ΟΥΡΟΧΟΛΙΝΟΓΟΝΟ. ΑΜΕΣΟ;;;;;
7604;B304411;ΟΥΡΟΧΟΛΙΝΟΓΟΝΟ. ΚΟΠΡΑΝΑ, ΠΟΙΟΤΙΚΟ;;;;;
7605;B304429;ΒΙΟΤΙΝΙΔΑΣΗ, ΚΑΘΕ ΔΕΙΓΜΑ;;;;;
7606;B304447;ΑΙΜΑ, ΛΑΝΘΑΝΩΝ, (Π.Χ. ΕΛΕΓΧΟΣ ΛΑΝΘΑΝΟΥΣΑΣ ΑΙΜΟΡΡΑΓΙΑΣ), ΜΕ ΔΡΑΣΤΗΡΙΟΤΗΤΑ ΥΠΕΡΟΞΕΙΔΙΑΣΗΣ, ΠΟΙΟΤΙΚΗ. ΚΟΠΡΑΝΑ,  ΔΙΑΔΟΧΙΚΗ ΣΥΛΛΟΓΗ ΔΕΙΓΜΑΤΩΝ ΜΕ ΕΝΙΑΙΟ ΠΡΟΣΔΙΟΡΙΣΜΟ, ΓΙΑ ΔΟΚΙΜΑΣΙΑ ΔΙΑΛΟΓΗΣ (SCREENING) ΕΝΤΕΡΙΚΟΥ ΝΕΟΠΛΑΣΜΑΤΟΣ (ΠΧ. ΣΤΟΝ ΑΣΘΕΝΗ  ΧΟΡΗΓΗΘΗΚΑΝ ΤΡΙΑ ΔΟΧΕΙΑ ΓΙΑ ΔΙΑΔΟΧΙΚΗ ΣΥΛΛΟΓΗ);;;;;
7607;B304449;ΑΙΜΑ, ΛΑΝΘΑΝΩΝ, (Π.Χ. ΕΛΕΓΧΟΣ ΛΑΝΘΑΝΟΥΣΑΣ ΑΙΜΟΡΡΑΓΙΑΣ), ΜΕ ΔΡΑΣΤΗΡΙΟΤΗΤΑ ΥΠΕΡΟΞΕΙΔΙΑΣΗΣ, ΠΟΙΟΤΙΚΗ. ΑΛΛΕΣ ΠΗΓΕΣ ΔΕΙΓΜΑΤΩΝ;;;;;
7608;B304451;ΑΙΜΑ, ΛΑΝΘΑΝΩΝ, (Π.Χ. ΕΛΕΓΧΟΣ ΛΑΝΘΑΝΟΥΣΑΣ ΑΙΜΟΡΡΑΓΙΑΣ), ΜΕ ΔΡΑΣΤΗΡΙΟΤΗΤΑ ΥΠΕΡΟΞΕΙΔΙΑΣΗΣ, ΠΟΙΟΤΙΚΗ. ΚΟΠΡΑΝΑ,  1-3 ΤΑΥΤΟΧΡΟΝΟΙ ΠΡΟΣΔΙΟΡΙΣΜΟΙ, ΠΟΥ ΕΚΤΕΛΟΥΝΤΑΙ ΓΙΑ ΕΛΕΓΧΟ ΑΛΛΗΣ ΚΑΤΑΣΤΑΣΗΣ ΠΛΗΝ ΔΟΚΙΜΑΣΙΑΣ ΔΙΑΛΟΓΗΣ (SCREENING) ΕΝΤΕΡΙΚΟΥ ΝΕΟΠΛΑΣΜΑΤΟΣ;;;;;
7609;B304455;ΑΙΜΑ, ΛΑΝΘΑΝΩΝ, ΜΕ ΠΡΟΣΔΙΟΡΙΣΜΟ ΑΙΜΟΣΦΑΙΡΙΝΗΣ ΚΟΠΡΑΝΩΝ ΜΕ ΑΝΟΣΟΠΡΟΣΔΙΟΡΙΣΜΟ, ΠΟΙΟΤΙΚΗ, ΚΟΠΡΑΝΑ, 1-3 ΤΑΥΤΟΧΡΟΝΟΙ ΠΡΟΣΔΙΟΡΙΣΜΟΙ;;;;;
7610;B304479;ΒΡΑΔΥΚΙΝΙΝΗ;;;;;
7611;B304507;ΚΑΔΜΙΟ;;;;;
7612;B304519;ΚΑΛΣΙΦΕΔΙΟΛΗ (25-OH ΒΙΤΑΜΙΝΗ D-3);;;;;
7613;B304521;ΚΑΛΣΙΦΕΡΟΛΗ (ΒΙΤΑΜΙΝΗ D);;;;;
7614;B304523;ΚΑΛΣΙΤΟΝΙΝΗ (CT);;;;;
7615;B304527;ΑΣΒΕΣΤΙΟ.ΟΛΙΚΟ;;;;;
7616;B304567;ΑΣΒΕΣΤΙΟ. ΙΟΝΙΣΜΕΝΟ;;;;;
7617;B304569;ΑΣΒΕΣΤΙΟ. ΜΕΤΑ ΑΠΟ ΔΟΚΙΜΑΣΙΑ ΕΓΧΥΣΗΣ ΑΣΒΕΣΤΙΟΥ;;;;;
7618;B304587;ΑΣΒΕΣΤΙΟ. ΟΥΡΑ, ΠΟΣΟΤΙΚΗ, ΧΡΟΝΙΚΑ ΠΡΟΣΔΙΟΡΙΣΜΕΝΟ ΔΕΙΓΜΑ;;;;;
7619;B304617;ΛΙΘΟΣ. ΠΟΙΟΤΙΚΗ ΑΝΑΛΥΣΗ;;;;;
7620;B304627;ΛΙΘΟΣ. ΠΟΣΟΤΙΚΗ ΑΝΑΛΥΣΗ, ΧΗΜΙΚΗ;;;;;
7621;B304637;ΛΙΘΟΣ. ΥΠΕΡΥΘΡΗ ΦΑΣΜΑΤΟΣΚΟΠΗΣΗ;;;;;
7622;B304647;ΛΙΘΟΣ. ΔΙΑΘΛΑΣΗ ΑΚΤΙΝΩΝ Χ;;;;;
7623;B304653;ΤΡΑΝΣΦΕΡΙΝΗ;;;;;
7624;B304655;ΔΙΟΞΕΙΔΙΟ ΤΟΥ ΑΝΘΡΑΚΑ (ΔΙΤΤΑΝΘΡΑΚΙΚΟ);;;;;
7625;B304657;ΑΝΘΡΑΚΥΛΑΙΜΟΣΦΑΙΡΙΝΗ, ΠΟΣΟΤΙΚΗ;;;;;
7626;B304659;ΑΝΘΡΑΚΥΛΑΙΜΟΣΦΑΙΡΙΝΗ, ΠΟΙΟΤΙΚΗ;;;;;
7627;B304663;ΚΑΡΚΙΝΟΕΜΒΡΥΪΚΟ ΑΝΤΙΓΟΝΟ (CEA);;;;;
7628;B304665;ΚΑΡΝΙΤΙΝΗ (ΟΛΙΚΗ ΚΑΙ ΕΛΕΥΘΕΡΗ), ΠΟΣΟΤΙΚΗ, ΚΑΘΕ ΔΕΙΓΜΑ;;;;;
7629;B304667;ΚΑΡΟΤΕΝΙΟ;;;;;
7630;B304671;ΚΑΤΕΧΟΛΑΜΙΝΕΣ. ΟΛΙΚΗ ΟΥΡΑ;;;;;
7631;B304673;ΚΑΤΕΧΟΛΑΜΙΝΕΣ. ΑΙΜΑΤΟΣ;;;;;
7632;B304675;ΚΑΤΕΧΟΛΑΜΙΝΕΣ. ΜΕ ΚΛΑΣΜΑΤΟΠΟΙΗΣΗ;;;;;
7633;B304681;ΚΑΘΕΨΙΝΗ-D;;;;;
7634;B304687;ΣΕΡΟΥΛΟΠΛΑΣΜΙΝΗ;;;;;
7635;B304701;ΜΕΤΡΗΣΗ ΧΗΜΕΙΟΦΩΤΑΥΓΕΙΑΣ;;;;;
7636;B304737;ΧΛΩΡΑΜΦΕΝΙΚΟΛΗ;;;;;
7637;B304777;ΧΛΩΡΙΟ. ΑΙΜΑΤΟΣ;;;;;
7638;B304779;ΧΛΩΡΙΟ. ΟΥΡΙΑ;;;;;
7639;B304783;ΧΛΩΡΙΟ. ΑΛΛΗ ΠΗΓΗ ΔΕΙΓΜΑΤΟΣ;;;;;
7640;B304789;ΧΛΩΡΙΩΜΕΝΟΙ ΥΔΡΟΓΟΝΑΝΘΡΑΚΕΣ, ΕΛΕΓΧΟΣ ΔΙΑΛΟΓΗΣ;;;;;
7641;B304837;ΧΟΛΗΣΤΕΡΟΛΗ, ΟΡΟΣ 'Η ΟΛΙΚΟ ΑΙΜΑ, ΟΛΙΚΗ;;;;;
7642;B304867;ΧΟΛΙΝΕΣΤΕΡΑΣΗ. ΟΡΟΣ;;;;;
7643;B304871;ΧΟΛΙΝΕΣΤΕΡΑΣΗ. ΕΡΥΘΡΑ ΑΙΜΟΣΦΑΙΡΙΑ;;;;;
7644;B304877;ΘΕΙΪΚΗ-Β-ΧΟΝΔΡΟΪΤΙΝΗ, ΠΟΣΟΤΙΚΗ;;;;;
7645;B304879;ΧΡΩΜΑΤΟΓΡΑΦΙΑ, ΠΟΙΟΤΙΚΗ. ΣΤΗΛΗΣ (ΠΧ, ΑΕΡΙΑ ΥΓΡΗ Η HPLC), ΟΥΣΙΑ Η ΟΠΟΙΑ ΔΕΝ ΚΑΤΑΓΡΑΦΕΤΑΙ ΑΛΛΟΥ;;;;;
7646;B304881;ΧΡΩΜΑΤΟΓΡΑΦΙΑ, ΠΟΙΟΤΙΚΗ. ΧΑΡΤΙ, 1-ΔΙΑΣΤΑΤΗ, ΟΥΣΙΑ ΠΟΥ ΔΕΝ ΠΡΟΣΔΙΟΡΙΖΕΤΑΙ ΑΛΛΟΥ;;;;;
7647;B304883;ΧΡΩΜΑΤΟΓΡΑΦΙΑ, ΠΟΙΟΤΙΚΗ. ΧΑΡΤΙ, 2-ΔΙΑΣΤΑΤΗ, ΟΥΣΙΑ ΠΟΥ ΔΕΝ ΠΡΟΣΔΙΟΡΙΖΕΤΑΙ ΑΛΛΟΥ;;;;;
7648;B304885;ΧΡΩΜΑΤΟΓΡΑΦΙΑ, ΠΟΙΟΤΙΚΗ ΛΕΠΤΗ ΣΤΟΙΒΑΔΑ, ΟΥΣΙΑ ΠΟΥ ΔΕΝ ΠΡΟΣΔΙΟΡΙΖΕΤΑΙ ΑΛΛΟΥ;;;;;
7649;B304889;ΧΡΩΜΑΤΟΓΡΑΦΙΑ, ΠΟΣΟΤΙΚΗ, ΣΤΗΛΗΣ (ΠΧ, ΑΕΡΙΑ ΥΓΡΗ Η HPLC). ΜΙΑ ΟΥΣΙΑ ΠΟΥ ΔΕΝ ΠΡΟΣΔΙΟΡΙΖΕΤΑΙ ΑΛΛΟΥ, ΜΙΑ ΣΤΑΘΕΡΗ ΚΑΙ ΚΙΝΗΤΙΚΗ ΦΑΣΗ;;;;;
7650;B304891;ΧΡΩΜΑΤΟΓΡΑΦΙΑ, ΠΟΣΟΤΙΚΗ, ΣΤΗΛΗΣ (ΠΧ, ΑΕΡΙΑ ΥΓΡΗ Η HPLC). ΠΟΛΛΑΠΛΕΣ ΟΥΣΙΕΣ, ΜΙΑ ΣΤΑΘΕΡΗ ΚΑΙ ΚΙΝΗΤΙΚΗ ΦΑΣΗ;;;;;
7651;B304897;ΧΡΩΜΙΟ;;;;;
7652;B304921;ΚΙΤΡΙΚΟ;;;;;
7653;B304947;ΚΟΚΑΪΝΗ 'Η ΜΕΤΑΒΟΛΙΤΕΣ;;;;;
7654;B304953;CROSS LINKS ΚΟΛΛΑΓΟΝΟΥ, ΚΑΘΕ ΜΕΘΟΔΟΣ (ΔΙΑΣΤΑΥΡΟΥΜΕΝΑ ΤΕΛΟΠΕΠΤΙΔΙΑ ΚΟΛΛΑΓΟΝΟΥ);;;;;
7655;B304957;ΧΑΛΚΟΣ;;;;;
7656;B304963;ΚΟΡΤΙΚΟΣΤΕΡΟΝΗ;;;;;
7657;B304967;ΚΟΡΤΙΖΟΛΗ. ΕΛΕΥΘΕΡΗ;;;;;
7658;B304973;ΚΟΡΤΙΖΟΛΗ ΟΥΡΩΝ 24 ΩΡΩΝ;;;;;
7659;B304987;ΚΡΕΑΤΙΝΗ;;;;;
7660;B304989;ΧΡΩΜΑΤΟΓΡΑΦΙΑ ΣΤΗΛΗΣ / ΦΑΣΜΑΤΟΣΚΟΠΗΣΗ ΜΑΖΑΣ (ΠΧ, GC/MS, OR HPLC/MS), ΟΥΣΙΑ ΠΟΥ ΔΕΝ ΠΡΟΣΔΙΟΡΙΖΕΤΑΙ ΑΛΛΟΥ. ΠΟΙΟΤΙΚΗ, ΜΙΑ ΣΤΑΘΕΡΗ ΚΑΙ ΚΙΝΗΤΙΚΗ ΦΑΣΗ ΦΑΣΗ;;;;;
7661;B304991;ΧΡΩΜΑΤΟΓΡΑΦΙΑ ΣΤΗΛΗΣ / ΦΑΣΜΑΤΟΣΚΟΠΗΣΗ ΜΑΖΑΣ (ΠΧ, GC/MS, OR HPLC/MS), ΟΥΣΙΑ ΠΟΥ ΔΕΝ ΠΡΟΣΔΙΟΡΙΖΕΤΑΙ ΑΛΛΟΥ. ΠΟΣΟΤΙΚΗ, ΜΙΑ ΣΤΑΘΕΡΗ ΚΑΙ ΚΙΝΗΤΙΚΗ ΦΑΣΗ ΦΑΣΗ;;;;;
7662;B304993;ΧΡΩΜΑΤΟΓΡΑΦΙΑ ΣΤΗΛΗΣ / ΦΑΣΜΑΤΟΣΚΟΠΗΣΗ ΜΑΖΑΣ (ΠΧ, GC/MS, OR HPLC/MS), ΟΥΣΙΑ ΠΟΥ ΔΕΝ ΚΑΘΟΡΙΖΕΤΑΙ ΑΛΛΟΥ. ΣΤΑΘΕΡΗ ΑΡΑΙΩΣΗ ΙΣΟΤΟΠΟΥ, ΜΙΑ ΟΥΣΙΑ, ΠΟΣΟΤΙΚΗ, ΜΙΑ ΣΤΑΘΕΡΗ ΚΑΙ ΚΙΝΗΤΙΚΗ ΦΑΣΗ;;;;;
7663;B304995;ΧΡΩΜΑΤΟΓΡΑΦΙΑ ΣΤΗΛΗΣ / ΦΑΣΜΑΤΟΣΚΟΠΗΣΗ ΜΑΖΑΣ (ΠΧ, GC/MS, OR HPLC/MS), ΟΥΣΙΑ ΠΟΥ ΔΕΝ ΚΑΘΟΡΙΖΕΤΑΙ ΑΛΛΟΥ. ΣΤΑΘΕΡΗ ΑΡΑΙΩΣΗ ΙΣΟΤΟΠΟΥ, ΠΟΛΛΑΠΛΕΣ ΟΥΣΙΕΣ ΠΟΣΟΤΙΚΗ, ΜΙΑ ΣΤΑΘΕΡΗ ΚΑΙ ΚΙΝΗΤΙΚΗ ΦΑΣΗ;;;;;
7664;B305007;ΚΡΕΑΤΙΝΙΚΗ ΚΙΝΑΣΗ (CK), (CPK). ΟΛΙΚΗ;;;;;
7665;B305011;ΚΡΕΑΤΙΝΙΚΗ ΚΙΝΑΣΗ (CK), (CPK). ΙΣΟΕΝΖΥΜΑ;;;;;
7666;B305013;ΚΡΕΑΤΙΝΙΚΗ ΚΙΝΑΣΗ (CK), (CPK). MB ΚΛΑΣΜΑ ΜΟΝΟ;;;;;
7667;B305015;ΚΡΕΑΤΙΝΙΚΗ ΚΙΝΑΣΗ (CK), (CPK). ΙΣΟΜΟΡΦΕΣ;;;;;
7668;B305037;ΚΡΕΑΤΙΝΙΝΗ. ΑΙΜΑΤΟΣ;;;;;
7669;B305047;ΚΡΕΑΤΙΝΙΝΗ. ΟΥΡΩΝ;;;;;
7670;B305057;ΚΑΘΑΡΣΗ ΚΡΕΑΤΙΝΙΝΗΣ;;;;;
7671;B305077;ΚΡΥΟΙΝΩΔΟΓΟΝΟ;;;;;
7672;B305097;ΚΡΥΣΦΑΙΡΙΝΕΣ ΑΝΙΧΝΕΥΣΗ ΚΡΥΟΪΖΗΜΑΤΟΣ;;;;;
7673;B305107;ΚΥΑΝΙΔΙΟ;;;;;
7674;B305121;ΚΥΑΝΟΒΑΛΑΜΙΝΗ (ΒΙΤΑΜΙΝΗ B-12).;;;;;
7675;B305123;ΚΥΑΝΟΒΑΛΑΜΙΝΗ (ΒΙΤΑΜΙΝΗ B-12. ΔΕΣΜΕΥΤΙΚΗ ΙΚΑΝΟΤΗΤΑ ΑΚΟΡΕΣΤΗΣ;;;;;
7676;B305127;ΚΥΣΤΑΤΙΝΗ C;;;;;
7677;B305137;ΚΥΣΤΙΝΗ ΚΑΙ ΟΜΟΚΥΣΤΙΝΗ, ΟΥΡΑ, ΠΟΙΟΤΙΚΗ;;;;;
7678;B305159;ΔΕΥΔΡΟΕΠΙΑΝΔΡΟΣΤΕΡΟΝΗ (DHEA);;;;;
7679;B305161;ΘΕΙΪΚΗ ΔΕΥΔΡΟΕΠΙΑΝΔΡΟΣΤΕΡΟΝΗ  (DHEAS);;;;;
7680;B305173;ΔΕΣΟΞΥΚΟΡΤΙΣΤΕΡΟΝΗ, 11- (DOC);;;;;
7681;B305175;ΔΕΟΞΥΚΟΡΤΙΖΟΛΗ, 11- (Compound-S);;;;;
7682;B305183;ΔΙΒΟΥΚΑΪΝΗ. ΠΟΣΟΣΣΤΟ ΑΝΑΣΤΟΛΗΣ ΨΕΥΔΟΧΟΛΗΝΕΣΤΕΡΑΣΗΣ;;;;;
7683;B305199;ΔΙΫΔΡΟΚΟΔΕϊΟΝΗ;;;;;
7684;B305205;ΔΙΫΔΡΟΜΟΡΦΙΝΗ;;;;;
7685;B305209;ΔΙΫΔΡΟΤΕΣΤΟΣΤΕΡΟΝΗ (DHT);;;;;
7686;B305211;ΔΙΫΔΡΟΞΥΒΙΤΑΜΙΝΗ D, 1, 25-;;;;;
7687;B305215;ΔΙΜΕΘΑΔΙΟΝΗ;;;;;
7688;B305219;ΕΛΑΣΤΑΣΗ, ΠΑΓΚΡΕΑΤΙΚΗ (EL-1), ΚΟΠΡΑΝΑ, ΠΟΙΟΤΙΚΗ Η ΗΜΙ-ΠΟΣΟΤΙΚΗ;;;;;
7689;B305221;ΕΝΖΥΜΙΚΗ ΔΡΑΣΤΗΡΙΟΤΗΤΑ ΣΤΑ ΚΥΤΤΑΡΑ ΤΟΥ ΑΙΜΑΤΟΣ, ΚΑΛΛΙΕΡΓΗΜΕΝΑ ΚΥΤΤΑΡΑ, 'Η ΙΣΤΟΣ, ΕΝΖΥΜΑ ΠΟΥ ΔΕΝ  ΑΝΑΦΕΡΟΝΤΑΙ ΑΛΛΟΥ. ΜΗ- ΡΑΔΙΕΝΕΡΓΟ ΥΠΟΣΤΡΩΜΑ, ΚΑΘΕ ΔΕΙΓΜΑ;;;;;
7690;B305223;ΕΝΖΥΜΙΚΗ ΔΡΑΣΤΗΡΙΟΤΗΤΑ ΣΤΑ ΚΥΤΤΑΡΑ ΤΟΥ ΑΙΜΑΤΟΣ, ΚΑΛΛΙΕΡΓΗΜΕΝΑ ΚΥΤΤΑΡΑ, 'Η ΙΣΤΟΣ, ΕΝΖΥΜΑ ΠΟΥ ΔΕΝ  ΑΝΑΦΕΡΟΝΤΑΙ ΑΛΛΟΥ. ΡΑΔΙΕΝΕΡΓΟ ΥΠΟΣΤΡΩΜΑ, ΚΑΘΕ ΔΕΙΓΜΑ;;;;;
7691;B305235;ΗΛΕΚΤΡΟΦΟΡΗΣΗ, ΕΞΕΤΑΣΗ ΠΟΥ ΔΕΝ ΑΝΑΦΕΡΕΤΑΙ ΑΛΛΟΥ;;;;;
7692;B305239;ΕΠΙΑΝΔΡΟΣΤΕΡΟΝΗ;;;;;
7693;B305243;ΕΡΥΘΡΟΠΟΙΗΤΙΝΗ;;;;;
7694;B305247;ΟΙΣΤΡΑΔΙΟΛΗ;;;;;
7695;B305249;ΟΙΣΤΡΟΓΟΝΑ. ΜΕ ΚΛΑΣΜΑΤΟΠΟΙΗΣΗ;;;;;
7696;B305251;ΟΙΣΤΡΟΓΟΝΑ. ΟΛΙΚΟ;;;;;
7697;B305261;ΟΙΣΤΡΙΟΛΗ;;;;;
7698;B305265;ΟΙΣΤΡΟΝΗ ΑΙΜΑΤΟΣ;;;;;
7699;B305287;ΑΙΘΧΛΩΡΒΥΝΟΛΗ;;;;;
7700;B305293;ΑΙΘΥΛΕΝΙΚΗ ΓΛΥΚΟΛΗ;;;;;
7701;B305299;ΑΙΤΙΟΧΟΛΑΝΗ;;;;;
7702;B305317;ΛΙΠΟΣ Ή ΛΙΠΙΔΙΑ, ΚΟΠΡΑΝΑ. ΠΟΙΟΤΙΚΗ;;;;;
7703;B305327;ΛΙΠΟΣ Ή ΛΙΠΙΔΙΑ, ΚΟΠΡΑΝΑ. ΠΟΣΟΤΙΚΗ;;;;;
7704;B305337;ΔΙΑΦΟΡΙΚΟ ΛΙΠΟΣ, ΚΟΠΡΑΝΑ, ΠΟΣΟΤΙΚΗ;;;;;
7705;B305357;ΛΙΠΑΡΑ ΟΞΕΑ , ΜΗ ΕΣΤΕΡΟΠΟΙΗΜΕΝΑ;;;;;
7706;B305359;ΛΙΠΑΡΑ ΟΞΕΑ ΠΟΛΥ ΜΑΚΡΑΣ ΑΛΥΣΕΩΣ;;;;;
7707;B305363;ΦΕΡΡΙΤΙΝΗ ΟΡΟΥ;;;;;
7708;B305369;ΦΙΜΠΡΟΝΕΚΤΙΝΗ ΕΜΒΡΥΪΚΗ, ΑΥΧΕΝΙΚΕΣ Ή ΚΟΠΛΙΚΕΣ ΕΚΚΡΙΣΕΙΣ, ΗΜΙ- ΠΟΣΟΤΙΚΗ;;;;;
7709;B305377;ΦΘΟΡΙΟ;;;;;
7710;B305391;ΦΛΟΥΡΑΖΕΠΑΜΗ;;;;;
7711;B305399;ΦΥΛΛΙΚΟ ΟΞΥ. ΟΡΟΣ;;;;;
7712;B305401;ΦΥΛΛΙΚΟ ΟΞΥ. ΕΡΥΘΡΑ ΑΙΜΟΣΦΑΙΡΙΑ;;;;;
7713;B305421;ΦΡΟΥΚΤΟΖΗ, ΣΠΕΡΜΑ;;;;;
7714;B305425;ΓΑΛΑΚΤΟΚΙΝΑΣΗ, ΕΡΥΘΡΑ ΑΙΜΟΣΦΑΙΡΙΑ;;;;;
7715;B305427;ΓΑΛΑΚΤΟΖΗ;;;;;
7716;B305457;ΟΥΡΙΔΙΛΙΚΗ ΤΡΑΝΣΦΕΡΑΣΗ ΤΗΣ 1-ΦΩΣΦΟΡΙΚΗΣ ΓΑΛΑΚΤΟΖΗΣ GALT). ΠΟΣΟΤΙΚΗ;;;;;
7717;B305459;ΟΥΡΙΔΙΛΙΚΗ ΤΡΑΝΣΦΕΡΑΣΗ ΤΗΣ 1-ΦΩΣΦΟΡΙΚΗΣ ΓΑΛΑΚΤΟΖΗΣ GALT). ΔΟΚΙΜΑΣΙΑ ΔΙΑΛΟΓΗΣ;;;;;
7718;B305475;ΑΝΟΣΟΣΦΑΙΡΙΝΕΣ ΟΡΟΥ (ΠΟΣΟΤΙΚΟΣ ΠΡΟΣΔΙΟΡΙΣΜΟΣ) IGG, IGA, IGM;;;;;
7719;B305477;ΑΝΟΣΟΣΦΑΙΡΙΝΗ IGE ΟΡΟΥ (ΠΟΣΟΤΙΚΟΣ ΠΡΟΣΔΙΟΡΙΣΜΟΣ);;;;;
7720;B305481;ΥΠΟΤΑΞΕΙΣ ΙGG (ΑΝΑ ΑΛΛΕΡΓΙΟΓΟΝΟ);;;;;
7721;B305507;ΑΕΡΙΑ, ΑΙΜΑ, ΜΟΝΟ PH;;;;;
7722;B305513;ΑΕΡΙΑ, ΑΙΜΑ, ΚΑΘΕ ΣΥΝΔΥΑΣΜΟΣ ΤΟΥ PH, PCO2, PO2, CO2, HCO3 (ΣΥΜΠΕΡΙΛΑΜΒΑΝΟΜΕΝΟΥ ΤΟΥ ΥΠΟΛΟΓΙΣΜΕΝΟΥ O2 ΚΟΡΕΣΜΟΥ).;;;;;
7723;B305517;ΑΕΡΙΑ, ΑΙΜΑ, ΚΑΘΕ ΣΥΝΔΥΑΣΜΟΣ ΤΟΥ PH, PCO2, PO2, CO2, HCO3 (ΣΥΜΠΕΡΙΛΑΜΒΑΝΟΜΕΝΟΥ ΥΠΟΛΟΓΙΣΜΕΝΟΥ O2 ΚΟΡΕΣΜΟΥ). ΜΕ ΚΟΡΕΣΜΟ ΟΞΥΓΟΝΟΥ, ΜΕ ΑΜΕΣΗ ΜΕΤΡΗΣΗ, ΕΚΤΟΣ ΤΗΣ ΠΑΛΜΙΚΗΣ ΟΞΥΜΕΤΡΙΑΣ;;;;;
7724;B305527;ΑΕΡΙΑ, ΑΙΜΑ, ΚΟΡΕΣΜΟΣ ΟΞΥΓΟΝΟΥ ΜΟΝΟ, ΜΕ ΑΜΕΣΗ ΜΕΤΡΗΣΗ, ΕΚΤΟΣ ΤΗΣ ΠΑΛΜΙΚΗΣ ΟΞΥΜΕΤΡΙΑΣ;;;;;
7725;B305547;ΣΥΓΓΕΝΕΙΑ ΑΙΜΟΣΦΑΙΡΙΝΗΣ ΜΕ ΤΟ ΟΞΥΓΟΝΟ (ΚΑΜΠΥΛΗ ΚΟΡΕΣΜΟΥ);;;;;
7726;B305759;ΓΑΣΤΡΙΚΟ ΟΞΥ, ΕΛΕΥΘΕΡΟ ΚΑΙ ΟΛΙΚΟ, ΚΑΘΕ ΔΕΙΓΜΑ;;;;;
7727;B305763;ΓΑΣΤΡΙΚΟ ΟΞΥ, ΕΛΕΥΘΕΡΟ Ή ΟΛΙΚΟ, ΚΑΘΕ ΔΕΙΓΜΑ;;;;;
7728;B305783;ΓΑΣΤΡΙΝΗ ΜΕΤΑ ΑΠΟ ΔΙΕΓΕΡΣΗ ΜΕ ΣΕΚΡΕΤΙΝΗ;;;;;
7729;B305789;ΓΑΣΤΡΙΝΗ;;;;;
7730;B305793;ΓΛΥΚΑΓΟΝΗ;;;;;
7731;B305797;ΓΛΥΚΟΖΗ, ΥΓΡΑ ΣΩΜΑΤΟΣ ΕΚΤΟΣ ΑΙΜΑΤΟΣ;;;;;
7732;B305799;ΔΟΚΙΜΑΣΙΑ ΑΝΟΧΗΣ ΣΤΗ ΓΛΥΚΑΓΟΝΗ;;;;;
7733;B305801;ΓΛΥΚΟΖΗ, ΠΟΣΟΤΙΚΗ, ΑΙΜΑ (ΕΚΤΟΣ ΑΠΟ ΤΑΙΝΙΑ ΧΗΜΙΚΗΣ ΑΝΤΙΔΡΑΣΗΣ);;;;;
7734;B305803;ΓΛΥΚΟΖΗ, ΑΙΜΑ, ΤΑΙΝΙΑ ΧΗΜΙΚΗΣ ΑΝΤΙΔΡΑΣΗΣ;;;;;
7735;B305807;ΓΛΥΚΟΖΗ, ΜΕΤΑ ΤΗ ΧΟΡΗΣΗ ΔΟΣΗΣ ΓΛΥΚΟΖΗΣ (ΠΕΡΙΛΑΜΒΑΝΕΙ ΓΛΥΚΟΖΗ);;;;;
7736;B305809;ΓΛΥΚΟΖΗ, ΔΟΚΙΜΑΣΙΑ ΑΝΟΧΗΣ (ΚΑΜΠΥΛΗ ΣΑΚΧΑΡΟΥ) (GTT), ΤΡΙΑ ΔΕΙΓΜΑΤΑ (ΠΕΡΙΛΑΜΒΑΝΕΙ ΓΛΥΚΟΖΗ);;;;;
7737;B305811;ΓΛΥΚΟΖΗ, ΔΟΚΙΜΑΣΙΑ ΑΝΟΧΗΣ (ΚΑΜΠΥΛΗ ΣΑΚΧΑΡΟΥ) (GTT), ΚΑΘΕ ΕΠΙΠΡΟΣΘΕΤΟ ΠΕΡΑΝ ΤΩΝ ΤΡΙΩΝ ΔΕΙΓΜΑΤΩΝ;;;;;
7738;B305813;ΓΛΥΚΟΖΗ, ΔΟΚΙΜΑΣΙΑ ΑΝΟΧΗΣ ΣΤΗΝ ΤΟΛΒΟΥΤΑΜΙΔΗ;;;;;
7739;B305817;"ΑΦΥΔΡΟΓΟΝΑΣΗ ΤΗΣ 6-ΦΩΣΦΟΡΙΚΗΣ ΓΛΥΚΟΖΗΣ (G6PD); ΠΟΣΟΤΙΚΗ";;;;;
7740;B305827;ΑΦΥΔΡΟΓΟΝΑΣΗ ΤΗΣ 6-ΦΩΣΦΟΡΙΚΗΣ ΓΛΥΚΟΖΗΣ (G6PD), ΔΟΚΙΜΑΣΙΑ ΔΙΑΛΟΓΗΣ;;;;;
7741;B305831;ΓΛΥΚΟΖΗ, ΑΙΜΑΤΟΣ ΑΠΟ ΣΥΣΚΕΥΗ(-ΕΣ) ΠΑΡΑΚΟΛΟΥΘΗΣΗΣ ΓΛΥΚΟΖΗΣ ΑΠΟΚΛΕΙΣΤΙΚΑ ΓΙΑ ΧΡΗΣΗ ΣΤΟ ΣΠΙΤΙ;;;;;
7742;B305833;B-ΓΛΥΚΟΣΙΔΑΣΗ;;;;;
7743;B305837;ΓΛΟΥΤΑΜΙΝΙΚΗ ΑΦΥΔΡΟΓΟΝΑΣΗ;;;;;
7744;B305857;ΓΛΟΥΤΑΜΙΝΗ (ΑΜΙΔΙΟ ΓΛΟΥΤΑΜΙΝΙΚΟΥ ΟΞΕΟΣ);;;;;
7745;B305861;ΓΛΟΥΤΑΜΥΛΟΤΡΑΝΣΦΕΡΑΣΗ, ΓΑΜΜΑ (GGT);;;;;
7746;B305863;ΓΛΟΥΤΑΘΕΙΟΝΗ;;;;;
7747;B305865;ΡΕΔΟΥΚΤΑΣΗ ΓΛΟΥΤΑΘΕΙΟΝΗΣ;;;;;
7748;B305867;ΓΛΟΥΤΕΘΙΜΙΔΗ;;;;;
7749;B305877;ΓΛΥΚΟΖΥΛΙΩΜΕΝΗ ΠΡΩΤΕΙΝΗ;;;;;
7750;B305909;ΓΟΝΑΔΟΤΡΟΠΙΝΗ, ΩΟΘΥΛΑΚΙΟΤΡΟΠΟΣ ΟΡΜΟΝΗ (FSH);;;;;
7751;B305911;"ΓΟΝΑΔΟΤΡΟΠΙΝΗ; ΩΧΡΙΝΟΤΡΟΠΟΣ ΟΡΜΟΝΗ (LH)";;;;;
7752;B305913;ΑΥΞΗΤΙΚΗ ΟΡΜΟΝΗ, ΑΝΘΡΩΠΙΝΗ (HGH) (ΣΩΜΑΤΟΤΡΟΠΙΝΗ);;;;;
7753;B305923;ΜΟΝΟΦΩΣΦΟΡΙΚΗ ΓΟΥΑΝΟΣΙΝΗ (GMP), ΚΥΚΛΙΚΗ;;;;;
7754;B305925;ΕΛΙΚΟΒΑΚΤΗΡΙΔΙΟ ΤΟΥ ΠΥΛΩΡΟΥ, ΑΝΑΛΥΣΗ ΑΙΜΑΤΟΣ ΓΙΑ ΔΡΑΣΤΙΚΟΤΗΤΑ ΟΥΡΕΑΣΗΣ, ΜΗ ΡΑΔΙΕΝΕΡΓΟ ΙΣΟΤΟΠΟ (EG, C-13);;;;;
7755;B305927;ΠΡΟΣΔΙΟΡΙΣΜΟΣ ΑΠΤΟΣΦΑΙΡΙΝΩΝ;;;;;
7756;B305931;ΑΠΤΟΣΦΑΙΡΙΝΗ, ΦΑΙΝΟΤΥΠΟΙ;;;;;
7757;B305933;ΕΛΙΚΟΒΑΚΤΗΡΙΔΙΟ ΤΟΥ ΠΥΛΩΡΟΥ, ΔΟΚΙΜΑΣΙΑΣ ΕΚΠΝΟΗΣ ΓΙΑ ΔΡΑΣΤΙΚΟΤΗΤΑ ΟΥΡΕΑΣΗΣ, ΜΗ ΡΑΔΙΕΝΕΡΓΟ ΙΣΟΤΟΠΟ (EG, C-13);;;;;
7758;B305935;ΕΛΙΚΟΒΑΚΤΗΡΙΔΙΟ ΤΟΥ ΠΥΛΩΡΟΥ, ΧΟΡΗΓΗΣΗ ΦΑΡΜΑΚΟΥ;;;;;
7759;B305937;ΒΑΡΕΑ ΜΕΤΑΛΛΑ (ΠΧ, ΑΡΣΕΝΙΚΟ, ΒΑΡΙΟ, ΒΗΡΥΛΛΙΟ, ΒΙΣΜΟΥΘΙΟ, ΑΝΤΙΜΟΝΙΟ, ΥΔΡΑΡΓΥΡΟΣ), ΔΟΚΙΜΑΣΙΑ ΔΙΑΛΟΓΗΣ;;;;;
7760;B305943;ΒΑΡΕΑ ΜΕΤΑΛΛΑ (ΠΧ, ΑΡΣΕΝΙΚΟ, ΒΑΡΙΟ, ΒΗΡΥΛΛΙΟ, ΒΙΣΜΟΥΘΙΟ, ΑΝΤΙΜΟΝΙΟ, ΥΔΡΑΡΓΥΡΟΣ), ΠΟΣΟΣΤΙΚΗ, ΚΑΘΕ ΜΕΤΑΛΛΟ;;;;;
7761;B305947;ΗΛΕΚΤΡΟΦΟΡΗΣΗ ΑΙΜΟΣΦΑΙΡΙΝΗΣ ΣΕ ΤΑΙΝΙΑ ΟΞΕΙΚΗΣ ΚΥΤΤΑΡΙΝΗΣ;;;;;
7762;B305949;ΗΛΕΚΤΡΟΦΟΡΗΣΗ ΑΙΜΟΣΦΑΙΡΙΝΗΣ ΚΑΙ ΠΟΣΟΤΙΚΟΣ ΠΡΟΣΔΙΟΡΙΣΜΟΣ ΜΕ ΣΤΗΛΗ ΧΡΩΜΑΤΟΓΡΑΦΙΑΣ (ΠΧ, A2, S, C, F);;;;;
7763;B305959;ΑΙΜΟΣΦΑΙΡΙΝΗ, ΜΕ ΤΗ ΜΕΘΟΔΟ ΤΟΥ ΘΕΙΪΚΟΥ ΧΑΛΚΟΥ, ΜΗ ΑΥΤΟΜΑΤΟΠΟΙΗΜΕΝΗ;;;;;
7764;B305967;ΠΡΟΣΔΙΟΡΙΣΜΟΣ ΕΜΒΡΥΪΚΗΣ ΑΙΜΟΣΦΑΙΡΙΝΗΣ F ΚΑΤΆ BETKE Ή JONXIS;;;;;
7765;B305973;ΑΙΜΟΣΦΑΙΡΙΝΗ, F (ΕΜΒΡΥΪΚΗ), ΠΟΙΟΤΙΚΗ;;;;;
7766;B305979;ΑΙΜΟΣΦΑΙΡΙΝΗ, ΓΛΥΚΟΖΥΛΙΩΜΕΝΗ (A1C);;;;;
7767;B305981;ΑΙΜΟΣΦΑΙΡΙΝΗ, ΓΛΥΚΟΖΥΛΙΩΜΕΝΗ (A1C) ΜΕ ΣΥΣΚΕΥΗ ΕΓΚΕΚΡΙΜΕΝΗ ΓΙΑ ΧΡΗΣΗ ΣΤΟ ΣΠΙΤΙ;;;;;
7768;B305997;ΑΝΙΧΝΕΥΣΗ ΜΕΘΑΙΜΟΣΦΑΙΡΙΝΗΣ, ΠΟΙΟΤΙΚΗ;;;;;
7769;B306007;ΜΕΤΡΗΣΗ ΜΕΘΑΙΜΟΣΦΑΙΡΙΝΗΣ, ΠΟΣΟΤΙΚΗ;;;;;
7770;B306009;ΑΙΜΟΣΦΑΙΡΙΝΗ ΠΛΑΣΜΑΤΟΣ;;;;;
7771;B306017;ΑΝΙΧΝΕΥΣΗ ΘΕΙΑΙΜΟΣΦΑΙΡΙΝΗΣ, ΠΟΙΟΤΙΚΗ;;;;;
7772;B306027;ΜΕΤΡΗΣΗ ΘΕΙΑΙΜΟΣΦΑΙΡΙΝΗΣ, ΠΟΣΟΤΙΚΗ;;;;;
7773;B306037;ΔΟΚΙΜΑΣΙΑ ΓΙΑ ΑΣΤΑΘΕΙΣ ΑΙΜΟΣΦΑΙΡΙΝΕΣ;;;;;
7774;B306043;ΑΙΜΟΣΦΑΙΡΙΝΗ, ΑΣΤΑΘΗΣ, ΔΟΚΙΜΑΣΙΑ ΔΙΑΛΟΓΗΣ;;;;;
7775;B306045;ΑΙΜΟΣΦΑΙΡΙΝΗ, ΟΥΡΑ;;;;;
7776;B306047;ΑΙΜΟΣΙΔΗΡΙΝΗ, ΠΟΙΟΤΙΚΗ;;;;;
7777;B306049;ΑΙΜΟΣΙΔΗΡΙΝΗ, ΠΟΣΟΤΙΚΗ;;;;;
7778;B306067;B-ΕΞΟΖΑΜΙΝΙΔΑΣΗ, ΚΑΘΕ ΜΕΤΡΗΣΗ;;;;;
7779;B306083;ΙΣΤΑΜΙΝΗ;;;;;
7780;B306087;ΟΜΟΚΥΣΤΕΪΝΗ ΟΡΟΥ;;;;;
7781;B306207;ΟΜΟΒΑΝΙΛΙΚΟ ΟΞΥ (HVA);;;;;
7782;B306889;17-ΥΔΡΟΞΥΚΟΡΤΙΚΟΣΤΕΡΟΕΙΔΗ, (17-OHCS);;;;;
7783;B306901;5-ΥΔΡΟΞΥΙΝΔΟΛΟΞΙΚΟ ΟΞΥ, 5-(HIAA);;;;;
7784;B306903;17-ΥΔΡΟΞΥΠΡΟΓΕΣΤΕΡΟΝΗ;;;;;
7785;B306905;20-ΥΔΡΟΞΥΠΡΟΓΕΣΤΕΡΟΝΗ;;;;;
7786;B306907;ΥΔΡΟΞΥΠΡΟΛΙΝΗ, ΕΛΕΥΘΕΡΗ;;;;;
7787;B306917;ΥΔΡΟΞΥΠΡΟΛΙΝΗ, ΟΛΙΚΗ;;;;;
7788;B306939;ΑΝΟΣΟΠΡΟΣΔΙΟΡΙΣΜΟΣ ΓΙΑ ΟΥΣΙΑ ΕΚΤΟΣ ΑΠΟ ΑΝΤΙΣΩΜΑ ΜΟΛΥΣΜΑΤΙΚΟΥ ΠΑΡΑΓΟΝΤΑ Ή ΑΝΤΙΓΟΝΟ ΜΟΛΥΣΜΑΤΙΚΟΥ ΠΑΡΑΓΟΝΤΑ, ΠΟΙΟΤΙΚΗ Ή ΗΜΙΠΟΣΟΤΙΚΗ, ΜΕΘΟΔΟΣ ΠΟΛΛΑΠΛΩΝ ΣΤΑΔΙΩΝ;;;;;
7789;B306943;ΑΝΟΣΟΠΡΟΣΔΙΟΡΙΣΜΟΣ ΓΙΑ ΟΥΣΙΑ ΕΚΤΟΣ ΑΠΟ ΑΝΤΙΣΩΜΑ ΜΟΛΥΣΜΑΤΙΚΟΥ ΠΑΡΑΓΟΝΤΑ Ή ΑΝΤΙΓΟΝΟ ΜΟΛΥΣΜΑΤΙΚΟΥ ΠΑΡΑΓΟΝΤΑ, ΠΟΙΟΤΙΚΗ Ή ΗΜΙΠΟΣΟΤΙΚΗ, ΜΕΘΟΔΟΣ ΑΠΛΟΥ ΣΤΑΔΙΟΥ (Π.Χ. ΤΑΙΝΙΑ ΧΗΜΙΚΗΣ ΑΝΤΙΔΡΑΣΗΣ);;;;;
7790;B306945;ΑΝΟΣΟΠΡΟΣΔΙΟΡΙΣΜΟΣ, ΟΥΣΙΑ, ΠΟΣΟΤΙΚΗ, ΜΕ ΡΑΔΙΟΦΑΡΜΑΚΕΥΤΙΚΗ ΤΕΧΝΙΚΗ (Π.Χ., RIA);;;;;
7791;B306947;ΑΝΟΣΟΠΡΟΣΔΙΟΡΙΣΜΟΣ, ΟΥΣΙΑ, ΠΟΣΟΤΙΚΗ, ΠΟΥ ΔΕΝ ΕΧΕΙ ΠΡΟΣΔΙΟΡΙΣΤΕΙ ΑΛΛΑΧΟΥ;;;;;
7792;B306957;ΙΝΣΟΥΛΙΝΗ ;;;;;
7793;B306961;ΙΝΣΟΥΛΙΝΗ, ΕΛΕΥΘΕΡΗ;;;;;
7794;B306963;ΕΝΔΟΓΕΝΗΣ ΠΑΡΑΓΟΝΤΑΣ;;;;;
7795;B306987;ΣΙΔΗΡΟΣ ΟΡΟΥ;;;;;
7796;B307007;ΟΛΙΚΗ ΣΙΔΗΡΟΔΕΣΜΕΥΤΙΚΗ ΙΚΑΝΟΤΗΤΑ;;;;;
7797;B307047;ΙΣΟΚΙΤΡΙΚΗ ΑΦΥΔΡΟΓΟΝΑΣΗ (IDH);;;;;
7798;B307071;ΚΕΤΟΓΟΝΑ ΣΤΕΡΟΕΙΔΗ, ΚΛΑΣΜΑΤΟΠΟΙΗΣΗ;;;;;
7799;B307079;17-ΚΕΤΟΣΤΕΡΟΕΙΔΗ, (17-KS), ΟΛΙΚΑ;;;;;
7800;B307093;17-ΚΕΤΟΣΤΕΡΟΕΙΔΗ (17-KS), ΚΛΑΣΜΑΤΟΠΟΙΗΣΗ;;;;;
7801;B307117;ΓΑΛΑΚΤΙΚΑ (ΓΑΛΑΚΤΙΚΟ ΟΞΥ);;;;;
7802;B307137;ΓΑΛΑΚΤΙΚΗ ΑΦΥΔΡΟΓΟΝΑΣΗ (LD), (LDH),;;;;;
7803;B307157;ΓΑΛΑΚΤΙΚΗ ΑΦΥΔΡΟΓΟΝΑΣΗ (LD), (LDH), ΙΣΟΕΝΖΥΜΑ, ΔΙΑΧΩΡΙΣΜΟΣ ΚΑΙ ΠΟΣΟΤΙΚΟΣ ΠΡΟΣΔΙΟΡΙΣΜΟΣ;;;;;
7804;B307167;ΛΑΚΤΟΦΕΡΡΙΝΗ ΚΟΠΡΑΝΩΝ, ΠΟΙΟΤΙΚΗ;;;;;
7805;B307169;ΛΑΚΤΟΦΕΡΡΙΝΗ ΚΟΠΡΑΝΩΝ, ΠΟΣΟΤΙΚΗ;;;;;
7806;B307171;ΓΑΛΑΚΤΟΓΟΝΟ, ΑΝΘΡΩΠΙΝΟΣ ΠΛΑΚΟΥΝΤΑΣ (HPL), ΑΝΘΡΩΠΙΝΗ ΧΟΡΙΑΚΗ ΣΩΜΑΤΟΜΑΜΜΟΤΡΟΠΙΝΗ;;;;;
7807;B307173;ΛΑΚΤΟΖΗ ΟΥΡΩΝ, ΠΟΙΟΤΙΚΗ;;;;;
7808;B307175;ΛΑΚΤΟΖΗ ΟΥΡΩΝ, ΠΟΣΟΤΙΚΗ;;;;;
7809;B307217;ΜΟΛΥΒΔΟΣ;;;;;
7810;B307229;ΑΞΙΟΛΟΓΗΣΗ ΩΡΙΜΑΝΣΗΣ ΤΩΝ ΠΝΕΥΜΟΝΩΝ ΤΩΝ ΝΕΟΓΝΩΝ, ΛΟΓΟΣ ΛΕΚΙΘΙΝΗΣ/ΣΦΙΓΓΟΜΥΕΛΙΝΗ (L/S);;;;;
7811;B307231;ΑΞΙΟΛΟΓΗΣΗ ΩΡΙΜΑΝΣΗΣ ΤΩΝ ΠΝΕΥΜΟΝΩΝ ΤΩΝ ΝΕΟΓΝΩΝ, ΔΟΚΙΜΑΣΙΑ ΣΤΑΘΕΡΟΤΗΤΑΣ ΑΦΡΟΥ;;;;;
7812;B307233;ΑΞΙΟΛΟΓΗΣΗ ΩΡΙΜΑΝΣΗΣ ΤΩΝ ΠΝΕΥΜΟΝΩΝ ΤΩΝ ΝΕΟΓΝΩΝ, ΠΟΛΩΣΗ ΦΘΟΡΙΣΜΟΥ;;;;;
7813;B307235;ΑΞΙΟΛΟΓΗΣΗ ΩΡΙΜΑΝΣΗΣ ΤΩΝ ΠΝΕΥΜΟΝΩΝ ΤΩΝ ΝΕΟΓΝΩΝ, ΠΥΚΝΟΤΗΤΑ ΠΕΤΑΛΟΕΙΔΩΝ ΣΩΜΑΤΙΩΝ;;;;;
7814;B307247;ΑΜΙΝΟΠΕΠΤΙΔΑΣΗ ΛΕΥΚΙΝΗΣ (LAP);;;;;
7815;B307287;ΛΙΠΑΣΗ;;;;;
7816;B307297;ΠΡΟΣΔΙΟΡΙΣΜΟΣ ΛΙΠΟΠΡΩΤΕΪΝΗΣ Α [LP(Α)];;;;;
7817;B307303;ΣΥΝΔΕΔΕΜΕΝΗ ΜΕ ΛΙΠΟΠΡΩΤΕΪΝΗ ΦΩΣΦΟΛΙΠΑΣΗ Α2 (LP-PLA2);;;;;
7818;B307307;ΗΛΕΚΤΡΟΦΟΡΗΣΗ ΛΙΠΟΠΡΩΤΕΪΝΩΝ;;;;;
7819;B307309;ΠΡΟΣΔΙΟΡΙΣΜΟΣ ΛΙΠΟΠΡΩΤΕΪΝΗΣ AI ΜΕ ΗΛΕΚΡΤΟΦΟΡΗΣΗ (LPAI);;;;;
7820;B307315;ΛΙΠΟΠΡΩΤΕΪΝΗ ΑΙΜΑΤΟΣ, ΠΟΣΟΤΙΚΟΣ ΠΡΟΣΔΙΟΡΙΣΜΟΣ ΣΩΜΑΤΙΔΙΩΝ ΛΙΠΟΠΡΩΤΕΪΝΗΣ ΚΑΙ ΥΠΟΚΑΤΗΓΟΡΙΩΝ ΣΩΜΑΤΙΔΙΩΝ ΛΙΠΟΠΡΩΤΕΪΝΗΣ (Π.Χ. ΜΕ ΦΑΣΜΑΤΟΣΚΟΠΙΑ ΠΥΡΗΝΙΚΟΥ ΜΑΓΝΗΤΙΚΟΥ ΣΥΝΤΟΝΙΣΜΟΥ );;;;;
7821;B307343;ΛΙΠΟΠΡΩΤΕΪΝΗ, ΑΜΕΣΗ ΜΕΤΡΗΣΗ, ΧΟΛΗΣΤΕΡΟΛΗ ΥΨΗΛΗΣ ΠΥΚΝΟΤΗΤΑΣ (HDL ΧΟΛΗΣΤΕΡΟΛΗ);;;;;
7822;B307345;ΛΙΠΟΠΡΩΤΕΪΝΗ, ΑΜΕΣΗ ΜΕΤΡΗΣΗ, VLDL ΧΟΛΗΣΤΕΡΟΛΗ;;;;;
7823;B307349;ΛΙΠΟΠΡΩΤΕΪΝΗ, ΑΜΕΣΗ ΜΕΤΡΗΣΗ, LDL ΧΟΛΗΣΤΕΡΟΛΗ;;;;;
7824;B307361;ΠΑΡΑΓΟΝΤΑΣ ΑΠΕΛΕΥΘΕΡΩΣΗΣ ΩΧΡΙΝΟΤΡΟΠΟΥ ΟΡΜΟΝΗΣ (LRH);;;;;
7825;B307377;ΜΑΓΝΗΣΙΟ;;;;;
7826;B307457;ΜΗΛΙΚΗ ΑΦΥΔΡΟΓΟΝΑΣΗ;;;;;
7827;B307477;ΜΑΓΓΑΝΙΟ;;;;;
7828;B307483;ΦΑΣΜΑΤΟΜΕΤΡΙΑ ΜΑΖΑΣ ΚΑΙ ΦΑΣΜΑΤΟΜΕΤΡΙΑ ΜΑΖΑΣ ΣΕ ΣΕΙΡΑ (MS, MS/MS), ΟΥΣΙΑ ΠΟΥ ΔΕΝ ΕΧΕΙ ΠΡΟΣΔΙΟΡΙΣΤΕΙ ΑΛΛΟΥ, ΠΟΙΟΤΙΚΗ, ΚΑΘΕ ΔΕΙΓΜΑ;;;;;
7829;B307485;ΦΑΣΜΑΤΟΜΕΤΡΙΑ ΜΑΖΑΣ ΚΑΙ ΦΑΣΜΑΤΟΜΕΤΡΙΑ ΜΑΖΑΣ ΣΕ ΣΕΙΡΑ (MS, MS/MS), ΟΥΣΙΑ ΠΟΥ ΔΕΝ ΕΧΕΙ ΠΡΟΣΔΙΟΡΙΣΤΕΙ ΑΛΛΟΥ, ΠΟΣΟΤΙΚΗ, ΚΑΘΕ ΔΕΙΓΜΑ;;;;;
7830;B307517;ΜΕΠΡΟΒΑΜΑΤΗ;;;;;
7831;B307557;ΠΟΣΟΤΙΚΟΣ ΠΡΟΣΔΙΟΡΙΣΜΟΣ ΥΔΡΑΡΓΥΡΟΥ;;;;;
7832;B307577;ΜΕΤΑΝΕΦΡΙΝΕΣ;;;;;
7833;B307587;ΜΕΘΑΔΟΝΗ;;;;;
7834;B307621;ΜΕΘΑΙΜΟΛΕΥΚΩΜΑΤΙΝΗ;;;;;
7835;B307623;ΜΕΘΟΣΟΥΞΙΜΙΔΗ;;;;;
7836;B307635;ΒΛΕΝΝΟΠΟΛΥΣΑΚΧΑΡΙΤΕΣ, ΟΞΙΝΟΙ, ΠΟΣΟΤΙΚΗ;;;;;
7837;B307639;ΒΛΕΝΝΟΠΟΛΥΣΑΚΧΑΡΙΤΕΣ, ΟΞΙΝΟΙ, ΕΛΕΓΧΟΣ ΔΙΑΛΟΓΗΣ;;;;;
7838;B307651;ΜΟΥΚΙΝΗ, ΑΡΘΡΙΚΟ ΥΓΡΟ (ΔΟΚΙΜΑΣΙΑ ROPES);;;;;
7839;B307653;ΒΑΣΙΚΗ ΠΡΩΤΕΙΝΗ ΜΥΕΛΙΝΗΣ, ΕΓΚΕΦΑΛΟΝΩΤΙΑΙΟ ΥΓΡΟ;;;;;
7840;B307655;ΜΥΟΣΦΑΙΡΙΝΗ;;;;;
7841;B307659;ΜΥΕΛΟΫΠΕΡΟΞΕΙΔΑΣΗ (MPO);;;;;
7842;B307667;ΚΟΛΠΙΚΟ ΝΑΤΡΙΟΥΡΗΤΙΚΟ ΠΕΠΤΙΔΙΟ (ANP) ;;;;;
7843;B307673;FREE ΚΑΠΠΑ;;;;;
7844;B307677;ΝΙΚΕΛΙΟ;;;;;
7845;B307681;ΝΙΚΟΤΙΝΗ;;;;;
7846;B307687;ΜΟΡΙΑΚΗ ΔΙΑΓΝΩΣΤΙΚΗ, ΜΟΡΙΑΚΗ ΑΠΟΜΟΝΩΣΗ Ή ΕΚΧΥΛΙΣΗ, ΚΑΘΕ ΤΥΠΟΣ ΠΥΡΗΝΙΚΟΥ ΟΞΕΟΣ (ΔΗΛ, DNA Ή RNA);;;;;
7847;B307689;ΜΟΡΙΑΚΗ ΔΙΑΓΝΩΣΤΙΚΗ, ΑΠΟΜΟΝΩΣΗ Ή ΕΚΧΥΛΙΣΗ ΥΨΗΛΗΣ ΚΑΘΑΡΟΤΗΤΑΣ ΝΟΥΚΛΕΪΚΟΥ ΟΞΕΟΣ, ΚΑΘΕ ΤΥΠΟΣ ΠΥΡΗΝΙΚΟΥ ΟΞΕΟΣ (ΔΗΛ, DNA Ή RNA);;;;;
7848;B307691;ΜΟΡΙΑΚΗ ΔΙΑΓΝΩΣΤΙΚΗ, ΕΝΖΥΜΑΤΙΚΗ ΠΕΨΗ, ΚΑΘΕ ΕΝΖΥΜΑΤΙΚΗ ΕΠΕΞΕΡΓΑΣΙΑ;;;;;
7849;B307693;ΜΟΡΙΑΚΗ ΔΙΑΓΝΩΣΤΙΚΗ, DOT/SLOT BLOT ΠΑΡΑΓΩΓΗ, ΚΑΘΕ ΠΑΡΑΣΚΕΥΑΣΜΑ ΝΟΥΚΛΕΪΚΟΥ ΟΞΕΟΣ;;;;;
7850;B307695;ΜΟΡΙΑΚΗ ΔΙΑΓΝΩΣΤΙΚΗ, ΔΙΑΧΩΡΙΣΜΟΣ ΜΕ ΗΛΕΚΤΡΟΦΟΡΗΣΗ ΓΕΛΗΣ (ΠΧ, ΑΓΑΡΟΖΗ, ΠΟΛΥΑΚΡΥΛΑΜΙΔΙΟ), ΚΑΘΕ ΠΑΡΑΣΚΕΥΑΣΜΑ ΝΟΥΚΛΕΪΚΟΥ ΟΞΕΟΣ;;;;;
7851;B307699;ΜΟΡΙΑΚΗ ΔΙΑΓΝΩΣΤΙΚΗ, ΑΝΙΧΝΕΥΤΗΣ ΝΟΥΚΛΕΪΚΟΥ ΟΞΕΟΣ, ΚΑΘΕ  ΟΞΥ;;;;;
7852;B307701;ΜΟΡΙΑΚΗ ΔΙΑΓΝΩΣΤΙΚΗ, ΜΕΤΑΦΟΡΑ ΝΟΥΚΛΕΪΚΟΥ ΟΞΕΟΣ (ΠΧ, SOUTHERN, NORTHERN), ΚΑΘΕ ΠΑΡΑΣΚΕΥΑΣΜΑ ΝΟΥΚΛΕΪΚΟΥ ΟΞΕΟΣ;;;;;
7853;B307703;ΜΟΡΙΑΚΗ ΔΙΑΓΝΩΣΤΙΚΗ, ΕΝΙΣΧΥΣΗ, ΣΤΟΧΟΣ, ΚΑΘΕ ΑΛΛΗΛΟΥΧΙΑ ΝΟΥΚΛΕΪΚΩΝ ΟΞΕΩΝ;;;;;
7854;B307707;ΜΟΡΙΑΚΗ ΔΙΑΓΝΩΣΤΙΚΗ, ΕΝΙΣΧΥΣΗ, ΣΤΟΧΟΣ, ΠΟΛΥΣΥΝΘΕΤΗ, ΟΙ ΔΥΟ ΠΡΩΤΕΣ ΑΛΛΗΛΟΥΧΙΕΣ ΝΟΥΚΛΕΪΚΩΝ ΟΞΕΩΝ;;;;;
7855;B307709;ΜΟΡΙΑΚΗ ΔΙΑΓΝΩΣΤΙΚΗ, ΕΝΙΣΧΥΣΗ, ΣΤΟΧΟΣ, ΠΟΛΥΣΥΝΘΕΤΗ, ΚΑΘΕ ΕΠΙΠΡΟΣΘΕΤΗ ΑΛΛΗΛΟΥΧΙΑ ΝΟΥΚΛΕΪΚΩΝ ΟΞΕΩΝ ΠΕΡΑΝ ΤΩΝ 2 ΠΡΩΤΩΝ (ΚΑΤΑΓΡΑΦΗ ΞΕΧΩΡΙΣΤΑ ΕΠΙΠΛΕΟΝ ΤΟΥ ΚΩΔΙΚΟΥ ΓΙΑ ΤΗΝ ΑΡΧΙΚΗ ΔΙΑΔΙΚΑΣΙΑ);;;;;
7856;B307711;ΜΟΡΙΑΚΗ ΔΙΑΓΝΩΣΤΙΚΗ, ΑΝΤΙΣΤΡΟΦΗ ΜΕΤΑΓΡΑΦΗ;;;;;
7857;B307713;ΜΟΡΙΑΚΗ ΔΙΑΓΝΩΣΤΙΚΗ, ΕΛΕΓΧΟΣ ΜΕΤΑΛΛΑΞΕΩΝ ΜΕ ΣΑΡΩΣΗ, ΒΑΣΕΙ ΦΥΣΙΚΩΝ ΙΔΙΟΤΗΤΩΝ (ΠΧ, ΠΟΛΥΜΟΡΦΙΣΜΟΣ ΔΙΑΜΟΡΦΩΣΗΣ ΜΟΝΗΣ ΑΛΥΣΙΔΑΣ [SSCP], ΕΤΕΡΟΔΙΠΛΟ, ΑΠΟΔΙΑΤΑΚΤΙΚΗ ΗΛΕΚΤΡΟΦΟΡΗΣΗ ΜΕ ΓΕΛΗ ΔΙΑΦΑΘΜΙΣΗΣ [DGGE], RNA-ΑΣΗ A), ΜΟΝΟ ΤΜΗΜΑ, ΕΚΑΣΤΟ;;;;;
7858;B307715;ΜΟΡΙΑΚΗ ΔΙΑΓΝΩΣΤΙΚΗ, ΤΑΥΤΟΠΟΙΗΣΗ ΜΕΤΑΛΛΑΞΗΣ ΜΕΣΩ ΑΚΟΛΟΥΘΙΑΣ, ΕΝΑ ΤΜΗΜΑ, ΚΑΘΕ ΤΜΗΜΑ;;;;;
7859;B307717;ΜΟΡΙΑΚΗ ΔΙΑΓΝΩΣΤΙΚΗ, ΤΑΥΤΟΠΟΙΗΣΗ ΜΕΤΑΛΛΑΞΗΣ ΜΕΣΩ ΕΙΔΙΚΗΣ  ΜΕΤΑΓΡΑΦΗΣ ΓΙΑ ΚΑΘΕ ΑΛΛΗΛΟΜΟΡΦΟ, ΕΝΑ ΤΜΗΜΑ, ΚΑΘΕ ΤΜΗΜΑ;;;;;
7860;B307719;ΜΟΡΙΑΚΗ ΔΙΑΓΝΩΣΤΙΚΗ, ΤΑΥΤΟΠΟΙΗΣΗ ΜΕΤΑΛΛΑΞΗΣ ΜΕΣΩ ΕΙΔΙΚΗΣ  ΜΕΤΑΦΡΑΣΗΣ ΓΙΑ ΚΑΘΕ ΑΛΛΗΛΟΜΟΡΦΟ, ΕΝΑ ΤΜΗΜΑ, ΚΑΘΕ ΤΜΗΜΑ;;;;;
7861;B307721;ΜΟΡΙΑΚΗ ΔΙΑΓΝΩΣΤΙΚΗ, ΛΥΣΗ ΚΥΤΤΑΡΟΥ ΠΡΙΝ ΤΗΝ ΕΚΧΥΛΙΣΗ ΤΟΥ ΝΟΥΚΛΕΪΚΟΥ ΟΞΕΟΣ (ΠΧ, ΔΕΙΓΜΑ ΚΟΠΡΑΝΩΝ, ΙΣΤΟΣ ΕΜΠΕΔΩΜΕΝΟΣ ΣΕ ΠΑΡΑΦΙΝΗ), ΚΑΘΕ ΔΕΙΓΜΑ;;;;;
7862;B307723;ΜΟΡΙΑΚΗ ΔΙΑΓΝΩΣΤΙΚΗ, ΕΝΙΣΧΥΣΗ, ΣΗΜΑΤΟΔΟΤΙΚΗ, ΚΑΘΕ ΑΛΛΗΛΟΥΧΙΑ ΝΟΥΚΛΕΙΪΚΩΝ ΟΞΕΩΝ;;;;;
7863;B307725;ΜΟΡΙΑΚΗ ΔΙΑΓΝΩΣΤΙΚΗ, ΔΙΑΧΩΡΙΣΜΟΣ ΚΑΙ ΤΑΥΤΟΠΟΙΗΣΗ ΜΕΣΩ ΤΕΧΝΙΚΗΣ ΥΨΗΛΟΥ ΔΙΑΧΩΡΙΣΜΟΥ (Π.Χ. ΤΡΙΧΟΕΙΔΗΣ ΗΛΕΚΤΡΟΦΟΡΗΣΗ) ΚΑΘΕ ΠΑΡΑΣΚΕΥΑΣΜΑ ΝΟΥΚΛΕΪΚΟΥ ΟΞΕΟΣ;;;;;
7864;B307731;ΜΟΡΙΑΚΗ ΔΙΑΓΝΩΣΤΙΚΗ, ΕΡΜΗΝΕΙΑ ΚΑΙ ΑΝΑΦΟΡΑ;;;;;
7865;B307733;ΜΟΡΙΑΚΗ ΔΙΑΓΝΩΣΤΙΚΗ, ΣΤΑΘΕΡΟΠΟΙΗΣΗ RNA;;;;;
7866;B307735;ΤΑΥΤΟΠΟΙΗΣΗ ΜΕΤΑΛΛΑΞΕΩΝ ΜΕ ΕΝΖΥΜΑΤΙΚΗ ΣΥΝΔΕΣΗ Ή ΜΕ ΕΠΕΚΤΑΣΗ ΕΚΚΙΝΗΤΩΝ, ΕΝΑ ΤΜΗΜΑ, ΚΑΘΕ ΤΜΗΜΑ (ΠΧ, ΑΝΑΛΥΣΗ ΣΥΝΔΕΣΗΣ ΟΛΙΓΟΝΟΥΚΛΕΟΤΙΔΙΩΝ [OLA], ΕΠΕΚΤΑΣΗ ΑΛΥΣΙΔΑΣ ΜΟΝΗΣ ΒΑΣΗΣ [SBCE], Ή ΕΠΕΚΤΑΣΗ ΕΚΚΙΝΗΤΗ ΕΙΔΙΚΟΥ ΓΙΑ ΑΛΛΗΛΟΜΟΡΦΟ [ASPE]);;;;;
7867;B307737;ΝΟΥΚΛΕΟΤΙΔΑΣΗ 5'-;;;;;
7868;B307739;ΑΝΕΝΕΡΓΟΣ;;;;;
7869;B307743;ΟΡΓΑΝΙΚΑ ΟΞΕΑ, ΟΛΙΚΑ, ΠΟΣΟΤΙΚΗ, ΚΑΘΕ ΔΕΙΓΜΑ;;;;;
7870;B307745;ΟΡΓΑΝΙΚΑ ΟΞΕΑ, ΠΟΙΟΤΙΚΗ, ΚΑΘΕ ΔΕΙΓΜΑ;;;;;
7871;B307749;ΟΡΓΑΝΙΚΟ ΟΞΥ, ΕΝΑ, ΠΟΣΟΤΙΚΗ;;;;;
7872;B307757;ΟΠΙΟΥΧΟ(-Α), ΦΑΡΜΑΚΟ ΚΑΙ ΜΕΤΑΒΟΛΙΤΕΣ, ΚΑΘΕ ΔΙΑΔΙΚΑΣΙΑ;;;;;
7873;B307767;ΩΣΜΟΤΙΚΟΤΗΤΑ ΑΙΜΑΤΟΣ;;;;;
7874;B307777;ΩΣΜΟΜΟΡΙΑΚΟΤΗΤΑ, ΟΥΡΑ;;;;;
7875;B307781;ΟΣΤΕΟΚΑΛΣΙΝΗ (ΠΡΩΤΕΪΝΗ G1A ΟΣΤΩΝ - BGP);;;;;
7876;B307797;ΟΞΑΛΙΚΑ;;;;;
7877;B307807;ΟΓΚΟΠΡΩΤΕΪΝΗ, HER-2/NEU;;;;;
7878;B307809;ΟΓΚΟΠΡΩΤΕΪΝΗ, ΔΕΣ-Γ-ΚΑΡΒΟΞΥΠΡΟΘΡΟΜΒΙΝΗ (DCP);;;;;
7879;B307847;ΠΑΡΑΘΟΡΜΟΝΗ (ΠΑΡΑΘΥΡΕΟΕΙΔΙΚΗ ΟΡΜΟΝΗ );;;;;
7880;B307879;PH, ΣΩΜΑΤΙΚΑ ΥΓΡΑ, ΕΚΤΟΣ ΑΙΜΑΤΟΣ;;;;;
7881;B307891;ΦΑΙΝΚΥΚΛΙΔΙΝΗ (PCP);;;;;
7882;B307893;ΚΑΛΠΡΟΤΕΚΤΙΝΗ ΚΟΠΡΑΝΩΝ;;;;;
7883;B307951;ΦΑΙΝΟΘΕΙΑΖΙΝΗ;;;;;
7884;B307967;ΦΑΙΝΥΛΑΛΑΝΙΝΗ (PKU), ΑΙΜΑΤΟΣ;;;;;
7885;B307977;ΦΑΙΝΥΛΟΚΕΤΟΝΕΣ, ΠΟΙΟΤΙΚΗ;;;;;
7886;B308027;ΦΩΣΦΑΤΑΣΗ, ΟΞΙΝΗ, ΟΛΙΚΗ;;;;;
7887;B308029;ΦΩΣΦΑΤΑΣΗ, ΟΞΙΝΗ, ΙΑΤΡΟΔΙΚΑΣΤΙΚΗ ΕΞΕΤΑΣΗ;;;;;
7888;B308039;ΦΩΣΦΑΤΑΣΗ, ΟΞΙΝΗ, ΠΡΟΣΤΑΤΙΚΗ;;;;;
7889;B308057;ΑΛΚΑΛΙΚΗ ΦΩΣΦΑΤΑΣΗ;;;;;
7890;B308063;ΑΛΚΑΛΙΚΗ ΦΩΣΦΑΤΑΣΗ, ΘΕΡΜΟΑΝΤΟΧΗ (ΟΛΙΚΗ ΔΕΝ ΠΕΡΙΛΑΜΒΑΝΕΤΑΙ);;;;;
7891;B308067;ΑΛΚΑΛΙΚΗ ΦΩΣΦΑΤΑΣΗ, ΙΣΟΕΝΖΥΜΑ;;;;;
7892;B308069;ΦΩΣΦΑΤΙΔΥΛΟΓΛΥΚΕΡΟΛΗ;;;;;
7893;B308077;ΦΩΣΦΟΓΛΥΚΟΝΙΚΗ 6-, ΑΦΥΔΡΟΓΩΝΑΣΗ, ΕΡΥΘΡΑ ΑΙΜΟΣΦΑΙΡΙΑ;;;;;
7894;B308081;ΙΣΟΜΕΡΑΣΗ ΦΩΣΦΟΕΞΟΖΗΣ;;;;;
7895;B308107;ΑΝΟΡΓΑΝΟΣ ΦΩΣΦΟΡΟΣ (ΦΩΣΦΟΡΙΚΑ),;;;;;
7896;B308117;ΑΝΟΡΓΑΝΟΣ ΦΩΣΦΟΡΟΣ (ΦΩΣΦΟΡΙΚΑ), ΟΥΡΑ;;;;;
7897;B308119;ΠΟΡΦΟΧΟΛΙΝΟΓΟΝΟ, ΠΟΙΟΤΙΚΗ ΑΝΙΧΝΕΥΣΗ ΣΤΑ ΟΥΡΑ;;;;;
7898;B308127;ΠΟΡΦΟΧΟΛΙΝΟΓΟΝΟ, ΠΟΣΟΤΙΚΗ ΜΕΤΡΗΣΗ ΣΤΑ ΟΥΡΑ;;;;;
7899;B308145;ΠΟΡΦΥΡΙΝΕΣ, ΠΟΙΟΤΙΚΗ ΑΝΙΧΝΕΥΣΗ ΣΤΑ ΟΥΡΑ;;;;;
7900;B308147;ΠΟΡΦΥΡΙΝΕΣ, ΠΟΣΟΤΙΚΟΣ ΠΡΟΣΔΙΟΡΙΣΜΟΣ ΚΑΙ ΚΛΑΣΜΑΤΟΠΟΙΗΣΗ ΣΤΑ ΟΥΡΑ;;;;;
7901;B308159;ΠΟΡΦΥΡΙΝΕΣ, ΠΟΣΟΤΙΚΗ ΜΕΤΡΗΣΗ ΣΤΑ ΚΟΠΡΑΝΑ;;;;;
7902;B308161;ΠΟΡΦΥΡΙΝΕΣ, ΠΟΙΟΤΙΚΗ ΑΝΙΧΝΕΥΣΗ ΣΤΑ ΚΟΠΡΑΝΑ;;;;;
7903;B308171;ΚΑΛΙΟ, ΟΡΟΣ, ΠΛΑΣΜΑ Ή ΟΛΙΚΟ ΑΙΜΑΤΟΣ;;;;;
7904;B308173;ΚΑΛΙΟ, ΟΥΡΑ;;;;;
7905;B308175;ΠΡΟΛΕΥΚΩΜΑΤΙΝΗ;;;;;
7906;B308177;ΠΡΕΓΝΑΝΕΔΙΟΛΗ;;;;;
7907;B308183;ΠΡΕΓΝΑΝΕΤΡΙΟΛΗ;;;;;
7908;B308187;ΠΡΕΓΝΕΝΟΛΟΝΗ;;;;;
7909;B308193;17-ΥΔΡΟΞΥΠΡΕΓΝΕΝΟΛΟΝΗ;;;;;
7910;B308195;ΠΡΟΓΕΣΤΕΡΟΝΗ;;;;;
7911;B308199;ΠΡΟΛΑΚΤΙΝΗ;;;;;
7912;B308207;ΠΡΟΣΤΑΓΛΑΝΔΙΝΗ, ΕΚΑΣΤΗ;;;;;
7913;B308211;ΕΙΔΙΚΟ ΠΡΟΣΤΑΤΙΚΟ ΑΝΤΙΓΟΝΟ (PSA), ΣΥΝΔΕΔΕΜΕΝΟ (ΑΜΕΣΗ ΜΕΤΡΗΣΗ);;;;;
7914;B308213;ΕΙΔΙΚΟ ΠΡΟΣΤΑΤΙΚΟ ΑΝΤΙΓΟΝΟ (PSA), ΟΛΙΚΟ;;;;;
7915;B308215;ΕΙΔΙΚΟ ΠΡΟΣΤΑΤΙΚΟ ΑΝΤΙΓΟΝΟ (PSA), ΕΛΕΥΘΕΡΟ;;;;;
7916;B308217;ΟΛΙΚΗ ΠΡΩΤΕΪΝΗ, ΕΚΤΟΣ ΑΠΟ ΔΙΑΘΛΑΣΤΙΚΗ ΜΕΘΟΔΟ, ΟΡΟΣ, ΠΛΑΣΜΑ Η ΟΛΙΚΟ ΑΙΜΑ;;;;;
7917;B308219;ΟΛΙΚΗ ΠΡΩΤΕΪΝΗ, ΕΚΤΟΣ ΑΠΟ ΔΙΑΘΛΑΣΤΙΚΗ ΜΕΘΟΔΟ, ΟΥΡΑ;;;;;
7918;B308221;ΟΛΙΚΗ ΠΡΩΤΕΪΝΗ, ΕΚΤΟΣ ΑΠΟ ΔΙΑΘΛΑΣΤΙΚΗ ΜΕΘΟΔΟ, ΑΛΛΗ ΠΗΓΗ ΔΕΙΓΜΑΤΟΣ (Π.Χ. ΑΡΘΡΙΚΟ ΥΓΡΟ, ΕΓΚΕΦΑΛΟΝΩΤΙΑΙΟ ΥΓΡΟ);;;;;
7919;B308227;ΟΛΙΚΗ ΠΡΩΤΕΪΝΗ, ΜΕ ΔΙΑΘΛΑΣΤΙΚΗ ΜΕΘΟΔΟ, ΟΠΟΙΑΔΗΠΟΤΕ ΠΗΓΗ ΔΕΙΓΜΑΤΟΣ;;;;;
7920;B308233;ΠΡΩΤΕΪΝΗ Α ΤΟΥ ΠΛΑΣΜΑΤΟΣ ΠΟΥ ΣΧΕΤΙΖΕΤΑΙ ΜΕ ΤΗΝ ΕΓΚΥΜΟΣΥΝΗ (ΡΑΡΡ-Α);;;;;
7921;B308237;ΗΛΕΚΤΡΟΦΟΡΗΣΗ ΠΡΩΤΕΪΝΩΝ ΟΡΟΥ;;;;;
7922;B308239;ΠΡΟΣΔΙΟΡΙΣΜΟΣ ΠΡΩΤΕΪΝΗΣ ΣΕ ΥΓΡΑ (ΠΧ ΟΥΡΑ, ΕΝΥ).ΗΛΕΚΤΡΟΦΟΡΙΤΙΚΗ ΚΛΑΣΜΑΤΟΠΟΙΗΣΗΚΑΙ ΠΟΣΟΤΙΚΟΣ ΠΡΟΣΔΙΟΡΙΣΜΟΣ.ΕΚΑΣΤΗ;;;;;
7923;B308269;ΠΡΩΤΕΪΝΗ, WESTERN BLOT, ΜΕ ΓΝΩΜΑΤΕΥΣΗ ΚΑΙ ΑΝΑΦΟΡΑ, ΑΙΜΑ Ή ΑΛΛΟ ΣΩΜΑΤΙΚΟ ΥΓΡΟ;;;;;
7924;B308271;ΠΡΩΤΕΪΝΗ, WESTERN BLOT, ΜΕ ΓΝΩΜΑΤΕΥΣΗ ΚΑΙ ΑΝΑΦΟΡΑ, ΑΙΜΑ Ή ΑΛΛΟ ΣΩΜΑΤΙΚΟ ΥΓΡΟ, ΑΝΟΣΟΛΟΓΙΚΟΣ ΑΝΙΧΝΕΥΤΗΣ ΓΙΑ ΤΑΥΤΟΠΟΙΗΣΗ ΣΕΙΡΑΣ, ΚΑΘΕ ΠΡΩΤΕΪΝΗ;;;;;
7925;B308311;ΠΡΩΤΟΠΟΡΦΥΡΙΝΗ ΕΡΥΘΡΟΚΥΤΤΑΡΩΝ, ΠΟΣΟΤΙΚΗ ΜΕΤΡΗΣΗ;;;;;
7926;B308313;ΠΡΩΤΟΠΟΡΦΥΡΙΝΗ ΕΡΥΘΡΟΚΥΤΤΑΡΩΝ, ΔΟΚΙΜΑΣΙΑ ΔΙΑΛΟΓΗΣ (SCREENING);;;;;
7927;B308319;ΠΡΟΪΝΣΟΥΛΙΝΗ;;;;;
7928;B308321;ΦΩΣΦΟΡΙΚΗ ΠΥΡΙΔΟΞΑΛΗ (ΒΙΤΑΜΙΝΗ Β6);;;;;
7929;B308327;ΠΥΡΟΥΒΙΚΑ;;;;;
7930;B308347;ΠΥΡΟΣΤΑΦΥΛΙΚΗ ΚΙΝΑΣΗ;;;;;
7931;B308363;ΚΙΝΙΝΗ;;;;;
7932;B308373;ΜΕΤΡΗΣΗ ΥΠΟΔΟΧΕΩΝ ΟΙΣΤΡΟΓΟΝΩΝ;;;;;
7933;B308375;ΜΕΤΡΗΣΗ ΥΠΟΔΟΧΕΩΝ ΠΡΟΓΕΣΤΕΡΟΝΗΣ;;;;;
7934;B308377;ΜΕΤΡΗΣΗ ΥΠΟΔΟΧΕΩΝ, ΕΝΔΟΚΡΙΝΙΚΟΙ, ΕΚΤΟΣ ΑΠΟ ΟΙΣΤΡΟΓΟΝΑ Ή ΠΡΟΓΕΣΤΕΡΟΝΗ (ΠΡΟΣΔΙΟΡΙΣΤΕ ΤΗΝ ΟΡΜΟΝΗ);;;;;
7935;B308383;ΜΕΤΡΗΣΗ ΥΠΟΔΟΧΕΩΝ, ΜΗ ΕΝΔΟΚΡΙΝΙΚΟΙ (ΠΡΟΣΔΙΟΡΙΣΤΕ ΥΠΟΔΟΧΕΑ);;;;;
7936;B308395;ΡΕΝΙΝΗ;;;;;
7937;B308411;ΡΙΒΟΦΛΑΒΙΝΗ (ΒΙΤΑΜΙΝΗ Β2;;;;;
7938;B308417;ΣΕΛΗΝΙΟ;;;;;
7939;B308427;ΣΕΡΟΤΟΝΙΝΗ;;;;;
7940;B308447;ΣΦΑΙΡΙΝΗ ΠΟΥ ΔΕΣΜΕΥΕΙ ΤΙΣ ΦΥΛΕΤΙΚΕΣ ΟΡΜΟΝΕΣ (SHBG);;;;;
7941;B308457;ΣΙΑΛΙΚΟ ΟΞΥ;;;;;
7942;B308477;ΠΥΡΙΤΙΟ;;;;;
7943;B308497;ΝΑΤΡΙΟ, ΟΡΟΣ, ΠΛΑΣΜΑ Ή ΟΛΙΚΟ ΑΙΜΑ;;;;;
7944;B308507;ΝΑΤΡΙΟ, ΟΥΡΑ;;;;;
7945;B308511;ΝΑΤΡΙΟ, ΑΛΛΗ ΠΗΓΗ;;;;;
7946;B308517;ΣΩΜΑΤΟΔΕΜΙΝΗ;;;;;
7947;B308521;ΣΩΜΑΤΟΣΤΑΤΙΝΗ;;;;;
7948;B308529;ΦΑΣΜΑΤΟΦΩΤΟΜΕΤΡΙΑ, ΟΥΣΙΑ ΠΟΥ ΔΕΝ ΕΧΕΙ ΠΡΟΣΔΙΟΡΙΣΤΕΙ ΑΛΛΟΥ;;;;;
7949;B308537;ΕΙΔΙΚΟ ΒΑΡΟΣ (ΕΚΤΟΣ ΑΠΟ ΟΥΡΑ);;;;;
7950;B308657;ΣΑΚΧΑΡΑ, ΧΡΩΜΑΤΟΓΡΑΦΙΚΑ, TLC Ή ΧΡΩΜΑΤΟΓΡΑΦΙΑ ΧΑΡΤΟΥ;;;;;
7951;B308659;ΣΑΚΧΑΡΑ (ΜΟΝΟ-,  ΔΙ- ΚΑΙ ΟΛΙΓΟΣΑΚΧΑΡΙΤΕΣ), ΜΟΝΗ ΠΟΙΟΤΙΚΗ, ΚΑΘΕ ΔΕΙΓΜΑ;;;;;
7952;B308661;ΣΑΚΧΑΡΑ (ΜΟΝΟ-, ΔΙ- ΚΑΙ ΟΛΙΓΟΣΑΚΧΑΡΙΤΕΣ), ΠΟΛΛΑΠΛΗ ΠΟΙΟΤΙΚΗ, ΚΑΘΕ ΔΕΙΓΜΑ;;;;;
7953;B308663;ΣΑΚΧΑΡΑ (ΜΟΝΟ-, ΔΙ- ΚΑΙ ΟΛΙΓΟΣΑΚΧΑΡΙΤΕΣ), ΜΟΝΗ ΠΟΣΟΤΙΚΗ, ΚΑΘΕ ΔΕΙΓΜΑ;;;;;
7954;B308665;ΣΑΚΧΑΡΑ (ΜΟΝΟ-, ΔΙ- ΚΑΙ ΟΛΙΓΟΣΑΚΧΑΡΙΤΕΣ), ΠΟΛΛΑΠΛΗ ΠΟΣΟΤΙΚΗ, ΚΑΘΕ ΔΕΙΓΜΑ;;;;;
7955;B308691;ΘΕΙΪΚΑ, ΟΥΡΑ;;;;;
7956;B308711;ΕΛΕΥΘΕΡΗ ΤΕΣΤΟΣΤΕΡΟΝΗ ΑΙΜΑΤΟΣ;;;;;
7957;B308713;ΤΕΣΤΟΣΤΕΡΟΝΗ, ΟΛΙΚΗ (TESTO);;;;;
7958;B308757;ΘΕΙΑΜΙΝΗ (ΒΙΤΑΜΙΝΗ Β1);;;;;
7959;B308767;ΘΕΙΟΚΥΑΝΙΚΑ;;;;;
7960;B308771;ΘΥΡΕΟΣΦΑΙΡΙΝΗ (TG);;;;;
7961;B308779;ΘΥΡΟΞΙΝΗ, ΟΛΙΚΗ (T4);;;;;
7962;B308781;ΘΥΡΟΞΙΝΗ, ΑΠΑΙΤΕΙ ΕΚΧΕΙΛΙΣΜΑ (Π.Χ. ΝΕΟΓΕΝΝΗΤΑ);;;;;
7963;B308785;ΘΥΡΟΞΙΝΗ, ΕΛΕΥΘΕΡΗ (FT4);;;;;
7964;B308791;ΣΦΑΙΡΙΝΗ ΠΟΥ ΔΕΣΜΕΥΕΙ ΤΗ ΘΥΡΟΞΙΝΗ (TBG);;;;;
7965;B308793;ΘΥΡΕΟΕΙΔΟΤΡΟΠΟΣ ΟΡΜΟΝΗ (TSH);;;;;
7966;B308797;ΑΝΟΣΟΣΦΑΙΡΙΝΕΣ ΘΥΡΕΟΕΙΔΟΤΡΟΠΟΥ (TSI) ΘΥΡΕΟΔΙΕΓΕΡΤΙΚΕΣ;;;;;
7967;B308799;ΤΟΚΟΦΕΡΟΛΗ ΑΛΦΑ (ΒΙΤΑΜΙΝΗ Ε);;;;;
7968;B308805;ΤΡΑΝΣΚΟΡΤΙΝΗ (ΣΦΑΙΡΙΝΗ ΠΟΥ ΔΕΣΜΕΥΕΙ ΤΗΝ ΚΟΡΤΙΖΟΛΗ -CBG);;;;;
7969;B308807;ΑΣΠΑΡΤΙΚΗ ΑΜΙΝΟΤΡΑΝΣΦΕΡΑΣΗ (AST) (SGOT - ΓΛΟΥΤΑΜΙΝΙΚΗ ΟΞΑΛΟΞΕΪΚΗ ΤΡΑΝΣΑΜΙΝΑΣΗ) (84450);;;;;
7970;B308827;ΑΛΑΝΙΝΙΚΗ ΑΜΙΝΟΤΡΑΝΣΦΕΡΑΣΗ (ALT) (SGPT - ΓΛΟΥΤΑΜΙΝΙΚΗ ΠΥΡΟΣΤΑΦΥΛΙΚΗ ΤΡΑΝΣΑΜΙΝΑΣΗ) (84460);;;;;
7971;B308839;ΤΡΑΝΣΦΕΡΙΝΗ;;;;;
7972;B308863;ΤΡΙΓΛΥΚΕΡΙΔΙΑ;;;;;
7973;B308865;ΘΥΡΕΟΕΙΔΙΚΗ ΟΡΜΟΝΗ (Τ3 Ή Τ4) ΠΡΟΣΛΗΨΗ Ή ΛΟΓΟΣ ΔΕΣΜΕΥΣΗΣ ΘΥΡΕΟΕΙΔΙΚΗΣ ΟΡΜΟΝΗΣ (THBR);;;;;
7974;B308867;ΤΡΙΙΩΔΟΘΥΡΟΝΙΝΗ Τ3, ΟΛΙΚΗ (ΤΤ-3);;;;;
7975;B308869;ΕΛΕΥΘΕΡΗ ΤΡΙΩΔΟΘΥΡΟΝΙΝΗ ΑΙΜΑΤΟΣ;;;;;
7976;B308871;ΤΡΙΙΩΔΟΘΥΡΟΝΙΝΗ Τ3, ΑΝΑΣΤΡΟΦΗ (rT3);;;;;
7977;B308875;ΤΡΟΠΟΝΙΝΗ, ΠΟΣΟΤΙΚΗ;;;;;
7978;B308877;ΘΡΥΨΙΝΗ, ΔΩΔΕΚΑΔΑΚΤΥΛΙΚΟ ΥΓΡΟ;;;;;
7979;B308883;ΘΡΥΨΙΝΗ, ΚΟΠΡΑΝΑ, ΠΟΙΟΤΙΚΗ;;;;;
7980;B308887;ΘΡΥΨΙΝΗ, ΚΟΠΡΑΝΑ, ΠΟΣΟΤΙΚΗ, ΣΥΛΛΟΓΗ 24-ΩΡΟΥ;;;;;
7981;B308927;ΤΥΡΟΣΙΝΗ;;;;;
7982;B308931;ΤΡΟΠΟΝΙΝΗ, ΠΟΙΟΤΙΚΗ;;;;;
7983;B308947;ΑΖΩΤΟ ΟΥΡΙΑΣ, ΠΟΣΟΤΙΚΗ;;;;;
7984;B308957;ΑΖΩΤΟ ΟΥΡΙΑΣ, ΗΜΙΠΟΣΟΤΙΚΗ (Π.Χ. ΤΑΙΝΙΑ ΧΗΜΙΚΗΣ ΑΝΤΙΔΡΑΣΗΣ);;;;;
7985;B308987;ΑΖΩΤΟ ΟΥΡΙΑΣ, ΟΥΡΑ;;;;;
7986;B308997;ΑΖΩΤΟ ΟΥΡΙΑΣ, ΚΑΘΑΡΣΗ;;;;;
7987;B309007;ΟΥΡΙΚΟ ΟΞΥ, ΑΙΜΑ;;;;;
7988;B309027;ΟΥΡΙΚΟ ΟΞΥ, ΑΛΛΗ ΠΗΓΗ;;;;;
7989;B309061;ΟΥΡΟΧΟΛΙΝΟΓΟΝΟ, ΚΟΠΡΑΝΑ, ΠΟΣΟΤΙΚΗ;;;;;
7990;B309063;ΟΥΡΟΧΟΛΙΝΟΓΟΝΟ, ΟΥΡΑ, ΠΟΙΟΤΙΚΗ;;;;;
7991;B309067;ΟΥΡΟΧΟΛΙΝΟΓΟΝΟ, ΟΥΡΑ, ΠΟΣΟΤΙΚΗ, ΧΡΟΝΙΚΑ ΠΡΟΣΔΙΟΡΙΣΜΕΝΟ ΔΕΙΓΜΑ;;;;;
7992;B309073;ΟΥΡΟΧΟΛΙΝΟΓΟΝΟ, ΟΥΡΑ, ΗΜΙΠΟΣΟΤΙΚΗ;;;;;
7993;B309077;ΒΑΝΙΛΛΥΛΟΜΑΝΔΕΛΙΚΟ ΟΞΥ (VMA), ΟΥΡΑ;;;;;
7994;B309079;ΑΓΓΕΙΟΔΡΑΣΤΙΚΟ ΕΝΤΕΡΙΚΟ ΠΕΠΤΙΔΙΟ (VIP);;;;;
7995;B309083;ΑΝΤΙΔΙΟΥΡΗΤΙΚΗ ΟΡΜΟΝΗ;;;;;
7996;B309087;BITAMINH A;;;;;
7997;B309089;ΒΙΤΑΜΙΝΗ, ΠΟΥ ΔΕΝ ΚΑΤΑΓΡΑΦΕΤΑΙ ΑΛΛΟΥ;;;;;
7998;B309101;ΒΙΤΑΜΙΝΗ Κ;;;;;
7999;B309107;ΠΤΗΤΙΚΑ (Π.Χ. ΟΞΙΚΟΣ ΑΝΥΔΡΙΤΗΣ, ΤΕΤΡΑΧΛΩΡΙΔΙΟ ΤΟΥ ΑΝΘΡΑΚΑ, ΔΙΧΛΩΡΟΑΙΘΑΝΙΟ ΔΙΧΛΩΡΟΜΕΘΑΝΙΟ, ΔΙΑΙΘΥΛΑΙΘΕΡΑΣ, ΙΣΟΠΡΟΠΥΛΙΚΗ ΑΛΚΟΟΛΗ, ΜΕΘΑΝΟΛΗ);;;;;
8000;B309147;ΔΟΚΙΜΑΣΙΑ ΑΠΟΡΡΟΦΗΣΗΣ ΞΥΛΟΖΗΣ, ΑΙΜΑ ΚΑΙ/Ή ΟΥΡΑ;;;;;
8001;B309167;ΨΕΥΔΑΡΓΥΡΟΣ;;;;;
8002;B309269;C-ΠΕΠΤΙΔΙΟ;;;;;
8003;B309311;ΓΟΝΑΔΟΤΡΟΠΙΝΗ, ΧΟΡΙΟΝΙΚΗ (HCG), ΠΟΣΟΤΙΚΗ Β-ΥΠΟΜΟΝΑΔΑ;;;;;
8004;B309313;ΓΟΝΑΔΟΤΡΟΠΙΝΗ, ΧΟΡΙΟΝΙΚΗ (HCG), ΠΟΙΟΤΙΚΗ Β-ΥΠΟΜΟΝΑΔΑ;;;;;
8005;B309315;ΓΟΝΑΔΟΤΡΟΠΙΝΗ, ΧΟΡΙΟΝΙΚΗ (FBHCG), ΕΛΕΥΘΕΡΗ ΒΗΤΑ ΑΛΥΣΙΔΑ;;;;;
8006;B309567;ΔΟΚΙΜΑΣΙΕΣ ΩΟΡΡΗΞΙΑΣ, ΜΕΣΩ ΟΠΤΙΚΩΝ ΧΡΩΜΑΤΙΚΩΝ ΜΕΘΟΔΩΝ ΓΙΑ ΤΗΝ ΑΝΘΡΩΠΙΝΗ ΩΧΡΙΝΟΤΡΟΠΟ ΟΡΜΟΝΗ;;;;;
8007;B309905;ΜΗ ΚΑΤΑΓΕΓΡΑΜΜΕΝΗ ΧΗΜΙΚΗ ΔΟΚΙΜΑΣΙΑ;;;;;
8008;B309905.1;IGF-II (ΙΝΣΟΥΛΙΝΟΜΟΡΦΟΣ ΠΑΡΑΓΟΝΤΑΣ ΙΙ);;;;;
8009;B309905.2;IGFBP-III;;;;;
8010;B309905.3;ΑΝΤΙΣΩΜΑΤΑ ΕΝΑΝΤΙ ΤΗΣ ΘΥΡΕΟΕΙΔΙΚΗΣ ΥΠΕΡΟΞΕΙΔΑΣΗΣ (ANTI-TPO);;;;;
Δ.6;ΑΙΜΟΔΟΣΙΑ – ΜΕΤΡΗΣΕΙΣ ΣΤΟΙΧΕΙΩΝ ΑΙΜΑΤΟΣ – ΠΗΞΗ   ;;;;;;
8011;B309911;ΧΡΟΝΟΣ ΡΟΗΣ IVY;;;;;
8012;B309915;ΓΕΝΙΚΗ ΑΙΜΑΤΟΣ ( ΑΥΤΟΜΑΤΟΠΟΙΗΜΕΝΗ );;;;;
8013;B309921;ΓΕΝΙΚΗ ΑΙΜΑΤΟΣ + ΕΠΙΧΡΙΣΜΑ ΠΕΡΙΦ.ΑΙΜΑΤΟΣ;;;;;
8014;B309923;ΑΝΕΝΕΡΓΟΣ;;;;;
8015;B309925;ΑΝΕΝΕΡΓΟΣ;;;;;
8016;B309933;ΜΙΚΡΟΑΙΜΑΤΟΚΡΙΤΗΣ;;;;;
8017;B309935;ΑΝΕΝΕΡΓΟΣ;;;;;
8018;B309943;ΜΕΤΡΗΣΗ ΑΙΜΟΣΦΑΙΡΙΝΗΣ (HGB), ΑΥΤΟΜΑΤΟΠΟΙΗΜΕΝΗ ΜΕΘΟΔΟΣ;;;;;
8019;B309957;ΓΕΝΙΚΗ ΑΙΜΑΤΟΣ (ΑΥΤΟΜΑΤΟΠΟΙΗΜΕΝΗ ΜΕΤΡΗΣΗ HGB, HCT, RBC, WBC, PLT  ΚΑΙ ΑΥΤΟΜΑΤΟΠΟΙΗΜΕΝΗ ΜΕΤΡΗΣΗ ΛΕΥΚΟΚΥΤΤΑΡΙΚΟΥ ΤΥΠΟΥ);;;;;
8020;B309961;ΑΝΕΝΕΡΓΟΣ;;;;;
8021;B309971;ΑΝΕΝΕΡΓΟΣ;;;;;
8022;B309989;ΑΝΕΝΕΡΓΟΣ;;;;;
8023;B309995;ΜΕΤΡΗΣΗ ΔΙΚΤΥΟΕΡΥΘΡΟΚΥΤΤΑΡΩΝ ΜΕ ΧΕΙΡΩΝΑΚΤΙΚΗ ΜΕΘΟΔΟΣ;;;;;
8024;B309997;ΜΕΤΡΗΣΗ ΔΙΚΤΥΟΕΡΥΘΡΟΚΥΤΤΑΡΩΝ ΜΕ ΑΥΤΟΜΑΤΟΠΟΙΗΜΕΝΗ ΜΕΘΟΔΟ;;;;;
8025;B309999;ΜΕΤΡΗΣΗ ΔΙΚΤΥΟΕΡΥΘΡΟΚΥΤΤΑΡΩΝ ΜΕ ΑΥΤΟΜΑΤΟΠΟΙΗΜΕΝΗ ΜΕΘΟΔΟ ΚΑΙ ΠΡΟΣΔΙΟΡΙΣΜΟΣ ΔΙΚΤΥΟΕΡΥΘΡΟΚΥΤΤΑΡΙΚΩΝ ΠΑΡΑΜΕΤΡΩΝ;;;;;
8026;B310003;ΑΝΕΝΕΡΓΟΣ;;;;;
8027;B310005;ΑΝΕΝΕΡΓΟΣ;;;;;
8028;B310017;ΜΕΤΡΗΣΗ ΔΙΚΤΥΟΑΙΜΟΠΕΤΑΛΙΩΝ;;;;;
8029;B310027;ΕΚΤΙΜΗΣΗ ΕΠΙΧΡΙΣΜΑΤΟΣ ΠΕΡΙΦΕΡΙΚΟΥ ΑΙΜΑΤΟΣ;;;;;
8030;B310101;ΕΚΤΙΜΗΣΗ ΕΠΙΧΡΙΣΜΑΤΟΣ ΜΥΕΛΟΥ ΤΩΝ ΟΣΤΩΝ;;;;;
8031;B310167;ΑΝΕΝΕΡΓΟΣ;;;;;
8032;B310247;ΣΥΣΤΟΛΗ ΘΡΟΜΒΟΥ;;;;;
8033;B310257;ΧΡΟΝΟΣ ΛΥΣΗΣ ΘΡΟΜΒΟΥ ΟΛΙΚΟΥ ΑΙΜΑΤΟΣ;;;;;
8034;B310327;ΠΟΣΟΤΙΚΗ ΜΕΤΡΗΣΗ ΠΡΟΘΡΟΜΒΙΝΗΣ ;;;;;
8035;B310347;ΠΑΡΑΓΟΝΤΑΣ ΠΗΞΕΩΣ V (ΕΝΕΡΓΟΤΗΤΑ);;;;;
8036;B310367;ΠΑΡΑΓΟΝΤΑΣ ΠΗΞΕΩΣ VII (ΕΝΕΡΓΟΤΗΤΑ);;;;;
8037;B310387;ΠΑΡΑΓΟΝΤΑΣ ΠΗΞΕΩΣ VIΙΙ (ΕΝΕΡΓΟΤΗΤΑ);;;;;
8038;B310395;ΠΑΡΑΓΟΝΤΑΣ ΠΗΞΕΩΣ  VWRCO(ΕΝΕΡΓΟΤΗΤΑ);;;;;
8039;B310397;ΠΡΟΣΔΙΟΡΙΣΜΟΣ ΔΡΑΣΤΙΚΟΤΗΤΑΣ ΤΟΥ ΠΑΡΑΓΟΝΤΑ VW Η  ΣΥΜΠΑΡΑΓΟΝΤΑ ΤΗΣ ΡΙΣΤΟΣΕΤΙΝΗΣ (VWF: RICOF);;;;;
8040;B310399;ΠΑΡΑΓΟΝΤΑΣ ΠΗΞΕΩΣ  VWRCO(ΑΝΤΙΓΟΝΟ);;;;;
8041;B310401;ΑΝΑΛΥΣΗ ΠΟΛΥΜΕΡΩΝ ΤΟΥ ΠΑΡΑΓΟΝΤΑ vW(FvW);;;;;
8042;B310407;ΠΡΟΣΔΙΟΡΙΣΜΟΣ ΔΡΑΣΤΗΚΟΤΗΤΑΣ ΠΑΡΑΓΟΝΤΑ IX (FIX);;;;;
8043;B310427;ΠΡΟΣΔΙΟΡΙΣΜΟΣ ΔΡΑΣΤΗΚΟΤΗΤΑΣ ΠΑΡΑΓΟΝΤΑ X (FX);;;;;
8044;B310447;ΠΡΟΣΔΙΟΡΙΣΜΟΣ ΠΑΡΑΓΟΝΤΑ XI (FXI);;;;;
8045;B310467;ΠΡΟΣΔΙΟΡΙΣΜΟΣ ΠΑΡΑΓΟΝΤΑ XII (FXII);;;;;
8046;B310487;ΠΡΟΣΔΙΟΡΙΣΜΟΣ ΠΑΡΑΓΟΝΤΑ XIII(FXII);;;;;
8047;B310489;ΕΛΕΓΧΟΣ FXIII ΜΕ ΔΟΚΙΜΑΣΙΑ ΔΙΑΛΥΤΟΤΗΤΑΣ;;;;;
8048;B310491;ΠΡΟΣΔΙΟΡΙΣΜΟΣ ΠΡΟΚΑΛΙΚΡΕΪΝΗΣ;;;;;
8049;B310493;ΠΡΟΣΔΙΟΡΙΣΜΟΣ ΚΙΝΙΝΟΓΟΝΟΥ ΥΨΗΛΟΥ ΜΟΡΙΑΚΟΥ ΒΑΡΟΥΣ;;;;;
8050;B310507;ΑΝΤΙΘΡΟΜΒΙΝΗ III ;;;;;
8051;B310509;ΠΟΣΟΤΙΚΗ ΜΕΤΡΗΣΗ ΑΝΤΙΘΡΟΜΒΙΝΗΣ III ;;;;;
8052;B310511;ΠΡΩΤΕΪΝΗ C ;;;;;
8053;B310513;ΠΡΟΣΔΙΟΡΙΣΜΟΣ ΔΡΑΣΤΙΚΟΤΗΤΑΣ ΤΗΣ ΠΡΩΤΕΪΝΗΣ C;;;;;
8054;B310517;ΠΡΟΣΔΙΟΡΙΣΜΟΣ ΟΛΙΚΗΣ ΠΡΩΤΕΪΝΗΣ S;;;;;
8055;B310519;ΠΡΟΣΔΙΟΡΙΣΜΟΣ ΕΛΕΥΘΕΡΗΣ ΠΡΩΤΕΪΝΗΣ S;;;;;
8056;B310521;ΠΡΟΣΔΙΟΡΙΣΜΟΣ ΑΝΤΙΣΤΑΣΗΣ ΣΤΗΝ ΕΝΕΡΓΟΠΟΙΗΜΕΝΗ ΠΡΩΤΕΪΝΗ C (APC-R);;;;;
8057;B310577;ΛΕΙΤΟΥΡΓΙΚΟΣ ΑΝΑΣΤΟΛΕΑΣ C1;;;;;
8058;B310581;ΠΡΟΣΔΙΟΡΙΣΜΟΣ ΘΡΟΜΒΟΜΟΝΤΟΥΛΙΝΗΣ;;;;;
8059;B310597;ΧΡΟΝΟΣ ΠΗΞΗΣ ΟΛΙΚΟΥ ΑΙΜΑΤΟΣ ΚΑΤΑ LEE-WHITE;;;;;
8060;B310601;ΑΡΤΤ;;;;;
8061;B310603;ΑΡΤΤ ευαίσθητο στο αντιπηκτικό λύκου;;;;;
8062;B310627;ΧΡΟΝΟΣ ΛΥΣΗΣ ΕΥΣΦΑΙΡΙΝΩΝ;;;;;
8063;B310631;ΠΡΟΪΟΝΤΑ ΑΠΟΔΟΜΗΣΗΣ ΙΝΩΔΟΥΣ/ΙΝΩΔΟΓΟΝΟΥ (FDP), ΣΥΓΚΟΛΛΗΤΙΝΟΑΝΤΙΔΡΑΣΗ ΗΜΙΠΟΣΟΤΙΚΗ ΜΕΘΟΔΟΣ;;;;;
8064;B310639;ΑΝΕΝΕΡΓΟΣ;;;;;
8065;B310647;ΠΟΣΟΤΙΚΗ ΜΕΤΡΗΣΗ ΙΝΩΔΟΝΕΚΤΙΝΗΣ;;;;;
8066;B310663;D-DIMER (ΠΡΟΪΟΝΤΑ ΑΠΟΔΟΜΗΣΗΣ ΙΝΩΔΟΥΣ), ΗΜΙΠΟΣΟΤΙΚΗ ΜΕΘΟΔΟΣ ;;;;;
8067;B310665;D-DIMER (ΠΡΟΪΟΝΤΑ ΑΠΟΔΟΜΗΣΗΣ ΙΝΩΔΟΥΣ), ΠΟΣΟΤΙΚΗ ΜΕΘΟΔΟΣ ;;;;;
8068;B310667;D-DIMER (ΠΡΟΪΟΝΤΑ ΑΠΟΔΟΜΗΣΗΣ ΙΝΩΔΟΥΣ), ΥΠΕΡΕΥΑΙΣΘΗΤΑ ΓΙΑ ΤΗΝ ΑΞΙΟΛΟΓΗΣΗ ΦΛΕΒΙΚΗΣ ΘΡΟΜΒΟΕΜΒΟΛΙΚΗΣ ΝΟΣΟΥ;;;;;
8069;B310675;ΠΡΟΣΔΙΟΡΙΣΜΟΣ ΙΝΩΔΟΓΟΝΟΥ ;;;;;
8070;B310677;ΠΟΣΟΤΙΚΗ ΜΕΤΡΗΣΗ ΙΝΩΔΟΓΩΝΟΥ;;;;;
8071;B310687;ΔΙΑΛΥΤΑ ΜΟΝΟΜΕΡΗ ΙΝΩΔΟΥΣ ( FS );;;;;
8072;B310699;THROMBOELASTOGRAPHY;;;;;
8073;B310701;ADAMTS13 ( ELISA);;;;;
8074;B310707;PAI-1 ΑΝΤΙΓΌΝΟ;;;;;
8075;B310727;Α2 ΑΝΤΙΠΛΑΣΜΙΝΗ;;;;;
8076;B310737;ΡΑΙ-1 ΕΝΕΡΓΟΤΗΤΑ;;;;;
8077;B310747;ΠΛΑΣΜΙΝΟΓΟΝΟ ΕΝΕΡΓΟΤΗΤΑ;;;;;
8078;B310749;ΠΟΣΟΤΙΚΗ ΜΕΤΡΗΣΗ ΠΛΑΣΜΙΝΟΓΟΝΟΥ ;;;;;
8079;B310789;ΔΟΚΙΜΑΣΙΑ ΓΙΑ ΣΩΜΑΤΑ HEINZ, ΑΜΕΣΗ ΧΡΩΣΗ;;;;;
8080;B310797;ΔΟΚΙΜΑΣΙΑ ΓΙΑ ΣΩΜΑΤΑ HEINZ, ΕΠΑΓΩΜΕΝΗ ΧΡΩΣΗ ΜΕ ΑΚΕΤΥΛΟΦΑΙΝΥΛΥΔΡΑΖΙΝΗ;;;;;
8081;B310827;ΑΝΙΧΝΕΥΣΗ ΕΜΒΡΥΪΚΗΣ ΑΙΜΟΣΦΑΙΡΙΝΗΣ Ή ΑΡΙΘΜΙΣΗ ΕΜΒΡΥΪΚΩΝ ΕΡΥΘΡΟΚΥΤΤΑΡΩΝ ΓΙΑ ΤΗΝ ΕΚΤΙΜΗΣΗ ΤΗΣ ΕΜΒΡΥΟΜΗΤΡΙΚΗΣ ΑΙΜΟΡΡΑΓΙΑΣ, (ΔΙΑΦΟΡΙΚΗ ΛΥΣΗ κατά KLEIHAUER-BETKE);;;;;
8082;B310829;ΑΝΙΧΝΕΥΣΗ ΕΜΒΡΥΪΚΗΣ ΑΙΜΟΣΦΑΙΡΙΝΗΣ Ή ΑΡΙΘΜΙΣΗ ΕΜΒΡΥΪΚΩΝ ΕΡΥΘΡΟΚΥΤΤΑΡΩΝ ΓΙΑ ΤΗΝ ΕΚΤΙΜΗΣΗ ΤΗΣ ΕΜΒΡΥΟΜΗΤΡΙΚΗΣ ΑΙΜΟΡΡΑΓΙΑΣ, ROSETTE;;;;;
8083;B310857;TEST ΟΞΙΝΟΥ ΑΙΜΟΛΥΣΕΩΣ (TEST HAM );;;;;
8084;B310947;ΤΙΤΛΟΠΟΙΗΣΗ ΗΠΑΡΙΝΗΣ;;;;;
8085;B310957;ΑΝΕΝΕΡΓΟΣ;;;;;
8086;B310967;ΑΝΕΝΕΡΓΟΣ;;;;;
8087;B310979;ΑΝΕΝΕΡΓΟΣ;;;;;
8088;B310987;ΑΛΚΑΛΙΚΗ ΦΩΣΦΑΤΑΣΗ ΛΕΥΚΩΝ ΑΙΜΟΣΦΑΙΡΙΩΝ (χρώση);;;;;
8089;B311001;ΑΝΕΝΕΡΓΟΣ;;;;;
8090;B311005;ΑΝΕΝΕΡΓΟΣ;;;;;
8091;B311017;ΩΣΜΩΤΙΚΗ ΑΝΤΙΣΤΑΣΗ ΕΡΥΘΡΟΚΥΤΤΑΡΩΝ ΧΩΡΙΣ ΕΠΩΑΣΗ;;;;;
8092;B311021;ΩΣΜΩΤΙΚΗ ΑΝΤΙΣΤΑΣΗ ΕΡΥΘΡΟΚΥΤΤΑΡΩΝ ΜΕ ΕΠΩΑΣΗ;;;;;
8093;B311059;ΕΛΕΓΧΟΣ ΤΗΣ ΣΥΣΣΩΡΕΥΣΗΣ ΤΩΝ ΑΙΜΟΠΕΤΑΛΙΩΝ (AGGREGATION) ΜΕ ΜΕΘΟΔΟ ΘΟΛΩΣΙΜΕΤΡΙΑΣ ΜΕ ΔΙΑΦΟΡΕΣ ΕΠΑΓΩΓΙΚΕΣ ΟΥΣΙΕΣ (ADP, ΚΟΛΛΑΓΟΝΟ, ΕΠΙΝΕΦΡΙΝΗ, ΑΡΑΧΙΔΟΝΙΚΟ ΟΞΥ, ΡΙΣΤΟΣΕΤΙΝΗ, ΑΔΡΕΝΑΛΙΝΗ);;;;;
8094;B311101;ΑΝΕΝΕΡΓΟΣ;;;;;
8095;B311127;ΧΡΟΝΟΣ ΠΡΟΘΡΟΜΒΙΝΗΣ-INR (PT-INR);;;;;
8096;B311129;ΑΝΕΝΕΡΓΟΣ;;;;;
8097;B311131;LA SCREENING;;;;;
8098;B311133;LA ΕΠΙΒΕΒΑΙΩΤΙΚΟ;;;;;
8099;B311177;ΧΡΟΝΟΣ ΡΕΠΤΙΛΑΣΗΣ;;;;;
8100;B311209;ΤΑΧΥΤΗΤΑ ΚΑΘΙΖΗΣΗΣ ΕΡΥΘΡΟΚΥΤΤΑΡΩΝ ΜΗ ΑΥΤΟΜΑΤΟΠΟΙΗΜΕΝΗ;;;;;
8101;B311211;ΤΑΧΥΤΗΤΑ ΚΑΘΙΖΗΣΗΣ ΕΡΥΘΡΟΚΥΤΤΑΡΩΝ ΑΥΤΟΜΑΤΟΠΟΙΗΜΕΝΗ;;;;;
8102;B311227;ΔΟΚΙΜΑΣΙΑ ΔΡΕΠΑΝΩΣΕΩΣ ΕΡΥΘΡΟΚΥΤΤΑΡΩΝ  ( TEST ΔΙΑΛΥΤΟΤΗΤΑΣ);;;;;
8103;B311247;ΧΡΟΝΟΣ ΘΡΟΜΒΙΝΗΣ;;;;;
8104;B311257;ΑΝΕΝΕΡΓΟΣ;;;;;
8105;B311317;ΑΝΕΝΕΡΓΟΣ;;;;;
8106;B311367;ΧΡΟΝΟΣ ΕΝΕΡΓΟΠΟΙΗΜΕΝΗΣ ΜΕΡΙΚΗΣ ΘΡΟΜΒΟΠΛΑΣΤΙΝΗΣ (aPTT);;;;;
8107;B311371;ΑΝΕΝΕΡΓΟΣ;;;;;
8108;B311527;ΑΝΕΝΕΡΓΟΣ;;;;;
8109;B311905;ΜΗ ΚΑΤΑΓΕΓΡΑΜΕΝΗ ΑΙΜΑΤΟΛΟΓΙΚΗ ΔΙΑΔΙΚΑΣΙΑ ΚΑΙ ΔΙΑΔΙΚΑΣΙΑ ΠΗΞΗΣ;;;;;
8110;B311905.1;ΠΑΡΑΓΟΝΤΑΣ ΠΗΞΕΩΣ ΙΙ ΑΝΤΙΓΟΝΟ ( ELISA);;;;;
8111;B311905.2;ΠΑΡΑΓΟΝΤΑΣ ΠΗΞΕΩΣ V ΑΝΤΙΓΟΝΟ ( ELISA);;;;;
8112;B311905.3;ΠΑΡΑΓΟΝΤΑΣ ΠΗΞΕΩΣ VII ΑΝΤΙΓΟΝΟ ( ELISA);;;;;
8113;B311905.4;ΠΑΡΑΓΟΝΤΑΣ ΠΗΞΕΩΣ VIΙΙ ΑΝΤΙΓΟΝΟ ( ELISA);;;;;
8114;B311905.5;TFPI;;;;;
8115;B311905.6;TAFI;;;;;
8116;B311905.7;ΠΑΡΑΓΟΝΤΑΣ ΠΗΞΕΩΣ  VW ΗΛΕΚΤΡΟΦΟΡΗΣΗ ;;;;;
8117;B311905.8;ΠΑΡΑΓΟΝΤΑΣ ΠΗΞΕΩΣ ΙΧ ΑΝΤΙΓΟΝΟ ( ELISA);;;;;
8118;B311905.9;ΠΑΡΑΓΟΝΤΑΣ ΠΗΞΕΩΣ Χ ΑΝΤΙΓΟΝΟ ( ELISA);;;;;
8119;B311905.10;ΠΑΡΑΓΟΝΤΑΣ ΠΗΞΕΩΣ ΧΙ ΑΝΤΙΓΟΝΟ ( ELISA);;;;;
8120;B311905.11;ΠΑΡΑΓΟΝΤΑΣ ΠΗΞΕΩΣ ΧΙΙ ΑΝΤΙΓΟΝΟ ( ELISA);;;;;
8121;B311905.12;ΠΑΡΑΓΟΝΤΑΣ ΠΗΞΕΩΣ ΧΙΙΙ ΑΝΤΙΓΟΝΟ ( ELISA);;;;;
8122;B311905.13;ΠΑΡΑΓΟΝΤΑΣ ΠΗΞΕΩΣ ΧΙΙΙ ΑΝΤΙΓΟΝΟ ( ΧΡΩΜΟΓΟΝΟΣ);;;;;
8123;B311905.14;ΗΛΕΚΤΡΟΦΟΡΗΣΗ HB;;;;;
8124;B311905.15;ΜΟΡΙΑΚΗ ΑΝΑΛΥΣΗ ΑΙΜΟΣΦΑΙΡΙΝΟΠΑΘΕΙΩΝ;;;;;
8125;B311905.16;G-6-PD( ΑΦΥΔΡΟΓΟΝΑΣΗ 6 ΦΩΣΦΟΡΙΚΗ ΓΛΥΚΟΖΗ);;;;;
8126;B311905.17;ΦΕΡΡΙΤΙΝΗ;;;;;
8127;B311905.18;Β12;;;;;
8128;B311905.19;ΦΥΛΛΙΚΟ ΟΡΟΥ;;;;;
8129;B311905.20;ΦΥΛΛΙΚΟ ΕΡΥΘΡΩΝ;;;;;
8130;B311905.21;ΣΙΔΗΡΟΣ( FE);;;;;
8131;B311905.22;TIBC;;;;;
8132;B311905.23;ΤΡΑΝΣΦΕΡΡΙΝΗ;;;;;
8133;B311905.24;ΑΠΤΟΣΦΑΙΡΙΝΕΣ;;;;;
8134;Β311905.25;ΕΠΣΙΔΙΝΗ;;;;;
8135;Β311905.26;STFR;;;;;
8136;Β311905.27;ΕΡΥΘΡΟΠΟΙΗΤΙΝΗ;;;;;
8137;Β311905.28;ΜΥΕΛΟΥΠΕΡΟΞΕΙΔΑΣΗ ΛΕΥΚΩΝ ( ΧΡΩΣΗ);;;;;
8138;Β311905.29;ΟΞΙΝΗ ΦΩΣΦΑΤΑΣΗ ΑΝΘΕΚΤΙΚΗ ΣΤΟ ΤΡΥΓΙΚΟ  ( ΧΡΩΣΗ);;;;;
8139;Β311905.30;ΜΗ ΕΙΔΙΚΗ ΕΣΤΕΡΑΣΗ( ΧΡΩΣΗ);;;;;
8140;Β311905.31;ΧΛΩΡΟΟΞΕΙΚΗ ΕΣΤΕΡΑΣΗ( ΧΡΩΣΗ);;;;;
8141;Β311905.32;PAS( ΧΡΩΣΗ);;;;;
8142;Β311905.33;TAT(ELISA);;;;;
8143;Β311905.34;PAP(ELISA);;;;;
8144;Β311905.35;ΜΟΡΙΑΚΟΣ ΕΛΕΓΧΟΣ F V LEIDEN ;;;;;
8145;Β311905.36;ΜΟΡΙΑΚΟΣ ΕΛΕΓΧΟΣ F II 20210;;;;;
8146;Β311905.37;ΜΟΡΙΑΚΟΣ ΕΛΕΓΧΟΣ MTHFR ;;;;;
8147;Β311905.38;ΜΟΡΙΑΚΟΣ ΕΛΕΓΧΟΣ PAI 4G/5G;;;;;
8148;Β311905.39;HIT (ELISA);;;;;
8149;Β311905.40;ACA ( IGG,IGM,IGA) (ELISA);;;;;
8150;Β311905.41;Β2GPI ( IGG,IGM,IGA) (ELISA);;;;;
8151;Β311905.42;ANTI-PROTHROMBIN (ELISA);;;;;
8152;Β311905.43;2,3-DPG (2,3-ΔΙΦΩΣΦΟΓΛΥΚΕΡΙΝΙΚΟ ΟΞΥ) ;;;;;
8153;Β311905.44;T-PA;;;;;
8154;Β311905.45;Β-ΘΡΟΜΒΟΣΦΑΙΡΙΝΗ;;;;;
8155;Β311905.46;ΘΡΟΜΒΟΠΟΙΗΤΙΝΗ;;;;;
8156;Β311905.47;ΛΕΙΤΟΥΡΓΙΚΟΤΗΤΑ ΑΙΜΟΠΕΤΑΛΙΩΝ (PFA-100)( ΚΟΛΛΑΓΌΝΟ,ΕΠΙΝΕΦΡΊΝΗ,P2Y12);;;;;
8157;Β311905.48;ΛΕΙΤΟΥΡΓΙΚΟΣ ΕΛΕΓΧΟΣ  ΑΙΜΟΠΕΤΑΛΙΩΝ (MULTIPLATE ) ( 3 ΠΑΡΑΓΟΝΤΕΣ);;;;;
8158;Β311905.49;ΠΟΣΟΤΙΚΟΠΟΙΗΣΗ  ΓΟΝΙΔΙΟΥ ;;;;;
8159;Β311905.50;SICAM-1 (INTERCELLULAR ADHESION MOLECULE);;;;;
8160;Β311905.51;SVCAM-1 (VASCULAR CELLADHESION MOLECULE);;;;;
8161;Β311905.52;MCP-1 (MONOCYTE CHEMOATTRACTANT PROTEIN--1);;;;;
8162;Β311905.53;SE-SELECTIN;;;;;
8163;Β311905.54;SL-SELECTIN;;;;;
8164;Β311905.55;SP-SELECTIN;;;;;
8165;Β311905.56;IFN-Α ( ΙΝΤΕΡΦΕΡΟΝΗ);;;;;
8166;Β311905.57;IFN-Γ( ΙΝΤΕΡΦΕΡΟΝΗ);;;;;
8167;Β311905.58;IL-1Α (ΙΝΤΕΡΛΕΥΚΙΝΗ);;;;;
8168;Β311905.59;IL-1Β(ΙΝΤΕΡΛΕΥΚΙΝΗ);;;;;
8169;Β311905.60;IL-6(ΙΝΤΕΡΛΕΥΚΙΝΗ);;;;;
8170;Β311905.61;IL-8(ΙΝΤΕΡΛΕΥΚΙΝΗ);;;;;
8171;Β311905.62;IL-10(ΙΝΤΕΡΛΕΥΚΙΝΗ);;;;;
8172;Β311905.63;MMP-9 ( ΜΕΤΑΛΛΟΠΡΩΤΕΪΝΑΣΗ );;;;;
8173;Β311905.64;MMP-10 ( ΜΕΤΑΛΛΟΠΡΩΤΕΪΝΑΣΗ );;;;;
8174;Β311905.65;TGF-Β1 ( TRANSFORMING GROWTH FACTOR);;;;;
8175;Β311905.66;TNF-Α (TUMOR NECROSIS FACTOR);;;;;
8176;Β311905.67;EPCR;;;;;
8177;Β311905.68;CD40-CD40L;;;;;
8178;Β311905.69;ΑΝΟΣΟΦΑΙΝΟΤΥΠΟΣ ΠΕΡΙΦΕΡΙΚΟΥ ΑΙΜΑΤΟΣ ΜΕ ΚΥΤΤΑΡΟΜΕΤΡΙΑ ΡΟΗΣ (ΑΝΑ ΕΠΙΦΑΝΕΙΑΚΟ ΔΕΙΚΤΗ);;;;;
8179;Β311905.70;ΑΝΟΣΟΦΑΙΝΟΤΥΠΟΣ ΠΕΡΙΦΕΡΙΚΟΥ ΑΙΜΑΤΟΣ ΜΕ ΚΥΤΤΑΡΟΜΕΤΡΙΑ ΡΟΗΣ (ΑΝΑ ΕΝΔΟΚΥΤΤΑΡΙΟ ΔΕΙΚΤΗ);;;;;
8180;Β311905.71; ΑΝΟΣΟΦΑΙΝΟΤΥΠΟΣ ΜΥΕΛΟΥ (ΑΝΑ ΕΠΙΦΑΝΕΙΑΚΟ ΔΕΙΚΤΗ);;;;;
8181;Β311905.72; ΑΝΟΣΟΦΑΙΝΟΤΥΠΟΣ ΜΥΕΛΟΥ (ΑΝΑ ΕΝΔΟΚΥΤΤΑΡΙΟ ΔΕΙΚΤΗ);;;;;
8182;Β311905.73; ΑΝΟΣΟΦΑΙΝΟΤΥΠΟΣ ΔΙΑΦΟΡΩΝ ΥΛΙΚΩΝ (ΑΝΑ ΕΠΙΦΑΝΕΙΑΚΟ ΔΕΙΚΤΗ);;;;;
8183;Β311905.74;ΑΝΟΣΟΦΑΙΝΟΤΥΠΟΣ ΔΙΑΦΟΡΩΝ ΥΛΙΚΩΝ (ΑΝΑ ΕΝΔΟΚΥΤΤΑΡΙΟ ΔΕΙΚΤΗ);;;;;
8184;Β311905.75;DNA ΑΝΑΛΥΣΗ ΜΕ ΚΥΤΤΑΡΟΜΕΤΡΙΑ ΡΟΗΣ;;;;;
8185;Β311905.76; ΈΛΕΓΧΟΣ ΑΠΟΠΤΩΣΗΣ ΜΕ ΚΥΤΤΑΡΟΜΕΤΡΙΑ ΡΟΗΣ (ΑΝΑ ΠΡΟΣΔΙΟΡΙΣΜΟ);;;;;
8186;Β311905.77;ΜΕΤΡΗΣΗ ΑΡΧΕΓΟΝΩΝ ΑΙΜΟΠΟΙΗΤΙΚΩΝ ΚΥΤΤΑΡΩΝ CD34 ΣΕ ΠΕΡΙΦΕΡΙΚΟ ΑΙΜΑ ΜΕ ΚΥΤΤΑΡΟΜΕΤΡΙΑ ΡΟΗΣ;;;;;
8187;Β311905.78;ΜΕΤΡΗΣΗ ΑΡΧΕΓΟΝΩΝ ΑΙΜΟΠΟΙΗΤΙΚΩΝ ΚΥΤΤΑΡΩΝ CD34 ΣΕ ΠΡΟΪΟΝ ΛΕΥΚΑΦΑΙΡΕΣΗΣ ΜΕ ΚΥΤΤΑΡΟΜΕΤΡΙΑ ΡΟΗΣ;;;;;
8188;Β311905.79;ΜΕΤΡΗΣΗ ΑΠΟΛΥΤΩΝ ΤΙΜΩΝ ΜΕ ΚΥΤΤΑΡΟΜΕΤΡΙΑ ΡΟΗΣ (ΑΝΑ ΠΡΟΣΔΙΟΡΙΣΜΟ);;;;;
8189;Β311905.80;ΜΕΤΡΗΣΗ ΔΙΑΦΟΡΩΝ ΥΛΙΚΩΝ ΜΕ ΧΡΗΣΗ ΜΙΚΡΟΣΦΑΙΡΙΔΙΩΝ ΜΕ ΚΥΤΤΑΡΟΜΕΤΡΙΚΗ ΜΕΘΟΔΟ (ΑΝΑ ΠΡΟΣΔΙΟΡΙΣΜΟ)  ;;;;;
8190;Β311905.81;ΘΡΟΜΒΟΕΛΑΣΤΟΓΡΑΦΙΑ ΟΛΙΚΟΥ ΑΙΜΑΤΟΣ ΓΙΑ ΤΗΝ ΕΚΤΙΜΗΣΗ ΤΗΣ ΕΞΩΓΕΝΟΥΣ ΟΔΟΥ ΤΗΣ ΠΗΞΗΣ;;;;;
8191;Β311905.82;ΘΡΟΜΒΟΕΛΑΣΤΟΓΡΑΦΙΑ ΟΛΙΚΟΥ ΑΙΜΑΤΟΣ ΓΙΑ ΤΗΝ ΕΚΤΙΜΗΣΗ ΤΗΣ ΕΝΔΟΓΕΝΟΥΣ ΟΔΟΥ ΤΗΣ ΠΗΞΗΣ;;;;;
8192;Β311905.83;ΘΡΟΜΒΟΕΛΑΣΤΟΓΡΑΦΙΑ ΟΛΙΚΟΥ ΑΙΜΑΤΟΣ ΓΙΑ ΤΗΝ ΕΚΤΙΜΗΣΗ ΤΗΣ ΙΝΩΔΟΛΥΣΗΣ;;;;;
8193;Β311905.84;ΘΡΟΜΒΟΕΛΑΣΤΟΓΡΑΦΙΑ ΟΛΙΚΟΥ ΑΙΜΑΤΟΣ ΓΙΑ ΤΗΝ ΕΚΤΙΜΗΣΗ ΤΗΣ ΙΝΩΔΟΛΥΣΗΣ;;;;;
8194;Β311905.85;ΘΡΟΜΒΟΕΛΑΣΤΟΓΡΑΦΙΑ ΟΛΙΚΟΥ ΑΙΜΑΤΟΣ ΓΙΑ ΤΗΝ ΕΚΤΙΜΗΣΗ ΕΞΟΥΔΕΤΕΡΩΣΗΣ ΤΗΣ ΗΠΑΡΙΝΗΣ;;;;;
8195;Β311905.86;ΑΝΙΧΝΕΥΣΗ ΑΝΤΙΗΠΑΡΙΝΙΚΩΝ ΑΝΤΙΣΩΜΑΤΩΝ (ΕΝΑΝΤΙ PF4/H), ΠΟΙΟΤΙΚΗ ΜΕΘΟΔΟΣ;;;;;
8196;Β311905.87;ΠΡΟΣΔΙΟΡΙΣΜΟΣ ΑΝΤΙΗΠΑΡΙΝΙΚΩΝ ΑΝΤΙΣΩΜΑΤΩΝ (ΕΝΑΝΤΙ PF4/H), ΑΝΟΣΟΛΟΓΙΚΗ ΜΕΘΟΔΟΣ (ELISA);;;;;
8197;Β311905.88;ΠΡΟΣΔΙΟΡΙΣΜΟΣ ΑΝΤΙΗΠΑΡΙΝΙΚΩΝ ΑΝΤΙΣΩΜΑΤΩΝ (ΕΝΑΝΤΙ PF4/H), ΛΕΙΤΟΥΡΓΙΚΗ  ΜΕΘΟΔΟΣ;;;;;
8198;Β311905.89;ΕΚΤΙΜΗΣΗ ΛΕΙΤΟΥΡΓΙΚΟΤΗΤΑΣ ΑΙΜΟΠΕΤΑΛΙΩΝ ΜΕ ΤΟΝ ΑΝΑΛΥΤΗ PFA-100;;;;;
8199;Β311905.90;ΕΚΤΙΜΗΣΗ ΛΕΙΤΟΥΡΓΙΚΟΤΗΤΑΣ ΑΙΜΟΠΕΤΑΛΙΩΝ ΜΕ ΤΟΝ ΑΝΑΛΥΤΗ MULTIPLATE ΜΕ ΔΙΑΦΟΡΟΥΣ ΔΙΕΓΕΡΤΕΣ;;;;;
8200;Β311905.91;ΕΚΤΙΜΗΣΗ ΑΠΑΝΤΗΣΗ  ΣΤΗΝ ΑΣΠΙΡΙΝΗ ΜΕ ΤΟΝ ΑΝΑΛΥΤΗ PFA-100;;;;;
8201;Β311905.92;ΕΚΤΙΜΗΣΗ ΑΠΑΝΤΗΣΗ  ΣΤΗΝ ΑΣΠΙΡΙΝΗ ΜΕ ΤΟΝ ΑΝΑΛΥΤΗ ΜULTIPLATE;;;;;
8202;Β311905.93;ΑΝΤΙΣΩΜΑΤΑ ΕΝΑΝΤΙ TΗΣ ΠΡΟΘΡΟΜΒΙΝΗΣ ΙGG και IGM ;;;;;
8203;Β311905.94;ANIXNEYΣΗ ΜΕΤΑΛΛΑΞΗΣ FVLEIDEN (ΜΟΡΙΑΚΗ ΜΕΘΟΔΟΣ, PCR);;;;;
8204;Β311905.95;ΑΝΙΧΝΕΥΣΗΣ ΜΕΤΑΛΛΑΞΗΣ FIIG20210A (ΜΟΡΙΑΚΗ ΜΕΘΟΔΟΣ, PCR);;;;;
8205;Β311905.96;ΑΝΙΧΝΕΥΣΗ ΜΕΤΑΛΛΑΞΗΣ MTHFR 677(ΜΟΡΙΑΚΗ ΜΕΘΟΔΟΣ, PCR);;;;;
8206;Β311905.97;ΑΝΙΧΝΕΥΣΗ ΤΡΙΩΝ ΜΕΤΑΛΛΑΞΕΩΝ ΘΡΟΜΒΟΦΙΛΙΑΣ (FVLEIDEN, FIIG20210A, MTHFR 677);;;;;
8207;Β311905.98;ΑΝΙΧΝΕΥΣΗ ΑΛΛΩΝ ΜΕΤΑΛΛΑΞΕΩΝ ΘΡΟΜΒΟΦΙΛΙΑΣ;;;;;
8208;Β311905.99;ΠΡΟΣΔΙΟΡΙΣΜΟΣ ΑΝΤΙΓΟΝΟΥ ΠΑΡΑΓΟΝΤΑ ΙΧ (FΙΧ);;;;;
8209;Β311905.100;ΠΡΟΣΔΙΟΡΙΣΜΟΣ ΑΝΤΙΓΟΝΟΥ ΠΑΡΑΓΟΝΤΑ Χ (FΧ);;;;;
8210;Β311905.101;ΔΟΚΙΜΑΣΙΑ ΑΡΑΙΩΣΕΩΝ ΓΙΑ ΕΛΕΓΧΟ ΕΠΙΚΤΗΤΩΝ ΑΝΑΣΤΟΛΕΩΝ ΤΗΣ ΠΗΞΗΣ ;;;;;
8211;Β311905.102;ΠΡΟΣΔΙΟΡΙΣΜΟΣ ΕΝΡΓΟΠΟΙΗΤΗ ΑΝΑΣΤΑΛΤΗ ΤΟΥ ΠΛΑΣΜΙΝΟΓΟΝΟΥ ΤΥΠΟΥ 1 (PAI-1);;;;;
8212;Β311905.103;ΠΡΟΣΔΙΟΡΙΣΜΟΣ ΕΠΙΠΕΔΩΝ ADAMTS13;;;;;
8213;Β311905.104;ΤΑΥΤΟΠΟΙΗΣΗ ΑΝΤΙΑΙΜΟΠΕΤΑΛΙΑΚΩΝ ΑΝΤΙΣΩΜΑΤΩΝ ME ΜΕΘΟΔΟ ΣΤΕΡΕΑΣ ΦΑΣΗΣ;;;;;
8214;Β311905.105;ΑΛΚΑΛΙΚΗ ΦΩΣΦΑΤΑΣΗ ΟΥΔΕΤΕΡΟΦΙΛΩΝ (ΝΑΡ, ΚΥΤΤΑΡΟΧΗΜΙΚΗ ΧΡΩΣΗ);;;;;
8215;Β311905.106;ΚΥΤΤΑΡΟΧΗΜΙΚΗ ΧΡΩΣΗ ΜΥΕΛΟΫΠΕΡΟΞΕΙΔΑΣΗΣ;;;;;
8216;Β311905.107;ΚΥΤΤΑΡΟΧΗΜΙΚΗ ΧΡΩΣΗ SUDAN BLACK B ;;;;;
8217;Β311905.108;ΚΥΤΤΑΡΟΧΗΜΙΚΗ ΧΡΩΣΗ PAS (RERIODIC ACID SCHIFF);;;;;
8218;Β311905.109; ΚΥΤΤΑΡΟΧΗΜΙΚΗ ΧΡΩΣΗ ΕΙΔΙΚΗΣ ΕΣΤΕΡΑΣΗΣ (ΥΠΟΣΤΡΩΜΑ ΧΛΩΡΟΞΙΚΟΣ ΕΣΤΕΡΑΣ ΑS-D ΝΑΦΘΟΛΗΣ);;;;;
8219;Β311905.110;ΚΥΤΤΑΡΟΧΗΜΙΚΗ ΧΡΩΣΗ  ΜΗ ΕΙΔΙΚΗΣ ΕΣΤΕΡΑΣΗΣ (ΥΠΟΣΤΡΩΜΑ ΟΞΙΚΟΣ ΕΣΤΕΡΑΣ α-ΝΑΦΘΟΛΗΣ-NASD );;;;;
8220;Β311905.111; ΚΥΤΤΑΡΟΧΗΜΙΚΗ ΧΡΩΣΗ ΜΗ ΕΙΔΙΚΗΣ ΕΣΤΕΡΑΣΗΣ (ΥΠΟΣΤΡΩΜΑ ΟΞΙΚΟΣ ΕΣΤΕΡΑΣ α-ΝΑΦΘΟΛΗΣ KAI ΑΝΑΣΤΟΛΗ);;;;;
8221;Β311905.112;ΚΥΤΤΑΡΟΧΗΜΙΚΗ ΧΡΩΣΗ ΜΗ ΕΙΔΙΚΗΣ ΕΣΤΕΡΑΣΗΣΜΕ ΦΘΟΡΙΟΥΧΟ ΝΑΤΡΙΟ (NASDA+NAF);;;;;
8222;Β311905.113;ΚΥΤΤΑΡΟΧΗΜΙΚΗ ΧΡΩΣΗ ΟΞΙΝΗΣ ΦΩΣΦΑΤΑΣΗΣ ΚΑΙ ΑΝΑΣΤΟΛΗ ΜΕ ΤΡΥΓΙΚΟ (TRAP);;;;;
8223;Β311905.114;ΚΥΤΤΑΡΟΧΗΜΙΚΗ ΧΡΩΣΗ ΣΙΔΗΡΟΚΥΑΝΙΟΥΧΟΥ ΚΑΛΙΟΥ;;;;;
8224;Β311905.115;ΔΟΚΙΜΑΣΙΑ ΛΥΣΕΩΣ ΕΡΥΘΡΟΚΥΤΤΑΡΩΝ ΣΕ ΟΞΙΝΙΣΘΕΝΤΑ ΟΡΟ (HAM TEST);;;;;
8225;Β311905.116;ΔΟΚΙΜΑΣΙΑ ΣΟΥΚΡΟΖΗΣ (SUCROSE LYSIS TEST);;;;;
8226;Β311905.117;ΑΝΕΠΑΡΚΕΙΑ ΓΛΥΚΟΖΟ-6-ΦΩΣΦΟΡΙΚΗΣ ΔΕΫΔΡΟΓΕΝΑΣΗΣ (G-6-PD);;;;;
8227;Β311905.118;ΑΝΕΠΑΡΚΕΙΑ ΦΩΣΦΟΓΛΥΚΟΝΙΚΗΣ ΔΕΫΔΡΟΓΕΝΑΣΗΣ;;;;;
8228;Β311905.119;ΑΝΕΠΑΡΚΕΙΑ ΔΙΣΦΩΣΦΟΡΟΓΛΥΚΕΡΟΜΟΥΤΑΣΗΣ;;;;;
8229;Β311905.120;ΑΝΕΠΑΡΚΕΙΑ ΦΩΣΦΟΓΛΥΚΟΚΙΝΑΣΗΣ (ΕΞΟΚΙΝΑΣΗΣ);;;;;
8230;Β311905.121;ΑΝΕΠΑΡΚΕΙΑ ΓΛΥΚΟΖΟΪΣΟΜΕΡΑΣΗΣ;;;;;
8231;Β311905.122;ΑΝΕΠΑΡΚΕΙΑ ΤΡΙΟΖΟΦΩΣΦΟΡΙΚΗΣ ΙΣΟΜΕΡΑΣΗΣ;;;;;
8232;Β311905.123;ΑΝΕΠΑΡΚΕΙΑ ΦΩΣΦΟΡΟΓΛΥΚΕΡΙΝΙΚΗΣ ΚΙΝΑΣΗΣ;;;;;
8233;Β311905.124;ΑΝΕΠΑΡΚΕΙΑ ΠΥΡΟΣΤΑΦΥΛΙΚΗΣ  ΚΙΝΑΣΗΣ;;;;;
8234;Β311905.125;ΑΝΕΠΑΡΚΕΙΑ ΑΝΑΓΩΓΑΣΗΣ ΤΟΥ ΓΛΟΥΤΑΘΕΙΟΥ (NADP);;;;;
8235;Β311905.126;ΒΙΟΣΥΝΘΕΣΗ ΑΙΜΟΣΦΑΙΡΙΝΗΣ (α- και β- ΑΛΥΣΕΙΣ);;;;;
8236;Β311905.127;ΚΑΜΠΥΛΗ ΚΟΡΕΣΜΟΥ Ο2-ΑΙΜΟΣΦΑΙΡΙΝΗΣ ;;;;;
8237;Β311905.128;ΜΕΛΕΤΗ ΠΡΩΤΕΪΝΩΝ ΜΕΜΒΡΑΝΗΣ ΕΡΥΘΡΟΚΥΤΤΑΡΟΥ;;;;;
8238;Β311905.129;ΑΠΟΜΟΝΩΣΗ KAI ΜΕΤΡΗΣΗ ΚΥΤΤΑΡΩΝ ΑΠΟ ΠΕΡΙΦΕΡΙΚΟ ΑΙΜΑ Ή ΜΥΕΛΟ ΤΩΝ ΟΣΤΩΝ,  ΚΑΙ ΔΙΑΤΗΡΗΣΗ ΣΕ ΕΙΔΙΚΟ ΜΕΣΟ ;;;;;
8239;Β311905.130;ΜΟΡΙΑΚΗ ΑΝΙΧΝΕΥΣΗ  ΧΙΜΑΙΡΙΣΜΟΥ ΣΕ ΟΛΙΚΟ ΔΕΙΓΜΑ ( ΑΙΜΑ Ή ΜΥΕΛΟΣ ) ΤΟΥ ΛΗΠΤΗ ΜΕΤΑ ΤΗ ΜΕΤΑΜΟΣΧΕΥΣΗ;;;;;
8240;Β311905.131;ΜΟΡΙΑΚΗ ΑΝΙΧΝΕΥΣΗ  ΧΙΜΑΙΡΙΣΜΟΥ ΣΕ  ΟΛΙΚΟ  ΔΕΙΓΜΑ (ΑΙΜΑ Ή ΜΥΕΛΟΣ ) ΤΟΥ ΔΟΤΗ;;;;;
8241;Β311905.132;ΜΟΡΙΑΚΗ ΑΝΙΧΝΕΥΣΗ  ΧΙΜΑΙΡΙΣΜΟΥ ΣΕ ΟΛΙΚΟ ΔΕΙΓΜΑ ( ΑΙΜΑ Ή ΜΥΕΛΟΣ ) ΤΟΥ ΛΗΠΤΗ ΠΡΟ ΜΕΤΑΜΟΣΧΕΥΣΗΣ;;;;;
8242;Β311905.133;ΜΟΡΙΑΚΗ ΑΝΙΧΝΕΥΣΗ  ΧΙΜΑΙΡΙΣΜΟΥ ΜΕΤΑ ΑΠΟ ΔΙΑΧΩΡΙΣΜΟ ΚΥΤΤΑΡΩΝ ΣΤΟ ΔΕΙΓΜΑ ΤΟΥ ΛΗΠΤΗ ΜΕΤΑ ΤΗ ΜΕΤΑΜΟΣΧΕΥΣΗ;;;;;
8243;Β311905.134;ΑΝΑΛΥΣΗ ΑΛΛΗΛΟΥΧΙΑΣ DNA (ΜΙΑ ΑΛΛΗΛΟΥΧΙΑ);;;;;
8244;Β311905.135;ΦΥΛΑΞΗ ΔΕΙΓΜΑΤΟΣ DNA (DNA BANKING);;;;;
8245;Β311905.136;ΦΥΛΑΞΗ ΔΕΙΓΜΑΤΟΣ RNA;;;;;
8246;Β311905.137;ΜΟΡΙΑΚΗ (ΓΟΝΙΔΙΑΚΗ) ΜΕΛΕΤΗ α-ΓΟΝΙΔΙΟΥ ΑΙΜΟΣΦΑΙΡΙΝΗΣ ;;;;;
8247;Β311905.138;ΜΟΡΙΑΚΗ (ΓΟΝΙΔΙΑΚΗ) ΜΕΛΕΤΗ β-ΓΟΝΙΔΙΟΥ, δ-ΓΟΝΙΔΙΟΥ, γ-ΓΟΝΙΔΙΟΥ ΑΙΜΟΣΦΑΙΡΙΝΗΣ;;;;;
8248;Β311905.139;"ΑΝΤΙΔΡΑΣΗ ΑΛΥΣΙΔΩΤΗΣ ΠΟΛΥΜΕΡΑΣΗΣ ( RT-PCR) ΓΙΑ ΤΗΝ ΑΝΙΧΝΕΥΣΗ ΤΗΣ ΜΕΤΑΘΕΣΗΣ t(15;17), PML-RARA";;;;;
8249;Β311905.140;"ΑΝΤΙΔΡΑΣΗ ΑΛΥΣΙΔΩΤΗΣ ΠΟΛΥΜΕΡΑΣΗΣ ( RT-PCR) ΓΙΑ ΤΗΝ ΑΝΙΧΝΕΥΣΗ ΤΗΣ ΜΕΤΑΘΕΣΗΣ/ΑΝΑΣΤΡΟΦΗΣ  (16;16) , MYH11-CBFB";;;;;
8250;Β311905.141;"ΑΝΤΙΔΡΑΣΗ ΑΛΥΣΙΔΩΤΗΣ ΠΟΛΥΜΕΡΑΣΗΣ ( RT-PCR) ΓΙΑ ΤΗΝ ΑΝΙΧΝΕΥΣΗ ΤΗΣ ΜΕΤΑΘΕΣΗΣ  t(8;21) , ETO-AML1";;;;;
8251;Β311905.142;"ΑΝΤΙΔΡΑΣΗ ΑΛΥΣΙΔΩΤΗΣ ΠΟΛΥΜΕΡΑΣΗΣ ( RT-PCR) ΓΙΑ ΤΗΝ ΑΝΙΧΝΕΥΣΗ ΤΗΣ ΜΕΤΑΘΕΣΗΣ t(5;12),  PDGRFB-ETV6";;;;;
8252;Β311905.143;"ΑΝΤΙΔΡΑΣΗ ΑΛΥΣΙΔΩΤΗΣ ΠΟΛΥΜΕΡΑΣΗΣ ( RT-PCR) ΓΙΑ ΤΗΝ ΑΝΙΧΝΕΥΣΗ ΤΗΣ ΜΕΤΑΘΕΣΗΣ  t(14;18), IgH-bcl2";;;;;
8253;Β311905.144;"ΑΝΤΙΔΡΑΣΗ ΑΛΥΣΙΔΩΤΗΣ ΠΟΛΥΜΕΡΑΣΗΣ ( RT-PCR) ΓΙΑ ΤΗΝ ΑΝΙΧΝΕΥΣΗ ΤΗΣ ΜΕΤΑΘΕΣΗΣ  t(11;14), bcl1-IgH";;;;;
8254;Β311905.145;"ΑΝΤΙΔΡΑΣΗ ΑΛΥΣΙΔΩΤΗΣ ΠΟΛΥΜΕΡΑΣΗΣ ( RT-PCR) ΓΙΑ ΤΗΝ ΑΝΙΧΝΕΥΣΗ ΤΗΣ ΜΕΤΑΘΕΣΗΣ   t(2;5),  NPM-ALK";;;;;
8255;Β311905.146;"ΑΝΤΙΔΡΑΣΗ ΑΛΥΣΙΔΩΤΗΣ ΠΟΛΥΜΕΡΑΣΗΣ ( RT-PCR) ΓΙΑ ΤΗΝ ΑΝΙΧΝΕΥΣΗ ΤΗΣ ΜΕΤΑΘΕΣΗΣ  t(4;11), MLL-AF4";;;;;
8256;Β311905.147;ΑΝΤΙΔΡΑΣΗ ΑΛΥΣΙΔΩΤΗΣ ΠΟΛΥΜΕΡΑΣΗΣ (PCR) ΓΙΑ ΤΗΝ ΑΝΙΧΝΕΥΣΗ ΤΗΣ  ΜΕΤΑΛΛΑΞΗΣ JAK2 V617F;;;;;
8257;Β311905.148;ΑΝΤΙΔΡΑΣΗ ΑΛΥΣΙΔΩΤΗΣ ΠΟΛΥΜΕΡΑΣΗΣ (PCR) ΓΙΑ ΤΗΝ ΑΝΙΧΝΕΥΣΗ ΤΗΣ ΜΕΤΑΛΛΑΞΗΣΤΟΥ ΓΟΝΙΔΙΟΥ  kit  ΣΤΟ ΚΩΔΙΚΟΝΙΟ 816;;;;;
8258;Β311905.149;ΑΝΤΙΔΡΑΣΗ ΑΛΥΣΙΔΩΤΗΣ ΠΟΛΥΜΕΡΑΣΗΣ (PCR) ΓΙΑ ΤΗΝ ΑΝΙΧΝΕΥΣΗ ΤΗΣ ΜΕΤΑΛΛΑΞΗΣ T315I ΣΤΟ ΥΒΡΙΔΙΚΟ ΓΟΝΙΔΙΟ bcr-abl.;;;;;
8259;Β311905.150;ΑΝΤΙΔΡΑΣΗ ΑΛΥΣΙΔΩΤΗΣ ΠΟΛΥΜΕΡΑΣΗΣ (PCR) ΚΑΙ ΤΡΙΧΟΕΙΙΔΙΚΗ ΗΛΕΚΤΡΟΦΟΡΗΣΗ ΓΙΑ ΤΗΝ ΑΝΙΧΝΕΥΣΗ ΜΕΤΑΛΛΑΞΗΣ ΤΟΥ ΓΟΝΙΔΙΟΥ NPM1;;;;;
8260;Β311905.151;ΑΝΤΙΔΡΑΣΗ ΑΛΥΣΙΔΩΤΗΣ ΠΟΛΥΜΕΡΑΣΗΣ (PCR)  ΓΙΑ ΤΗΝ ΑΝΙΧΝΕΥΣΗ ΜΟΝΟΚΛΩΝΙΚΟΤΗΤΑΣ Β ΛΕΜΦΟΚΥΤΤΑΡΩΝ (VH-ΚΛΩΝΙΚΟΤΗΤΑ);;;;;
8261;Β311905.152;ΑΝΤΙΔΡΑΣΗ ΑΛΥΣΙΔΩΤΗΣ ΠΟΛΥΜΕΡΑΣΗΣ (PCR)  ΓΙΑ ΤΗΝ ΑΝΙΧΝΕΥΣΗ ΜΟΝΟΚΛΩΝΙΚΟΤΗΤΑΣ Τ ΛΕΜΦΟΚΥΤΤΑΡΩΝ (TCRβ-ΚΛΩΝΙΚΟΤΗΤΑ);;;;;
8262;Β311905.153;ΑΝΤΙΔΡΑΣΗ ΑΛΥΣΙΔΩΤΗΣ ΠΟΛΥΜΕΡΑΣΗΣ (PCR)  ΓΙΑ ΤΗΝ ΑΝΙΧΝΕΥΣΗ ΜΟΝΟΚΛΩΝΙΚΟΤΗΤΑΣ Τ ΛΕΜΦΟΚΥΤΤΑΡΩΝ (TCRγ-ΚΛΩΝΙΚΟΤΗΤΑ);;;;;
8263;Β311905.154;ΑΝΙΧΝΕΥΣΗ ΑΛΛΗΛΟΥΧΙΑΣ ΒΑΣΕΩΝ ΤΗΣ ΜΟΝΟΚΛΩΝΙΚΗΣ VH, TCRβ, TCRγ, ΚΑΤΑΣΚΕΥΣΗ ΕΚΚΙΝΗΤΗ ΕΙΔΙΚΟΥ ΓΙΑ ΑΣΘΕΝΗ ΜΕ ΟΞΕΙΑ ΛΕΜΦΟΒΛΑΣΤΙΚΗ ΛΕΥΧΑΙΜΙΑ ΚΑΙ ΑΝΙΧΝΕΥΣΗ ΥΠΑΡΞΗΣ ΥΠΟΛΕΙΜΜΑΤΙΚΗΣ ΝΟΣΟΥ ΜΕ ΜΟΡΙΑΚΟ ΤΡΟΠΟ;;;;;
8264;Β311905.155;ΑΝΙΧΝΕΥΣΗ ΑΛΛΗΛΟΥΧΙΑΣ ΒΑΣΕΩΝ DNA ΤΗΣ ΒΑΡΙΑΣ ΑΛΥΣΙΔΑΣ ΤΗΣ ΑΝΟΣΟΣΦΑΙΡΙΝΗΣ ΚΑΙ ΠΡΟΣΔΙΟΡΙΣΜΟΣ ΠΟΣΟΣΤΟΥ ΥΠΕΡΜΕΤΑΛΛΑΞΕΩΝ  ΣΤΗ ΧΡΟΝΙΑ ΛΕΜΦΟΚΥΤΤΑΡΙΚΗ ΛΕΥΧΑΙΜΙΑ;;;;;
8265;Β311905.156;ΠΟΣΟΤΙΚΗ  RT-PCR ΓΙΑ ΤΗ ΜΕΤΡΗΣΗ ΤΩΝ ΜΕΤΑΓΡΑΦΩΝ bcr-abl;;;;;
8266;Β311905.157;ΠΟΣΟΤΙΚΗ  RT-PCR ΓΙΑ ΤΗ ΜΕΤΡΗΣΗ ΤΩΝ ΜΕΤΑΓΡΑΦΩΝ PML-RARA;;;;;
8267;Β311905.158;ΠΟΣΟΤΙΚΗ  RT-PCR ΓΙΑ ΤΗ ΜΕΤΡΗΣΗ ΤΩΝ ΜΕΤΑΓΡΑΦΩΝ AML-ETO;;;;;
8268;Β311905.159;ΜΟΡΙΑΚΗ ΔΙΑΓΝΩΣΗ ΝΟΣΟΥ GAUCHER;;;;;
8269;Β311905.160;ΜΟΡΙΑΚΗ ΔΙΑΓΝΩΣΗ ΑΙΜΟΧΡΩΜΑΤΩΣΗΣ;;;;;
8270;Β311905.161;ΦΘΟΡΙΖΩΝ ΥΒΡΙΔΙΣΜΟΣ IN SITU (FISH) , ΑΝΑ ΑΝΙΧΝΕΥΤΗ;;;;;
8271;Β311905.162;"ΦΘΟΡΙΖΩΝ ΥΒΡΙΔΙΣΜΟΣ IN SITU (FISH) ΓΙΑ ΑΝΙΧΝΕΥΣΗ ΤΗΣ ΧΡΩΜΟΣΩΜΙΚΗΣ ΜΕΤΑΘΕΣΗΣ  t(9;22), bcr-abl";;;;;
8272;Β311905.163;"ΦΘΟΡΙΖΩΝ ΥΒΡΙΔΙΣΜΟΣ IN SITU (FISH) ΓΙΑ ΑΝΙΧΝΕΥΣΗ ΤΗΣ ΧΡΩΜΟΣΩΜΙΚΗΣ ΜΕΤΑΘΕΣΗΣ t(15;17), PML-RARA";;;;;
8273;Β311905.164;"ΦΘΟΡΙΖΩΝ ΥΒΡΙΔΙΣΜΟΣ IN SITU (FISH)ΓΙΑ ΑΝΙΧΝΕΥΣΗ ΤΗΣ ΧΡΩΜΟΣΩΜΙΚΗΣ ΜΕΤΑΘΕΣΗΣ/ΑΝΑΣΤΡΟΦΗΣ (16;16), MYH11-CBFB";;;;;
8274;Β311905.165;"ΦΘΟΡΙΖΩΝ ΥΒΡΙΔΙΣΜΟΣ IN SITU (FISH) ΓΙΑ ΑΝΙΧΝΕΥΣΗ ΤΗΣ ΧΡΩΜΟΣΩΜΙΚΗΣ ΜΕΤΑΘΕΣΗΣ t(8;21), ETO-AML1";;;;;
8275;Β311905.166;"ΦΘΟΡΙΖΩΝ ΥΒΡΙΔΙΣΜΟΣ IN SITU (FISH) ΓΙΑ ΑΝΙΧΝΕΥΣΗ ΤΗΣ ΧΡΩΜΟΣΩΜΙΚΗΣ ΜΕΤΑΘΕΣΗΣ t(5;12), PDGRFB-ETV6";;;;;
8276;Β311905.167;"ΦΘΟΡΙΖΩΝ ΥΒΡΙΔΙΣΜΟΣ IN SITU (FISH) ΓΙΑ ΑΝΙΧΝΕΥΣΗ ΤΗΣ ΧΡΩΜΟΣΩΜΙΚΗΣ ΜΕΤΑΘΕΣΗΣ t(14;18), IgH-bcl2";;;;;
8277;Β311905.168;"ΦΘΟΡΙΖΩΝ ΥΒΡΙΔΙΣΜΟΣ IN SITU (FISH) ΓΙΑ ΑΝΙΧΝΕΥΣΗ ΤΗΣ ΧΡΩΜΟΣΩΜΙΚΗΣ ΜΕΤΑΘΕΣΗΣ t(11;14), bcl1-IgH";;;;;
8278;Β311905.169;"ΦΘΟΡΙΖΩΝ ΥΒΡΙΔΙΣΜΟΣ IN SITU (FISH) ΓΙΑ ΑΝΙΧΝΕΥΣΗ ΤΗΣ ΧΡΩΜΟΣΩΜΙΚΗΣ ΜΕΤΑΘΕΣΗΣ t(8;14), myc-IgH";;;;;
8279;Β311905.170;"ΦΘΟΡΙΖΩΝ ΥΒΡΙΔΙΣΜΟΣ IN SITU (FISH) ΓΙΑ ΑΝΙΧΝΕΥΣΗ ΤΗΣ ΧΡΩΜΟΣΩΜΙΚΗΣ ΜΕΤΑΘΕΣΗΣ t(4;11), MLL-AF4";;;;;
8280;Β311905.171;ΦΘΟΡΙΖΩΝ ΥΒΡΙΔΙΣΜΟΣ IN SITU (FISH) ΓΙΑ ΑΝΙΧΝΕΥΣΗ ΤΗΣ ΧΡΩΜΟΣΩΜΙΚΗΣ ΕΛΛΕΙΨΗΣ del17p;;;;;
8281;Β311905.172;ΦΘΟΡΙΖΩΝ ΥΒΡΙΔΙΣΜΟΣ IN SITU (FISH) ΓΙΑ ΑΝΙΧΝΕΥΣΗ ΤΗΣ ΧΡΩΜΟΣΩΜΙΚΗΣ ΕΛΛΕΙΨΗΣ del11q;;;;;
8282;Β311905.173;ΦΘΟΡΙΖΩΝ ΥΒΡΙΔΙΣΜΟΣ IN SITU (FISH) ΓΙΑ ΑΝΙΧΝΕΥΣΗ ΤΗΣ ΧΡΩΜΟΣΩΜΙΚΗΣ ΕΛΛΕΙΨΗΣ del5q;;;;;
8283;Β311905.174;ΦΘΟΡΙΖΩΝ ΥΒΡΙΔΙΣΜΟΣ IN SITU (FISH) ΓΙΑ ΑΝΙΧΝΕΥΣΗ ΤΗΣ ΧΡΩΜΟΣΩΜΙΚΗΣ ΕΛΛΕΙΨΗΣ del13q;;;;;
8284;Β311905.175;ΦΘΟΡΙΖΩΝ ΥΒΡΙΔΙΣΜΟΣ IN SITU (FISH) ΓΙΑ ΑΝΙΧΝΕΥΣΗ ΤΗΣ ΧΡΩΜΟΣΩΜΙΚΗΣ ΤΡΙΣΩΜΙΑΣ 12;;;;;
8285;Β311905.176;ΦΘΟΡΙΖΩΝ ΥΒΡΙΔΙΣΜΟΣ IN SITU (FISH) ΓΙΑ ΑΝΙΧΝΕΥΣΗ ΤΗΣ ΧΡΩΜΟΣΩΜΙΚΗΣ ΤΡΙΣΩΜΙΑΣ 21;;;;;
8286;Β311905.177;ΦΘΟΡΙΖΩΝ ΥΒΡΙΔΙΣΜΟΣ IN SITU (FISH) ΓΙΑ ΑΝΙΧΝΕΥΣΗ ΤΗΣ ΧΡΩΜΟΣΩΜΙΚΗΣ ΤΡΙΣΩΜΙΑΣ 8 ;;;;;
8287;Β311905.178;ΟΞΙΝΗ Β-ΓΛΥΚΟΣΙΔΑΣΗ (ΓΛΥΚΟΣΕΡΕΒΡΟΣΙΔΑΣΗ) ΛΕΥΚΟΚΥΤΤΑΡΩΝ Ή ΙΝΟΒΛΑΣΤΩΝ ΔΕΡΜΑΤΟΣ;;;;;
8288;Β311905.179;ΧΙΤΟΤΡΙΟΣΙΔΑΣΗ ΠΛΑΣΜΑΤΟΣ;;;;;
8289;Β311905.180;ΧΗΜΟΚΙΝΗ CCL-18 (PARC) ΠΛΑΣΜΑΤΟΣ;;;;;
8290;Β311905.181;ΟΞΙΝΗ ΣΦΙΓΓΟΜΥΕΛΙΝΑΣΗ;;;;;
8291;Β311905.182;FREE ΛΑΜΔΑ;;;;;
8292;Β311905.183;ΑΝΣΤΟΛΕΑΣ ΤΟΥ C1 ;;;;;
8293;Β311905.184;ΠΑΡΑΓΩΝ ΣΥΜΠΛΗΡΩΜΑΤΟΣ C1q;;;;;
8294;Β311905.185;ΠΑΡΑΓΩΝ ΣΥΜΠΛΗΡΩΜΑΤΟΣ C3;;;;;
8295;Β311905.186;ΠΑΡΑΓΩΝ ΣΥΜΠΛΗΡΩΜΑΤΟΣ C4;;;;;
8296;Β311905.187;ΠΑΡΑΓΩΝ ΣΥΜΠΛΗΡΩΜΑΤΟΣ C5;;;;;
8297;Β311905.188;ΠΑΡΑΓΩΝ ΣΥΜΠΛΗΡΩΜΑΤΟΣ B;;;;;
8298;Β311905.189;ΜΕΤΡΗΣΗ IgG, IgA, IgM, ΑΛΒΟΥΜΙΝΗΣ ΕΝΥ;;;;;
8299;Β311905.190;ΜΕΤΡΗΣΗ IgG, ΤΡΑΝΣΦΕΡΙΝΗΣ, β2-ΜΙΚΡΟΣΦΑΙΡΙΝΗΣ, α1-ΜΙΚΡΟΣΦΑΙΡΙΝΗΣ, ΚΑΠΠΑ ΚΑΙ ΛΑΜΔΑ ΕΛΑΦΡΩΝ ΑΛΥΣΙΔΩΝ ΟΥΡΩΝ 24ΩΡΟΥ;;;;;
8300;Β311905.191;ΗΛΕΚΤΡΟΦΟΡΗΣΗ ΑΙΜΟΣΦΑΙΡΙΝΗΣ ΣΕ ΤΑΙΝΙΑ ΑΓΑΡΟΖΗΣ;;;;;
8301;Β311905.192;ΗΛΕΚΤΡΟΦΟΡΗΣΗ ΑΙΜΟΣΦΑΙΡΙΝΗΣ ΜΕ ΙΣΟΗΛΕΚΤΡΙΚΗ ΕΣΤΙΑΣΗ;;;;;
8302;Β311905.193;ΗΛΕΚΤΡΟΦΟΡΗΣΗ ΑΙΜΟΣΦΑΙΡΙΝΗΣ ΚΑΙ ΠΟΣΟΤΙΚΟΣ ΠΡΟΣΔΙΟΡΙΣΜΟΣ ΜΕ ΣΤΗΛΗ ΥΓΡΗΣ ΧΡΩΜΑΤΟΓΡΑΦΙΑΣ ΥΨΗΛΗΣ ΠΙΕΣΕΩΣ (ΠΧ, A2, S, C KAI/H F);;;;;
8303;Β311905.194;ΥΠΟΔΟΧΕΙΣ ΤΡΑΝΣΦΕΡΙΝΗΣ;;;;;
8304;Β311905.195;ΑΝΙΧΝΕΥΣΗ ΓΕΝΕΤΙΚΟΥ ΥΛΙΚΟΥ ΤΩΝ ΙΩΝ HBV, HCV, HIV ΓΙΑ ΤΟΝ ΕΛΕΓΧΟ ΤΩΝ ΑΙΜΟΔΟΤΩΝ (ΝΑΤ);;;;;
8305;Β311905.196;ΑΝΙΧΝΕΥΣΗ HBV-DNA ΓΙΑ ΤΟΝ ΕΛΕΓΧΟ ΤΩΝ ΑΙΜΟΔΟΤΩΝ (ΝΑΤ);;;;;
8306;Β311905.197;ΑΝΙΧΝΕΥΣΗ HCV-RNA ΓΙΑ ΤΟΝ ΕΛΕΓΧΟ ΤΩΝ ΑΙΜΟΔΟΤΩΝ (ΝΑΤ);;;;;
8307;Β311905.198;ΑΝΙΧΝΕΥΣΗ HIV-RNA ΓΙΑ ΤΟΝ ΕΛΕΓΧΟ ΤΩΝ ΑΙΜΟΔΟΤΩΝ (ΝΑΤ);;;;;
8308;Β311905.199;ANTIΓΟΝΟ ΕΠΙΦΑΝΕΙΑΣ ΤΟΥ HBV (ΑΥΣΤΡΑΛΙΑΝΟ ΑΝΤΙΓΟΝΟ);;;;;
8309;Β311905.200;ΑΝΤΙΓΟΝΟ e TOY ΗΒV;;;;;
8310;Β311905.201;ΑΝΤΙΓΟΝΟ TOY ΗΙV;;;;;
8311;Β311905.202;STREP TEST;;;;;
8312;B311907;ΣΥΓΚΟΛΛΗΤΙΝΕΣ, ΕΜΠΥΡΕΤΑ (Π.Χ. ΒΡΟΥΚΕΛΛΩΣΗ,ΤΟΥΛΑΡΑΙΜΙΑ, ΕΝΔΗΜΙΚΟΣ ΤΥΦΟΣ, ΠΥΡΕΤΟΣ Q, ΚΗΛΙΔΩΔΗΣ ΠΥΡΕΤΟΣ ΒΡΑΧΩΔΩΝ ΟΡΕΩΝ, ΕΞΑΝΘΗΜΑΤΙΚΟΣ ΤΥΦΟΣ) ΚΑΘΕ ΑΝΤΙΓΟΝΟ;;;;;
8313;B311909;IGG ΟΡΟΥ ΕΙΔΙΚΕΣ ΕΝΑΝΤΙ ΑΛΛΕΡΓΙΟΓΟΝΩΝ ;;;;;
8314;B311913;IGΕ ΟΡΟΥ ΕΙΔΙΚΕΣ ΕΝΑΝΤΙ ΑΛΛΕΡΓΙΟΓΟΝΩΝ (RAST);;;;;
8315;B311917;ΕΙΔΙΚΗ ΓΙΑ ΑΛΛΕΡΓΙΟΓΟΝΟ IGE, ΠΟΙΟΤΙΚΗ, ΕΛΕΓΧΟΣ ΠΟΛΛΩΝ ΑΛΛΕΡΓΙΟΓΟΝΩΝ (ΣΤΙΚ ΕΜΒΥΘΙΣΗΣ, ΣΠΑΤΟΥΛΑ, Ή ΔΙΣΚΟΣ);;;;;
8316;B311949;ANCA;;;;;
8317;B311951;ΤΑΥΤΟΠΟΙΗΣΗ ΑΝΤΙΑΙΜΟΠΕΤΑΛΙΑΚΩΝ ΑΝΤΙΣΩΜΑΤΩΝ ME ANOΣΟΦΘΟΡΙΣΜΟ;;;;;
8318;B311953;ΤΥΠΟΠΟΙΗΣΗ ΑΝΤΙΓΟΝΩΝ ΤΩΝ ΑΙΜΟΠΕΤΑΛΙΩΝ (HPA) ΜΕ ΜΕΘΟΔΟ ΣΤΕΡΕΑΣ ΦΑΣΗΣ;;;;;
8319;B311983;ΑΝΤΙΠΥΡΗΝΙΚΑ ΑΝΤΙΣΩΜΑΤΑ ;;;;;
8320;B311985;ΑΝΤΙΠΥΡΗΝΙΚΑ ΑΝΤΙΣΩΜΑΤΑ (ΑΝΑ), ΤΙΤΛΟΣ;;;;;
8321;B312027;ΑΝΤΙΣΤΡΕΠΤΟΛΥΣΙΝΗ 0, ΤΙΤΛΟΣ;;;;;
8322;B312033;ΑΝΤΙΣΤΡΕΠΤΟΛΥΣΙΝΗ 0, ΕΛΕΓΧΟΣ ΔΙΑΛΟΓΗΣ (SCREEN);;;;;
Δ.7;ΑΝΟΣΟΛΟΓΙΚΕΣ ΔΙΑΔΙΚΑΣΙΕΣ;;;;;;
8323;B312061;ΔΙΕΡΕΥΝΗΣΗ ΑΣΥΜΒΑΤΟΤΗΤΑΣ ΚΑΤΑ ΤΟΝ ΠΡΟΜΕΤΑΓΓΙΣΙΑΚΟ ΕΛΕΓΧΟ ;;;;;
8324;B312063;ΔΙΕΡΕΥΝΗΣΗ ΑΝΤΙΔΡΑΣΗΣ ΜΕΤΑ ΜΕΤΑΓΓΙΣΗ ΣΥΜΠΕΡΙΛΑΜΒΑΝΟΜΕΝΗΣ ΚΑΙ ΤΗΣ ΥΠΟΨΙΑΣ ΜΟΛΥΣΜΑΤΙΚΗΣ ΝΟΣΟΥ ;;;;;
8325;B312065;ΙΑΤΡΙΚΗ ΕΓΚΡΙΣΗ ΜΕ ΕΓΓΡΑΦΗ ΑΝΑΦΟΡΑ ΓΙΑ ΑΠΟΚΛΙΣΗ ΑΠΟ ΤΙΣ ΤΥΠΙΚΕΣ ΔΙΑΔΙΚΑΣΙΕΣ ΤΗΣ ΑΙΜΟΔΟΣΙΑΣ, ΟΠΩΣ  ΜΕΤΑΓΓΙΣΗ  ΜΗ ΣΥΜΒΑΤΩΝ ΜΟΝΑΔΩΝ RH, ΜΕΤΑΓΓΙΣΗ ΑΣΥΜΒΑΤΟΥ ΑΙΜΑΤΟΣ, ΜΕΤΑΓΓΙΣΗ ΑΔΙΑΣΤΑΥΡΩΤΟΥ ΑΙΜΑΤΟΣ ;;;;;
8326;B312187;ΠΟΣΟΤΙΚΗ ΜΕΤΡΗΣΗ CRP ;;;;;
8327;B312189;C-ΑΝΤΙΔΡΩΣΑ ΠΡΩΤΕΪΝΗ, ΥΨΗΛΗ ΕΥΑΙΣΘΗΣΙΑ (HSCRP);;;;;
8328;B312199;ΑΝΤΙΣΩΜΑΤΑ ΕΝΑΝΤΙ ΤΗΣ Β2-ΓΛΥΚΟΠΡΩΤΕΪΝΗΣ Ι, IGG ΚΑΙ IGM (ANTI-Β2-GPI-IGG, ANTI-Β2-GPI-IGM);;;;;
8329;B312201;ΑΝΤΙΣΩΜΑΤΑ ΕΝΑΝΤΙ ΚΑΡΔΙΟΛΙΠΙΝΗΣ IGG ΚΑΙ IGM (ACA-IGG, ACAI-IGM);;;;;
8330;B312203;ΑΝΤΙΣΩΜΑΤΑ ΕΝΑΝΤΙ ΦΩΣΦΑΤΙΔΥΛΣΕΡΙΝΗΣ IGG, IGM, IGA, (ΑΝΑ ΙΣΟΤΥΠΟ);;;;;
8331;B312217;ΧΗΜΕΙΟΤΑΚΤΙΚΗ ΜΕΤΡΗΣΗ, ΚΑΘΟΡΙΣΤΕ ΜΕΘΟΔΟ;;;;;
8332;B312219;ΕΛΕΓΧΟΣ ΨΥΧΡΟΣΥΓΚΟΛΛΗΝΤΙΝΩΝ;;;;;
8333;B312221;ΤΙΤΛΟΠΟΙΗΣΗ ΨΥΧΡΟΣΥΓΚΟΛΛΗΤΙΝΩΝ ;;;;;
8334;B312227;ΑΙΜΟΛΥΤΙΚΟΣ  ΤΙΤΛΟΣ  ΠΑΡΑΓΟΝΤΩΝ ΣΥΜΠΛΗΡΩΜΑΤΟΣ  (ΑΝΑ ΠΑΡΑΓΟΝΤΑ);;;;;
8335;B312229;ΑΝΑΣΟΧΗΜΙΚΟΣ ΤΙΤΛΟΣ ΠΑΡΑΓΟΝΤΩΝ ΣΥΜΠΛΗΡΩΜΑΤΟΣ (ΑΝΑ ΠΑΡΑΓΟΝΤΑ);;;;;
8336;B312231;ΑΙΜΟΛΥΤΙΚΟΣ ΤΙΤΛΟΣ ΕΝΑΛΛΑΚΤΙΚΗΣ ΟΔΟΥ ΣΥΜΠΛΗΡΩΜΑΤΟΣ;;;;;
8337;B312249;ΑΝΕΝΕΡΓΟΣ;;;;;
8338;B312277;ΑΝΕΝΕΡΓΟΣ;;;;;
8339;B312307;ΑΝΤΙ-CCP ΑΝΤΙΣΩΜΑΤΑ (CYCLIC CITROULLINATED PEPTIDE);;;;;
8340;B312337;ΑΝΕΝΕΡΓΟΣ;;;;;
8341;B312357;ΑΝΤΙΣΩΜΑ ΔΕΟΞΥΡΙΒΟΝΟΥΚΛΕΙΚΟΥ ΟΞΕΟΣ (DNA), ΕΝΔΟΓΕΝΕΣ Ή ΔΙΚΛΩΝΟ (DSDNA) ;;;;;
8342;B312359;ΑΝΤΙΣΩΜΑ ΔΕΟΞΥΡΙΒΟΝΟΥΚΛΕΙΚΟΥ ΟΞΕΟΣ (DNA), ΜΟΝΟΚΛΩΝΟ (SSDNA);;;;;
8343;B312377;ΠΡΟΣΔΙΟΡΙΣΜΟΣ ENAS (ΑΝΑ ΑΥΤΟΑΝΤΙΣΩΜΑ);;;;;
8344;B312393;ΑΝΕΝΕΡΓΟΣ;;;;;
8345;B312417;ΦΘΟΡΙΖΟΝ ΑΝΤΙΣΩΜΑ ΜΗ ΜΟΛΥΣΜΑΤΙΚΟΥ ΠΑΡΑΓΟΝΤΑ, ΕΛΕΓΧΟΣ ΔΙΑΛΟΓΗΣ, ΕΚΑΣΤΟ ΑΝΤΙΣΩΜΑ;;;;;
8346;B312419;ΦΘΟΡΙΖΟΝ ΑΝΤΙΣΩΜΑ ΜΗ ΜΟΛΥΣΜΑΤΙΚΟΥ ΠΑΡΑΓΟΝΤΑ,ΤΙΤΛΟΣ, ΕΚΑΣΤΟ ΑΝΤΙΣΩΜΑ;;;;;
8347;B312461;ΑΥΞΗΤΙΚΗ ΟΡΜΟΝΗ, ΑΝΘΡΩΠΙΝΗ (HGH), ΑΝΤΙΣΩΜΑ;;;;;
8348;B312467;ΔΟΚΙΜΑΣΙΑ ΑΝΑΣΤΟΛΗΣ ΑΙΜΟΣΥΚΟΛΛΗΤΙΝΗΣ (ΗΑΙ);;;;;
8349;B312495;ΑΝΟΣΟΠΡΟΣΔΙΟΡΙΣΜΟΣ ΓΙΑ ΑΝΤΙΓΟΝΟ ΟΓΚΟΥ, ΠΟΙΟΤΙΚΗ Η ΗΜΙΠΟΣΟΤΙΚΗ (ΠΧ ΚΑΡΚΙΝΟΥ ΟΥΡΟΔΟΧΟΥ ΚΥΣΤΗΣ ΣΤΑ ΟΥΡΑ);;;;;
8350;B312507;ΗΛΕΚΤΡΟΦΟΡΗΣΗ ΟΥΡΩΝ ΜΕΤΑ ΑΠΟ ΣΥΜΠΥΚΝΩΣΗ;;;;;
8351;B312509;ΚΑΡΚΙΝΙΚΟ ΑΝΤΙΓΟΝΟ CA 19-9;;;;;
8352;B312515;ΚΑΡΚΙΝΙΚΟ ΑΝΤΙΓΟΝΟ CA 125;;;;;
8353;B312523;ΕΤΕΡΟΦΙΛΙΚΑ ΑΝΤΙΣΩΜΑΤΑ, ΔΟΚΙΜΑΣΙΑ ΔΙΑΛΟΓΗΣ (SCREENING);;;;;
8354;B312525;ΕΤΕΡΟΦΙΛΙΚΑ ΑΝΤΙΣΩΜΑΤΑ, ΤΙΤΛΟΣ;;;;;
8355;B312527;ΕΤΕΡΟΦΙΛΙΚΑ ΑΝΤΙΣΩΜΑΤΑ, ΤΙΤΛΟΙ ΜΕΤΑ ΑΠΟ ΑΠΟΡΡΟΦΗΣΗ ΜΕ ΚΥΤΤΑΡΑ ΒΟΟΕΙΔΟΥΣ ΚΑΙ ΝΕΦΡΑ ΙΝΔΙΚΟΥ ΧΟΙΡΙΔΙΟΥ;;;;;
8356;B312539;ΑΝΟΣΟΠΡΟΣΔΙΟΡΙΣΜΟΣ ΓΙΑ ΑΝΤΙΓΟΝΟ ΟΓΚΟΥ. ΈΚΑΣΤΟ.(ΚΑΡΚΙΝΙΚΟΙ ΔΕΙΚΤΕΣ);;;;;
8357;B312541;ΑΝΟΣΟΠΡΟΣΔΙΟΡΙΣΜΟΣ ΓΙΑ ΑΝΤΙΣΩΜΑ ΜΟΛΥΣΜΑΤΙΚΟΥ ΠΑΡΑΓΟΝΤΑ, ΠΟΣΟΤΙΚΗ, ΠΟΥ ΔΕΝ ΕΧΕΙ ΠΡΟΣΔΙΟΡΙΣΤΕΙ ΔΙΑΦΟΡΕΤΙΚΑ;;;;;
8358;B312543;ΑΝΟΣΟΠΡΟΣΔΙΟΡΙΣΜΟΣ ΓΙΑ ΑΝΤΙΣΩΜΑ ΜΟΛΥΣΜΑΤΙΚΟΥ ΠΑΡΑΓΟΝΤΑ, ΠΟΙΟΤΙΚΗ Ή ΗΜΙΠΟΣΟΤΙΚΗ, ΜΕΘΟΔΟΣ ΜΟΝΟΥ ΣΤΑΔΙΟΥ (Π.Χ. ΤΑΙΝΙΑ ΧΗΜΙΚΗΣ ΑΝΤΙΔΡΑΣΗΣ);;;;;
8359;B312547;ΑΝΕΝΕΡΓΟΣ;;;;;
8360;B312557;ΑΝΟΣΟΚΑΘΗΛΩΣΗ ΕΝΥ ΜΕΤΑ ΑΠΟ ΣΥΜΠΥΚΝΩΣΗ;;;;;
8361;B312561;ΗΛΕΚΤΡΟΦΟΡΗΣΗ ΠΡΩΤΕΪΝΩΝ ΒΙΟΛΟΓΙΚΩΝ ΥΓΡΩΝ ΣΕ ΔΥΟ ΚΑΤΕΥΘΥΝΣΕΙΣ;;;;;
8362;B312565;ΑΝΟΣΟΔΙΑΧΥΣΗ, ΠΟΥ ΔΕΝ ΕΧΕΙ ΠΡΟΣΔΙΟΡΙΣΤΕΙ ΑΛΛΟΥ;;;;;
8363;B312569;ΑΝΟΣΟΔΙΑΧΥΣΗ, ΔΙΑΧΥΣΗ ΣΕ ΓΕΛΗ, ΠΟΙΟΤΙΚΗ (ΜΕΘΟΔΟΣ OUCHTERLONY), ΚΑΘΕ ΑΝΤΙΓΟΝΟ Ή ΑΝΤΙΣΩΜΑ;;;;;
8364;B312571;ΑΝΟΣΟΣΥΜΠΛΕΓΜΑΤΑ ΟΡΟΥ (ΔΕΣΜΕΥΣΗ C1Q);;;;;
8365;B312575;ΑΝΟΣΟΚΑΘΗΛΩΣΗ ΟΡΟΥ;;;;;
8366;B312577;ΑΝΟΣΟΚΑΘΗΛΩΣΗ ΟΥΡΩΝ ΜΕΤΑ ΑΠΟ ΣΥΜΠΥΚΝΩΣΗ;;;;;
8367;B312579;1. ΙΝΧΙΜΠΙΝΗ Α (ΙΝΗ-Α) / 2. ΑΝΑΣΤΑΛΤΙΝΗ Α & Β;;;;;
8368;B312581;1. ΑΝΤΙΣΩΜΑΤΑ ΙΝΣΟΥΛΙΝΗΣ (AΙΑ) / 2. ΑΝΤΙΣΩΜΑΤΑ ΕΝΑΝΤΙ ΕΝΔΟΓΕΝΟΥΣ ΙΝΣΟΥΛΙΝΗΣ (IAA);;;;;
8369;B312587;ΑΝΤΙΣΩΜΑΤΑ ΕΝΑΝΤΙ ΕΝΔΟΓΕΝΟΥΣ ΠΑΡΑΓΟΝΤΑ;;;;;
8370;B312589;1. ΑΝΤΙΣΩΜΑ ΕΝΑΝΤΙ ΠΑΓΚΡΕΑΤΙΚΩΝ ΝΗΣΙΔΙΩΝ - ΑΝΤΙΝΗΣΙΔΙΑΚΑ ΑΝΤΙΣΩΜΑΤΑ / 2.  ΑΝΤΙΣΩΜΑΤΑ ΕΝΑΝΤΙ ΝΗΣΙΔΙΩΝ ΠΑΓΚΡΕΑΤΟΣ (ICA);;;;;
8371;B312593;ΔΟΚΙΜΑΣΙΑ ΑΠΕΛΕΥΘΕΡΩΣΗΣ ΙΣΤΑΜΙΝΗΣ ΑΠΟ ΛΕΥΚΟΚΥΤΤΑΡΑ (LHR);;;;;
8372;B312595;ΦΑΓΟΚΥΤΤΑΡΩΣΗ, ΕΛΕΓΧΟΣ ΜΕ ΔΟΚΙΜΑΣΙΑ ΑΝΑΓΩΓΗΣ ΤΟΥ ΤΕΤΡΑΖΟΛΙΟΥ (NBT-TEST);;;;;
8373;B312613;IN VITRO ΕΝΕΡΓΟΠΟΙΗΣΗ ΛΕΜΦΟΚΥΤΤΑΡΩΝ IN VITRO ΜΕ ΠΟΛΥΚΛΩΝΙΚΟΥΣ ΕΝΕΡΓΟΠΟΙΗΤΕΣ;;;;;
8374;B312617;ΑΝΕΝΕΡΓΟΣ;;;;;
8375;B312619;ΑΝΕΝΕΡΓΟΣ;;;;;
8376;B312621;ΑΝΕΝΕΡΓΟΣ;;;;;
8377;B312625;ΑΝΕΝΕΡΓΟΣ;;;;;
8378;B312627;ΑΝΕΝΕΡΓΟΣ;;;;;
8379;B312629;ΑΝΕΝΕΡΓΟΣ;;;;;
8380;B312641;ΠΡΟΓΟΝΙΚΑ ΑΙΜΟΠΟΙΗΤΙΚΑ ΚΥΤΤΑΡΑ CD34 (STEM CELLS) (ΑΝΑ ΜΟΝΟΚΛΩΝΙΚΟ);;;;;
8381;B312659;ΘΥΡΟΕΙΔΙΚΑ ΑΥΤΟΑΝΤΙΣΩΜΑΤΑ ΚΑΤΑ ΤΟΥ ΜΙΚΡΟΣΩΜΙΑΚΟΥ ΑΝΤΙΓΟΝΟΥ ;;;;;
8382;B312663;ΑΝΕΝΕΡΓΟΣ;;;;;
8383;B312671;ΔΟΚΙΜΑΣΙΑ ΟΥΔΕΤΕΡΟΠΟΙΗΣΗΣ, ΙΪΚΗ;;;;;
8384;B312675;ΑΝΕΝΕΡΓΟΣ;;;;;
8385;B312713;ΣΥΓΚΟΛΛΗΣΗ ΣΩΜΑΤΙΔΙΩΝ, ΕΛΕΓΧΟΣ ΔΙΑΛΟΓΗΣ, ΚΑΘΕ ΑΝΤΙΣΩΜΑ;;;;;
8386;B312719;ΣΥΓΚΟΛΛΗΣΗ ΣΩΜΑΤΙΔΙΩΝ,ΤΙΤΛΟΣ, ΚΑΘΕ ΑΝΤΙΣΩΜΑ;;;;;
8387;B312767;ΡΕΥΜΑΤΟΕΙΔΗΣ ΠΑΡΑΓΟΝΤΑΣ, ΠΟΙΟΤΙΚΗ;;;;;
8388;B312769;ΡΕΥΜΑΤΟΕΙΔΗΣ ΠΑΡΑΓΟΝΤΑΣ, ΠΟΣΟΤΙΚΗ ΜΕΤΡΗΣΗ, IGM, IGG, IGA;;;;;
8389;B312867;ΔΟΚΙΜΑΣΙΕΣ ΑΠΕΛΕΥΘΕΡΩΣΗΣ ΤΗΣ INTERFERON GAMMA (IFN- Γ) (IGRAS) ΓΙΑ ΤΗΝ ΔΙΑΓΝΩΣΗ ΤΗΣ ΦΥΜΑΤΙΩΣΗΣ ;;;;;
8390;B312877;ΔΕΡΜΑΤΙΚΗ ΔΟΚΙΜΑΣΙΑ ΓΙΑ CANDIDA;;;;;
8391;B312879;ΔΕΡΜΑΤΙΚΗ ΔΟΚΙΜΑΣΙΑ, ΜΗ ΚΑΤΑΓΕΓΡΑΜΕΝΟ ΑΝΤΙΓΟΝΟ, ΕΚΑΣΤΟ;;;;;
8392;B312887;ΔΕΡΜΑΤΙΚΗ ΔΟΚΙΜΑΣΙΑ ΓΙΑ ΔΙΑΓΝΩΣΗ ΚΟΚΚΙΔΙΟΕΙΔΟΜΥΚΗΤΙΑΣΗΣ;;;;;
8393;B312927;ΔΕΡΜΑΤΙΚΗ ΔΟΚΙΜΑΣΙΑ ΓΙΑ ΔΙΑΓΝΩΣΗ ΙΣΤΟΠΛΑΣΜΩΣΗΣ;;;;;
8394;B313067;ΔΕΡΜΑΤΙΚΗ ΔΟΚΙΜΑΣΙΑ ΓΙΑ ΔΙΑΓΝΩΣΗ ΦΥΜΑΤΙΩΣΗΣ (MANTOUX);;;;;
8395;B313087;ΤΙΤΛΟΣ ΑΝΤΙΣΤΡΕΠΤΟΚΙΝΑΣΗΣ ;;;;;
8396;B313091;ΔΟΚΙΜΑΣΙΑ ΣΥΦΙΛΗΣ, ΜΗ ΤΡΕΠΟΝΙΜΙΚΗ (Π.Χ. VDRL, PRP, ART);;;;;
8397;B313093;ΔΟΚΙΜΑΣΙΑ ΣΥΦΙΛΗΣ, ΤΡΕΠΟΝΙΜΙΚΗ ΟΛΙΚΑ ΑΝΤΙΣΩΜΑΤΑ ;;;;;
8398;B313111;ΠΡΟΣΔΙΟΡΙΣΜΟΣ ΑΝΤΙΣΩΜAΤΩΝ ΚΑΤΑ ΑΚΤΙΝΟΜΥΚΗΤΩΝ;;;;;
8399;B313113;ΠΡΟΣΔΙΟΡΙΣΜΟΣ ΕΙΔΙΚΩΝ - IgG ΑΝΤΙΣΩΜAΤΩΝ ΚΑΤΑ ΑΔΕΝΟΙΩΝ ;;;;;
8400;B313119;ΠΡΟΣΔΙΟΡΙΣΜΟΣ ΕΙΔΙΚΩΝ IgG ΑΝΤΙΣΩΜAΤΩΝ ΚΑΤΑ ΑΣΠΕΡΓΙΛΛΟΥ;;;;;
8401;B313125;ΠΡΟΣΔΙΟΡΙΣΜΟΣ ΕΙΔΙΚΩΝ IgG  ΑΝΤΙΣΩΜAΤΩΝ ΚΑΤΑ ΒΑΚΤΗΡΙΟY, ΠΟΥ ΔΕΝ ΕΧΕΙ ΠΡΟΣΔΙΟΡΙΣΤΕΙ ΑΛΛΟΥ;;;;;
8402;B313129;ΠΡΟΣΔΙΟΡΙΣΜΟΣ ΕΙΔΙΚΩΝ IgG ΑΝΤΙΣΩΜAΤΩΝ ΚΑΤΑ BARTONELLA HENSELAE;;;;;
8403;B313131;ΠΡΟΣΔΙΟΡΙΣΜΟΣ ΑΝΤΙΣΩΜAΤΩΝ ΚΑΤΑ ΒΛΑΣΤΟΜΥΚΗΤΩΝ;;;;;
8404;B313137;ΠΡΟΣΔΙΟΡΙΣΜΟΣ ΕΙΔΙΚΩΝ IgG ΑΝΤΙΣΩΜAΤΩΝ ΚΑΤΑ BORDETELLA PERTUSSIS ;;;;;
8405;B313141;ΠΡΟΣΔΙΟΡΙΣΜΟΣ ΕΙΔΙΚΩΝ IgG ΑΝΤΙΣΩΜΑΤΩΝ ΚΑΤΑ BORRELIA BURGDORFERΙ (ΝΟΣΟΣ LYME) -ΕΠΙΒΕΒΑΙΩΤΙΚΗ ΜΕΘΟΔΟΣ ΑΝΟΣΟΣΤΥΠΩΣΗΣ (WESTERN BLOT)          ;;;;;
8406;B313143;ΠΡΟΣΔΙΟΡΙΣΜΟΣ ΕΙΔΙΚΩΝ  IgG ΑΝΤΙΣΩΜAΤΩΝ ΚΑΤΑ  BORRELIA BURGDORFERI (ΝΟΣΟΣ LYME);;;;;
8407;B313145;ΠΡΟΣΔΙΟΡΙΣΜΟΣΕΙΔΙΚΩΝ IgG ΑΝΤΙΣΩΜAΤΩΝ ΚΑΤΑ  BORRELIA RECURRENTIS (ΥΠΟΣΤΡΟΦΟΣ ΠΥΡΕΤΟΣ) ;;;;;
8408;B313151;ΠΡΟΣΔΙΟΡΙΣΜΟΣ ΟΛΙΚΩΝ ΑΝΤΙΣΩΜΑΤΩΝ ΚΑΤΆ ΒΡΟΥΚΕΛΛΑΣ ΜΕ ΣΥΓΚΟΛΛΗΤΙΝΑΝΤΊΔΡΑΣΗ (ANTIΔΡΑΣΗ WRIGHT)                                                              ;;;;;
8409;B313157;ΠΡΟΣΔΙΟΡΙΣΜΟΣ ΕΙΔΙΚΩΝ  IgG ΑΝΤΙΣΩΜAΤΩΝ ΚΑΤΑ  CAMPYLOBACTER ;;;;;
8410;B313163;ΠΡΟΣΔΙΟΡΙΣΜΟΣ ΑΝΤΙΣΩΜAΤΩΝ ΚΑΤΑ  CANDIDA ;;;;;
8411;B313169;ΠΡΟΣΔΙΟΡΙΣΜΟΣ ΕΙΔΙΚΩΝ IgG ΑΝΤΙΣΩΜΑΤΩΝ ΚΑΤA CHLAMYDIA TRACHOMATIS, CHLAMYDΟPHILA PNEUMONIAE, CHLAMYDIA PSITTACI ;;;;;
8412;B313171;ΠΡΟΣΔΙΟΡΙΣΜΟΣ ΕΙΔΙΚΩΝ IgM ΑΝΤΙΣΩΜΑΤΩΝ ΚΑΤA CHLAMYDIA TRACHOMATIS, CHLAMYDΟPHILA PNEUMONIAE, CHLAMYDIA PSITTACI ;;;;;
8413;B313177;ΠΡΟΣΔΙΟΡΙΣΜΟΣ ΟΛΙΚΩΝ ΕΙΔΙΚΩΝ ΑΝΤΙΣΩΜAΤΩΝ ΚΑΤΑ ΚΟΚΚΙΔΙΟΜΥΚΗΤΑ  ;;;;;
8414;B313183;ΠΡΟΣΔΙΟΡΙΣΜΟΣ IgG ΑΝΤΙΣΩΜΑΤΩΝ ΚΑΤA ΑΝΤΙΓΟΝΩΝ COXIELLA BURNETII ΦΑΣΕΩΣ Ι                                        ;;;;;
8415;B313189;ΠΡΟΣΔΙΟΡΙΣΜΟΣ ΟΛΙΚΩΝ ΕΙΔΙΚΩΝ ΑΝΤΙΣΩΜAΤΩΝ ΚΑΤΑ ΚΡΥΠΤΟΚΟΚΚΟΥ;;;;;
8416;B313195;ΠΡΟΣΔΙΟΡΙΣΜΟΣ ΕΙΔΙΚΩΝ IgM ΑΝΤΙΣΩΜΑΤΩΝ ΚΑΤA TOY ΚΥΤΤΑΡΟΜΕΓΑΛΟΪΟΥ ΤΟΥ ΑΝΘΡΩΠΟΥ (CMV IgM)   ;;;;;
8417;B313197;ΠΡΟΣΔΙΟΡΙΣΜΟΣ ΕΙΔΙΚΩΝ IgG ΑΝΤΙΣΩΜΑΤΩΝ ΚΑΤA TOY ΚΥΤΤΑΡΟΜΕΓΑΛΟΪΟΥ ΤΟΥ ΑΝΘΡΩΠΟΥ (CMV IgG)   ;;;;;
8418;B313203;ΠΡΟΣΔΙΟΡΙΣΜΟΣ IgG ΑΝΤΙΣΩΜAΤΩΝ ΚΑΤΑ ΤΗΣ ΤΟΞΙΝΗΣ ΤΟΥ CORYNEBACTERIUM DIPHTHERIAE ;;;;;
8419;B313209;ΠΡΟΣΔΙΟΡΙΣΜΟΣ IGM ΑΝΤΙΣΩΜAΤΩΝ ΚΑΤΑ  LA CROSSE VIRUS ENCEPHALITIS;;;;;
8420;B313211;ΠΡΟΣΔΙΟΡΙΣΜΟΣ IGM ΑΝΤΙΣΩΜAΤΩΝ ΚΑΤΑ  ΤΟΥ EASTERN EQUINE ENCEPHALITIS VIRUS (ΙΟΥ ΤΗΣ ΔΥΤΙΚΗΣ ΙΠΠΕΙΟΥ ΕΓΚΕΦΑΛΟΜΥΕΛΙΤΙΔΑΣ);;;;;
8421;B313213;ΠΡΟΣΔΙΟΡΙΣΜΟΣ IGM ΑΝΤΙΣΩΜAΤΩΝ ΚΑΤΑ  ST. LOUIS ENCEPHALITIS VIRUS (ΙΟΥ ΤΗΣ ΕΓΚΕΦΑΛΙΤΙΔΑΣ ΤΟΥ ST. LOUIS);;;;;
8422;B313215;ΠΡΟΣΔΙΟΡΙΣΜΟΣ IGM ΑΝΤΙΣΩΜAΤΩΝ ΚΑΤΑ  ΤΟΥ WESTERN EQUINE ENCEPHALITIS VIRUS (ΙΟΥ ΤΗΣ ΔΥΤΙΚΗΣ ΙΠΠΕΙΟΥ ΕΓΚΕΦΑΛΟΜΥΕΛΙΤΙΔΑΣ);;;;;
8423;B313223;ΠΡΟΣΔΙΟΡΙΣΜΟΣ ΑΝΤΙΣΩΜΑΤΩΝ ΚΑΤΆ ΙΩΝ COXSAKIE B1, B2, B3, B4, B5 ME ΜΕΘΟΔΟ ΕΞΟΥΔΕΤΕΡΩΤΙΚΩΝ ΑΝΤΙΣΩΜΑΤΩΝ                                                                                                      ;;;;;
8424;B313233;ΠΡΟΣΔΙΟΡΙΣΜΟΣ IGG ΑΝΤΙΣΩΜΑΤΩΝ ΚΑΤA ΤΟΥ ΠΡΩΙΜΟΥ ΑΝΤΙΓΟΝΟΥ (EA) ΤΟΥ  IOY EPSTEIN-BARR (EBV DEA IGG);;;;;
8425;B313235;ΠΡΟΣΔΙΟΡΙΣΜΟΣ IGG ΑΝΤΙΣΩΜΑΤΩΝ ΚΑΤAΤΟΥ ΠΥΡΗΝΙΚΟΥ ΑΝΤΙΓΟΝΟΥ (EBNA) ΤΟΥ  IOY EPSTEIN-BARR (EBNA IGG);;;;;
8426;B313237;ΠΡΟΣΔΙΟΡΙΣΜΟΣ IGG ΑΝΤΙΣΩΜΑΤΩΝ ΚΑΤAΤΟΥ ΚΑΨΙΔΙΚΟΥ ΑΝΤΙΓΟΝΟΥ (VCA) ΤΟΥ  IOY EPSTEIN-BARR (EBV VCA IGG) ;;;;;
8427;B313239;ΠΡΟΣΔΙΟΡΙΣΜΟΣ ΕΙΔΙΚΩΝ IGG ΑΝΤΙΣΩΜAΤΩΝ ΚΑΤΑ  EHRLICHIA;;;;;
8428;B313243;ΠΡΟΣΔΙΟΡΙΣΜΟΣ ΕΙΔΙΚΩΝ IGM ΑΝΤΙΣΩΜAΤΩΝ ΚΑΤΑ  FRANCISELLA TULARENSIS;;;;;
8429;B313249;ΠΡΟΣΔΙΟΡΙΣΜΟΣ ΕΙΔΙΚΩΝ ΑΝΤΙΣΩΜAΤΩΝ ΚΑΤΑ  ΜΥΚΗΤΩΝ (ΜΗ ΑΛΛΑΧΟΥ ΠΡΟΣΔΙΟΡΙΣΜΕΝΩΝ);;;;;
8430;B313255;ΠΡΟΣΔΙΟΡΙΣΜΟΣ ΕΙΔΙΚΩΝ ΑΝΤΙΣΩΜAΤΩΝ ΚΑΤΑ GIARDIA INTESTINALIS;;;;;
8431;B313261;ΠΡΟΣΔΙΟΡΙΣΜΟΣ ΕΙΔΙΚΩΝ IGG ΑΝΤΙΣΩΜAΤΩΝ ΚΑΤΑ  HELICOBACTER PYLORI                                ;;;;;
8432;B313271;ΑΝΤΙΣΩΜΑΤΑ ΚΑΤΑ ΕΛΜΙΝΘΩΝ, ΠΟΥ ΔΕΝ ΕΧΟΥΝ ΠΡΟΣΔΙΟΡΙΣΤΕΙ ΑΛΛΟΥ;;;;;
8433;B313275;ΑΝΤΙΣΩΜΑΤΑ ΚΑΤΑ HAEMOPHILUS INFLUENZAE;;;;;
8434;B313281;ΠΡΟΣΔΙΟΡΙΣΜΟΣ ΑΝΤΙΣΩΜAΤΩΝ KATA  HTLV-I;;;;;
8435;B313283;ΠΡΟΣΔΙΟΡΙΣΜΟΣ ΑΝΤΙΣΩΜAΤΩΝ KATA HTLV-II;;;;;
8436;B313285;ΑΝΤΙΣΩΜΑ, ΕΝΑΝΤΙ HTLV Ή HIV, ΔΟΚΙΜΑΣΙΑ ΕΠΙΒΕΒΑΙΩΣΗΣ (Π.Χ. WESTERN BLOT);;;;;
8437;B313291;ΠΡΟΣΔΙΟΡΙΣΜΟΣ ΑΝΤΙΣΩΜAΤΩΝ KATA ΤΟΥ ΙΟΥ ΤΗΣ ΗΠΑΤΙΤΙΔΑΣ D (anti-HDV);;;;;
8438;B313295;ΑΝΤΙΣΩΜΑ, ΑΠΛΟΣ ΕΡΠΗΤΑΣ, ΔΟΚΙΜΑΣΙΑ ΜΗ ΕΙΔΙΚΟΥ ΤΥΠΟΥ;;;;;
8439;B313297;ΠΡΟΣΔΙΟΡΙΣΜΟΣ IgG ΑΝΤΙΣΩΜAΤΩΝ ΚΑΤΑ IOY ΑΠΛΟΥ ΕΡΠΗΤΑ ΤΥΠΟΥ 1 (HSV-1 IgG)                                  ;;;;;
8440;B313299;ΠΡΟΣΔΙΟΡΙΣΜΟΣ IgG ΑΝΤΙΣΩΜAΤΩΝ ΚΑΤΑ IOY ΑΠΛΟΥ ΕΡΠΗΤΑ ΤΥΠΟΥ 2 (HSV-2 IgG)                                  ;;;;;
8441;B313303;ΠΡΟΣΔΙΟΡΙΣΜΟΣ ΑΝΤΙΣΩΜAΤΩΝ KATA ΙΣΤΟΠΛΑΣΜΑΤΟΣ;;;;;
8442;B313309;ΠΡΟΣΔΙΟΡΙΣΜΟΣ ΑΝΤΙΣΩΜAΤΩΝ KATA HIV-1;;;;;
8443;B313311;ΠΡΟΣΔΙΟΡΙΣΜΟΣ ΑΝΤΙΣΩΜAΤΩΝ KATA HIV-2;;;;;
8444;B313313;ΑΝΤΙΣΩΜΑ HIV, I ΚΑΙ ΙΙ, ΑΠΛΗ;;;;;
8445;B313315;ΠΡΟΣΔΙΟΡΙΣΜΟΣ ΟΛΙΚΩΝ ΑΝΤΙΣΩΜAΤΩΝ KATA ΤΟΥ ΠΥΡΗΝΙΚΟΥ ΑΝΤΙΓΟΝΟΥ ΤΗΣ ΗΠΑΤΙΤΙΔΑΣ Β  ΟΛΙΚΟ (ANTI-HBC TOTAL),;;;;;
8446;B313317;ΠΡΟΣΔΙΟΡΙΣΜΟΣ ΑΝΤΙΣΩΜAΤΩΝ IGM KATA ΤΟΥ ΠΥΡΗΝΙΚΟΥ ΑΝΤΙΓΟΝΟΥ ΤΗΣ ΗΠΑΤΙΤΙΔΑΣ Β (ANTI- HBC IGM);;;;;
8447;B313319;ΠΡΟΣΔΙΟΡΙΣΜΟΣ ΑΝΤΙΣΩΜAΤΩΝ ΕΝΑΝΤΙ ΤΟΥ ΕΠΙΦΑΝΕΙΑΚΟΥ ΑΝΤΙΓΟΝΟΥ ΤΗΣ ΗΠΑΤΙΤΙΔΑΣ Β (ANTI-HBS);;;;;
8448;B313321;ΠΡΟΣΔΙΟΡΙΣΜΟΣ ΑΝΤΙΣΩΜAΤΩΝ ΕΝΑΝΤΙ ΤΟΥ ΑΝΤΙΓΟΝΟΥ E THΣ ΗΠΑΤΙΤΙΔΑΣ Β (ANTI-HBE);;;;;
8449;B313323;ΠΡΟΣΔΙΟΡΙΣΜΟΣ ΑΝΤΙΣΩΜAΤΩΝ ΚΑΤΑ IOY ΗΠΑΤΙΤΙΔΑΣ A (OΛΙΚΑ);;;;;
8450;B313325;ΠΡΟΣΔΙΟΡΙΣΜΟΣ ΑΝΤΙΣΩΜAΤΩΝ ΚΑΤΑ IOY ΗΠΑΤΙΤΙΔΑΣ A ΙGM;;;;;
8451;B313327;ΠΡΟΣΔΙΟΡΙΣΜΟΣ ΕΙΔΙΚΩΝ IGG ΑΝΤΙΣΩΜΑΤΩΝ ΚΑΤA ΙΟΥ ΓΡΙΠΗΣ ΤΥΠΟΥ Α ;;;;;
8452;B313333;ΠΡΟΣΔΙΟΡΙΣΜΟΣ ΟΛΙΚΩΝ ΑΝΤΙΣΩΜΑΤΩΝ ΚΑΤΑ LEGIONELLA PNEUMOPHILA ΤΥΠΩΝ 1, 2, 3, 4, 5, 6, 8;;;;;
8453;B313341;ΠΡΟΣΔΙΟΡΙΣΜΟΣ ΕΙΔΙΚΩΝ ΟΛΙΚΩΝ ΑΝΤΙΣΩΜΑΤΩΝ ΚΑΤA  LEISHMANIA ;;;;;
8454;B313347;ΠΡΟΣΔΙΟΡΙΣΜΟΣ ΕΙΔΙΚΩΝ IGG ΑΝΤΙΣΩΜΑΤΩΝ ΚΑΤA LEPTOSPIRA INTERROGANS                 ;;;;;
8455;B313353;ΠΡΟΣΔΙΟΡΙΣΜΟΣ ΕΙΔΙΚΩΝ IGG ΑΝΤΙΣΩΜΑΤΩΝ ΚΑΤΆ ΤΗΣ LISTERIA MONOCYTOGENES     ;;;;;
8456;B313361;ΑΝΤΙΣΩΜΑ, ΛΕΜΦΟΚΥΤΤΑΡΙΚΗ ΧΟΡΙΟΜΗΝΙΓΓΙΤΙΔΑ;;;;;
8457;B313365;ΑΝΤΙΣΩΜΑ, ΑΦΡΟΔΙΣΙΟ ΛΕΜΦΟΚΟΚΚΙΩΜΑ;;;;;
8458;B313371;ΑΝΤΙΣΩΜΑ, ΜΟΥΚΟΡΜΥΚΩΣΗ;;;;;
8459;B313377;ΠΡΟΣΔΙΟΡΙΣΜΟΣ ΕΙΔΙΚΩΝ IGG ΑΝΤΙΣΩΜΑΤΩΝ ΚΑΤA ΙΟΥ ΠΑΡΩΤΙΤΙΔΟΣ                                                     ;;;;;
8460;B313383;ΠΡΟΣΔΙΟΡΙΣΜΟΣ ΕΙΔΙΚΩΝ IGG ΑΝΤΙΣΩΜΑΤΩΝ ΚΑΤA TOY MYCOPLASMA PNEUMONIAE               ;;;;;
8461;B313389;ΑΝΤΙΣΩΜΑ, NEISSERIA MENINGITIDIS;;;;;
8462;B313395;ΑΝΤΙΣΩΜΑ, ΝΟΚΑΡΔΙΑ;;;;;
8463;B313401;ΠΡΟΣΔΙΟΡΙΣΜΟΣ ΕΙΔΙΚΩΝ IGG ΑΝΤΙΣΩΜΑΤΩΝ ΚΑΤA TOY ΙΟΥ PARVO B19                                                  ;;;;;
8464;B313407;ΑΝΤΙΣΩΜΑ, ΠΛΑΣΜΩΔΙΟ (ΜΑΛΑΡΙΑ);;;;;
8465;B313413;ΠΡΟΣΔΙΟΡΙΣΜΟΣ ΕΙΔΙΚΩΝ ΑΝΤΙΣΩΜΑΤΩΝ ΚΑΤΑ ΠΡΩΤΟΖΩΩΝ (ΜΗ ΑΛΛΟΥ ΠΡΟΣΔΙΟΡΙΣΜΕΝΩΝ);;;;;
8466;B313419;ΠΡΟΣΔΙΟΡΙΣΜΟΣ ΕΙΔΙΚΩΝ IGG ΑΝΤΙΣΩΜΑΤΩΝ ΚΑΤA TOY ΑΝΑΠΝΕΥΣΤΙΚΟΥ ΣΥΓΚΥΤΙΑΚΟΥ ΙΟΥ (RSV IGG );;;;;
8467;B313421;ΠΡΟΣΔΙΟΡΙΣΜΟΣ ΕΙΔΙΚΩΝ IGG ΑΝΤΙΣΩΜΑΤΩΝ ΚΑΤA RICKETTSIA CONORI (MEDITERRANEAN SPOTTED FEVER) ;;;;;
8468;B313425;ΠΡΟΣΔΙΟΡΙΣΜΟΣ ΕΙΔΙΚΩΝ IGM ΑΝΤΙΣΩΜΑΤΩΝ ΚΑΤA ROTAVIRUS;;;;;
8469;B313431;ΠΡΟΣΔΙΟΡΙΣΜΟΣ ΕΙΔΙΚΩΝ IGG ΑΝΤΙΣΩΜAΤΩΝ ΚΑΤΑ IOY ΕΡΥΘΡΑΣ;;;;;
8470;B313437;ΠΡΟΣΔΙΟΡΙΣΜΟΣ ΕΙΔΙΚΩΝ IGG ΑΝΤΙΣΩΜΑΤΩΝ ΚΑΤA TOY ΙΟΥ ΙΛΑΡΑΣ                                                          ;;;;;
8471;B313443;ΠΡΟΣΔΙΟΡΙΣΜΟΣ ΟΛΙΚΩΝ ΑΝΤΙΣΩΜΑΤΩΝ ΚΑΤΑ SALMONELLA TYPHI & PARATYPHI A, B, C  ΜΕ ΣΥΓΚΟΛΛΗΤΙΝΑΝΤΙΔΡΑΣΗ (ANTIΔΡΑΣΗ WIDAL)                                                              ;;;;;
8472;B313449;ΑΝΤΙΣΩΜΑ, ΣΙΓΚΕΛΛΑ;;;;;
8473;B313455;ΠΡΟΣΔΙΟΡΙΣΜΟΣ EΙΔΙΚΩΝ IGG ΑΝΤΙΣΩΜΑΤΩΝ ΚΑΤΑ ΤΗΣ ΤΕΤΑΝΙΚΗΣ ΤΟΞΙΝΗΣ ;;;;;
8474;B313461;ΠΠΡΟΣΔΙΟΡΙΣΜΟΣ ΕΙΔΙΚΩΝ IGG ΑΝΤΙΣΩΜΑΤΩΝ ΤΟΧΟPLASMA  GONDII;;;;;
8475;B313463;ΑΝΤΙΣΩΜΑ, ΤΟΞΟΠΛΑΣΜΑ, IGM;;;;;
8476;B313469;ΑΝΕΝΕΡΓΟΣ;;;;;
8477;B313475;ΑΝΤΙΣΩΜΑ, ΤΡΙΧΙΝΕΛΛΑ;;;;;
8478;B313481;ΠΡΟΣΔΙΟΡΙΣΜΟΣ ΕΙΔΙΚΩΝ IgG ΑΝΤΙΣΩΜAΤΩΝ ΚΑΤΑ IOY ΑΝΑΜΕΥΛΟΓΙΑΣ - ΕΡΠΗΤΑ - ΖΩΣΤΗΡΑ;;;;;
8479;B313483;ΠΡΟΣΔΙΟΡΙΣΜΟΣ ΕΙΔΙΚΩΝ IgM ΑΝΤΙΣΩΜAΤΩΝ ΚΑΤΑ TOY IOY ΤΟΥ ΔΥΤΙΚΟΥ ΝΕΙΛΟΥ (WNV) ;;;;;
8480;B313485;ΠΡΟΣΔΙΟΡΙΣΜΟΣ ΕΙΔΙΚΩΝ IgG ΑΝΤΙΣΩΜAΤΩΝ ΚΑΤΑ TOY IOY ΤΟΥ ΔΥΤΙΚΟΥ ΝΕΙΛΟΥ (WNV);;;;;
8481;B313487;ΠΡΟΣΔΙΟΡΙΣΜΟΣ ΕΙΔΙΚΩΝ IgM ΑΝΤΙΣΩΜAΤΩΝ ΚΑΤΑ ΜΗ ΠΡΟΣΔΙΟΡΙΖΟΜΕΝΟΥ IOY;;;;;
8482;B313493;ΠΡΟΣΔΙΟΡΙΣΜΟΣ ΕΙΔΙΚΩΝ IgG ΑΝΤΙΣΩΜAΤΩΝ ΚΑΤΑ YERSINIA ENTEROCOLITICA ΜΕ ΜΕΘΟΔΟ ΑΝΟΣΟΣΤΥΠΩΣΗΣ                                             ;;;;;
8483;B313507;ΠΡΟΣΔΙΟΡΙΣΜΟΣΑΝΤΙΣΩΜΑΤΩΝ ΚΑΤΑ ΤΗΣ ΘΥΡΕΟΣΦΑΙΡΙΝΗΣ (TGAB) ;;;;;
8484;B313513;ΑΝΤΙΣΩΜΑ ΗΠΑΤΙΤΙΔΑΣ C;;;;;
8485;B313515;EΠΙΒΕΒΑΙΩΤΙΚΗ ΔΟΚΙΜΑΣΙΑ ΓΙΑ ΤΗΝ ΗΠΑΤΙΤΙΔΑ C ΜΕ ΜΕΘΟΔΟ ΑΝΟΣΟΑΠΟΤΥΠΩΣΗΣ (RIBA);;;;;
8486;B313517;ΑΝΕΝΕΡΓΟΣ;;;;;
8487;B313519;ΑΝΕΝΕΡΓΟΣ;;;;;
8488;B313521;ΑΝΕΝΕΡΓΟΣ;;;;;
8489;B313523;ΑΝΕΝΕΡΓΟΣ;;;;;
8490;B313531;ΠΡΟΣΔΙΟΡΙΣΜΟΣ ΑΝΤΙΓΟΝΩΝ ΙΣΤΟΣΥΜΒΑΤΟΤΗΤΑΣ ΜΕ ΠΕΡΙΟΡΙΣΤΙΚΑ ΕΝΖΥΜΑ;;;;;
8491;B313533;ΠΡΟΣΔΙΟΡΙΣΜΟΣ ΑΝΤΙΓΟΝΩΝ ΙΣΤΟΣΥΜΒΑΤΟΤΗΤΑΣ ΜΕ ΟΛΙΓΟΝΟΥΚΛΕΟΤΙΔΙΑ;;;;;
8492;B313539;ΠΡΟΣΔΙΟΡΙΣΜΟΣ ΑΝΤΙΓΟΝΩΝ HLA-DR ΜΕ ΜΑΓΝΗΤΙΚΑ ΣΦΑΙΡΙΔΙΑ;;;;;
8493;B313541;ΑΝΕΝΕΡΓΟΣ;;;;;
8494;B313549;ΑΝΕΝΕΡΓΟΣ;;;;;
8495;B313551;ΑΝΕΝΕΡΓΟΣ;;;;;
Δ.8;ΕΙΔΙΚΟΙ ΠΡΟΣΔΙΟΡΙΣΜΟΙ (ΑΝΤΙΣΩΜΑΤΑ Κ.Λ.Π) ΜΕ ΚΑΘΕ ΜΕΘΟΔΟ;;;;;;
8496;B313605;ΜΗ ΚΑΤΑΓΕΓΡΑΜΜΕΝΗ (ΡΑΔΙΟ) ΑΝΟΣΟΛΟΓΙΚΗ ΔΙΑΔΙΚΑΣΙΑ;;;;;
8497;B313605.1;ΑΜΙΝΟΦΥΛΛΙΝΗ;;;;;
8498;B313605.2;ΑΜΙΟΔΑΡΟΝΗ;;;;;
8499;B313605.3;ΦΑΙΝΥΝΤΟΙΝΗ;;;;;
8500;B313605.4;ΔΙΓΙΤΟΞΙΝΗ;;;;;
8501;B313605.5;ΕΚΣΤΑΣΗ;;;;;
8502;B313605.6;KANNABINOEIΔΗ (ΜΑΡΙΧΟΥΑΝΑ, ΧΑΣΙΣ);;;;;
8503;B313605.7;ΚΟΚΑΙΝΗ;;;;;
8504;B313605.8;ΟΞΥΚΑΡΒΑΖΕΠΙΝΗ;;;;;
8505;B313605.9;ΤΡΙΚΥΚΛΙΚΑ ;;;;;
8506;B313605.10;ΦΑΙΝΟΒΑΡΒΙΤΑΛΗ;;;;;
8507;B313605.11;ΦΑΙΝΥΛΚΥΚΛΙΔΙΝΗ;;;;;
8508;B313605.12;Δ ΚΑΜΠΥΛΗΣ ΔΙΕΓΕΡΗΣ ΙΝΣΟΥΛΙΝΗΣ C-ΠΕΠΤΙΔΙΟΥ ΑΥΤΗ Η ΟΜΑΔΑ ΕΞΕΤΑΣΕΩΝ ΠΕΡΙΛΑΜΒΑΝΕΙ ΤΑ ΑΚΟΛΟΥΘΑ: ΙΝΣΟΥΛΙΝΗ (83525) C-ΠΕΠΤΙΔΙΟ (84681 X 5) ΓΛΥΚΟΖΗ (82947 X 5);;;;;
8509;B313605.13;ΑΝΤΙΣΩΜΑ ΘΥΡΕΟΕΙΔΙΚΗΣ ΥΠΕΡΟΞΕΙΔΑΣΗΣ (ΑΒTPO);;;;;
8510;B313605.14;ΑΝΤΙΣ. ΚΑΤΑ ΓΛΟΥΤΑΜΙΝ. ΔΕΚΑΡΒΟΞΥΛΑΣΗΣ (ΑΝΤΙ-GAD);;;;;
8511;B313605.15;ΑΥΤΟΑΝΤΙΣΩΜΑΤΑ ΙΝΣΟΥΛΙΝΗΣ Α-2 (ΙΑ2);;;;;
8512;B313605.16;ΑΝΤΙΣΩΜΑΤΑ ΚΑΤΆ ΥΠΟΔΟΧΕΑ ΙΝΣΟΥΛΙΝΗΣ;;;;;
8513;B313605.17;ΛΕΠΤΙΝΗ;;;;;
8514;B313605.18;ΓΚΡΕΛΙΝΗ;;;;;
8515;B313605.19;ΠΑΓΚΡΕΑΤΙΚΟ ΠΟΛΥΠΕΠΤΙΔΙΟ (PP);;;;;
8516;B313605.20;ΠΕΠΤΙΔΙΟ ΥΥ (PYY);;;;;
8517;B313605.21;ADIPONECTIN;;;;;
8518;B313605.22;RESISTIN;;;;;
8519;B313605.23;ΜΑΚΡΟΠΡΟΛΑΚΤΙΝΗ;;;;;
8520;B313605.24;ΑΝΤΙΜΥΛΛΕΡΙΑΝ ΟΡΜΟΝΗ;;;;;
8521;B313605.25;ΙΝΧΙΜΠΙΝΗ Β;;;;;
8522;B313605.26;ΚΟΡΤΙΖΟΛΗ ΟΥΡΩΝ 24ΩΡΟΥ (ΟΛΙΚΗ Ή ΕΛΕΥΘΕΡΗ);;;;;
8523;B313605.27;ΑΝΤΙΣΩΜΑΤΑ 21-ΥΔΡΟΞΥΛΑΣΗΣ ΣΤΕΡΟΕΙΔ.;;;;;
8524;B313605.28;ΠΡΟΓΕΝΝΗΤΙΚ. ΕΛΕΓΧ.ΧΡΩΜ ΑΝΩΜ Α’ ΤΡΙΜ;;;;;
8525;B313605.29;ΠΡΟΓΕΝΝΗΤΙΚ. ΕΛΕΓΧ.ΧΡΩΜ ΑΝΩΜ Β’ ΤΡΙΜ;;;;;
8526;B313605.30;ENZYMA ΦΥΛΛΙΚΟ ΟΞΥ;;;;;
8527;B313605.31;EΠΙΒΙΩΣΗ ΕΡΥΘΡΩΝ ΜΕ ΡΑΔΙΕΝ. ΧΡΩΜΙΟ;;;;;
8528;B313605.32;METABOΛΙΣΜΟΣ ΡΑΔΙΕΝΕΡΓΟΥ ΣΙΔΗΡΟΥ;;;;;
8529;B313605.33;ΔΕΣΜΕΥΤΙΚΕΣ ΠΡΩΤΕΙΝΕΣ ΤΗΣ ΣΩΜΑΤΟΜΕΔΙΝΗΣ (IGFBP1,2,3);;;;;
8530;B313605.34;ΣΩΜΑΤΟΜΕΔΙΝΗ Α (IGF-2);;;;;
8531;B313605.35;ΜΕΛΑΝΙΟΤΡΟΠΟΣ ΟΡΜΟΝΗ (ΜΕΛΑΤΟΝΙΝΗ);;;;;
8532;B313605.36;Β-ΕΝΔΟΡΦΙΝΗ;;;;;
8533;B313605.37;ΥΠΟΘΑΛ ΓΟΝΑΔΟΤΡΟΠΙΚΟΣ ΠΑΡΑΓΩΝ (GNRH);;;;;
8534;B313605.38;ΣΩΜΑΤΟΕΚΛΥΤΙΝΗ (GHRH);;;;;
8535;B313605.39;ΕΛΕΓΧΟΣ ΥΠΟΘΑΛ - ΥΠΟΦΥΣΗΣ;;;;;
8536;B313605.40;ACETYLCHOLINE RECEPTOR BINDING;;;;;
8537;B313605.41;A-VGCC, A-VKC;;;;;
8538;B313605.42;Δ ΔΙΕΓΕΡΣΗΣ ΟΡΜΟΝΗΣ (ΜΗ ΠΕΡΙΓΡΑΦΕΙΣΑ);;;;;
8539;B313605.43;Δ ΚΑΤΑΣΤΟΛΗΣ ΟΡΜΟΝΗΣ (ΜΗ ΠΕΡΙΓΡΑΦΕΙΣΑ);;;;;
8540;B313605.44;ΑΔΡΕΝΑΛΙΝΗ / ΕΠΙΝΕΦΡΙΝΗ ΠΛΑΣΜΑΤΟΣ;;;;;
8541;B313605.45;ΑΔΡΕΝΑΛΙΝΗ / ΕΠΙΝΕΦΡΙΝΗ ΟΥΡΩΝ 24ΩΡΟΥ;;;;;
8542;B313605.46;ΝΟΡΑΔΡΕΝΑΛΙΝΗ / ΝΟΡΕΠΙΝΕΦΡΙΝΗ ΠΛΑΣΜΑΤΟΣ;;;;;
8543;B313605.47;ΝΟΡΑΔΡΕΝΑΛΙΝΗ / ΝΟΡΕΠΙΝΕΦΡΙΝΗ ΟΥΡΩΝ 24HR;;;;;
8544;B313605.48;ΝΟΡΜΕΤΑΝΕΦΡΙΝΗ ΠΛΑΣΜΑΤΟΣ, ΟΥΡΩΝ;;;;;
8545;B313605.49;ΝΤΟΠΑΜΙΝΗ ΠΛΑΣΜΑΤΟΣ;;;;;
8546;B313605.50;ΝΤΟΠΑΜΙΝΗ ΟΥΡΩΝ;;;;;
8547;B313605.51;ΕΝΔΟΘΗΛΙΝΗ;;;;;
8548;B313605.52;ΔΡΑΣΤΙΚΟΤΗΤΑ ΡΕΝΙΝΗΣ ΠΛΑΣΜΑΤΟΣ (PRA);;;;;
8549;B313605.53;COPEPTIN;;;;;
8550;B313605.54;ΝΑΤΡΙΟΥΡΗΤΙΚΟ ΠΕΠΤΙΔΙΟ ΕΓΚΕΦΑΛΟΥ (BNP);;;;;
8551;B313605.55;ΑΜΙΝΟΤΕΛ ΑΚΡΟ Β ΝΑΤΡΙΟΥΡ. ΠΕΠΤΙΔΙΟΥ (PRO-BNP);;;;;
8552;B313605.56;ΟΣΤΕΑΣΗ;;;;;
8553;B313605.57;ΟΣΤΙΚΟ TRAP;;;;;
8554;B313605.58;ΔΕΟΞΥΠΥΡΙΔΙΝΟΛΙΝΗ ΟΥΡΩΝ (PYRILINKS-D);;;;;
8555;B313605.59;N-TERMINAL C-TERMINAL PTH (ΠΕΠΤΙΔΙΑ PTH);;;;;
8556;B313605.60;PTH RELATED PROTEIN (PTHrP) ΠΡΩΤΕΙΝΗ ΣΧΕΤΙΖΟΜΕΝΗ ΜΕ ΠΑΡΑΘΟΡΜΟΝΗ;;;;;
8557;B313605.61;ΠΕΠΤΙΔΙΟ ΠΡΟΚΟΛΛΑΓΟΝΟΥ ΤΥΠΟΥ Ι (PICP);;;;;
8558;B313605.62;ΠΡΟΠΕΠΤΙΔΙΟ ΠΡΟΚΟΛΛΑΓ. N-TERMINAL (PINP);;;;;
8559;B313605.63;ΤΕΛΟΠΕΠΤ.ΤΥΠΟΥ Ι ΚΟΛΛΑΓ. Ν-TERMINAL (NTx);;;;;
8560;B313605.64;ΤΕΛΟΠ.ΤΥΠ.Ι ΚΟΛΛΑΓ. Ν-TERMINAL ΟΥΡΩΝ;;;;;
8561;B313605.65;ΥΔΡΟΞΥΠΡΟΛΙΝΗ ΟΥΡΩΝ;;;;;
8562;B313605.66;ΤΕΛΟΠΕΠΤ. ΤΥΠΟΥ Ι ΚΟΛΛΑΓ. C-TERMINAL;;;;;
8563;B313605.67;A2-MIKΡΟΣΦΑΙΡΙΝΗ;;;;;
8564;B313605.68;ΒΛΕΝΝΟΜΙΜΗΤΙΚΟ ΚΑΡΚΙΝΙΚΟ ΑΝΤΙΓΟΝΟ;;;;;
8565;B313605.69;ΚΑΡΚΙΝΙΚΟ ΑΝΤΙΓΟΝΟ SCC;;;;;
8566;B313605.70;ΚΑΡΚΙΝΙΚΟ ΑΝΤΙΓΟΝΟ NSE;;;;;
8567;B313605.71;ΚΑΡΚΙΝΙΚΟ ΑΝΤΙΓΟΝΟ CYFRA 21-1;;;;;
8568;B313605.72;ΚΑΡΚΙΝΙΚΟ ΑΝΤΙΓΟΝΟ TATI;;;;;
8569;B313605.73;ΠΟΛΥΠΕΠΤΙΔΙΚΟ ΑΝΤΙΓΟΝΟ ΙΣΤΩΝ (TPA, TPS);;;;;
8570;B313605.74;ΧΡΩΜΟΓΡΑΝΙΝΗ-Α (CgA);;;;;
8571;B313605.75;ΚΑΡΚΙΝΙΚΟ ΑΝΤΙΓΟΝΟ ΗΕ4;;;;;
8572;B313605.76;ΤΡΥΠΤΑΣΗ;;;;;
8573;B313605.77;ΑΝΤΙΣΩΜΑΤΑ ΕΡΥΘΡΑΣ IGM;;;;;
8574;B313605.78;ΙΝΤΕΡΛΕΥΚΙΝΕΣ;;;;;
8575;B313605.79;ΠΑΡΑΓΟΝΤΑΣ ΝΕΚΡΩΣΗΣ ΟΓΚΟΥ - Α (TNF-a);;;;;
8576;B313605.80;ΝΕΟΠΤΕΡΙΝΗ;;;;;
8577;B313605.81;ΑΝΤΙΣΩΜΑΤΑ ΤΡΑΝΣΓΛΟΥΤΑΜΙΝΑΣΗΣ (IGG);;;;;
8578;B313605.82;ΑΝΤΙΣΩΜΑΤΑ ΤΡΑΝΣΓΛΟΥΤΑΜΙΝΑΣΗΣ (IGM);;;;;
8579;B313605.83;ΑΝΤΙΓΛΟΙΑΔΙΝΙΚΑ ΑΝΤΙΣΩΜΑΤΑ (IGG);;;;;
8580;B313605.84;ΑΝΤΙΓΛΟΙΑΔΙΝΙΚΑ ΑΝΤΙΣΩΜΑΤΑ (IGM);;;;;
8581;B313605.85;ΑΝΤΙΣΩΜΑΤΑ ΚΑΤΆ ΕΝΔΟΜΥΙΟΥ IgA;;;;;
8582;B313605.86;ΑΝΤΙΣΩΜ. ΡΕTΙKΟΥΛΙΝΗΣ IgA;;;;;
8583;B313605.87;ΒΑΣΙΚΗ ΠΡΩΤΕΙΝΗ ΜΥΕΛΙΝΗΣ (MBP);;;;;
8584;B313605.88;ΚΥΤΟΚΕΡΑΤΙΝΕΣ;;;;;
8585;B313605.89;ΜΕΤΑΛΛΟΠΡΩΤΕΙΝΑΣΕΣ;;;;;
8586;B313605.90;GLP-1 (GLUCAGON LIKE PEPTIDE-1);;;;;
8587;B313605.91;ΚΙΝΑΣΗ ΘΥΜΙΔΙΝΗΣ (ΤΚ);;;;;
8588;B313605.92;AMYLIN;;;;;
8589;B313605.93;CHEMERIN;;;;;
8590;B313605.94;MCP-1 (MONOCYTE CHEMOATTRACTANT PROTEIN-1);;;;;
8591;B313605.95;FGF (FIBROBLAST GROWTH FACTOR);;;;;
8592;B313605.96;NGF (NERVE GROWTH FACTOR);;;;;
8593;B313605.97;GIP (GLUCOSE-DEPENDENT INSULINOTROPIC POLYPEPTIDE);;;;;
8594;B313605.98;ICAM-3;;;;;
8595;B313605.99;LAMININ;;;;;
8596;B313605.100;NEUROPEPTIDE Y;;;;;
8597;B313605.101;NEUROTROPHIN ;;;;;
8598;B313605.102;PGDF;;;;;
8599;B313605.103;BDNF (BRAIN DRIVE NEUROTROPHIC FACTOR) ;;;;;
8600;B313605.104;RBP4 (RETINOL BINDING PROTEIN 4);;;;;
8601;B313605.105;sE-SELECTIN;;;;;
8602;B313605.106;SERUM AMYLOID A-3 (SAA-3);;;;;
8603;B313605.107;SICAM;;;;;
8604;B313605.108;SVCAM;;;;;
8605;B313605.109;N-CAM;;;;;
8606;B313605.110;AMYLOID (ΑΜΥΛΟΕΙΔΕΣ) ALPHA, BETA, ETC;;;;;
8607;B313605.111;AGRP (AGOUTI RELATED PROTEIN);;;;;
8608;B313605.112;CNTF;;;;;
8609;B313605.113;PAI-1;;;;;
8610;B313605.114;IFN (ΙΝΤΕΡΦΕΡΟΝΕΣ);;;;;
8611;B313605.115;FIBRONECTIN;;;;;
8612;B313605.116;ΠΡΟΚΑΛΣΙΤΟΝΙΝΗ;;;;;
8613;B313605.117;OSTEOPONTIN;;;;;
8614;B313605.118;MIF;;;;;
8615;B313605.119;OPG;;;;;
8616;B313605.120;INVOLUCRIN;;;;;
8617;B313605.121;LPS;;;;;
8618;B313605.122;KERATINS;;;;;
8619;B313605.123;OREXIN-A / -B;;;;;
8620;B313605.124;NEUROTENSIN;;;;;
8621;B313605.125;SUBSTANCE P;;;;;
8622;B313605.126;EGFR (EPIDERMAL GROWTH FACTOR RECEPTOR);;;;;
8623;B313605.127;JANUS KINASE 2 (JAK2);;;;;
8624;B313605.128;MMA (METHYLMALONIC ACID);;;;;
8625;B313605.129;MYCOPHENOLIC ACID;;;;;
8626;B313605.130;PS-1 (PRESENILIN-1);;;;;
8627;B313605.131;TAU PROTEIN;;;;;
8628;B313605.132;ΑΛΒΟΥΜΙΝΗ;;;;;
8629;B313605.133;ΦΕΤΟΥΙΝΗ;;;;;
8630;B313605.134;S-100;;;;;
8631;B313605.135;ΑΛΦΑ ΥΠΟΜΟΝΑΔΑ;;;;;
8632;B313605.136;ΑΝΤΙΕΠΙΝΕΦΡΙΔΙΑΚΑ ΑΝΤΙΣΩΜΑΤΑ;;;;;
8633;B313605.137;ΑΝΤΙ-Τ3 ΑΥΤΟΑΝΤΙΣΩΜΑΤΑ;;;;;
8634;B313605.138;ΑΝΤΙ-Τ4 ΑΥΤΟΑΝΤΙΣΩΜΑΤΑ;;;;;
8635;B313605.139;ΑΝΤΙΣΩΜΑΤΑ ΕΝΑΝΤΙ ΥΠΟΔΟΧΕΩΝ ΙΝΣΟΥΛΙΝΗΣ;;;;;
8636;B313605.140;ΑΝΤΙ-ΤSH ΑΥΤΟΑΝΤΙΣΩΜΑΤΑ;;;;;
8637;B313605.141;ΑΝΤΙΤΟΙΧΩΜΑΤΙΚΑ ΑΝΤΙΣΩΜΑΤΑ (APCA);;;;;
8638;B313605.142;ΔΕΣΜΕΥΤΙΚH ΠΡΩΤΕΙΝH ΤΗΣ ΑΥΞΗΤΙΚΗΣ ΟΡΜΟΝΗΣ (GHBP);;;;;
8639;B313605.143;ΕΚΛΥΤΙΚΗ ΟΡΜΟΝΗ ΤΗΣ ΘΥΡΕΟΤΡΟΠΙΝΗΣ (TRH);;;;;
8640;B313605.144;ΕΚΛΥΤΙΚΗ ΟΡΜΟΝΗ ΤΗΣ ACTH (CRH);;;;;
8641;B313605.145;ΕΚΛΥΤΙΚΗ ΟΡΜΟΝΗ ΤΗΣ GH (GHRH);;;;;
8642;B313605.146;ΘΥΡΕΟΑΥΞΗΤΙΚΕΣ ΑΝΟΣΟΣΦΑΙΡΙΝΕΣ (TGI);;;;;
8643;B313605.147;ΙΝΣΟΥΛΙΝΟΜΟΡΟΦΟΣ ΑΥΞΗΤΙΚΟΣ ΠΑΡΑΓΟΝΤΑΣ (IGF-II);;;;;
8644;B313605.148;ΠΕΨΙΝΟΓΟΝΟ Ι;;;;;
8645;B313605.149;ΠΡΟΪΝΣΟΥΛΙΝΗ;;;;;
8646;B313605.150;ΠΡΟΡΕΝΙΝΗ;;;;;
8647;B313605.151;18-ΥΔΡΟΞΥΔΕΟΞΥΚΟΡΤΙΚΟΣΤΕΡΟΝΗ (18-OH-DOC);;;;;
8648;B313605.152;18-ΥΔΡΟΞΥΚΟΡΤΙΚΟΣΤΕΡΟΝΗ ;;;;;
8649;B313605.153;ΦΡΟΥΚΤΟΖΑΜΙΝΗ;;;;;
8650;B313605.154;GLUCAGON PANCREAS SPECIFIC;;;;;
8651;B313605.155;ΧΟΛΟΚΥΣΤΟΚΙΝΙΝΗ;;;;;
8652;B313605.156;PANKRESTATIN;;;;;
8653;B313605.157;CORTISTATIN;;;;;
8654;B313605.158;ΜΟΤΙΛΙΝΗ;;;;;
8655;B313605.159;ΣΕΚΡΕΤΙΝΗ;;;;;
8656;B313605.160;ADRENOMEDULLIN;;;;;
8657;B313605.161;ΜΕΤΡΗΣΗ ΜΑΖΑΣ ΕΡΥΘΡΩΝ ΜΕ ΡΑΔΙΕΝ. ΧΡΩΜΙΟ;;;;;
8658;B313605.162;OXYTOCIN;;;;;
8659;B313605.163;BRADYKININ;;;;;
8660;B313605.164;NEUROKININ A;;;;;
8661;B313605.165;SUBSTANCE P;;;;;
8662;B313605.166;GALANIN;;;;;
8663;B313605.167;NOCICEPTIN;;;;;
8664;B313605.168;CORTISTATIN;;;;;
8665;B313605.169;MYOGLOBIN;;;;;
8666;B313605.170;ΝΑΤΡΙΟΥΡΗΤΙΚΟ ΠΕΠΤΙΔΙΟ  ΤΥΠΟΥ C;;;;;
8667;B313605.171;UROTENSIN II;;;;;
8668;B313605.172;UROCORTIN;;;;;
8669;B313605.173;URODILATIN;;;;;
8670;B313605.174;ΜΕΤΡΗΣΗ GFR ΜΕ ΡΑΔΙΕΝΕΡΓΟ ΧΡΩΜΙΟ;;;;;
8671;B313605.175;Ν-ΠΡΟΠΕΠΤΙΔΙΟ TOY ΠΡΟΚΟΛΛΑΓONOY TYΠOY III ;;;;;
8672;B313605.176;GASTRIN RELEASING PEPTIDE (GRP);;;;;
8673;B313605.177;GASTRIN INHIBIT PEPTIDE (GIP);;;;;
8674;B313605.178;TUMOR GROWTH FACTOR (TGF);;;;;
8675;B313605.179;ΒΑΖΟΠΡΕΣΣΙΝΗ ΑΡΓΙΝΙΝΗ;;;;;
8676;B313605.180;ΕΝΕΡΓΟ ΡΕΝΙΝΗ;;;;;
8677;B313605.181;ΝΕΦΡΙΝΕΣ;;;;;
8678;B313605.182;AGGREGAN (PG);;;;;
8679;B313605.183;ΑΝΤΙΣΩΜΑΤΑ ΕΝΑΝΤΙ ΕΚΧΥΛΙΖΟΜΕΝΩΝ ΑΝΤΙΓΟΝΩΝ ΤΟΥ ΠΥΡΗΝΑ ENAS (SCREENING) ;;;;;
8680;B313605184;ΑΝΤΙ-SS-A (RO) ΑΝΤΙΣΩΜΑΤΑ ;;;;;
8681;B313605.185;ΑΝΤΙ-RO52 ΑΝΤΙΣΩΜΑΤΑ ;;;;;
8682;B313605.186;ΑΝΤΙ-SS-B (LA) ΑΝΤΙΣΩΜΑΤΑ ;;;;;
8683;B313605.187;ΑΝΤΙ-SM ΑΝΤΙΣΩΜΑΤΑ ;;;;;
8684;B313605.188;ΑΝΤΙΣΩΜΑΤΑ ΕΝΑΝΤΙ RNP ;;;;;
8685;B313605.189;ΑΝΤΙ-SCL 70 ΑΝΤΙΣΩΜΑΤΑ ;;;;;
8686;B313605.190;ΑΝΤΙ-PM-SCL ΑΝΤΙΣΩΜΑΤΑ ;;;;;
8687;B313605.191;ΑΝΤΙ-JO-1 ΑΝΤΙΣΩΜΑΤΑ ;;;;;
8688;B313605.192;ΑΝΤΙΣΩΜΑΤΑ ΕΝΑΝΤΙ ΚΕΝΤΡΟΜΕΡΙΔΙΟΥ  (CENP-B/CENP-A) ;;;;;
8689;B313605.193;ΑΝΤΙΣΩΜΑΤΑ ΕΝΑΝΤΙ ΡΙΒΟΣΩΜΙΑΚΗΣ Ρ ΠΡΩΤΕΪΝΗΣ (RIBO P) ;;;;;
8690;B313605.194;ΑΝΤΙΣΩΜΑΤΑ ΕΝΑΝΤΙ ΙΣΤΟΝΩΝ, ΑΝΑ ΕΙΔΙΚΟΤΗΤΑ;;;;;
8691;B313605.195;ΑΝΤΙΣΩΜΑΤΑ ΕΝΑΝΤΙ ΝΟΥΚΛΕΟΣΩΜΑΤΟΣ ;;;;;
8692;B313605.196;ΑΝΤΙΣΩΜΑΤΑ ΕΝΑΝΤΙ C1Q ;;;;;
8693;B313605.197;ΑΝΤΙΣΩΜΑΤΑ ΕΝΑΝΤΙ ΚΕΡΑΤΙΝΗΣ;;;;;
8694;B313605.198;ΑΝΤΙ-MI-2 / KU ΑΝΤΙΣΩΜΑΤΑ;;;;;
8695;B313605.199;ΑΝΤΙΣΩΜΑΤΑ ΕΝΑΝΤΙ ΜΥΟΣΙΝΗΣ ;;;;;
8696;B313605.200;ΑΝΤΙΣΩΜΑΤΑ ΕΝΑΝΤΙ PCNA;;;;;
8697;B313605.201;ΑΝΤΙΜΙΤΟΧΟΝΔΡΙΑΚΑ ΑΝΤΙΣΩΜΑΤΑ (AMA) ;;;;;
8698;B313605.202;ΑΝΤΙΣΩΜΑΤΑ ΕΝΑΝΤΙ ΛΕΙΩΝ ΜΥΪΚΩΝ ΙΝΩΝ (ASMA) ;;;;;
8699;B313605.203;ΑΝΤΙΣΩΜΑΤΑ ΕΝΑΝΤΙ ΤΩΝ ΜΙΚΡΟΪΝΙΔΙΩΝ (MICROFILAMENT ANTIBODIES) ;;;;;
8700;B313605.204;ΑΝΤΙΣΩΜΑΤΑ ΕΝΑΝΤΙ ΤΩΝ ΕΝΔΙΑΜΕΣΩΝ ΙΝΙΔΙΩΝ (INTERMEDIA FILAMENTS ANTIBODIES);;;;;
8701;B313605.205;ΑΝΤΙΣΩΜΑΤΑ ΕΝΑΝΤΙ ΚΥΤΤΑΡΟΠΛΑΣΜΑΤΟΣ ΟΥΔΕΤΕΡΟΦΙΛΩΝ C-ANCA / P-ANCA;;;;;
8702;B313605.206;ΑΝΤΙΣΩΜΑΤΑ ΕΝΑΝΤΙ ΠΡΩΤΕΪΝΑΣΗΣ 3 (PR3-ANCA);;;;;
8703;B313605.207;ΑΝΤΙΣΩΜΑΤΑ ΕΝΑΝΤΙ ΜΥΕΛΟΫΠΕΡΟΞΕΙΔΑΣΗΣ (MPO-ANCA) ;;;;;
8704;B313605.208;ΑΝΤΙΣΩΜΑΤΑ ΕΝΑΝΤΙ ΒΑΣΙΚΗΣ ΜΕΜΒΡΑΝΗΣ ΤΟΥ ΣΠΕΙΡΑΜΑΤΟΣ (GBM) ;;;;;
8705;B313605.209;ΑΝΤΙΣΩΜΑΤΑ ΕΝΑΝΤΙ ΒΑΣΙΚΗΣ ΜΕΜΒΡΑΝΗΣ ΤΟΥ ΣΠΕΙΡΑΜΑΤΟΣ (GBM) ;;;;;
8706;B313605.210;ΑΝΤΙ-MCV ΑΝΤΙΣΩΜΑΤΑ (MUTADED CITRULLINATED VIMENTIN) (ΕΝΑΝΤΙ ΜΕΤΑΛΛΑΓΜΕΝΗΣ ΚΙΤΡΟΥΛΙΝΟΠΟΙΗΜΕΝΗΣ ΒΙΜΕΝΤΙΝΗΣ);;;;;
8707;B313605.211;ΑΝΤΙ-RA33 ΑΝΤΙΣΩΜΑΤΑ;;;;;
8708;B313605.212;ΑΝΤΙ-SA ΑΝΤΙΣΩΜΑΤΑ;;;;;
8709;B313605.213;ΑΝΤΙΣΩΜΑΤΑ ΕΝΑΝΤΙ ΡΕΤΙΚΟΥΛΙΝΗΣ (ARA) ;;;;;
8710;B313605.214;ΑΝΤΙΣΩΜΑΤΑ ΕΝΑΝΤΙ ΕΝΔΟΜΥΪΟΥ (ΕMΑ);;;;;
8711;B313605.215;ΑΝΤΙΣΩΜΑΤΑ ΕΝΑΝΤΙ ΓΛΙΑΔΙΝΗΣ (AGA)  IGA, IGG  (ΑΝΑ ΙΣΟΤΥΠΟ);;;;;
8712;B313605.216;ΠΡΟΣΔΙΟΡΙΣΜΟΣ  ΑΝΤΙΣΩΜΑΤΩΝ ΕΝΑΝΤΙ ΣΥΝΘΕΤΙΚΩΝ ΠΕΠΤΙΔΙΩΝ ΓΛΙΑΔΙΝΗΣ (SYNTHETIC DEAMIDATED GLIADIN PEPTIDES, DGP) ΙGG ΚΑΙ  IGA (ΑΝΑ ΙΣΟΤΥΠΟ);;;;;
8713;B313605.217;ΑΝΤΙΣΩΜΑΤΑ ΕΝΑΝΤΙ ΙΣΤΙΚΗΣ ΤΡΑΝΣΓΛΟΥΤΑΜΙΝΑΣΗΣ (TTG) ΙGA, IGG (ΑΝΑ ΙΣΟΤΥΠΟ);;;;;
8714;B313605.218;ΑΝΤΙΣΩΜΑΤΑ ΕΝΑΝΤΙ S. CEREVISIAE (ASCA) IGG, IGA ΑΝΑ ;;;;;
8715;B313605.219;ΑΝΤΙΣΩΜΑΤΑ ΕΝΑΝΤΙ ΤΟΥ ΥΠΟΔΟΧΕΑ ΤΗΣ ΘΥΡΕΟΕΙΔΟΤΡΟΠΟΥ ΟΡΜΟΝΗΣ (TRAB) ;;;;;
8716;B313605.220;ΑΝΤΙ-Μ2 ΑΝΤΙΣΩΜΑΤΑ ;;;;;
8717;B313605.221;AΝΤΙΣΩΜΑΤΑ ΕΝΑΝΤΙ ΤΗΣ ΠΡΩΤΕΙΝΗΣ Μ2 EP (MIT3);;;;;
8718;B313605.222;ΑΝΤΙΣΩΜΑΤΑ ΕΝΑΝΤΙ F-ΑΚΤΙΝΗΣ ;;;;;
8719;B313605.223;ΑΝΤΙ-SP-100 (IGG) ΑΝΤΙΣΩΜΑΤΑ ;;;;;
8720;B313605.224;ΑΝΤΙ-GP-210 (IGG) ΑΝΤΙΣΩΜΑΤΑ ;;;;;
8721;B313605.225;ΑΝΤΙΣΩΜΑΤΑ  ΕΝΑΝΤΙ ΔΙΑΛΥΤΟΥ ΑΝΤΙΓΟΝΟΥ ΗΠΑΤΟΣ SLA;;;;;
8722;B313605.226;ΑΝΤΙΣΩΜΑΤΑ ΕΝΑΝΤΙ LC1;;;;;
8723;B313605.227;ΑΝΤΙ-SRP ΑΝΤΙΣΩΜΑΤΑ ;;;;;
8724;B313605.228;ΑΝΤΙΣΩΜΑΤΑ ΕΝΑΝΤΙ ΕΠΙΝΕΦΡΙΔΙΩΝ (ANTI-ADRENAL);;;;;
8725;B313605.229;ΑΝΤΙΣΩΜΑΤΑ ΕΝΑΝΤΙ ΣΚΕΛΕΤΙΚΟΥ ΜΥΟΣ;;;;;
8726;B313605.230;ΑΝΤΙΩΟΘΗΚΙΚΑ ΑΝΤΙΣΩΜΑΤΑ ;;;;;
8727;B313605.231;ΠΡΟΣΔΙΟΡΙΣΜΟΣ ΑNTI-MANNOBIOSIDE CARBOHYDRATE ANTIBODIES (AMCA);;;;;
8728;B313605.232;ΠΡΟΣΔΙΟΡΙΣΜΟΣ ΑΝΤΙΣΩΜΑΤΩΝ  ΕΝΑΝΤΙ  ANTI LAMINARIBIOSIDE CARBOHYDRATE ANTIBODIES (ALCA) ;;;;;
8729;B313605.233;ΠΡΟΣΔΙΟΡΙΣΜΟΣ ΑΝΤΙΣΩΜΑΤΩΝ  ΕΝΑΝΤΙ  ANTI CHITOBIOSE CARBOHYDRATE ANTIBODIES (ACCA) ;;;;;
8730;B313605.234;ΠΡΟΣΔΙΟΡΙΣΜΟΣ ΑΝΤΙΣΩΜΑΤΩΝ  ΕΝΑΝΤΙ  ΤΟΥ ΑΝΤΙΓΟΝΟΥ OMP;;;;;
8731;B313605.235;ΑΝΤΙΣΩΜΑΤΑ ΕΝΑΝΤΙ ΦΩΣΦΑΤΙΔΥΛΙΝΟΣΙΤΟΛΗΣ IGG, IGM, IGA, (ΑΝΑ ΙΣΟΤΥΠΟ);;;;;
8732;B313605.236;ΑΝΤΙΣΩΜΑΤΑ ΕΝΑΝΤΙ ΦΩΣΦΑΤΙΔΥΛΧΟΛΙΝΗΣ IGG, IGM,  IGA (ΑΝΑ ΙΣΟΤΥΠΟ);;;;;
8733;B313605.237;ΑΝΤΙΣΩΜΑΤΑ ΕΝΑΝΤΙ ΦΩΣΦΑΤΙΔΥΛΑΙΘΑΝΟΛΑΜΙΝΗΣ IGG, IGM, IGA (ΑΝΑ ΙΣΟΤΥΠΟ);;;;;
8734;B313605.238;ΑΝΤΙΣΩΜΑΤΑ ΕΝΑΝΤΙ ΦΩΣΦΑΤΙΔΙΚΟΥ ΟΞΕΟΣ IGG, IGM, IGA, (ΑΝΑ ΙΣΟΤΥΠΟ);;;;;
8735;B313605.239;ΑΝΤΙΣΩΜΑΤΑ ΕΝΑΝΤΙ ΦΩΣΦΑΤΙΔΥΛΓΛΥΚΕΡΟΛΗ IGG, IGM, IGA, (ΑΝΑ ΙΣΟΤΥΠΟ);;;;;
8736;B313605.240;ΑΝΤΙΣΩΜΑΤΑ ΕΝΑΝΤΙ ΠΡΟΘΡΟΜΒΙΝΗΣ ΙGG, IGM, IGA  (ΑΝΑ ΙΣΟΤΥΠΟ);;;;;
8737;B313605.241;ΑΝΤΙΣΩΜΑΤΑ ΕΝΑΝΤΙ ΑΝΝΕΞΙΝΗΣ V  IGG, ΙGΜ, ΙGΑ (ΑΝΑ ΙΣΟΤΥΠΟ);;;;;
8738;B313605.242;ΑΝΤΙΣΠΕΡΜΙΚΑ ΑΝΤΙΣΩΜΑΤΑ ΟΡΟΥ IGG, IGM, IGA (ΑΝΑ ΙΣΟΤΥΠΟ);;;;;
8739;B313605.243;ΑΝΤΙΣΠΕΡΜΙΚΑ ΑΝΤΙΣΩΜΑΤΑ ΣΠΕΡΜΑΤΟΣ IGG, IGM, IGA (ΑΝΑ ΙΣΟΤΥΠΟ);;;;;
8740;B313605.244;ΑΝΤΙΣΠΕΡΜΙΚΑ ΑΝΤΙΣΩΜΑΤΑ ΤΡΑΧΗΛΙΚΗΣ ΒΛΕΝΝΗΣ IGG, IGM, IGA (ΑΝΑ ΙΣΟΤΥΠΟ);;;;;
8741;B313605.245;ΑΝΤΙΣΩΜΑ ΕΝΑΝΤΙ IGA1, IGA2 (ΑΝΑ ΙΣΟΤΥΠΟ);;;;;
8742;B313605.246;ΑΝΤΙΣΩΜΑΤΑ ΑΝΤΙ-GAD-65 (GLUTAMIC ACID DECARBOXYLASE)  ;;;;;
8743;B313605.247;ΑΝΤΙΣΩΜΑΤΑ ΑΝΤΙ-IA-2 (ISLET ANTIGEN 2, PROTEIN TYROSINE PHOSPHATASE)  ΑΝΤΙΣΩΜΑΤΩΝ ;;;;;
8744;B313605.248;ΑΝΤΙΣΩΜΑΤΑ ΝΕΥΡΩΝΙΚΩΝ ΓΙΑ ΤΑ ΑΝΤΙΓΟΝΑ  RI, HU, YO, AMPHIPHYSIN, PNMA2 (MA-2/TA), CV2.1 (ΑΝΑ ΑΝΤΙΣΩΜΑ).;;;;;
8745;B313605.249;ΑΝΤΙΣΩΜΑΤΑ ΓΑΓΓΛΙΟΣΙΔΙΚΑ ΕΝΑΝΤΙ GM1, GM2, GM3, GD1A, GD1B, GT1B, GQ1B  (ΑΝΑ ΑΝΤΙΣΩΜΑ).;;;;;
8746;B313605.250;ΑΝΤΥΙΣΩΜΑΤΑ ΕΝΑΝΤΙ MUSK (ANTI–MUSCLE-SPECIFIC TYROSINE KINASE) ;;;;;
8747;B313605.251;ΑΝΤΙΣΩΜΑΤΑ ΕΝΑΝΤΙ ΜΥΕΛΙΝΗΣ (ΓΛΥΚΟΠΡΩΤΕΪΝΗΣ MAG);;;;;
8748;B313605.252;ΑΝΤΙΣΩΜΑΤΑ ΕΝΑΝΤΙ ΤΟΥ ΥΠΟΔΟΧΕΑ ΤΗΣ ΑΚΕΤΥΛΟΧΟΛΙΝΗΣ (ΑΝΤΙ-ACHR);;;;;
8749;B313605.253;ΑΝΤΙΣΩΜΑΤΑ ΕΝΑΝΤΙ ΚΑΡΔΙΑΚΟΥ ΜΥΟΣ ;;;;;
8750;B313605.254;ΑΝΤΙΣΩΜΑΤΑ ΕΝΑΝΤΙ ΠΕΜΦΙΓΟΣ (IFA);;;;;
8751;B313605.255;ΑΝΤΙΣΩΜΑΤΑ ΕΝΑΝΤΙ ΠΕΜΦΙΓΟΕΙΔΟΥΣ (IFA);;;;;
8752;B313605.256;ΑΝΙΧΝΕΥΣΗ ΣΥΝΔΕΣΗΣ ΑΥΤΟΑΝΤΙΓΟΝΩΝ ΜΕ IGG, IGA, IGM (ΑΜΕΣΟΣ ΑΝΟΣΟΦΘΟΡΙΣΜΟΣ);;;;;
8753;B313605.257; ΑΝΙΧΝΕΥΣΗ ΣΥΝΔΕΣΗΣ ΑΥΤΟΑΝΤΙΓΟΝΩΝ ΜΕ C3C (ΑΜΕΣΟΣ ΑΝΟΣΟΦΘΟΡΙΣΜΟΣ);;;;;
8754;B313605.258;ΑΝΙΧΝΕΥΣΗ ΣΥΝΔΕΣΗΣ ΑΥΤΟΑΝΤΙΣΩΜΑΤΩΝ ΜΕ IGG, IGA, IGM (ΑΜΕΣΟΣ ΑΝΟΣΟΦΘΟΡΙΣΜΟΣ);;;;;
8755;B313605.259;ΑΝΙΧΝΕΥΣΗ ΣΥΝΔΕΣΗΣ ΑΥΤΟΑΝΤΙΣΩΜΑΤΩΝ ΜΕ C3C (ΑΜΕΣΟΣ ΑΝΟΣΟΦΘΟΡΙΣΜΟΣ);;;;;
8756;B313605.260;ΑΝΤΙΣΩΜΑΤΑ ΕΝΑΝΤΙ ΤΩΝ ΑΝΤΙΓΟΝΩΝ DSG-1, DSG-3 (ΑΝΑ ΑΝΤΙΓΟΝΟ):;;;;;
8757;B313605.261;ΑΝΤΙΣΩΜΑΤΑ ΕΝΑΝΤΙ ΤΩΝ ΑΝΤΙΓΟΝΩΝ BP 180, BP 230 (ΑΝΑ ΑΝΤΙΓΟΝΟ);;;;;
8758;B313605.262;EVEROLIMUS, ΠΡΟΣΔΙΟΡΙΣΜΟΣ ΕΠΙΠΕΔΩΝ;;;;;
8759;B313605.263;MMF, ΠΡΟΣΔΙΟΡΙΣΜΟΣ ΕΠΙΠΕΔΩΝ;;;;;
8760;B313605.264;ΚΡΥΣΦΑΙΡΙΝΕΣ ΠΟΣΟΤΙΚΟΣ ΠΡΟΣΔΙΟΡΙΣΜΟΣ;;;;;
8761;B313605.265;ΚΡΥΣΦΑΙΡΙΝΕΣ ΤΥΠΟΠΟΙΗΣΗ;;;;;
8762;B313605.266;ΑΝΟΣΟΣΦΑΙΡΙΝΗ IGD ΟΡΟΥ (ΠΟΣΟΤΙΚΟΣ ΠΡΟΣΔΙΟΡΙΣΜΟΣ);;;;;
8763;B313605.267;ΣΥΜΠΛΗΡΩΜΑ, ΠΡΟΣΔΙΟΡΙΣΜΟΣ ΔΡΑΣΤΗΡΙΟΤΗΤΟΣ ΤΗΣ ΚΛΑΣΙΚΗΣ ΟΔΟΥ (CH50) ;;;;;
8764;B313605.268;ΣΥΜΠΛΗΡΩΜΑ, ΠΡΟΣΔΙΟΡΙΣΜΟΣ ΔΡΑΣΤΗΡΙΟΤΗΤΑΣ ΤΗΣ ΕΝΑΛΛΑΚΤΙΚΗΣ ΟΔΟΥ (ΑΡH50) ;;;;;
8765;B313605.269;ΣΥΜΠΛΗΡΩΜΑ, ΑΙΜΟΛΥΤΙΚΟΣ ΤΙΤΛΟΣ ΕΝΑΛΛΑΚΤΙΚΗΣ ΟΔΟΥ (ΑΡH50);;;;;
8766;B313605.270;ΣΥΜΠΛΗΡΩΜΑ, ΠΡΟΣΔΙΟΡΙΣΜΟΣ ΔΡΑΣΤΗΡΙΟΤΗΤΑΣ ΤΗΣ ΟΔΟΥ ΤΩΝ ΛΕΚΤΙΝΩΝ;;;;;
8767;B313605.271;ΣΥΜΠΛΗΡΩΜΑ,  ΤΙΤΛΟΣ ΤΕΛΙΚΗΣ ΟΔΟΥ (C5B-9);;;;;
8768;B313605.272;ΣΥΜΠΛΗΡΩΜΑ,  ΑΝΑΣΤΟΛΕΑΣ ΤΗΣ C1 ΕΣΤΕΡΑΣΗΣ (C1-INH) ;;;;;
8769;B313605.273;ΑΝΟΣΟΣΥΜΠΛΕΓΜΑΤΑ ΟΡΟΥ (ΔΕΣΜΕΥΣΗ C1Q);;;;;
8770;B313605.274;ΚΑΡΚΙΝΙΚΟ ΑΝΤΙΓΟΝΟ HE4 (HUMAN EPIDIDYMAL PROTEIN 4);;;;;
8771;B313605.275;ΚΑΡΚΙΝΙΚΟ ΑΝΤΙΓΟΝΟ ΠΛΑΚΩΔΟΥΣ ΤΥΠΟΥ (SCC) ;;;;;
8772;B313605.276;ΚΑΡΚΙΝΙΚΟ ΑΝΤΙΓΟΝΟ CA 72 – 4 ;;;;;
8773;B313605.277;ΚΑΡΚΙΝΙΚΟ ΑΝΤΙΓΟΝΟ CA 50 ;;;;;
8774;B313605.278;ΚΑΡΚΙΝΙΚΟ ΑΝΤΙΓΟΝΟ CA 21-1 ;;;;;
8775;B313605.279;ΚΑΡΚΙΝΙΚΟ ΑΝΤΙΓΟΝΟ TRA (TISSUE POLYPEPTIDE ANTIGEN);;;;;
8776;B313605.280;TPS (TISSUE POLYPEPTIDE SPECIFIC ANTIGEN);;;;;
8777;B313605.281;ΚΑΡΚΙΝΙΚΟ ΑΝΤΙΓΟΝΟ CASA (CANCER ASSOCIATED SERUM ANTIGEN);;;;;
8778;B313605.282;ΚΑΡΚΙΝΙΚΟ ΑΝΤΙΓΟΝΟ MSA (ΒΛΕΝΝΟΠΡΩΤΕΪΝΙΚΟ ΚΑΡΚΙΝΙΚΟ ΑΝΤΙΓΟΝΟ);;;;;
8779;B313605.283;ΚΑΡΚΙΝΙΚΟ ΑΝΤΙΓΟΝΟ ΟSA (OSTEOSARCOMA);;;;;
8780;B313605.284;BENCE JONES ΠΡΩΤΕΪΝΗ ΟΥΡΩΝ ;;;;;
8781;B313605.285;ΑΝΟΣΟΚΑΘΗΛΩΣΗ ΕΓΚΕΦΑΛΟΝΩΤΙΑΙΟΥ ΥΓΡΟΥ (ΕΝΥ);;;;;
8782;B313605.286;IGG ΟΛΙΓΟΚΛΩΝΙΚΑ ΑΝΤΙΣΩΜΑΤΑ  ΣΤΟ ΕΝΥ   (ΑΝΟΣΟΚΑΘΗΛΩΣΗ ΜΕΤΑ ΗΛΕΚΤΡΟΦΟΡΗΣΗ ΙΣΟΗΛΕΚΤΡΙΚΗΣ  ΕΣΤΙΑΣΗΣ-ISOELECTRIC FOCUSING-IEF).                                              ;;;;;
8783;B313605.287;ΕΝΥ IGG INDEX;;;;;
8784;B313605.288;ΈΛΕΓΧΟΣ ΦΑΓΟΚΥΤΤΑΡΩΣΗΣ  ΜΕ ΚΥΤΤΑΡΟΜΕΤΡΙΑ ΡΟΗΣ (PHAGOTEST));;;;;
8785;B313605.289;ΔΟΚΙΜΑΣΙΑ ΕΛΕΓΧΟΥ ΑΝΑΠΝΕΥΣΤΙΚΗΣ ΕΚΚΡΙΞΗΣ (BURST TEST);;;;;
8786;B313605.290;ΈΛΕΓΧΟΣ ΦΑΓΟΚΥΤΤΑΡΩΣΗ ΜΕ ΔΟΚΙΜΑΣΙΑ ΟΞΕΙΔΩΣΗΣ ΔΙΫΔΡΟΡΟΔΑΜΙΝΗΣ DHR 1,2,3,4, ΜΕ ΚΥΤΤΑΡΟΜΕΤΡΙΑ ΡΟΗΣ;;;;;
8787;B313605.291;ΕΝΕΡΓΟΠΟΙΗΣΗ ΛΕΜΦΟΚΥΤΤΑΡΩΝ IN VITRO ΜΕ ΜΟΝΟΚΛΩΝΙΚΑ ΑΝΤΙΣΩΜΑΤΑ;;;;;
8788;B313605.292;ΠΟΛΛΑΠΛΑΣΙΑΣΜΟΣ ΛΕΜΦΟΚΥΤΤΑΡΩΝ ΜΕΤΑ ΔΙΕΓΕΡΣΗ ΜΕ ΜΙΤΟΓΟΝΑ;;;;;
8789;B313605.293;ΠΟΛΛΑΠΛΑΣΙΑΣΜΟΣ ΛΕΜΦΟΚΥΤΤΑΡΩΝ ΜΕΤΑ ΔΙΕΓΕΡΣΗ ΜΕ ΑΝΤΙΓΟΝΑ;;;;;
8790;B313605.294;ΠΟΛΛΑΠΛΑΣΙΑΣΜΟΣ ΛΕΜΦΟΚΥΤΤΑΡΩΝ ΜΕ ΕΙΔΙΚΑ HIV ΑΝΤΙΓΟΝΑ;;;;;
8791;B313605.295;ΑΝΟΣΟΣΦΑΙΡΙΝΗ IGG ΟΥΡΩΝ;;;;;
8792;B313605.296;ΑΝΟΣΟΣΦΑΙΡΙΝΗΣ Κ, Λ ΑΛΥΣΙΔΕΣ ΟΡΟΥ   ;;;;;
8793;B313605.297;ΑΝΟΣΟΣΦΑΙΡΙΝΗΣ Κ, Λ ΑΛΥΣΙΔΕΣ ΟΥΡΩΝ  ;;;;;
8794;B313605.298;ΑΝΟΣΟΣΦΑΙΡΙΝΗΣ Κ, Λ ΕΛΕΥΘΕΡΕΣ ΑΛΥΣΙΔΕΣ ΟΡΟΥ ;;;;;
8795;B313605.299;ΑΝΟΣΟΣΦΑΙΡΙΝΗΣ Κ, Λ ΕΛΕΥΘΕΡΕΣ ΑΛΥΣΙΔΕΣ ΟΥΡΩΝ ;;;;;
8796;B313605.300;ΑΝΟΣΟΣΦΑΙΡΙΝΗΣ ΛΟΓΟΣ ΕΛΕΥΘΕΡΩΝ ΑΛΥΣΙΔΩΝ Κ/Λ;;;;;
8797;B313605.301;ΑΝΟΣΟΣΦΑΙΡΙΝΗΣ ΒΑΡΙΕΣ IGAΚ, IGAΛ ΑΛΥΣΙΔΕΣ ΟΡΟΥ ;;;;;
8798;B313605.302;ΑΝΟΣΟΣΦΑΙΡΙΝΗΣ ΒΑΡΙΕΣ IGGΚ, IGGΛ ΑΛΥΣΙΔΕΣ ΟΡΟΥ ;;;;;
8799;B313605.303;ΑΝΟΣΟΣΦΑΙΡΙΝΗΣ ΒΑΡΙΕΣ IGMΚ, IGMΛ ΑΛΥΣΙΔΕΣ ΟΡΟΥ ;;;;;
8800;B313605.304;ΗΛΕΚΤΡΟΦΟΡΗΣΗ ΠΡΩΤΕΪΝΩΝ ΟΡΟΥ ;;;;;
8801;B313605.305;ΗΛΕΚΤΡΟΦΟΡΗΣΗ ΠΡΩΤΕΪΝΩΝ ΟΥΡΩΝ;;;;;
8802;B313605.306;ΑΜΥΛΟΕΙΔΕΣ ΟΡΟΥ (SAA, SERUM AMYLOID A);;;;;
8803;B313605.307;Α1 ΓΛΥΚΟΠΡΩΤΕΪΝΗ  ;;;;;
8804;B313605.308;Α1 ΟΞΙΝΗ ΓΛΥΚΟΠΡΩΤΕΪΝΗ  ;;;;;
8805;B313605.309;Α1-ΜΙΚΡΟΣΦΑΙΡΙΝΗ ΟΡΟΥ;;;;;
8806;B313605.310;Α1-ΜΙΚΡΟΣΦΑΙΡΙΝΗ ΟΥΡΩΝ ;;;;;
8807;B313605.311;Α2-ΜΑΚΡΟΣΦΑΙΡΙΝΗ   ;;;;;
8808;B313605.312;ΠΡΟΛΕΥΚΩΜΑΤΙΝΗ  ;;;;;
8809;B313605.313;MANNOSE BINDING PROTEIN ;;;;;
8810;B313605.314;ΑΠΤΟΣΦΑΙΡΙΝΗ  ;;;;;
8811;B313605.315;ΙΝΩΔΟΝΕΚΤΙΝΗ  ;;;;;
8812;B313605.316;ΦΙΜΠΡΟΝΕΚΤΙΝΗ;;;;;
8813;B313605.317;ΣΕΡΟΥΛΟΠΛΑΣΜΙΝΗ  ;;;;;
8814;B313605.318;ΛΕΥΚΩΜΑΤΙΝΗ ΟΡΟΥ  ;;;;;
8815;B313605.319;ΛΕΥΚΩΜΑΤΙΝΗ ΕΝΥ ;;;;;
8816;B313605.320;ΚΑΤΙΟΝΙΚΗ ΠΡΩΤΕΪΝΗ ΤΩΝ ΗΩΣΙΝΟΦΙΛΩΝ (ECP);;;;;
8817;B313605.321;ΤΡΥΠΤΑΣΗ;;;;;
8818;B313605.322;ΑΝΟΣΟΣΦΑΙΡΙΝΕΣ IGG, IGM, IGA ΕΝΥ;;;;;
8819;B313605.323;ΛΕΥΚΩΜΑΤΙΝΗ ΕΝΥ ;;;;;
8820;B313605.324;ΠΡΟΚΑΛΤΣΙΤΟΝΙΝΗ ΟΡΟΥ  (PROCALCITONIN, PCT);;;;;
8821;B313605.325; COMP ( CARTILAGE OLIGOMERIC MATRIX PROTEIN);;;;;
8822;B313605.326;ΚΥΤΤΑΡΟΚΙΝΕΣ, ΧΗΜΕΙΟΚΙΝΕΣ,  ΜΟΡΙΑ ΠΡΟΣΚΟΛΛΗΣΗΣ, ΔΙΑΛΥΤΑ ΜΟΡΙΑ Κ.Λ.Π  (ΑΝΑ ΕΙΔΟΣ) ;;;;;
8823;B313605.327;ΚΥΤΤΑΡΟΚΙΝΕΣ, ΕΛΕΓΧΟΣ ΠΑΡΑΓΩΓΗΣ ΣΕ ΥΠΕΡΚΕΙΜΕΝΟ ΚΑΛΛΙΕΡΓΕΙΑΣ ΛΕΜΦΟΚΥΤΤΑΡΩΝ ΜΕΤΑ ΔΙΕΓΕΡΣΗ ΜΕ  ΜΙΤΟΓΟΝΑ ;;;;;
8824;B313605.328;ΟΡΟΛΟΓΙΚΗ ΤΥΠΟΠΟΙΗΣΗ HLA-ΤΑΞΗΣ Ι (A,B,C);;;;;
8825;B313605.329;ΟΡΟΛΟΓΙΚΗ ΤΥΠΟΠΟΙΗΣΗ HLA-ΤΑΞΗΣ ΙΙ (DR, DQ);;;;;
8826;B313605.330;ΓΟΝΙΔΙΑΚΗ ΤΥΠΟΠΟΙΗΣΗ HLA-A, Β, C, DRB1, DQB1, DPA1, DPB1  (ΧΑΜΗΛΗΣ ΑΝΑΛΥΣΗΣ Η LOW RESOLUTION) ;;;;;
8827;B313605.331;ΓΟΝΙΔΙΑΚΗ ΤΥΠΟΠΟΙΗΣΗ HLA-A, B, C, DRB1, DRB3, DRB4, DRB5, DQA1, DQB1, DPA1, DPB1 (ΥΨΗΛΗΣ ΑΝΑΛΥΣΗΣ Η HIGH RESOLUTION) ;;;;;
8828;B313605.332;ΓΟΝΙΔΙΑΚΟΣ ΚΑΘΟΡΙΣΜΟΣ ΑΛΛΗΛΟΥΧΙΩΝ ΒΑΣΕΩΝ (SEQUENCING) HLA-A,B, C, DRΒ1, DRΒ3,4,5,  DQA1, DQB1, DPA1, DPB1 ;;;;;
8829;B313605.333;HLA-Β27;;;;;
8830;B313605.334;HLA-Β57 ΓΟΝΙΔΙΑΚΗ ΤΥΠΟΠΟΙΗΣΗ;;;;;
8831;B313605.335;ΔΙΑΣΤΑΥΡΩΣΗ  HLA ΣΥΜΒΑΤΟΤΗΤΑΣ  (CROSSMATCH) ΜΕ ΛΕΜΦΟΚΥΤΤΑΡΟΤΟΞΙΚΗ ΜΕΘΟΔΟ ΚΑΙ  ΟΛΙΚΑ ΛΕΜΦΟΚΥΤΤΑΡΑ;;;;;
8832;B313605.336;ΔΙΑΣΤΑΥΡΩΣΗ  HLA ΣΥΜΒΑΤΟΤΗΤΑΣ (CROSSMATCH)  ΜΕ ΛΕΜΦΟΚΥΤΤΑΡΟΤΟΞΙΚΗ ΜΕΘΟΔΟ ΚΑΙ Τ ΛΕΜΦΟΚΥΤΤΑΡΑ;;;;;
8833;B313605.337;ΔΙΑΣΤΑΥΡΩΣΗ  HLA ΣΥΜΒΑΤΟΤΗΤΑΣ (CROSSMATCH)  ΜΕ ΛΕΜΦΟΚΥΤΤΑΡΟΤΟΞΙΚΗ ΜΕΘΟΔΟ ΚΑΙ Β ΛΕΜΦΟΚΥΤΤΑΡΑ;;;;;
8834;B313605.338;ΔΙΑΣΤΑΥΡΩΣΗ ΣΥΜΒΑΤΟΤΗΤΑΣ HLA ΜΕ Τ- ΛΕΜΦΟΚΥΤΤΑΡΑ (ΜΕ ΚΥΤΤΑΡΟΜΕΤΡΙΑ ΡΟΗΣ);;;;;
8835;B313605.339;ΔΙΑΣΤΑΥΡΩΣΗ ΣΥΜΒΑΤΟΤΗΤΑΣ  HLA ΜΕ Β-ΛΕΜΦΟΚΥΤΤΑΡΑ (ΜΕ ΚΥΤΤΑΡΟΜΕΤΡΙΑ ΡΟΗΣ);;;;;
8836;B313605.340;ΔΙΑΣΤΑΥΡΩΣΗ  HLA ΣΥΜΒΑΤΟΤΗΤΑΣ (CROSSMATCH)  ΜΕ LUMINEX Η ELISA;;;;;
8837;B313605.341;ΚΥΤΤΑΡΟΤΟΞΙΚΑ ΑΝΤΙΣΩΜΑΤΑ ΕΝΑΝΤΙ Τ ΚΑΙ Β ΛΕΜΦΟΚΥΤΤΑΡΩΝ (ΑΝΑ Τ, Β);;;;;
8838;B313605.342;ΚΥΤΤΑΡΟΤΟΞΙΚΑ ΑΝΤΙΣΩΜΑΤΑ ΕΝΑΝΤΙ Τ ΛΕΜΦΟΚΥΤΤΑΡΩΝ (IGG ΚΑΙ IGM);;;;;
8839;B313605.343;ΚΥΤΤΑΡΟΤΟΞΙΚΑ ΑΝΤΙΣΩΜΑΤΑ ΕΝΑΝΤΙ B ΛΕΜΦΟΚΥΤΤΑΡΩΝ (IGG ΚΑΙ IGM);;;;;
8840;B313605.344;ΚΥΤΤΑΡΟΤΟΞΙΚΑ ΑΝΤΙΣΩΜΑΤΑ, ΑΝΙΧΝΕΥΣΗ ΑΝΤΙΣΩΜΑΤΩΝ ΕΙΔΙΚΩΝ ΕΝΑΝΤΙ HLA ΑΝΤΙΓΟΝΩΝ ΜΕ  ΜΕΘΟΔΟ LUMINEX;;;;;
8841;B313605.345;ΚΥΤΤΑΡΟΤΟΞΙΚΑ ΑΝΤΙΣΩΜΑΤΑ, ΤΑΥΤΟΠΟΙΗΣΗ ΑΝΤΙΣΩΜΑΤΩΝ  ΕΙΔΙΚΩΝ ΓΙΑ HLA ΤΑΞΗΣ Ι  ΜΕ ΜΕΘΟΔΟ LUMINEX ;;;;;
8842;B313605.346;ΚΥΤΤΑΡΟΤΟΞΙΚΑ ΑΝΤΙΣΩΜΑΤΑ, ΤΑΥΤΟΠΟΙΗΣΗ ΑΝΤΙΣΩΜΑΤΩΝ  ΕΙΔΙΚΩΝ ΓΙΑ HLA ΤΑΞΗΣ ΙΙ  ΜΕ ΜΕΘΟΔΟ LUMINEX ;;;;;
8843;B313605.347;ΚΥΤΤΑΡΟΤΟΞΙΚΑ ΑΝΤΙΣΩΜΑΤΑ, ΤΑΥΤΟΠΟΙΗΣΗ ΕΙΔΙΚΟΤΗΤΑΣ ΑΝΤΙΣΩΜΑΤΩΝ  ΓΙΑ HLA ΤΑΞΗΣ Ι ΜΕ  ΜΕΘΟΔΟ LUMINEX (SINGLE ANTIGEN ΤΑΞΗΣ Ι);;;;;
8844;B313605.348;ΚΥΤΤΑΡΟΤΟΞΙΚΑ ΑΝΤΙΣΩΜΑΤΑ, ΤΑΥΤΟΠΟΙΗΣΗ ΕΙΔΙΚΟΤΗΤΑΣ ΑΝΤΙΣΩΜΑΤΩΝ  ΓΙΑ HLA ΤΑΞΗΣ ΙΙ   ΜΕ  ΜΕΘΟΔΟ LUMINEX (SINGLE ANTIGEN ΤΑΞΗΣ ΙΙ);;;;;
8845;B313605.349;ΚΥΤΤΑΡΟΤΟΞΙΚΑ ΑΝΤΙΣΩΜΑΤΑ, ΑΝΙΧΝΕΥΣΗ ΑΝΤΙΣΩΜΑΤΩΝ ΕΙΔΙΚΩΝ ΓΙΑ HLA ΤΑΞΗΣ Ι ΚΑΙ ΙΙ  ΜΕ ELISA;;;;;
8846;B313605.350;ΔΙΑΣΤΑΥΡΩΣΗ ΣΥΜΒΑΤΟΤΗΤΑΣ ΜΕ TIE-2 (+) ΚΥΤΤΑΡΑ -ΕΝΔΟΘΗΛΙΑΚΟ CROSSMATCH;;;;;
8847;B313605.351;MICA ΑΝΤΙΓΟΝΑ, ΓΟΝΙΔΙΑΚΗ ΤΥΠΟΠΟΙΗΣΗ (HIGH RESOLUTION)  ;;;;;
8848;B313605.352;ΑΝΤΙ-MICA ΑΝΤΙΣΩΜΑΤΑ, ΑΝΙΧΝΕΥΣΗ ΜΕ LUMINEX ;;;;;
8849;B313605.353;ΑΝΤΙ-MICA ΑΝΤΙΣΩΜΑΤΑ, ΤΑΥΤΟΠΟΙΗΣΗ ΜΕ LUMINEX;;;;;
8850;B313605.354;ATP ΑΝΔΟΚΥΤΤΑΡΙΟ, ΑΝΙΧΝΕΥΣΗ ΣΕ CD4+T ΚΥΤΤΑΡΑ ;;;;;
8851;B313605.355;ΕΛΑΣΣΟΝΑ ΑΝΤΙΓΟΝΑ ΙΣΤΟΣΥΜΒΑΤΟΤΗΤΑΣ, ΜΟΡΙΑΚΗ ΤΥΠΟΠΟΙΗΣΗ;;;;;
8852;B313605.356; ΈΛΕΓΧΟΣ ΠΑΤΡΟΤΗΤΑΣ ΜΕ HLA ΑΝΤΙΓΟΝΑ (ΟΡΟΛΟΓΙΚΗ ΤΥΠΟΠΟΙΗΣΗ) (ΑΝΑ ΑΤΟΜΟ);;;;;
8853;B313605.357; ΈΛΕΓΧΟΣ ΠΑΤΡΟΤΗΤΑΣ ΜΕ HLA ΑΛΛΗΛΟΜΟΡΦΑ (ΜΟΡΙΑΚΗ ΤΥΠΟΠΟΙΗΣΗ) (ΑΝΑ ΑΤΟΜΟ);;;;;
8854;B313605.358; ΈΛΕΓΧΟΣ ΠΑΤΡΟΤΗΤΑΣ ΜΕ ΓΟΝΙΔΙΑΚΟΥΣ ΠΟΛΥΜΟΡΦΙΣΜΟΥΣ (ΜΟΡΙΑΚΗ ΤΥΠΟΠΟΙΗΣΗ) (ΑΝΑ ΑΤΟΜΟ);;;;;
8855;B313605.359; ΈΛΕΓΧΟΣ ΠΑΤΡΟΤΗΤΑΣ ΜΕ HLA ΑΛΛΗΛΟΜΟΡΦΑ (ΜΟΡΙΑΚΗ ΤΥΠΟΠΟΙΗΣΗ) (ΑΝΑ ΑΤΟΜΟ);;;;;
8856;B313605.360;ΑΝΤΙΠΑΤΡΙΚΑ ΑΝΤΙΣΩΜΑΤΑ;;;;;
8857;B313605.361;ΠΑΡΑΣΚΕΥΗ ΚΑΙ ΧΟΡΗΓΗΣΗ ΛΕΜΦΟΚΥΤΤΑΡΩΝ ΓΙΑ ΕΥΑΙΣΘΗΤΟΠΟΙΗΣΗ;;;;;
8858;B313605.362;ΑΠΟΜΟΝΩΣΗ ΓΕΝΕΤΙΚΟΥ ΥΛΙΚΟΥ (DNA, RNA);;;;;
8859;B313605.363;ΑΝΑΛΥΣΗ ΑΛΛΗΛΟΥΧΙΩΝ ΒΑΣΕΩΝ DNA (ΑΝΑ ΒΑΣΗ);;;;;
8860;B313605.364;ΜΟΝΟΝΟΥΚΛΕΟΤΙΔΙΚΟΙ ΓΟΝΙΔΙΑΚΟΙ ΠΟΛΥΜΟΡΦΙΣΜΟΙ (SNPS), ΤΥΠΟΠΟΙΗΣΗ ;;;;;
8861;B313605.365;TCR ΥΠΟΔΟΧΕΑ ΠΡΟΣΔΙΟΡΙΣΜΟΣ ΓΟΝΙΔΙΑΚΩΝ ΑΝΑΔΙΑΤΑΞΕΩΝ Γ-ΑΛΥΣΙΔΑΣ;;;;;
8862;B313605.366;TCR ΥΠΟΔΟΧΕΑ ΠΡΟΣΔΙΟΡΙΣΜΟΣ ΓΟΝΙΔΙΑΚΩΝ ΑΝΑΔΙΑΤΑΞΕΩΝ Β-ΑΛΥΣΙΔΑΣ;;;;;
8863;B313605.367;ΑΝΟΣΟΣΦΑΙΡΙΝΩΝ, ΠΡΟΣΔΙΟΡΙΣΜΟΣ ΓΟΝΙΔΙΑΚΩΝ ΑΝΑΔΙΑΤΑΞΕΩΝ ΒΑΡΙΑΣ ΑΛΥΣΙΔΑΣ (IGH);;;;;
8864;B313605.368;ΓΟΝΙΔΙΑΚΗ ΤΥΠΟΠΟΙΗΣΗ ΥΠΟΔΟΧΕΩΝ ΝΚ ΚΥΤΤΑΡΩΝ (KIRS);;;;;
8865;B313605.369;ΚΥΤΤΑΡΟΚΙΝΕΣ, ΤΥΠΟΠΟΙΗΣΗ ΓΟΝΙΔΙΑΚΩΝ ΠΟΛΥΜΟΡΦΙΣΜΩΝ ;;;;;
8866;B313605.370;ΓΟΝΙΔΙΑΚΟΣ  ΚΑΘΟΡΙΣΜΟΣ ΑΛΛΗΛΟΥΧΙΩΝ ΒΑΣΕΩΝ (SEQUENCING) ΓΙΑ ΤΥΠΟΠΟΙΗΣΗ ΠΡΩΤΟΠΑΘΩΝ ΑΝΟΣΟΑΝΕΠΑΡΚΕΙΩΝ.;;;;;
8867;B313605.371;ΓΟΝΟΤΥΠΟΣ ΠΡΩΤΕΪΝΩΝ, ΕΝΖΥΜΩΝ, ΥΠΟΔΟΧΕΩΝ Κ.Α. ΜΕ ΜΟΡΙΑΚΕΣ ΤΕΧΝΙΚΕΣ (PCR);;;;;
8868;B313605.372;ΓΟΝΟΤΥΠΟΣ ACE;;;;;
8869;B313605.373;ΓΟΝΟΤΥΠΟΣ APO B, E;;;;;
8870;B313605.374; ΒTK ΜΕ ΜΟΡΙΑΚΕΣ ΤΕΧΝΙΚΕΣ;;;;;
8871;B313605.375;ΓΟΝΟΤΥΠΟΣ ΥΠΟΔΟΧΕΩΝ ΒΙΤΑΜΙΝΗΣ D (VDR);;;;;
8872;B313605.376;ΑΝΟΣΟΦΑΙΝΟΤΥΠΟΣ ΚΥΤΤΑΡΩΝ ΠΕΡΙΦΕΡΙΚΟΥ ΑΙΜΑΤΟΣ   (ΑΝΑ ΜΟΝΟΚΛΩΝΙΚΟ);;;;;
8873;B313605.377;ΑΝΟΣΟΦΑΙΝΟΤΥΠΟΣ ΚΥΤΤΑΡΩΝ ΕΝΥ (ΑΝΑ ΜΟΝΟΚΛΩΝΙΚΟ);;;;;
8874;B313605.378;ΑΝΟΣΟΦΑΙΝΟΤΥΠΟΣ ΚΥΤΤΑΡΩΝ ΠΛΕΥΡΙΤΙΚΟΥ ΥΓΡΟΥ,  (ΑΝΑ ΜΟΝΟΚΛΩΝΙΚΟ);;;;;
8875;B313605.379;ΑΝΟΣΟΦΑΙΝΟΤΥΠΟΣ ΚΥΤΤΑΡΩΝ ΠΕΡΙΤΟΝΑΪΚΟΥ ΥΓΡΟΥ, (ΑΝΑ ΜΟΝΟΚΛΩΝΙΚΟ);;;;;
8876;B313605.380;ΑΝΟΣΟΦΑΙΝΟΤΥΠΟΣ ΚΥΤΤΑΡΩΝ ΑΣΚΙΤΙΚΟΥ ΥΓΡΟΥ, (ΑΝΑ ΜΟΝΟΚΛΩΝΙΚΟ);;;;;
8877;B313605.381;ΑΝΟΣΟΦΑΙΝΟΤΥΠΟΣ ΚΥΤΤΑΡΩΝ  ΒΡΟΓΧΟΚΥΨΕΛΙΔΙΚΟΥ ΕΚΠΛΥΜΑΤΟΣ (BAL/LAVAGE) (ΑΝΑ ΜΟΝΟΚΛΩΝΙΚΟ);;;;;
8878;B313605.382;ΑΝΟΣΟΦΑΙΝΟΤΥΠΟΣ ΚΥΤΤΑΡΩΝ  ΜΥΕΛΟΥ ΤΩΝ ΟΣΤΩΝ,  (ΑΝΑ ΜΟΝΟΚΛΩΝΙΚΟ CD) ;;;;;
8879;B313605.383;ΑΝΟΣΟΦΑΙΝΟΤΥΠΟΣ ΚΥΤΤΑΡΩΝ  ΕΞΙΔΡΩΜΑΤΟΣ (ΑΝΑ ΜΟΝΟΚΛΩΝΙΚΟ CD) ;;;;;
8880;B313605.384;ΑΝΟΣΟΦΑΙΝΟΤΥΠΟΣ ΚΥΤΤΑΡΩΝ  ΥΑΛΟΕΙΔΟΥΣ (ΑΝΑ ΜΟΝΟΚΛΩΝΙΚΟ CD) ;;;;;
8881;B313605.385;ΑΝΟΣΟΦΑΙΝΟΤΥΠΟΣ ΚΥΤΤΑΡΩΝ ΑΔΕΝΑ Η ΙΣΤΟΥ (ΑΝΑ ΜΟΝΟΚΛΩΝΙΚΟ CD) ;;;;;
8882;B313605.386;ΑΝΙΧΝΕΥΣΗ ΑΠΟΠΤΩΣΗΣ ΚΥΤΤΑΡΩΝ ΜΕ ANNEXIN IV (ΑΝΑ ΜΟΝΟΚΛΩΝΙΚΟ);;;;;
8883;B313605.387;ΚΥΤΤΑΡΟΚΙΝΕΣ ΕΝΔΟΚΥΤΤΑΡΙΕΣ, ΠΡΟΣΔΙΟΡΙΣΜΟΣ (ΑΝΑ ΚΥΤΤΑΡΟΚΙΝΗ) ;;;;;
8884;B313605.388;ΠΡΟΣΔΙΟΡΙΣΜΟΣ ΕΙΔΙΚΩΝ ΛΕΜΦΟΚΥΤΤΑΡΩΝ ΜΕ ΤΕΤΡΑΜΕΡΗ;;;;;
8885;B313605.389;ΠΡΟΣΔΙΟΡΙΣΜΟΣ ΕΝΕΡΓΟΠΟΙΗΣΗΣ ΚΥΤΤΑΡΩΝ (ΑΝΑ ΔΕΙΚΤΗ) ;;;;;
8886;B313605.390;ΧΗΜΕΙΟΤΑΞΙΑ ΠΟΛΥΜΟΡΦΟΠΥΡΗΝΩΝ;;;;;
8887;B313605.391;TH1/TH2 ΑΠΑΝΤΗΣΗ;;;;;
8888;B313605.392;ΜΕΤΡΗΣΗ ΚΥΤΤΑΡΟΤΟΞΙΚΟΤΗΤΑΣ ΦΥΣΙΚΩΝ ΚΥΤΤΑΡΟΚΤΟΝΩΝ (ΝΚ) ΚΥΤΤΑΡΩΝ (IN VITRO);;;;;
8889;B313605.393;ΜΕΤΡΗΣΗ ΚΥΤΤΑΡΟΤΟΞΙΚΟΤΗΤΑΣ T ΚΥΤΤΑΡΩΝ (IN VITRO);;;;;
8890;B313605.394;ΚΑΛΛΙΕΡΓΕΙΑ  ΚΕΡΑΤΙΝΟΚΥΤΤΑΡΩΝ;;;;;
8891;B313605.395;ΕΛΕΓΧΟΣ ΠΑΡΟΞΥΣΜΙΚΗΣ ΝΥΚΤΕΡΙΝΗΣ ΑΙΜΟΣΦΑΙΡΙΝΟΥΡΙΑΣ ΜΕ ΚΥΤΤΑΡΟΜΕΤΡΙΑ ΡΟΗΣ (ΑΝΑ ΜΟΝΟΚΛΩΝΙΚΟ);;;;;
8892;B313605.396;ΑΝΙΧΝΕΥΣΗ ΠΑΡΟΞΥΣΜΙΚΗΣ ΝΥΚΤΕΡΙΝΗΣ ΑΙΜΟΣΦΑΙΡΙΝΟΥΡΙΑΣ ΣΤΑ ΕΡΥΘΡΑ ΑΙΜΟΣΦΑΙΡΙΑ (ΑΝΑ ΜΟΝΟΚΛΩΝΙΚΟ);;;;;
8893;B313605.397;ΕΝΔΟΚΥΤΤΑΡΙΑ ΑΝΙΧΝΕΥΣΗ ΤΟΥ MRNA ΤΩΝ ΟΓΚΟΠΡΩΤΕΪΝΩΝ Ε6 ΚΑΙ Ε7 ΤΟΥ ΙΟΥ HPV ;;;;;
8894;B313605.398;ΕΝΔΟΚΥΤΤΑΡΙΑ ΑΝΙΧΝΕΥΣΗ ΤΟΥ MRNA ΤΩΝ ΠΡΩΤΕΪΝΩΝ GAG / POL ΤΟΥ ΙΟΥ HIV ;;;;;
8895;B313605.399;ΕΝΔΟΚΥΤΤΑΡΙΑ ΑΝΙΧΝΕΥΣΗ ΤΟΥ MRNA ΙΩΝ (HCV, CMV, EBV)  ΜΕ ΚΥΤΤΑΡΟΜΕΤΡΙΑ ΡΟΗΣ;;;;;
8896;B313605.400;TCRVΒ ΡΕΠΕΡΤΟΡΙΟ ΜΕ ΚΥΤΤΑΡΟΜΕΤΡΙΑ ΡΟΗΣ ;;;;;
8897;B313605.401;ΠΡΩΤΕΪΝΩΝ ΦΩΣΦΟΡΙΛΙΩΣΗ ΜΕ ΚΥΤΤΑΡΟΜΕΤΡΙΑ ΡΟΗΣ (PHOS FLOW);;;;;
8898;B313605.402;ΜΙΚΤΗ ΚΑΛΛΙΕΡΓΕΙΑ ΛΕΜΦΟΚΥΤΤΑΡΩΝ  ( ΜLC );;;;;
8899;B313605.403;ΚΥΤΤΑΡΙΚΗ ΛΕΜΦΟΛΥΣΗ  (CML);;;;;
8900;B313605.404;ΑΝΑΛΥΣΗ DNA ΜΕ ΚΥΤΤΑΡΟΜΕΤΡΙΑ ΡΟΗΣ (ΕΛΕΓΧΟΣ ΠΛΟΕΙΔΙΑΣ ΚΥΤΤΑΡΩΝ ΚΑΙ ΦΑΣΕΩΝ ΚΥΤΤΑΡΙΚΟΥ ΚΥΚΛΟΥ ΣΕ ΒΙΟΛΟΓΙΚΑ ΥΓΡΑ ΚΑΙ ΣΥΜΠΑΓΕΙΣ ΟΓΚΟΥΣ);;;;;
8901;B313605.405;ΠΡΟΣΔΙΟΡΙΣΜΟΣ ΕΜΒΡΥΟΜΗΤΡΙΚΗΣ ΑΙΜΟΡΡΑΓΙΑΣ ΜΕ ΚΥΤΤΑΡΟΜΕΤΡΙΑ ΡΟΗΣ ;;;;;
8902;B313605.406;ΜΕΛΕΤΗ ΧΙΜΑΙΡΙΣΜΟΥ ΜΕ ΟΜΑΔΕΣ ΑΙΜΑΤΟΣ ΜΕ ΚΥΤΤΑΡΟΜΕΤΡΙΑ ΡΟΗΣ;;;;;
8903;B313605.407;ΑΝΤΙΣΩΜΑΤΑ ΕΝΑΝΤΙ ECHINOCOCCUS;;;;;
8904;B313605.408;ΑΝΤΙΣΩΜΑΤΑ ΕΝΑΝΤΙ ΠΝΕΥΜΟΝΙΟΚΟΚΚΟΥ;;;;;
8905;B313605.409;ΑΝΤΙΣΩΜΑΤΑ ΕΝΑΝΤΙ ΠΑΡΑΙΝΦΛΟΥΕΝΤΣΑΣ;;;;;
8906;B313605.410;HIV ΑΝΤΙΓΟΝΟ P24  / HIV ΑΝΤΙΣΩΜΑ (ΤΥΠΟΣ 1 + ΤΥΠΟΣ 2);;;;;
8907;B313605.411;HBV-DNA (BDNA);;;;;
8908;B313605.412;ΓΟΝΟΤΥΠΟΙ ΗΒV (LIPA) A-G;;;;;
8909;B313605.413;HBV-ΜΕΤΑΛΛΑΞΗ ΣΤΑ ΑΝΤΙ-ΪΙΚΑ;;;;;
Δ.9;ΔΙΑΔΙΚΑΣΙΕΣ ΜΕΤΑΓΓΙΣΕΩΝ;;;;;;
8910;B313607;ΕΛΕΓΧΟΣ ΑΝΤΙΣΩΜΑΤΩΝ, ΕΡΥΘΡΑ ΑΙΜΟΣΦΑΙΡΙΑ, ΤΕΧΝΙΚΗ ΕΚΑΣΤΟΥ ΟΡΟΥ;;;;;
8911;B313627;ΕΚΛΟΥΣΗ ΑΝΤΙΕΡΥΘΡΟΚΥΤΤΑΡΙΚΩΝ ΑΝΤΙΣΩΜΑΤΩΝ (ΕΚΛΟΥΜΑ);;;;;
8912;B313647;ΤΑΥΤΟΠΟΙΗΣΗ ΜΗ ΑΝΑΜΕΝΟΜΕΝΩΝ ΑΝΤΙΕΡΥΘΡΟΚΥΤΤΑΡΙΚΩΝ ΑΝΤΙΣΩΜΑΤΩΝ ΜΕ ΕΜΜΕΣΗ COOMBS ΚΑΙ ΕΝΖΥΜΟ (PANEL ΕΡΥΘΡΩΝ);;;;;
8913;B313667;ΑΜΕΣΗ COOMBS;;;;;
8914;B313677;ΕΜΜΕΣΗ COOMBS;;;;;
8915;B313679;ΔΙΑΓΡΑΦΕΤΑΙ ;;;;;
8916;B313687;ΑΥΤΟΛΟΓΗ ΠΡΟΚΑΤΑΘΕΣΗ ΑΙΜΑΤΟΣ (ΓΙΑ ΑΥΤΟΛΟΓΗ ΜΕΤΑΓΓΙΣΗ);;;;;
8917;B313689;ΔΙΕΓΧΕΙΡΗΤΙΚΗ Ή ΜΕΤΕΓΧΕΙΡΗΤΙΚΗ ΔΙΑΣΩΣΗ ΑΙΜΑΤΟΣ ΓΙΑ ΑΥΤΟΛΟΓΗ ΜΕΤΑΓΓΙΣΗ;;;;;
8918;B313707;ΠΡΟΣΔΙΟΡΙΣΜΟΣ ΟΜΑΔΟΣ ΑΒΟ;;;;;
8919;B313709;ΠΡΟΣΔΙΟΡΙΣΜΟΣ ΑΝΤΙΓΟΝΟΥ RhD;;;;;
8920;B313713;ΚΑΤΑΤΑΞΗ ΑΙΜΑΤΟΣ, ΕΛΕΓΧΟΣ ΑΝΤΙΓΟΝΟΥ ΓΙΑ ΣΥΜΒΑΤΗ ΜΟΝΑΔΑ ΑΙΜΑΤΟΣ ΜΕ ΤΗ ΧΡΗΣΗ ΑΝΤΙΔΡΑΣΤΗΡΙΟΥ ΟΡΟΥ, ΑΝΑ ΕΛΕΓΧΟΜΕΝΗ ΜΟΝΑΔΑ;;;;;
8921;B313715;ΚΑΤΑΤΑΞΗ ΑΙΜΑΤΟΣ, ΕΛΕΓΧΟΣ ΑΝΤΙΓΟΝΟΥ ΓΙΑ ΣΥΜΒΑΤΗ ΜΟΝΑΔΑ ΑΙΜΑΤΟΣ ΜΕ ΧΡΗΣΗ ΟΡΟΥ ΑΣΘΕΝΟΥΣ, ΑΝΑ ΕΛΕΓΧΟΜΕΝΗ ΜΟΝΑΔΑ;;;;;
8922;B313717;ΚΑΤΑΤΑΞΗ ΑΙΜΑΤΟΣ, ΑΝΤΙΓΟΝΑ ΕΡΥΘΡΟΚΥΤΤΑΡΩΝ, ΕΚΤΟΣ ΑΠΟ ΑΒΟ Ή RH (D), ΕΚΑΣΤΟ;;;;;
8923;B313719;ΠΡΟΣΔΙΟΡΙΣΜΟΣ ΠΛΗΡΟΥΣ ΦΑΙΝΟΤΥΠΟΥ RΗ (ΑΝΤΙΓΟΝΑ C, c, E, e);;;;;
8924;B313727;ΕΛΕΓΧΟΣ ΠΑΤΡΟΤΗΤΑΣ ΜΕ ΤΑ ΑΝΤΙΓΟΝΑ ΑΒΟ,RhD και MN  ;;;;;
8925;B313729;ΕΛΕΓΧΟΣ ΠΑΤΡΟΤΗΤΑΣ ΜΕ ΑΛΛΑ ΕΡΥΘΡΟΚΥΤΤΑΡΙΚΑ ΑΝΤΙΓΟΝΑ ;;;;;
8926;B313747;ΔΟΚΙΜΑΣΙΑ ΣΥΜΒΑΤΟΤΗΤΑΣ, ΚΑΘΕ ΜΟΝΑΔΑ, ΤΕΧΝΙΚΗ ΑΜΕΣΗΣ ΠΕΡΙΣΤΡΟΦΗΣ;;;;;
8927;B313749;ΔΟΚΙΜΑΣΙΑ ΣΥΜΒΑΤΟΤΗΤΑΣ, ΚΑΘΕ ΜΟΝΑΔΑ, ΤΕΧΝΙΚΗ ΕΠΩΑΣΗΣ;;;;;
8928;B313751;ΔΟΚΙΜΑΣΙΑ ΣΥΜΑΒΤΟΤΗΤΑΣ (ΔΙΑΣΤΑΥΡΩΣΗ ΑΙΜΑΤΟΣ);;;;;
8929;B313753;ΔΙΑΣΤΑΥΡΩΣΗ ΙΣΤΟΣΥΜΒΑΤΟΤΗΤΑΣ ΜΕ ΜΑΓΝΗΤΙΚΑ ΣΦΑΙΡΙΔΙΑ;;;;;
8930;B313761;ΑΠΟΨΥΞΗ ΕΓΚΑΙΡΑ ΚΑΤΕΨΥΓΜΕΝΟΥ ΠΛΑΣΜΑΤΟΣ (FFP);;;;;
8931;B313767;ΚΑΤΕΨΥΓΜΕΝΟ ΑΙΜΑ, ΚΑΘΕ ΜΟΝΑΔΑ, ΚΑΤΑΨΥΞΗ (ΠΕΡΙΛΑΜΒΑΝΕΙ ΠΑΡΑΣΚΕΥΗ);;;;;
8932;B313769;ΚΑΤΕΨΥΓΜΕΝΟ ΑΙΜΑ, ΚΑΘΕ ΜΟΝΑΔΑ, ΑΠΟΨΥΞΗ;;;;;
8933;B313771;ΚΑΤΕΨΥΓΜΕΝΟ ΑΙΜΑ, ΚΑΘΕ ΜΟΝΑΔΑ, ΚΑΤΑΨΥΞΗ (ΠΕΡΙΛΑΜΒΑΝΕΙ ΠΑΡΑΣΚΕΥΗ) ΚΑΙ ΑΠΟΨΥΞΗ;;;;;
8934;B313787;ΑΙΜΟΛΥΣΙΝΕΣ ΚΑΙ ΣΥΓΚΟΛΛΗΤΙΝΕΣ, ΑΥΤΟΜΑΤΗ, ΕΛΕΓΧΟΣ ΔΙΑΛΟΓΗΣ, ΕΚΑΣΤΗ ΜΕΤΡΗΣΗ;;;;;
8935;B313789;ΑΙΜΟΛΥΣΙΝΕΣ ΚΑΙ ΣΥΓΚΟΛΛΗΤΙΝΕΣ, ΕΠΩΑΣΜΕΝΕΣ;;;;;
8936;B313797;ΑΚΤΙΝΟΒΟΛΗΣΗ ΠΡΟΪΟΝΤΟΣ ΑΙΜΑΤΟΣ;;;;;
8937;B313807;ΜΕΤΑΓΓΙΣΗ ΚΟΚΚΙΟΚΥΤΤΑΡΩΝ ;;;;;
8938;B313827;ΜΕΙΩΣΗ ΟΓΚΟΥ ΑΙΜΑΤΟΣ Ή ΠΡΟΪΟΝΤΟΣ ΑΙΜΑΤΟΣ (Π.Χ. ΕΡΥΘΡΑ ΑΙΜΟΣΦΑΙΡΙΑ Ή ΑΙΜΟΠΕΤΑΛΙΑ), ΚΑΘΕ ΜΟΝΑΔΑ;;;;;
8939;B313837;ΠΑΡΑΣΚΕΥΗ ΔΕΞΑΜΕΝΗΣ (POOL) ΑΙΜΟΠΕΤΑΛΙΩΝ ΑΠΟ ΠΟΛΛΑΠΛΟΥΣ ΔΟΤΕΣ;;;;;
8940;B313847;ΠΡΟΚΑΤΕΡΓΑΣΙΑ ΕΡΥΘΡΩΝ ΑΙΜΟΣΦΑΙΡΙΩΝ ΓΙΑ ΧΡΗΣΗ ΤΟΥΣ ΣΕ ΑΝΙΧΝΕΥΣΗ ΑΝΤΙΣΩΜΑΤΟΣ ΕΡΥΘΡΩΝ ΑΙΜΟΣΦΑΙΡΙΩΝ, ΤΑΥΤΟΠΟΙΗΣΗ ΚΑΙ/Ή ΕΛΕΓΧΟΣ ΣΥΜΒΑΤΟΤΗΤΑΣ, ΕΠΩΑΣΗ ΜΕ ΧΗΜΙΚΟΥΣ ΠΑΡΑΓΟΝΤΕΣ Ή ΦΑΡΜΑΚΑ, ΕΚΑΣΤΗ;;;;;
8941;B313849;ΠΡΟΚΑΤΕΡΓΑΣΙΑ ΤΩΝ ΕΡΥΘΡΩΝ ΑΙΜΟΣΦΑΙΡΙΩΝ ΓΙΑ ΧΡΗΣΗ ΤΟΥΣ ΣΕ ΑΝΙΧΝΕΥΣΗ ΑΝΤΙΣΩΜΑΤΟΣ ΕΡΥΘΡΩΝ ΑΙΜΟΣΦΑΙΡΙΩΝ, ΤΑΥΤΟΠΟΙΗΣΗ ΚΑΙ/Ή ΕΛΕΓΧΟΣ ΣΥΜΒΑΤΟΤΗΤΑΣ, ΕΠΩΑΣΗ ΜΕ ΕΝΖΥΜΑ, ΕΚΑΣΤΟΣ;;;;;
8942;B313851;ΠΡΟΚΑΤΕΡΓΑΣΙΑ ΤΩΝ ΕΡΥΘΡΩΝ ΑΙΜΟΣΦΑΙΡΙΩΝ ΓΙΑ ΧΡΗΣΗ ΤΟΥΣ ΣΕ ΑΝΙΧΝΕΥΣΗ ΑΝΤΙΣΩΜΑΤΟΣ ΕΡΥΘΡΩΝ ΑΙΜΟΣΦΑΙΡΙΩΝ, ΤΑΥΤΟΠΟΙΗΣΗ ΚΑΙ/Ή ΕΛΕΓΧΟΣ ΣΥΜΒΑΤΟΤΗΤΑΣ, ΜΕ ΔΙΑΧΩΡΙΣΜΟ ΔΙΑΒΑΘΜΙΣΗΣ ΠΥΚΝΟΤΗΤΑΣ;;;;;
8943;B313857;ΠΡΟΚΑΤΕΡΓΑΣΙΑ ΤΟΥ ΟΡΟΥ ΓΙΑ ΧΡΗΣΗ ΤΟΥ ΣΕ ΑΝΙΧΝΕΥΣΗ ΑΝΤΙΣΩΜΑΤΟΣ ΕΡΥΘΡΩΝ ΑΙΜΟΣΦΑΙΡΙΩΝ, ΤΑΥΤΟΠΟΙΗΣΗ, ΕΠΩΑΣΗ ΜΕ ΦΑΡΜΑΚΑ, ΕΚΑΣΤΟΣ;;;;;
8944;B313859;ΠΡΟΚΑΤΕΡΓΑΣΙΑ ΤΟΥ ΟΡΟΥ ΓΙΑ ΧΡΗΣΗ ΤΟΥ ΣΕ ΤΑΥΤΟΠΟΙΗΣΗ ΑΝΤΙΣΩΜΑΤΟΣ ΕΡΥΘΡΩΝ, ΜΕ ΑΡΑΙΩΣΗ;;;;;
8945;B313861;ΠΡΟΚΑΤΕΡΓΑΣΙΑ ΤΟΥ ΟΡΟΥ ΓΙΑ ΧΡΗΣΗ ΤΟΥ ΣΕ ΤΑΥΤΟΠΟΙΗΣΗ ΑΝΤΙΣΩΜΑΤΟΣ ΕΡΥΘΡΩΝ ΑΙΜΟΣΦΑΙΡΙΩΝ, ΕΠΩΑΣΗ ΜΕ ΑΝΑΣΤΟΛΕΙΣ, ΕΚΑΣΤΟΣ;;;;;
8946;B313863;ΠΡΟΚΑΤΕΡΓΑΣΙΑ ΤΟΥ ΟΡΟΥ ΓΙΑ ΧΡΗΣΗ ΤΟΥ ΣΕ ΤΑΥΤΟΠΟΙΗΣΗ ΑΝΤΙΣΩΜΑΤΟΣ ΕΡΥΘΡΩΝ ΑΙΜΟΣΦΑΙΡΙΩΝ, ΜΕ ΔΙΑΦΟΡΙΚΗ ΑΠΟΡΡΟΦΗΣΗ ΕΡΥΘΡΟΚΥΤΤΑΡΩΝ ΜΕ ΤΗ ΧΡΗΣΗ ΕΡΥΘΡΩΝ ΑΙΜΟΣΦΑΙΡΙΩΝ ΑΣΘΕΝΟΥΣ Ή ΕΡΥΘΡΩΝ ΑΙΜΟΣΦΑΙΡΙΩΝ ΓΝΩΣΤΟΥ ΦΑΙΝΟΤΥΠΟΥ, ΚΑΘΕ ΑΠΟΡΡΟΦΗΣΗ;;;;;
8947;B313877;ΔΙΑΧΩΡΙΣΜΟΣ ΑΣΚΟΥ ΟΛΙΚΟΥ ΑΙΜΑΤΟΣ ΣΕ ΠΑΡΑΓΩΓΑ ΑΙΜΑΤΟΣ (ΠΑΡΑΣΚΕΥΗ ΣΥΜΠΥΚΝΩΜΕΝΩΝ ΕΡΥΘΡΩΝ, ΠΛΑΣΜΑΤΟΣ, ΑΙΜΟΠΕΤΑΛΙΩΝ);;;;;
8948;B313905;ΜΗ ΚΑΤΑΓΕΓΡΑΜΜΕΝΗ ΙΑΤΡΙΚΗ ΔΙΑΔΙΚΑΣΙΑ ΜΕΤΑΓΓΙΣΗΣ;;;;;
8949;B313905.1;ΣΥΛΛΟΓΗ ΟΛΙΚΟΥ ΑΙΜΑΤΟΣ ΑΠΟ ΑΙΜΟΔΟΤΕΣ (ΑΙΜΟΔΟΣΙΑ);;;;;
8950;B313905.2;ΑΙΜΟΠΕΤΑΛΙΟΑΦΑΙΡΕΣΗ ΑΠΟ ΔΟΤΕΣ;;;;;
8951;B313905.3;ΠΛΑΣΜΑΦΑΙΡΕΣΗ ΑΠΟ ΔΟΤΕΣ;;;;;
8952;B313905.4;ΑΦΑΙΡΕΣΗ ΚΟΚΚΙΟΚΥΤΤΑΡΩΝ ΑΠΟ ΔΟΤΕΣ;;;;;
8953;B313905.5;ΤΑΥΤΟΠΟΙΗΣΗ ΑΜΕΣΗΣ COOMBS ME ΜΟΝΟΔΥΝΑΜΟΥΣ ΑΝΤΙΟΡΟΥΣ (IgG, IgM, IgA, C3d κοκ);;;;;
8954;B313905.6;ΑΥΤΟΛΟΓΗ ΠΡΟΣΡΟΦΗΣΗ ΓΙΑ ΤΑΥΤΟΠΟΙΗΣΗ ΑΝΤΙΕΡΥΘΡΟΚΥΤΤΑΡΙΚΩΝ ΑΝΤΙΣΩΜΑΤΩΝ;;;;;
8955;B313905.7;ΑΛΛΟΓΕΝΗΣ ΠΡΟΣΡΟΦΗΣΗ ΓΙΑ ΤΑΥΤΟΠΟΙΗΣΗ ΑΝΤΙΕΡΥΘΡΟΚΥΤΤΑΡΙΚΩΝ ΑΝΤΙΣΩΜΑΤΩΝ ;;;;;
8956;B313905.8;ΤΙΤΛΟΠΟΙΗΣΗ ΑΜΕΣΗΣ COOMBS;;;;;
8957;B313905.9;TAYΤΟΠΟΙΗΣΗ ΥΠΟΤΑΞΕΩΝ IgG ΕΠΙ ΘΕΤΙΚΗΣ ΑΜΕΣΗΣ COOMBS;;;;;
8958;B313905.10;ΤΙΤΛΟΠΟΙΗΣΗ ΑΝΤΙΕΡΥΘΡΟΚΥΤΤΑΡΙΚΟΥ ΑΝΤΙΣΩΜΑΤΟΣ (ΕΜΜΕΣΗΣ COOMBS);;;;;
8959;B313905.11;ΤΙΤΛΟΠΟΙΗΣΗ ΑΙΜΟΣΥΓΓΟΛΗΤΙΝΩΝ ΑΝΤΙ-Α και ΑΝΤΙ-Β;;;;;
8960;B313905.12; ΠΡΟΣΔΙΟΡΙΣΜΟΣ ΑΛΛΩΝ ΕΡΥΘΡΟΚΥΤΤΑΡΙΚΩΝ ΑΝΤΙΓΟΝΩΝ ΜΕΜΟΝΩΜΕΝΑ (Kell, Cellano, Jka,  Jkb, Lea, Leb, Fya, Fyb, M, N, S, s, P1, Lua, Lub, κοκ) ;;;;;
8961;B313905.13;ΛΕΥΚΑΦΑΙΡΕΣΗ ΠΑΡΑΓΩΓΩΝ ΑΙΜΑΤΟΣ;;;;;
8962;B313905.14;ΔΙΑΣΤΑΥΡΩΣΗ ΑΙΜΟΠΕΤΑΛΙΩΝ;;;;;
Δ.10;ΜΙΚΡΟΒΙΟΛΟΓΙΚΕΣ – ΙΟΛΟΓΙΚΕΣ ΔΙΑΔΙΚΑΣΙΕΣ;;;;;;
8963;B313909;ΕΜΒΟΛΙΑΣΜΟΣ ΖΩΟΥ, ΜΙΚΡΟ ΖΩΟ, ΜΕ ΠΑΡΑΤΗΡΗΣΗ;;;;;
8964;B313913;ΕΜΒΟΛΙΑΣΜΟΣ ΖΩΟΥ, ΜΙΚΡΟ ΖΩΟ, ΜΕ ΠΑΡΑΤΗΡΗΣΗ ΚΑΙ ΑΝΑΤΟΜΗ;;;;;
8965;B313937;ΣΥΓΚΕΝΤΡΩΣΗ (ΟΠΟΙΟΥΔΗΠΟΤΕ ΤΥΠΟΥ), ΓΙΑ ΜΟΛΥΣΜΑΤΙΚΟΥΣ ΠΑΡΑΓΟΝΤΕΣ;;;;;
8966;B313987;ΚΑΛΛΙΕΡΓΕΙΑ ΑΙΜΑΤΟΣ ΓΙΑ ΑΕΡΟΒΙΟΥΣ, ΑΝΑΕΡΟΒΙΟΥΣ ΜΚΡΟΟΡΓΑΝΙΣΜΟΥΣ & ΜΥΚΗΤΕΣ. ;;;;;
8967;B313997;ΒΑΣΙΚΟΣ ΒΑΚΤΗΡΙΟΛΟΓΙΚΟΣ ΕΛΕΓΧΟΣ ΚΟΠΡΑΝΩΝ  (ΚΑΛΛΙΕΡΓΕΙΑ ΚΑΙ ΑΜΕΣΟΣ ΜΙΚΡΟΣΚΟΠΙΚΑ ΕΞΕΤΑΣΗ) ΓΙΑ ΤΥΧΟΝ ΠΑΡΟΥΣΙΑ SALMONELLA SPP Η SHIGELLA SPP, YERSINIA ENTEROCOLITICA, CAMPYLOBACTER JEJUNI.;;;;;
8968;B313999;ΠΛΗΡΗΣ ΒΑΚΤΗΡΙΟΛΟΓΙΚΟΣ ΕΛΕΓΧΟΣ ΚΟΠΡΑΝΩΝ (ΚΑΛΛΙΕΡΓΕΙΑ ΚΑΙ ΑΜΕΣΟΣ ΜΙΚΡΟΣΚΟΠΙΚΑ ΕΞΕΤΑΣΗ) ΓΙΑ SALMONELLA SPP, SHIGELLA SPP, YERSINIA ENTEROCOLITICA, CAMPYLOBACTER JEJUNI, ΕΝΤΕΡΟΠΑΘΟΓΟΝΩΝ E. COLI,  AEROMONAS SPP, PLESIOMONAS SHIGELLOIDES, VIBRIO SPP.;;;;;
8969;B314047;ΒΑΚΤΗΡΙΟΛΟΓΙΚΟΣ ΕΛΕΓΧΟΣ (ΑΕΡΟΒΙΟΣ ΚΑΛΛΙΕΡΓΕΙΑ ΚΑΙ ΑΜΕΣΟΣ ΜΙΚΡΟΣΚΟΠΙΚΗ ΕΞΕΤΑΣΗ) ΒΙΟΛΟΓΙΚΟΥ ΔΕΙΓΜΑΤΟΣ  (ΠΟΥ ΔΕΝ ΑΝΑΦΕΡΕΤΑΙ ΑΛΛΟΥ) ΜΕ ΤΑΥΤΟΠΟΙΗΣΗ ΤΩΝ ΑΠΟΜΟΝΟΥΜΕΝΩΝ ΠΑΘΟΓΟΝΩΝ ΣΕ ΕΠΙΠΕΔΟ ΕΙΔΟΥΣ;;;;;
8970;B314049;ΒΑΚΤΗΡΙΟΛΟΓΙΚΟΣ ΕΛΕΓΧΟΣ (ΑΕΡΟΒΙΟΣ ΠΟΣΟΤΙΚΗ ΚΑΛΛΙΕΡΓΕΙΑ ΚΑΙ ΑΜΕΣΟΣ ΜΙΚΡΟΣΚΟΠΙΚΗ ΕΞΕΤΑΣΗ) ΒΙΟΛΟΓΙΚΟΥ ΔΕΙΓΜΑΤΟΣ  (ΠΟΥ ΔΕΝ ΑΝΑΦΕΡΕΤΑΙ ΑΛΛΟΥ) ΜΕ ΤΑΥΤΟΠΟΙΗΣΗ ΤΩΝ ΑΠΟΜΟΝΟΥΜΕΝΩΝ ΠΑΘΟΓΟΝΩΝ ΣΕ ΕΠΙΠΕΔΟ ΕΙΔΟΥΣ;;;;;
8971;B314053;ΒΑΚΤΗΡΙΟΛΟΓΙΚΟΣ ΕΛΕΓΧΟΣ (ΑΝΑΕΡΟΒΙΟΣ ΠΟΣΟΤΙΚΗ ΚΑΛΛΙΕΡΓΕΙΑ ΚΑΙ ΑΜΕΣΟΣ ΜΙΚΡΟΣΚΟΠΙΚΗ ΕΞΕΤΑΣΗ) ΒΙΟΛΟΓΙΚΟΥ ΔΕΙΓΜΑΤΟΣ  (ΠΟΥ ΔΕΝ ΑΝΑΦΕΡΕΤΑΙ ΑΛΛΟΥ) ΜΕ ΤΑΥΤΟΠΟΙΗΣΗ ΤΩΝ ΑΠΟΜΟΝΟΥΜΕΝΩΝ ΠΑΘΟΓΟΝΩΝ ΣΕ ΕΠΙΠΕΔΟ ΕΙΔΟΥΣ;;;;;
8972;B314057;ΒΑΚΤΗΡΙΟΛΟΓΙΚΟΣ (ΑΝΑΕΡΟΒΙΟΣ) ΕΛΕΓΧΟΣ ΒΙΟΛΟΓΙΚΟΥ ΔΕΙΓΜΑΤΟΣ (ΠΟΥ ΔΕΝ ΑΝΑΦΕΡΕΤΑΙ ΑΛΛΟΥ) ΜΕ  ΤΑΥΤΟΠΟΙΗΣΗ ΤΩΝ ΑΠΟΜΟΝΟΥΜΕΝΩΝ ΠΑΘΟΓΟΝΩΝ ΣΕ ΕΠΙΠΕΔΟ ΕΙΔΟΥΣ;;;;;
8973;B314059;ΑΝΕΝΕΡΓΟΣ;;;;;
8974;B314061;ΑΝΕΝΕΡΓΟΣ;;;;;
8975;B314069;ΚΑΛΛΙΕΡΓΕΙΑ ΒΙΟΛΟΓΙΚΟΥ ΥΛΙΚΟΥ ΜΕ ΠΡΟΚΑΤΑΡΚΤΙΚΗ ΤΑΥΤΟΠΟΙΗΣΗ (ΘΑ ΧΡΗΣΙΜΟΠΟΙΗΘΕΙ ΣΕ ΠΕΡΙΠΤΩΣΗ ΔΙΑΛΟΓΗΣ - SCREENING);;;;;
8976;B314075;ΚΑΛΛΙΕΡΓΕΙΑ ΟΥΡΩΝ ΜΕ ΑΞΙΟΛΟΓΗΣΗ ΑΠΟΙΚΙΩΝ ΣΕ ΑΥΤΟΜΑΤΟ ΑΝΑΛΥΤΗ;;;;;
8977;B314079;ΑΝΕΝΕΡΓΟΣ;;;;;
8978;B314083;ΠΟΣΟΤΙΚΗ ΚΑΛΛΙΕΡΓΕΙΑ ΟΥΡΩΝ ΚΑΙ ΤΑΥΤΟΠΟΙΗΣΗ ΣΕ ΕΠΙΠΕΔΟΥ ΕΙΔΟΥΣ ΓΙΑ ΚΑΘΕ ΑΞΙΟΛΟΓΟΥΜΕΝΟ ΜΙΚΡΟΟΡΓΑΝΙΣΜΟ;;;;;
8979;B314109;ΕΛΕΓΧΟΣ (ΑΜΕΣΟΣ ΜΙΚΡΟΣΚΟΠΙΚΗ ΕΞΕΤΑΣΗ & ΚΑΛΛΙΕΡΕΓΕΙΑ) ΥΛΙΚΟΥ ΑΠΟ ΔΕΡΜΑ, ΤΡΙΧΕΣ ΚΑΙ ΝΥΧΙΑ ΓΙΑ ΔΕΡΜΑΤΟΦΥΤΑ, ΜΗ-ΔΕΡΜΑΤΟΦΥΤΙΚΟΥΣ ΜΥΚΗΤΕΣ & ΖΥΜΟΜΥΚΗΤΕΣ ΚΑΘΩΣ ΚΑΙ ΤΑΥΤΟΠΟΙΗΣΗ ΣΕ ΕΠΙΠΕΔΟ ΕΙΔΟΥΣ;;;;;
8980;B314111;ΕΛΕΓΧΟΣ (ΑΜΕΣΟΣ ΜΙΚΡΟΣΚΟΠΙΚΗ & ΚΑΛΛΙΕΡΕΓΕΙΑ)  ΥΛΙΚΟΥ ΑΠΟ  ΒΙΟΨΙΚΟ ΥΛΙΚΟ, ΒΛΑΒΕΣ ΔΕΡΜΑΤΟΣ (ΟΧΙ ΜΥΚΗΤΙΑΣΙΚΕΣ) ΠΥΟ, ΕΓΚΑΥΜΑΤΑ ΚΑΙ ΤΡΑΥΜΑΤΑ ΓΙΑ ΝΗΜΑΤΟΕΙΔΕΙΣ ΜΥΚΗΤΕΣ (ΥΦΟΜΗΚΥΤΕΣ) & ΖΥΜΟΜΥΚΗΤΕΣ ΚΑΘΩΣ ΚΑΙ ΤΑΥΤΟΠΟΙΗΣΗ ΣΕ ΕΠΙΠΕΔΟ ΕΙΔΟΥΣ;;;;;
8981;B314113;ΚΑΛΛΙΕΡΓΕΙΑ ΑΙΜΑΤΟΣ ΓΙΑ ΝΗΜΑΤΟΕΙΔΕΙΣ ΜΥΚΗΤΕΣ (ΥΦΟΜΗΚΥΤΕΣ)  & ΖΥΜΟΜΥΚΗΤΕΣ ΚΑΘΩΣ ΚΑΙ ΤΑΥΤΟΠΟΙΗΣΗ ΣΕ ΕΠΙΠΕΔΟ ΕΙΔΟΥΣ;;;;;
8982;B314119;ΕΛΕΓΧΟΣ (ΑΜΕΣΟΣ ΜΙΚΡΟΣΚΟΠΙΚΗ ΕΞΕΤΑΣΗ & ΚΑΛΛΙΕΡΕΓΕΙΑ) ΣΤΕΙΡΟΥ ΒΙΟΛΟΓΙΚΟΥ ΥΛΙΚΟΥ ΓΙΑ  ΖΥΜΟΜΥΚΗΤΕΣ ΚΑΘΩΣ ΚΑΙ ΤΑΥΤΟΠΟΙΗΣΗ ΣΕ ΕΠΙΠΕΔΟ ΕΙΔΟΥΣ;;;;;
8983;B314121;ΕΛΕΓΧΟΣ (ΑΜΕΣΟΣ ΜΙΚΡΟΣΚΟΠΙΚΗ ΕΞΕΤΑΣΗ & ΚΑΛΛΙΕΡΕΓΕΙΑ) ΣΤΕΙΡΟΥ ΒΙΟΛΟΓΙΚΟΥ ΥΛΙΚΟΥ ΓΙΑ ΝΗΜΑΤΟΕΙΔΕΙΣ ΜΗΚΗΤΕΣ (ΥΦΟΜΗΚΥΤΕΣ)  ΚΑΘΩΣ ΚΑΙ ΤΑΥΤΟΠΟΙΗΣΗ ΣΕ ΕΠΙΠΕΔΟ ΕΙΔΟΥΣ;;;;;
8984;B314125;ΚΑΛΛΙΕΡΓΕΙΑ ΚΟΛΠΙΚΟΥ ΕΚΚΡΙΜΑΤΟΣ ΚΑΙ ΑΛΛΩΝ ΥΛΙΚΩΝ ΤΟΥ ΓΕΝΝΗΤΙΚΟΥ ΣΥΣΤΗΜΑΤΟΣ ΓΙΑ MYCOPLASMA HOMINIS ΚΑΙ UREAPLASMA UREALYTICUM;;;;;
8985;B314127;ΚΑΛΛΙΕΡΓΕΙΑ ΒΙΟΛΟΓΙΚΟΥ ΥΛΙΚΟΥ ΓΙΑ ΜΙΚΡΡΟΡΓΑΝΙΣΜΟΥΣ ΤΗΣ ΟΙΚΟΓΕΝΕΙΑΣ  CHLAMYDIACEAE;;;;;
8986;B314139;ΚΑΛΛΙΕΡΓΕΙΑ ΜΥΚΟΒΑΚΤΗΡΙΔΙΩΝ ΣΕ ΣΤΕΡΕΑ ΘΡΕΠΤΙΚΑ ΥΛΙΚΑ (LOWENSTEIN-JENSEN, MIDDLEBROOK7H11/ 7H10);;;;;
8987;B314143;ΤΑΥΤΟΠΟΙΗΣΗ ΕΙΔΩΝ ΜΥΚΟΒΑΚΤΗΡΙΔΙΩΝ  ΣΕ ΕΠΙΠΕΔΟ ΕΙΔΟΥΣ;;;;;
8988;B314187;ΑΝΕΝΕΡΓΟΣ;;;;;
8989;B314193;ΤΑΥΤΟΠΟΙΗΣΗ / ΤΥΠΟΠΟΙΗΣΗ ΜΙΚΡΟΟΡΓΑΝΙΣΜΩΝ ΜΕ  ΤΗΝ ΜΕΘΟΔΟ ΤΗΣ ΑΕΡΙΑΣ ΥΓΡΗΣ ΧΡΩΜΑΤΟΓΡΑΦΙΑΣ (GLC) Η ΤΗΣ ΥΨΗΛΗΣ ΠΙΕΣΗΣ ΥΓΡΗΣ ΧΡΩΜΑΤΟΓΡΑΦΙΑΣ (HPLC);;;;;
8990;B314201;ΟΡΟΛΟΓΙΚΗ ΤΥΠΟΠΟΙΗΣΗ ΒΑΚΤΗΡΙΔΙΩΝ (SHIGELLA SP, SALMONELLA SP, E. COLI  ΚΛΠ) ΑΝΑ ΑΝΑΖΗΤΟΥΜΕΝΟ ΟΡΟΤΥΠΟ;;;;;
8991;B314205;ΑΝΙΧΝΕΥΣΗ ΓΕΝΕΤΙΚΟΥ ΥΛΙΚΟΥ ΜΙΚΡΟΟΡΓΑΝΙΣΜΩΝ ΠΟΥ ΔΕΝ ΑΝΑΦΕΡΟΝΤΑΙ ΑΛΛΟΥ, ΣΕ ΚΛΙΝΙΚΑ ΔΕΙΓΜΑΤΑ ΜΕ ΤΗ ΜΕΘΟΔΟ ΤΟΥ ΙΧΝΗΛΑΤΗ DNA (DNA PROBE);;;;;
8992;B314211;ΤΥΠΟΠΟΙΗΣΗΜΙΚΡΟΟΡΓΑΝΙΣΜΩΝ ΠΟΥ ΔΕΝ ΑΝΑΦΕΡΟΝΤΑΙ ΑΛΛΟΥ ΜΕ ΤΗ ΜΕΘΟΔΟ ΤΗΣ ΗΛΕΚΤΡΟΦΟΡΗΣΗΣ ΣΕ ΠΑΛΛΟΜΕΝΟ ΗΛΕΚΤΡΙΚΟ ΠΕΔΙΟ (PFGE);;;;;
8993;B314223;ΤΑΥΤΟΠΟΙΗΣΗ / ΤΥΠΟΠΟΙΗΣΗ ΜΙΚΡΟΟΡΓΑΝΙΣΜΩΝ ΜΕ ΑΛΛΗ ΜΗ ΑΝΑΦΕΡΟΜΕΝΗ ΜΕΘΟΔΟ;;;;;
8994;B314235;ΕΞΕΤΑΣΗ ΜΙΚΡΟΣΚΟΠΙΟ ΣΚΟΤΕΙΝΟΥ ΠΕΔΙΟΥ, ΒΙΟΛΟΓΙΚΟΥ ΥΛΙΚΟΥ ΑΠΟ ΟΠΟΙΑΔΗΠΟΤΕ ΠΡΟΕΛΕΥΣΗ (Π.Χ. ΠΕΟΣ, ΚΟΛΠΟΣ, ΣΤΟΜΑΤΙΚΗ ΚΟΙΛΟΤΗΤΑ ΔΕΡΜΑ) ΠΕΡΙΛΑΜΒΑΝΕΤΑΙ Η ΔΕΙΓΜΑΤΟΛΗΨΙΑ;;;;;
8995;B314239;ΕΞΕΤΑΣΗ ΜΙΚΡΟΣΚΟΠΙΟ ΣΚΟΤΕΙΝΟΥ ΠΕΔΙΟΥ, ΒΙΟΛΟΓΙΚΟΥ ΥΛΙΚΟΥ ΑΠΟ ΟΠΟΙΑΔΗΠΟΤΕ ΠΡΟΕΛΕΥΣΗ (Π.Χ. ΠΕΟΣ, ΚΟΛΠΟΣ, ΣΤΟΜΑΤΙΚΗ ΚΟΙΛΟΤΗΤΑ ΔΕΡΜΑ) ΔΕΝ ΠΕΡΙΛΑΜΒΑΝΕΤΑΙ Η ΔΕΙΓΜΑΤΟΛΗΨΙΑ;;;;;
8996;B314243;ΜΑΚΡΟΣΚΟΠΙΟΚΗ ΕΞΕΤΑΣΗ ΓΙΑ ΑΡΘΡΟΠΟΔΑ;;;;;
8997;B314245;ΜΑΚΡΟΣΚΟΠΙΟΚΗ ΕΞΕΤΑΣΗ ΓΙΑ ΠΑΡΑΣΙΤΑ;;;;;
8998;B314251;ΕΞΕΤΑΣΗ ΓΙΑ ΟΞΥΟΥΡΟΥΣ (SELOTAPE TEST);;;;;
8999;B314259;ΟΜΟΓΕΝΟΠΟΙΗΣΗ ΙΣΤΟΥ ΓΙΑ ΚΑΛΛΙΕΡΓΕΙΑ;;;;;
9000;B314261;ΠΑΡΑΣΙΤΟΛΟΓΙΚΗ ΚΟΠΡΑΝΩΝ (ΑΜΕΣΟ ΠΑΡΑΣΚΕΥΑΣΜΑ ΚΑΙ ΣΥΓΚΕΝΤΡΩΣΗ - ΤΑΥΤΟΠΟΙΗΣΗ);;;;;
9001;B314269;ΠΡΟΣΔΙΟΡΙΣΜΟΣ ΕΛΑΧΙΣΤΗΣ ΑΝΑΣΤΑΛΤΙΚΗΣ ΠΥΚΝΟΤΗΤΑΣ (MIC) ΜΕ ΤΑΙΝΙΑ ΔΙΑΒΑΘΜΙΣΜΕΝΗΣ ΣΥΓΚΕΝΤΡΩΣΗΣ ΣΕ ΑΓΑΡ ΑΝΑ ΑΝΤΙΜΙΚΡΟΒΙΑΚΟ ΠΑΡΑΓΟΝΤΑ;;;;;
9002;B314275;ΈΛΕΓΧΟΣ ΕΥΑΙΣΘΗΣΙΑΣ ΣΤΑ ΑΝΤΙΒΙΟΤΙΚΑ ΜΕ ΤΗ ΜΕΘΟΔΟ ΔΙΑΧΥΣΗΣ ΤΩΝ ΔΙΣΚΩΝ / KIRBY-BAUER (12-16 ΑΝΤΙΒΙΟΤΙΚΑ) ;;;;;
9003;B314277;ΔΙΕΡΕΥΝΗΣΗ ΜΗΧΑΝΙΣΜΩΝ ΑΝΤΟΧΗΣ ΤΩΝ ΒΑΚΤΗΡΙΩΝ ΣΤΑ ΑΝΤΙΒΙΟΤΙΚΑ ΜΕ ΧΡΗΣΗ ΕΝΖΥΜΩΝ (ΠΧ ΝΙΤΡΟΣΕΦΙΝΗ) ΑΝΑ ΔΟΚΙΜΑΣΙΑ;;;;;
9004;B314279;ΠΡΟΣΔΙΟΡΙΣΜΟΣ ΕΛΑΧΙΣΤΗΣ ΑΝΑΣΤΑΛΤΙΚΗΣ ΠΥΚΝΟΤΗΤΑΣ (MIC) ΜΕ ΤΗ ΜΕΘΟΔΟ ΤΩΝ ΜΙΚΡΟΑΡΑΙΩΣΕΩΝ ΣΕ ΠΛΑΚΑ ΜΙΚΤΟΤΙΤΛΟΔΟΤΗΣΕΩΝ Η ΣΕ ΑΡΑΙΩΣΕΙΣ ΣΕ ΑΓΑΡ / ΑΝΑ ΠΛΑΚΑ;;;;;
9005;B314281;ΠΡΟΣΔΙΟΡΙΣΜΟΣ ΕΛΑΧΙΣΤΗΣ ΒΑΚΤΗΡΙΟΚΤΟΝΟΥ ΠΥΚΝΟΤΗΤΑΣ (MΒC) ΜΕ ΤΗ ΜΕΘΟΔΟ ΤΩΝ ΜΙΚΡΟΑΡΑΙΩΣΕΩΝ ΣΕ ΠΛΑΚΑ ΜΙΚΤΟΤΙΤΛΟΔΟΤΗΣΕΩΝ Η ΣΕ ΑΡΑΙΩΣΕΙΣ ΣΕ ΑΓΑΡ / ΑΝΑ ΠΛΑΚΑ;;;;;
9006;B314283;ΠΡΟΣΔΙΟΡΙΣΜΟΣ ΕΛΑΧΙΣΤΗΣ ΑΝΑΣΤΑΛΤΙΚΗΣ ΠΥΚΝΟΤΗΤΑΣ (MIC) ΜΕ ΤΗ ΜΕΘΟΔΟ ΤΩΝ ΜΙΚΡΟΑΡΑΙΩΣΕΩΝ ΣΕ ΠΛΑΚΑ ΜΙΚΤΟΤΙΤΛΟΔΟΤΗΣΕΩΝ Η ΣΕ ΑΡΑΙΩΣΕΙΣ ΣΕ ΑΓΑΡ / ΚΑΘΕ ΑΝΤΙΒΙΟΤΙΚΟ ;;;;;
9007;B314287;ΈΛΕΓΧΟΣ ΑΝΤΟΧΗΣ ΜΥΚΟΒΑΚΤΗΡΙΔΙΩΝ ΣΤΑ ΠΡΩΤΕΥΟΝΤΑ ΑΝΤΙΦΥΜΑΤΙΚΑ ΦΑΡΜΑΚΑ (ΙΣΟΝΙΑΖΙΔΗ, ΡΙΦΑΜΠΙΚΙΝΗ, ΣΤΡΕΠΤΟΜΥΚΙΝΗ, ΕΘΑΜΒΟΥΤΟΛΗ) ΣΕ ΣΤΕΡΕΑ ΘΡΕΠΤΙΚΑ ΥΛΙΚΑ;;;;;
9008;B314301;ΤΙΤΛΟΣ ΒΑΚΤΗΡΙΟΚΤΟΝΟΥ ΔΡΑΣΗΣ ΣΤΟΝ ΟΡΟ (SCHLICTER TEST);;;;;
9009;B314317;ΧΡΩΣΗ ΚΛΙΝΙΚΟΥ ΥΛΙΚΟΥ ΚΑΤΑ GRAM ;;;;;
9010;B314319;ΧΡΩΣΗ ΒΙΟΛΟΓΙΚΟΥ ΥΛΙΚΟΥ  ΚΑΤΑ ZIEHL - NIELSEN;;;;;
9011;B314321;ΕΠΙΧΡΙΣΜΑ ΑΙΜΑΤΟΣ ΓΙΑ ΑΝΙΧΝΕΥΣΗ ΠΑΡΑΣΙΤΩΝ (ΠΛΑΣΜΩΔΙΑ, ΤΡΥΠΑΝΟΣΩΜΑΤΑ ΚΛΠ);;;;;
9012;B314325;ΤΡΙΧΡΩΜΗ ΧΡΩΣΗ ΒΙΟΛΟΓΙΚΟΥ ΥΛΙΚΟΥ (ΚΟΠΡΑΝΩΝ) ΓΙΑ ΑΝΙΧΝΕΥΣΗ ΟΩΝ ΚΑΙ ΕΝΗΛΙΚΩΝ ΠΑΡΑΣΙΤΩΝ ;;;;;
9013;B314327;ΜΙΚΡΟΣΚΟΠΙΚΗ ΕΞΕΤΑΣΗ ΥΓΡΟΥ ΠΡΑΣΚΕΥΑΣΜΑΤΟΣ (ΜΕ Φ.Ο, ΚΟΗ, ΣΙΝΙΚΗ ΜΕΛΑΝΗ, LACTOPHENOL BLUE Κ.Α) ;;;;;
9014;B314347;ΑΜΕΣΟΣ ΜΙΚΡΟΣΚΟΠΙΚΗ ΕΞΕΤΑΣΗ ΥΛΙΚΟΥ ΑΠΟ ΔΕΡΜΑ, ΤΡΙΧΕΣ ΚΑΙ ΝΥΧΙΑ ΓΙΑ ΔΕΡΜΑΤΟΦΥΤΑ, ΖΥΜΟΜΥΚΗΤΕΣ  Η ΑΚΑΡΕΑ;;;;;
9015;B314367;ΑΝΕΝΕΡΓΟΣ;;;;;
9016;B314407;ΑΝΙΧΝΕΥΣΗ ΙΩΝ ΜΕ ΚΑΛΛΙΕΡΓΕΙΑ ΒΙΟΛΟΓΙΚΟΥ ΔΕΙΓΜΑΤΟΣ ΣΕ ΕΜΒΡΥΟΦΟΡΟ ΩΟ ΗΠΕΙΡΑΜΑΤΟΖΩΟ;;;;;
9017;B314411;ΑΝΙΧΝΕΥΣΗ ΙΩΝ ΜΕ ΚΑΛΛΙΕΡΓΕΙΑ ΒΙΟΛΟΓΙΚΟΥ ΔΕΙΓΜΑΤΟΣ ΣΕ ΚΥΤΤΑΡΟΚΑΛΛΙΕΡΓΕΙΑ;;;;;
9018;B314413;ΤΑΥΤΟΠOΙΗΣΗ ΙΟΥ (ΜΕΤΑ ΤΗΝ ΚΑΛΛΙΕΡΓΕΙΑ) ΜΕ ΕΙΔΙΚΕΣ ΔΟΚΙΜΑΣΙΕΣ ΑΝΑ ΣΤΕΛΕΧΟΣ ΙΟΥ ;;;;;
9019;B314415;ΑΝΙΧΝΕΥΣΗ ΙΩΝ ΜΕ ΚΑΛΛΙΕΡΓΕΙΑ ΒΙΟΛΟΓΙΚΟΥ ΔΕΙΓΜΑΤΟΣ ΜΕ ΤΗΝ ΤΕΧΝΙΚΗ SHELL VIAL ;;;;;
9020;B314417;ΤΑΥΤΟΠOΙΗΣΗ ΙΟΥ (ΜΕΤΑ ΤΗΝ ΚΑΛΛΙΕΡΓΕΙΑ) ΜΗ ΑΝΟΣΟΛΟΓΙΚΗ ΜΕΘΟΔΟ (ΠΧ ΜΕ ΕΙΔΙΚΗ ΕΝΖΥΜΙΚΗ ΔΡΑΣΤΗΡΙΟΤΗΤΑ);;;;;
9021;B314427;ΑΝΙΧΝΕΥΣΗ ΑΝΤΙΓΟΝΟΥ ΑΔΕΝΟΪΟΥ;;;;;
9022;B314437;ΑΝΙΧΝΕΥΣΗ ΑΝΤΙΓΟΝΟΥ  BORDETELLA PERTUSIS /PARAPERTUSIS;;;;;
9023;B314441;ΑΝΙΧΝΕΥΣΗ ΣΤΑ ΚΟΠΡΑΝΑ ΤΟΥ ΑΝΤΙΓΟΝΟΥ ΕΝΤΕΡΟΪΩΝ;;;;;
9024;B314445;ΑΝΙΧΝΕΥΣΗ ΑΝΤΙΓΟΝΟΥ  GIARDIA;;;;;
9025;B314447;ΑΝΙΧΝΕΥΣΗ ΑΝΤΙΓΟΝΟΥ CHLAMYDIA TRACHOMATIS;;;;;
9026;B314449;ΑΝΙΧΝΕΥΣΗ ΑΝΤΙΓΟΝΟΥ CYTOMEGALOVIRUS  (CMV) ;;;;;
9027;B314451;ΑΝΙΧΝΕΥΣΗ ΑΝΤΙΓΟΝΟΥ ΚΡΥΠΤΟΣΠΟΡΙΔΙΟΥ;;;;;
9028;B314453;ΑΝΙΧΝΕΥΣΗ ΑΝΤΙΓΟΝΟΥ HERPES SYMPLEX VIRUS (HSV)  ΤΥΠΟΥ 2;;;;;
9029;B314455;ΑΝΙΧΝΕΥΣΗ ΑΝΤΙΓΟΝΟΥ HERPES SYMPLEX VIRUS (HSV)  ΤΥΠΟΥ 1;;;;;
9030;B314457;ΑΝΙΧΝΕΥΣΗ ΑΝΤΙΓΟΝΟΥ ΙΟΥ ΤΗΣ ΓΡΙΠΗΣ ΤΥΠΟΥ Β;;;;;
9031;B314459;ΑΝΙΧΝΕΥΣΗ ΑΝΤΙΓΟΝΟΥ ΙΟΥ ΤΗΣ ΓΡΙΠΗΣ ΤΥΠΟΥ Α;;;;;
9032;B314461;ΑΝΙΧΝΕΥΣΗ ΑΝΤΙΓΟΝΟΥ LEGIONELLA MICDADEI ;;;;;
9033;B314463;ΑΝΙΧΝΕΥΣΗ ΑΝΤΙΓΟΝΟΥ LEGIONELLA PNEUMOPHILA;;;;;
9034;B314465;ΑΝΙΧΝΕΥΣΗ ΑΝΤΙΓΟΝΟΥ ΙΟY PARAINFLUENZA;;;;;
9035;B314467;ΑΝΙΧΝΕΥΣΗ ΑΝΤΙΓΟΝΟΥ ΑΝΑΠΝΕΥΣΤΙΚΟΥ ΣΥΓΚΥΤΙΑΚΟΥ ΙΟΥ (RSV);;;;;
9036;B314469;ΑΝΙΧΝΕΥΣΗ ΑΝΤΙΓΟΝΟΥ PNEUMOCYSTIS SP;;;;;
9037;B314473;ΑΝΙΧΝΕΥΣΗ ΑΝΤΙΓΟΝΟΥ ΙΟΥ ΙΛΑΡΑΣ;;;;;
9038;B314477;ΑΝΙΧΝΕΥΣΗ ΑΝΤΙΓΟΝΟΥ TREPONEMA PALLIDUM;;;;;
9039;B314487;ΑΝΙΧΝΕΥΣΗ ΑΝΤΙΓΟΝΟΥ  ΙΟΥ ΑΝΕΜΟΒΛΟΓΙΑΣ-ΕΡΠΗΤΑ-ΖΩΣΤΗΡΑ;;;;;
9040;B314505;ΑΝΙΧΝΕΥΣΗ ΑΝΤΙΓΟΝΟΥ ΜΟΛΥΣΜΑΤΙΚΟΥ ΠΑΡΑΓΟΝΤΑ (ΜΗ ΑΛΛΑΧΟΥ ΑΝΑΦΕΡΟΜΕΝΟΥ);;;;;
9041;B314507;ΑΝΕΝΕΡΓΟΣ;;;;;
9042;B314509;ΑΝΙΧΝΕΥΣΗ ΣΤΑ ΚΟΠΡΑΝΑ ΤΟΥ ΑΝΤΙΓΟΝΟΥ ΤΟΥ ΑΔΕΝΟΪΟΥ ΕΝΤΕΡΙΚΟΥ ΤΥΠΟΥ 40/41;;;;;
9043;B314517;ΑΝΙΧΝΕΥΣΗ ΑΝΤΙΓΟΝΟΥ ASPERGILLUS SP ΣΤΟ ΑΙΜΑ;;;;;
9044;B314547;ΑΝΙΧΝΕΥΣΗ ΑΝΤΙΓΟΝΟΥ CHLAMYDIA TRACHOMATIS;;;;;
9045;B314555;ΑΝΕΝΕΡΓΟΣ;;;;;
9046;B314561;ΑΝΙΧΝΕΥΣΗ ΑΝΤΙΓΟΝΟΥ CRYPTOCOCCUS  NEOFORMANS;;;;;
9047;B314563;ΑΝΙΧΝΕΥΣΗ ΣΤΑ ΚΟΠΡΑΝΑ ΤΟΥ ΑΝΤΙΓΟΝΟΥ CRYPTOSPORIDIUM SP;;;;;
9048;B314565;ΑΝΙΧΝΕΥΣΗ ΣΤΑ ΚΟΠΡΑΝΑ ΤΟΥ ΑΝΤΙΓΟΝΟΥ ΤΗΣ GIARDIA ;;;;;
9049;B314571;ΑΝΙΧΝΕΥΣΗ ΑΝΤΙΓΟΝΟΥ CMV;;;;;
9050;B314579;ΑΝΙΧΝΕΥΣΗ ΣΤΑ ΚΟΠΡΑΝΑ ΤΟΥ ΑΝΤΙΓΟΝΟΥ ΤΗΣ ΟΜΑΔΟΣ ΕNTAMOEBA HISTOLYTICA & DISPAR;;;;;
9051;B314581;ΑΝΕΝΕΡΓΟΣ;;;;;
9052;B314583;ΑΝΙΧΝΕΥΣΗ ΣΤΑ ΚΟΠΡΑΝΑ ΤΟΥ ΑΝΤΙΓΟΝΟΥ ΤΟΥ HELICOBACTER PYLORI;;;;;
9053;B314585;ΑΝΙΧΝΕΥΣΗ ΣΕ ΒΙΟΛΟΓΙΚΟ ΥΛΙΚΟ (ΠΛΗΝ ΚΟΠΡΑΝΩΝ) ΤΟΥ ΑΝΤΙΓΟΝΟΥ ΤΟΥ HELICOBACTER PYLORI;;;;;
9054;B314587;ΑΝΙΧΝΕΥΣΗ ΕΠΙΦΑΝΕΙΑΚΟY ΑΝΤΙΓΟΝΟY ΤΟΥ ΙΟΥ ΤΗΣ ΗΠΑΤΙΤΙΔΑΣ Β (HBSAG);;;;;
9055;B314589;ΑΝΕΝΕΡΓΟΣ;;;;;
9056;B314607;ΑΝΙΧΝΕΥΣΗ ΑΝΤΙΓΟΝΟY Ε ΤΟΥ ΙΟΥ ΤΗΣ ΗΠΑΤΙΤΙΔΑΣ Β (HBEAG);;;;;
9057;B314667;ΑΝΙΧΝΕΥΣΗ ΑΝΤΙΓΟΝΟY D ΤΗΣ ΗΠΑΤΙΤΙΔΑΣ Β;;;;;
9058;B314677;ΑΝΙΧΝΕΥΣΗ ΑΝΤΙΓΟΝΟY HISTOPLASMA CAPSULATUM;;;;;
9059;B314687;ΑΝΙΧΝΕΥΣΗ ΑΝΤΙΓΟΝΟY HIV-1;;;;;
9060;B314689;ΑΝΙΧΝΕΥΣΗ ΑΝΤΙΓΟΝΟY HIV-2;;;;;
9061;B314707;ΑΝΙΧΝΕΥΣΗ ΑΝΤΙΓΟΝΟY ΤΟΥ ΙΟΥ ΤΗΣ ΓΡΙΠΗΣ Α & Β (ΕΚΑΣΤΟΣ);;;;;
9062;B314747;ΝΑ ΔΙΑΓΡΑΦΕΙ Ο ΚΩΔΙΚΟΣ;;;;;
9063;B314757;ΑΝΙΧΝΕΥΣΗ ΣΤΑ ΚΟΠΡΑΝΑ ΤΟΥ ΑΝΤΙΓΟΝΟΥ  ΡΟΤΑΪΩΝ ;;;;;
9064;B314761;ΑΝΙΧΝΕΥΣΗ ΣΤΑ ΚΟΠΡΑΝΑ ΤΟΞΙΝΩΝ ΤΗΣ ΟΜΑΔΑΣ SHIGA (SHIGA LIKE TOXIN);;;;;
9065;B314767;ΑΝΙΧΝΕΥΣΗ ΑΝΤΙΓΟΝΟΥ STREPTOCOCCUS PYOGENES;;;;;
9066;B314805;ΑΝ'ΙΧΝΕΥΣΗ ΣΤΑ ΚΟΠΡΑΝΑ ΑΝΤΙΓΟΝΟΥ ΜΟΛΥΣΜΑΤΙΚΟΥ ΠΑΡΑΓΟΝΤΑ;;;;;
9067;B314807;ΑΝΙΧΝΕΥΣΗ ΑΝΤΙΓΟΝΟΥ ΜΟΛΥΣΜΑΤΙΚΟΥ ΠΑΡΑΓΟΝΤΑ ΣΕ ΚΛΙΝΙΚΑ ΔΕΙΓΜΑΤΑ;;;;;
9068;B314809;ΑΝΕΝΕΡΓΟΣ;;;;;
9069;B314847;ΑΝΙΧΝΕΥΣΗ ΓΕΝΕΤΙΚΟΥ ΥΛΙΚΟΥ BARTONELLA QUINTANA ΜΕ ΤΕΧΝΙΚΗ ΑΜΕΣΟΥ ΑΝΙΧΝΕΥΤΗ (DNA PROBE);;;;;
9070;B314849;ΑΝΙΧΝΕΥΣΗ ΓΕΝΕΤΙΚΟΥ ΥΛΙΚΟΥ BARTONELLA QUINTANA ΜΕ PCR ΚΑΙ ΤΑΥΤΟΠΟΙΗΣΗ ΠΡΟΪΟΝΤΟΣ ΜΕ ΑΛΛΗΛΟΥΧΟΠΟΙΗΣΗ Η ΗΛΕΚΤΡΟΦΟΡΗΣΗ Η RFLPS;;;;;
9071;B314851;ΑΝΙΧΝΕΥΣΗ ΚΑΙ ΠΟΣΟΤΙΚΟΠΟΙΗΣΗ ΓΕΝΕΤΙΚΟΥ ΥΛΙΚΟΥ  BARTONELLA QUINTANA ΜΕ REAL TIME PCR ;;;;;
9072;B314857;ΑΝΙΧΝΕΥΣΗ ΓΕΝΕΤΙΚΟΥ ΥΛΙΚΟΥ  BORRELIA BURGDORFERI ΜΕ ΤΕΧΝΙΚΗ ΑΜΕΣΟΥ ΑΝΙΧΝΕΥΤΗ (DNA PROBE);;;;;
9073;B314859;ΑΝΙΧΝΕΥΣΗ ΓΕΝΕΤΙΚΟΥ ΥΛΙΚΟΥ BORRELIA BURGDORFERI ΜΕ PCR ΚΑΙ ΑΛΛΗΛΟΥΧΟΠΟΙΗΣΗ / ΗΛΕΚΤΡΟΦΟΡΗΣΗ / RFLPS;;;;;
9074;B314861;ΑΝΙΧΝΕΥΣΗ ΚΑΙ ΠΟΣΟΤΙΚΟΠΟΙΗΣΗ ΓΕΝΕΤΙΚΟΥ ΥΛΙΚΟΥ  BORRELIA BURGDORFERI ΜΕ REAL TIME PCR ;;;;;
9075;B314867;ΑΝΙΧΝΕΥΣΗ ΓΕΝΕΤΙΚΟΥ ΥΛΙΚΟΥ  ΕΙΔΩΝ CANDIDA  ΜΕ ΤΕΧΝΙΚΗ ΑΜΕΣΟΥ ΑΝΙΧΝΕΥΤΗ (DNA PROBE) (DNA PROBE);;;;;
9076;B314869;ΑΝΙΧΝΕΥΣΗ ΕΙΔΩΝ ΓΕΝΕΤΙΚΟΥ ΥΛΙΚΟΥ  CANDIDA ΜΕ PCR ΚΑΙ ΑΛΛΗΛΟΥΧΟΠΟΙΗΣΗ / ΗΛΕΚΤΡΟΦΟΡΗΣΗ / RFLPS;;;;;
9077;B314871;ΑΝΙΧΝΕΥΣΗ ΚΑΙ ΠΟΣΟΤΙΚΟΠΟΙΗΣΗ ΓΕΝΕΤΙΚΟΥ ΥΛΙΚΟΥ  ΕΙΔΩΝ CANDIDA  ΜΕ REAL TIME PCR ;;;;;
9078;B314877;ΑΝΙΧΝΕΥΣΗ ΓΕΝΕΤΙΚΟΥ ΥΛΙΚΟΥ  CHLAMYDOPHILA PNEUMONIAE ΜΕ ΤΕΧΝΙΚΗ ΑΜΕΣΟΥ ΑΝΙΧΝΕΥΤΗ (DNA PROBE);;;;;
9079;B314879;ΑΝΙΧΝΕΥΣΗ ΓΕΝΕΤΙΚΟΥ ΥΛΙΚΟΥ CHLAMYDOPHILA PNEUMONIAEΜΕ PCR ΚΑΙ ΑΛΛΗΛΟΥΧΟΠΟΙΗΣΗ / ΗΛΕΚΤΡΟΦΟΡΗΣΗ / RFLPS;;;;;
9080;B314881;ΑΝΙΧΝΕΥΣΗ ΚΑΙ ΠΟΣΟΤΙΚΟΠΟΙΗΣΗ ΓΕΝΕΤΙΚΟΥ ΥΛΙΚΟΥ  CHLAMYDOPHILA PNEUMONIAEΜΕ REAL TIME PCR ;;;;;
9081;B314887;ΑΝΙΧΝΕΥΣΗ ΓΕΝΕΤΙΚΟΥ ΥΛΙΚΟΥ CHLAMYDIA TRACHOMATISΜΕ ΤΕΧΝΙΚΗ ΑΜΕΣΟΥ ΑΝΙΧΝΕΥΤΗ (DNA PROBE) (DNA PROBE);;;;;
9082;B314889;ΑΝΙΧΝΕΥΣΗ ΓΕΝΕΤΙΚΟΥ ΥΛΙΚΟΥ  CHLAMYDIA TRACHOMATISΜΕ PCR ΚΑΙ ΑΛΛΗΛΟΥΧΟΠΟΙΗΣΗ / ΗΛΕΚΤΡΟΦΟΡΗΣΗ / RFLPS;;;;;
9083;B314891;ΑΝΙΧΝΕΥΣΗ ΚΑΙ ΠΟΣΟΤΙΚΟΠΟΙΗΣΗ  ΓΕΝΕΤΙΚΟΥ ΥΛΙΚΟΥ CHLAMYDIA TRACHOMATISΜΕ REAL TIME PCR ;;;;;
9084;B314897;ΑΝΙΧΝΕΥΣΗ ΓΕΝΕΤΙΚΟΥ ΥΛΙΚΟΥ  CMV ΤΕΧΝΙΚΗ ΑΜΕΣΟΥ ΑΝΙΧΝΕΥΤΗ (DNA PROBE);;;;;
9085;B314899;ΑΝΙΧΝΕΥΣΗ ΓΕΝΕΤΙΚΟΥ ΥΛΙΚΟΥ  CMV ΜΕ PCR ΚΑΙ ΑΛΛΗΛΟΥΧΟΠΟΙΗΣΗ / ΗΛΕΚΤΡΟΦΟΡΗΣΗ / RFLPS;;;;;
9086;B314901;ΑΝΙΧΝΕΥΣΗ ΚΑΙ ΠΟΣΟΤΙΚΟΠΟΙΗΣΗ ΓΕΝΕΤΙΚΟΥ ΥΛΙΚΟΥ  CMV ΜΕ REAL TIME PCR ;;;;;
9087;B314903;ΑΝΙΧΝΕΥΣΗ ΓΕΝΕΤΙΚΟΥ ΥΛΙΚΟΥ  ΕΝΤΕΡΟΪΟΥ ΜΕ PCR ΚΑΙ ΑΛΛΗΛΟΥΧΟΠΟΙΗΣΗ / ΗΛΕΚΤΡΟΦΟΡΗΣΗ / RFLPS;;;;;
9088;B314907;ΑΝΕΝΕΡΓΟΣ;;;;;
9089;B314927;ΑΝΙΧΝΕΥΣΗ ΓΕΝΕΤΙΚΟΥ ΥΛΙΚΟΥ  GARDNERELLA VAGINALIS ΜΕ ΤΕΧΝΙΚΗ ΑΜΕΣΟΥ ΑΝΙΧΝΕΥΤΗ (DNA PROBE);;;;;
9090;B314929;ΑΝΙΧΝΕΥΣΗ ΓΕΝΕΤΙΚΟΥ ΥΛΙΚΟΥ  GARDNERELLA VAGINALIS ΜΕ PCR ΚΑΙ ΤΑΥΤΟΠΟΙΗΣΗ ΠΡΟΪΟΝΤΟΣ ΜΕ ΑΛΛΗΛΟΥΧΟΠΟΙΗΣΗ Η ΗΛΕΚΤΡΟΦΟΡΗΣΗ Η RFLPS;;;;;
9091;B314931;ΑΝΙΧΝΕΥΣΗ ΚΑΙ ΠΟΣΟΤΙΚΟΠΟΙΗΣΗ ΓΕΝΕΤΙΚΟΥ ΥΛΙΚΟΥ  GARDNERELLA VAGINALIS ΜΕ REAL TIME PCR;;;;;
9092;B314937;ΑΝΙΧΝΕΥΣΗ ΓΕΝΕΤΙΚΟΥ ΥΛΙΚΟΥ  ΙΟΥ ΗΠΑΤΙΤΙΔΟΣ Β  ΜΕ ΤΕΧΝΙΚΗ ΑΜΕΣΟΥ ΑΝΙΧΝΕΥΤΗ (DNA PROBE);;;;;
9093;B314939;ΑΝΙΧΝΕΥΣΗ ΓΕΝΕΤΙΚΟΥ ΥΛΙΚΟΥ  IΟΥ ΗΠΑΤΙΤΙΔΑΣ Β ΜΕ PCR ΚΑΙ ΤΑΥΤΟΠΟΙΗΣΗ ΠΡΟΪΟΝΤΟΣ ΜΕ ΑΛΛΗΛΟΥΧΟΠΟΙΗΣΗ Η ΗΛΕΚΤΡΟΦΟΡΗΣΗ Η RFLPS;;;;;
9094;B314941;ΑΝΙΧΝΕΥΣΗ ΚΑΙ ΠΟΣΟΤΙΚΟΠΟΙΗΣΗ ΓΕΝΕΤΙΚΟΥ ΥΛΙΚΟΥ  ΙΟΥ ΗΠΑΤΙΤΙΔΑΣ Β ΜΕ REAL TIME PCR;;;;;
9095;B314947;ΑΝΙΧΝΕΥΣΗ ΓΕΝΕΤΙΚΟΥ ΥΛΙΚΟΥ ΙΟΥ ΗΠΑΤΙΤΙΔΟΣ C  ΜΕ ΤΕΧΝΙΚΗ ΑΜΕΣΟΥ ΑΝΙΧΝΕΥΤΗ (DNA PROBE);;;;;
9096;B314949;ΑΝΙΧΝΕΥΣΗ ΓΕΝΕΤΙΚΟΥ ΥΛΙΚΟΥ IΟΥ ΗΠΑΤΙΤΙΔΑΣ C ΜΕ PCR ΚΑΙ ΤΑΥΤΟΠΟΙΗΣΗ ΠΡΟΪΟΝΤΟΣ ΜΕ ΑΛΛΗΛΟΥΧΟΠΟΙΗΣΗ Η ΗΛΕΚΤΡΟΦΟΡΗΣΗ Η RFLPS;;;;;
9097;B314951;ΑΝΙΧΝΕΥΣΗ ΚΑΙ ΠΟΣΟΤΙΚΟΠΟΙΗΣΗ ΓΕΝΕΤΙΚΟΥ ΥΛΙΚΟΥ ΙΟΥ ΗΠΑΤΙΤΙΔΑΣ C ΜΕ REAL TIME PCR;;;;;
9098;B314957;ΑΝΙΧΝΕΥΣΗ ΓΕΝΕΤΙΚΟΥ ΥΛΙΚΟΥ ΙΟΥ ΗΠΑΤΙΤΙΔΟΣ G  ΜΕ ΤΕΧΝΙΚΗ ΑΜΕΣΟΥ ΑΝΙΧΝΕΥΤΗ (DNA PROBE);;;;;
9099;B314959;ΑΝΙΧΝΕΥΣΗ ΓΕΝΕΤΙΚΟΥ ΥΛΙΚΟΥ IΟΥ ΗΠΑΤΙΤΙΔΑΣ G ΜΕ PCR ΚΑΙ ΤΑΥΤΟΠΟΙΗΣΗ ΠΡΟΪΟΝΤΟΣ ΜΕ ΑΛΛΗΛΟΥΧΟΠΟΙΗΣΗ Η ΗΛΕΚΤΡΟΦΟΡΗΣΗ Η RFLPS;;;;;
9100;B314961;ΑΝΙΧΝΕΥΣΗ ΚΑΙ ΠΟΣΟΤΙΚΟΠΟΙΗΣΗ ΓΕΝΕΤΙΚΟΥ ΥΛΙΚΟΥ ΙΟΥ ΗΠΑΤΙΤΙΔΑΣ G ΜΕ REAL TIME PCR;;;;;
9101;B314963;ΑΝΙΧΝΕΥΣΗ ΓΕΝΕΤΙΚΟΥ ΥΛΙΚΟΥ ΙΟΥ ΑΠΛΟΥ ΕΡΠΙΤΑ (HSV)  ΜΕ ΤΕΧΝΙΚΗ ΑΜΕΣΟΥ ΑΝΙΧΝΕΥΤΗ (DNA PROBE);;;;;
9102;B314965;ΑΝΙΧΝΕΥΣΗ ΓΕΝΕΤΙΚΟΥ ΥΛΙΚΟΥ IΟΥ ΑΠΛΟΥ ΕΡΠΗΤΑ (HSV) ΜΕ PCR ΚΑΙ ΤΑΥΤΟΠΟΙΗΣΗ ΠΡΟΪΟΝΤΟΣ ΜΕ ΑΛΛΗΛΟΥΧΟΠΟΙΗΣΗ Η ΗΛΕΚΤΡΟΦΟΡΗΣΗ Η RFLPS;;;;;
9103;B314967;ΑΝΙΧΝΕΥΣΗ ΚΑΙ ΠΟΣΟΤΙΚΟΠΟΙΗΣΗ ΓΕΝΕΤΙΚΟΥ ΥΛΙΚΟΥ ΙΟΥ ΑΠΛΟΥ ΕΡΠΗΤΑ (HSV) ΜΕ REAL TIME PCR;;;;;
9104;B314969;ΑΝΙΧΝΕΥΣΗ ΓΕΝΕΤΙΚΟΥ ΥΛΙΚΟΥ ΙΟΥ ΕΡΠΗΤΑ 6 ΜΕ ΤΕΧΝΙΚΗ ΑΜΕΣΟΥ ΑΝΙΧΝΕΥΤΗ (DNA PROBE);;;;;
9105;B314971;ΑΝΙΧΝΕΥΣΗ ΓΕΝΕΤΙΚΟΥ ΥΛΙΚΟΥ IΟΥ ΕΡΠΗΤΑ 6 ΜΕ PCR ΚΑΙ ΤΑΥΤΟΠΟΙΗΣΗ ΠΡΟΪΟΝΤΟΣ ΜΕ ΑΛΛΗΛΟΥΧΟΠΟΙΗΣΗ Η ΗΛΕΚΤΡΟΦΟΡΗΣΗ Η RFLPS;;;;;
9106;B314973;ΑΝΙΧΝΕΥΣΗ ΚΑΙ ΠΟΣΟΤΙΚΟΠΟΙΗΣΗ ΓΕΝΕΤΙΚΟΥ ΥΛΙΚΟΥ ΙΟΥ ΕΡΠΗΤΑ 6 ΜΕ REAL TIME PCR;;;;;
9107;B314975;ΑΝΙΧΝΕΥΣΗ ΓΕΝΕΤΙΚΟΥ ΥΛΙΚΟΥ ΙΟΥ HIV-1 ΜΕ ΤΕΧΝΙΚΗ ΑΜΕΣΟΥ ΑΝΙΧΝΕΥΤΗ (DNA PROBE);;;;;
9108;B314977;ΑΝΙΧΝΕΥΣΗ ΓΕΝΕΤΙΚΟΥ ΥΛΙΚΟΥ IΟΥ HIV-1 PCR ΚΑΙ ΤΑΥΤΟΠΟΙΗΣΗ ΠΡΟΪΟΝΤΟΣ ΜΕ ΑΛΛΗΛΟΥΧΟΠΟΙΗΣΗ Η ΗΛΕΚΤΡΟΦΟΡΗΣΗ Η RFLPS;;;;;
9109;B314979;ΑΝΙΧΝΕΥΣΗ ΚΑΙ ΠΟΣΟΤΙΚΟΠΟΙΗΣΗ ΓΕΝΕΤΙΚΟΥ ΥΛΙΚΟΥ ΙΟΥ HIV-1 ΜΕ REAL TIME PCR;;;;;
9110;B314981;ΑΝΙΧΝΕΥΣΗ ΓΕΝΕΤΙΚΟΥ ΥΛΙΚΟΥ ΙΟΥ HIV-2 ΜΕ ΤΕΧΝΙΚΗ ΑΜΕΣΟΥ ΑΝΙΧΝΕΥΤΗ (DNA PROBE);;;;;
9111;B314983;ΑΝΙΧΝΕΥΣΗ ΓΕΝΕΤΙΚΟΥ ΥΛΙΚΟΥ IΟΥ HIV-2 PCR ΚΑΙ ΤΑΥΤΟΠΟΙΗΣΗ ΠΡΟΪΟΝΤΟΣ ΜΕ ΑΛΛΗΛΟΥΧΟΠΟΙΗΣΗ Η ΗΛΕΚΤΡΟΦΟΡΗΣΗ Η RFLPS;;;;;
9112;B314985;ΑΝΙΧΝΕΥΣΗ ΚΑΙ ΠΟΣΟΤΙΚΟΠΟΙΗΣΗ ΓΕΝΕΤΙΚΟΥ ΥΛΙΚΟΥ ΙΟΥ HIV-2 ΜΕ REAL TIME PCR;;;;;
9113;B314987;ΑΝΙΧΝΕΥΣΗ ΓΕΝΕΤΙΚΟΥ ΥΛΙΚΟΥ  LEGIONELLA PNEUMOPHILA ΜΕ ΤΕΧΝΙΚΗ ΑΜΕΣΟΥ ΑΝΙΧΝΕΥΤΗ (DNA PROBE);;;;;
9114;B314989;ΑΝΙΧΝΕΥΣΗ ΓΕΝΕΤΙΚΟΥ ΥΛΙΚΟΥ  LEGIONELLA PNEUMOPHILA ΜΕ PCR ΚΑΙ ΤΑΥΤΟΠΟΙΗΣΗ ΠΡΟΪΟΝΤΟΣ ΜΕ ΑΛΛΗΛΟΥΧΟΠΟΙΗΣΗ Η ΗΛΕΚΤΡΟΦΟΡΗΣΗ Η RFLPS;;;;;
9115;B314991;ΑΝΙΧΝΕΥΣΗ ΚΑΙ ΠΟΣΟΤΙΚΟΠΟΙΗΣΗ ΓΕΝΕΤΙΚΟΥ ΥΛΙΚΟΥ  LEGIONELLA PNEUMOPHILA ΜΕ REAL TIME PCR ;;;;;
9116;B315007;ΑΝΙΧΝΕΥΣΗ ΓΕΝΕΤΙΚΟΥ ΥΛΙΚΟΥ  MYCOBACTERIUM SPECIES ΜΕ ΤΕΧΝΙΚΗ ΑΜΕΣΟΥ ΑΝΙΧΝΕΥΤΗ (DNA PROBE);;;;;
9117;B315009;ΑΝΙΧΝΕΥΣΗ ΓΕΝΕΤΙΚΟΥ ΥΛΙΚΟΥ  MYCOBACTERIUM SPECIES ΜΕ PCR ΚΑΙ ΤΑΥΤΟΠΟΙΗΣΗ ΠΡΟΪΟΝΤΟΣ ΜΕ ΑΛΛΗΛΟΥΧΟΠΟΙΗΣΗ Η ΗΛΕΚΤΡΟΦΟΡΗΣΗ Η RFLPS;;;;;
9118;B315011;ΑΝΙΧΝΕΥΣΗ ΚΑΙ ΠΟΣΟΤΙΚΟΠΟΙΗΣΗ ΓΕΝΕΤΙΚΟΥ ΥΛΙΚΟΥ  MYCOBACTERIUM SP ΜΕ REAL TIME PCR;;;;;
9119;B315017;ΑΝΙΧΝΕΥΣΗ ΓΕΝΕΤΙΚΟΥ ΥΛΙΚΟΥ  MYCOBACTERIUM TUBERCULOSIS ΜΕ ΤΕΧΝΙΚΗ ΑΜΕΣΟΥ ΑΝΙΧΝΕΥΤΗ (DNA PROBE);;;;;
9120;B315019;ΑΝΙΧΝΕΥΣΗ ΓΕΝΕΤΙΚΟΥ ΥΛΙΚΟΥ  MYCOBACTERIUM TUBERCULOSIS ΜΕ PCR ΚΑΙ ΤΑΥΤΟΠΟΙΗΣΗ ΠΡΟΪΟΝΤΟΣ ΜΕ ΑΛΛΗΛΟΥΧΟΠΟΙΗΣΗ Η ΗΛΕΚΤΡΟΦΟΡΗΣΗ Η RFLPS;;;;;
9121;B315021;ΑΝΙΧΝΕΥΣΗ ΚΑΙ ΠΟΣΟΤΙΚΟΠΟΙΗΣΗ ΓΕΝΕΤΙΚΟΥ ΥΛΙΚΟΥ  MYCOBACTERIUM TUBERCULOSIS ΜΕ REAL TIME PCR ;;;;;
9122;B315027;ΑΝΕΝΕΡΓΟΣ;;;;;
9123;B315029;ΑΝΕΝΕΡΓΟΣ;;;;;
9124;B315031;ΑΝΕΝΕΡΓΟΣ;;;;;
9125;B315067;ΑΝΙΧΝΕΥΣΗ ΓΕΝΕΤΙΚΟΥ ΥΛΙΚΟΥ  MYCOPLASMA PNEUMONIAE ΜΕ ΤΕΧΝΙΚΗ ΑΜΕΣΟΥ ΑΝΙΧΝΕΥΤΗ (DNA PROBE);;;;;
9126;B315069;ΑΝΙΧΝΕΥΣΗ ΓΕΝΕΤΙΚΟΥ ΥΛΙΚΟΥ  MYCOPLASMA PNEUMONIAE ΜΕ PCR ΚΑΙ ΤΑΥΤΟΠΟΙΗΣΗ ΠΡΟΪΟΝΤΟΣ ΜΕ ΑΛΛΗΛΟΥΧΟΠΟΙΗΣΗ Η ΗΛΕΚΤΡΟΦΟΡΗΣΗ Η RFLPS;;;;;
9127;B315071;ΑΝΙΧΝΕΥΣΗ ΚΑΙ ΠΟΣΟΤΙΚΟΠΟΙΗΣΗ ΓΕΝΕΤΙΚΟΥ ΥΛΙΚΟΥ  MYCOPLASMA PNEUMONIAE ΜΕ REAL TIME PCR ;;;;;
9128;B315087;ΑΝΙΧΝΕΥΣΗ ΓΕΝΕΤΙΚΟΥ ΥΛΙΚΟΥ NEISSERIA GONORRHOEAE ΜΕ ΤΕΧΝΙΚΗ ΑΜΕΣΟΥ ΑΝΙΧΝΕΥΤΗ (DNA PROBE);;;;;
9129;B315089;ΑΝΙΧΝΕΥΣΗ ΓΕΝΕΤΙΚΟΥ ΥΛΙΚΟΥ NEISSERIA GONORRHOEAE  ΜΕ PCR ΚΑΙ ΤΑΥΤΟΠΟΙΗΣΗ ΠΡΟΪΟΝΤΟΣ ΜΕ ΑΛΛΗΛΟΥΧΟΠΟΙΗΣΗ Η ΗΛΕΚΤΡΟΦΟΡΗΣΗ Η RFLPS;;;;;
9130;B315091;ΑΝΙΧΝΕΥΣΗ ΚΑΙ ΠΟΣΟΤΙΚΟΠΟΙΗΣΗ ΓΕΝΕΤΙΚΟΥ ΥΛΙΚΟΥ  NEISSERIA GONORRHOEAE ΜΕ REAL TIME PCR ;;;;;
9131;B315147;ΑΝΙΧΝΕΥΣΗ ΓΕΝΕΤΙΚΟΥ ΥΛΙΚΟΥ ΙΩΝ PAPILOMA ΜΕ ΤΕΧΝΙΚΗ ΑΜΕΣΟΥ ΑΝΙΧΝΕΥΤΗ (DNA PROBE);;;;;
9132;B315149;ΑΝΙΧΝΕΥΣΗ ΓΕΝΕΤΙΚΟΥ ΥΛΙΚΟΥ ΙΩΝ PAPILOMA ΜΕ PCR ΚΑΙ ΑΛΛΗΛΟΥΧΟΠΟΙΗΣΗ / ΗΛΕΚΤΡΟΦΟΡΗΣΗ / RFLPS;;;;;
9133;B315151;ΑΝΙΧΝΕΥΣΗ ΚΑΙ ΠΟΣΟΤΙΚΟΠΟΙΗΣΗ ΓΕΝΕΤΙΚΟΥ ΥΛΙΚΟΥ ΙΩΝ PAPILOMA ΜΕ REAL TIME PCR ;;;;;
9134;B315187;ΑΝΙΧΝΕΥΣΗ ΓΕΝΕΤΙΚΟΥ ΥΛΙΚΟΥ  STAPHYLOCOCCUS AUREUS ΜΕ PCR ΚΑΙ ΤΑΥΤΟΠΟΙΗΣΗ ΠΡΟΪΟΝΤΟΣ ΜΕ ΑΛΛΗΛΟΥΧΟΠΟΙΗΣΗ Η ΗΛΕΚΤΡΟΦΟΡΗΣΗ Η RFLPS;;;;;
9135;B315189;ΑΝΙΧΝΕΥΣΗ ΓΕΝΕΤΙΚΟΥ ΥΛΙΚΟΥ  STAPHYLOCOCCUS AUREUS (MRSA) ΜΕ PCR ΚΑΙ ΤΑΥΤΟΠΟΙΗΣΗ ΠΡΟΪΟΝΤΟΣ ΜΕ ΑΛΛΗΛΟΥΧΟΠΟΙΗΣΗ Η ΗΛΕΚΤΡΟΦΟΡΗΣΗ Η RFLPS;;;;;
9136;B315207;ΑΝΙΧΝΕΥΣΗ ΓΕΝΕΤΙΚΟΥ ΥΛΙΚΟΥ STREPROCOCCUS PYOGENES  ΜΕ PCR;;;;;
9137;B315209;ΑΝΙΧΝΕΥΣΗ  STREPROCOCCUS PYOGENES   ΓΕΝΕΤΙΚΟΥ ΥΛΙΚΟΥ ΜΕ PCR ΚΑΙ ΑΛΛΗΛΟΥΧΟΠΟΙΗΣΗ / ΗΛΕΚΤΡΟΦΟΡΗΣΗ / RFLPS;;;;;
9138;B315211;ΑΝΙΧΝΕΥΣΗ  ΚΑΙ ΠΟΣΟΤΙΚΟΠΟΙΗΣΗ ΓΕΝΕΤΙΚΟΥ ΥΛΙΚΟΥ STREPROCOCCUS PYOGENES   ΓΕΝΕΤΙΚΟΥ ΥΛΙΚΟΥ ΜΕ REAL TIME PCR ;;;;;
9139;B315213;ΑΝΙΧΝΕΥΣΗ  ΓΕΝΕΤΙΚΟΥ ΥΛΙΚΟΥ STREPROCOCCUS AGALACTIAE  ΜΕ PCR  ΚΑΙ ΑΛΛΗΛΟΥΧΟΠΟΙΗΣΗ / ΗΛΕΚΤΡΟΦΟΡΗΣΗ / RFLPS;;;;;
9140;B315227;ΑΝΙΧΝΕΥΣΗ ΓΕΝΕΤΙΚΟΥ ΥΛΙΚΟΥ TRIHOMONAS VAGINIALIS (DNA PROBE);;;;;
9141;B315501;ΑΝΙΧΝΕΥΣΗ ΓΕΝΕΤΙΚΟΥ ΥΛΙΚΟΥ ΜΟΛΥΣΜΑΤΙΚΟΥ ΠΑΡΑΓΟΝΤΑ  (DNA PROBE);;;;;
9142;B315503;ΑΝΙΧΝΕΥΣΗ ΓΕΝΕΤΙΚΟΥ ΥΛΙΚΟΥ ΜΟΛΥΣΜΑΤΙΚΟΥ ΠΑΡΑΓΟΝΤΑ ΜΕ PCR;;;;;
9143;B315505;ΑΝΙΧΝΕΥΣΗ ΚΑΙ ΠΟΣΟΤΙΚΟΠΟΙΗΣΗ ΓΕΝΕΤΙΚΟΥ ΥΛΙΚΟΥ ΜΟΛΥΣΜΑΤΙΚΟΥ ΠΑΡΑΓΟΝΤΑ ΜΕ REAL TIME PCR;;;;;
9144;B315507;ΣΥΓΧΡΟΝΗ ΑΝΙΧΝΕΥΣΗ ΓΕΝΕΤΙΚΟΥ ΥΛΙΚΟΥ ΠΟΛΛΩΝ ΜΟΛΥΣΜΑΤΙΚΩΝ ΠΑΡΑΓΟΝΤΩΝ (MULTIPLEX- PCR);;;;;
9145;B315509;ΣΥΓΧΡΟΝΗ ΑΝΙΧΝΕΥΣΗ ΚΑΙ ΠΟΣΟΤΙΚΟΠΟΙΗΣΗ  ΓΕΝΕΤΙΚΟΥ ΥΛΙΚΟΥ ΠΟΛΛΩΝ ΜΟΛΥΣΜΑΤΙΚΩΝ ΠΑΡΑΓΟΝΤΩΝ (MULTIPLEX- REAL TIME PCR);;;;;
9146;B315511;ΑΝΕΝΕΡΓΟΣ;;;;;
9147;B315513;ΑΝΕΝΕΡΓΟΣ;;;;;
9148;B315515;ΑΝΕΝΕΡΓΟΣ;;;;;
9149;B315521;ΑΝΕΝΕΡΓΟΣ;;;;;
9150;B315523;ΑΝΕΝΕΡΓΟΣ;;;;;
9151;B315525;ΑΝΕΝΕΡΓΟΣ;;;;;
9152;B315527;ΑΝΕΝΕΡΓΟΣ;;;;;
9153;B315607;ΑΝΕΝΕΡΓΟΣ;;;;;
9154;B315667;ΑΝΕΝΕΡΓΟΣ;;;;;
9155;B315705;ΑΝΕΝΕΡΓΟΣ;;;;;
9156;B315707;ΠΡΟΒΛΕΨΗ ΦΑΙΝΟΤΥΠΟΥ ΕΥΑΙΣΘΗΣΙΑΣ ΣΕ ΦΑΡΜΑΚΟ ΤΟΥ ΜΟΛΥΣΜΑΤΙΚΟΥ ΠΑΡΑΓΟΝΤΑ ΜΕ ΤΗ ΧΡΗΣΗ ΤΑΚΤΙΚΑ ΕΝΗΜΕΡΩΜΕΝΗΣ ΓΕΝΟΤΥΠΙΚΗΣ ΒΙΟΠΛΗΡΟΦΟΡΙΚΗΣ;;;;;
9157;B315709;ΑΝΑΛΥΣΗ ΓΕΝΟΤΥΠΟΥ HIV-1, ΜΕ ΑΛΛΗΛΟΥΧΗΣΗ ΑΝΤΙΣΤΡΟΦΗΣ ΜΕΤΑΓΡΑΦΑΣΗΣ ΚΑΙ ΠΡΩΤΕΑΣΗΣ;;;;;
9158;B315711;ΑΝΑΛΥΣΗ ΓΟΝΟΤΥΠΟΥ HCV ΜΕ ΑΛΛΗΛΟΥΧΗΣΗ;;;;;
9159;B315713;ΑΝΑΛΥΣΗ ΑΝΤΟΧΗΣ ΣΕ ΦΑΡΜΑΚΟ  HIV-1 ΜΕ ΙΣΤΟΚΑΛΛΙΕΡΓΕΙΑ (ΣΕ 10 ΦΑΡΜΑΚΑ);;;;;
9160;B315715;ΑΝΑΛΥΣΗ ΑΝΤΟΧΗΣ ΣΕ ΦΑΡΜΑΚΟ  HIV-1 ΜΕ ΙΣΤΟΚΑΛΛΙΕΡΓΕΙΑ ΚΑΘΕ ΕΠΙΠΛΕΟΝ  ΦΑΡΜΑΚΟ;;;;;
9161;B315717;BACTERIAL SIALIDASE VAGINAL TEST;;;;;
9162;B315905;ΜΗ ΚΑΤΑΓΕΓΡΑΜΜΕΝΗ ΜΙΚΡΟΒΙΟΛΟΓΙΚΗ ΔΙΑΔΙΚΑΣΙΑ;;;;;
9163;Β315905.1;ΚΑΛΛΙΕΡΓΕΙΑ ΑΙΜΑΤΟΣ ΜΟΝΟ ΓΙΑ ΑΕΡΟΒΙΟΥΣ ΜΚΡΟΟΡΓΑΝΙΣΜΟΥΣ. ;;;;;
9164;Β315905.2;ΚΑΛΛΙΕΡΓΕΙΑ ΚΟΠΡΑΝΩΝ ΓΙΑ CLOSTRIDIUM DIFFICILE;;;;;
9165;Β315905.3;ΚΑΛΛΙΕΡΓΕΙΑ ΚΟΠΡΑΝΩΝ ΓΙΑ EHEC O157:H7;;;;;
9166;Β315905.4;ΚΑΛΛΙΕΡΓΕΙΑ ΚΟΠΡΑΝΩΝ ΓΙΑ SALMONELLA SP;;;;;
9167;Β315905.5;ΚΑΛΛΙΕΡΓΕΙΑ  ΚΟΠΡΑΝΩΝ ΓΙΑ ΕΝΑ ΜΟΝΟ ΜΙΚΡΟΒΙΑΚΟ ΠΑΡΑΓΟΝΤΑ (ΕΞΕΤΑΣΗ ΔΙΑΛΟΓΗΣ - SCREENING);;;;;
9168;Β315905.6;ΑΝΙΧΝΕΥΣΗ ΣΤΑ ΚΟΠΡΑΝΑ ΑΝΤΙΓΟΝΟΥ ΝΟΡΟΪΩΝ ;;;;;
9169;Β315905.7;ΤΡΟΠΟΠΟΙΗΜΕΝΗ ΟΞΕΑΝΤΟΧΗ ΧΡΩΣΗ ΠΟΠΡΑΝΩΝ ΓΙΑ ΑΝΙΧΝΕΥΣΗ ΚΑΙ ΤΑΥΤΟΠΟΙΗΣΗ CRYPTOSPORIDIUM PARVUM;;;;;
9170;Β315905.8;ΤΡΙΧΡΩΜΗ ΧΡΩΣΗ ΚΟΠΡΑΝΩΝ ΓΙΑ ΑΝΙΧΝΕΥΣΗ ΚΑΙ ΤΑΥΤΟΠΟΙΗΣΗ ΤΗΣ ENTAMOEBA HISTOLYTICA;;;;;
9171;Β315905.9;ΒΑΚΤΗΡΙΟΛΟΓΙΚΟΣ ΕΛΕΓΧΟΣ (ΚΑΛΛΙΕΡΓΕΙΑ ΚΑΙ ΑΜΕΣΟΣ ΜΙΚΡΟΣΚΟΠΙΚΗ ΕΞΕΤΑΣΗ) ΟΦΘΑΛΜΟΛΟΓΙΚΩΝ ΔΕΙΓΜΑΤΩΝ;;;;;
9172;Β315905.10;ΒΑΚΤΗΡΙΟΛΟΓΙΚΟΣ ΕΛΕΓΧΟΣ (ΚΑΛΛΙΕΡΓΕΙΑ ΚΑΙ ΑΜΕΣΟΣ ΜΙΚΡΟΣΚΟΠΙΚΗ ΕΞΕΤΑΣΗ) ΥΛΙΚΟΥ ΤΡΑΥΜΑΤΟΣ, ΠΥΩΔΟΥΣ ΣΥΛΛΟΓΗΣ, ΔΕΡΜΑΤΟΣ ΚΑΙ ΜΑΛΑΚΩΝ ΜΟΡΙΩΝ.;;;;;
9173;Β315905.11;ΒΑΚΤΗΡΙΟΛΟΓΙΚΟΣ ΕΛΕΓΧΟΣ (ΚΑΛΛΙΕΡΓΕΙΑ ΚΑΙ ΑΜΕΣΟΣ ΜΙΚΡΟΣΚΟΠΙΚΗ ΕΞΕΤΑΣΗ) ΒΙΟΛΟΓΙΚΩΝ ΥΓΡΩΝ (ΑΣΚΗΤΙΚΟ, ΠΕΡΙΚΑΡΔΙΑΚΟ).;;;;;
9174;Β315905.12;ΚΑΛΛΙΕΡΓΕΙΑ ΦΑΡΥΓΓΙΚΟΥ ΕΠΙΧΡΙΣΜΑΤΟΣ ;;;;;
9175;Β315905.13;ΚΑΛΛΙΕΡΓΕΙΑ ΦΑΡΥΓΓΙΚΟΥ ΕΠΙΧΡΙΣΜΑΤΟΣ  ΓΙΑ C. DIPHTHERIAE;;;;;
9176;Β315905.14;ΒΑΚΤΗΡΙΟΛΟΓΙΚΟΣ ΕΛΕΓΧΟΣ (ΚΑΛΛΙΕΡΓΕΙΑ ΚΑΙ ΑΜΕΣΟΣ ΜΙΚΡΟΣΚΟΠΙΚΗ ΕΞΕΤΑΣΗ) ΔΕΙΓΜΑΤΩΝ ΑΝΩΤΕΡΟΥ ΑΝΑΠΝΕΥΣΤΙΚΟΥ  ΣΥΣΤΗΜΑΤΟΣ;;;;;
9177;Β315905.15;ΒΑΚΤΗΡΙΟΛΟΓΙΚΟΣ ΕΛΕΓΧΟΣ (ΚΑΛΛΙΕΡΓΕΙΑ ΚΑΙ ΑΜΕΣΟΣ ΜΙΚΡΟΣΚΟΠΙΚΗ ΕΞΕΤΑΣΗ)  ΔΕΙΓΜΑΤΩΝ ΠΤΥΕΛΩΝ;;;;;
9178;Β315905.16;ΠΟΣΟΤΙΚΗ ΚΑΛΛΙΕΡΓΕΙΑ ΒΡΟΓΧΟΚΥΨΕΛΙΔΙΚΟΥ ΕΚΠΛΥΜΑΤΟΣ  ΚΑΙ ΑΛΛΩΝ ΒΙΟΛΟΓΙΚΩΝ ΥΛΙΚΩΝ ΤΟΥ ΚΑΤΩΤΕΡΟΥ ΑΝΑΠΝΕΥΣΤΙΚΟΥ ΣΥΣΤΗΜΑΤΟΣ (BAL, PSB);;;;;
9179;Β315905.17;ΚΑΛΛΙΕΡΓΕΙΑ ΚΛΙΝΙΚΟΥ ΔΕΙΓΜΑΤΟΣ ΓΙΑ LEGIONELLA PNEUMOPHILA;;;;;
9180;Β315905.18;ΚΑΛΛΙΕΡΓΕΙΑ ΥΛΙΚΟΥ ΒΙΟΨΙΑΣ ΓΙΑ HELICOBACTER PYLORI;;;;;
9181;Β315905.19;ΒΑΚΤΗΡΙΟΛΟΓΙΚΟΣ ΕΛΕΓΧΟΣ (ΚΑΛΛΙΕΡΓΕΙΑ ΚΑΙ ΑΜΕΣΟΣ ΜΙΚΡΟΣΚΟΠΙΚΑ ΕΞΕΤΑΣΗ)  ΚΟΛΠΙΚΟΥ ΕΚΚΡΙΜΑΤΟΣ ( ΓΙΑ ΤΡΙΧΟΜΟΝΑΔΕΣ, ΜΥΚΗΤΕΣ, ΜΗ ΕΙΔΙΚΗ ΚΟΛΠΙΤΙΔΑ);;;;;
9182;Β315905.20;ΚΑΛΛΙΕΡΓΕΙΑ ΥΛΙΚΟΥ ΑΠΟ ΑΝΑΠΝΕΥΣΤΙΚΟ ΣΥΣΤΗΜΑ ΓΙΑ MYCOPLASMA SPP;;;;;
9183;Β315905.21;ΕΙΔΙΚΗ ΚΑΛΛΙΕΡΓΕΙΑ ΕΛΚΟΥΣ ΓΕΝΝΗΤΙΚΟΥ ΣΥΣΤΗΜΑΤΟΣ ΓΙΑ H. DUCREI;;;;;
9184;Β315905.22;ΈΛΕΓΧΟΣ ΕΠΙΧΡΙΣΜΑΤΟΣ ΕΠΙΠΕΦΥΚΟΤΑ, ΤΡΑΧΗΛΙΚΟΥ, ΟΥΡΗΘΡΙΚΟΥ ΕΚΚΡΙΜΑΤΟΣ Η ΑΛΛΟΥ ΥΛΙΚΟΥ ΑΠΟ ΤΟ ΟΥΡΟΠΟΙΟΓΕΝΝΗΤΙΚΟ ΣΥΣΤΗΜΑ ΓΙΑ CHLAMYDIA TRACHOMATIS ;;;;;
9185;Β315905.23;ΧΡΩΣΗ ΚΛΙΝΙΚΟΥ ΥΛΙΚΟΥ ΚΑΤΑ GIEMSA;;;;;
9186;Β315905.24;ΑΝΙΧΝΕΥΣΗ ΓΕΝΕΤΙΚΟΥ ΥΛΙΚΟΥ ΜΙΚΡΟΟΡΓΑΝΙΣΜΩΝ ΠΟΥ ΔΕΝ ΑΝΑΦΕΡΟΝΤΑΙ ΑΛΛΟΥ ΣΕ ΚΛΙΝΙΚΑ ΔΕΙΓΜΑΤΑ ΜΕ ΤΗ ΜΕΘΟΔΟ PCR;;;;;
9187;Β315905.25;ΑΝΙΧΝΕΥΣΗ (ΚΑΙ ΠΟΣΟΤΙΚΟΣ ΠΡΟΣΔΙΟΡΙΣΜΟΣ) ΓΕΝΕΤΙΚΟΥ ΥΛΙΚΟΥ ΜΙΚΡΟΟΡΓΑΝΙΣΜΩΝ ΠΟΥ ΔΕΝ ΑΝΑΦΕΡΟΝΤΑΙ ΑΛΛΟΥ ΣΕ ΚΛΙΝΙΚΑ ΔΕΙΓΜΑΤΑ ΜΕ ΤΗ ΜΕΘΟΔΟ REAL TIME PCR;;;;;
9188;Β315905.26;ΤΥΠΟΠΟΙΗΣΗ ΜΙΚΡΟΒΙΑΚΩΝ ΣΤΕΛΕΧΩΝ ΜΕ ΤΗ ΜΕΘΟΔΟ ΤΗΣ MULTILOCUS SEQUENCE TYPING (MLST);;;;;
9189;Β315905.27;ΤΥΠΟΠΟΙΗΣΗ ΜΙΚΡΟΒΙΑΚΩΝ ΣΤΕΛΕΧΩΝ ΤΗ ΜΕΘΟΔΟ PCR;;;;;
9190;Β315905.28;ΤΥΠΟΠΟΙΗΣΗ ΜΙΚΡΟΒΙΑΚΩΝ ΣΤΕΛΕΧΩΝ ΤΗ ΜΕΘΟΔΟ ΠΟΥ ΒΑΣΙΖΕΤΑΙ ΣΕ ΑΛΛΗΛΟΥΧΗΣΗ ΓΟΝΙΔΙΩΝ;;;;;
9191;Β315905.29;ΤΥΠΟΠΟΙΗΣΗ ΜΙΚΡΟΒΙΑΚΩΝ ΣΤΕΛΕΧΩΝ ΤΗ ΜΕΘΟΔΟ VNTR;;;;;
9192;Β315905.30;ΤΥΠΟΠΟΙΗΣΗ ΙΩΝ ΜΕ ΑΛΛΗΛΟΥΧΗΣΗ ;;;;;
9193;Β315905.31;ΈΛΕΓΧΟΣ ΣΥΝΕΡΓΕΙΑΣ ΑΝΤΙΒΙΟΤΙΚΩΝ ΜΕ KILLING CURVE  Η CHECKER BOARD TITRATION;;;;;
9194;Β315905.32;ΈΛΕΓΧΟΣ ΣΥΝΕΡΓΕΙΑΣ ΑΝΤΙΒΙΟΤΙΚΩΝ ΜΕ ΤΑΙΝΙΕΣ ΔΙΑΒΑΘΜΙΣΜΕΝΗΣ ΣΥΓΚΕΝΤΡΩΣΗΣ;;;;;
9195;Β315905.33;ΠΡΟΣΔΙΟΡΙΣΜΟΣ ΕΠΙΠΕΔΩΝ ΑΝΤΙΒΙΟΤΙΚΩΝ ΣΤΟΝ ΟΡΟ;;;;;
9196;Β315905.34;ΈΛΕΓΧΟΣ ΕΥΑΙΣΘΗΣΙΑΣ ΣΤΑ ΑΝΤΙΒΙΟΤΙΚΑ MYCOPLASMA HOMINIS ΚΑΙ UREOPLASMA UREALYTICUM;;;;;
9197;Β315905.35;ΚΑΛΛΙΕΡΓΕΙΑ ΜΥΚΟΒΑΚΤΗΡΙΔΙΩΝ ΣΕ ΥΓΡΑ ΘΡΕΠΤΙΚΑ ΥΛΙΚΑ MIDDLEBROOK 7H9 ΣΕ ΑΥΤΟΜΑΤΟΠΟΙΗΜΕΝΑ ΣΥΣΤΗΜΑΤΑ ΥΓΡΗΣ ΚΑΛΛΙΕΡΓΕΙΑΣ:BACTEC 460, BACTEC MGIT 960, BACT/ALERT,MD-REDOX;;;;;
9198;Β315905.36;ΑΝΑΖΗΤΗΣΗ ΜΥΚΟΒΑΚΤΗΡΙΔΙΩΝ ΣΕ ΑΙΜΟΚΑΛΛΙΕΡΓΕΙΕΣ ΜΕ ΕΙΔΙΚΟ ΜΕΣΟ ΑΠΟΜΟΝΩΣΗΣ ΜΥΚΟΒΑΚΤΗΡΙΔΙΩΝ ΑΠΟ ΑΙΜΑ ΧΩΡΙΣ ΑΠΑΙΤΗΣΗ ΠΡΟΣΘΗΚΗΣ ΣΥΜΠΛΗΡΩΜΑΤΩΝ;;;;;
9199;Β315905.37;ΈΛΕΓΧΟΣ ΑΝΤΟΧΗΣ ΜΥΚΟΒΑΚΤΗΡΙΔΙΩΝ ΣΤΑ ΔΕΥΤΕΡΕΥΟΝΤΑ ΑΝΤΙΦΥΜΑΤΙΚΑ ΦΑΡΜΑΚΑ (ΟΦΛΟΞΑΣΙΝΗ, ΡΙΦΑΜΠΟΥΤΙΝΗ, ΚΥΚΛΟΣΕΡΙΝΗ, ΑΜΙΚΑΣΙΝΗ, ΕΘΕΙΟΝΑΜΙΔΗ, ΚΑΠΡΕΟΜΥΚΙΝΗ, ΚΛΑΡΙΘΡΟΜΥΚΙΝΗ, ΚΑΝΑΜΥΚΙΝΗ) ΣΕ ΣΤΕΡΕΑ ΘΡΕΠΤΙΚΑ ΥΛΙΚΑ;;;;;
9200;Β315905.38;ΈΛΕΓΧΟΣ ΑΝΤΟΧΗΣ ΜΥΚΟΒΑΚΤΗΡΙΔΙΩΝ ΣΤΗΝ ΠΥΡΑΖΙΝΑΜΙΔΗ ΣΕ ΥΓΡΟ ΘΡΕΠΤΙΚΟ ΥΛΙΚΟ;;;;;
9201;Β315905.39;ΈΛΕΓΧΟΣ ΑΝΤΟΧΗΣ ΜΥΚΟΒΑΚΤΗΡΙΔΙΩΝ ΣΤΑ ΠΡΩΤΕΥΟΝΤΑ ΑΝΤΙΦΥΜΑΤΙΚΑ ΦΑΡΜΑΚΑ (ΙΣΟΝΙΑΖΙΔΗ, ΡΙΦΑΜΠΙΚΙΝΗ, ΣΤΡΕΠΤΟΜΥΚΙΝΗ, ΕΘΑΜΒΟΥΤΟΛΗ) ΣΕ ΥΓΡΑ ΘΡΕΠΤΙΚΑ ΥΛΙΚΑ;;;;;
9202;Β315905.40;ΈΛΕΓΧΟΣ ΑΝΤΟΧΗΣ ΜΥΚΟΒΑΚΤΗΡΙΔΙΩΝ ΣΤΑ ΔΕΥΤΕΡΕΥΟΝΤΑ ΑΝΤΙΦΥΜΑΤΙΚΑ ΦΑΡΜΑΚΑ (ΟΦΛΟΞΑΣΙΝΗ, ΡΙΦΑΜΠΟΥΤΙΝΗ, ΚΥΚΛΟΣΕΡΙΝΗ, ΑΜΙΚΑΣΙΝΗ,ΕΘΕΙΟΝΑΜΙΔΗ,ΚΑΠΡΕΟΜΥΚΙΝΗ,ΚΛΑΡΙΘΡΟΜΥΚΙΝΗ, ΚΑΝΑΜΥΚΙΝΗ, ΛΙΝΕΖΟΛΙΔΗ) ΣΕ ΥΓΡΑ  ΘΡΕΠΤΙΚΑ ΥΛΙΚΑ;;;;;
9203;Β315905.41;ΓΕΝΙΚΗ ΕΞΕΤΑΣΗ ΒΙΟΛΟΓΙΚΩΝ ΥΓΡΩΝ (ΕΝΥ, ΠΛΕΥΡΙΤΙΚΟ, ΠΕΡΙΚΑΡΔΙΑΚΟ, ΠΕΡΙΤΟΝΑΪΚΟ, ΑΡΘΡΙΚΟ);;;;;
9204;Β315905.42;ΚΑΛΛΙΕΡΓΕΙΑ ΒΙΟΛΟΓΙΚΩΝ ΥΓΡΩΝ (ΕΝΥ, ΠΛΕΥΡΙΤΙΚΟ, ΠΕΡΙΚΑΡΔΙΑΚΟ, ΠΕΡΙΤΟΝΑΪΚΟ, ΑΡΘΡΙΚΟ);;;;;
9205;Β315905.43;ΓΕΝΙΚΗ ΕΞΕΤΑΣΗ ΟΥΡΩΝ (ΒΙΟΧΗΜΙΚΗ - ΤΟΥΛΑΧΙΣΤΟΝ 10 ΠΑΡΑΜΕΤΡΟΙ  ΚΑΙ ΜΙΚΡΟΣΚΟΠΙΚΗ);;;;;
9206;Β315905.44;TΙΤΛΟΣ ΑΝΤΙΣΤΕΠΤΟΛΥΣΙΝΗΣ (ASTO) ;;;;;
9207;Β315905.45;TΙΤΛΟΣ ΑΝΤΙDNAΣΗΣ ( ANTI-DNASE B);;;;;
9208;Β315905.46;ΔΟΚΙΜΑΣΙΑ ΣΥΦΙΛΗΣ, ΤΡΕΠΟΝΙΜΙΚΗ IGG;;;;;
9209;Β315905.47;ΔΟΚΙΜΑΣΙΑ ΣΥΦΙΛΗΣ, ΤΡΕΠΟΝΙΜΙΚΗ IGM;;;;;
9210;Β315905.48;ΠΡΟΣΔΙΟΡΙΣΜΟΣ ΕΙΔΙΚΩΝ - IGΜ ΑΝΤΙΣΩΜAΤΩΝ ΚΑΤΑ ΑΔΕΝΟΙΩΝ ;;;;;
9211;Β315905.49;ΠΡΟΣΔΙΟΡΙΣΜΟΣ ΕΙΔΙΚΩΝ  IGΜ ΑΝΤΙΣΩΜAΤΩΝ ΚΑΤΑ ΑΣΠΕΡΓΙΛΛΟΥ;;;;;
9212;Β315905.50;ΠΡΟΣΔΙΟΡΙΣΜΟΣ ΕΙΔΙΚΩΝ IGΜ  ΑΝΤΙΣΩΜAΤΩΝ ΚΑΤΑ ΒΑΚΤΗΡΙΟY, ΠΟΥ ΔΕΝ ΕΧΕΙ ΠΡΟΣΔΙΟΡΙΣΤΕΙ ΑΛΛΟΥ;;;;;
9213;Β315905.51;ΠΡΟΣΔΙΟΡΙΣΜΟΣ ΕΙΔΙΚΩΝ IGΜ ΑΝΤΙΣΩΜAΤΩΝ ΚΑΤΑ BARTONELLA HENSELAE;;;;;
9214;Β315905.52;ΠΡΟΣΔΙΟΡΙΣΜΟΣ ΕΙΔΙΚΩΝ IGG ΑΝΤΙΣΩΜAΤΩΝ ΚΑΤΑ BARTONELLA QUINTANA;;;;;
9215;Β315905.53;ΠΡΟΣΔΙΟΡΙΣΜΟΣ ΕΙΔΙΚΩΝ IGΜ ΑΝΤΙΣΩΜAΤΩΝ ΚΑΤΑ BARTONELLA QUINTANA;;;;;
9216;Β315905.54;ΠΡΟΣΔΙΟΡΙΣΜΟΣ ΕΙΔΙΚΩΝ IGΜ ΑΝΤΙΣΩΜAΤΩΝ ΚΑΤΑ BORDETELLA PERTUSSIS ;;;;;
9217;Β315905.55;ΠΡΟΣΔΙΟΡΙΣΜΟΣ ΕΙΔΙΚΩΝ IGM ΑΝΤΙΣΩΜΑΤΩΝ ΚΑΤΆ BORRELIA BURGDORFERΙ (ΝΟΣΟΣ LYME) ΜΕ ΜΕΘΟΔΟ ΑΝΟΣΟΣΤΥΠΩΣΗΣ (WESTERN BLOT)  ;;;;;
9218;Β315905.56;ΠΡΟΣΔΙΟΡΙΣΜΟΣ ΕΙΔΙΚΩΝ ) IGΜ ΑΝΤΙΣΩΜAΤΩΝ ΚΑΤΑ  BORRELIA BURGDORFERI (ΝΟΣΟΣ LYME;;;;;
9219;Β315905.57;ΠΡΟΣΔΙΟΡΙΣΜΟΣΕΙΔΙΚΩΝ IGM ΑΝΤΙΣΩΜAΤΩΝ ΚΑΤΑ  BORRELIA RECURRENTIS (ΥΠΟΣΤΡΟΦΟΣ ΠΥΡΕΤΟΣ) ;;;;;
9220;Β315905.58;ΠΡΟΣΔΙΟΡΙΣΜΟΣ ΕΙΔΙΚΩΝ  IGG ΑΝΤΙΣΩΜAΤΩΝ ΚΑΤΑ  BRUCELLA;;;;;
9221;Β315905.59;ΠΡΟΣΔΙΟΡΙΣΜΟΣ ΕΙΔΙΚΩΝ  IGΜ ΑΝΤΙΣΩΜAΤΩΝ ΚΑΤΑ  BRUCELLA;;;;;
9222;Β315905.60;ΠΡΟΣΔΙΟΡΙΣΜΟΣ ΕΙΔΙΚΩΝ  IGΜ ΑΝΤΙΣΩΜAΤΩΝ ΚΑΤΑ  CAMPYLOBACTER ;;;;;
9223;Β315905.61; ΠΡΟΣΔΙΟΡΙΣΜΟΣ IGG ΑΝΤΙΣΩΜΑΤΩΝ ΚΑΤA ΑΝΤΙΓΟΝΩΝ COXIELLA BURNETII ΦΑΣΕΩΣ ΙΙ                 ;;;;;
9224;Β315905.62; ΠΡΟΣΔΙΟΡΙΣΜΟΣ IGA ΑΝΤΙΣΩΜΑΤΩΝ ΚΑΤA ΑΝΤΙΓΟΝΩΝ COXIELLA BURNETII ΦΑΣΕΩΣ Ι ;;;;;
9225;Β315905.63; ΠΡΟΣΔΙΟΡΙΣΜΟΣ IGM  ΑΝΤΙΣΩΜΑΤΩΝ ΚΑΤA ΑΝΤΙΓΟΝΩΝ COXIELLA BURNETII ΦΑΣΕΩΣ ΙΙ;;;;;
9226;Β315905.64;ΠΡΟΣΔΙΟΡΙΣΜΟΣ IGM ΑΝΤΙΣΩΜAΤΩΝ ΚΑΤΑ ΤΗΣ ΤΟΞΙΝΗΣ ΤΟΥ CORYNEBACTERIUM DIPHTHERIAE;;;;;
9227;Β315905.65;ΠΡΟΣΔΙΟΡΙΣΜΟΣ IGG ΑΝΤΙΣΩΜAΤΩΝ ΚΑΤΑ  LA CROSSE VIRUS ENCEPHALITIS;;;;;
9228;Β315905.66;ΠΡΟΣΔΙΟΡΙΣΜΟΣ IGG ΑΝΤΙΣΩΜAΤΩΝ ΚΑΤΑ  ΤΟΥ EASTERN EQUINE ENCEPHALITIS VIRUS (ΙΟΥ ΤΗΣ ΔΥΤΙΚΗΣ ΙΠΠΕΙΟΥ ΕΓΚΕΦΑΛΟΜΥΕΛΙΤΙΔΑΣ);;;;;
9229;Β315905.67;ΠΡΟΣΔΙΟΡΙΣΜΟΣ IGG ΑΝΤΙΣΩΜAΤΩΝ ΚΑΤΑ  ST. LOUIS ENCEPHALITIS VIRUS (ΙΟΥ ΤΗΣ ΕΓΚΕΦΑΛΙΤΙΔΑΣ ΤΟΥ ST. LOUIS);;;;;
9230;Β315905.68;ΠΡΟΣΔΙΟΡΙΣΜΟΣ IGG ΑΝΤΙΣΩΜAΤΩΝ ΚΑΤΑ  ΤΟΥ WESTERN EQUINE ENCEPHALITIS VIRUS (ΙΟΥ ΤΗΣ ΔΥΤΙΚΗΣ ΙΠΠΕΙΟΥ ΕΓΚΕΦΑΛΟΜΥΕΛΙΤΙΔΑΣ);;;;;
9231;Β315905.69;ΠΡΟΣΔΙΟΡΙΣΜΟΣ ΑΝΤΙΣΩΜΑΤΩΝ ΚΑΤΑ ΤΩΝ ΙΩΝ ΠΟΛΙΟΜΥΕΛΙΤΙΔΑΣ 1,2,3 ME ΜΕΘΟΔΟ ΕΞΟΥΔΕΤΕΡΩΤΙΚΩΝ ΑΝΤΙΣΩΜΑΤΩΝ;;;;;
9232;Β315905.70;ΠΡΟΣΔΙΟΡΙΣΜΟΣ ΑΝΤΙΣΩΜΑΤΩΝ ΚΑΤΆ ΤΩΝ ΙΩΝ ECHO TΥΠΩΝ 4, 6, 11, 30  ;;;;;
9233;Β315905.71; ΠΡΟΣΔΙΟΡΙΣΜΟΣ IGM ΑΝΤΙΣΩΜΑΤΩΝ ΚΑΤA ΤΟΥ ΚΑΨΙΔΙΚΟΥ ΑΝΤΙΓΟΝΟΥ (VCA) ΤΟΥ  IOY EPSTEIN-BARR (EBV VCA IGM);;;;;
9234;Β315905.72;ΠΡΟΣΔΙΟΡΙΣΜΟΣ ΕΙΔΙΚΩΝ IGM ΑΝΤΙΣΩΜAΤΩΝ ΚΑΤΑ  EHRLICHIA;;;;;
9235;Β315905.73;ΠΡΟΣΔΙΟΡΙΣΜΟΣ ΕΙΔΙΚΩΝ IGG ΑΝΤΙΣΩΜAΤΩΝ ΚΑΤΑ  FRANCISELLA TULARENSIS;;;;;
9236;Β315905.74; ΠΡΟΣΔΙΟΡΙΣΜΟΣ ΕΙΔΙΚΩΝ IGM ΑΝΤΙΣΩΜAΤΩΝ ΚΑΤΑ  HELICOBACTER PYLORI                                    ;;;;;
9237;Β315905.75;ΠΡΟΣΔΙΟΡΙΣΜΟΣ ΕΙΔΙΚΩΝ IGA ΑΝΤΙΣΩΜAΤΩΝ ΚΑΤΑ  HELICOBACTER PYLORI ;;;;;
9238;Β315905.76;ΠΡΟΣΔΙΟΡΙΣΜΟΣ IGM ΑΝΤΙΣΩΜAΤΩΝ ΚΑΤΑ IOY ΑΠΛΟΥ ΕΡΠΗΤΑ ΤΥΠΟΥ 1 (HSV-1 IGM)                                  ;;;;;
9239;Β315905.77;ΠΡΟΣΔΙΟΡΙΣΜΟΣ IGM ΑΝΤΙΣΩΜAΤΩΝ ΚΑΤΑ IOY ΑΠΛΟΥ ΕΡΠΗΤΑ ΤΥΠΟΥ 2 (HSV-2 IGM)                                  ;;;;;
9240;Β315905.78;ΠΡΟΣΔΙΟΡΙΣΜΟΣ ΕΙΔΙΚΩΝ IGΜ ΑΝΤΙΣΩΜΑΤΩΝ ΚΑΤA ΙΟΥ ΓΡΙΠΗΣ ΤΥΠΟΥ Α ;;;;;
9241;Β315905.79;ΠΡΟΣΔΙΟΡΙΣΜΟΣ ΕΙΔΙΚΩΝ IGG ΑΝΤΙΣΩΜΑΤΩΝ ΚΑΤA ΙΟΥ ΓΡΙΠΗΣ ΤΥΠΟΥ Β ;;;;;
9242;Β315905.80;ΠΡΟΣΔΙΟΡΙΣΜΟΣ ΕΙΔΙΚΩΝ IGΜ ΑΝΤΙΣΩΜΑΤΩΝ ΚΑΤA ΙΟΥ ΓΡΙΠΗΣ ΤΥΠΟΥ Β ;;;;;
9243;Β315905.81; ΠΡΟΣΔΙΟΡΙΣΜΟΣ ΕΙΔΙΚΩΝ IGM ΑΝΤΙΣΩΜΑΤΩΝ ΚΑΤA LEPTOSPIRA INTERROGANS;;;;;
9244;Β315905.82;ΠΡΟΣΔΙΟΡΙΣΜΟΣ ΕΙΔΙΚΩΝ IGM ΑΝΤΙΣΩΜΑΤΩΝ ΚΑΤΆ ΤΗΣ LISTERIA MONOCYTOGENES;;;;;
9245;Β315905.83; ΠΡΟΣΔΙΟΡΙΣΜΟΣ ΕΙΔΙΚΩΝ  IGΜ  ΑΝΤΙΣΩΜΑΤΩΝ ΚΑΤA ΙΟΥ ΠΑΡΩΤΙΤΙΔΟΣ ;;;;;
9246;Β315905.84; ΠΡΟΣΔΙΟΡΙΣΜΟΣ ΕΙΔΙΚΩΝ IGΜ ΑΝΤΙΣΩΜΑΤΩΝ ΚΑΤA TOY  MYCOPLASMA PNEUMONIAE   ;;;;;
9247;Β315905.85; ΠΡΟΣΔΙΟΡΙΣΜΟΣ ΕΙΔΙΚΩΝ IGΜ ΑΝΤΙΣΩΜΑΤΩΝ ΚΑΤA TOY ΙΟΥ PARVO B19                                                ;;;;;
9248;Β315905.86;AΝΤΙΑΜΟΙΒΑΔΙΚΑ ΑΝΤΙΣΩΜΑΤΑ   ELISA;;;;;
9249;Β315905.87;ΠΡΟΣΔΙΟΡΙΣΜΟΣ ΕΙΔΙΚΩΝ IGG ΑΝΤΙΣΩΜΑΤΩΝ ΚΑΤA TOY ΑΝΑΠΝΕΥΣΤΙΚΟΥ ΣΥΓΚΥΤΙΑΚΟΥ ΙΟΥ (RSV IGG );;;;;
9250;Β315905.88;ΠΡΟΣΔΙΟΡΙΣΜΟΣ ΕΙΔΙΚΩΝ IGM ΑΝΤΙΣΩΜΑΤΩΝ ΚΑΤA RICKETTSIA CONORI (MEDITERRANEAN SPOTTED FEVER) ;;;;;
9251;Β315905.89;ΠΡΟΣΔΙΟΡΙΣΜΟΣ ΕΙΔΙΚΩΝ IGG ΑΝΤΙΣΩΜΑΤΩΝ ΚΑΤA RICKETTSIA MOOSERI/TYPHI (ENDEMIC FEVER) ;;;;;
9252;Β315905.90;ΠΡΟΣΔΙΟΡΙΣΜΟΣ ΕΙΔΙΚΩΝ IGM ΑΝΤΙΣΩΜΑΤΩΝ ΚΑΤA RICKETTSIA MOOSERI/TYPHI (ENDEMIC FEVER) ;;;;;
9253;Β315905.91;ΠΡΟΣΔΙΟΡΙΣΜΟΣ ΕΙΔΙΚΩΝ IGG ΑΝΤΙΣΩΜΑΤΩΝ ΚΑΤA ROTAVIRUS;;;;;
9254;Β315905.92;ΠΡΟΣΔΙΟΡΙΣΜΟΣ ΕΙΔΙΚΩΝ IGM ΑΝΤΙΣΩΜAΤΩΝ ΚΑΤΑ IOY ΕΡΥΘΡΑΣ;;;;;
9255;Β315905.93;ΠΡΟΣΔIΟΡΙΣΜΟΣ ΛΕΙΤΟΥΡΓΙΚΗΣ ΣΥΝΑΦΕΙΑΣ (AVIDITY) ΕΙΔΙΚΩΝ IGG ΑΝΤΙΣΩΜΑΤΩΝ ΚΑΤA TOY ΙΟΥ  ΕΡΥΘΡΑΣ                                                  ;;;;;
9256;Β315905.94; ΠΡΟΣΔΙΟΡΙΣΜΟΣ ΕΙΔΙΚΩΝ IGΜ ΑΝΤΙΣΩΜΑΤΩΝ ΚΑΤA TOY ΙΟΥ ΙΛΑΡΑΣ;;;;;
9257;Β315905.95;ΠΠΡΟΣΔΙΟΡΙΣΜΟΣ ΕΙΔΙΚΩΝ IGM ΑΝΤΙΣΩΜΑΤΩΝ ΤΟΧΟPLASMA  GONDII;;;;;
9258;Β315905.96;ΠΡΟΣΔIΟΡΙΣΜΟΣ ΛΕΙΤΟΥΡΓΙΚΗΣ ΣΥΝΑΦΕΙΑΣ (AVIDITY) ΕΙΔΙΚΩΝ IGG ΑΝΤΙΣΩΜΑΤΩΝ ΚΑΤA TOY ΤΟΧΟPLASMA  GONDII (TOXOPLASMA IGG-AVIDITY);;;;;
9259;Β315905.97;ΠΡΟΣΔΙΟΡΙΣΜΟΣ ΕΙΔΙΚΩΝ IGM ΑΝΤΙΣΩΜAΤΩΝ ΚΑΤΑ IOY ΑΝΑΜΕΥΛΟΓΙΑΣ - ΕΡΠΗΤΑ - ΖΩΣΤΗΡΑ;;;;;
9260;Β315905.98;ΠΡΟΣΔΙΟΡΙΣΜΟΣ ΕΙΔΙΚΩΝ IGG ΑΝΤΙΣΩΜAΤΩΝ ΚΑΤΑ ΜΗ ΠΡΟΣΔΙΟΡΙΖΟΜΕΝΟΥ IOY;;;;;
9261;Β315905.99;ΠΡΟΣΔΙΟΡΙΣΜΟΣ ΕΙΔΙΚΩΝ IGA ΑΝΤΙΣΩΜAΤΩΝ ΚΑΤΑ YERSINIA ENTEROCOLITICA  ΜΕ ΜΕΘΟΔΟ ΑΝΟΣΟΣΤΥΠΩΣΗΣ                                            ;;;;;
9262;Β315905.100; ΠΡΟΣΔΙΟΡΙΣΜΟΣ ΕΙΔΙΚΩΝ IGG ΑΝΤΙΣΩΜAΤΩΝ ΚΑΤΑ YERSINIA PSEUDOTUBERCULOSIS ΜΕ ΜΕΘΟΔΟ ΑΝΟΣΟΣΤΥΠΩΣΗΣ                                            ;;;;;
9263;Β315905.101; ΠΡΟΣΔΙΟΡΙΣΜΟΣ ΕΙΔΙΚΩΝ IGG ΑΝΤΙΣΩΜAΤΩΝ ΚΑΤΑ YERSINIA PSEUDOTUBERCULOSIS ΜΕ ΜΕΘΟΔΟ ΑΝΟΣΟΣΤΥΠΩΣΗΣ                  ;;;;;
9264;Β315905.102;ΑΝΙΧΝΕΥΣΗ ΑΝΤΙΓΟΝΩΝ ΜΙΚΡΟΟΡΓΑΝΙΣΜΩΝ ΠΟΥ ΠΡΟΚΑΛΟΥΝ  ΜΗΝΙΓΓΙΤΙΔΑ ΜΕ LATEX ΣΥΓΚΟΛΛΗΤΙΝΟΑΝΤΙΔΡΑΣΗ ΑΠ'ΕΥΘΕΙΑΣ ΣΕ ΕΝΥ, ΟΥΡΑ, ΟΡΟ ,ΥΠΟΠΤΕΣ ΑΠΟΙΚΙΕΣ ΑΠΟ ΚΑΛΛΙΕΡΓΕΙΑ, ΜΕ ΕΝΙΑΙΑ ΜΕΘΟΔΟ ΓΙΑ  H. INFLUENZAE ΤΥΠΟΥ B S.PNEUMONIAE STREPTOCOCCUS ΟΜΑΔΑΣ B  N.MENINGITIDIS ΤΩΝ ΟΜΑΔΩΝ C ΚΑΙ W135 N.MENINGITIDIS ΤΩΝ ΟΜΑΔΩΝ A ΚΑΙ Y,-N.MENINGITIDIS ΤΗΣ ΟΜΑΔΑΣ B E.COLI K1;;;;;
9265;Β315905.103;ΧΡΩΣΗ ΜΕ ΦΘΟΡΙΖΟΥΣΑ ΧΡΩΣΤΙΚΗ ΒΙΟΛΟΓΙΚΟΥ ΥΛΙΚΟΥ ;;;;;
9266;Β315905.104;ΠΡΟΣΔΙΟΡΙΣΜΟΣ ΕΙΔΙΚΩΝ ΑΝΤΙΣΩΜAΤΩΝ ΚΑΤΑ ΜΗ ΠΡΟΣΔΙΟΡΙΖΟΜΕΝΟΥ IOY;;;;;
9267;Β315905.105;ΠΟΙΟΤΙΚΗ ΑΝΙΧΝΕΥΣΗΣ ΦΡΟΥΚΤΟΖΗΣ ΣΤΟ ΣΠΕΡΜΑ ΜΕ ΤΗ ΔΟΚΙΜΗ ΤΗΣ RESORCINOL;;;;;
9268;Β315905.106;ΑΝΙΧΝΕΥΣΗ ΓΟΝΙΔΙΩΝ ΑΝΤΟΧΗΣ ΣΤΑ ΑΝΤΙΒΙΟΤΙΚΑ ΜΕ  PCR ΚΑΙ ΑΛΛΗΛΟΥΧΟΠΟΙΗΣΗ / ΗΛΕΚΤΡΟΦΟΡΗΣΗ / RFLPS;;;;;
9269;Β315905.107; ΠΡΟΣΔΙΟΡΙΣΜΟΣ (ΛΕΙΤΟΥΡΓΙΚΗΣ)  ΣΥΝΑΦΕΙΑΣ (AVIDITY) ΤΩΝ ΕΙΔΙΚΩΝ IGG KATA ΚΥΤΤΑΡΟΜΕΓΑΛΟΪΟΥ ΤΟΥ ΑΝΘΡΩΠΟΥ (IGG-AVIDITY CMV)  ;;;;;
9270;Β315905.108;ΠΡΟΣΔΙΟΡΙΣΜΟΣ ΑΝΤΙΣΩΜΑΤΩΝ ΚΑΤΑ ΒΡΟΥΚΕΛΑΣ ΚΑΤΑ ROSE BENGAL;;;;;
9271;Β315905.109;ΠΟΣΟΤΙΚΟΣ ΠΡΟΣΔΙΟΡΙΣΜΟΣ ΠΡΟΚΑΛΣΙΤΟΝΙΝΗΣ;;;;;
9272;Β315905.110;ΑΝΙΧΝΕΥΣΗ ΤΗΣ ΑΝΤΟΧΗ ΤΟΥ MYCOBACTERIUM TYBERCULOSIS ΣΤΗΝ ΡΙΦΑΜΠΙΚΙΝΗ ΜΕ ΤΗΝ ΜΕΘΟΔΟ REAL-TIME PCR;;;;;
9273;Β315905.111;ΠΡΟΣΔΙΟΡΙΣΜΟΣ ΕΙΔΙΚΩΝ  IGΑ ΑΝΤΙΣΩΜAΤΩΝ ΚΑΤΑ  BRUCELLA;;;;;
9274;Β315905.112;ΤΑΥΤΟΠΟΙΗΣΗ ΒΑΚΤΗΡΙΔΙΩΝ ΜΕ ΑΝΑΛΥΣΗ ΑΛΛΗΛΟΥΧΙΑΣ ΕΥΡΕOΣ ΦΑΣΜΑΤΟΣ 23SRDNA ;;;;;
9275;B315905.113;AΝΙΧΝΕΥΣΗ ΑΝΤΟΧΗΣ, ΜΕΤΑΛΛΑΚΤΙΚΩΝ ΣΤΕΛΕΧΩΝ ΤΩΝ ΙΩΝ ΣΤΟΥΣ ΑΝΤΙΙΚΟΥΣ ΠΑΡΑΓΟΝΤΕΣ ΜΕ ΑΛΛΗΛΟΥΧΗΣΗ;;;;;
9276;Β315905.114;ΟΡΟΛΟΓΙΚΗ ΤΥΠΟΠΟΙΗΣΗ ΣΤΕΛΕΧΩΝ LEGIONELLA PNEUMOPHILA;;;;;
9277;Β315905.115;ΑΝΙΧΝΕΥΣΗ ΤΗΣ ΑΝΤΟΧΗΣ ΤΟΥ HELICOBACTER PYLORI ΣΤΗΝ ΚΛΑΡΙΘΡΟΜΥΚΙΝΗ ΚΑΙ/Η ΤΗ ΦΛΟΥΟΡΟΚΙΝΟΛΟΝΗ, ΣΕ ΔΕΙΓΜΑΤΑ ΚΑΛΛΙΕΡΓΕΙΩΝ Η ΣΕ ΥΛΙΚΟ ΒΙΟΨΙΑΣ (ΙΣΤΙΚΟ ΤΕΜΑΧΙΟ) ;;;;;
9278;Β315905.116;ΑΠΟΜΟΝΩΣΗ DNA/RNA ΑΠΌ ΚΛΙΝΙΚΑ ΔΕΙΓΜΑΤΑ ΚΑΙ ΚΑΛΛΙΕΡΓΕΙΕΣ ΜΙΚΡΟΒΙΩΝ ΜΕ ΑΥΤΟΜΑΤΟΙΗΜΕΝΟ ΣΥΣΤΗΜΑ;;;;;
9279;Β315905.117;ΈΛΕΓΧΟΣ ΑΝΤΟΧΗΣ ΜΥΚΟΒΑΚΤΗΡΙΔΙΩΝ ΣΤΑ ΠΡΩΤΕΥΟΝΤΑ ΑΝΤΙΦΥΜΑΤΙΚΑ ΦΑΡΜΑΚΑ (ΙΣΟΝΙΑΖΙΔΗ, ΡΙΦΑΜΠΙΚΙΝΗ) ΜΕ PCR ΚΑΙ ΤΑΥΤΟΠΟΙΗΣΗ ΠΡΟΪΟΝΤΟΣ ΜΕ ΥΒΡΙΔΙΣΜΟ Η ΑΛΛΗΛΟΥΧΟΠΟΙΗΣΗ;;;;;
9280;Β315905.118;ΈΛΕΓΧΟΣ ΑΝΤΟΧΗΣ ΜΥΚΟΒΑΚΤΗΡΙΔΙΩΝ ΣΤΑ ΔΕΥΤΕΡΕΥΟΝΤΑ ΑΝΤΙΦΥΜΑΤΙΚΑ ΦΑΡΜΑΚΑ (ΚΙΝΟΛΟΝΕΣ, ΔΕΥΤΕΡΕΥΟΝΤΑ ΕΝΕΣΙΜΑ, ΚΛΠ.) ΜΕ PCR ΚΑΙ ΤΑΥΤΟΠΟΙΗΣΗ ΠΡΟΪΟΝΤΟΣ ΜΕ ΥΒΡΙΔΙΣΜΟ Η ΑΛΛΗΛΟΥΧΟΠΟΙΗΣΗ;;;;;
9281;Β315905.119;ΑΝΑΛΥΣΗ ΓΕΝΕΤΙΚΗΣ ΣΥΣΤΑΣΗΣ ΠΟΛΥΜΟΡΦΙΚΩΝ ΤΟΠΩΝ (MIRU-VNTR) ΤΟΥ ΜΥΚΟΒΑΚΤΗΡΙΔΙΟΥ ΤΗΣ ΦΥΜΑΤΙΩΣΗΣ ΜΕ ΕΝΙΣΧΥΣΗ ΣΤΟΧΟΥ (PCR) ΚΑΙ ΗΛΕΚΤΡΟΦΟΡΗΤΙΚΟ ΔΙΑΧΩΡΙΣΜΟ  ;;;;;
9282;Β315905.120;ΤΑΥΤΟΠΟΙΗΣΗ MYCOBACTERIUM TUBERCULOSIS ΜΕ ΜΕΘΟΔΟ ΑΝΟΣΟΧΡΩΜΑΤΟΓΡΑΦΙΑΣ ΑΠΌ ΜΙΚΡΟΣΚΟΠΙΚΑ ΘΕΤΙΚΕΣ ΥΓΡΕΣ ΚΑΛΛΙΕΡΓΕΙΕΣ;;;;;
Ε. ΠΡΑΞΕΙΣ ΙΑΤΡΟΔΙΚΑΣΤΙΚΗΣ – ΠΑΘΟΛΟΓΙΚΗΣ ΑΝΑΤΟΜΙΚΗΣ – ΚΥΤΤΑΡΟΛΟΓΙΑΣ;;;;;;;
Ε.1;ΠΡΑΞΕΙΣ ΙΑΤΡΟΔΙΚΑΣΤΙΚΗΣ;;;;;;
9283;B315907;ΑΥΤΟΨΙΑ ΤΟΥ ΧΩΡΟΥ ΜΕΤΑΒΑΣΗ ΙΑΤΡΟΔΙΚΑΣΤΗ;;;;;
9284;B315917;ΝΕΚΡΟΨΙΑ-ΝΕΚΡΟΤΟΜΗ ΕΠΙ ΠΤΩΜΑΤΟΣ;;;;;
9285;B315921;ΕΚΤΑΦΗ ΚΑΙ ΝΕΚΡΟΨΙΑ-ΝΕΚΡΟΤΟΜΗ;;;;;
9286;B315931;ΚΛΙΝΙΚΗ ΕΞΕΤΑΣΗ ΣΤΟ ΓΡΑΦΕΙΟ ΤΟΥ ΙΑΤΡΟΔΙΚΑΣΤΗ ;;;;;
9287;B315935;ΚΛΙΝΙΚΗ ΕΞΕΤΑΣΗ ΜΕΤΑΒΑΣΗ ΣΕ ΝΟΣΟΚΟΜΕΙΟ Ή ΣΤΟ ΣΠΙΤΙ ΤΟΥ ΑΣΘΕΝΗ;;;;;
9288;B315939;ΝΕΚΡΟΨΙΑ - ΝΕΚΡΟΤΟΜΗ ΝΕΟΓΝΟΥ ΒΡΕΦΟΥΣ;;;;;
9289;B315947;ΚΛΙΝΙΚΗ ΕΞΕΤΑΣΗ ΝΕΟΓΝΟΥ ΒΡΕΦΟΥΣ ΣΤΟ ΓΡΑΦΕΙΟ ΤΟΥ ΙΑΤΡΟΔΙΚΑΣΤΗ;;;;;
9290;B315957;ΚΛΙΝΙΚΗ ΕΞΕΤΑΣΗ ΝΕΟΓΝΟΥ ΒΡΕΦΟΥΣ ΜΕΤΑΒΑΣΗ ΣΕ ΝΟΣΟΚΟΜΕΙΟ Ή ΣΤΟ ΣΠΙΤΙ ΤΟΥ ΝΕΟΓΝΟΥ ΒΡΕΦΟΥΣ;;;;;
9291;B315961;ΓΝΩΜΟΔΟΤΗΣΗ ΠΡΟΣ ΕΠΙΛΥΣΗ ΖΗΤΗΜΑΤΩΝ ΕΠΙ ΕΚΘΕΣΕΩΝ ΑΛΛΩΝ ΙΑΤΡΟΔΙΚΑΣΤΩΝ Η ΠΡΑΓΜΑΤΟΓΝΩΜΟΝΩΝ;;;;;
9292;B315963;ΠΑΡΑΣΤΑΣΗ ΣΤΟ ΔΙΚΑΣΤΗΡΙΟ ΤΟΥ ΠΡΑΓΜΑΤΟΓΝΩΜΟΝΑ ΚΛΗΤΕΥΟΜΕΝΟΥ Ως ΜΑΡΤΥΡΑ ;;;;;
9293;B315965;ΕΞΕΤΑΣΗ ΣΚΕΛΕΤΟΥ ΟΛΟΥ ΤΟΥ ΣΩΜΑΤΟΣ ΠΡΟΣ ΔΙΑΠΙΣΤΩΣΗ ΚΑΚΩΣΕΩΝ, ΑΙΤΙΑΣ ΘΑΝΑΤΟΥ ΚΛΠ;;;;;
9294;B315979;ΕΞΕΤΑΣΗ ΣΚΕΛΕΤΙΚΩΝ ΥΠΟΛΕΙΜΜΑΤΩΝ ΠΡΟΣ ΔΙΑΠΙΣΤΩΣΗ ΚΑΚΩΣΕΩΝ ΚΛΠ;;;;;
9295;B315981;ΚΛΙΝΙΚΗ ΕΞΕΤΑΣΗ ΓΙΑ ΔΙΑΠΙΣΤΩΣΗ ΕΓΚΛΗΜΑΤΩΝ ΠΟΥ ΑΦΟΡΟΥΝ ΤΗ ΓΕΝΕΤΗΣΙΑ ΛΕΙΤΟΥΡΓΙΑ ΣΤΟ ΓΡΑΦΕΙΟ ΤΟΥ ΙΑΤΡΟΔΙΚΑΣΤΗ;;;;;
9296;B315987;ΚΛΙΝΙΚΗ ΕΞΕΤΑΣΗ ΓΙΑ ΔΙΑΠΙΣΤΩΣΗ ΕΓΚΛΗΜΑΤΩΝ ΠΟΥ ΑΦΟΡΟΥΝ ΤΗ ΓΕΝΕΤΗΣΙΑ ΛΕΙΤΟΥΡΓΙΑ , ΜΕΤΑΒΑΣΗ ΣΕ ΝΟΣΟΚΟΜΕΙΟ Ή ΣΤΟ ΣΠΙΤΙ ΤΟΥ ΑΣΘΕΝΗ;;;;;
9297;B315997;ΠΡΟΧΕΙΡΗ ΤΑΡΙΧΕΥΣΗ;;;;;
9298;B316105;ΜΗ ΚΑΤΑΓΕΓΡΑΜΜΕΝΗ ΔΙΑΔΙΚΑΣΙΑ ΝΕΚΡΟΨΙΑΣ (ΑΥΤΟΨΙΑΣ);;;;;
9299;B316105.1;ΠΛΗΡΗΣ ΜΕΓΑΛΗ ΤΑΡΙΧΕΥΣΗ;;;;;
Ε.2;ΚΥΤΤΑΡΟΛΟΓΙΑ – ΚΥΤΤΑΡΙΚΗ ΓΕΝΕΤΙΚΗ;;;;;;
9300;B316115;ΚΥΤΤΑΡΟΛΟΓΙΚΗ ΕΞΕΤΑΣΗ ΥΓΡΩΝ ΠΟΥ ΕΧΟΥΝ ΠΑΡΑΚΕΝΤΗΘΕΙ ΑΠΌ ΚΟΙΛΟΤΗΤΕΣ ΤΟΥ ΣΩΜΑΤΟΣ (ΠΛΕΥΡΙΤΙΚΑ, ΑΣΚΙΤΙΚΑ, ΚΛΠ). ΦΥΓΟΚΕΝΤΡΗΣΗ, ΕΠΙΣΤΡΩΣΗ ΠΛΑΚΙΔΙΩΝ ΚΑΙ ΑΞΙΟΛΟΓΗΣΗ ΣΤΟ ΟΠΤΙΚΟ ΜΙΚΡΟΣΚΟΠΙΟ ΑΠΌ ΕΙΔΙΚΟ ΙΑΤΡΟ;;;;;
9301;B316119;ΚΥΤΤΑΡΟΛΟΓΙΚΗ ΕΞΕΤΑΣΗ ΥΓΡΩΝ ΠΟΥ ΕΧΟΥΝ ΠΑΡΑΚΕΝΤΗΘΕΙ ΑΠΌ ΚΟΙΛΟΤΗΤΕΣ ΤΟΥ ΣΩΜΑΤΟΣ (ΠΛΕΥΡΙΤΙΚΑ, ΑΣΚΙΤΙΚΑ, ΚΛΠ). ΔΙΑΤΗΡΗΣΗ ΣΕ ΣΥΣΤΗΜΑ ΥΓΡΗΣ ΦΑΣΗΣ, ΕΠΙΣΤΡΩΣΗ ΠΛΑΚΙΔΙΩΝ ΚΑΙ ΑΞΙΟΛΟΓΗΣΗ ΣΤΟ ΟΠΤΙΚΟ ΜΙΚΡΟΣΚΟΠΙΟ ΑΠΌ ΕΙΔΙΚΟ ΙΑΤΡΟ;;;;;
9302;B316121;ΚΥΤΤΑΡΟΛΟΓΙΚΗ ΕΞΕΤΑΣΗ ΟΥΡΩΝ ΑΠΛΗΣ ΟΥΡΗΣΗΣ (1-3 ΔΕΙΓΜΑΤΑ), ΜΕ ΔΙΑΤΗΡΗΣΗ ΣΕ ΣΥΣΤΗΜΑ ΥΓΡΗΣ ΦΑΣΗΣ, ΕΠΙΣΤΡΩΣΗ ΠΛΑΚΙΔΙΩΝ ΚΑΙ ΑΞΙΟΛΟΓΗΣΗ ΣΤΟ ΟΠΤΙΚΟ ΜΙΚΡΟΣΚΟΠΙΟ ΑΠΌ ΕΙΔΙΚΟ ΙΑΤΡΟ;;;;;
9303;B316123;ΚΥΤΤΑΡΟΛΟΓΙΚΗ ΕΞΕΤΑΣΗ ΕΠΙΧΡΙΣΜΑΤΩΝ ΜΕ ΤΗΝ ΤΕΧΝΙΚΗ ΣΥΜΠΥΚΝΩΣΗΣ. ΕΡΜΗΝΕΙΑ - ΔΙΑΓΝΩΣΗ ΑΠΟ ΕΙΔΙΚΟ ΙΑΤΡΟ. (ΠΧ, ΤΕΧΝΙΚΗ SACCOMANNO).;;;;;
9304;B316131;ΤΕΧΝΙΚΗ ΕΠΙΛΕΚΤΙΚΗΣ ΕΝΙΣΧΥΣΗΣ ΚΥΤΤΑΡΙΚΩΝ ΤΥΠΩΝ ΑΠΟ ΚΥΤΤΑΡΟΛΟΓΙΚΑ ΥΛΙΚΑ ΥΓΡΗΣ ΦΑΣΗΣ ;;;;;
9305;B316157;ΚΥΤΤΑΡΟΛΟΓΙΚΗ ΕΞΕΤΑΣΗ ΓΙΑ ΙΑΤΡΟΔΙΚΑΣΤΙΚΗ ΧΡΗΣΗ (ΠΧ. ΣΠΕΡΜΑ) ΜΕ ΔΙΑΓΝΩΣΗ ΑΠΟ ΕΙΔΙΚΟ ΙΑΤΡΟ.;;;;;
9306;B316167;ΤΑΥΤΟΠΟΙΗΣΗ ΦΥΛΕΤΙΚΗΣ ΧΡΩΜΑΤΙΝΗΣ. ΣΩΜΑΤΙΑ BARR ΣΕ ΚΥΤΤΑΡΟΛΟΓΙΚΑ ΕΠΙΧΡΙΣΜΑΤΑ. ΔΙΑΓΝΩΣΗ - ΕΚΤΙΜΗΣΗ ΑΠΌ ΕΙΔΙΚΟ ΙΑΤΡΟ.;;;;;
9307;B316187;ΤΑΥΤΟΠΟΙΗΣΗ ΦΥΛΕΤΙΚΗΣ ΧΡΩΜΑΤΙΝΗΣ. ΕΠΙΧΡΙΣΜΑ ΠΕΡΙΦΕΡΙΚΟΥ ΑΙΜΑΤΟΣ. ΠΟΛΥΜΟΡΦΟΠΥΡΗΝΑ ΦΥΛΕΤΙΚΑ;;;;;
9308;B316189;ΚΥΤΤΑΡΟΛΟΓΙΚΗ ΕΞΕΤΑΣΗ, ΤΡΑΧΗΛΙΚΑ Ή ΚΟΛΠΙΚΑ ΕΠΙΧΡΙΣΜΑΤΑ (ΟΠΟΙΟΔΗΠΟΤΕ ΣΥΣΤΗΜΑ ΑΝΑΦΟΡΑΣ), ΜΕ ΕΡΜΗΝΕΙΑ - ΔΙΑΓΝΩΣΗ ΑΠΟ ΕΙΔΙΚΟ ΙΑΤΡΟ.;;;;;
9309;B316191;ΚΥΤΤΑΡΟΛΟΓΙΚΗ ΕΞΕΤΑΣΗ, ΤΡΑΧΗΛΙΚΑ, Ή ΚΟΛΠΙΚΑ ΕΠΙΧΡΙΣΜΑΤΑ (ΟΠΟΙΟΔΗΠΟΤΕ ΣΥΣΤΗΜΑ ΑΝΑΦΟΡΑΣ), ΣΥΛΛΟΓΗ ΣΕ ΜΟΝΙΜΟΠΟΙΗΤΙΚΟ ΥΛΙΚΟ, ΑΥΤΟΜΑΤΗ ΠΡΟΕΤΟΙΜΑΣΙΑ ΛΕΠΤΗΣ ΣΤΟΙΒΑΔΟΣ, ΜΕ ΤΗ ΒΟΗΘΕΙΑ ΟΠΤΙΚΟΥ ΜΙΚΡΟΣΚΟΠΙΟΥ ΚΑΙ ΕΡΜΗΝΕΙΑ - ΔΙΑΓΝΩΣΗ ΑΠΟ ΕΙΔΙΚΟ ΙΑΤΡΟ.;;;;;
9310;B316193;ΚΥΤΤΑΡΟΛΟΓΙΚΗ ΕΞΕΤΑΣΗ, ΤΡΑΧΗΛΙΚΑ, Ή ΚΟΛΠΙΚΑ ΕΠΙΧΡΙΣΜΑΤΑ (ΟΠΟΙΟΔΗΠΟΤΕ ΣΥΣΤΗΜΑ ΑΝΑΦΟΡΑΣ), ΣΥΛΛΟΓΗ ΣΕ ΜΟΝΙΜΟΠΟΙΗΤΙΚΟ ΥΛΙΚΟ, ΑΥΤΟΜΑΤΗ ΠΡΟΕΤΟΙΜΑΣΙΑ ΛΕΠΤΗΣ ΣΤΟΙΒΑΔΟΣ, ΜΕ ΤΗ ΒΟΗΘΕΙΑ ΟΠΤΙΚΟΥ ΜΙΚΡΟΣΚΟΠΙΟΥ ΚΑΙ ΕΠΑΝΑΔΙΑΛΟΓΗ ΑΠΟ ΕΙΔΙΚΟ ΙΑΤΡΟ.;;;;;
9311;B316201;ΚΥΤΤΑΡΟΛΟΓΙΚΗ ΕΞΕΤΑΣΗ, ΤΡΑΧΗΛΙΚΑ, Ή ΚΟΛΠΙΚΑ ΕΠΙΧΡΙΣΜΑΤΑ. ΔΙΑΛΟΓΗ ΑΠΟ ΑΥΤΟΜΑΤΟΠΟΙΗΜΕΝΟ ΣΥΣΤΗΜΑ ΑΠΌ ΕΙΔΙΚΟ ΙΑΤΡΟ.;;;;;
9312;B316203;ΚΥΤΤΑΡΟΛΟΓΙΚΗ ΕΞΕΤΑΣΗ, ΤΡΑΧΗΛΙΚΑ, Ή ΚΟΛΠΙΚΑ ΕΠΙΧΡΙΣΜΑΤΑ. ΕΛΕΓΧΟΣ ΑΠΟ ΑΥΤΟΜΑΤΟΠΟΙΗΜΕΝΟ ΣΥΣΤΗΜΑ ΜΕ ΧΕΙΡΟΝΑΚΤΙΚΟ ΕΠΑΝΕΛΕΓΧΟ ΚΑΙ ΔΙΑΣΦΑΛΙΣΗ ΠΟΙΟΤΗΤΑΣ ΑΠΟ ΕΙΔΙΚΟ ΙΑΤΡΟ.;;;;;
9313;B316207;ΑΝΕΝΕΡΓΟΣ;;;;;
9314;B316211;ΑΝΕΝΕΡΓΟΣ;;;;;
9315;B316213;ΑΝΕΝΕΡΓΟΣ;;;;;
9316;B316215;ΑΝΕΝΕΡΓΟΣ;;;;;
9317;B316217;ΚΥΤΤΑΡΟΛΟΓΙΚΗ ΕΞΕΤΑΣΗ ΟΡΜΟΝΙΚΗΣ ΑΞΙΟΛΟΓΗΣΗΣ, ΚΟΛΠΙΚΩΝ Ή ΤΡΑΧΗΛΙΚΩΝ ΕΠΙΧΡΙΣΜΑΤΩΝ (ΠΧ. ΔΕΙΚΤΗΣ ΩΡΙΜΑΝΣΗΣ, ΚΑΡΥΟΠΥΚΝΩΤΙΚΟΣ ΔΕΙΚΤΗΣ, ΔΕΙΚΤΗΣ ΟΙΣΤΡΟΓΟΝΩΝ). ΕΡΜΗΝΕΙΑ - ΔΙΑΓΝΩΣΗ ΑΠΌ ΕΙΔΙΚΟ ΙΑΤΡΟ. ΕΚΑΣΤΟΣ ΔΕΙΚΤΗΣ;;;;;
9318;B316227;ΚΥΤΤΑΡΟΛΟΓΙΚΗ ΕΞΕΤΑΣΗ ΕΠΙΧΡΙΣΜΑΤΩΝ, ΟΠΟΙΑΣΔΗΠΟΤΕ ΠΡΟΕΛΕΥΣΗΣ (ΣΥΜΠΕΡΙΛΑΜΒΑΝΟΜΕΝΩΝ ΚΑΙ ΤΩΝ ΕΝΤΥΠΩΜΑΤΩΝ) ΜΕ ΤΗ ΒΟΗΘΕΙΑ ΟΠΤΙΚΟΥ ΜΙΚΡΟΣΚΟΠΙΟΥ ΚΑΙ ΕΡΜΗΝΕΙΑ - ΔΙΑΓΝΩΣΗ ΑΠΟ ΕΙΔΙΚΟ ΙΑΤΡΟ.;;;;;
9319;B316229;ΚΥΤΤΑΡΟΛΟΓΙΚΗ ΕΞΕΤΑΣΗ ΕΠΙΧΡΙΣΜΑΤΩΝ, ΟΠΟΙΑΣΔΗΠΟΤΕ ΠΡΟΕΛΕΥΣΗΣ (ΣΥΜΠΕΡΙΛΑΜΒΑΝΟΜΕΝΩΝ ΚΑΙ ΤΩΝ ΕΝΤΥΠΩΜΑΤΩΝ). ΠΑΡΑΣΚΕΥΗ, ΕΛΕΓΧΟΣ ΚΑΙ ΕΡΜΗΝΕΙΑ - ΔΙΑΓΝΩΣΗ ΑΠΟ ΕΙΔΙΚΟ ΙΑΤΡΟ.;;;;;
9320;B316231;ΚΥΤΤΑΡΟΛΟΓΙΚΗ ΕΞΕΤΑΣΗ ΕΠΙΧΡΙΣΜΑΤΩΝ, ΟΠΟΙΑΣΔΗΠΟΤΕ ΠΡΟΕΛΕΥΣΗΣ. ΕΚΤΕΤΑΜΕΝΗ ΜΕΛΕΤΗ ΠΟΥ ΕΜΠΕΡΙΕΧΕΙ ΠΛΕΟΝ ΤΩΝ 5 ΠΛΑΚΙΔΙΩΝ ΚΑΙ/Ή ΠΟΛΛΑΠΛΩΝ ΧΡΩΣΕΩΝ ΑΠΟ ΕΙΔΙΚΟ ΙΑΤΡΟ.;;;;;
9321;B316235;ΑΝΕΝΕΡΓΟΣ;;;;;
9322;B316237;ΚΥΤΤΑΡΟΛΟΓΙΚΗ ΕΞΕΤΑΣΗ, ΠΛΑΚΙΔΙΑ, ΤΡΑΧΗΛΙΚΑ, Ή ΚΟΛΠΙΚΑ (ΣΥΣΤΗΜΑ BETHESDA) ΜΕ ΤΗ ΒΟΗΘΕΙΑ ΟΠΤΙΚΟΥ ΜΙΚΡΟΣΚΟΠΙΟΥ ΚΑΙ ΕΠΑΝΕΛΕΓΧΟ ΑΠΟ ΕΙΔΙΚΟ ΙΑΤΡΟ.;;;;;
9323;B316239;ΚΥΤΤΑΡΟΛΟΓΙΚΗ ΕΞΕΤΑΣΗ, ΠΛΑΚΙΔΙΑ, ΤΡΑΧΗΛΙΚΑ, Ή ΚΟΛΠΙΚΑ (ΣΥΣΤΗΜΑ BETHESDA) ΜΕ ΤΗ ΒΟΗΘΕΙΑ ΟΠΤΙΚΟΥ ΜΙΚΡΟΣΚΟΠΙΟΥ ΚΑΙ ΕΠΑΝΕΛΕΓΧΟ ΥΠΟΒΟΗΘΟΥΜΕΝΟ ΑΠΟ ΥΠΟΛΟΓΙΣΤΗ ΥΠΟ ΕΠΙΒΛΕΨΗ - ΔΙΑΓΝΩΣΗ ΕΙΔΙΚΟΥ ΙΑΤΡΟΥ.;;;;;
9324;B316241;ΚΥΤΤΑΡΟΛΟΓΙΚΗ ΕΞΕΤΑΣΗ, ΠΛΑΚΙΔΙΑ, ΤΡΑΧΗΛΙΚΑ, Ή ΚΟΛΠΙΚΑ (ΣΥΣΤΗΜΑ BETHESDA) ΜΕ ΤΗ ΒΟΗΘΕΙΑ ΟΠΤΙΚΟΥ ΜΙΚΡΟΣΚΟΠΙΟΥ ΚΑΙ ΕΛΕΓΧΟΣ ΔΙΑΣΦΑΛΙΣΗΣ ΠΟΙΟΤΗΤΑΣ - ΕΠΑΝΕΛΕΓΧΟΣ ΑΠΟ ΑΥΤΟΜΑΤΟΠΟΙΗΜΕΝΟ ΣΥΣΤΗΜΑ ΣΑΡΩΣΗΣ ME ΕΡΜΗΝΕΙΑ - ΔΙΑΓΝΩΣΗ ΑΠΟ ΕΙΔΙΚΟ ΙΑΤΡΟ.;;;;;
9325;B316251;ΚΥΤΤΑΡΟΠΑΘΟΛΟΓΙΑ, ΕΚΤΙΜΗΣΗ ΥΛΙΚΟΥ ΑΝΑΡΡΟΦΗΣΗΣ ΛΕΠΤΗΣ ΒΕΛΟΝΗΣ. ΑΜΕΣΗ ΚΥΤΤΑΡΟΛΟΓΙΚΗ ΜΕΛΕΤΗ ΓΙΑ ΤΟΝ ΠΡΟΣΔΙΟΡΙΣΜΟ ΕΠΑΡΚΕΙΑΣ ΤΩΝ ΔΕΙΓΜΑΤΩΝ ΑΠΟ ΕΙΔΙΚΟ ΙΑΤΡΟ.;;;;;
9326;B316253;ΚΥΤΤΑΡΟΠΑΘΟΛΟΓΙΑ, ΕΚΤΙΜΗΣΗ ΥΛΙΚΟΥ ΑΝΑΡΡΟΦΗΣΗΣ ΛΕΠΤΗΣ ΒΕΛΟΝΗΣ (ΜΑΣΤΟΣ, ΗΠΑΡ, ΠΑΓΚΡΕΑΣ, ΠΝΕΥΜΟΝΑΣ, ΜΕΣΟΘΩΡΑΚΙΟ, ΟΣΤΑ, ΜΑΛΑΚΑ ΜΟΡΙΑ, ΘΥΡΕΟΕΙΔΗΣ, ΠΡΟΣΤΑΤΗΣ, ΛΕΜΦΑΔΕΝΕΣ, ΝΕΦΡΟΣ, ΕΠΙΝΕΦΡΙΔΙΑ, ΣΙΑΛΟΓΟΝΟΙ ΑΔΕΝΕΣ ΚΠΛ). ΑΞΙΟΛΟΓΗΣΗ ΚΑΙ ΔΙΑΓΝΩΣΗ ΑΠΟ ΕΙΔΙΚΟ ΙΑΤΡΟ.;;;;;
9327;B316255;ΚΥΤΤΑΡΟΛΟΓΙΚΗ ΕΞΕΤΑΣΗ, ΤΡΑΧΗΛΙΚΑ, Ή ΚΟΛΠΙΚΑ ΕΠΙΧΡΙΣΜΑΤΑ (ΟΠΟΙΟΔΗΠΟΤΕ ΣΥΣΤΗΜΑ ΑΝΑΦΟΡΑΣ), ΣΥΛΛΟΓΗ ΣΕ ΜΟΝΙΠΟΠΟΙΗΤΙΚΟ ΥΛΙΚΟ, ΑΥΤΟΜΑΤΗ ΠΡΟΕΤΟΙΜΑΣΙΑ ΛΕΠΤΗΣ ΣΤΟΙΒΑΔΟΣ. ΕΛΕΓΧΟΣ ΑΠΟ ΑΥΤΟΜΑΤΟΠΟΙΗΜΕΝΟ ΣΥΣΤΗΜΑ. ΑΞΙΟΛΟΓΗΣΗ ΑΠΌ ΕΙΔΙΚΟ ΙΑΤΡΟ.;;;;;
9328;B316257;ΚΥΤΤΑΡΟΛΟΓΙΚΗ ΕΞΕΤΑΣΗ, ΤΡΑΧΗΛΙΚΑ, Ή ΚΟΛΠΙΚΑ (ΟΠΟΙΟΔΗΠΟΤΕ ΣΥΣΤΗΜΑ ΑΝΑΦΟΡΑΣ), ΣΥΛΛΟΓΗ ΣΕ ΜΟΝΙΜΟΠΟΙΗΤΙΚΟ ΥΛΙΚΟ, ΑΥΤΟΜΑΤΗ ΠΡΟΕΤΟΙΜΑΣΙΑ ΛΕΠΤΗΣ ΣΤΟΙΒΑΔΟΣ. ΕΛΕΓΧΟΣ ΑΠΟ ΑΥΤΟΜΑΤΟΠΟΙΗΜΕΝΟ ΣΥΣΤΗΜΑ ΚΑΙ ΕΠΑΝΑΞΙΟΛΟΓΗΣΗ ΜΕ ΜΙΚΡΟΣΚΟΠΙΚΗ ΕΞΕΤΑΣΗ ΑΠΟ ΕΙΔΙΚΟ ΙΑΤΡΟ.;;;;;
9329;B316271;ΑΝΑΛΥΣΗ ΚΥΤΤΑΡΙΚΟΥ ΚΥΚΛΟΥ ΜΕ ΤΕΧΝΙΚΗ ΚΥΤΤΑΡΟΜΕΤΡΙΑΣ ΡΟΗΣ Ή ΑΝΑΛΥΣΗ DNA ΣΕ ΚΥΤΤΑΡΟΛΟΓΙΚΟ ΚΑΙ ΙΣΤΟΛΟΓΙΚΟ ΥΛΙΚΟ (ΜΗ ΜΟΝΙΜΟΠΟΙΗΜΕΝΟ Ή ΣΕ ΟΠΟΙΟΔΗΠΟΤΕ ΥΛΙΚΟ ΜΕΤΑΦΟΡΑΣ). ΕΡΜΗΝΕΙΑ - ΔΙΑΓΝΩΣΗ ΑΠΌ ΕΙΔΙΚΟ ΙΑΤΡΟ.;;;;;
9330;B316275;ΑΝΑΛΥΣΗ ΔΕΙΚΤΩΝ ΣΤΗΝ ΚΥΤΤΑΡΙΚΗ ΕΠΙΦΑΝΕΙΑ, ΣΤΟ ΚΥΤΤΑΡΟΠΛΑΣΜΑ Ή ΣΤΟΝ ΠΥΡΗΝΑ ΜΕ ΤΕΧΝΙΚΗ ΚΥΤΤΑΡΟΜΕΤΡΙΑΣ ΡΟΗΣ ΣΕ ΚΥΤΤΑΡΟΛΟΓΙΚΟ ΚΑΙ ΙΣΤΟΛΟΓΙΚΟ ΥΛΙΚΟ (ΔΕΙΓΜΑΤΑ ΑΠΟΦΟΛΙΔΩΤΙΚΗΣ ΚΥΤΤΑΡΟΛΟΓΙΑΣ, ΑΝΑΡΡΟΦΗΣΗΣ ΔΙΑ ΛΕΠΤΗΣ ΒΕΛΟΝΗΣ ΚΑΙ ΚΥΤΤΑΡΙΚΩΝ ΣΤΟΙΧΕΙΩΝ ΒΙΟΛΟΓΙΚΩΝ ΥΓΡΩΝ), ΤΕΧΝΙΚΟ ΜΕΡΟΣ ΜΟΝΟΝ. ΠΡΩΤΟΣ ΔΕΙΚΤΗΣ. ;;;;;
9331;B316277;ΑΝΑΛΥΣΗ ΔΕΙΚΤΩΝ ΣΤΗΝ ΚΥΤΤΑΡΙΚΗ ΕΠΙΦΑΝΕΙΑ, ΣΤΟ ΚΥΤΤΑΡΟΠΛΑΣΜΑ Ή ΣΤΟΝ ΠΥΡΗΝΑ ΜΕ ΤΕΧΝΙΚΗ ΚΥΤΤΑΡΟΜΕΤΡΙΑΣ ΡΟΗΣ ΣΕ ΚΥΤΤΑΡΟΛΟΓΙΚΟ ΚΑΙ ΙΣΤΟΛΟΓΙΚΟ ΥΛΙΚΟ (ΔΕΙΓΜΑΤΑ ΑΠΟΦΟΛΙΔΩΤΙΚΗΣ ΚΥΤΤΑΡΟΛΟΓΙΑΣ ΑΝΑΡΡΟΦΗΣΗΣ ΔΙΑ ΛΕΠΤΗΣ ΒΕΛΟΝΗΣ ΚΑΙ ΚΥΤΤΑΡΙΚΩΝ ΣΤΟΙΧΕΙΩΝ ΒΙΟΛΟΓΙΚΩΝ ΥΓΡΩΝ). ΤΕΧΝΙΚΟ ΜΕΡΟΣ ΜΟΝΟΝ. ΚΑΘΕ ΕΠΙΠΛΕΟΝ ΔΕΙΚΤΗΣ (ΞΕΧΩΡΙΣΤΗ ΚΑΤΑΧΩΡΗΣΗ);;;;;
9332;B316281;ΑΝΑΛΥΣΗ ΔΕΙΚΤΩΝ ΜΕ ΤΗΝ ΤΕΧΝΙΚΗ ΚΥΤΤΑΡΟΜΕΤΡΙΑΣ ΡΟΗΣ ΣΕ ΚΥΤΤΑΡΟΛΟΓΙΚΟ ΚΑΙ ΙΣΤΟΛΟΓΙΚΟ ΥΛΙΚΟ, ΕΡΜΗΝΕΙΑ ΑΠΟ ΕΙΔΙΚΟ ΙΑΤΡΟ : ΑΠΟ 2 ΕΩΣ 8 ΔΕΙΚΤΕΣ.;;;;;
9333;B316283;ΑΝΑΛΥΣΗ ΔΕΙΚΤΩΝ ΜΕ ΤΗΝ ΤΕΧΝΙΚΗ ΚΥΤΤΑΡΟΜΕΤΡΙΑΣ ΡΟΗΣ ΣΕ ΚΥΤΤΑΡΟΛΟΓΙΚΟ ΚΑΙ ΙΣΤΟΛΟΓΙΚΟ ΥΛΙΚΟ, ΕΡΜΗΝΕΙΑ ΑΠΟ ΙΑΤΡΟ ΕΙΔΙΚΟ ΙΑΤΡΟ : ΑΠΟ 9 ΕΩΣ 15 ΔΕΙΚΤΕΣ.;;;;;
9334;B316285;ΑΝΑΛΥΣΗ ΔΕΙΚΤΩΝ ΜΕ ΤΗΝ ΤΕΧΝΙΚΗ ΚΥΤΤΑΡΟΜΕΤΡΙΑΣ ΡΟΗΣ ΣΕ ΚΥΤΤΑΡΟΛΟΓΙΚΟ ΚΑΙ ΙΣΤΟΛΟΓΙΚΟ ΥΛΙΚΟ, ΕΡΜΗΝΕΙΑ ΑΠΟ ΕΙΔΙΚΟ ΙΑΤΡΟ : 16, Ή ΠΕΡΙΣΣΟΤΕΡΟΙ ΔΕΙΚΤΕΣ.;;;;;
9335;B316305;ΜΗ ΚΑΤΑΓΕΓΡΑΜΜΕΝΗ ΚΥΤΤΑΡΟΠΑΘΟΛΟΓΙΚΗ ΔΙΑΔΙΚΑΣΙΑ;;;;;
9336;B316305.1;ΕΠΕΞΕΡΓΑΣΙΑ ΚΥΤΤΑΡΟΛΟΓΙΚΟΥ ΥΛΙΚΟΥ ΜΕ ΤΗ ΜΕΘΟΔΟ ΥΓΡΗΣ ΦΑΣΗΣ (ΔΙAΤΗΡΗΣΗ ΚΑΙ ΑΥΤΟΜΑΤΗ ΕΠΙΣΤΡΩΣΗ). ΕΚΤΙΜΗΣΗ - ΑΞΙΟΛΟΓΗΣΗ ΣΤΟ ΟΠΤΙΚΟ ΜΙΚΡΟΣΚΟΠΙΟ ΑΠΌ ΕΙΔΙΚΟ ΙΑΤΡΟ;;;;;
9337;B316305.2;ΛΗΨΗ ΚΟΛΠΟΤΡΑΧΗΛΙΚΟΥ ΕΠΙΧΡΙΣΜΑΤΟΣ ΑΠΌ ΕΙΔΙΚΟ ΙΑΤΡΟ.;;;;;
9338;B316305.3;ΚΥΤΤΑΡΟΛΟΓΙΚΗ ΕΞΕΤΑΣΗ ΕΠΙΧΡΙΣΜΑΤΩΝ ΕΝΔΟΤΡΑΧΗΛΙΚΟΥ ΣΩΛΗΝΑ ΜΕ ΤΗ ΒΟΗΘΕΙΑ ΟΠΤΙΚΟΥ ΜΙΚΡΟΣΚΟΠΙΟΥ (ΣΥΜΒΑΤΙΚΗ ΜΕΘΟΔΟΣ). ΟΠΟΙΟΔΗΠΟΤΕ ΣΥΣΤΗΜΑ ΑΝΑΦΟΡΑΣ. ΕΡΜΗΝΕΙΑ ΚΑΙ ΔΙΑΓΝΩΣΗ ΑΠΌ ΕΙΔΙΚΟ ΙΑΤΡΟ.;;;;;
9339;B316305.4;ΑΝΟΣΟΚΥΤΤΑΡΟΧΗΜΙΚΑ ΤΕΣΤ ΑΝΙΧΝΕΥΣΗΣ HPV (HUMAN PAPILLOMA VIRUS) ΣΕ ΚΥΤΤΑΡΟΛΟΓΙΚΟ ΥΛΙΚΟ. ΜΕ ΑΞΙΟΛΟΓΗΣΗ - ΔΙΑΓΝΩΣΗ ΑΠΌ ΕΙΔΙΚΟ ΙΑΤΡΟ.;;;;;
9340;B316305.5;ΑΝΙΧΝΕΥΣΗ ΤΟΥ ΙΙΚΟΥ mRNA ΤΩΝ ΓΟΝΙΔΙΩΝ Ε6/Ε7 ΤΟΥ ΗΡV (HUMAN PAPILLOMA VIRUS) ΜΕΣΩ ΕΝΙΣΧΥΣΗΣ ΤΟΥ ΚΑΙ ΓΟΝΟΤΥΠΗΣΗΣ ΜΕ ΤΗΝ ΤΕΧΝΙΚΗ NASBA ΣΕ ΚΥΤΤΑΡΟΛΟΓΙΚΟ ΥΛΙΚΟ ΥΓΡΗΣ ΦΑΣΗΣ ΣΕ ΣΥΝΔΥΑΣΜΟ ΜΕ ΤΗΝ ΚΥΤΤΑΡΟΜΟΡΦΟΛΟΓΙΑ ΑΠΟ ΤΟ ΙΔΙΟ ΥΛΙΚΟ. ΜΕ ΑΞΙΟΛΟΓΗΣΗ - ΕΡΜΗΝΕΙΑ ΑΠΟ ΕΙΔΙΚΟ ΙΑΤΡΟ.;;;;;
9341;B316305.6;ΑΝΙΧΝΕΥΣΗ ΤΟΥ ΙΙΚΟΥ mRNA ΤΩΝ ΓΟΝΙΔΙΩΝ Ε6/Ε7 ΤΟΥ ΗΡV (HUMAN PAPILLOMA VIRUS) ΜΕ ΚΥΤΤΑΡΟΜΕΤΡΙΑ ΡΟΗΣ ΣΕ ΚΥΤΤΑΡΟΛΟΓΙΚΟ ΥΛΙΚΟ ΥΓΡΗΣ ΦΑΣΗΣ ΣΕ ΣΥΝΔΥΑΣΜΟ ΜΕ ΤΗΝ ΚΥΤΤΑΡΟΜΟΡΦΟΛΟΓΙΑ ΑΠΟ ΤΟ ΙΔΙΟ ΥΛΙΚΟ. ΜΕ ΑΞΙΟΛΟΓΗΣΗ - ΕΡΜΗΝΕΙΑ ΑΠΌ ΕΙΔΙΚΟ ΙΑΤΡΟ.;;;;;
9342;B316305.7;ΑΝΙΧΝΕΥΣΗ ΤΟΥ ΙΙΚΟΥ DNA ΤΟΥ ΗPV (HUMAN PAPILLOMA VIRUS) ΜΕ ΕΝΙΣΧΥΣΗ ΤΟΥ ΣΗΜΑΤΟΣ ΜΕΣΩ ΥΒΡΙΔΙΣΜΟΥ ΜΕ RNA ΙΧΝΗΘΕΤΕΣ ΟΡΙΣΜΕΝΩΝ ΤΥΠΩΝ ΤΟΥ HPV ΣΕ ΚΥΤΤΑΡΟΛΟΓΙΚΟ ΥΛΙΚΟ ΥΓΡΗΣ ΦΑΣΗΣ ΣΕ ΣΥΝΔΥΑΣΜΟ ΜΕ ΤΗΝ ΚΥΤΤΑΡΟΜΟΡΦΟΛΟΓΙΑ ΑΠΟ ΤΟ ΙΔΙΟ ΥΛΙΚΟ. ΜΕ ΑΞΙΟΛΟΓΗΣΗ - ΕΡΜΗΝΕΙΑ ΑΠΌ ΕΙΔΙΚΟ ΙΑΤΡΟ.;;;;;
9343;B316305.8;ΑΝΙΧΝΕΥΣΗ ΤΟΥ ΙΙΚΟΥ DNA ΤΟΥ HPV (HUMAN PAPILLOMA VIRUS) ΜΕ ΕΝΙΣΧΥΣΗ ΔΙΑΦΟΡΕΤΙΚΩΝ ΠΕΡΙΟΧΩΝ ΤΟΥ ΙΙΚΟΥ ΓΟΝΙΔΙΩΜΑΤΟΣ ΜΕΣΩ ΤΗΣ ΤΕΧΝΙΚΗΣ ΤΗΣ ΑΛΥΣΙΔΩΤΗΣ ΑΝΤΙΔΡΑΣΗΣ ΠΟΛΥΜΕΡΑΣΗΣ (PCR) ΜΕ ΓΕΝΙΚΟΥΣ ΕΚΚΙΝΗΤΕΣ ΣΕ ΚΥΤΤΑΡΟΛΟΓΙΚΟ ΥΛΙΚΟ ΥΓΡΗΣ ΦΑΣΗΣ ΣΕ ΣΥΝΔΥΑΣΜΟ ΜΕ ΤΗΝ ΚΥΤΤΑΡΟΜΟΡΦΟΛΟΓΙΑ ΑΠΟ ΤΟ ΙΔΙΟ ΥΛΙΚΟ. ΑΞΙΟΛΟΓΗΣΗ - ΕΡΜΗΝΕΙΑ ΑΠΟ ΕΙΔΙΚΟ ΙΑΤΡΟ.;;;;;
9344;B316305.9;ΑΝΙΧΝΕΥΣΗ ΤΟΥ ΙΙΚΟΥ DNA ΤΟΥ HPV (HUMAN PAPILLOMA VIRUS) ΜΕ ΕΝΙΣΧΥΣΗ ΔΙΑΦΟΡΕΤΙΚΩΝ ΠΕΡΙΟΧΩΝ ΤΟΥ ΙΙΚΟΥ ΓΟΝΙΔΙΩΜΑΤΟΣ ΜΕΣΩ ΤΗΣ ΤΕΧΝΙΚΗΣ ΤΗΣ ΑΛΥΣΙΔΩΤΗΣ ΑΝΤΙΔΡΑΣΗΣ ΠΟΛΥΜΕΡΑΣΗΣ (PCR) ΓΙΑ ΤΥΠΟΠΟΙΗΣΗ ΣΥΓΚΕΚΡΙΜΕΝΩΝ ΤΥΠΩΝ ΤΟΥ HPV ΜΕ ΕΙΔΙΚΟΥΣ ΕΚΚΙΝΗΤΕΣ ΣΕ ΚΥΤΤΑΡΟΛΟΓΙΚΟ ΥΛΙΚΟ ΥΓΡΗΣ ΦΑΣΗΣ ΣΕ ΣΥΝΔΥΑΣΜΟ ΜΕ ΤΗΝ ΚΥΤΤΑΡΟΜΟΡΦΟΛΟΓΙΑ ΑΠΟ ΤΟ ΙΔΙΟ ΥΛΙΚΟ.  ΑΞΙΟΛΟΓΗΣΗ - ΕΡΜΗΝΕΙΑ ΑΠΟ ΕΙΔΙΚΟ ΙΑΤΡΟ.;;;;;
9345;B316305. 10;ΑΝΙΧΝΕΥΣΗ ΤΟΥ ΙΙΚΟΥ DNA ΤΟΥ HPV (HUMAN PAPILLOMA VIRUS) ΜΕΣΩ ΤΗΣ ΤΕΧΝΙΚΗΣ ΤΗΣ ΑΛΥΣΙΔΩΤΗΣ ΑΝΤΙΔΡΑΣΗΣ ΠΟΛΥΜΕΡΑΣΗΣ ΠΡΑΓΜΑΤΙΚΟΥ ΧΡΟΝΟΥ (REAL-TIME PCR) ΣΕ ΚΥΤΤΑΡΟΛΟΓΙΚΟ ΥΛΙΚΟ ΥΓΡΗΣ ΦΑΣΗΣ ΣΕ ΣΥΝΔΥΑΣΜΟ ΜΕ ΤΗΝ ΚΥΤΤΑΡΟΜΟΡΦΟΛΟΓΙΑ ΑΠΟ ΤΟ ΙΔΙΟ ΥΛΙΚΟ. ΑΞΙΟΛΟΓΗΣΗ - ΕΡΜΗΝΕΙΑ ΑΠΟ ΕΙΔΙΚΟ ΙΑΤΡΟ.;;;;;
9346;B316305. 11;ΑΝΙΧΝΕΥΣΗ ΤΟΥ ΙΙΚΟΥ DNA ΤΟΥ HPV (HUMAN PAPILLOMA VIRUS) ΜΕ ΤΗ ΧΡΗΣΗ ΔΥΟ ΤΥΠΩΝ ΙΣΟΘΕΡΜΙΚΩΝ ΑΝΤΙΔΡΑΣΕΩΝ, ΣΤΟΧΕΥΣΗΣ ΑΠΟ ΙΧΝΗΘΕΤΕΣ ΚΑΙ ΠΑΡΑΓΩΓΗΣ ΦΘΟΡΙΣΜΟΥ, ΣΕ ΚΥΤΤΑΡΟΛΟΓΙΚΟ ΥΛΙΚΟ ΥΓΡΗΣ ΦΑΣΗΣ ΣΕ ΣΥΝΔΥΑΣΜΟ ΜΕ ΤΗΝ ΚΥΤΤΑΡΟΜΟΡΦΟΛΟΓΙΑ ΑΠΟ ΤΟ ΙΔΙΟ ΥΛΙΚΟ. ΜΕ ΑΞΙΟΛΟΓΗΣΗ - ΕΡΜΗΝΕΙΑ ΑΠΟ ΕΙΔΙΚΟ ΙΑΤΡΟ.;;;;;
9347;B316305. 12;ΑΝΙΧΝΕΥΣΗ ΤΟΥ ΙΙΚΟΥ DNA ΤΟΥ HPV (HUMAN PAPILLOMA VIRUS) ΜΕ ΤΗΝ ΤΕΧΝΙΚΗ ΤΩΝ ΜΟΡΙΑΚΩΝ ΜΙΚΡΟΣΥΣΤΟΙΧΙΩΝ, ΣΕ ΚΥΤΤΑΡΟΛΟΓΙΚΟ ΥΛΙΚΟ ΥΓΡΗΣ ΦΑΣΗΣ ΣΕ ΣΥΝΔΥΑΣΜΟ ΜΕ ΤΗΝ ΚΥΤΤΑΡΟΜΟΡΦΟΛΟΓΙΑ ΑΠΟ ΤΟ ΙΔΙΟ ΥΛΙΚΟ. ΜΕ ΑΞΙΟΛΟΓΗΣΗ - ΕΡΜΗΝΕΙΑ ΑΠΟ ΕΙΔΙΚΟ ΙΑΤΡΟ.;;;;;
9348;B316305. 13;ΕΙΔΙΚΕΣ ΚΥΤΤΑΡΟΧΗΜΙΚΕΣ ΧΡΩΣΕΙΣ ΣΕ ΚΥΤΤΑΡΟΛΟΓΙΚΑ ΕΠΙΧΡΙΣΜΑΤΑ, ΕΚΑΣΤΗ ΧΡΩΣΗ ΜΕ ΑΞΙΟΛΟΓΗΣΗ ΑΠΌ ΕΙΔΙΚΟ ΙΑΤΡΟ.;;;;;
9349;B316305.14;ΤΕΧΝΙΚΗ ΕΓΚΛΕΙΣΗΣ ΚΥΤΤΑΡΟΛΟΓΙΚΟΥ ΥΛΙΚΟΥ ΣΕ ΠΑΡΑΦΙΝΗ ΚΑΙ ΠΑΡΑΣΚΕΥΗ ΚΥΒΩΝ ΠΑΡΑΦΙΝΗΣ (CELL BLOCK). ΕΚΤΙΜΗΣΗ ΚΑΙ ΔΙΑΓΝΩΣΗ ΑΠΌ ΕΙΔΙΚΟ ΙΑΤΡΟ.;;;;;
9350;B316305.15;ΚΥΤΤΑΡΟΛΟΓΙΚΗ ΕΞΕΤΑΣΗ ΟΥΡΩΝ ΑΠΛΗΣ ΟΥΡΗΣΗΣ. (1 ΕΩΣ 3 ΔΕΙΓΜΑΤΑ) (ΣΥΜΒΑΤΙΚΗ ΜΕΘΟΔΟΣ). ΑΞΙΟΛΟΓΗΣΗ ΚΑΙ ΔΙΑΓΝΩΣΗ ΑΠΌ ΕΙΔΙΚΟ ΙΑΤΡΟ.;;;;;
9351;B316305.16;ΤΕΧΝΙΚΗ ΑΝΟΣΟΦΘΟΡΙΣΜΟΥ ΣΕ ΟΥΡΑ ΓΙΑ ΕΓΚΑΙΡΗ ΑΝΙΧΝΕΥΣΗ ΚΑΚΟΗΘΕΙΑΣ (U-CYT). ΑΞΙΟΛΟΓΗΣΗ ΚΑΙ ΔΙΑΓΝΩΣΗ ΑΠΌ ΕΙΔΙΚΟ ΙΑΤΡΟ.;;;;;
9352;B316305.17;ΚΥΤΤΑΡΟΛΟΓΙΚΗ ΕΞΕΤΑΣΗ ΕΓΚΕΦΑΛΟΝΩΤΙΑΙΟΥ ΥΓΡΟΥ (ΣΥΜΒΑΤΙΚΗ ΜΕΘΟΔΟΣ). ΑΞΙΟΛΟΓΗΣΗ ΚΑΙ ΔΙΑΓΝΩΣΗ ΑΠΌ ΕΙΔΙΚΟ ΙΑΤΡΟ.;;;;;
9353;B316305.18;ΚΥΤΤΑΡΟΛΟΓΙΚΗ ΕΞΕΤΑΣΗ ΕΚΚΡΙΜΑΤΟΣ ΘΗΛΗΣ ΜΑΣΤΟΥ (ΕΤΕΡΟΠΛΕΥΡΗ). ΑΞΙΟΛΟΓΗΣΗ ΚΑΙ ΔΙΑΓΝΩΣΗ ΑΠΌ ΕΙΔΙΚΟ ΙΑΤΡΟ.;;;;;
9354;B316305.19;ΚΥΤΤΑΡΟΛΟΓΙΚΗ ΕΞΕΤΑΣΗ ΕΚΚΡΙΜΑΤΟΣ ΘΗΛΗΣ ΜΑΣΤΟΥ (ΑΜΦΟΤΕΡΟΠΛΕΥΡΗ). ΑΞΙΟΛΟΓΗΣΗ ΚΑΙ ΔΙΑΓΝΩΣΗ ΑΠΌ ΕΙΔΙΚΟ ΙΑΤΡΟ.;;;;;
9355;B316305.20;ΚΥΤΤΑΡΟΛΟΓΙΚΗ ΕΞΕΤΑΣΗ ΠΤΥΕΛΩΝ 1 ΕΩΣ 3 ΔΕΙΓΜΑΤΑ. ΑΞΙΟΛΟΓΗΣΗ ΚΑΙ ΔΙΑΓΝΩΣΗ ΑΠΟ ΕΙΔΙΚΟ ΙΑΤΡΟ.;;;;;
9356;B316305.21;ΚΥΤΤΑΡΟΛΟΓΙΚΗ ΕΞΕΤΑΣΗ ΥΛΙΚΟΥ ΕΝΤΥΠΩΜΑΤΩΝ ΑΠΌ ΟΠΟΙΑΔΗΠΟΤΕ ΠΗΓΗ ΠΡΟΕΛΕΥΣΗΣ. ΑΞΙΟΛΟΓΗΣΗ ΚΑΙ ΔΙΑΓΝΩΣΗ ΑΠΌ ΕΙΔΙΚΟ ΙΑΤΡΟ.;;;;;
9357;B316305.22;ΛΗΨΗ ΥΛΙΚΟΥ ΑΝΑΡΡΟΦΗΣΗΣ ΜΕ ΛΕΠΤΗ ΒΕΛΟΝΗ ΑΠΟ ΟΠΟΙΑΔΗΠΟΤΕ ΠΗΓΗ ΠΡΟΕΛΕΥΣΗΣ ΑΠΟ ΕΙΔΙΚΟ ΙΑΤΡΟ.;;;;;
9358;B316305.23;ΚΥΤΤΑΡΟΠΑΘΟΛΟΓΙΑ ΥΛΙΚΟΥ ΑΝΑΡΡΟΦΗΣΗΣ ΜΕ ΛΕΠΤΗ ΒΕΛΟΝΗ ΧΩΡΙΣ ΑΠΕΙΚΟΝΙΣΤΙΚΗ ΚΑΘΟΔΗΓΗΣΗ. ΑΞΙΟΛΟΓΗΣΗ ΚΑΙ ΔΙΑΓΝΩΣΗ ΑΠΟ ΕΙΔΙΚΟ ΙΑΤΡΟ;;;;;
9359;B316305.24;ΚΥΤΤΑΡΟΠΑΘΟΛΟΓΙΑ ΥΛΙΚΟΥ ΑΝΑΡΡΟΦΗΣΗΣ ΜΕ ΛΕΠΤΗ ΒΕΛΟΝΗ ΜΕ ΑΠΕΙΚΟΝΙΣΤΙΚΗ ΚΑΘΟΔΗΓΗΣΗ. ΔΙΑΓΝΩΣΗ ΚΑΙ ΑΞΙΟΛΟΓΗΣΗ ΑΠΟ  ΕΙΔΙΚΟ ΙΑΤΡΟ;;;;;
9360;B316305.25;ΚΥΤΤΑΡΟΛΟΓΙΚΗ ΕΞΕΤΑΣΗ ΚΥΣΤΙΚΩΝ ΕΞΕΡΓΑΣΙΩΝ ΜΕΤΑ ΑΠΟ ΠΑΡΑΚΕΝΤΗΣΗ ΜΕ ΑΝΑΡΡΟΦΗΣΗ. ΔΙΑΓΝΩΣΗ ΚΑΙ ΑΞΙΟΛΟΓΗΣΗ ΑΠΟ ΕΙΔΙΚΟ ΙΑΤΡΟ, ΕΚΑΣΤΗ ΚΥΣΤΙΚΗ ΒΛΑΒΗ.;;;;;
9361;B316305.26;ΚΥΤΤΑΡΟΛΟΓΙΚΗ ΕΞΕΤΑΣΗ ΥΛΙΚΟΥ ΕΚΠΛΥΜΑΤΟΣ ΓΑΛΑΚΤΟΦΟΡΩΝ ΠΟΡΩΝ ΘΗΛΗΣ ΜΑΣΤΟΥ ΜΕ ΚΑΘΕΤΗΡΙΑΣΜΟ ΘΗΛΗΣ (DUCTAL LAVAGE) ΣΥΛΛΟΓΗ ΣΕ ΜΟΝΙΜΟΠΟΙΗΤΙΚΟ ΥΛΙΚΟ ΥΓΡΗΣ ΦΑΣΗΣ THIN PREP. ΑΥΤΟΜΑΤΗ ΠΡΟΕΤΟΙΜΑΣΙΑ ΛΕΠΤΗΣ ΣΤΟΙΒΑΔΟΣ. ΑΞΙΟΛΟΓΗΣΗ ΚΑΙ ΔΙΑΓΝΩΣΗ ΑΠΌ ΕΙΔΙΚΟ ΙΑΤΡΟ.;;;;;
9362;B316305.27;ΚΥΤΤΑΡΟΛΟΓΙΚΗ ΕΞΕΤΑΣΗ ΥΛΙΚΟΥ ΑΠΌ ΔΙΕΡΕΥΝΗΣΗ ΘΗΛΗΣ ΚΑΙ ΓΑΛΑΚΤΟΦΟΡΩΝ ΠΟΡΩΝ ΜΕΤΑ ΑΠΌ ΕΝΔΟΣΚΟΠΗΣΗ ΤΩΝ  ΓΑΛΑΚΤΟΦΟΡΩΝ ΠΟΡΩΝ, ΜΕ ΤΗ ΜΕΘΟΔΟ ΥΓΡΗΣ ΦΑΣΗΣ. ΑΞΙΟΛΟΓΗΣΗ ΚΑΙ ΔΙΑΓΝΩΣΗ ΑΠΌ ΕΙΔΙΚΟ ΙΑΤΡΟ.;;;;;
9363;B316305.28;ΚΥΤΤΑΡΟΛΟΓΙΚΗ ΕΞΕΤΑΣΗ ΒΡΟΓΧΙΚΟΥ ΕΚΠΛΥΜΑΤΟΣ ΜΕ ΒΡΟΓΧΟΣΚΟΠΗΣΗ. ΑΞΙΟΛΟΓΗΣΗ ΚΑΙ ΔΙΑΓΝΩΣΗ ΑΠΌ ΕΙΔΙΚΟ ΙΑΤΡΟ.;;;;;
9364;B316305.29;ΚΥΤΤΑΡΟΛΟΓΙΚΗ ΕΞΕΤΑΣΗ ΥΛΙΚΟΥ ΛΗΦΘΕΝΤΟΣ ΜΕ ΒΟΥΡΤΣΑ ΥΠΟ ΕΝΔΟΣΚΟΠΙΚΟ ΕΛΕΓΧΟ (ΣΥΜΒΑΤΙΚΗ ΜΕΘΟΔΟΣ). ΑΞΙΟΛΟΓΗΣΗ ΚΑΙ ΔΙΑΓΝΩΣΗ ΑΠΟ ΕΙΔΙΚΟ ΙΑΤΡΟ.;;;;;
9365;B316305.30;ΚΥΤΤΑΡΟΛΟΓΙΚΗ ΕΞΕΤΑΣΗ ΥΛΙΚΟΥ ΑΝΑΡΡΟΦΗΣΗΣ ΜΕ ΛΕΠΤΗ ΒΕΛΟΝΗ ΥΠΟ ΒΡΟΓΧΟΣΚΟΠΗΣΗ ΑΠΌ ΤΡΑΧΕΙΑ Ή ΒΡΟΓΧΟ (ΤΒΝΑ). ΑΞΙΟΛΟΓΗΣΗ ΚΑΙ ΔΙΑΓΝΩΣΗ ΑΠΌ ΕΙΔΙΚΟ ΙΑΤΡΟ.;;;;;
9366;B316305.31;ΚΥΤΤΑΡΟΛΟΓΙΚΗ ΕΞΕΤΑΣΗ ΥΛΙΚΟΥ ΑΝΑΡΡΟΦΗΣΗΣ ΜΕ ΛΕΠΤΗ ΒΕΛΟΝΗ ΜΕ ΕΝΔΟΒΡΟΓΧΙΚΟ ΥΠΕΡΗΧΟΓΡΑΦΗΜΑ ΚΑΤΆ ΤΗ ΔΙΑΡΚΕΙΑ ΒΡΟΓΧΟΣΚΟΠΗΣΗΣ (EBUS FNAC). ΑΞΙΟΛΟΓΗΣΗ ΚΑΙ ΔΙΑΓΝΩΣΗ ΑΠΌ ΕΙΔΙΚΟ ΙΑΤΡΟ.;;;;;
9367;B316305.32;ΚΥΤΤΑΡΟΛΟΓΙΚΗ ΕΞΕΤΑΣΗ ΒΡΟΓΧΙΟΛΟΚΥΨΕΛΙΔΙΚΟΥ ΕΚΠΛΥΜΑΤΟΣ (BAL) ΥΠΟ ΒΡΟΓΧΟΣΚΟΠΗΣΗ. ΑΞΙΟΛΟΓΗΣΗ ΚΑΙ ΔΙΑΓΝΩΣΗ ΑΠΌ ΕΙΔΙΚΟ ΙΑΤΡΟ.;;;;;
9368;B316305.33;ΚΥΤΤΑΡΟΛΟΓΙΚΗ ΕΞΕΤΑΣΗ ΕΚΠΛΥΜΑΤΟΣ ΑΠΌ ΣΩΛΗΝΩΔΗ Ή ΚΟΙΛΑ ΟΡΓΑΝΑ. ΑΞΙΟΛΟΓΗΣΗ ΚΑΙ ΔΙΑΓΝΩΣΗ ΑΠΌ ΕΙΔΙΚΟ ΙΑΤΡΟ;;;;;
9369;B316305.34;ΚΥΤΤΑΡΟΛΟΓΙΚΗ ΕΞΕΤΑΣΗ ΥΛΙΚΟΥ ΛΗΦΘΕΝΤΟΣ ΑΠΌ ΤΟ ΕΝΔΟΜΗΤΡΙΟ, ΧΩΡΙΣ ΤΡΑΧΗΛΙΚΗ ΔΙΑΣΤΟΛΗ (ΣΥΜΒΑΤΙΚΗ ΜΕΘΟΔΟΣ). ΑΞΙΟΛΟΓΗΣΗ ΚΑΙ ΔΙΑΓΝΩΣΗ ΑΠΌ ΕΙΔΙΚΟ ΙΑΤΡΟ.;;;;;
9370;B316305.35;ΚΥΤΤΑΡΟΛΟΓΙΚΗ ΕΞΕΤΑΣΗ ΥΛΙΚΟΥ ΑΝΑΡΡΟΦΗΣΗΣ ΑΠΌ ΕΝΔΟΣΚΟΠΙΚΗ ΠΑΡΑΚΕΝΤΗΣΗ - EUS. ΑΞΙΟΛΟΓΗΣΗ ΚΑΙ ΔΙΑΓΝΩΣΗ ΑΠΌ ΙΑΤΡΟ ΕΙΔΙΚΟ.;;;;;
9371;B316305.36;ΚΥΤΤΑΡΟΛΟΓΙΚΗ ΕΞΕΤΑΣΗ ΥΛΙΚΟΥ ΔΕΙΓΜΑΤΟΣ ΛΗΦΘΕΝΤΟΣ ΜΕ ΨΗΚΤΡΑ Ή ΕΚΠΛΥΣΗ ΥΠΟ ΕΝΔΟΣΚΟΠΙΚΗ ΠΑΛΙΝΔΡΟΜΗ ΧΟΛΑΓΓΕΙΟΠΑΓΚΡΕΑΤΟΓΡΑΦΙΑ (ERCP) (ΣΥΜΒΑΤΙΚΗ ΜΕΘΟΔΟΣ). ΑΞΙΟΛΟΓΗΣΗ ΚΑΙ ΔΙΑΓΝΩΣΗ ΑΠΌ ΕΙΔΙΚΟ ΙΑΤΡΟ;;;;;
9372;B316305.37;ΓΝΩΜΑΤΕΥΣΗ ΚΑΙ ΣΥΝΤΑΞΗ ΕΚΘΕΣΗΣ ΚΥΤΤΑΡΟΛΟΓΙΚΩΝ ΕΞΕΤΑΣΕΩΝ ΑΠΌ ΕΙΔΙΚΟ ΙΑΤΡΟ ΓΙΑ ΑΝΤΙΚΕΙΜΕΝΟΦΟΡΕΣ ΠΛΑΚΕΣ (ΠΛΑΚΙΔΙΑ) ΠΟΥ ΠΡΟΕΤΟΙΜΑΣΤΗΚΑΝ ΣΕ ΑΛΛΟ ΜΕΡΟΣ.;;;;;
9373;B316305.38;ΓΝΩΜΑΤΕΥΣΗ ΚΑΙ ΕΚΘΕΣΗ ΑΠΌ ΕΙΔΙΚΟ ΙΑΤΡΟ ΓΙΑ ΚΥΤΤΑΡΟΛΟΓΙΚΟ ΥΛΙΚΟ ΟΠΟΥ ΑΠΑΙΤΕΙΤΑΙ Η ΠΡΟΕΤΟΙΜΑΣΙΑ ΑΝΤΙΚΕΙΜΕΝΟΦΟΡΩΝ ΠΛΑΚΩΝ.;;;;;
9374;B316305.39;ΓΝΩΜΑΤΕΥΣΗ, ΑΝΑΛΥΤΙΚΗ, ΜΕ ΑΝΑΣΚΟΠΗΣΗ ΑΡΧΕΙΩΝ ΚΑΙ ΚΥΤΤΑΡΟΛΟΓΙΚΩΝ ΠΑΡΑΣΚΕΥΑΣΜΑΤΩΝ ΜΕ ΕΚΘΕΣΗ ΓΙΑ ΤΟ ΑΝΑΦΕΡΟΜΕΝΟ ΥΛΙΚΟ ΑΠΌ ΕΙΔΙΚΟ ΙΑΤΡΟ;;;;;
9375;B316305.40;ΓΝΩΜΑΤΕΥΣΗ ΚΥΤΤΑΡΟΛΟΓΙΚΩΝ ΕΠΙΧΡΙΣΜΑΤΩΝ ΑΠΌ ΙΑΤΡΟ ΕΙΔΙΚΟ ΚΑΤΆ ΤΗ ΔΙΑΡΚΕΙΑ ΧΕΙΡΟΥΡΓΙΚΗΣ ΕΠΕΜΒΑΣΗΣ - ΤΑΧΕΙΑ ΚΥΤΤΑΡΟΛΟΓΙΚΗ ΕΞΕΤΑΣΗ (ΥΛΙΚΟ FNA, ΥΓΡΑ ΚΥΣΤΕΩΝ / ΚΟΙΛΟΤΗΤΩΝ, ΕΚΠΛΥΜΑΤΑ, ΚΛΠ). ΑΡΧΙΚΟ ΔΕΙΓΜΑ.;;;;;
9376;B316305.41;ΓΝΩΜΑΤΕΥΣΗ ΚΥΤΤΑΡΟΛΟΓΙΚΩΝ ΕΠΙΧΡΙΣΜΑΤΩΝ ΑΠΌ ΙΑΤΡΟ ΕΙΔΙΚΟ ΚΑΤΆ ΤΗ ΔΙΑΡΚΕΙΑ ΧΕΙΡΟΥΡΓΙΚΗΣ ΕΠΕΜΒΑΣΗΣ - ΤΑΧΕΙΑ ΚΥΤΤΑΡΟΛΟΓΙΚΗ ΕΞΕΤΑΣΗ (ΥΛΙΚΟ FNA, ΥΓΡΑ ΚΥΣΤΕΩΝ / ΚΟΙΛΟΤΗΤΩΝ, ΕΚΠΛΥΜΑΤΑ, ΚΛΠ). ΚΆΘΕ ΕΠΙΠΛΕΟΝ ΔΕΙΓΜΑ.;;;;;
9377;B316305.42;ΑΠΛΗ ΠΑΡΑΣΤΑΣΗ ΚΥΤΤΑΡΟΛΟΓΟΥ ΣΕ ΙΑΤΡΙΚΑ ΣΥΜΒΟΥΛΙΑ;;;;;
9378;B316305.43;ΕΝΤΕΤΑΛΜΕΝΗ ΠΑΡΟΥΣΙΑ ΚΥΤΤΑΡΟΛΟΓΟΥ;;;;;
9379;B316305.44;ΕΚΘΕΣΗ ΚΥΤΤΑΡΟΛΟΓΟΥ ΓΙΑ ΧΡΗΣΗ ΣΤΟ ΔΙΚΑΣΤΙΚΟ ΣΩΜΑ Ή ΕΚΘΕΣΗ ΤΥΠΟΥ ΕΜΠΕΙΡΟΓΝΩΜΟΝΟΣ;;;;;
9380;B316367;ΛΕΜΦΟΚΥΤΤΑΡΙΚΗ ΚΥΤΤΑΡΟΚΑΛΛΙΕΡΓΕΙΑ ΓΙΑ ΜΗ-ΝΕΟΠΛΑΣΜΑΤΙΚΕΣ ΔΙΑΤΑΡΑΧΕΣ. ΕΚΤΙΜΗΣΗ - ΔΙΑΓΝΩΣΗ ΑΠΌ ΕΙΔΙΚΟ ΙΑΤΡΟ.;;;;;
9381;B316373;ΚΥΤΤΑΡΟΚΑΛΛΙΕΡΓΕΙΑ ΓΙΑ ΜΗ-ΝΕΟΠΛΑΣΜΑΤΙΚΕΣ ΔΙΑΤΑΡΑΧΕΣ. ΔΕΡΜΑ, Ή ΑΛΛΟΣ ΣΥΜΠΑΓΗΣ ΙΣΤΟΣ ΑΠΌ ΒΙΟΨΙΑ. ΕΚΤΙΜΗΣΗ - ΔΙΑΓΝΩΣΗ ΑΠΌ ΕΙΔΙΚΟ ΙΑΤΡΟ.;;;;;
9382;B316377;ΚΥΤΤΑΡΟΚΑΛΛΙΕΡΓΕΙΑ ΓΙΑ ΜΗ-ΝΕΟΠΛΑΣΜΑΤΙΚΕΣ ΔΙΑΤΑΡΑΧΕΣ. ΑΜΝΙΑΚΟ ΥΓΡΟ, Ή ΚΥΤΤΑΡΑ ΧΟΡΙΑΚΗΣ ΛΑΧΝΗΣ. ΕΚΤΙΜΗΣΗ - ΔΙΑΓΝΩΣΗ ΑΠΌ ΕΙΔΙΚΟ ΙΑΤΡΟ.;;;;;
9383;B316381;ΚΥΤΤΑΡΟΚΑΛΛΙΕΡΓΕΙΑ ΓΙΑ ΝΕΟΠΛΑΣΜΑΤΙΚΕΣ ΔΙΑΤΑΡΑΧΕΣ. ΜΥΕΛΟΣ ΤΩΝ ΟΣΤΩΝ, ΚΥΤΤΑΡΑ ΑΙΜΟΠΟΙΗΤΙΚΟΥ ΣΥΣΤΗΜΑΤΟΣ. ΕΚΤΙΜΗΣΗ - ΔΙΑΓΝΩΣΗ ΑΠΌ ΕΙΔΙΚΟ ΙΑΤΡΟ.;;;;;
9384;B316385;ΚΥΤΤΑΡΟΚΑΛΙΕΡΓΕΙΑ ΓΙΑ ΝΕΟΠΛΑΣΜΑΤΙΚΕΣ ΔΙΑΤΑΡΑΧΕΣ. ΣΥΜΠΑΓΗΣ ΟΓΚΟΣ. ΕΚΤΙΜΗΣΗ - ΔΙΑΓΝΩΣΗ ΑΠΌ ΕΙΔΙΚΟ ΙΑΤΡΟ.;;;;;
9385;B316387;ΚΡΥΟΣΥΝΤΗΡΗΣΗ, ΚΑΤΑΨΥΞΗ ΚΑΙ ΑΠΟΘΗΚΕΥΣΗ ΚΥΤΤΑΡΩΝ, ΕΚΑΣΤΗ ΚΥΤΤΑΡΙΚΗ ΣΕΙΡΑ. ΕΚΤΙΜΗΣΗ ΑΠΌ ΕΙΔΙΚΟ ΙΑΤΡΟ.;;;;;
9386;B316389;ΑΠΟΨΥΞΗ ΚΑΙ ΑΝΑΠΤΥΞΗ ΤΩΝ ΚΑΤΕΨΥΓΜΕΝΩΝ ΚΥΤΤΑΡΩΝ, ΕΚΑΣΤΟ ΚΛΑΣΜΑ (VIAL). ΕΚΤΙΜΗΣΗ ΑΠΌ ΕΙΔΙΚΟ ΙΑΤΡΟ.;;;;;
9387;B316397;ΧΡΩΜΟΣΩΜΙΚΗ ΑΝΑΛΥΣΗ ΓΙΑ ΣΥΝΔΡΟΜΑ ΘΡΑΥΣΗΣ. ΑΝΤΑΛΛΑΓΗ ΒΑΣΗΣ ΑΔΕΛΦΗΣ ΧΡΩΜΑΤΙΔΑΣ  (ΑΑΧ), 20-25 ΚΥΤΤΑΡΑ. ΑΞΙΟΛΟΓΗΣΗ - ΔΙΑΓΝΩΣΗ ΑΠΌ ΕΙΔΙΚΟ ΙΑΤΡΟ.;;;;;
9388;B316403;ΧΡΩΜΟΣΩΜΙΚΗ ΑΝΑΛΥΣΗ ΓΙΑ ΣΥΝΔΡΟΜΑ ΘΡΑΥΣΗΣ. ΘΡΑΥΣΗ ΓΡΑΜΜΗΣ ΒΑΣΗΣ, ΒΑΘΜΟΛΟΓΙΑ 50-100 ΚΥΤΤΑΡΩΝ, ΚΑΤΑΜΕΤΡΗΣΗ 20 ΚΥΤΤΑΡΩΝ, 2 ΚΑΡΥΟΤΥΠΟΙ (ΠΧ, ΓΙΑ ΑΤΑΞΙΑ ΤΗΛΕΑΓΓΕΙΕΚΤΑΣΙΑ, ΑΝΑΙΜΙΑ FANCONI, ΕΥΘΡΑΥΣΤΟ Χ). ΑΞΙΟΛΟΓΗΣΗ - ΔΙΑΓΝΩΣΗ ΑΠΌ ΕΙΔΙΚΟ ΙΑΤΡΟ.;;;;;
9389;B316405;ΧΡΩΜΟΣΩΜΙΚΗ ΑΝΑΛΥΣΗ ΓΙΑ ΣΥΝΔΡΟΜΑ ΘΡΑΥΣΗΣ, ΒΑΘΜΟΛΟΓΗΣΗ 100 ΚΥΤΤΑΡΩΝ, CLASTOGEN ΣΤΡΕΣ (ΠΧ, ΔΙΕΠΟΞΥΒΟΥΤΑΝΙΟ, ΜΙΤΟΜΥΚΙΝΗ, ΙΟΝΙΖΟΥΣΑ ΑΚΤΙΝΟΒΟΛΙΑ, ΥΠΕΡΙΩΔΗΣ ΑΚΤΙΝΟΒΟΛΙΑ). ΑΞΙΟΛΟΓΗΣΗ - ΔΙΑΓΝΩΣΗ ΑΠΌ ΕΙΔΙΚΟ ΙΑΤΡΟ.;;;;;
9390;B316429;ΧΡΩΜΟΣΩΜΙΚΗ ΑΝΑΛΥΣΗ. ΚΑΤΑΜΕΤΡΗΣΗ 5 ΚΥΤΤΑΡΩΝ, 1 ΚΑΡΥΟΤΥΠΟΣ, ΜΕ ΤΕΧΝΙΚΗ ΖΩΝΩΝ. ΑΞΙΟΛΟΓΗΣΗ - ΔΙΑΓΝΩΣΗ ΑΠΌ ΕΙΔΙΚΟ ΙΑΤΡΟ.;;;;;
9391;B316431;ΧΡΩΜΟΣΩΜΙΚΗ ΑΝΑΛΥΣΗ. ΚΑΤΑΜΕΤΡΗΣΗ 15-20 ΚΥΤΤΑΡΩΝ, 2 ΚΑΡΥΟΤΥΠΟΙ, ΜΕ ΤΕΧΝΙΚΗ ΖΩΝΩΝ. ΑΞΙΟΛΟΓΗΣΗ - ΔΙΑΓΝΩΣΗ ΑΠΌ ΕΙΔΙΚΟ ΙΑΤΡΟ.;;;;;
9392;B316433;ΧΡΩΜΟΣΩΜΙΚΗ ΑΝΑΛΥΣΗ. ΚΑΤΑΜΕΤΡΗΣΗ 45 ΚΥΤΤΑΡΩΝ ΓΙΑ ΜΩΣΑΪΚΙΣΜΟ, 2 ΚΑΡΥΟΤΥΠΟΙ ΜΕ ΤΕΧΝΙΚΗ ΖΩΝΩΝ. ΑΞΙΟΛΟΓΗΣΗ - ΔΙΑΓΝΩΣΗ ΑΠΌ ΕΙΔΙΚΟ ΙΑΤΡΟ.;;;;;
9393;B316435;ΧΡΩΜΟΣΩΜΙΚΗ ΑΝΑΛΥΣΗ. ΑΝΑΛΥΣΗ 20-25 ΚΥΤΤΑΡΩΝ. ΑΞΙΟΛΟΓΗΣΗ ΑΠΌ ΕΙΔΙΚΟ ΙΑΤΡΟ.;;;;;
9394;B316441;ΧΡΩΜΟΣΩΜΙΚΗ ΑΝΑΛΥΣΗ, ΑΜΝΙΑΚΟ ΥΓΡΟ, Ή ΧΟΡΙΑΚΗ ΛΑΧΝΗ, ΚΑΤΑΜΕΤΡΗΣΗ 15 ΚΥΤΤΑΡΩΝ, 1 ΚΑΡΥΟΤΥΠΟΣ ΜΕ ΤΕΧΝΙΚΗ ΖΩΝΩΝ. ΑΞΙΟΛΟΓΗΣΗ - ΔΙΑΓΝΩΣΗ ΑΠΌ ΕΙΔΙΚΟ ΙΑΤΡΟ.;;;;;
9395;B316445;ΧΡΩΜΟΣΩΜΙΚΗ ΑΝΑΛΥΣΗ IN SITU ΓΙΑ ΚΥΤΤΑΡΑ ΑΜΝΙΑΚΟΥ ΥΓΡΟΥ, ΚΑΤΑΜΕΤΡΗΣΗ ΚΥΤΤΑΡΩΝ ΑΠΟ 6-12 ΑΠΟΙΚΙΕΣ, 1 ΚΑΡΥΟΤΥΠΟΣ ΜΕ ΤΕΧΝΙΚΗ ΖΩΝΩΝ. ΑΞΙΟΛΟΓΗΣΗ - ΔΙΑΓΝΩΣΗ ΑΠΌ ΕΙΔΙΚΟ ΙΑΤΡΟ.;;;;;
9396;B316449;ΜΟΡΙΑΚΗ ΚΥΤΤΑΡΟΓΕΝΕΤΙΚΗ. ΙΧΝΗΘΕΤΗΣ DNA, ΓΙΑ ΕΚΑΣΤΟ ΙΧΝΗΘΕΤΗ (ΠΧ, FISH), ΤΕΧΝΙΚΟ ΜΕΡΟΣ;;;;;
9397;B316451;ΜΟΡΙΑΚΗ ΚΥΤΤΑΡΟΓΕΝΕΤΙΚΗ. ΧΡΩΜΟΣΩΜΙΚΟΣ IN SITU ΥΒΡΙΔΙΣΜΟΣ, ΑΝΑΛΥΣΗ 3-5 ΚΥΤΤΑΡΩΝ (ΠΧ, ΓΙΑ ΠΑΡΑΓΩΓΑ ΚΑΙ ΔΕΙΚΤΕΣ). ΑΞΙΟΛΟΓΗΣΗ - ΔΙΑΓΝΩΣΗ ΑΠΌ ΕΙΔΙΚΟ ΙΑΤΡΟ.;;;;;
9398;B316453;ΜΟΡΙΑΚΗ ΚΥΤΤΑΡΟΓΕΝΕΤΙΚΗ. ΧΡΩΜΟΣΩΜΙΚΟΣ IN SITU ΥΒΡΙΔΙΣΜΟΣ, ΑΝΑΛΥΣΗ 10-30 ΚΥΤΤΑΡΩΝ (ΠΧ, ΓΙΑ ΜΙΚΡΟΣΥΣΤΟΙΧΙΕΣ). ΑΞΙΟΛΟΓΗΣΗ - ΔΙΑΓΝΩΣΗ ΑΠΌ ΕΙΔΙΚΟ ΙΑΤΡΟ.;;;;;
9399;B316455;ΜΟΡΙΑΚΗ ΚΥΤΤΑΡΟΓΕΝΕΤΙΚΗ. ΜΕΣΟΦΑΣΙΚΟΣ IN SITU ΥΒΡΙΔΙΣΜΟΣ, ΑΝΑΛΥΣΗ 25-99 ΚΥΤΤΑΡΩΝ. ΑΞΙΟΛΟΓΗΣΗ - ΔΙΑΓΝΩΣΗ ΑΠΌ ΕΙΔΙΚΟ ΙΑΤΡΟ.;;;;;
9400;B316457;ΜΟΡΙΑΚΗ ΚΥΤΤΑΡΟΓΕΝΕΤΙΚΗ. ΜΕΣΟΦΑΣΙΚΟΣ IN SITU ΥΒΡΙΔΙΣΜΟΣ, ΑΝΑΛΥΣΗ 100-300 ΚΥΤΤΑΡΩΝ. ΑΞΙΟΛΟΓΗΣΗ - ΔΙΑΓΝΩΣΗ ΑΠΌ ΕΙΔΙΚΟ ΙΑΤΡΟ.;;;;;
9401;B316467;ΧΡΩΜΟΣΩΜΙΚΗ ΑΝΑΛΥΣΗ. ΕΠΙΠΡΟΣΘΕΤΟΙ ΚΑΡΥΟΤΥΠΟΙ, ΕΚΑΣΤΗ ΜΕΛΕΤΗ. ΑΞΙΟΛΟΓΗΣΗ - ΔΙΑΓΝΩΣΗ ΑΠΌ ΕΙΔΙΚΟ ΙΑΤΡΟ.;;;;;
9402;B316473;ΧΡΩΜΟΣΩΜΙΚΗ ΑΝΑΛΥΣΗ. ΕΠΙΠΡΟΣΘΕΤΗ ΕΞΕΙΔΙΚΕΥΜΕΝΗ ΤΕΧΝΙΚΗ ΖΩΝΩΝ. ΑΞΙΟΛΟΓΗΣΗ - ΔΙΑΓΝΩΣΗ ΑΠΌ ΕΙΔΙΚΟ ΙΑΤΡΟ.;;;;;
9403;B316477;ΧΡΩΜΟΣΩΜΙΚΗ ΑΝΑΛΥΣΗ. ΚΑΤΑΜΕΤΡΗΣΗ ΕΠΙΠΛΕΟΝ ΚΥΤΤΑΡΩΝ, ΣΕ ΕΚΑΣΤΗ ΜΕΛΕΤΗ. ΑΞΙΟΛΟΓΗΣΗ - ΔΙΑΓΝΩΣΗ ΑΠΌ ΕΙΔΙΚΟ ΙΑΤΡΟ.;;;;;
9404;B316485;ΧΡΩΜΟΣΩΜΙΚΗ ΑΝΑΛΥΣΗ, ΕΠΙΠΡΟΣΘΕΤΗ ΜΕΛΕΤΗ ΥΨΗΛΟΥ ΔΙΑΧΩΡΙΣΜΟΥ. ΑΞΙΟΛΟΓΗΣΗ - ΔΙΑΓΝΩΣΗ ΑΠΌ ΕΙΔΙΚΟ ΙΑΤΡΟ.;;;;;
9405;B316489;ΑΝΕΝΕΡΓΟΣ;;;;;
9406;B316505;ΜΗ ΚΑΤΑΓΕΓΡΑΜΜΕΝΗ ΚΥΤΤΑΡΟΓΕΝΕΤΙΚΗ ΜΕΛΕΤΗ;;;;;
Ε.3;ΠΑΘΟΛΟΓΙΚΗ ΑΝΑΤΟΜΙΚΗ - ΓΕΝΕΤΙΚΗ;;;;;;
9407;B316507;ΕΠΙΠΕΔΟ Ι -  ΧΕΙΡΟΥΡΓΙΚΗ ΠΑΘΟΛΟΓΙΚΗ ΑΝΑΤΟΜΙΚΗ, ΜΑΚΡΟΣΚΟΠΙΚΗ ΕΞΕΤΑΣΗ ΜΟΝΟΝ;;;;;
9408;B316511;ΕΠΙΠΕΔΟ ΙΙ -  ΧΕΙΡΟΥΡΓΙΚΗ ΠΑΘΟΛΟΓΙΚΗ ΑΝΑΤΟΜΙΚΗ, ΜΑΚΡΟΣΚΟΠΙΚΗ ΚΑΙ ΜΙΚΡΟΣΚΟΠΙΚΗ ΕΞΕΤΑΣΗ ΠΕΡΙΛΑΜΒΑΝΕΙ: ΑΙΜΟΡΡΟΪΔΕΣ - ΑΚΡΟΠΟΣΘΙΑ ΣΕ ΝΕΟΓΕΝΝΗΤΟ - ΓΑΓΓΛΙΑΚΗ ΚΥΣΤΗ - ΓΑΓΓΛΙΟ ΣΥΜΠΑΘΗΤΙΚΟΥ - ΚΑΡΠΙΑΙΟ ΣΩΛΗΝΑ, ΙΣΤΟ- ΚΙΡΣΟΚΗΛΗ - ΚΟΛΠΙΚΟΣ ΒΛΕΝΝΟΓΟΝΟΣ (ΤΥΧΑΙΟ ΕΥΡΗΜΑ) - ΜΕΣΟΣΠΟΝΔΥΛΙΟ ΔΙΣΚΟ - ΟΡΧΕΙΣ (ΕΥΝΟΥΧΙΣΜΟΣ) - ΣΑΚΟ ΚΗΛΗΣ (ΟΠΟΙΑΣΔΗΠΟΤΕ ΕΝΤΟΠΙΣΗΣ) - ΣΑΚΟ ΥΔΡΟΚΗΛΗΣ (ΕΠΑΝΟΡΘΩΤΙΚΗ ΠΛΑΣΤΙΚΗ) - ΣΑΛΠΙΓΓΑ (ΣΤΕΙΡΩΣΗ) - ΣΚΩΛΗΚΟΕΙΔΗ ΑΠΟΦΥΣΗ (ΤΥΧΑΙΟ ΕΥΡΗΜΑ) - ΣΠΕΡΜΑΤΙΚΟ ΠΟΡΟ (ΣΤΕΙΡΩΣΗ) - ΥΔΑΤΙΔΑ ΚΥΣΤΗ MORGAGNI - ΦΛΕΒΑ, ΚΙΡΣΟΣ/ΟΙ;;;;;
9409;B316525;"ΕΠΙΠΕΔΟ VI - ΧΕΙΡΟΥΡΓΙΚΗ ΠΑΘΟΛΟΓΙΚΗ ΑΝΑΤΟΜΙΚΗ, ΜΑΚΡΟΣΚΟΠΙΚΗ ΚΑΙ 
ΜΙΚΡΟΣΚΟΠΙΚΗ ΕΞΕΤΑΣΗ ΠΕΡΙΛΑΜΒΑΝΕΙ: ΑΙΔΟΙΟ: ΟΛΙΚΗ 'H ΥΦΟΛΙΚΗ ΕΚΤΟΜΗ - ΑΚΡΟ, ΑΠΕΞΑΡΘΡΩΣΗ - ΑΜΥΓΔΑΛΗ, ΕΞΑΙΡΕΣΗ ΝΕΟΠΛΑΣΜΑΤΙΚΗΣ ΑΙΤΙΟΛΟΓΙΑΣ - ΓΑΣΤΡΕΚΤΟΜΗ: ΟΛΙΚΗ 'H ΥΦΟΛΙΚΗ ΝΕΟΠΛΑΣΜΑΤΙΚΗΣ ΑΙΤΙΟΛΟΓΙΑΣ - ΓΛΩΣΣΑ: ΕΞΑΙΡΕΣΗ ΝΕΟΠΛΑΣΜΑΤΙΚΗΣ ΑΙΤΙΟΛΟΓΙΑΣ - ΔΕΡΜΑ: ΕΥΡΕΙΑ ΕΚΤΟΜΗ, ΟΡΙΑ ΕΚΤΟΜΗΣ ΚΑΙ ΕΠΙΧΩΡΙΟΥΣ ΛΕΜΦΑΔΕΝΕΣ ΓΙΑ ΜΕΛΑΝΩΜΑ - ΕΓΚΕΦΑΛΟΣ: ΣΤΕΡΕΟΤΑΚΤΙΚΗ Ή ΜΗ ΒΙΟΨΙΑ - ΗΠΑΡ: ΒΙΟΨΙΑ ΔΙΑ ΒΕΛΟΝΗΣ - ΘΥΜΟ ΑΔΕΝΑ: ΟΓΚΟΣ - ΚΟΛΕΚΤΟΜΗ ΟΛΙΚΗ - ΚΟΛΕΚΤΟΜΗ ΤΜΗΜΑΤΙΚΗ ΓΙΑ ΟΓΚΟ - ΚΥΗΜΑ ΑΠΟΒΛΗΘΕΝ - ΛΑΡΥΓΓΕΚΤΟΜΗ: ΜΕΡΙΚΗ Ή ΟΛΙΚΗ - ΛΑΡΥΓΓΕΚΤΟΜΗ: ΜΕΡΙΚΗ Ή ΟΛΙΚΗ ΜΕ ΕΠΙΧΩΡΙΟΥΣ ΛΕΜΦΑΔΕΝΕΣ - ΛΑΡΥΓΓΕΚΤΟΜΗ: ΧΟΡΔΕΚΤΟΜΗ 'Η ΜΕΡΙΚΗ ΜΕ CO2 LASER - ΛΑΡΥΓΓΕΚΤΟΜΗ: ΧΟΡΔΕΚΤΟΜΗ 'Η ΜΕΡΙΚΗ ΜΕ CO2 LASER ΜΕ ΕΠΙΧΩΡΙΟΥΣ ΛΕΜΦΑΔΕΝΕΣ - ΛΕΜΦΑΔΕΝΑ: ΠΑΘΗΣΕΙΣ ΛΕΜΦΑΔΕΝΩΝ ΕΚΤΟΣ ΜΕΤΑΣΤΑΣΗΣ - ΛΕΠΤΟ ΕΝΤΕΡΟ: ΕΞΑΙΡΕΣΗ ΝΕΟΠΛΑΣΜΑΤΙΚΗΣ ΑΙΤΙΟΛΟΓΙΑΣ - ΜΑΛΑΚΑ ΜΟΡΙΑ: ΕΚΤΕΤΑΜΕΝΗ ΕΞΑΙΡΕΣΗ ΟΓΚΟΥ - ΜΑΣΤΕΚΤΟΜΗ ΜΕ ΕΠΙΧΩΡΙΟΥΣ ΛΕΜΦΑΔΕΝΕΣ - ΜΑΣΤΕΚΤΟΜΗ: ΜΕΡΙΚΗ 'Η ΑΠΛΗ ΜΕ ΟΔΗΓΟ (π.χ. HOOK) ΚΑΙ ΕΛΕΓΧΟ ΟΡΙΩΝ - ΜΕΣΟΘΩΡΑΚΙΟ, ΜΑΖΑ - ΜΕΤΑΜΟΣΧΕΥΣΗ ΟΠΟΙΟΥΔΗΠΟΤΕ ΟΡΓΑΝΟΥ, ΒΙΟΨΙΑ - ΜΟΣΧΕΥΜΑ: ΜΑΚΡΟΣΚΟΠΙΚΗ ΚΑΙ ΜΙΚΡΟΣΚΟΠΙΚΗ ΕΚΤΙΜΗΣΗ ΠΡΙΝ ΤΗ ΧΕΙΡΟΥΡΓΙΚΗ ΕΠΕΜΒΑΣΗ/ΜΕΤΑΜΟΣΧΕΥΣΗ - 
ΝΕΦΡΟ: ΒΙΟΨΙΑ ΔΙΑ ΒΕΛΟΝΗΣ - ΟΙΣΟΦΑΓΟ: ΜΕΡΙΚΗ 'Η ΟΛΙΚΗ ΕΞΑΙΡΕΣΗ - ΟΡΧΙ: 
ΕΞΑΙΡΕΣΗ ΟΓΚΟΥ - ΟΣΤΕΟΜΥΕΛΙΚΗ ΒΙΟΨΙΑ ΓΙΑ ΑΙΜΑΤΟΛΟΓΙΚΑ ΝΟΣΗΜΑΤΑ - ΟΣΤΟ 
ΓΙΑ ΟΓΚΟΥΣ (ΠΛΗΝ ΕΞΟΣΤΟΣΗΣ) ΚΑΙ ΟΓΚΟΜΟΡΦΕΣ ΕΞΕΡΓΑΣΙΕΣ - ΟΥΡΟΔΟΧΟ ΚΥΣΤΗ: 
ΜΕΡΙΚΗ Ή ΟΛΙΚΗ ΕΚΤΟΜΗ - ΠΑΓΚΡΕΑΣ: ΟΛΙΚΗ 'Η ΥΦΟΛΙΚΗ ΕΚΤΟΜΗ - 
ΠΝΕΥΜΟΝΕΚΤΟΜΗ (ΛΟΒΕΚΤΟΜΗ): ΟΛΙΚΗ Ή ΜΕΡΙΚΗ - ΠΡΟΣΤΑΤΕΚΤΟΜΗ ΡΙΖΙΚΗ - 
ΥΣΤΕΡΕΚΤΟΜΗ ΜΕΤΑ Ή ΑΝΕΥ ΕΞΑΡΤΗΜΑΤΩΝ ΝΕΟΠΛΑΣΜΑΤΙΚΗΣ ΑΙΤΙΟΛΟΓΙΑΣ";;;;;
9410;B316529;ΔΙΑΔΙΚΑΣΙΑ ΑΦΑΛΑΤΩΣΗΣ ΑΝΕΞΑΡΤΗΤΩΣ ΟΡΓΑΝΟΥ (ΚΑΤΑΓΡΑΦΕΤΑΙ ΞΕΧΩΡΙΣΤΑ ΕΠΙΠΛΕΟΝ ΤΟΥ ΚΩΔΙΚΟΥ ΤΗΣ ΑΝΤΙΣΤΟΙΧΗΣ ΕΞΕΤΑΣΗΣ ΧΕΙΡΟΥΡΓΙΚΗΣ ΠΑΘΟΛΟΓΙΚΗΣ ΑΝΑΤΟΜΙΚΗΣ);;;;;
9411;B316531;ΕΙΔΙΚΕΣ ΙΣΤΟΧΗΜΙΚΕΣ ΧΡΩΣΕΙΣ (ΕΚΑΣΤΗ ΚΑΤΑΓΡΑΦΕΤΑΙ ΞΕΧΩΡΙΣΤΑ ΑΠΟ ΤΟΝ ΚΩΔΙΚΟ ΤΗΣ ΑΝΤΙΣΤΟΙΧΗΣ ΕΞΕΤΑΣΗΣ ΧΕΙΡΟΥΡΓΙΚΗΣ ΠΑΘΟΛΟΓΙΚΗΣ ΑΝΑΤΟΜΙΚΗΣ) ΟΜΑΔΑ Ι ΓΙΑ ΜΙΚΡΟΟΡΓΑΝΙΣΜΟΥΣ (π.χ. GRIDLEY, ACID FAST, METHENAMINE SILVER, GROCOTT, WARTHIN STARY, ZIEL NIELSEN, κ.ά.);;;;;
9412;B316533;ΕΙΔΙΚΕΣ ΙΣΤΟΧΗΜΙΚΕΣ ΧΡΩΣΕΙΣ (ΕΚΑΣΤΗ ΚΑΤΑΓΡΑΦΕΤΑΙ ΞΕΧΩΡΙΣΤΑ ΑΠΟ ΤΟΝ ΚΩΔΙΚΟ ΤΗΣ ΑΝΤΙΣΤΟΙΧΗΣ ΕΞΕΤΑΣΗΣ ΧΕΙΡΟΥΡΓΙΚΗΣ ΠΑΘΟΛΟΓΙΚΗΣ ΑΝΑΤΟΜΙΚΗΣ ΟΜΑΔΑ ΙI ΟΛΕΣ ΟΙ ΥΠΟΛΟΙΠΕΣ (π.χ. IRON, TRICHROME, MASSON FONTANA, ORCEIN, GRIMELIUS, PAS, PAS-διαστάση, ALCIAN BLUE-PAS, κ.ά.);;;;;
9413;B316535;ΕΙΔΙΚΕΣ ΙΣΤΟΧΗΜΙΚΕΣ ΧΡΩΣΕΙΣ (ΚΑΤΑΓΡΑΦΕΤΑΙ ΞΕΧΩΡΙΣΤΑ ΑΠΟ ΤΟΝ ΚΩΔΙΚΟ ΤΗΣ ΑΝΤΙΣΤΟΙΧΗΣ ΕΞΕΤΑΣΗΣ ΧΕΙΡΟΥΡΓΙΚΗΣ ΠΑΘΟΛΟΓΙΚΗΣ ΑΝΑΤΟΜΙΚΗΣ) ΣΕ ΤΟΜΕΣ ΚΡΥΟΣΤΑΤΗ;;;;;
9414;B316543;"ΠΡΟΣΔΙΟΡΙΣΤΙΚΗ ΙΣΤΟΧΗΜΕΙΑ ΓΙΑ ΤΗΝ ΤΥΠΟΠΟΙΗΣΗ ΧΗΜΙΚΩΝ ΣΥΣΤΑΤΙΚΩΝ 
(π.χ. ΧΑΛΚΟΣ, ΨΕΥΔΑΡΓΥΡΟΣ, Fe, κ.ά.) ΕΚΑΣΤΗ";;;;;
9415;B316545;ΕΚΑΣΤΗ ΠΡΟΣΔΙΟΡΙΣΤΙΚΗ ΙΣΤΟΧΗΜΕΙΑ Ή ΚΥΤΤΑΡΟΧΗΜΕΙΑ ΓΙΑ ΤΗΝ ΤΥΠΟΠΟΙΗΣΗ ΕΝΖΥΜΙΚΩΝ ΣΥΣΤΑΤΙΚΩΝ;;;;;
9416;B316549;ΣΥΜΒΟΥΛΕΥΤΙΚΗ ΓΝΩΜΗ ΜΕ ΣΥΝΤΑΞΗ ΠΟΡΙΣΜΑΤΟΣ ΕΠΙ ΠΑΡΑΠΕΜΠΟΜΕΝΩΝ ΙΣΤΟΛΟΓΙΚΩΝ ΠΛΑΚΙΔΙΩΝ ΠΟΥ ΠΑΡΑΣΚΕΥΑΣΘΗΚΑΝ ΕΚΤΟΣ ΕΡΓΑΣΤΗΡΙΟΥ;;;;;
9417;B316553;"ΣΥΜΒΟΥΛΕΥΤΙΚΗ ΓΝΩΜΗ ΜΕ ΣΥΝΤΑΞΗ ΠΟΡΙΣΜΑΤΟΣ ΕΠΙ ΠΑΡΑΠΕΜΠΟΜΕΝΟΥ 
ΥΛΙΚΟΥ ΟΠΟΥ ΑΠΑΙΤΕΙΤΑΙ Η ΠΑΡΑΣΚΕΥΗ ΙΣΤΟΛΟΓΙΚΩΝ ΠΛΑΚΙΔΙΩΝ Ή/ΚΑΙ ΕΦΑΡΜΟΓΗ ΕΙΔΙΚΩΝ ΧΡΩΣΕΩΝ ΚΑΙ ΑΝΟΣΟΙΣΤΟΧΗΜΕΙΑΣ (ΕΠΙΠΛΕΟΝ ΚΩΔΙΚΟΙ)";;;;;
9418;B316557;ΛΕΠΤΟΜΕΡΗΣ ΣΥΜΒΟΥΛΕΥΤΙΚΗ ΓΝΩΜΗ ΜΕ ΣΥΝΤΑΞΗ ΠΟΡΙΣΜΑΤΟΣ ΕΠΙ ΠΑΡΑΠΕΜΠΟΜΕΝΟΥ ΥΛΙΚΟΥ ΠΟΥ ΑΠΑΙΤΕΙ ΑΝΑΣΚΟΠΗΣΗ ΥΛΙΚΩΝ ΙΑΤΡΙΚΩΝ ΑΡΧΕΙΩΝ;;;;;
9419;B316565;ΠΑΘΟΛΟΓΟΑΝΑΤΟΜΙΚΗ ΣΥΜΒΟΥΛΕΥΤΙΚΗ ΓΝΩΜΗ ΚΑΤΑ ΤΗ ΔΙΑΡΚΕΙΑ ΤΗΣ ΧΕΙΡΟΥΡΓΙΚΗΣ ΕΠΕΜΒΑΣΗΣ ;;;;;
9420;B316569;ΠΑΘΟΛΟΓΟΑΝΑΤΟΜΙΚΗ ΣΥΜΒΟΥΛΕΥΤΙΚΗ ΓΝΩΜΗ ΚΑΤΑ ΤΗ ΔΙΑΡΚΕΙΑ ΤΗΣ ΧΕΙΡΟΥΡΓΙΚΗΣ ΕΠΕΜΒΑΣΗΣ (ΤΑΧΕΙΑ ΒΙΟΨΙΑ) ΣΕ ΤΟΜΗ/ΕΣ ΚΡΥΟΣΤΑΤΗ, ΠΡΩΤH ΙΣΤΙΚH TOMΗ, ΜΟΝΗΡΕΣ ΔΕΙΓΜΑ ;;;;;
9421;B316571;ΠΑΘΟΛΟΓΟΑΝΑΤΟΜΙΚΗ ΣΥΜΒΟΥΛΕΥΤΙΚΗ ΓΝΩΜΗ ΚΑΤΑ ΤΗ ΔΙΑΡΚΕΙΑ ΤΗΣ ΧΕΙΡΟΥΡΓΙΚΗΣ ΕΠΕΜΒΑΣΗΣ (ΤΑΧΕΙΑ ΒΙΟΨΙΑ) ΣΕ ΤΟΜΗ/ΕΣ ΚΡΥΟΣΤΑΤΗ, ΕΚΑΣΤΗ ΕΠΙΠΡΟΣΘΕΤΗ ΤΟΜΗ/ΕΣ ΙΣΤΟΥ ΑΛΛΗΣ ΘΕΣΗΣ ΤΟΥ ΙΔΙΟΥ ΟΡΓΑΝΟΥ Ή ΙΣΤΟΥ;;;;;
9422;B316573;ΠΑΘΟΛΟΓΟΑΝΑΤΟΜΙΚΗ ΣΥΜΒΟΥΛΕΥΤΙΚΗ ΓΝΩΜΗ ΚΑΤΑ ΤΗ ΔΙΑΡΚΕΙΑ ΤΗΣ ΧΕΙΡΟΥΡΓΙΚΗΣ ΕΠΕΜΒΑΣΗΣ (ΤΑΧΕΙΑ ΒΙΟΨΙΑ) ΚΥΤΤΑΡΟΛΟΓΙΚΗ ΕΞΕΤΑΣΗ (π.χ. ΕΝΤΥΠΩΜΑ, ΕΠΙΧΡΙΣΜΑ ΣΥΝΘΛΙΨΗΣ) ΑΡΧΙΚΗ ΘΕΣΗ;;;;;
9423;B316575;ΠΑΘΟΛΟΓΟΑΝΑΤΟΜΙΚΗ ΣΥΜΒΟΥΛΕΥΤΙΚΗ ΓΝΩΜΗ ΚΑΤΑ ΤΗ ΔΙΑΡΚΕΙΑ ΤΗΣ ΧΕΙΡΟΥΡΓΙΚΗΣ ΕΠΕΜΒΑΣΗΣ (ΤΑΧΕΙΑ ΒΙΟΨΙΑ), ΚΥΤΤΑΡΟΛΟΓΙΚΗ ΕΞΕΤΑΣΗ (π.χ. ΕΝΤΥΠΩΜΑ, ΕΠΙΧΡΙΣΜΑ ΣΥΝΘΛΙΨΗΣ) ΕΚΑΣΤΗ ΕΠΙΠΡΟΣΘΕΤΗ ΘΕΣΗ;;;;;
9424;B316591;ΑΝΟΣΟΪΣΤΟ/ΚΥΤΤΑΡΟΧΗΜΙΚΗ ΔΙΕΡΕΥΝΗΣΗ ΣΕ ΠΛΑΚΙΔΙΑ, ΣΥΜΠΕΡΙΛΑΜΒΑΝΟΜΕΝΗΣ ΑΝΟΣΟΫΠΕΡΟΞΕΙΔΑΣΗΣ. ΤΕΧΝΙΚΟ ΜΕΡΟΣ, ΑΠΑΞ ΓΙΑ ΕΚΑΣΤΟ ΠΕΡΙΣΤΑΤΙΚΟ;;;;;
9425;B316599;ΑΝΙΧΝΕΥΣΗ ΑΝΤΙΣΩΜΑΤΟΣ ΜΕ ΑΝΟΣΟΦΘΟΡΙΣΜΟ ΣΕ ΠΛΑΚΙΔΙΑ, ΕΚΑΣΤΟ ΑΝΤΙΣΩΜΑ, ΑΜΕΣΗ ΜΕΘΟΔΟΣ. ΤΕΧΝΙΚΟ ΜΕΡΟΣ;;;;;
9426;B316601;ΑΝΙΧΝΕΥΣΗ ΑΝΤΙΣΩΜΑΤΟΣ ΜΕ ΑΝΟΣΟΦΘΟΡΙΣΜΟ ΣΕ ΠΛΑΚΙΔΙΑ, ΕΚΑΣΤΟ ΑΝΤΙΣΩΜΑ, ΕΜΜΕΣΗ ΜΕΘΟΔΟΣ. ΤΕΧΝΙΚΟ ΜΕΡΟΣ;;;;;
9427;B316603;ΔΙΑΓΝΩΣΤΙΚΗ ΗΛΕΚΤΡΟΝΙΚΗ ΜΙΚΡΟΣΚΟΠΙΑ. ΑΞΙΟΛΟΓΗΣΗ ΜΕ ΕΚΘΕΣΗ ΑΠΟ ΕΙΔΙΚΟ ΙΑΤΡΟ;;;;;
9428;B316605;ΗΛΕΚΤΡΟΝΙΚΗ ΜΙΚΡΟΣΚΟΠΙΑ ΣΑΡΩΣΗΣ. ΑΞΙΟΛΟΓΗΣΗ ΜΕ ΕΚΘΕΣΗ ΑΠΟ ΕΙΔΙΚΟ ΙΑΤΡΟ;;;;;
9429;B316617;ΜΟΡΦΟΜΕΤΡΙΚΗ ΑΝΑΛΥΣΗ ΣΚΕΛΕΤΙΚΟΥ ΜΥΟΣ, ΕΡΜΗΝΕΙΑ - ΕΚΘΕΣΗ ΑΠΟ ΕΙΔΙΚΟ ΙΑΤΡΟ;;;;;
9430;B316619;ΜΟΡΦΟΜΕΤΡΙΚΗ ΑΝΑΛΥΣΗ ΝΕΥΡΟΥ, ΕΡΜΗΝΕΙΑ - ΕΚΘΕΣΗ ΑΠΟ ΕΙΔΙΚΟ ΙΑΤΡΟ;;;;;
9431;B316623;ΜΟΡΦΟΜΕΤΡΙΚΗ ΑΝΑΛΥΣΗ DNA ΠΛΟΕΙΔΙΑΣ ΟΓΚΟΥ, ΕΡΜΗΝΕΙΑ - ΕΚΘΕΣΗ ΑΠΟ ΕΙΔΙΚΟ ΙΑΤΡΟ;;;;;
9432;B316627;ΜΟΡΦΟΜΕΤΡΙΚΗ ΑΝΑΛΥΣΗ ΑΝΟΣΟΪΣΤΟ/ΚΥΤΤΑΡΟΧΗΜΙΚΗΣ ΜΕΛΕΤΗΣ ΟΓΚΟΥ Ή ΜΗ ΝΕΟΠΛΑΣΜΑΤΙΚΟΥ ΙΣΤΟΥ (π.χ. HER2-NEU ΥΠΟΔΟΧΕΑ Ή ΟΙΣΤΡΟΓΟΝΙΚΩΝ/ΠΡΟΓΕΣΤΕΡΟΝΙΚΩΝ ΥΠΟΔΟΧΕΩΝ κ.ά.), ΗΜΙΠΟΣΟΤΙΚΗ, ΜΗ ΑΥΤΟΜΑΤΟΠΟΙΗΜΕΝΗ ΜΕΘΟΔΟΣ, ΕΚΑΣΤΟ ΑΝΤΙΣΩΜΑ, ΕΡΜΗΝΕΙΑ - ΕΚΘΕΣΗ ΑΠΟ ΕΙΔΙΚΟ ΙΑΤΡΟ;;;;;
9433;B316629;ΜΟΡΦΟΜΕΤΡΙΚΗ ΑΝΑΛΥΣΗ ΑΝΟΣΟΪΣΤΟ/ΚΥΤΤΑΡΟΧΗΜΙΚΗΣ ΜΕΛΕΤΗΣ ΟΓΚΟΥ 'Η ΜΗ ΝΕΟΠΛΑΣΜΑΤΙΚΟΥ ΙΣΤΟΥ (π.χ. HER2-NEU ΥΠΟΔΟΧΕΑ Ή ΟΙΣΤΡΟΓΟΝΙΚΩΝ/ΠΡΟΓΕΣΤΕΡΟΝΙΚΩΝ ΥΠΟΔΟΧΕΩΝ κλπ.), ΠΟΣΟΤΙΚΗ, ΥΠΟΒΟΗΘΟΥΜΕΝΗ ΑΠΟ ΥΠΟΛΟΓΙΣΤΗ, ΕΚΑΣΤΟ ΑΝΤΙΣΩΜΑ, ΕΡΜΗΝΕΙΑ - ΕΚΘΕΣΗ ΑΠΟ ΕΙΔΙΚΟ ΙΑΤΡΟ;;;;;
9434;B316631;ΠΡΟΕΤΟΙΜΑΣΙΑ ΝΕΥΡΟΥ ΜΕ ΔΙΑΧΩΡΙΣΜΟ ΝΕΥΡΙΚΩΝ ΙΝΩΝ;;;;;
9435;B316637;ΦΘΟΡΙΖΩΝ IN SITU ΥΒΡΙΔΙΣΜΟΣ (FISH) ΓΙΑ ΑΡΙΘΜΗΤΙΚΕΣ Ή ΔΟΜΙΚΕΣ ΑΝΩΜΑΛΙΕΣ ΓΟΝΙΔΙΩΝ 'Η ΧΡΩΜΟΣΩΜΑΤΩΝ, ΣΕ ΚΥΤΤΑΡΟΛΟΓΙΚΟ Ή ΙΣΤΟΛΟΓΙΚΟ ΥΛΙΚΟ, ΕΚΑΣΤΟΣ ΙΧΝΗΘΕΤΗΣ (ΤΕΧΝΙΚΟ ΜΕΡΟΣ);;;;;
9436;B316641;ΜΟΡΦΟΜΕΤΡΙΚΗ ΑΝΑΛΥΣΗ IN SITU ΥΒΡΙΔΙΣΜΟΥ (FISH, CISH, SISH, GISH) DNA Ή RNA (ΠΟΣΟΤΙΚΗ ΜΕΘΟΔΟΣ), ΣΕ ΙΣΤΟΛΟΓΙΚΟ / ΚΥΤΤΑΡΟΛΟΓΙΚΟ ΥΛΙΚΟ, ΥΠΟΒΟΗΘΟΥΜΕΝΗ ΑΠΟ ΥΠΟΛΟΓΙΣΤΗ, ΕΚΑΣΤΟΣ ΙΧΝΗΘΕΤΗΣ, ΕΡΜΗΝΕΙΑ - ΕΚΘΕΣΗ ΑΠΟ ΕΙΔΙΚΟ ΙΑΤΡΟ;;;;;
9437;B316643;ΜΟΡΦΟΜΕΤΡΙΚΗ ΑΝΑΛΥΣΗ IN SITU ΥΒΡΙΔΙΣΜΟΥ (FISH, CISH, SISH, GISH) DNA  Ή RNA (ΗΜΙΠΟΣΟΤΙΚΗ ΜΕΘΟΔΟΣ), ΣΕ ΙΣΤΟΛΟΓΙΚΟ / ΚΥΤΤΑΡΟΛΟΓΙΚΟ ΥΛΙΚΟ, ΜΗ ΑΥΤΟΜΑΤΟΠΟΙΗΜΕΝΗ ΜΕΘΟΔΟΣ, ΕΚΑΣΤΟΣ ΙΧΝΗΘΕΤΗΣ, ΕΡΜΗΝΕΙΑ - ΕΚΘΕΣΗ ΑΠΟ ΕΙΔΙΚΟ ΙΑΤΡΟ;;;;;
9438;B316649;ΠΡΩΤΕΙΝΙΚΗ ΑΝΑΛΥΣΗ ΙΣΤΟΛΟΓΙΚΟΥ Ή ΚΥΤΤΑΡΟΛΟΓΙΚΟΥ ΥΛΙΚΟΥ ΜΕ ΜΕΘΟΔΟ WESTERN BLOT - ΤΕΧΝΙΚΟ ΜΕΡΟΣ;;;;;
9439;B316651;ΠΡΩΤΕΪΝΙΚΗ ΑΝΑΛΥΣΗ ΙΣΤΟΥ ΜΕ ΜΕΘΟΔΟ WESTERN BLOT ΑΝΟΣΟΛΟΓΙΚΗ ΤΥΠΟΠΟΙΗΣΗ ΠΡΩΤΕΪΝΙΚΗΣ ΖΩΝΗΣ ΗΛΕΚΤΡΟΦΟΡΗΣΗΣ ΜΕ ΧΡΗΣΗ ΧΗΜΕΙΟΦΩΤΑΥΓΕΙΑΣ, ΕΚΑΣΤΟ ΑΝΤΙΣΩΜΑ. ΕΡΜΗΝΕΙΑ - ΕΚΘΕΣΗ ΑΠΟ ΕΙΔΙΚΟ ΙΑΤΡΟ;;;;;
9440;B316667;ΜΙΚΡΟEKΤΟΜΗ (δηλ. ΠΡΟΕΤΟΙΜΑΣΙΑ ΔΕΙΓΜΑΤΟΣ ΑΠΟ ΜΙΚΡΟΣΚΟΠΙΚΑ ΑΝΑΓΝΩΡΙΣΜΕΝΟ ΣΤΟΧΟ), EKTOMH KAI ΣΥΛΛΗΨΗ ΜΕ LASER ΜΕ ΕΡΜΗΝΕΙΑ - ΕΚΘΕΣΗ ΑΠΟ ΕΙΔΙΚΟ ΙΑΤΡΟ;;;;;
9441;B316669;ΜΙΚΡΟΕΚΤΟΜΗ (δηλ. ΠΡΟΕΤΟΙΜΑΣΙΑ ΔΕΙΓΜΑΤΟΣ ΑΠΟ ΜΙΚΡΟΣΚΟΠΙΚΑ ΑΝΑΓΝΩΡΙΣΜΕΝΟ ΣΤΟΧΟ), ΜΗ ΑΥΤΟΜΑΤΟΠΟΙΗΜΕΝΗ ΜΕ ΕΡΜΗΝΕΙΑ - ΕΚΘΕΣΗ ΑΠΟ ΕΙΔΙΚΟ ΙΑΤΡΟ;;;;;
9442;B316675;"ΑΞΙΟΛΟΓΗΣΗ ΠΟΛΛΑΠΛΩΝ ΜΟΡΙΑΚΩΝ ΙΧΝΗΘΕΤΩΝ, 11 ΕΩΣ 50 ΙΧΝΗΘΕΤΕΣ, 
ΒΑΣΙΖΟΜΕΝΗ ΣΕ cDNA ΜΙΚΡΟΣΥΣΤΟΙΧΙΕΣ ΜΕ ΕΡΜΗΝΕΙΑ - ΕΚΘΕΣΗ ΑΠΟ ΕΙΔΙΚΟ ΙΑΤΡΟ";;;;;
9443;B316677;"ΑΞΙΟΛΟΓΗΣΗ ΠΟΛΛΑΠΛΩΝ ΜΟΡΙΑΚΩΝ ΙΧΝΗΘΕΤΩΝ, 51 ΕΩΣ 250 ΙΧΝΗΘΕΤΕΣ, 
ΒΑΣΙΖΟΜΕΝΗ ΣΕ cDNA ΜΙΚΡΟΣΥΣΤΟΙΧΙΕΣ ΜΕ ΕΡΜΗΝΕΙΑ - ΕΚΘΕΣΗ ΑΠΟ ΕΙΔΙΚΟ ΙΑΤΡΟ";;;;;
9444;B316679;"ΑΞΙΟΛΟΓΗΣΗ ΠΟΛΛΑΠΛΩΝ ΜΟΡΙΑΚΩΝ ΙΧΝΗΘΕΤΩΝ, 251 ΕΩΣ 500 ΙΧΝΗΘΕΤΕΣ, 
ΒΑΣΙΖΟΜΕΝΗ ΣΕ cDNA ΜΙΚΡΟΣΥΣΤΟΙΧΙΕΣ ΜΕ ΕΡΜΗΝΕΙΑ - ΕΚΘΕΣΗ ΑΠΟ ΕΙΔΙΚΟ ΙΑΤΡΟ";;;;;
9445;B316705;ΜΗ ΚΑΤΑΓΕΓΡΑΜΜΕΝΗ ΔΙΑΔΙΚΑΣΙΑ ΠΑΘΟΛΟΓΙΚΗΣ ΑΝΑΤΟΜΙΚΗΣ / ΚΥΤΤΑΡΟΛΟΓΙΑΣ;;;;;
9446;B316705.1;ΕΓΚΛΕΙΣΗ ΙΣΤΙΚΟΥ ΥΛΙΚΟΥ ΣΕ ΠΛΑΣΤΙΚΟ, ΤΙΜΗ ΜΟΝΑΔΑΣ;;;;;
9447;B316705.2;ΜΟΝΙΜΟΠΟΙΗΣΗ ΙΣΤΙΚΟΥ ΥΛΙΚΟΥ ΣΕ ΕΙΔΙΚΑ ΜΟΝΙΜΟΠΟΙΗΤΙΚΑ ΥΓΡΑ (ΜΙΚΡΑ ΠΑΡΑΣΚΕΥΑΣΜΑΤΑ) ;;;;;
9448;B316705.3;ΛΗΨΗ ΤΟΜΩΝ ΟΣΤΙΚΩΝ ΠΑΡΑΣΚΕΥΑΣΜΑΤΩΝ ΜΕ ΧΡΗΣΗ ΗΛΕΚΤΡΟΚΙΝΗΤΗΣ ΣΥΣΚΕΥΗΣ;;;;;
9449;B316705.4;ΑΚΤΙΝΟΓΡΑΦΙΑ ΠΑΡΑΣΚΕΥΑΣΜΑΤΟΣ (π.χ. ΟΣΤΩΝ, ΜΑΣΤΟΥ, κ.ά.);;;;;
9450;B316705.5;ΜΑΓΝΗΤΙΚΟΣ ΔΙΑΧΩΡΙΣΜΟΣ ΚΥΤΤΑΡΩΝ ΣΕ ΚΥΤΤΑΡΟΛΟΓΙΚΑ ΥΛΙΚΑ, ΠΕΡΙΦΕΡΙΚΟ ΑΙΜΑ, ΑΝΑΡΡΟΦΗΜΑΤΑ ΜΥΕΛΟΥ ΟΣΤΩΝ;;;;;
9451;B316705.6;ΑΠΟΜΟΝΩΣΗ ΚΥΚΛΟΦΟΡΟΥΝΤΩΝ ΚΑΡΚΙΝΙΚΩΝ ΚΥΤΤΑΡΩΝ ΣΤΟ ΠΕΡΙΦΕΡΙΚΟ ΑΙΜΑ - ΑΥΤΟΜΑΤΟΠΟΙΗΜΕΝΟ ΣΥΣΤΗΜΑ (ΥΓΡΗ ΒΙΟΨΙΑ);;;;;
9452;B316705.7;ΑΠΟΜΟΝΩΣΗ ΚΥΤΤΑΡΙΚΩΝ ΟΡΓΑΝΙΔΙΩΝ/ΠΥΡΗΝΑ ΓΙΑ ΜΟΡΙΑΚΗ ΑΝΑΛΥΣΗ ΜΕ ΥΠΕΡΦΥΓΟΚΕΝΤΡΗΣΗ;;;;;
9453;B316705.8;ELISA, ΕΚΑΣΤΟ ΑΝΤΙΣΩΜΑ (6 ΕΛΕΓΧΟΙ), ΜΕ ΕΡΜΗΝΕΙΑ ΚΑΙ ΕΚΘΕΣΗ ΑΠΟ ΕΙΔΙΚΟ ΙΑΤΡΟ;;;;;
9454;B316705.9;ΔΟΚΙΜΑΣΙΑ ΑΝΙΧΝΕΥΣΗΣ ΑΠΟΤΕΤΜΗΜΕΝΩΝ ΠΡΩΤΕΪΝΩΝ (PROTEIN TRUNCATION ASSAY) ΜΕ ΕΡΜΗΝΕΙΑ ΚΑΙ ΕΚΘΕΣΗ ΑΠΟ ΕΙΔΙΚΟ ΙΑΤΡΟ;;;;;
9455;B316705.10;ΔΟΚΙΜΑΣΙΑ ΑΝΟΣΟΚΑΤΑΚΡΗΜΝΙΣΗΣ ΠΡΩΤΕΪΝΩΝ (PROTEIN IMMUNOPRECIPITATION ASSAY) ΑΝΑ ΖΕΥΓΟΣ ΑΝΤΙΣΩΜΑΤΩΝ ΜΕ ΕΡΜΗΝΕΙΑ ΚΑΙ ΕΚΘΕΣΗ ΑΠΟ ΕΙΔΙΚΟ ΙΑΤΡΟ;;;;;
9456;B316705.11;ΔΟΚΙΜΑΣΙΑ ΑΝΙΧΝΕΥΣΗΣ ΜΕΤΑ-ΜΕΤΑΦΡΑΣΤΙΚΩΝ ΤΡΟΠΟΠΟΙΗΣΕΩΝ ΠΡΩΤΕΙΝΩΝ ΜΕ ΕΡΜΗΝΕΙΑ ΚΑΙ ΕΚΘΕΣΗ ΑΠΟ ΕΙΔΙΚΟ ΙΑΤΡΟ;;;;;
9457;B316705.12;ΠΡΟΣΔΙΟΡΙΣΜΟΣ ΑΜΙΝΟΞΙΚΗΣ ΑΛΛΗΛΟΥΧΙΑΣ ΠΡΩΤΕΙΝΩΝ (PROTEIN SEQUENCING) ΜΕ ΕΡΜΗΝΕΙΑ ΚΑΙ ΕΚΘΕΣΗ ΑΠΟ ΕΙΔΙΚΟ ΙΑΤΡΟ;;;;;
9458;B316705.13;ΥΓΡΗ ΧΡΩΜΑΤΟΓΡΑΦΙΑ - ΦΑΣΜΑΤΟΣΚΟΠΙΑ ΜΑΖΑΣ (LC/MS), ΠΟΙΟΤΙΚΗ ΑΝΑΛΥΣΗ, 3 ΕΛΕΓΧΟΙ, ΜΕ ΕΡΜΗΝΕΙΑ ΚΑΙ ΕΚΘΕΣΗ ΑΠΟ ΕΙΔΙΚΟ ΙΑΤΡΟ;;;;;
9459;B316705.14;ΥΓΡΗ ΧΡΩΜΑΤΟΓΡΑΦΙΑ - ΦΑΣΜΑΤΟΣΚΟΠΙΑ ΜΑΖΑΣ (LC/MS), ΠΟΣΟΤΙΚΗ ΑΝΑΛΥΣΗ ΜΕ ΕΡΜΗΝΕΙΑ ΚΑΙ ΕΚΘΕΣΗ ΑΠΟ ΕΙΔΙΚΟ ΙΑΤΡΟ;;;;;
9460;B316705.15;ΑΕΡΙΟΣ ΧΡΩΜΑΤΟΓΡΑΦΙΑ-ΦΑΣΜΑΤΟΣΚΟΠΙΑ ΜΑΖΑΣ (GC/MS), ΠΟΙΟΤΙΚΗ ΑΝΑΛΥΣΗ ΜΕ ΕΡΜΗΝΕΙΑ ΚΑΙ ΕΚΘΕΣΗ ΑΠΟ ΕΙΔΙΚΟ ΙΑΤΡΟ;;;;;
9461;B316705.16;ΑΕΡΙΟΣ ΧΡΩΜΑΤΟΓΡΑΦΙΑ-ΦΑΣΜΑΤΟΣΚΟΠΙΑ ΜΑΖΑΣ (GC/MS), ΠΟΣΟΤΙΚΗ ΑΝΑΛΥΣΗ ΜΕ ΕΡΜΗΝΕΙΑ ΚΑΙ ΕΚΘΕΣΗ ΑΠΟ ΕΙΔΙΚΟ ΙΑΤΡΟ;;;;;
9462;B316705.17;ΦΑΣΜΑΤΟΣΚΟΠΙΑ IR-FT, ΜΕ ΕΡΜΗΝΕΙΑ ΚΑΙ ΕΚΘΕΣΗ ΑΠΟ ΕΙΔΙΚΟ ΙΑΤΡΟ;;;;;
9463;B316705.18;ΦΑΣΜΑΤΟΦΩΤΟΜΕΤΡΙΑ UV-VIS;;;;;
9464;B316705.19;ΦΑΣΜΑΤΟΣΚΟΠΙΑ MALDI-SELDI ΠΡΩΤΕΪΝΩΝ ΜΕ ΕΡΜΗΝΕΙΑ ΚΑΙ ΕΚΘΕΣΗ ΑΠΟ ΕΙΔΙΚΟ ΙΑΤΡΟ;;;;;
9465;B316705.20;ΒΑΣΙΣΜΕΝΗ ΣΕ ΜΙΚΡΟΣΥΣΤΟΙΧΙΕΣ ΑΞΙΟΛΟΓΗΣΗ ΠΡΩΤΕΪΝΩΝ (PROTEIN MICROARRAYS) ΑΝΑ 50 ΠΡΩΤΕΪΝΕΣ ΜΕ ΕΡΜΗΝΕΙΑ ΚΑΙ ΕΚΘΕΣΗ ΑΠΟ ΕΙΔΙΚΟ ΙΑΤΡΟ;;;;;
9466;B316705.21;AΝΙΧΝΕΥΣΗ HVRS ΠΕΡΙΟΧΩΝ (DNA FINGERPRINTING) ΜΕ ΕΡΜΗΝΕΙΑ ΚΑΙ ΕΚΘΕΣΗ ΑΠΟ ΕΙΔΙΚΟ ΙΑΤΡΟ;;;;;
9467;B316705.22;ΑΝΙΧΝΕΥΣΗ ΜΕΤΑΛΛΑΞΕΩΝ KRAS ΣΕ ΙΣΤΟΛΟΓΙΚΟ ΥΛΙΚΟ ΓΙΑ ΤΗ ΔΙΑΠΙΣΤΩΣΗ ΑΝΘΕΚΤΙΚΟΤΗΤΑΣ ΣΕ ΑΝΤΙ-EGFR ΑΝΤΙΣΩΜΑΤΑ, ΕΞΩΝΙΟ 2. ;;;;;
9468;B316705.23;ΑΝΙΧΝΕΥΣΗ ΜΕΤΑΛΛΑΞΕΩΝ KRAS ΣΕ ΚΥΤΤΑΡΟΛΟΓΙΚΟ ΥΛΙΚΟ ΓΙΑ ΤΗ ΔΙΑΠΙΣΤΩΣΗ ΑΝΘΕΚΤΙΚΟΤΗΤΑΣ ΣΕ ΑΝΤΙ-EGFR ΑΝΤΙΣΩΜΑΤΑ, ΕΞΩΝΙΟ 2.;;;;;
9469;B316705.24;ΑΝΙΧΝΕΥΣΗ ΜΕΤΑΛΛΑΞΕΩΝ KRAS ΣΕ ΥΓΡΗ ΒΙΟΨΙΑ ΓΙΑ ΤΗ ΔΙΑΠΙΣΤΩΣΗ ΑΝΘΕΚΤΙΚΟΤΗΤΑΣ ΣΕ ΑΝΤΙ-EGFR ΑΝΤΙΣΩΜΑΤΑ, ΕΞΩΝΙΟ 2. ;;;;;
9470;B316705.25;ΑΝΙΧΝΕΥΣΗ ΜΕΤΑΛΛΑΞΕΩΝ KRAS ΣΕ ΙΣΤΟΛΟΓΙΚΟ ΥΛΙΚΟ ΓΙΑ ΤΗ ΔΙΑΠΙΣΤΩΣΗ ΑΝΘΕΚΤΙΚΟΤΗΤΑΣ ΣΕ ΑΝΤΙ-EGFR ΑΝΤΙΣΩΜΑΤΑ, ΕΞΩΝΙΑ 2 & 3.;;;;;
9471;B316705.26;ΑΝΙΧΝΕΥΣΗ ΜΕΤΑΛΛΑΞΕΩΝ KRAS ΣΕ  ΚΥΤΤΑΡΟΛΟΓΙΚΟ ΥΛΙΚΟ ΓΙΑ ΤΗ ΔΙΑΠΙΣΤΩΣΗ ΑΝΘΕΚΤΙΚΟΤΗΤΑΣ ΣΕ ΑΝΤΙ-EGFR ΑΝΤΙΣΩΜΑΤΑ, ΕΞΩΝΙΑ 2 & 3.;;;;;
9472;B316705.27;ΑΝΙΧΝΕΥΣΗ ΜΕΤΑΛΛΑΞΕΩΝ KRAS ΣΕ ΥΛΙΚΟ ΥΓΡΗΣ ΒΙΟΨΙΑΣ ΓΙΑ ΤΗ ΔΙΑΠΙΣΤΩΣΗ ΑΝΘΕΚΤΙΚΟΤΗΤΑΣ ΣΕ ΑΝΤΙ-EGFR ΑΝΤΙΣΩΜΑΤΑ, ΕΞΩΝΙΑ 2 & 3. ;;;;;
9473;B316705.28;ΣΤΟΧΕΥΜΕΝΗ ΑΝΙΧΝΕΥΣΗ ΜΕΤΑΛΛΑΞΕΩΝ KRAS ΣΕ ΙΣΤΟΛΟΓΙΚΟ ΥΛΙΚΟ ΓΙΑ ΤΗ ΔΙΑΠΙΣΤΩΣΗ ΑΝΘΕΚΤΙΚΟΤΗΤΑΣ ΣΕ ΑΝΤΙ-EGFR ΑΝΤΙΣΩΜΑΤΑ, ΚΩΔΙΚΟΝΙΑ 12 & 13.;;;;;
9474;B316705.29;ΣΤΟΧΕΥΜΕΝΗ ΑΝΙΧΝΕΥΣΗ ΜΕΤΑΛΛΑΞΕΩΝ KRAS ΣΕ ΚΥΤΤΑΡΟΛΟΓΙΚΟ ΥΛΙΚΟ ΓΙΑ ΤΗ ΔΙΑΠΙΣΤΩΣΗ ΑΝΘΕΚΤΙΚΟΤΗΤΑΣ ΣΕ ΑΝΤΙ-EGFR ΑΝΤΙΣΩΜΑΤΑ, ΚΩΔΙΚΟΝΙΑ 12 & 13.;;;;;
9475;B316705.30;ΣΤΟΧΕΥΜΕΝΗ ΑΝΙΧΝΕΥΣΗ ΜΕΤΑΛΛΑΞΕΩΝ KRAS ΣΕ ΥΛΙΚΟ ΥΓΡΗΣ ΒΙΟΨΙΑΣ ΓΙΑ ΤΗ ΔΙΑΠΙΣΤΩΣΗ ΑΝΘΕΚΤΙΚΟΤΗΤΑΣ ΣΕ ΑΝΤΙ-EGFR ΑΝΤΙΣΩΜΑΤΑ, ΚΩΔΙΚΟΝΙΑ 12 & 13.;;;;;
9476;B316705.31;ΣΤΟΧΕΥΜΕΝΗ ΑΝΙΧΝΕΥΣΗ ΜΕΤΑΛΛΑΞΕΩΝ KRAS ΣΕ ΙΣΤΟΛΟΓΙΚΟ ΥΛΙΚΟ ΓΙΑ ΤΗ ΔΙΑΠΙΣΤΩΣΗ ΑΝΘΕΚΤΙΚΟΤΗΤΑΣ ΣΕ ΑΝΤΙ-EGFR ΑΝΤΙΣΩΜΑΤΑ, ΚΩΔΙΚΟΝΙΑ 12, 13 & 61. ;;;;;
9477;B316705.32;ΣΤΟΧΕΥΜΕΝΗ ΑΝΙΧΝΕΥΣΗ ΜΕΤΑΛΛΑΞΕΩΝ KRAS ΣΕ ΚΥΤΤΑΡΟΛΟΓΙΚΟ ΥΛΙΚΟ ΓΙΑ ΤΗ ΔΙΑΠΙΣΤΩΣΗ ΑΝΘΕΚΤΙΚΟΤΗΤΑΣ ΣΕ ΑΝΤΙ-EGFR ΑΝΤΙΣΩΜΑΤΑ, ΚΩΔΙΚΟΝΙΑ 12, 13 & 61. ;;;;;
9478;B316705.33;ΣΤΟΧΕΥΜΕΝΗ ΑΝΙΧΝΕΥΣΗ ΜΕΤΑΛΛΑΞΕΩΝ KRAS ΣΕ ΥΛΙΚΟ ΥΓΡΗΣ ΒΙΟΨΙΑΣ ΓΙΑ ΤΗ ΔΙΑΠΙΣΤΩΣΗ ΑΝΘΕΚΤΙΚΟΤΗΤΑΣ ΣΕ ΑΝΤΙ-EGFR ΑΝΤΙΣΩΜΑΤΑ, ΚΩΔΙΚΟΝΙΑ 12, 13 & 61. ;;;;;
9479;B316705.34;ΣΤΟΧΕΥΜΕΝΗ ΑΝΙΧΝΕΥΣΗ ΜΕΤΑΛΛΑΞΗΣ BRAF V600E ΣΕ ΙΣΤΟΛΟΓΙΚΟ ΥΛΙΚΟ ΓΙΑ ΤΗ ΔΙΑΠΙΣΤΩΣΗ ΕΥΑΙΣΘΗΣΙΑΣ ΣΕ ΑΝΤΙ-RAF ΦΑΡΜΑΚΑ. ;;;;;
9480;B316705.35;ΣΤΟΧΕΥΜΕΝΗ ΑΝΙΧΝΕΥΣΗ ΜΕΤΑΛΛΑΞΗΣ BRAF V600E ΣΕ ΚΥΤΤΑΡΟΛΟΓΙΚΟ ΥΛΙΚΟ ΓΙΑ ΤΗ ΔΙΑΠΙΣΤΩΣΗ ΕΥΑΙΣΘΗΣΙΑΣ ΣΕ ΑΝΤΙ-RAF ΦΑΡΜΑΚΑ. ;;;;;
9481;B316705.36;ΣΤΟΧΕΥΜΕΝΗ ΑΝΙΧΝΕΥΣΗ ΜΙΑΣ ΝΟΥΚΛΕΟΤΙΔΙΚΗΣ ΑΝΤΙΚΑΤΑΣΤΑΣΗΣ (SNP, ΕΣΤΙΑΚΗ ΜΕΤΑΛΛΑΞΗ) ΣΕ ΙΣΤΟΛΟΓΙΚΟ ΥΛΙΚΟ ΜΕ REAL TIME PCR. ;;;;;
9482;B316705.37;ΣΤΟΧΕΥΜΕΝΗ ΑΝΙΧΝΕΥΣΗ ΜΙΑΣ ΝΟΥΚΛΕΟΤΙΔΙΚΗΣ ΑΝΤΙΚΑΤΑΣΤΑΣΗΣ (SNP, ΕΣΤΙΑΚΗ ΜΕΤΑΛΛΑΞΗ) ΣΕ ΚΥΤΤΑΡΟΛΟΓΙΚΟ ΥΛΙΚΟ ΜΕ REAL TIME PCR.;;;;;
9483;B316705.38;ΣΤΟΧΕΥΜΕΝΗ ΑΝΙΧΝΕΥΣΗ ΜΕΤΑΛΛΑΞΕΩΝ KRAS (ΚΩΔΙΚΟΝΙΑ 12 & 13) ΚΑΙ BRAF V600E ΣΕ ΙΣΤΟΛΟΓΙΚΟ ΥΛΙΚΟ ΓΙΑ ΤΗ ΔΙΑΠΙΣΤΩΣΗ ΑΝΘΕΚΤΙΚΟΤΗΤΑΣ ΣΕ ΑΝΤΙ-EGFR ΑΝΤΙΣΩΜΑΤΑ. ;;;;;
9484;B316705.39;ΣΤΟΧΕΥΜΕΝΗ ΑΝΙΧΝΕΥΣΗ ΜΕΤΑΛΛΑΞΕΩΝ KRAS (ΚΩΔΙΚΟΝΙΑ 12 & 13) ΚΑΙ BRAF V600E ΣΕ ΚΥΤΤΑΡΟΛΟΓΙΚΟ ΥΛΙΚΟ ΓΙΑ ΤΗ ΔΙΑΠΙΣΤΩΣΗ ΑΝΘΕΚΤΙΚΟΤΗΤΑΣ ΣΕ ΑΝΤΙ-EGFR ΑΝΤΙΣΩΜΑΤΑ. ;;;;;
9485;B316705.40;ΣΤΟΧΕΥΜΕΝΗ ΑΝΙΧΝΕΥΣΗ ΜΕΤΑΛΛΑΞΕΩΝ KRAS ΣΕ ΥΛΙΚΟ ΥΓΡΗΣ ΒΙΟΨΙΑΣ ΓΙΑ ΤΗ ΔΙΑΠΙΣΤΩΣΗ ΑΝΘΕΚΤΙΚΟΤΗΤΑΣ ΣΕ ΑΝΤΙ-EGFR ΑΝΤΙΣΩΜΑΤΑ, ΚΩΔΙΚΟΝΙΑ 12 & 13. ;;;;;
9486;B316705.41;ΑΝΙΧΝΕΥΣΗ ΜΕΤΑΛΛΑΞΕΩΝ EGFR ΣΕ ΙΣΤΟΛΟΓΙΚΟ ΥΛΙΚΟ ΓΙΑ ΤΗ ΔΙΑΠΙΣΤΩΣΗ ΕΥΑΙΣΘΗΣΙΑΣ ΣΕ EGFR-TKIs, ΕΞΩΝΙΑ 19 & 21. ;;;;;
9487;B316705.42;ΑΝΙΧΝΕΥΣΗ ΜΕΤΑΛΛΑΞΕΩΝ EGFR ΣΕ ΚΥΤΤΑΡΟΛΟΓΙΚΟ ΥΛΙΚΟ ΓΙΑ ΤΗ ΔΙΑΠΙΣΤΩΣΗ ΕΥΑΙΣΘΗΣΙΑΣ ΣΕ EGFR-TKIs, ΕΞΩΝΙΑ 19 & 21.;;;;;
9488;B316705.43;ΑΝΙΧΝΕΥΣΗ ΜΕΤΑΛΛΑΞΕΩΝ EGFR ΣΕ ΥΛΙΚΟ ΥΓΡΗΣ ΒΙΟΨΙΑΣ ΓΙΑ ΤΗ ΔΙΑΠΙΣΤΩΣΗ ΕΥΑΙΣΘΗΣΙΑΣ ΣΕ EGFR-TKIs, ΕΞΩΝΙΑ 19 & 21.;;;;;
9489;B316705.44;ΑΝΙΧΝΕΥΣΗ ΜΕΤΑΛΛΑΞΕΩΝ ΚΙΤ ΣΕ ΙΣΤΟΛΟΓΙΚΟ ΥΛΙΚΟ ΓΙΑ ΤΗ ΔΙΑΠΙΣΤΩΣΗ ΕΥΑΙΣΘΗΣΙΑΣ ΣΤΟ GLEEVEC, ΕΞΩΝΙΑ 9 & 11. ;;;;;
9490;B316705.45;ΓΕΝΙΚΑ, ΑΝΙΧΝΕΥΣΗ ΜΕΤΑΛΛΑΞΕΩΝ ΣΕ ΙΣΤΟΛΟΓΙΚΟ ΥΛΙΚΟ, ΑΝΑΛΥΣΗ ΕΝΌΣ ΤΜΗΜΑΤΟΣ ΑΛΛΗΛΟΥΧΙΑΣ. ;;;;;
9491;B316705.46;ΓΕΝΙΚΑ, ΑΝΙΧΝΕΥΣΗ ΜΕΤΑΛΛΑΞΕΩΝ ΣΕ ΚΥΤΤΑΡΟΛΟΓΙΚΟ ΥΛΙΚΟ, ΑΝΑΛΥΣΗ ΕΝΌΣ ΤΜΗΜΑΤΟΣ ΑΛΛΗΛΟΥΧΙΑΣ.;;;;;
9492;B316705.47;ΓΕΝΙΚΑ, ΑΝΙΧΝΕΥΣΗ ΜΕΤΑΛΛΑΞΕΩΝ ΣΕ ΥΛΙΚΟ ΥΓΡΗΣ ΒΙΟΨΙΑΣ, ΑΝΑΛΥΣΗ ΕΝΌΣ ΤΜΗΜΑΤΟΣ ΑΛΛΗΛΟΥΧΙΑΣ. ;;;;;
9493;B316705.48;ΓΕΝΙΚΑ, ΑΝΙΧΝΕΥΣΗ ΜΕΤΑΛΛΑΞΕΩΝ ΣΕ ΙΣΤΟΛΟΓΙΚΟ ΥΛΙΚΟ, ΑΝΑΛΥΣΗ ΔΥΟ ΤΜΗΜΑΤΩΝ ΑΛΛΗΛΟΥΧΙΑΣ. ;;;;;
9494;B316705.49;ΓΕΝΙΚΑ, ΑΝΙΧΝΕΥΣΗ ΜΕΤΑΛΛΑΞΕΩΝ ΣΕ ΚΥΤΤΑΡΟΛΟΓΙΚΟ ΥΛΙΚΟ, ΑΝΑΛΥΣΗ ΔΥΟ ΤΜΗΜΑΤΩΝ ΑΛΛΗΛΟΥΧΙΑΣ.;;;;;
9495;B316705.50;ΓΕΝΙΚΑ, ΑΝΙΧΝΕΥΣΗ ΜΕΤΑΛΛΑΞΕΩΝ ΣΕ ΥΛΙΚΟ ΥΓΡΗΣ ΒΙΟΨΙΑΣ, ΑΝΑΛΥΣΗ ΔΥΟ ΤΜΗΜΑΤΩΝ ΑΛΛΗΛΟΥΧΙΑΣ. ;;;;;
9496;B316705.51;ΑΝΙΧΝΕΥΣΗ ΠΡΟΪΟΝΤΩΝ ΧΡΩΜΟΣΩΜΙΚΩΝ ΜΕΤΑΘΕΣΕΩΝ ΣΕ ΙΣΤΟΛΟΓΙΚΟ ΥΛΙΚΟ ΓΙΑ ΤΗΝ ΤΥΠΟΠΟΙΗΣΗ ΣΑΡΚΩΜΑΤΩΝ ΚΑΙ ΛΕΜΦΩΜΑΤΩΝ. ΕΝΑΣ ΔΕΙΚΤΗΣ, ΑΠΛΗ PCR. ;;;;;
9497;B316705.52;ΑΝΙΧΝΕΥΣΗ ΠΡΟΪΟΝΤΩΝ ΧΡΩΜΟΣΩΜΙΚΩΝ ΜΕΤΑΘΕΣΕΩΝ ΣΕ ΚΥΤΤΑΡΟΛΟΓΙΚΟ ΥΛΙΚΟ ΓΙΑ ΤΗΝ ΤΥΠΟΠΟΙΗΣΗ ΣΑΡΚΩΜΑΤΩΝ ΚΑΙ ΛΕΜΦΩΜΑΤΩΝ. ΕΝΑΣ ΔΕΙΚΤΗΣ, ΑΠΛΗ PCR. ;;;;;
9498;B316705.53;ΑΝΙΧΝΕΥΣΗ ΠΡΟΪΟΝΤΩΝ ΧΡΩΜΟΣΩΜΙΚΩΝ ΜΕΤΑΘΕΣΕΩΝ ΣΕ ΙΣΤΟΛΟΓΙΚΟ ΥΛΙΚΟ ΓΙΑ ΤΗΝ ΤΥΠΟΠΟΙΗΣΗ ΣΑΡΚΩΜΑΤΩΝ ΚΑΙ ΛΕΜΦΩΜΑΤΩΝ. ΚΆΘΕ ΕΠΙΠΛΕΟΝ ΔΕΙΚΤΗΣ, ΑΠΛΗ PCR.;;;;;
9499;B316705.54;ΑΝΙΧΝΕΥΣΗ ΠΡΟΪΟΝΤΩΝ ΧΡΩΜΟΣΩΜΙΚΩΝ ΜΕΤΑΘΕΣΕΩΝ ΣΕ ΚΥΤΤΑΡΟΛΟΓΙΚΟ ΥΛΙΚΟ ΓΙΑ ΤΗΝ ΤΥΠΟΠΟΙΗΣΗ ΣΑΡΚΩΜΑΤΩΝ ΚΑΙ ΛΕΜΦΩΜΑΤΩΝ. ΚΆΘΕ ΕΠΙΠΛΕΟΝ ΔΕΙΚΤΗΣ, ΑΠΛΗ PCR. ;;;;;
9500;B316705.55;ΑΝΙΧΝΕΥΣΗ ΠΡΟΪΟΝΤΩΝ ΧΡΩΜΟΣΩΜΙΚΩΝ ΜΕΤΑΘΕΣΕΩΝ ΣΕ ΙΣΤΟΛΟΓΙΚΟ ΥΛΙΚΟ ΓΙΑ ΤΗΝ ΤΥΠΟΠΟΙΗΣΗ ΣΑΡΚΩΜΑΤΩΝ ΚΑΙ ΛΕΜΦΩΜΑΤΩΝ. ΕΝΑΣ ΔΕΙΚΤΗΣ, REAL TIME PCR. ;;;;;
9501;B316705.56;ΑΝΙΧΝΕΥΣΗ ΠΡΟΪΟΝΤΩΝ ΧΡΩΜΟΣΩΜΙΚΩΝ ΜΕΤΑΘΕΣΕΩΝ ΣΕ ΚΥΤΤΑΡΟΛΟΓΙΚΟ ΥΛΙΚΟ ΓΙΑ ΤΗΝ ΤΥΠΟΠΟΙΗΣΗ ΣΑΡΚΩΜΑΤΩΝ ΚΑΙ ΛΕΜΦΩΜΑΤΩΝ. ΕΝΑΣ ΔΕΙΚΤΗΣ, ΑΠΛΗ PCR. ;;;;;
9502;B316705.57;ΑΝΙΧΝΕΥΣΗ ΠΡΟΪΟΝΤΩΝ ΧΡΩΜΟΣΩΜΙΚΩΝ ΜΕΤΑΘΕΣΕΩΝ ΣΕ ΙΣΤΟΛΟΓΙΚΟ ΥΛΙΚΟ ΓΙΑ ΤΗΝ ΤΥΠΟΠΟΙΗΣΗ ΣΑΡΚΩΜΑΤΩΝ ΚΑΙ ΛΕΜΦΩΜΑΤΩΝ. ΚΆΘΕ ΕΠΙΠΛΕΟΝ ΔΕΙΚΤΗΣ, REAL TIME PCR. ;;;;;
9503;B316705.58;ΑΝΙΧΝΕΥΣΗ ΠΡΟΪΟΝΤΩΝ ΧΡΩΜΟΣΩΜΙΚΩΝ ΜΕΤΑΘΕΣΕΩΝ ΣΕ ΚΥΤΤΑΡΟΛΟΓΙΚΟ ΥΛΙΚΟ ΓΙΑ ΤΗΝ ΤΥΠΟΠΟΙΗΣΗ ΣΑΡΚΩΜΑΤΩΝ ΚΑΙ ΛΕΜΦΩΜΑΤΩΝ. ΚΆΘΕ ΕΠΙΠΛΕΟΝ ΔΕΙΚΤΗΣ, ΑΠΛΗ PCR. ;;;;;
9504;B316705.59;ΔΙΕΡΕΥΝΗΣΗ ΚΛΩΝΙΚΟΤΗΤΑΣ Β-ΛΕΜΦΟΚΥΤΤΑΡΩΝ, BIOMED2, ΣΕ ΙΣΤΟΛΟΓΙΚΟ ΥΛΙΚΟ.;;;;;
9505;B316705.60;ΔΙΕΡΕΥΝΗΣΗ ΚΛΩΝΙΚΟΤΗΤΑΣ Β-ΛΕΜΦΟΚΥΤΤΑΡΩΝ, BIOMED2, ΣΕ ΚΥΤΤΑΡΟΛΟΓΙΚΟ ΥΛΙΚΟ. ;;;;;
9506;B316705.61;ΔΙΕΡΕΥΝΗΣΗ ΚΛΩΝΙΚΟΤΗΤΑΣ Τ-ΛΕΜΦΟΚΥΤΤΑΡΩΝ (TCRB & TCRG), BIOMED2, ΣΕ ΙΣΤΟΛΟΓΙΚΟ ΥΛΙΚΟ.;;;;;
9507;B316705.62;ΔΙΕΡΕΥΝΗΣΗ ΚΛΩΝΙΚΟΤΗΤΑΣ Τ-ΛΕΜΦΟΚΥΤΤΑΡΩΝ (TCRB & TCRG), BIOMED2, ΣΕ ΚΥΤΤΑΡΟΛΟΓΙΚΟ ΥΛΙΚΟ. ;;;;;
9508;B316705.63;ΔΙΕΡΕΥΝΗΣΗ ΚΛΩΝΙΚΟΤΗΤΑΣ B & Τ-ΛΕΜΦΟΚΥΤΤΑΡΩΝ (IGH, TCRB & TCRG), BIOMED2, ΣΕ ΙΣΤΟΛΟΓΙΚΟ ΥΛΙΚΟ. ;;;;;
9509;B316705.64;ΔΙΕΡΕΥΝΗΣΗ ΚΛΩΝΙΚΟΤΗΤΑΣ B & Τ-ΛΕΜΦΟΚΥΤΤΑΡΩΝ (IGH, TCRB & TCRG), BIOMED2, ΣΕ ΚΥΤΤΑΡΟΛΟΓΙΚΟ ΥΛΙΚΟ. ;;;;;
9510;B316705.65;ΔΙΕΡΕΥΝΗΣΗ ΜΕΘΥΛΙΩΜΕΝΟΥ ΣΤΟΧΟΥ ΣΕ ΙΣΤΟΛΟΓΙΚΟ ΥΛΙΚΟ, π.χ., MGMT PROMOTER METHYLATION, MSP-PCR. ΕΝΑΣ ΣΤΟΧΟΣ. ;;;;;
9511;B316705.66;ΔΙΕΡΕΥΝΗΣΗ ΜΕΘΥΛΙΩΜΕΝΟΥ ΣΤΟΧΟΥ ΣΕ ΚΥΤΤΑΡΟΛΟΓΙΚΟ ΥΛΙΚΟ, π.χ., MGMT PROMOTER METHYLATION, MSP-PCR. ΕΝΑΣ ΣΤΟΧΟΣ.  ;;;;;
9512;B316705.67;ΔΙΕΡΕΥΝΗΣΗ ΜΕΘΥΛΙΩΜΕΝΟΥ ΣΤΟΧΟΥ ΣΕ ΙΣΤΟΛΟΓΙΚΟ ΥΛΙΚΟ, MSP-PCR. ΚΆΘΕ ΕΠΙΠΛΕΟΝ ΣΤΟΧΟΣ. ;;;;;
9513;B316705.68;ΔΙΕΡΕΥΝΗΣΗ ΜΕΘΥΛΙΩΜΕΝΟΥ ΣΤΟΧΟΥ ΣΕ ΚΥΤΤΑΡΟΛΟΓΙΚΟ ΥΛΙΚΟ, MSP-PCR. ΚΆΘΕ ΕΠΙΠΛΕΟΝ ΣΤΟΧΟΣ.;;;;;
9514;B316705.69;ΔΙΕΡΕΥΝΗΣΗ ΜΙΚΡΟΔΟΡΥΦΟΡΩΝ (ΑΠΩΛΕΙΑ ΕΤΕΡΟΖΥΓΩΤΙΑΣ [LOH], ΜΙΚΡΟΔΟΡΥΦΟΡΙΚΗ ΑΣΤΑΘΕΙΑ [MSI]), ΣΕ ΙΣΤΟΛΟΓΙΚΟ ΥΛΙΚΟ. 1 ΣΤΟΧΟΣ, 2 ΔΕΙΓΜΑΤΑ DNA. ;;;;;
9515;B316705.70;ΔΙΕΡΕΥΝΗΣΗ ΜΙΚΡΟΔΟΡΥΦΟΡΩΝ (ΑΠΩΛΕΙΑ ΕΤΕΡΟΖΥΓΩΤΙΑΣ [LOH], ΜΙΚΡΟΔΟΡΥΦΟΡΙΚΗ ΑΣΤΑΘΕΙΑ [MSI]), ΣΕ ΙΣΤΟΛΟΓΙΚΟ ΥΛΙΚΟ. ΚΆΘΕ ΕΠΙΠΛΕΟΝ ΣΤΟΧΟΣ, 2 ΔΕΙΓΜΑΤΑ DNA. ;;;;;
9516;B316705.71;ΑΝΙΧΝΕΥΣΗ ΜΙΚΡΟΟΡΓΑΝΙΣΜΩΝ (ΙΩΝ, ΒΑΚΤΗΡΙΩΝ, ΠΑΡΑΣΙΤΩΝ, κ.ά.) ΜΕ IN SITU ΥΒΡΙΔΙΣΜΟ ΑΝΑ ΙΧΝΗΘΕΤΗ;;;;;
9517;B316705.72;ΑΝΙΧΝΕΥΣΗ ΜΙΚΡΟΟΡΓΑΝΙΣΜΩΝ ΜΕ PCR ;;;;;
9518;B316705.73;ΓΟΝΟΤΥΠΙΚΗ ΤΥΠΟΠΟΙΗΣΗ (TYPING) ΜΙΚΡΟΟΡΓΑΝΙΣΜΩΝ ΜΕ PCR ΑΝΑ ΖΕΥΓΟΣ ΕΚΚΙΝΗΤΩΝ;;;;;
9519;B316705.74;ΠΟΣΟΤΙΚΗ ΕΚΤΙΜΗΣΗ ΙΙΚΟΥ ΦΟΡΤΙΟΥ ΜΕ REAL TIME PCR;;;;;
9520;B316705.75;ΑΝΙΧΝΕΥΣΗ ΜΕΤΑΛΛΑΞΕΩΝ ΓΟΝΙΔΙΩΝ ΜΙΚΡΟΟΡΓΑΝΙΣΜΩΝ ΓΙΑ ΑΝΘΕΚΤΙΚΟΤΗΤΑ ΣΕ ΑΝΤΙΒΙΟΤΙΚΑ, ΈΝΑ ΤΜΗΜΑ ΑΛΛΗΛΟΥΧΙΑΣ. ;;;;;
9521;B316705.76;ΜΟΡΦΟΜΕΤΡΙΚΗ ΠΟΣΟΤΙΚΗ ΑΝΑΛΥΣΗ ΣΗΜΑΤΩΝ ΥΒΡΙΔΙΣΜΟΥ ΝΟΥΚΛΕΪΝΙΚΩΝ ΟΞΕΩΝ ΥΓΡΗΣ ΦΑΣΗΣ ΜΕ ΤΕΧΝΟΛΟΓΙΑ ΠΥΚΝΟΜΕΤΡΙΑΣ ΚΑΙ ΧΡΗΣΗ ΥΠΟΛΟΓΙΣΤΗ ΜΕ ΕΡΜΗΝΕΙΑ ΚΑΙ ΕΚΘΕΣΗ ΑΠΟ ΕΙΔΙΚΟ ΙΑΤΡΟ;;;;;
9522;B316705.77;ΜΟΡΦΟΜΕΤΡΙΚΗ ΠΟΣΟΤΙΚΗ ΑΝΑΛΥΣΗ ΗΛΕΚΤΡΟΦΟΡΗΜΑΤΩΝ ΝΟΥΚΛΕΪΝΙΚΩΝ ΟΞΕΩΝ/ΠΡΩΤΕΪΝΩΝ ΜΕ ΤΕΧΝΟΛΟΓΙΑ ΠΥΚΝΟΜΕΤΡΙΑΣ ΚΑΙ ΧΡΗΣΗ ΥΠΟΛΟΓΙΣΤΗ ΜΕ ΕΡΜΗΝΕΙΑ ΚΑΙ ΕΚΘΕΣΗ ΑΠΟ ΕΙΔΙΚΟ ΙΑΤΡΟ;;;;;
9523;B316705.78;SSCP (SINGLE STRAND CONFORMATION POLYMORPHISM) ΓΙΑ ΑΝΙΧΝΕΥΣΗ ΜΕΤΑΛΛΑΞΕΩΝ ΜΕ ΕΡΜΗΝΕΙΑ ΚΑΙ ΕΚΘΕΣΗ ΑΠΟ ΕΙΔΙΚΟ ΙΑΤΡΟ (ΚΩΔΙΚΟΙ;;;;;
9524;B316705.79;PCR ΠΡΑΓΜΑΤΙΚΟΥ ΧΡΟΝΟΥ (REAL TIME PCR) ΓΙΑ ΤΗ ΔΙΕΡΕΥΝΗΣΗ ΜΕΘΥΛΙΩΣΗΣ (1 ΠΡΟΣΔΙΟΡΙΣΜΟΣ - 8 ΑΝΤΙΔΡΑΣΕΙΣ ΜΕ ΜΑΡΤΥΡΕΣ);;;;;
9525;B316705.80;ΑΝΑΛΥΣΗ ΤΜΗΜΑΤΩΝ DNA (ΠΡΟΪΟΝΤΩΝ PCR) ΜΕ ΧΡΗΣΗ ΠΕΡΙΟΡΙΣΤΙΚΩΝ ΕΝΖΥΜΩΝ (RESTRICTION FRAGMENT LENGTH POLYMORPHISM ANALYSIS - RFLP), 1 ΠΡΟΣΔΙΟΡΙΣΜΟΣ ΜΕ ΕΡΜΗΝΕΙΑ ΚΑΙ ΕΚΘΕΣΗ ΑΠΟ ΕΙΔΙΚΟ ΙΑΤΡΟ;;;;;
9526;B316705.81;ΠΟΣΟΤΙΚΗ ΕΚΤΙΜΗΣΗ ΤΗΣ ΕΠΑΥΞΗΣΗΣ ΓΟΝΙΔΙΟΥ ΜΕ REAL TIME PCR, ΑΝΑ ΓΟΝΙΔΙΟ, 2 ΣΤΟΧΟΙ (16 ΑΝΤΙΔΡΑΣΕΙΣ) ΜΕ ΕΡΜΗΝΕΙΑ ΚΑΙ ΕΚΘΕΣΗ ΑΠΟ ΕΙΔΙΚΟ ΙΑΤΡΟ;;;;;
9527;B316705.82;ΠΟΣΟΤΙΚΗ ΕΚΤΙΜΗΣΗ RNA ΜΕΤΑΓΡΑΦΩΝ ΜΕ REAL TIME PCR ΜΕ ΦΘΟΡΙΖΟΝΤΕΣ ΑΝΙΧΝΕΥΤΕΣ ΑΝΑ ΣΤΟΧΟ ΜΕ ΕΣΩΤΕΡΙΚΟΥΣ ΚΑΙ ΕΞΩΤΕΡΙΚΟΥΣ ΜΑΡΤΥΡΕΣ (ΕΠΙΠΛΕΟΝ ΤΩΝ ΚΩΔΙΚΩΝ ΤΩΝ ΜΕΜΟΝΩΜΕΝΩΝ ΑΝΤΙΔΡΑΣΕΩΝ) ΜΕ ΕΡΜΗΝΕΙΑ ΚΑΙ ΕΚΘΕΣΗ ΑΠΟ ΕΙΔΙΚΟ ΙΑΤΡΟ;;;;;
9528;B316705.83;ΠΟΣΟΤΙΚΗ ΕΚΤΙΜΗΣΗ RNA ΜΕΤΑΓΡΑΦΩΝ ΜΕ REAL TIME PCR ΚΑΙ ΣΗΜΑΝΣΗ ΜΕ SYBR GREEN ΜΕ ΕΣΩΤΕΡΙΚΟΥΣ ΜΑΡΤΥΡΕΣ (ΕΠΙΠΛΕΟΝ ΤΩΝ ΚΩΔΙΚΩΝ ΤΩΝ ΜΕΜΟΝΩΜΕΝΩΝ ΑΝΤΙΔΡΑΣΕΩΝ) ΜΕ ΕΡΜΗΝΕΙΑ ΚΑΙ ΕΚΘΕΣΗ ΑΠΟ ΕΙΔΙΚΟ ΙΑΤΡΟ;;;;;
9529;B316705.84;ΠΟΣΟΤΙΚΗ ΕΚΤΙΜΗΣΗ microRNAs ΜΕ REAL TIME PCR, ΑΝΑ ΣΤΟΧΟ ΜΕ ΕΣΩΤΕΡΙΚΟΥΣ ΜΑΡΤΥΡΕΣ (ΕΠΙΠΛΕΟΝ ΤΩΝ ΚΩΔΙΚΩΝ ΤΩΝ ΜΕΜΟΝΩΜΕΝΩΝ ΑΝΤΙΔΡΑΣΕΩΝ) ΜΕ ΕΡΜΗΝΕΙΑ ΚΑΙ ΕΚΘΕΣΗ ΑΠΟ ΕΙΔΙΚΟ ΙΑΤΡΟ;;;;;
9530;B316705.85;ΠΡΟΣΔΙΟΡΙΣΜΟΣ ΝΟΥΚΛΕΟΤΙΔΙΚΗΣ ΑΛΛΗΛΟΥΧΙΑΣ ΜΕΤΑ ΑΠΟ ΚΛΩΝΟΠΟΙΗΣΗ ΣΕ ΦΟΡΕΑ, ΝΟΗΜΑΤΙΚΟΣ (SENSE) ΚΑΙ ΑΝΤΙΝΟΗΜΑΤΙΚΟΣ (ANTISENSE), ΑΝΑ ΤΜΗΜΑ DNA ΜΕΧΡΙ 500 ΒΑΣΕΙΣ ΜΕ ΕΡΜΗΝΕΙΑ ΚΑΙ ΕΚΘΕΣΗ ΑΠΟ ΕΙΔΙΚΟ ΙΑΤΡΟ;;;;;
9531;B316705.86;ΑΥΤΟΜΑΤΟΠΟΙΗΜΕΝΟΣ ΠΡΟΣΔΙΟΡΙΣΜΟΣ ΝΟΥΚΛΕΟΤΙΔΙΚΗΣ ΑΛΛΗΛΟΥΧΙΑΣ ΣΕ ΠΡΑΓΜΑΤΙΚΟ ΧΡΟΝΟ (PYROSEQUENCING), ΠΟΛΛΑΠΛΕΣ ΔΟΚΙΜΑΣΙΕΣ, ΣΥΜΠΕΡΙΛΑΜΒΑΝΟΜΕΝΩΝ ΤΩΝ ΣΧΕΤΙΚΩΝ ΚΩΔΙΚΩΝ ΠΑΡΑΣΚΕΥΗΣ ΤΩΝ ΔΕΙΓΜΑΤΩΝ ΚΑΙ ΤΗΣ PCR ΜΕ ΕΡΜΗΝΕΙΑ ΚΑΙ ΕΚΘΕΣΗ ΑΠΟ ΕΙΔΙΚΟ ΙΑΤΡΟ;;;;;
9532;B316705.87;ΣΤΟΧΕΥΜΕΝΗ ΑΝΙΧΝΕΥΣΗ ΜΕΤΑΛΛΑΞΕΩΝ ΜΕ REAL TIME PCR, ΠΟΛΛΑΠΛΟΙ ΣΤΟΧΟΙ (ΜΕΧΡΙ 16 ΑΝΤΙΔΡΑΣΕΙΣ), ΣΥΜΠΛΕΡΙΛΑΜΒΑΝΟΜΕΝΩΝ ΤΩΝ ΚΩΔΙΚΩΝ ΑΠΟΜΟΝΩΣΗΣ / ΕΛΕΓΧΟΥ DNA ΜΕ ΕΡΜΗΝΕΙΑ ΚΑΙ ΕΚΘΕΣΗ ΑΠΟ ΕΙΔΙΚΟ ΙΑΤΡΟ;;;;;
9533;B316705.88;ΠΡΟΣΔΙΟΡΙΣΜΟΣ ΝΟΥΚΛΕΟΤΙΔΙΚΗΣ ΑΛΛΗΛΟΥΧΙΑΣ ΜΕ ΜΙΚΡΟΣΥΣΤΟΙΧΙΕΣ (SEQUENCING 2ης ΓΕΝΙΑΣ) ΜΕ ΕΡΜΗΝΕΙΑ ΚΑΙ ΕΚΘΕΣΗ ΑΠΟ ΕΙΔΙΚΟ ΙΑΤΡΟ;;;;;
9534;B316705.89;ΠΡΟΣΔΙΟΡΙΣΜΟΣ ΑΔΡΩΝ ΕΠΑΥΞΗΣΕΩΝ / ΕΛΛΕΙΨΕΩΝ ΣΕ DNA ΜΕ CGH ΣΕ ΜΙΚΡΟΣΥΣΤΟΙΧΙΕΣ (array-CGH), ΜΕ ΕΡΜΗΝΕΙΑ ΚΑΙ ΕΚΘΕΣΗ ΑΠΟ ΕΙΔΙΚΟ ΙΑΤΡΟ;;;;;
9535;B316705.90;ΒΑΣΙΣΜΕΝΗ ΣΕ ΜΙΚΡΟΣΥΣΤΟΙΧΙΕΣ ΑΞΙΟΛΟΓΗΣΗ ΜΟΝΟΝΟΥΚΛΕΟΤΙΔΙΚΩΝ ΠΟΛΥΜΟΡΦΙΣΜΩΝ (SNPs MICROARRAYS) ΑΝΑ 48 ΙΧΝΗΘΕΤΕΣ ΜΕ ΕΡΜΗΝΕΙΑ ΚΑΙ ΕΚΘΕΣΗ ΑΠΟ ΕΙΔΙΚΟ ΙΑΤΡΟ;;;;;
9536;B316705.91;ΑΝΙΧΝΕΥΣΗ STR/VNTRS ΑΛΛΗΛΟΥΧΙΩΝ ΓΙΑ ΓΕΝΕΤΙΚΗ ΤΑΥΤΟΠΟΙΗΣΗ (DNA PROFILING)/ΕΛΕΓΧΟΣ ΠΑΤΡΟΤΗΤΑΣ (ΓΙΑ ΤΡΙΑ ΑΤΟΜΑ) ΜΕ ΕΡΜΗΝΕΙΑ ΚΑΙ ΕΚΘΕΣΗ ΑΠΟ ΕΙΔΙΚΟ ΙΑΤΡΟ;;;;;
9537;B316705.92;ΜΟΡΙΑΚΟΣ ΓΕΝΕΤΙΚΟΣ ΕΛΕΓΧΟΣ ΣΥΝΔΡΟΜΩΝ ΠΟΥ ΣΧΕΤΙΖΟΝΤΑΙ ΜΕ ΝΕΟΠΛΑΣΜΑΤΙΚΕΣ ΠΑΘΗΣΕΙΣ (π.χ. FAP, HNPCC, MEN1A, MEN1B, MEN2, JP, COWDEN, κ.ά.) ΕΠΙΠΛΕΟΝ ΤΩΝ ΚΩΔΙΚΟΥ ΕΦΑΡΜΟΖΟΜΕΝΗΣ ΤΕΧΝΙΚΗΣ ΜΕ ΕΡΜΗΝΕΙΑ ΚΑΙ ΕΚΘΕΣΗ ΑΠΟ ΕΙΔΙΚΟ ΙΑΤΡΟ;;;;;
9538;B316705.93;ΜΟΡΙΑΚΟΣ ΓΕΝΕΤΙΚΟΣ ΕΛΕΓΧΟΣ ΟΙΚΟΓΕΝΟΥΣ ΚΑΡΚΙΝΟΥ ΜΑΣΤΟΥ - ΩΟΘΗΚΩΝ (ΕΛΕΓΧΟΣ ΓΟΝΙΔΙΩΝ BRCA1- BRCA2) ΕΠΙΠΛΕΟΝ ΤΟΥ ΚΩΔΙΚΟΥ ΕΦΑΡΜΟΖΟΜΕΝΗΣ ΤΕΧΝΙΚΗΣ ΜΕ ΕΡΜΗΝΕΙΑ ΚΑΙ ΕΚΘΕΣΗ ΑΠΟ ΕΙΔΙΚΟ ΙΑΤΡΟ;;;;;
9539;B316705.94;ΜΟΡΙΑΚΟΣ ΓΕΝΕΤΙΚΟΣ ΕΛΕΓΧΟΣ ΓΕΝΕΤΙΚΩΝ ΠΑΘΗΣΕΩΝ [π.χ. ΜΥΙΚΗ ΔΥΣΤΡΟΦΙΑ DUCHENNE-BECKER, ΚΥΣΤΙΚΗ ΙΝΩΣΗ κ.ά.], ΕΠΙΠΛΕΟΝ ΤΟΥ ΚΩΔΙΚΟΥ ΕΦΑΡΜΟΖΟΜΕΝΗΣ ΤΕΧΝΙΚΗΣ ΜΕ ΕΡΜΗΝΕΙΑ ΚΑΙ ΕΚΘΕΣΗ ΑΠΟ ΕΙΔΙΚΟ ΙΑΤΡΟ;;;;;
9540;B316705.95;ΜΟΡΙΑΚΟΣ ΕΛΕΓΧΟΣ ΓΕΝΕΤΙΚΗΣ ΠΡΟΔΙΑΘΕΣΗΣ [π.χ. ΘΡΟΜΒΟΦΙΛΙΑ, APOE, APOB, GPIA, ΟΣΤΕΟΠΟΡΩΣΗ κ.ά.] ΕΠΙΠΛΕΟΝ ΤΟΥ ΚΩΔΙΚΟΥ ΕΦΑΡΜΟΖΟΜΕΝΗΣ ΤΕΧΝΙΚΗΣ ΜΕ ΕΡΜΗΝΕΙΑ ΚΑΙ ΕΚΘΕΣΗ ΑΠΟ ΕΙΔΙΚΟ ΙΑΤΡΟ;;;;;
9541;B316705.96;ΜΟΡΙΑΚΟΣ ΕΛΕΓΧΟΣ ΠΟΛΥΜΟΡΦΙΣΜΩΝ ΓΟΝΙΔΙΩΝ ΠΟΥ ΣΧΕΤΙΖΟΝΤΑΙ ΜΕ ΦΑΡΜΑΚΟΘΕΡΑΠΕΙΑ [ΦΑΡΜΑΚΟΓΕΝΕΤΙΚΟΙ ΔΕΙΚΤΕΣ] ΕΠΙΠΛΕΟΝ ΤΟΥ ΚΩΔΙΚΟΥ ΕΦΑΡΜΟΖΟΜΕΝΗΣ ΤΕΧΝΙΚΗΣ ΜΕ ΕΡΜΗΝΕΙΑ ΚΑΙ ΕΚΘΕΣΗ ΑΠΟ ΕΙΔΙΚΟ ΙΑΤΡΟ;;;;;
9542;B316705.97;ΑΝΑΛΥΣΗ ΓΟΝΟΤΥΠΟΥ ΣΥΣΤΗΜΑΤΟΣ RHESUS (RHESUS GENOTYPING - RH C, D, E) ΕΠΙΠΛΕΟΝ ΤΟΥ ΚΩΔΙΚΟΥ  ΕΦΑΡΜΟΖΟΜΕΝΗΣ ΤΕΧΝΙΚΗΣ ΜΕ ΕΡΜΗΝΕΙΑ ΚΑΙ ΕΚΘΕΣΗ ΑΠΟ ΕΙΔΙΚΟ ΙΑΤΡΟ;;;;;
9543;B316705.98;ΧΑΜΗΛΗΣ ΑΝΑΛΥΣΗΣ ΠΡΟΣΔΙΟΡΙΣΜΟΣ ΓΟΝΟΤΥΠΟΥ ΣΥΣΤΗΜΑΤΟΣ HLA-A, HLA-B, HLA-C, HLA-DR, HLA-DQ, HLA-DP (HLA GENOTYPING - LOW RESOLUTION) ΕΠΙΠΛΕΟΝ ΤΟΥ ΚΩΔΙΚΟΥ ΕΦΑΡΜΟΖΟΜΕΝΗΣ ΤΕΧΝΙΚΗΣ ΜΕ ΕΡΜΗΝΕΙΑ ΚΑΙ ΕΚΘΕΣΗ ΑΠΟ ΕΙΔΙΚΟ ΙΑΤΡΟ;;;;;
9544;B316705.99;ΥΨΗΛΗΣ ΑΝΑΛΥΣΗΣ ΠΡΟΣΔΙΟΡΙΣΜΟΣ ΓΟΝΟΤΥΠΟΥ ΣΥΣΤΗΜΑΤΟΣ HLA-A, HLA-B, HLA-C, HLA-DR, HLA-DQ, HLA-DP (HLA GENOTYPING - HIGH RESOLUTION) ΕΠΙΠΛΕΟΝ ΤΟΥ ΚΩΔΙΚΟΥ ΕΦΑΡΜΟΖΟΜΕΝΗΣ ΤΕΧΝΙΚΗΣ ΜΕ ΕΡΜΗΝΕΙΑ ΚΑΙ ΕΚΘΕΣΗ ΑΠΟ ΕΙΔΙΚΟ ΙΑΤΡΟ;;;;;
9545;B316705.100;AΝΙΧΝΕΥΣΗ ΥΠΟΛΕΙΠΟΜΕΝΗΣ ΝΕΟΠΛΑΣΜΑΤΙΚΗΣ ΝΟΣΟΥ ΕΠΙΠΛΕΟΝ ΤΟΥ ΚΩΔΙΚΟΥ ΕΦΑΡΜΟΖΟΜΕΝΗΣ ΤΕΧΝΙΚΗΣ ΜΕ ΕΡΜΗΝΕΙΑ ΚΑΙ ΕΚΘΕΣΗ ΑΠΟ ΕΙΔΙΚΟ ΙΑΤΡΟ;;;;;
9546;B316705.101;ΑΝΙΧΝΕΥΣΗ ΜΙΚΡΟΜΕΤΑΣΤΑΣΕΩΝ ΕΠΙΠΛΕΟΝ ΤΟΥ ΚΩΔΙΚΟΥ ΕΦΑΡΜΟΖΟΜΕΝΗΣ ΤΕΧΝΙΚΗΣ ΜΕ ΕΡΜΗΝΕΙΑ ΚΑΙ ΕΚΘΕΣΗ ΑΠΟ ΕΙΔΙΚΟ ΙΑΤΡΟ;;;;;
9547;B316705.102;ΕΛΕΓΧΟΣ ΧΙΜΑΙΡΙΣΜΟΥ (CHIMERISM) ΜΕ ΑΝΙΧΝΕΥΣΗ STR/VNTRS ΑΛΛΗΛΟΥΧΙΩΝ ΣΕ ΑΛΛΟΓΕΝΕΙΣ ΜΕΤΑΜΟΣΧΕΥΣΕΙΣ ΜΥΕΛΟΥ ΤΩΝ ΟΣΤΩΝ ΕΠΙΠΛΕΟΝ ΤΟΥ ΚΩΔΙΚΟΥ ΕΦΑΡΜΟΖΟΜΕΝΗΣ ΤΕΧΝΙΚΗΣ ΜΕ ΕΡΜΗΝΕΙΑ ΚΑΙ ΕΚΘΕΣΗ ΑΠΟ ΕΙΔΙΚΟ ΙΑΤΡΟ;;;;;
9548;B316705.103;ΠΡΟΣΔΙΟΡΙΣΜΟΣ ΠΡΩΤΟΠΑΘΟΥΣ ΕΣΤΙΑΣ ΠΡΟΕΛΕΥΣΗΣ ΜΕΤΑΣΤΑΤΙΚΟΥ ΟΓΚΟΥ ΜΕ ΧΡΗΣΗ ΜΙΚΡΟΣΥΣΤΟΙΧΙΩΝ ΜΕ ΕΡΜΗΝΕΙΑ ΚΑΙ ΕΚΘΕΣΗ ΑΠΟ ΕΙΔΙΚΟ ΙΑΤΡΟ;;;;;
9549;B316705.104;ΑΝΑΛΥΣΗ ΑΠΛΟΤΥΠΟΥ (HAPLOTYPE ANALYSIS) ΜΕ ΕΡΜΗΝΕΙΑ ΚΑΙ ΕΚΘΕΣΗ ΑΠΟ ΕΙΔΙΚΟ ΙΑΤΡΟ ;;;;;
9550;B316705.105;ΑΝΑΛΥΣΗ ΓΕΝΕΤΙΚΗΣ ΣΥΓΓΕΝΕΙΑΣ (LINKAGE ANALYSIS) ΜΕ ΕΡΜΗΝΕΙΑ ΚΑΙ ΕΚΘΕΣΗ ΑΠΟ ΕΙΔΙΚΟ ΙΑΤΡΟ  ;;;;;
9551;B316705.106;ΑΠΛΗ ΠΑΡΑΣΤΑΣΗ ΠΑΘΟΛΟΓΟΑΝΑΤΟΜΟΥ ΣΕ ΙΑΤΡΙΚΑ ΣΥΜΒΟΥΛΙΑ;;;;;
9552;B316705.107;ΕΝΤΕΤΑΛΜΕΝΗ ΠΑΡΟΥΣΙΑ ΠΑΘΟΛΟΓΟΑΝΑΤΟΜΟΥ;;;;;
9553;B316705.108;ΕΚΘΕΣΗ ΠΑΘΟΛΟΓΟΑΝΑΤΟΜΟΥ ΓΙΑ ΧΡΗΣΗ ΔΙΚΑΣΤΙΚΟΥ ΣΩΜΑΤΟΣ Ή ΕΚΘΕΣΗ ΤΥΠΟΥ ΕΜΠΕΙΡΟΓΝΩΜΟΝΟΣ;;;;;
9554;B316705.109;ΑΝΑΛΥΣΗ ΗΛΕΚΤΡΟΦΟΡΗΜΑΤΟΣ ΠΡΩΤΕΪΝΩΝ ΔΥΟ ΔΙΑΣΤΑΣΕΩΝ ΜΕ ΧΡΗΣΗ ΥΠΟΛΟΓΙΣΤΙΚΟΥ ΣΥΣΤΗΜΑΤΟΣ, ΜΕ ΕΡΜΗΝΕΙΑ ΚΑΙ ΕΚΘΕΣΗ ΑΠΟ ΕΙΔΙΚΟ ΙΑΤΡΟ;;;;;
9555;B316705.110;ΧΡΩΜΟΓΟΝΟΣ IN SITU ΥΒΡΙΔΙΣΜΟΣ DNA (CISH) ΓΙΑ ΑΡΙΘΜΗΤΙΚΕΣ Ή ΔΟΜΙΚΕΣ ΑΝΩΜΑΛΙΕΣ ΓΟΝΙΔΙΩΝ 'Η ΧΡΩΜΟΣΩΜΑΤΩΝ, ΣΕ ΚΥΤΤΑΡΟΛΟΓΙΚΟ Ή ΙΣΤΟΛΟΓΙΚΟ ΥΛΙΚΟ, ΕΚΑΣΤΟΣ ΙΧΝΗΘΕΤΗΣ (ΤΕΧΝΙΚΟ ΜΕΡΟΣ);;;;;
9556;B316705.111;ΜΕΤΑΛΛΟΓΡΑΦΙΚΟΣ IN SITU ΥΒΡΙΔΙΣΜΟΣ DNA (SISH, GISH) ΓΙΑ ΑΡΙΘΜΗΤΙΚΕΣ Ή ΔΟΜΙΚΕΣ ΑΝΩΜΑΛΙΕΣ ΓΟΝΙΔΙΩΝ 'Η ΧΡΩΜΟΣΩΜΑΤΩΝ, ΣΕ ΚΥΤΤΑΡΟΛΟΓΙΚΟ Ή ΙΣΤΟΛΟΓΙΚΟ ΥΛΙΚΟ, ΕΚΑΣΤΟΣ ΙΧΝΗΘΕΤΗΣ (ΤΕΧΝΙΚΟ ΜΕΡΟΣ);;;;;
9557;B316705.112;ΧΡΩΜΟΓΟΝΟΣ IN SITU ΥΒΡΙΔΙΣΜΟΣ RNA (CISH), ΕΚΑΣΤΟΣ ΙΧΝΗΘΕΤΗΣ, ΤΕΧΝΙΚΟ ΜΕΡΟΣ;;;;;
9558;B316705.113;ΦΘΟΡΙΖΩΝ IN SITU ΥΒΡΙΔΙΣΜΟΣ RNA (FISH), ΕΚΑΣΤΟΣ ΙΧΝΗΘΕΤΗΣ, ΤΕΧΝΙΚΟ ΜΕΡΟΣ;;;;;
9559;B316705.114;ΜΕΤΑΛΛΟΓΡΑΦΙΚΟΣ IN SITU ΥΒΡΙΔΙΣΜΟΣ RNA (SISH, GISH), ΕΚΑΣΤΟΣ ΙΧΝΗΘΕΤΗΣ, ΤΕΧΝΙΚΟ ΜΕΡΟΣ;;;;;
9560;B316705.115;ΜΟΡΦΟΜΕΤΡΙΚΗ ΕΚΤΙΜΗΣΗ ΑΛΛΟΙΩΣΕΩΝ ΙΣΤΙΚΗΣ ΤΟΜΗΣ (ΕΚΤΟΣ ΜΥΟΣ ΚΑΙ ΝΕΥΡΟΥ) ΜΕ ΥΠΟΛΟΓΙΣΤΙΚΟ ΑΝΑΛΥΤΗ ΕΙΚΟΝΑΣ (COMPUTERIZED IMAGE ANALYSIS) [π.χ. ΒΑΘΜΟΣ ΝΕΟΑΓΓΕΙΩΣΗΣ, ΒΑΘΜΟΣ ΙΝΩΣΗΣ, κ.ά.], ΕΡΜΗΝΕΙΑ - ΕΚΘΕΣΗ ΑΠΟ ΕΙΔΙΚΟ ΙΑΤΡΟ;;;;;
9561;B316705.116;ΜΟΡΦΟΜΕΤΡΙΚΗ ΑΝΑΛΥΣΗ ΔΕΙΚΤΗ ΚΥΤΤΑΡΙΚΟΥ ΘΑΝΑΤΟΥ (CELL DEATH/APOPTOSIS INDEX) ΜΕ ΥΠΟΛΟΓΙΣΤΙΚΟ ΑΝΑΛΥΤΗ ΕΙΚΟΝΑΣ (COMPUTERIZED IMAGE ANALYSIS) [ΠΡΟΣΘΕΤΟ ΚΟΣΤΟΣ ΣΤΟ ΚΟΣΤΟΣ ΔΟΚΙΜΑΣΙΩΝ TUNEL, ISEL, ISLG-LDF], ΕΡΜΗΝΕΙΑ - ΕΚΘΕΣΗ ΑΠΟ ΕΙΔΙΚΟ ΙΑΤΡΟ;;;;;
9562;B316705.117;ΜΟΡΦΟΜΕΤΡΙΚΗ ΑΝΑΛΥΣΗ ΙΣΤΙΚΗΣ ΤΟΜΗΣ (ΕΚΤΟΣ ΜΥΟΣ ΚΑΙ ΝΕΥΡΟΥ) ΜΕ ΥΠΟΛΟΓΙΣΤΙΚΟ ΑΝΑΛΥΤΗ ΕΙΚΟΝΑΣ (COMPUTERIZED IMAGE ANALYSIS) [π.χ. ΜΕΛΑΝΩΜΑΤΟΣ, ΒΑΘΟΣ ΜΙΚΡΟΔΙΗΘΗΣΗΣ κ.ά.], ΕΡΜΗΝΕΙΑ - ΕΚΘΕΣΗ ΑΠΟ ΕΙΔΙΚΟ ΙΑΤΡΟ;;;;;
9563;B316705.118;ΜΟΡΦΟΜΕΤΡΙΚΗ ΑΝΑΛΥΣΗ ΔΕΙΚΤΗ ΚΥΤΤΑΡΙΚΟΥ ΠΟΛΛΑΠΛΑΣΙΑΣΜΟΥ (CELL PROLIFERATION INDEX) ΜΕ ΥΠΟΛΟΓΙΣΤΙΚΟ ΑΝΑΛΥΤΗ ΕΙΚΟΝΑΣ (COMPUTERIZED IMAGE ANALYSIS) [ΠΡΟΣΘΕΤΟ ΚΟΣΤΟΣ ΣΤΟ ΚΟΣΤΟΣ ΑΝΟΣΟΪΣΤΟ/ΚΥΤΤΑΡΟΧΗΜΙΚΗΣ ΑΝΙΧΝΕΥΣΗΣ ΤΟΥ ΑΝΤΙΓΟΝΟΥ – ΔΕΙΚΤΗ], ΕΡΜΗΝΕΙΑ - ΕΚΘΕΣΗ ΑΠΟ ΕΙΔΙΚΟ ΙΑΤΡΟ;;;;;
9564;B316705.119;ΜΙΚΡΟΣΚΟΠΙΑ ΣΚΟΤΕΙΝΟΥ ΠΕΔΙΟΥ. ΑΞΙΟΛΟΓΗΣΗ ΜΕ ΕΚΘΕΣΗ ΑΠΟ ΕΙΔΙΚΟ ΙΑΤΡΟ;;;;;
9565;B316705.120;ΜΙΚΡΟΣΚΟΠΙΑ ΠΟΛΩΜΕΝΟΥ ΦΩΤΟΣ. ΑΞΙΟΛΟΓΗΣΗ ΜΕ ΕΚΘΕΣΗ ΑΠΟ ΕΙΔΙΚΟ ΙΑΤΡΟ;;;;;
9566;B316705.121;ΜΙΚΡΟΣΚΟΠΙΑ ΑΝΤΙΘΕΤΟΥ ΦΑΣΗΣ. ΑΞΙΟΛΟΓΗΣΗ ΜΕ ΕΚΘΕΣΗ ΑΠΟ ΕΙΔΙΚΟ ΙΑΤΡΟ;;;;;
9567;B316705.122;ΜΙΚΡΟΣΚΟΠΙΑ NOMARSKI (DIFFERENTIAL INFERENCE CONTRAST MICROSCOPY). ΑΞΙΟΛΟΓΗΣΗ ΜΕ ΕΚΘΕΣΗ ΑΠΟ ΕΙΔΙΚΟ ΙΑΤΡΟ;;;;;
9568;B316705.123;ΜΙΚΡΟΣΚΟΠΙΑ ΣΥΝΕΣΤΙΑΚΗ. ΑΞΙΟΛΟΓΗΣΗ ΜΕ ΕΚΘΕΣΗ ΑΠΟ ΕΙΔΙΚΟ ΙΑΤΡΟ;;;;;
9569;B316705.124;ΑΝΟΣΟΪΣΤΟ/ΚΥΤΤΑΡΟΧΗΜΕΙΑ ΧΩΡΙΣ ΜΟΡΦΟΜΕΤΡΙΚΗ ΑΝΑΛΥΣΗ ΕΠΙΘΗΛΙΑΚΩΝ ΔΕΙΚΤΩΝ, ΕΚΑΣΤO ΑΝΤΙΣΩΜΑ ΚΑΙ ΑΞΙΟΛΟΓΗΣΗ ΜΕ ΕΚΘΕΣΗ ΑΠΟ ΕΙΔΙΚΟ ΙΑΤΡΟ;;;;;
9570;B316705.125;ΑΝΟΣΟΪΣΤΟ/ΚΥΤΤΑΡΟΧΗΜΕΙΑ ΧΩΡΙΣ ΜΟΡΦΟΜΕΤΡΙΚΗ ΑΝΑΛΥΣΗ ΜΕΣΕΓΧΥΜΑΤΙΚΩΝ ΔΕΙΚΤΩΝ,ΕΚΑΣΤO ΑΝΤΙΣΩΜΑ ΚΑΙ ΑΞΙΟΛΟΓΗΣΗ ΜΕ ΕΚΘΕΣΗ ΑΠΟ ΕΙΔΙΚΟ ΙΑΤΡΟ;;;;;
9571;B316705.126;ΑΝΟΣΟΪΣΤΟ/ΚΥΤΤΑΡΟΧΗΜΕΙΑ ΧΩΡΙΣ ΜΟΡΦΟΜΕΤΡΙΚΗ ΑΝΑΛΥΣΗ ΔΕΙΚΤΩΝ ΔΙΑΦΟΡΟΠΟΙΗΣΗΣ ΤΩΝ ΙΣΤΩΝ, ΕΚΑΣΤO ΑΝΤΙΣΩΜΑ ΚΑΙ ΑΞΙΟΛΟΓΗΣΗ ΜΕ ΕΚΘΕΣΗ ΑΠΟ ΕΙΔΙΚΟ ΙΑΤΡΟ;;;;;
9572;B316705.127;ΑΝΟΣΟΪΣΤΟ/ΚΥΤΤΑΡΟΧΗΜΕΙΑ ΧΩΡΙΣ ΜΟΡΦΟΜΕΤΡΙΚΗ ΑΝΑΛΥΣΗ ΔΕΙΚΤΩΝ ΕΝΔΟΚΡΙΝΟΥΣ ΔΙΑΦΟΡΟΠΟΙΗΣΗΣ, ΕΚΑΣΤO ΑΝΤΙΣΩΜΑ ΚΑΙ ΑΞΙΟΛΟΓΗΣΗ ΜΕ ΕΚΘΕΣΗ ΑΠΟ ΕΙΔΙΚΟ ΙΑΤΡΟ;;;;;
9573;B316705.128;ΑΝΟΣΟΪΣΤΟ/ΚΥΤΤΑΡΟΧΗΜΕΙΑ ΧΩΡΙΣ ΜΟΡΦΟΜΕΤΡΙΚΗ ΑΝΑΛΥΣΗ ΔΕΙΚΤΩΝ ΛΕΜΦΙΚΟΥ/ΑΙΜΟΠΟΙΗΤΙΚΟΥ, ΕΚΑΣΤO ΑΝΤΙΣΩΜΑ ΚΑΙ ΑΞΙΟΛΟΓΗΣΗ ΜΕ ΕΚΘΕΣΗ ΑΠΟ ΕΙΔΙΚΟ ΙΑΤΡΟ;;;;;
9574;B316705.129;ΑΝΟΣΟΪΣΤΟ/ΚΥΤΤΑΡΟΧΗΜΕΙΑ ΧΩΡΙΣ ΜΟΡΦΟΜΕΤΡΙΚΗ ΑΝΑΛΥΣΗ ΑΝΙΧΝΕΥΣΗΣ ΑΝΤΙΓΟΝΩΝ ΜΙΚΡΟΟΡΓΑΝΙΣΜΩΝ (π.χ. ΒΑΚΤΗΡΙΑ, ΚΟΚΚΟΙ, ΜΥΚΗΤΕΣ, ΙΟΙ, ΠΑΡΑΣΙΤΑ, κ.ά.), ΕΚΑΣΤO ΑΝΤΙΣΩΜΑ ΚΑΙ ΑΞΙΟΛΟΓΗΣΗ ΜΕ ΕΚΘΕΣΗ ΑΠΟ ΕΙΔΙΚΟ ΙΑΤΡΟ;;;;;
9575;B316705.130;ΑΝΟΣΟΪΣΤΟ/ΚΥΤΤΑΡΟΧΗΜΕΙΑ ΧΩΡΙΣ ΜΟΡΦΟΜΕΤΡΙΚΗ ΑΝΑΛΥΣΗ ΑΝΙΧΝΕΥΣΗΣ ΠΡΟΓΝΩΣΤΙΚΩΝ ΔΕΙΚΤΩΝ, ΕΚΑΣΤO ΑΝΤΙΣΩΜΑ ΚΑΙ ΑΞΙΟΛΟΓΗΣΗ ΜΕ ΕΚΘΕΣΗ ΑΠΟ ΕΙΔΙΚΟ ΙΑΤΡΟ;;;;;
9576;B316705.131;ΑΝΟΣΟΪΣΤΟ/ΚΥΤΤΑΡΟΧΗΜΕΙΑ ΧΩΡΙΣ ΜΟΡΦΟΜΕΤΡΙΚΗ ΑΝΑΛΥΣΗ ΠΡΟΔΙΑΘΕΣΙΚΩΝ ΔΕΙΚΤΩΝ, ΕΚΑΣΤO ΑΝΤΙΣΩΜΑ ΚΑΙ ΑΞΙΟΛΟΓΗΣΗ ΜΕ ΕΚΘΕΣΗ ΑΠΟ ΕΙΔΙΚΟ ΙΑΤΡΟ;;;;;
9577;B316705.132;ΑΝΟΣΟΪΣΤΟ/ΚΥΤΤΑΡΟΧΗΜΕΙΑ ΧΩΡΙΣ ΜΟΡΦΟΜΕΤΡΙΚΗ ΑΝΑΛΥΣΗ ΑΝΙΧΝΕΥΣΗΣ ΠΡΟΒΛΕΠΤΙΚΩΝ ΔΕΙΚΤΩΝ ΘΕΡΑΠΕΥΤΙΚΗΣ ΑΝΤΑΠΟΚΡΙΣΗΣ, ΕΚΑΣΤO ΑΝΤΙΣΩΜΑ ΚΑΙ ΑΞΙΟΛΟΓΗΣΗ ΜΕ ΕΚΘΕΣΗ ΑΠΟ ΕΙΔΙΚΟ ΙΑΤΡΟ;;;;;
9578;B316705.133;ΕΙΔΙΚΗ ΑΝΟΣΟΙΣΤΟΧΗΜΙΚΗ ΧΡΩΣΗ ΣΕ ΤΟΜΕΣ ΚΡΥΟΣΤΑΤΗ (ΚΑΤΑΓΡΑΦΕΤΑΙ ΞΕΧΩΡΙΣΤΑ ΑΠΟ ΤΟΝ ΚΩΔΙΚΟ ΤΗΣ ΑΝΤΙΣΤΟΙΧΗΣ ΕΞΕΤΑΣΗΣ ΧΕΙΡΟΥΡΓΙΚΗΣ ΠΑΘΟΛΟΓΙΚΗΣ ΑΝΑΤΟΜΙΚΗΣ) ΕΚΑΣΤΟ ΑΝΤΙΣΩΜΑ;;;;;
9579;B316705.134;ΜΕΛΕΤΗ ΑΝΘΕΚΤΙΚΟΤΗΤΑΣ/ΕΥΑΙΣΘΗΣΙΑΣ ΣΕ ΦΑΡΜΑΚΕΥΤΙΚΕΣ ΟΥΣΙΕΣ ΚΥΤΤΑΡΩΝ ΚΑΤΕΨΥΓΜΕΝΩΝ ΙΣΤΩΝ (π.χ. ΟΓΚΩΝ) ΣΕ ΚΥΤΤΑΡΟΚΑΛΛΙΕΡΓΕΙΕΣ. 1-3 ΦΑΡΜΑΚΕΥΤΙΚΕΣ ΟΥΣΙΕΣ, ΕΞΕΤΑΣΗ ΑΠΟ ΕΙΔΙΚΟ ΙΑΤΡΟ;;;;;
9580;B316705.135;ΜΕΛΕΤΗ ΑΝΘΕΚΤΙΚΟΤΗΤΑΣ/ΕΥΑΙΣΘΗΣΙΑΣ ΣΕ ΦΑΡΜΑΚΕΥΤΙΚΕΣ ΟΥΣΙΕΣ ΚΥΤΤΑΡΩΝ ΚΑΤΕΨΥΓΜΕΝΩΝ ΙΣΤΩΝ (π.χ. ΟΓΚΩΝ) ΣΕ ΚΥΤΤΑΡΟΚΑΛΛΙΕΡΓΕΙΕΣ. ΕΞΕΤΑΣΗ ΑΠΟ ΕΙΔΙΚΟ ΙΑΤΡΟ;;;;;
9581;B316705.136;ΚΡΥΟΣΥΝΤΗΡΗΣΗ, ΚΑΤΑΨΥΞΗ ΚΑΙ ΑΠΟΘΗΚΕΥΣΗ ΝΩΠΩΝ ΙΣΤΩΝ (ΕΚΑΣΤΗ ΙΣΤΙΚΗ ΤΟΜΗ)/ΑΙΜΑΤΟΣ/ΒΙΟΛΟΓΙΚΩΝ ΥΓΡΩΝ, ΕΚΑΣΤΟ. ΕΞΕΤΑΣΗ ΑΠΟ ΕΙΔΙΚΟ ΙΑΤΡΟ;;;;;
9582;B316705.137;"ΕΠΙΠΕΔΟ ΙIΙ - ΧΕΙΡΟΥΡΓΙΚΗ ΠΑΘΟΛΟΓΙΚΗ ΑΝΑΤΟΜΙΚΗ, ΜΑΚΡΟΣΚΟΠΙΚΗ ΚΑΙ ΜΙΚΡΟΣΚΟΠΙΚΗ ΕΞΕΤΑΣΗ ΠΕΡΙΛΑΜΒΑΝΕΙ: ΑΔΕΝΟΕΙΔΕΙΣ ΕΚΒΛΑΣΤΗΣΕΙΣ - ΑΙΜΑΤΩΜΑ - ΑΚΡΟΠΟΣΘΙΑ, ΕΚΤΟΣ ΥΛΙΚΟΥ ΠΕΡΙΤΟΜΗΣ ΝΕΟΓΕΝΝΗΤΟΥ - ΑΚΡΩΤΗΡΙΑΣΜΟ ΔΑΚΤΥΛΟΥ(ΩΝ) ΑΚΡΑΣ ΧΕΙΡΟΣ/ΠΟΔΟΣ, ΤΡΑΥΜΑΤΙΚΗΣ ΑΙΤΙΟΛΟΓΙΑΣ - ΑΜΥΓΔΑΛΗ - ΑΝΕΥΡΥΣΜΑ ΑΡΤΗΡΙΑΚΟ/ΚΟΙΛΙΑΚΟ - ΑΠΟΣΤΗΜΑ - ΑΡΤΗΡΙΑ, ΑΘΗΡΩΜΑΤΙΚΗ ΠΛΑΚΑ - ΒΛΕΝΝΟΚΗΛΗ, ΔΙΑΦΟΡΕΣ ΕΝΤΟΠΙΣΕΙΣ ΠΛΗΝ ΣΚΩΛΗΚΟΕΙΔΟΥΣ, ΔΕΡΜΑΤΙΚΗ ΚΥΣΤΗ, ΑΚΡΟΧΟΡΔΩΝΑ - ΕΚΚΟΛΠΩΜΑ ΟΙΣΟΦΑΓΟΥ Ή ΣΤΟΜΑΧΟΥ Ή ΛΕΠΤΟΥ ΕΝΤΕΡΟΥ - ΕΛΕΥΘΕΡΟ ΣΩΜΑ ΣΕ ΑΡΘΡΩΣΗ -  ΕΠΙΠΕΦΥΚΩΣ, ΒΙΟΨΙΑ - ΘΡΟΜΒΟ Ή ΕΜΒΟΛΟ - ΙΣΤΟ ΡΙΚΝΩΣΗΣ DYPUYTREN - ΚΕΡΑΤΟΕΙΔΗ ΧΙΤΩΝΑ ΟΦΘΑΛΜΟΥ, ΒΙΟΨΙΑ -  ΚΟΛΟΣΤΟΜΙΑ, ΥΛΙΚΟ  - ΚΥΣΤΗ ΒΑΡΘΟΛΙΝΕΙΟΥ ΑΔΕΝΑ - ΚΥΣΤΗ ΚΟΚΚΥΓΟΣ (TΡΙΧΟΦΩΛΕΑΚΟ ΣΥΡΙΓΓΙΟ) - ΜΗΝΙΣΚΟ - ΜΗΡΙΑΙΟ ΟΣΤΟΥΝ, ΚΕΦΑΛΗ, ΕΚΤΟΣ ΑΠΟ ΚΑΤΑΓΜΑ -ΝΕΥΡΩΜΑ MORTON'S - ΟΡΟΓΟΝΟ ΘΥΛΑΚΑ/ΣΥΝΟΒΙΑΚΗ ΚΥΣΤΗ - ΟΡΧΙ, ΕΞΑΡΤΗΜΑ - ΠΤΕΡΥΓΙΟ, ΒΙΟΨΙΑ - ΠΡΩΚΤΙΚΗ ΑΚΡΟΧΟΡΔΩΝΑ - ΡΑΓΑΔΑ/ΣΥΡΙΓΓΙΟ - ΡΙΝΙΚΗ ΚΟΙΛΟΤΗΤΑ/ΠΑΡΑΡΡΙΝΙΟΙ ΚΟΛΠΟΙ, ΦΛΕΓΜΟΝΩΔΕΙΣ ΠΟΛΥΠΟΔΕΣ - ΣΙΕΛΟΓΟΝΟΥΣ ΑΔΕΝΕΣ ΠΛΗΝ ΝΕΟΠΛΑΣΙΩΝ - ΣΚΩΛΗΚΟΕΙΔΗ ΑΠΟΦΥΣΗ (ΑΛΛΟ ΕΚΤΟΣ ΑΠΟ ΤΥΧΑΙΟ ΕΥΡΗΜΑ) - ΣΠΕΡΜΑΤΙΚΟ ΠΟΡΟ ΕΚΤΟΣ ΑΠΟ ΣΤΕΙΡΩΣΗ - ΣΠΕΡΜΑΤΟΚΗΛΗ - ΤΕΝΟΝΤΑ/ΤΕΝΟΝΤΙΟ ΕΛΥΤΡΟ - ΥΛΙΚΟ ΑΠΟΞΕΣΗΣ (ΠΛΗΝ ΕΝΔΟΜΗΤΡΙΟΥ ΚΑΙ 
ΤΡΑΧΗΛΟΥ) - ΧΟΛΗΔΟΧΟΣ ΚΥΣΤΗ - ΧΟΛΟΣΤΕΑΤΩΜΑ - ΧΟΝΔΡΟΥ, ΞΕΣΜΑΤΑ ";;;;;
9583;B316705.138;"ΕΠΙΠΕΔΟ ΙV - ΧΕΙΡΟΥΡΓΙΚΗ ΠΑΘΟΛΟΓΙΚΗ ΑΝΑΤΟΜΙΚΗ, ΜΑΚΡΟΣΚΟΠΙΚΗ ΚΑΙ ΜΙΚΡΟΣΚΟΠΙΚΗ ΕΞΕΤΑΣΗ, ΠΕΡΙΛΑΜΒΑΝΕΙ: CELL BLOCK ΟΠΟΙΑΣΔΗΠΟΤΕ ΕΝΤΟΠΙΣΗΣ - 12/ΔΑΚΤΥΛΟ, ΒΙΟΨΙΑ - ΑΙΔΟΙΟ/ΧΕΙΛΗ ΑΙΔΟΙΟΥ, ΒΙΟΨΙΑ - ΑΚΡΩΤΗΡΙΑΣΜΟ ΑΚΡΟΥ ΤΡΑΥΜΑΤΙΚΗΣ ΑΙΤΙΟΛΟΓΙΑΣ - ΑΚΡΩΤΗΡΙΑΣΜΟ ΔΑΚΤΥΛΟΥ(ΩΝ) ΑΚΡΑΣ ΧΕΙΡΟΣ/ΠΟΔΟΣ ΜΗ ΤΡΑΥΜΑΤΙΚΗΣ ΑΙΤΙΟΛΟΓΙΑΣ - ΑΜΥΓΔΑΛΗ, ΒΙΟΨΙΑ - ΑΡΘΡΙΚΟ ΥΜΕΝΑ - ΑΡΘΡΩΣΗ ΕΚΤΟΜΗ - ΑΡΤΗΡΙΑ ΒΙΟΨΙΑ -  ΒΡΑΓΧΙΑΚΗ ΚΥΣΤΗ - ΒΡΟΓΧΟΥ, ΒΙΟΨΙΑ ΓΛΩΣΣΑ, ΒΙΟΨΙΑ - ΔΕΡΜΑ ΓΙΑ ΝΕΟΠΛΑΣΜΑΤΙΚΕΣ ΠΑΘΗΣΕΙΣ ΕΚΤΟΣ ΜΕΛΑΝΩΜΑΤΟΣ, ΒΙΟΨΙΑ - ΔΕΡΜΑ ΕΚΤΟΣ ΑΦΑΙΡΕΣΗΣ ΚΥΣΤΗΣ, ΑΚΡΟΧΟΡΔΩΝOΣ Ή ΕΠΑΝΟΡΘΩΤΙΚΗΣ ΠΛΑΣΤΙΚΗΣ - ΕΓΚΕΦΑΛΟ/ΜΗΝΙΓΓΕΣ, ΕΚΤΟΣ ΑΠΟ ΕΞΑΙΡΕΣΗ ΟΓΚΟΥ - ΕΝΔΟΜΗΤΡΙΟ, ΞΕΣΜΑΤΑ - ΕΝΔΟΤΡΑΧΗΛΟ, ΞΕΣΜΑΤΑ -  ΕΜΒΡΥΟ ΑΠΟΒΟΛΗ ΠΡΟ ΤΩΝ 28 ΕΒΔΟΜΑΔΩΝ - ΕΠΙΠΛΟΥΝ, ΒΙΟΨΙΑ - ΘΥΡΕΟΓΛΩΣΣΙΚΟΣ ΠΟΡΟΣ - ΚΑΡΔΙΑΚΗ ΒΑΛΒΙΔΑ - ΚΕΦΑΛΗ ΜΗΡΙΑΙΟΥ ΜΕΤΑ ΑΠΟ ΑΥΤΟΜΑΤΟ Ή ΠΑΘΟΛΟΓΙΚΟ ΚΑΤΑΓΜΑ - ΚΟΛΠΟ, ΒΙΟΨΙΑ - ΚΥΗΣΗ ΑΥΤΟΜΑΤΗ/ΠΑΛΙΝΔΡΟΜΗ - ΚΥΗΣΗ ΕΞΩΜΗΤΡΙΑ - ΛΑΡΥΓΓΑ, ΒΙΟΨΙΑ - ΛΕΙΟΜΥΩΜΑ/ΤΑ, ΕΚΠΥΡΗΝΙΣΗ ΑΝΕΥ ΜΗΤΡΑΣ - ΛΕΜΦΑΔΕΝΑ ΑΠΟ ΤΗΝ TBNA - ΛΕΠΤΟ ΕΝΤΕΡΟ, ΒΙΟΨΙΑ - ΜΑΛΑΚΑ ΜΟΡΙΑ: ΟΓΚΟΙ, ΟΓΚΟΜΟΡΦΕΣ ΑΛΛΟΙΩΣΕΙΣ - ΜΑΣΤΟ, ΒΙΟΨΙΑ ΧΩΡΙΣ ΑΠΑΙΤΗΣΗ ΓΙΑ ΜΙΚΡΟΣΚΟΠΙΚΗ ΑΞΙΟΛΟΓΗΣΗ ΧΕΙΡΟΥΡΓΙΚΩΝ ΟΡΙΩΝ - ΜΑΣΤΟ: ΥΛΙΚΟ ΜΕΙΩΤΙΚΗΣ ΑΦΑΙΡΕΣΗΣ ΜΑΣΤΟΥ - ΜΥ, ΒΙΟΨΙΑ - ΝΕΥΡΟ, ΒΙΟΨΙΑ - ΟΔΟΝΤΟΓΕΝΗ/ΟΔΟΝΤΙΚΗ ΚΥΣΤΗ - ΟΙΣΟΦΑΓΟ, ΒΙΟΨΙΑ - ΟΡΧΙ, ΕΚΤΟΣ ΟΓΚΟΥ, ΕΚΤΟΣ ΕΥΝΟΥΧΙΣΜΟΥ - ΟΣΤΙΚΑ ΤΕΜΑΧΙΑ ΑΠΟ ΠΑΘΟΛΟΓΙΚΟ ΚΑΤΑΓΜΑ - ΟΣΤΙΚΗ ΕΞΟΣΤΩΣΗ - ΟΥΛΑ, ΒΙΟΨΙΑ - ΟΥΡΗΘΡΑ, ΒΙΟΨΙΑ - ΟΥΡΗΤΗΡΑ, ΒΙΟΨΙΑ - ΟΥΡΗΤΗΡΕΚΤΟΜΗ - ΟΥΡΟΔΟΧΟ ΚΥΣΤΗ, ΒΙΟΨΙΑ - ΠΑΡΑΡΡΙΝΙΟΥΣ ΚΟΛΠΟΥΣ, 
ΒΙΟΨΙΑ - ΠΑΧΥ ΕΝΤΕΡΟ, ΒΙΟΨΙΑ - ΠΕΡΙΚΑΡΔΙΟ, ΒΙΟΨΙΑ - ΠΕΡΙΤΟΝΑΙΟ, ΒΙΟΨΙΑ - ΠΛΑΚΟΥΝΤΑ ΕΚΤΟΣ ΑΠΟ ΤΡΙΤΟΥ ΤΡΙΜΗΝΟΥ - ΠΝΕΥΜΟΝΑ, ΔΙΑΒΡΟΓΧΙΚΗ ΒΙΟΨΙΑ - ΠΟΛΥΠΟΔΑ (ΠΟΛΥΠΕΚΤΟΜΗ) ΟΡΘΟΥ/ΚΟΛΟΥ - ΠΟΛΥΠΟΔΑ (ΠΟΛΥΠΕΚΤΟΜΗ) ΣΤΟΜΑΧΟΥ/ΛΕΠΤΟΥ ΕΝΤΕΡΟΥ - ΠΟΛΥΠΟΔΑ (ΠΟΛΥΠΕΚΤΟΜΗ) ΤΡΑΧΗΛΟΥ ΜΗΤΡΑΣ/ΕΝΔΟΜΗΤΡΙΟΥ - ΠΡΟΣΤΑΤΗ ΑΔΕΝΑ ΕΚΤΟΣ ΑΠΟ ΡΙΖΙΚΗ ΕΞΑΙΡΕΣΗ - ΠΡΟΣΤΑΤΗ, ΔΙΟΥΡΗΘΡΙΚΗ ΕΚΤΟΜΗ - ΡΙΝΙΚΟ ΒΛΕΝΝΟΓΟΝΟ, ΒΙΟΨΙΑ - ΡΙΝΟΦΑΡΥΓΓΑ, ΒΙΟΨΙΑ - ΣΑΛΠΙΓΓΑ, ΒΙΟΨΙΑ - ΣΙΕΛΟΓΟΝΟ ΑΔΕΝΑ, ΒΙΟΨΙΑ - ΣΠΛΗΝΑ ΤΡΑΥΜΑΤΙΚΗΣ ΑΙΤΙΟΛΟΓΙΑΣ - ΣΤΟΜΑΤΙΚΟ ΒΛΕΝΝΟΓΟΝΟ, ΒΙΟΨΙΑ - ΣΤΟΜΑΤΟΦΑΡΥΓΓΑ, ΒΙΟΨΙΑ - ΣΤΟΜΑΧΟ, ΒΙΟΨΙΑ - ΤΡΑΧΕΙΑ, ΒΙΟΨΙΑ - ΤΡΑΧΗΛΟ, 
ΒΙΟΨΙΑ - ΥΠΕΖΟΚΩΤΑ, ΒΙΟΨΙΑ - ΥΣΤΕΡΕΚΤΟΜΗ ΜΕΤΑ Ή ΑΝΕΥ ΤΩΝ ΕΞΑΡΤΗΜΑΤΩΝ ΓΙΑ ΠΡΟΠΤΩΣΗ - ΧΕΙΛΟΣ, ΣΦΗΝΟΕΙΔΗΣ ΕΚΤΟΜΗ - ΩΟΘΗΚΕΚΤΟΜΗ ΜΕΤΑ Ή ΑΝΕΥ 
ΣΑΛΠΙΓΓΑΣ ΜΗ ΝΕΟΠΛΑΣΜΑΤΙΚΗΣ ΑΙΤΙΟΛΟΓΙΑΣ - ΩΟΘΗΚΗ, ΣΦΗΝΟΕΙΔΗΣ ΕΚΤΟΜΗ";;;;;
9584;B316705.139;ΕΠΙΠΕΔΟ V - ΧΕΙΡΟΥΡΓΙΚΗ ΠΑΘΟΛΟΓΙΚΗ ΑΝΑΤΟΜΙΚΗ, ΜΑΚΡΟΣΚΟΠΙΚΗ ΚΑΙ ΜΙΚΡΟΣΚΟΠΙΚΗ ΕΞΕΤΑΣΗ, ΠΕΡΙΛΑΜΒΑΝΕΙ: ΑΚΡΟ: ΑΚΡΩΤΗΡΙΑΣΜΟΣ, ΜΗ ΤΡΑΥΜΑΤΙΚΗΣ ΑΙΤΙΟΛΟΓΙΑΣ - ΓΑΣΤΡΕΚΤΟΜΗ: ΜΕΡΙΚΗ Ή ΟΛΙΚΗ ΜΗ ΝΕΟΠΛΑΣΜΑΤΙΚΗΣ ΑΙΤΙΟΛΟΓΙΑΣ - ΔΕΡΜΑ ΜΗ ΝΕΟΠΛΑΣΜΑΤΙΚΕΣ ΠΑΘΗΣΕΙΣ - ΕΓΚΕΦΑΛΟ, ΕΚΤΟΜΗ ΟΓΚΟΥ - ΕΠΙΝΕΦΡΙΔΙΟ, ΕΚΤΟΜΗ -  ΗΠΑΡ, ΜΕΡΙΚΗ ΕΚΤΟΜΗ - ΗΠΑΡ, ΣΦΗΝΟΕΙΔΗΣ ΕΚΤΟΜΗ - ΘΥΡΕΟΕΙΔΗ ΑΔΕΝΑ: ΟΛΙΚΗ ΕΞΑΙΡΕΣΗ 'H ΛΟΒΕΚΤΟΜΗ - ΚΟΛΕΚΤΟΜΗ ΤΜΗΜΑΤΙΚΗ, ΜΗ ΝΕΟΠΛΑΣΜΑΤΙΚΗΣ ΑΙΤΙΟΛΟΓΙΑΣ - ΛΕΜΦΑΔΕΝΑ ΓΙΑ ΜΕΤΑΣΤΑΣΗ, ΒΙΟΨΙΑ - ΛΕΜΦΑΔΕΝΑ ΦΡΟΥΡΟ - ΛΕΜΦΑΔΕΝΕΚΤΟΜΗ ΕΠΙΧΩΡΙΑ ΟΠΟΙΑΣΔΗΠΟΤΕ ΑΝΑΤΟΜΙΚΗΣ ΘΕΣΗΣ - ΛΕΠΤΟ ΕΝΤΕΡΟ, ΕΚΤΟΜΗ ΕΚΤΟΣ ΝΕΟΠΛΑΣΜΑΤΙΚΗΣ ΑΙΤΙΟΛΟΓΙΑΣ - ΜΑΛΑΚΑ ΜΟΡΙΑ: ΕΚΤΟΜΗ ΜΑΖΑΣ (ΕΚΤΟΣ ΛΙΠΩΜΑΤΟΣ) ΜΕ ΕΛΕΓΧΟ ΟΡΙΩΝ - ΜΑΣΤΕΚΤΟΜΗ: ΑΠΛΗ 'H ΜΕΡΙΚΗ ΜΗ ΝΕΟΠΛΑΣΜΑΤΙΚΗΣ ΑΙΤΙΟΛΟΓΙΑΣ - ΜΑΣΤΟ: ΕΞΑΙΡΕΣΗ ΒΛΑΒΗΣ ΟΠΟΥ ΑΠΑΙΤΕΙΤΑΙ ΜΙΚΡΟΣΚΟΠΙΚΗ ΑΞΙΟΛΟΓΗΣΗ ΧΕΙΡΟΥΡΓΙΚΩΝ ΟΡΙΩΝ - ΜΗΝΙΓΓΕΣ, ΕΚΤΟΜΗ ΟΓΚΟΥ - ΜΥΟΚΑΡΔΙΟ, ΒΙΟΨΙΑ - ΝΕΦΡΕΚΤΟΜΗ: ΟΛΙΚΗ 'H ΜΕΡΙΚΗ ΜΗ ΝΕΟΠΛΑΣΜΑΤΙΚΗΣ ΑΙΤΙΟΛΟΓΙΑΣ - ΟΔΟΝΤΟΓΕΝΗ ΟΓΚΟ - ΟΡΧΙ, ΒΙΟΨΙΑ - ΟΣΤΕΟΜΥΕΛΙΚΗ ΒΙΟΨΙΑ ΓΙΑ ΜΕΤΑΣΤΑΣΗ - ΟΣΤΙΚΑ ΤΕΜΑΧΙΑ ΕΚΤΟΣ ΑΠΟ ΠΑΘΟΛΟΓΙΚΟ ΚΑΤΑΓΜΑ - ΟΣΤΟ/ΞΕΣΜΑΤΑ - ΟΥΡΟΔΟΧΟ ΚΥΣΤΗ, ΔΙΟΥΡΗΘΡΙΚΗ ΕΞΑΙΡΕΣΗ ΥΛΙΚΟΥ - ΟΦΘΑΛΜΟ, ΕΚΠΥΡΗΝΙΣΗ - ΠΑΓΚΡΕΑΣ, ΒΙΟΨΙΑ - ΠΑΡΑΘΥΡΕΟΕΙΔΗ ΑΔΕΝΑ - ΠΛΑΚΟΥΝΤΑ ΤΡΙΤΟΥ ΤΡΙΜΗΝΟΥ - ΠΝΕΥΜΟΝΑ, ΣΦΗΝΟΕΙΔΗΣ ΕΚΤΟΜΗ - ΠΡΟΣΤΑΤΗ, ΒΙΟΨΙΑ ΜΕ ΒΕΛΟΝΑ - ΣΙΕΛΟΓΟΝΟ ΑΔΕΝΑ ΓΙΑ ΝΕΟΠΛΑΣΜΑΤΙΚΗ ΑΙΤΙΟΛΟΓΙΑ - ΤΡΑΧΗΛΟ, ΚΩΝΟΕΙΔΗΣ ΕΚΤΟΜΗ - ΥΠΟΦΥΣΗ - ΥΣΤΕΡΕΚΤΟΜΗ ΜΕΤΑ΄Η ΑΝΕΥ ΤΩΝ ΕΞΑΡΤΗΜΑΤΩΝ ΜΗ ΝΕΟΠΛΑΣΜΑΤΙΚΗΣ ΑΙΤΙΟΛΟΓΙΑΣ - ΩΟΘΗΚΕΚΤΟΜΗ ΜΕΤΑ΄Η ΑΝΕΥ ΣΑΛΠΙΓΓΑΣ ΝΕΟΠΛΑΣΜΑΤΙΚΗΣ ΑΙΤΙΟΛΟΓΙΑΣ;;;;;
Ε.4;ΔΙΑΔΙΚΑΣΙΕΣ ΕΚΚΡΙΜΑΤΩΝ Κ.Λ.Π;;;;;;
9585;B317347;ΧΟΛΕΡΥΘΡΙΝΗ, ΟΛΙΚΗ, ΔΙΑΔΕΡΜΙΚΗ;;;;;
9586;B317387;ΑΙΜΟΣΦΑΙΡΙΝΗ, ΠΟΣΟΤΙΚΗ, ΔΙΑΔΕΡΜΙΚΗ, ΑΝΑ ΗΜΕΡΑ, ΑΝΘΡΑΚΥΛΑΙΜΟΣΦΑΙΡΙΝΗ;;;;;
9587;B317389;ΑΙΜΟΣΦΑΙΡΙΝΗ, ΠΟΣΟΤΙΚΗ, ΔΙΑΔΕΡΜΙΚΗ, ΑΝΑ ΗΜΕΡΑ, ΜΕΘΑΙΜΟΣΦΕΡΙΝΗ;;;;;
9588;B318005;ΔΟΚΙΜΑΣΙΑ ΜΥΙΚΗΣ ΣΥΣΠΑΣΗΣ ΚΑΦΕΪΝΗΣ ΑΛΟΘΑΝΗΣ (CHTC) ΓΙΑ ΚΑΚΟΗΘΗ ΥΠΕΡΘΕΡΜΙΑ  ΕΥΑΙΣΘΗΣΙΑ, ΠΕΡΙΛΑΜΒΑΝΟΜΕΝΩΝ ΕΡΜΗΝΕΙΑΣ ΚΑΙ ΑΝΑΦΟΡΑΣ;;;;;
9589;B318007;ΑΡΙΘΜΟΣ ΚΥΤΤΑΡΩΝ, ΔΙΑΦΟΡΑ ΣΩΜΑΤΙΚΑ ΥΓΡΑ, (Π.Χ. ΕΓΚΕΦΑΛΟΝΩΤΙΑΙΟ ΥΓΡΟ, ΑΡΘΡΙΚΟ  ΥΓΡΟ), ΕΚΤΟΣ ΑΠΟ ΑΙΜΑΤΟΣ;;;;;
9590;B318009;ΑΡΙΘΜΟΣ ΚΥΤΤΑΡΩΝ, ΔΙΑΦΟΡΑ ΣΩΜΑΤΙΚΑ ΥΓΡΑ, Π.Χ. ΕΓΚΕΦΑΛΟΝΩΤΙΑΙΟ ΥΓΡΟ, ΑΡΘΡΙΚΟ  ΥΓΡΟ), ΕΚΤΟΣ ΑΠΟ ΑΙΜΑΤΟΣ, ΜΕ ΠΡΟΣΔΙΟΡΙΣΜΟ ΤΟΥ ΤΥΠΟΥ;;;;;
9591;B318017;ΕΚΤΙΜΗΣΗ ΛΕΥΚΟΚΥΤΤΑΡΩΝ, ΚΟΠΡΑΝΑ, ΠΟΙΟΤΙΚΟΣ Ή ΗΜΙΠΟΣΟΤΙΚΟΣ;;;;;
9592;B318027;ΑΝΙΧΝΕΥΣΗ ΚΡΥΣΤΑΛΛΩΝ ΜΕ ΚΟΙΝΟ ΜΙΚΡΟΣΚΟΠΙΟ ΜΕ Ή ΧΩΡΙΣ ΑΝΑΛΥΣΗ ΜΕ ΠΟΛΩΤΙΚΟΥΣ ΦΑΚΟΥΣ, ΙΣΤΟΣ Ή ΚΑΠΟΙΟ ΣΩΜΑΤΙΚΟ ΥΓΡΟ (ΕΚΤΟΣ ΑΠΟ ΟΥΡΑ);;;;;
9593;B318107;ΚΑΘΕΤΗΡΙΑΣΜΟΣ ΔΩΔΕΚΑΔΑΚΤΥΛΟΥ ΚΑΙ ΑΝΑΡΡΟΦΗΣΗ, ΕΝΑ ΔΕΙΓΜΑ (Π.Χ. ΑΠΛΗ  ΜΕΛΕΤΗ ΤΗΣ ΧΟΛΗΣ Ή ΚΑΛΛΙΕΡΓΕΙΑ ΑΠΟ ΤΗΝ ΠΡΟΣΑΓΩΓΟ ΕΛΙΚΑ) ΣΥΝ ΚΑΤΑΛΛΗΛΗ ΜΕΘΟΔΟ ΕΞΕΤΑΣΗΣ;;;;;
9594;B318117;ΚΑΘΕΤΗΡΙΑΣΜΟΣ ΔΩΔΕΛΑΔΑΚΤΥΛΟΥ ΚΑΙ ΑΝΑΡΡΟΦΗΣΗ, ΣΥΛΛΟΓΗ ΠΟΛΛΑΠΛΩΝ ΚΛΑΣΜΑΤΙΚΩΝ  ΔΕΙΓΜΑΤΩΝ ΜΕ ΔΙΕΓΕΡΣΗ ΤΟΥ ΠΑΓΚΡΕΑΤΟΣ Ή ΤΗΣ ΧΟΛΗΔΟΧΟΥ ΚΥΣΤΕΩΣ, ΣΩΛΗΝΑΣ ΑΠΛΟΥ Ή ΔΙΠΛΟΥ  ΑΥΛΟΥ;;;;;
9595;B318157;ΧΡΩΣΗ ΛΙΠΟΥΣ, ΚΟΠΡΑΝΩΝ, ΟΥΡΩΝ, Ή ΕΚΚΡΙΣΕΩΝ ΤΟΥ ΑΝΑΠΝΕΥΣΤΙΚΟΥ ΣΥΣΤΗΜΑΤΟΣ;;;;;
9596;B318167;ΚΑΘΕΤΗΡΙΑΣΜΟΣ ΣΤΟΜΑΧΟΥ ΚΑΙ ΑΝΑΡΡΟΦΗΣΗ, ΔΙΑΓΝΩΣΤΙΚΗ, ΕΚΑΣΤΟ ΔΕΙΓΜΑ, ΓΙΑ ΧΗΜΙΚΗ ΑΝΑΛΥΣΗ Ή ΚΥΤΤΑΡΟΛΟΓΙΚΗ ΕΞΕΤΑΣΗ;;;;;
9597;B318171;ΚΑΘΕΤΗΡΙΑΣΜΟΣ ΣΤΟΜΑΧΟΥ ΚΑΙ ΑΝΑΡΡΟΦΗΣΗ, ΔΙΑΓΝΩΣΤΙΚΗ, ΕΚΑΣΤΟ ΔΕΙΓΜΑ, ΓΙΑ ΧΗΜΙΚΗ ΑΝΑΛΥΣΗ Ή ΚΥΤΤΑΡΟΛΟΓΙΚΗ ΕΞΕΤΑΣΗ, ΜΕΤΑ ΑΠΟ ΔΙΕΓΕΡΣΗ;;;;;
9598;B318177;ΚΑΘΕΤΗΡΙΑΣΜΟΣ ΣΤΟΜΑΧΟΥ, ΑΝΑΡΡΟΦΗΣΗ, ΚΑΙ ΚΛΑΣΜΑΤΙΚΕΣ ΣΥΛΛΟΓΕΣ (Π.Χ. ΜΕΛΕΤΗ ΓΑΣΤΡΙΚΗΣ  ΕΚΚΡΙΣΗΣ), 1 ΩΡΑ;;;;;
9599;B318179;ΚΑΘΕΤΗΡΙΑΣΜΟΣ ΣΤΟΜΑΧΟΥ, ΑΝΑΡΡΟΦΗΣΗ, ΚΑΙ ΚΛΑΣΜΑΤΙΚΕΣ ΣΥΛΛΟΓΕΣ (Π.Χ. ΜΕΛΕΤΗ ΓΑΣΤΡΙΚΗΣ  ΕΚΚΡΙΣΗΣ), 2 ΩΡΕΣ;;;;;
9600;B318187;ΚΑΘΕΤΗΡΙΑΣΜΟΣ ΣΤΟΜΑΧΟΥ, ΑΝΑΡΡΟΦΗΣΗ, ΚΑΙ ΚΛΑΣΜΑΤΙΚΕΣ ΣΥΛΛΟΓΕΣ (Π.Χ. ΜΕΛΕΤΗ ΓΑΣΤΡΙΚΗΣ  ΕΚΚΡΙΣΗΣ) 2 ΩΡΕΣ ΠΕΡΙΛΑΜΒΑΝΟΜΕΝΗΣ ΓΑΣΤΡΙΚΗΣ ΔΙΕΓΕΡΣΗΣ (Π.Χ. HISTALOG ΠΕΝΤΑΓΑΣΤΡΙΝΗ;;;;;
9601;B318189;ΚΑΘΕΤΗΡΙΑΣΜΟΣ ΣΤΟΜΑΧΟΥ, ΑΝΑΡΡΟΦΗΣΗ, ΚΑΙ ΚΛΑΣΜΑΤΙΚΕΣ ΣΥΛΛΟΓΕΣ (Π.Χ. ΜΕΛΕΤΗ ΓΑΣΤΡΙΚΗΣ  ΕΚΚΡΙΣΗΣ), 3 ΩΡΕΣ, ΠΕΡΙΛΑΜΒΑΝΟΜΕΝΗΣ ΓΑΣΤΡΙΚΗΣ ΔΙΕΓΕΡΣΗΣ;;;;;
9602;B318227;AΜΕΣΗ ΜΙΚΡΟΣΚΟΠΙΚΗ ΕΞΕΤΑΣΗ ΚΟΠΡΑΝΩΝ ΓΙΑ ΠΥΟΣΦΑΙΡΙΑ, ΑΠΕΠΤΑ ΣΤΟΙΧΕΙΑ ΤΡΟΦΗΣ ΚΑΙ ΑΛΛΑ ΣΤΟΙΧΕΙΑ;;;;;
9603;B318287;ΡΙΝΙΚΟ ΕΚΚΡΙΜΑ ΓΙΑ ΗΩΣΙΝΟΦΙΛΑ;;;;;
9604;B318347;ΠΤΥΕΛΑ, ΛΗΨΗ ΔΕΙΓΜΑΤΟΣ, ΕΠΑΓΟΜΕΝΗ ΜΕ ΑΕΡΟΖΟΛ ΜΕΘΟΔΟΣ (ΞΕΧΩΡΙΣΤΗ ΔΙΑΔΙΚΑΣΙΑ);;;;;
9605;B318357;ΑΝΕΝΕΡΓΟΣ;;;;;
9606;B318367;ΣΥΛΛΟΓΗ ΙΔΡΩΤΑ ΜΕ ΙΟΝΤΟΦΟΡΑ;;;;;
9607;B318377;ΔΟΚΙΜΑΣΙΑ ΦΟΡΤΙΣΗΣ ΜΕ ΝΕΡΟ;;;;;
9608;B318387;ΔΙΑΦΟΡΕΣ ΜΗ ΚΑΤΑΓΕΓΡΑΜΜΕΝΕΣ ΠΑΘΟΛΟΓΙΚΕΣ ΔΟΚΙΜΑΣΙΕΣ;;;;;
Ε.5;ΔΙΑΔΙΚΑΣΙΕΣ ΓΟΝΙΜΟΠΟΙΗΣΗΣ;;;;;;
9609;B318407;ΚΑΛΛΙΕΡΓΕΙΑ ΩΟΚΥΤΤΑΡΟΥ(ΩΝ)/ΕΜΒΡΥΟΥ(ΩΝ), ΛΙΓΟΤΕΡΟ ΑΠΟ 4 ΗΜΕΡΕΣ;;;;;
9610;B318409;ΚΑΛΛΙΕΡΓΕΙΑ ΩΟΚΥΤΤΑΡΟΥ(ΩΝ)/ΕΜΒΡΥΟΥ(ΩΝ), ΛΙΓΟΤΕΡΟ ΑΠΟ 4 ΗΜΕΡΕΣ, ΜΕ ΣΥΝ-ΚΑΛΛΙΕΡΓΕΙΑ  ΩΟΚΥΤΤΑΡΟΥ(ΩΝ)/ΕΜΒΡΥΟΥ(ΩΝ);;;;;
9611;B318413;ΥΠΟΒΟΗΘΟΥΜΕΝΗ ΕΠΩΑΣΗ ΕΜΒΡΥΟΥ, ΜΙΚΡΟΤΕΧΝΙΚΕΣ (ΚΑΘΕ ΜΕΘΟΔΟΣ);;;;;
9612;B318415;ΑΝΑΓΝΩΡΙΣΗ ΩΟΚΥΤΤΑΡΟΥ ΣΤΟ ΥΓΡΟ ΩΟΘΥΛΑΚΙΟΥ;;;;;
9613;B318417;ΠΡΟΕΤΟΙΜΑΣΙΑ ΕΜΒΡΥΟΥ ΓΙΑ ΜΕΤΑΦΟΡΑ (ΚΑΘΕ ΜΕΘΟΔΟΣ);;;;;
9614;B318421;ΑΝΑΓΝΩΡΙΣΗ ΣΠΕΡΜΑΤΟΖΩΑΡΙΩΝ ΑΠΟ ΑΝΑΡΡΟΦΗΣΗ (ΕΚΤΟΣ ΑΠΟ ΣΠΕΡΜΑΤΙΚΟ ΥΓΡΟ);;;;;
9615;B318423;ΚΡΥΟΣΥΝΤΗΡΗΣΗ, ΕΜΒΡΥΟ(Α);;;;;
9616;B318425;ΚΡΥΟΣΥΝΤΗΡΗΣΗ, ΣΠΕΡΜΑΤΟΖΩΑΡΙΑ;;;;;
9617;B318427;ΑΠΟΜΟΝΩΣΗ ΣΠΕΡΜΑΤΟΖΩΑΡΙΩΝ, ΑΠΛΗ ΠΡΟΕΤΟΙΜΑΣΙΑ (Π.Χ. ΕΚΠΛΥΣΗ ΣΠΕΡΜΑΤΟΖΩΑΡΙΩΝ ΚΑΙ ΑΝΟΔΙΚΗ ΠΛΕΥΣΗ) ΓΙΑ  ΓΟΝΙΜΟΠΟΙΗΣΗ Ή ΔΙΑΓΝΩΣΗ ΜΕ ΑΝΑΛΥΣΗ ΣΠΕΡΜΑΤΟΣ;;;;;
9618;B318429;ΑΠΟΜΟΝΩΣΗ ΣΠΕΡΜΑΤΟΖΩΑΡΙΩΝ, ΣΥΝΘΕΤΗ ΠΡΟΕΤΟΙΜΑΣΙΑ (Π.Χ. ΚΛΙΣΗ PERCOLL, ΚΛΙΣΗ ΑΛΒΟΥΜΙΝΗΣ)  ΓΙΑ ΓΟΝΙΜΟΠΟΙΗΣΗ Ή ΔΙΑΓΝΩΣΗ ΜΕ ΑΝΑΛΥΣΗ ΣΠΕΡΜΑΤΟΣ;;;;;
9619;B318435;ΑΝΑΓΝΩΡΙΣΗ ΣΠΕΡΜΑΤΟΖΩΑΡΙΩΝ ΑΠΟ ΙΣΤΟ ΤΩΝ ΟΡΧΕΩΝ, ΝΩΠΟ Ή ΚΡΥΟΣΥΝΤΗΡΗΜΕΝΟ;;;;;
9620;B318443;ΓΟΝΙΜΟΠΟΙΗΣΗ ΤΩΝ ΩΟΚΥΤΤΑΡΩΝ;;;;;
9621;B318451;ΠΑΡΑΤΕΤΑΜΕΝΗ ΚΑΛΛΙΕΡΓΕΙΑ ΤΟΥ ΩΟΚΥΤΤΑΡΟΥ(ΩΝ)/ΕΜΒΡΥΟΥ(ΩΝ), 4-7 ΗΜΕΡΕΣ;;;;;
9622;B318467;ΥΠΟΒΟΗΘΟΥΜΕΝΗ ΓΟΝΙΜΟΠΟΙΗΣΗ ΩΟΚΥΤΤΑΡΟΥ, ΜΙΚΡΟΤΕΧΝΙΚΕΣ, ΛΙΓΟΤΕΡΑ Ή ΙΣΑ ΜΕ 10  ΩΟΚΥΤΤΑΡΑ;;;;;
9623;B318469;ΥΠΟΒΟΗΘΟΥΜΕΝΗ ΓΟΝΙΜΟΠΟΙΗΣΗ ΩΟΚΥΤΤΑΡΟΥ, ΜΙΚΡΟΤΕΧΝΙΚΕΣ, ΠΕΡΙΣΣΟΤΕΡΑ ΑΠΟ 10 ΩΟΚΥΤΤΑΡΑ;;;;;
9624;B318487;ΒΙΟΨΙΑ, ΠΟΛΙΚΟ ΣΩΜΑΤΙΟ ΩΟΚΥΤΤΑΡΟΥ Ή ΕΜΒΡΥΟ ΒΛΑΣΤΟΜΕΡΙΔΙΟ, ΜΙΚΡΟΤΕΧΝΙΚΗ (ΓΙΑ  ΓΕΝΕΤΙΚΗ ΔΙΑΓΝΩΣΗ ΠΡΙΝ ΤΗΝ ΕΜΦΥΤΕΥΣΗ, ΛΙΓΟΤΕΡΑ ΑΠΟ Ή ΙΣΑ ΜΕ 5 ΕΜΒΡΥΑ;;;;;
9625;B318489;ΒΙΟΨΙΑ, ΠΟΛΙΚΟ ΣΩΜΑΤΙΟ ΩΟΚΥΤΤΑΡΟΥ Ή ΕΜΒΡΥΟ ΒΛΑΣΤΟΜΕΡΙΔΙΟ, ΜΙΚΡΟΤΕΧΝΙΚΗ (ΓΙΑ  ΓΕΝΕΤΙΚΗ ΔΙΑΓΝΩΣΗ ΠΡΙΝ ΤΗΝ ΕΜΦΥΤΕΥΣΗ, ΠΕΡΙΣΣΟΤΕΡΑ ΑΠΟ 5 ΕΜΒΡΥΑ;;;;;
9626;B318507;ΓΕΝΙΚΗ ΕΞΕΤΑΣΗ ΣΠΕΡΜΑΤΟΣ (ΟΨΗ, ΟΓΚΟΣ, ΓΛΟΙΟΤΗΤΑ, PH, ΑΡΙΘΜΗΣΗ, ΚΙΝΗΤΙΚΟΤΗΤΑ ΚΑΙ ΜΟΡΦΟΛΟΓΙΑ ΣΠΕΡΜΑΤΟΖΩΑΡΙΩΝ) ΜΕ ΔΟΚΙΜΑΣΙΑ HUNTER;;;;;
9627;B318527;ΓΕΝΙΚΗ ΕΞΕΤΑΣΗ ΣΠΕΡΜΑΤΟΣ (ΟΨΗ, ΟΓΚΟΣ, ΓΛΟΙΟΤΗΤΑ, PH, ΑΡΙΘΜΗΣΗ, ΚΙΝΗΤΙΚΟΤΗΤΑ ΚΑΙ ΜΟΡΦΟΛΟΓΙΑ ΣΠΕΡΜΑΤΟΖΩΑΡΙΩΝ);;;;;
9628;B318547;ΑΝΕΝΕΡΓΟΣ;;;;;
9629;B318549;ΑΝΕΝΕΡΓΟΣ;;;;;
9630;B318551;ΓΕΝΙΚΗ ΕΞΕΤΑΣΗ ΣΠΕΡΜΑΤΟΣ (ΟΨΗ, ΟΓΚΟ, ΓΛΟΙΟΤΗΤΑ, PH, ΑΡΙΘΜΗΣΗ, ΚΙΝΗΤΙΚΟΤΗΤΑ ΚΑΙ ΜΟΡΦΟΛΟΓΙΑ ΣΠΕΡΜΑΤΟΖΩΑΡΙΩΝ) ΜΕ ΕΚΤΙΜΗΣΗ ΜΟΡΦΟΛΟΓΙΑΣ ΚΑΤΑ KRUGER ;;;;;
9631;B318557;ΠΡΟΣΔΙΟΡΙΣΜΟΣ ΑΝΤΙΣΠΕΡΜΙΚΩΝ ΑΝΤΙΣΩΜΑΤΩΝ ;;;;;
9632;B318565;ΕΚΤΙΜΗΣΗ ΣΠΕΡΜΑΤΟΖΩΑΡΙΩΝ, ΔΟΚΙΜΑΣΙΑ ΔΙΕΙΣΔΥΣΗΣ ΣΕ ΧΑΜΣΤΕΡ;;;;;
9633;B318567;ΕΚΤΙΜΗΣΗ ΤΩΝ ΣΠΕΡΜΑΤΟΖΩΑΡΙΩΝ, ΔΟΚΙΜΑΣΙΑ ΔΙΕΙΣΔΥΣΗΣ ΣΤΗΝ ΤΡΑΧΗΛΙΚΗ ΒΛΕΝΝΗ, ΜΕ Ή ΧΩΡΙΣ  ΔΟΚΙΜΑΣΙΑ SPINNABARKEIT;;;;;
9634;B318569;ΕΚΤΙΜΗΣΗ ΣΠΕΡΜΑΤΟΖΩΑΡΙΩΝ, ΓΙΑ ΠΑΛΙΝΔΡΟΜΗ ΕΚΣΠΕΡΜΑΤΙΣΗ, ΟΥΡΑ (ΣΥΓΚΕΝΤΡΩΣΗ  ΣΠΕΡΜΑΤΟΖΩΑΡΙΩΝ, ΚΙΝΗΤΙΚΟΤΗΤΑ, ΚΑΙ ΜΟΡΦΟΛΟΓΙΑ, ΟΠΩΣ ΕΝΔΕΙΚΝΥΤΑΙ);;;;;
9635;B318577;ΚΡΥΟΣΥΝΤΗΡΗΣΗ, ΑΝΑΠΑΡΑΓΩΓΙΚΟΣ ΙΣΤΟΣ, ΟΡΧΙΚΟΣ;;;;;
9636;B318591;ΑΠΟΘΗΚΕΥΣΗ (ΑΝΑ ΕΤΟΣ), ΕΜΒΡΥΟ(Α);;;;;
9637;B318593;ΑΠΟΘΗΚΕΥΣΗ (ΑΝΑ ΕΤΟΣ), ΣΠΕΡΜΑΤΟΖΩΑΡΙΑ/ΣΠΕΡΜΑ;;;;;
9638;B318595;ΑΠΟΘΗΚΕΥΣΗ (ΑΝΑ ΕΤΟΣ), ΑΝΑΠΑΡΑΓΩΓΙΚΟΣ ΙΣΤΟΣ, ΟΡΧΙΚΟΣ/ΩΟΘΗΚΙΚΟΣ;;;;;
9639;B318599;ΑΠΟΘΗΚΕΥΣΗ (ΑΝΑ ΕΤΟΣ), ΩΟΚΥΤΤΑΡΟ(Α);;;;;
9640;B318611;ΑΠΟΨΥΞΗ ΤΩΝ ΚΡΥΟΣΥΝΤΗΡΗΜΕΝΩΝ, ΕΜΒΡΥΟ(Α);;;;;
9641;B318613;ΑΠΟΨΥΞΗ ΤΩΝ ΚΡΥΟΣΥΝΤΗΡΗΜΕΝΩΝ, ΣΠΕΡΜΑΤΟΖΩΑΡΙΑ/ΣΠΕΡΜΑ, ΚΑΘΕ ΔΕΙΓΜΑ;;;;;
9642;B318615;ΑΠOΨΥΞΗ ΤΩΝ ΚΡΥΟΣΥΝΤΗΡΗΜΕΝΩΝ, ΑΝΑΠΑΡΑΓΩΓΙΚΟΣ ΙΣΤΟΣ, ΟΡΧΙΚΟΣ/ΩΟΘΗΚΙΚΟΣ;;;;;
9643;B318619;ΑΠΟΨΥΞΗ ΤΩΝ ΚΡΥΟΣΥΝΤΗΡΗΜΕΝΩΝ, ΩΟΚΥΤΤΑΡΑ, ΚΑΘΕ ΔΕΙΓΜΑ;;;;;
