ΕΛΛΗΝΙΚΗ ΟΝΟΜΑΤΟΛΟΓΙΑ ΚΑΙ ΚΩΔΙΚΟΠΟΙΗΣΗ ΤΩΝ ΙΑΤΡΙΚΩΝ ΠΡΑΞΕΩΝ;;;;;;;
Α/α;ΚΩΔΙΚΟΣ;ΤΕΛΙΚΕΣ ΟΝΟΜΑΣΙΕΣ ΙΑΤΡΙΚΩΝ ΠΡΑΞΕΩΝ;;;;;
Α. ΠΡΑΞΕΙΣ ΑΙΝΑΙΣΘΗΣΙΑΣ;;;;;;;
1;A400001;ΑΝΑΙΣΘΗΣΙΑ ΓΙΑ ΕΠΕΜΒΑΣΕΙΣ ΠΟΥ ΑΦΟΡΟΥΝ ΤΟΥΣ ΣΙΕΛΟΓΟΝΟΥΣ ΑΔΕΝΕΣ, ΣΥΜΠΕΡΙΛΑΜΒΑΝΟΜΕΝΗΣ ΤΗΣ ΒΙΟΨΙΑΣ;;;;;
2;A400005;ΑΝΑΙΣΘΗΣΙΑ ΓΙΑ ΕΠΕΜΒΑΣΕΙΣ ΣΧΕΤΙΚΕΣ ΜΕ ΤΗΝ ΠΛΑΣΤΙΚΗ ΔΙΟΡΘΩΣΗ ΧΕΙΛΕΟΣΧΙΣΤΙΑΣ (ΛΥΚΟΣΤΟΜΑ);;;;;
3;A400007;ΑΝΑΙΣΘΗΣΙΑ ΓΙΑ ΕΠΕΜΒΑΣΕΙΣ ΕΠΑΝΟΡΘΩΤΙΚΗΣ ΧΕΙΡΟΥΡΓΙΚΗΣ ΒΛΕΦΑΡΩΝ (Π.Χ. ΒΛΕΦΑΡΟΠΛΑΣΤΙΚΗ ΕΓΧΕΙΡΗΣΗ ΒΛΕΦΑΡΟΠΤΩΣΗΣ);;;;;
4;A400009;ΑΝΑΙΣΘΗΣΙΑ ΓΙΑ ΗΛΕΚΤΡΟΣΠΑΣΜΟΘΕΡΑΠΕΙΑ;;;;;
5;A400041;ΑΝΑΙΣΘΗΣΙΑ ΓΙΑ ΕΠΕΜΒΑΣΕΙΣ ΠΟΥ ΑΦΟΡΟΥΝ ΤΟ ΕΞΩ, ΤΟ ΜΕΣΟΝ ΚΑΙ ΤΟ ΕΣΩ ΟΥΣ, ΣΥΜΠΕΡΙΛΑΜΒΑΝΟΜΕΝΗΣ ΤΗΣ ΒΙΟΨΙΑΣ· ΔΕΝ ΠΡΟΣΔΙΟΡΙΖΕΤΑΙ ΠΕΡΑΙΤΕΡΩ;;;;;
6;A400049;ΑΝΑΙΣΘΗΣΙΑ ΓΙΑ ΕΠΕΜΒΑΣΕΙΣ ΠΟΥ ΑΦΟΡΟΥΝ ΤΟ ΕΞΩ, ΤΟ ΜΕΣΟΝ ΚΑΙ ΤΟ ΕΣΩ ΟΥΣ, ΣΥΜΠΕΡΙΛΑΜΒΑΝΟΜΕΝΗΣ ΤΗΣ ΒΙΟΨΙΑΣ· ΩΤΟΣΚΟΠΗΣΗ;;;;;
7;A400053;ΑΝΑΙΣΘΗΣΙΑ ΓΙΑ ΕΠΕΜΒΑΣΕΙΣ ΠΟΥ ΑΦΟΡΟΥΝ ΤΟ ΕΞΩ, ΤΟ ΜΕΣΟΝ ΚΑΙ ΤΟ ΕΣΩ ΟΥΣ, ΣΥΜΠΕΡΙΛΑΜΒΑΝΟΜΕΝΗΣ ΤΗΣ ΒΙΟΨΙΑΣ· ΤΟΜΗ ΤΥΜΠΑΝΙΚΟΥ ΥΜΕΝΑ;;;;;
8;A400081;ΑΝΑΙΣΘΗΣΙΑ ΓΙΑ ΕΠΕΜΒΑΣΕΙΣ ΠΟΥ ΑΦΟΡΟΥΝ ΤΟΝ ΟΦΘΑΛΜΟ· ΔΕΝ ΠΡΟΣΔΙΟΡΙΖΕΤΑΙ ΠΕΡΑΙΤΕΡΩ;;;;;
9;A400085;ΑΝΑΙΣΘΗΣΙΑ ΓΙΑ ΕΠΕΜΒΑΣΕΙΣ ΠΟΥ ΑΦΟΡΟΥΝ ΤΟΝ ΟΦΘΑΛΜΟ· ΧΕΙΡΟΥΡΓΙΚΗ ΦΑΚΩΝ;;;;;
10;A400089;ΑΝΑΙΣΘΗΣΙΑ ΓΙΑ ΕΠΕΜΒΑΣΕΙΣ ΠΟΥ ΑΦΟΡΟΥΝ ΤΟΝ ΟΦΘΑΛΜΟ· ΜΕΤΑΜΟΣΧΕΥΣΗ ΚΕΡΑΤΟΕΙΔΟΥΣ;;;;;
11;A400091;ΑΝΑΙΣΘΗΣΙΑ ΓΙΑ ΕΠΕΜΒΑΣΕΙΣ ΠΟΥ ΑΦΟΡΟΥΝ ΤΟΝ ΟΦΘΑΛΜΟ· ΥΑΛΟΕΙΔΟ-ΑΜΦΙΒΛΗΣΤΡΟΕΙΔΙΚΗ ΧΕΙΡΟΥΡΓΙΚΗ;;;;;
12;A400095;ΑΝΑΙΣΘΗΣΙΑ ΓΙΑ ΕΠΕΜΒΑΣΕΙΣ ΠΟΥ ΑΦΟΡΟΥΝ ΤΟΝ ΟΦΘΑΛΜΟ· ΙΡΙΔΕΚΤΟΜΗ;;;;;
13;A400097;ΑΝΑΙΣΘΗΣΙΑ ΓΙΑ ΕΠΕΜΒΑΣΕΙΣ ΠΟΥ ΑΦΟΡΟΥΝ ΤΟΝ ΟΦΘΑΛΜΟ· ΟΦΘΑΛΜΟΣΚΟΠΗΣΗ;;;;;
14;A400121;ΑΝΑΙΣΘΗΣΙΑ ΓΙΑ ΕΠΕΜΒΑΣΕΙΣ ΠΟΥ ΑΦΟΡΟΥΝ ΤΗ ΡΙΝΑ ΚΑΙ ΕΠΙΚΟΥΡΙΚΕΣ ΚΟΙΛΟΤΗΤΕΣ·ΔΕΝ ΠΡΟΣΔΙΟΡΙΖΕΤΑΙ ΠΕΡΑΙΤΕΡΩ;;;;;
15;A400125;ΑΝΑΙΣΘΗΣΙΑ ΓΙΑ ΕΠΕΜΒΑΣΕΙΣ ΠΟΥ ΑΦΟΡΟΥΝ ΤΗ ΡΙΝΑ ΚΑΙ ΕΠΙΚΟΥΡΙΚΕΣ ΚΟΙΛΟΤΗΤΕΣ· ΡΙΖΙΚΗ ΕΠΕΜΒΑΣΗ;;;;;
16;A400129;ΑΝΑΙΣΘΗΣΙΑ ΓΙΑ ΕΠΕΜΒΑΣΕΙΣ ΠΟΥ ΑΦΟΡΟΥΝ ΤΗ ΡΙΝΑ ΚΑΙ ΕΠΙΚΟΥΡΙΚΕΣ ΚΟΙΛΟΤΗΤΕΣ· ΒΙΟΨΙΑ, ΜΑΛΑΚΟΣ ΙΣΤΟΣ;;;;;
17;A400141;ΑΝΑΙΣΘΗΣΙΑ ΓΙΑ ΕΝΔΟΣΤΟΜΑΤΙΚΕΣ ΕΠΕΜΒΑΣΕΙΣ, ΣΥΜΠΕΡΙΛΑΜΒΑΝΟΜΕΝΗΣ ΤΗΣ ΒΙΟΨΙΑΣ· ΔΕΝ ΠΡΟΣΔΙΟΡΙΖΕΤΑΙ  ΠΕΡΑΙΤΕΡΩ;;;;;
18;A400145;ΑΝΑΙΣΘΗΣΙΑ ΓΙΑ ΕΝΔΟΣΤΟΜΑΤΙΚΕΣ ΕΠΕΜΒΑΣΕΙΣ, ΣΥΜΠΕΡΙΛΑΜΒΑΝΟΜΕΝΗΣ ΤΗΣ ΒΙΟΨΙΑΣ· ΑΠΟΚΑΤΑΣΤΑΣΗ  ΥΠΕΡΩΙΟΣΧΙΣΤΙΑΣ (ΛΥΚΟΣΤΟΜΑ);;;;;
19;A400149;ΑΝΑΙΣΘΗΣΙΑ ΓΙΑ ΕΝΔΟΣΤΟΜΑΤΙΚΕΣ ΕΠΕΜΒΑΣΕΙΣ, ΣΥΜΠΕΡΙΛΑΜΒΑΝΟΜΕΝΗΣ ΤΗΣ ΒΙΟΨΙΑΣ· ΕΚΤΟΜΗ ΟΠΙΣΘΟΦΑΡΥΓΓΙΚΟΥ ΟΓΚΟΥ;;;;;
20;A400153;ΑΝΑΙΣΘΗΣΙΑ ΓΙΑ ΕΝΔΟΣΤΟΜΑΤΙΚΕΣ ΕΠΕΜΒΑΣΕΙΣ, ΣΥΜΠΕΡΙΛΑΜΒΑΝΟΜΕΝΗΣ ΤΗΣ ΒΙΟΨΙΑΣ· ΡΙΖΙΚΗ ΕΠΕΜΒΑΣΗ;;;;;
21;A400181;ΑΝΑΙΣΘΗΣΙΑ ΓΙΑ ΕΠΕΜΒΑΣΕΙΣ ΠΟΥ ΑΦΟΡΟΥΝ TA  ΟΣΤΑ  ΤΟΥ ΠΡΟΣΩΠΟΥ Ή ΤΟ ΚΡΑΝΙΟ.ΔΕΝ ΠΡΟΣΔΙΟΡΙΖΕΤΑΙ  ΠΕΡΑΙΤΕΡΩ;;;;;
22;A400185;ΑΝΑΙΣΘΗΣΙΑ ΓΙΑ ΕΠΕΜΒΑΣΕΙΣ ΠΟΥ ΑΦΟΡΟΥΝ ΤΑ  ΟΣΤΑ  ΤΟΥ ΠΡΟΣΩΠΟΥ Ή ΤΟ ΚΡΑΝΙΟ.ΡΙΖΙΚΗ ΕΠΕΜΒΑΣΗ (ΣΥΜΠΕΡΙΛΑΜΒΑΝΟΜΕΝΟΥ ΤΟΥ ΠΡΟΓΝΑΘΙΣΜΟΥ);;;;;
23;A400221;ΑΝΑΙΣΘΗΣΙΑ ΓΙΑ ΕΝΔΟΚΡΑΝΙΑΚΕΣ ΕΠΕΜΒΑΣΕΙΣ· ΔΕΝ ΠΡΟΣΔΙΟΡΙΖΕΤΑΙ ΠΕΡΑΙΤΕΡΩ;;;;;
24;A400223;ΑΝΑΙΣΘΗΣΙΑ ΓΙΑ ΕΝΔΟΚΡΑΝΙΑΚΕΣ ΕΠΕΜΒΑΣΕΙΣ· ΚΡΑΝΙΟΤΟΜΗ Ή ΚΡΑΝΙΕΚΤΟΜΗ ΓΙΑ ΤΗΝ ΠΑΡΟΧΕΤΕΥΣΗ ΑΙΜΑΤΩΜΑΤΟΣ;;;;;
25;A400225;ΑΝΑΙΣΘΗΣΙΑ ΓΙΑ ΕΝΔΟΚΡΑΝΙΑΚΕΣ ΕΠΕΜΒΑΣΕΙΣ· ΥΠΟΣΚΛΗΡΙΔΙΕΣ ΠΑΡΑΚΕΝΤΗΣΕΙΣ;;;;;
26;A400229;ΑΝΑΙΣΘΗΣΙΑ ΓΙΑ ΕΝΔΟΚΡΑΝΙΑΚΕΣ ΕΠΕΜΒΑΣΕΙΣ· ΟΠΕΣ ΚΡΑΝΙΟΑΝΑΤΡΗΣΗΣ, ΣΥΜΠΕΡΙΛΑΜΒΑΝΟΜΕΝΗΣ ΤΗΣ ΚΟΙΛΙΟΓΡΑΦΙΑΣ;;;;;
27;A400231;ΑΝΑΙΣΘΗΣΙΑ ΓΙΑ ΕΝΔΟΚΡΑΝΙΑΚΕΣ ΕΠΕΜΒΑΣΕΙΣ· ΚΡΑΝΙΟΠΛΑΣΤΙΚΗ Ή ΕΠΑΝΑΦΟΡΑ ΣΥΜΠΙΕΣΤΙΚΟΥ ΚΡΑΝΙΑΚΟΥ ΚΑΤΑΓΜΑΤΟΣ, ΕΠΙΣΚΛΗΡΙΔΙΟΥ (ΑΠΛΟΥ Ή ΣΥΝΘΕΤΟΥ);;;;;
28;A400233;ΑΝΑΙΣΘΗΣΙΑ ΓΙΑ ΕΝΔΟΚΡΑΝΙΑΚΕΣ ΕΠΕΜΒΑΣΕΙΣ· ΕΠΕΜΒΑΣΕΙΣ ΠΟΥ ΑΦΟΡΟΥΝ ΑΓΓΕΙΑ;;;;;
29;A400237;ΑΝΑΙΣΘΗΣΙΑ ΓΙΑ ΕΝΔΟΚΡΑΝΙΑΚΕΣ ΕΠΕΜΒΑΣΕΙΣ· ΕΠΕΜΒΑΣΕΙΣ ΜΕ ΤΟΝ ΑΣΘΕΝΗ ΣΕ ΚΑΘΙΣΤΗ ΣΤΑΣΗ;;;;;
30;A400241;ΑΝΑΙΣΘΗΣΙΑ ΓΙΑ ΕΝΔΟΚΡΑΝΙΑΚΕΣ ΕΠΕΜΒΑΣΕΙΣ· ΕΠΕΜΒΑΣΕΙΣ ΠΑΡΟΧΕΤΕΥΣΗΣ ΕΓΚΕΦΑΛΟΝΩΤΙΑΙΟΥ ΥΓΡΟΥ;;;;;
31;A400245;ΑΝΑΙΣΘΗΣΙΑ ΓΙΑ ΕΝΔΟΚΡΑΝΙΑΚΕΣ ΕΠΕΜΒΑΣΕΙΣ· ΗΛΕΚΤΡΟΚΑΥΤΗΡΙΑΣΗ ΤΟΥ ΕΝΔΟΚΡΑΝΙΑΚΟΥ ΝΕΥΡΟΥ;;;;;
32;A400401;ΑΝΑΙΣΘΗΣΙΑ ΓΙΑ ΟΛΕΣ ΤΙΣ ΕΠΕΜΒΑΣΕΙΣ ΠΟΥ ΑΦΟΡΟΥΝ ΤΟ ΔΕΡΜΑ, ΤΟΥΣ ΜΥΕΣ ΚΑΙ  ΤΑ ΝΕΥΡΑ ΤΗΣ ΚΕΦΑΛΗΣ, ΤΟΥ ΑΥΧΕΝΑ ΚΑΙ ΤΟΥ ΟΠΙΣΘΙΟΥ ΤΜΗΜΑΤΟΣ ΤΟΥ ΚΟΡΜΟΥ·ΔΕΝ ΠΡΟΣΔΙΟΡΙΖΕΤΑΙ ΠΕΡΑΙΤΕΡΩ;;;;;
33;A400441;ΑΝΑΙΣΘΗΣΙΑ ΓΙΑ ΟΛΕΣ ΤΙΣ ΕΠΕΜΒΑΣΕΙΣ ΠΟΥ ΑΦΟΡΟΥΝ ΤΟΝ ΟΙΣΟΦΑΓΟ, ΤΟΝ ΘΥΡΕΟΕΙΔΗ, ΤΟΝ ΛΑΡΥΓΓΑ, ΤΗΝ ΤΡΑΧΕΙΑ ΚΑΙ ΤΟ ΛΕΜΦΙΚΟ ΣΥΣΤΗΜΑ ΤΟΥ ΑΥΧΕΝΑ· ΔΕΝ ΠΡΟΣΔΙΟΡΙΖΕΤΑΙ ΠΕΡΑΙΤΕΡΩ, ΓΙΑ ΗΛΙΚΙΕΣ ΕΝΟΣ ΕΤΟΥΣ ΚΑΙ ΠΑΝΩ;;;;;
34;A400445;ΑΝΑΙΣΘΗΣΙΑ ΓΙΑ ΟΛΕΣ ΤΙΣ ΕΠΕΜΒΑΣΕΙΣ ΠΟΥ ΑΦΟΡΟΥΝ ΤΟΝ ΟΙΣΟΦΑΓΟ, ΤΟΝ ΘΥΡΕΟΕΙΔΗ, ΤΟΝ ΛΑΡΥΓΓΑ, ΤΗΝ ΤΡΑΧΕΙΑ ΚΑΙ ΤΟ ΛΕΜΦΙΚΟ ΣΥΣΤΗΜΑ ΤΟΥ ΑΥΧΕΝΑ· ΒΙΟΨΙΑ ΔΙ' ΑΝΑΡΡΟΦΗΣΗΣ ΜΕ ΒΕΛΟΝΑ ΑΠΟ ΤΟΝ ΘΥΡΕΟΕΙΔΗ;;;;;
35;A400453;ΑΝΑΙΣΘΗΣΙΑ ΓΙΑ ΟΛΕΣ ΤΙΣ ΕΠΕΜΒΑΣΕΙΣ ΠΟΥ ΑΦΟΡΟΥΝ ΤΟΝ ΛΑΡΥΓΓΑ ΚΑΙ ΤΗΝ ΤΡΑΧΕΙΑ ΣΕ ΠΑΙΔΙΑ ΜΙΚΡΟΤΕΡΑ ΤΟΥ ΕΝΟΣ ΕΤΟΥΣ;;;;;
36;A400501;ΑΝΑΙΣΘΗΣΙΑ ΓΙΑ ΕΠΕΜΒΑΣΕΙΣ ΠΟΥ ΑΦΟΡΟΥΝ ΤΑ ΚΥΡΙΑ ΑΓΓΕΙΑ ΤΟΥ ΑΥΧΕΝΑ· ΔΕΝ ΠΡΟΣΔΙΟΡΙΖΕΤΑΙ  ΠΕΡΑΙΤΕΡΩ;;;;;
37;A400505;ΑΝΑΙΣΘΗΣΙΑ ΓΙΑ ΕΠΕΜΒΑΣΕΙΣ ΠΟΥ ΑΦΟΡΟΥΝ ΤΑ ΚΥΡΙΑ ΑΓΓΕΙΑ ΤΟΥ ΑΥΧΕΝΑ· ΑΠΛΗ ΑΠΟΛΙΝΩΣΗ;;;;;
38;A400601;ΑΝΑΙΣΘΗΣΙΑ ΓΙΑ ΕΠΕΜΒΑΣΕΙΣ ΠΟΥ ΑΦΟΡΟΥΝ ΤΟ ΔΕΡΜΑ ΣΤΑ ΑΚΡΑ, ΤΟ ΠΡΟΣΘΙΟ ΤΜΗΜΑ ΤΟΥ ΚΟΡΜΟΥ ΚΑΙ ΤΟ ΠΕΡΙΝΕΟ·ΔΕΝ ΠΡΟΣΔΙΟΡΙΖΕΤΑΙ ΠΕΡΑΙΤΕΡΩ;;;;;
39;A400605;ΑΝΑΙΣΘΗΣΙΑ ΓΙΑ ΕΠΕΜΒΑΣΕΙΣ ΠΟΥ ΑΦΟΡΟΥΝ ΤΟ ΔΕΡΜΑ ΣΤΑ ΑΚΡΑ, ΤΟ ΠΡΟΣΘΙΟ ΤΜΗΜΑ ΤΟΥ ΚΟΡΜΟΥ ΚΑΙ ΤΟ ΠΕΡΙΝΕΟ· ΕΠΑΝΟΡΘΩΤΙΚΕΣ ΕΠΕΜΒΑΣΕΙΣ ΣΤΟ ΓΥΝΑΙΚΕΙΟ ΣΤΗΘΟΣ (Π.Χ. ΜΕΙΩΤΙΚΗ Ή ΑΥΞΗΤΙΚΗ ΠΛΑΣΤΙΚΗ ΣΤΗΘΟΥΣ, ΜΥΙΚΟΙ ΚΡΗΜΝΟΙ);;;;;
40;A400609;ΑΝΑΙΣΘΗΣΙΑ ΓΙΑ ΕΠΕΜΒΑΣΕΙΣ ΠΟΥ ΑΦΟΡΟΥΝ ΤΟ ΔΕΡΜΑ ΣΤΑ ΑΚΡΑ, ΤΟ ΠΡΟΣΘΙΟ ΤΜΗΜΑ ΤΟΥ ΚΟΡΜΟΥ ΚΑΙ ΤΟ ΠΕΡΙΝΕΟ· ΡΙΖΙΚΕΣ Ή ΤΡΟΠΟΠΟΙΗΜΕΝΕΣ-ΡΙΖΙΚΕΣ ΕΠΕΜΒΑΣΕΙΣ ΠΟΥ ΑΦΟΡΟΥΝ ΤΟ ΓΥΝΑΙΚΕΙΟ ΣΤΗΘΟΣ;;;;;
41;A400613;ΑΝΑΙΣΘΗΣΙΑ ΓΙΑ ΕΠΕΜΒΑΣΕΙΣ ΠΟΥ ΑΦΟΡΟΥΝ ΤΟ ΔΕΡΜΑ ΣΤΑ ΑΚΡΑ, ΤΟ ΠΡΟΣΘΙΟ ΤΜΗΜΑ ΤΟΥ ΚΟΡΜΟΥ ΚΑΙ ΤΟ ΠΕΡΙΝΕΟ· ΡΙΖΙΚΕΣ Ή ΤΡΟΠΟΠΟΙΗΜΕΝΕΣ-ΡΙΖΙΚΕΣ ΕΠΕΜΒΑΣΕΙΣ ΠΟΥ ΑΦΟΡΟΥΝ ΤΟ ΓΥΝΑΙΚΕΙΟ ΣΤΗΘΟΣ ΜΕ ΕΚΤΟΜΗ ΟΖΟΥ;;;;;
42;A400621;ΑΝΑΙΣΘΗΣΙΑ ΓΙΑ ΕΠΕΜΒΑΣΕΙΣ ΠΟΥ ΑΦΟΡΟΥΝ ΤΟ ΔΕΡΜΑ ΣΤΑ ΑΚΡΑ, ΤΟ ΠΡΟΣΘΙΟ ΤΜΗΜΑ ΤΟΥ ΚΟΡΜΟΥ ΚΑΙ ΤΟ ΠΕΡΙΝΕΟ· ΗΛΕΚΤΡΙΚΗ ΑΝΑΤΑΞΗ ΑΡΡΥΘΜΙΩΝ;;;;;
43;A400701;ΑΝΑΙΣΘΗΣΙΑ ΓΙΑ ΕΠΕΜΒΑΣΕΙΣ ΠΟΥ ΑΦΟΡΟΥΝ ΤΗΝ ΚΛΕΙΔΑ ΚΑΙ ΤΗΝ ΩΜΟΠΛΑΤΗ·ΔΕΝ ΠΡΟΣΔΙΟΡΙΖΕΤΑΙ ΠΕΡΑΙΤΕΡΩ;;;;;
44;A400705;ΑΝΑΙΣΘΗΣΙΑ ΓΙΑ ΕΠΕΜΒΑΣΕΙΣ ΠΟΥ ΑΦΟΡΟΥΝ ΤΗΝ ΚΛΕΙΔΑ ΚΑΙ ΤΗΝ ΩΜΟΠΛΑΤΗ· ΡΙΖΙΚΗ ΕΠΕΜΒΑΣΗ;;;;;
45;A400709;ΑΝΑΙΣΘΗΣΙΑ ΓΙΑ ΕΠΕΜΒΑΣΕΙΣ ΠΟΥ ΑΦΟΡΟΥΝ ΤΗΝ ΚΛΕΙΔΑ ΚΑΙ ΤΗΝ ΩΜΟΠΛΑΤΗ· ΒΙΟΨΙΑ ΣΤΗΝ ΚΛΕΙΔΑ;;;;;
46;A400741;ΑΝΑΙΣΘΗΣΙΑ ΓΙΑ ΜΕΡΙΚΗ ΕΚΤΟΜΗ ΤΩΝ ΠΛΕΥΡΩΝ· ΔΕΝ ΠΡΟΣΔΙΟΡΙΖΕΤΑΙ ΠΕΡΑΙΤΕΡΩ;;;;;
47;A400745;ΑΝΑΙΣΘΗΣΙΑ ΓΙΑ ΜΕΡΙΚΗ ΕΚΤΟΜΗ ΤΩΝ ΠΛΕΥΡΩΝ· ΘΩΡΑΚΟΠΛΑΣΤΙΚΗ (ΟΠΟΙΟΥΔΗΠΟΤΕ ΕΙΔΟΥΣ);;;;;
48;A400749;ΑΝΑΙΣΘΗΣΙΑ ΓΙΑ ΜΕΡΙΚΗ ΕΚΤΟΜΗ ΤΩΝ ΠΛΕΥΡΩΝ· ΡΙΖΙΚΕΣ ΕΠΕΜΒΑΣΕΙΣ (Π.Χ. ΘΩΡΑΚΑΣ ΥΠΟΔΗΜΑΤΟΠΟΙΩΝ);;;;;
49;A400801;ΑΝΑΙΣΘΗΣΙΑ ΓΙΑ ΟΛΕΣ ΤΙΣ ΕΠΕΜΒΑΣΕΙΣ ΠΟΥ ΑΦΟΡΟΥΝ ΤΟΝ ΟΙΣΟΦΑΓΟ;;;;;
50;A400841;ΑΝΑΙΣΘΗΣΙΑ ΓΙΑ ΕΠΕΜΒΑΣΕΙΣ ΜΕ ΚΛΕΙΣΤΟ ΘΩΡΑΚΙΚΟ ΤΟΙΧΩΜΑ· (ΣΥΜΠΕΡΙΛΑΜΒΑΝΟΜΕΝΗΣ ΤΗΣ ΒΡΟΓΧΟΣΚΟΠΗΣΗΣ) ΔΕΝ  ΠΡΟΣΔΙΟΡΙΖΕΤΑΙ ΠΕΡΑΙΤΕΡΩ;;;;;
51;A400845;ΑΝΑΙΣΘΗΣΙΑ ΓΙΑ ΕΠΕΜΒΑΣΕΙΣ ΜΕ ΚΛΕΙΣΤΟ ΘΩΡΑΚΙΚΟ ΤΟΙΧΩΜΑ· ΒΙΟΨΙΑ ΔΙ' ΑΝΑΡΡΟΦΗΣΗΣ ΜΕ ΒΕΛΟΝΑ ΑΠΟ ΤΟΝ ΥΠΕΖΩΚΟΤΑ;;;;;
52;A400849;ΑΝΑΙΣΘΗΣΙΑ ΓΙΑ ΕΠΕΜΒΑΣΕΙΣ ΜΕ ΚΛΕΙΣΤΟ ΘΩΡΑΚΙΚΟ ΤΟΙΧΩΜΑ· ΠΑΡΑΚΕΝΤΗΣΗ ΤΟΥ ΠΝΕΥΜΟΝΟΣ;;;;;
53;A400857;ΑΝΑΙΣΘΗΣΙΑ ΓΙΑ ΕΠΕΜΒΑΣΕΙΣ ΜΕ ΚΛΕΙΣΤΟ ΘΩΡΑΚΙΚΟ ΤΟΙΧΩΜΑ· ΜΕΣΟΘΩΡΑΚΟΣΚΟΠΗΣΗ ΚΑΙ ΔΙΑΓΝΩΣΤΙΚΗ ΘΩΡΑΚΟΣΚΟΠΗΣΗ ΧΩΡΙΣ ΜΗΧΑΝΙΚΟ ΑΕΡΙΣΜΟΥ ΤΟΥ ΕΝΟΣ ΠΝΕΥΜΟΝΑ;;;;;
54;A400859;ΑΝΑΙΣΘΗΣΙΑ ΓΙΑ ΕΠΕΜΒΑΣΕΙΣ ΜΕ ΚΛΕΙΣΤΟ ΘΩΡΑΚΙΚΟ ΤΟΙΧΩΜΑ· ΜΕΣΟΘΩΡΑΚΟΣΚΟΠΗΣΗ ΚΑΙ ΔΙΑΓΝΩΣΤΙΚΗ ΘΩΡΑΚΟΣΚΟΠΗΣΗ ΜΕ ΜΗΧΑΝΙΚΟ ΑΕΡΙΣΜΟΥ ΤΟΥ ΕΝΟΣ ΠΝΕΥΜΟΝΑ;;;;;
55;A400861;ΑΝΑΙΣΘΗΣΙΑ ΓΙΑ ΤΟΠΟΘΕΤΗΣΗ ΜΟΝΙΜΟΥ ΔΙΑΦΛΕΒΙΟΥ ΒΗΜΑΤΟΔΟΤΗ;;;;;
56;A400865;ΑΝΑΙΣΘΗΣΙΑ ΓΙΑ ΠΡΟΣΒΑΣΗ ΣΤΗΝ ΚΕΝΤΡΙΚΗ ΦΛΕΒΙΚΗ ΚΥΚΛΟΦΟΡΙΑ;;;;;
57;A400869;ΑΝΑΙΣΘΗΣΙΑ ΓΙΑ ΔΙΑΦΛΕΒΙΑ ΕΙΣΑΓΩΓΗ Ή ΑΝΤΙΚΑΤΑΣΤΑΣΗ TOY  ΑΠΙΝΙΔΩΤΗ-ΒΗΜΑΤΟΔΟΤΗ;;;;;
58;A400875;ΑΝΑΙΣΘΗΣΙΑ ΓΙΑ ΚΑΡΔΙΑΚΕΣ ΗΛΕΚΤΡΟΦΥΣΙΟΛΟΓΙΚΕΣ ΕΠΕΜΒΑΣΕΙΣ ΣΥΜΠΕΡΙΛΑΜΒΑΝΟΜΕΝΗΣ ΤΗΣ ΑΦΑΙΡΕΣΗΣ ΜΕ ΡΑΔΙΟΣΥΧΝΟΤΗΤΑ;;;;;
59;A400879;ΑΝΑΙΣΘΗΣΙΑ ΓΙΑ ΤΡΑΧΕΙΟΒΡΟΓΧΙΚΗ ΑΝΑΚΑΤΑΣΚΕΥΗ;;;;;
60;A400881;ΑΝΑΙΣΘΗΣΙΑ ΓΙΑ ΕΠΕΜΒΑΣΕΙΣ ΘΩΡΑΚΟΤΟΜΗΣ ΠΟΥ ΑΦΟΡΟΥΝ ΤΟΥΣ ΠΝΕΥΜΟΝΕΣ, ΤΟΝ ΥΠΕΖΩΚΟΤΑ, ΤΟ ΔΙΑΦΡΑΓΜΑ ΚΑΙ ΤΟ ΜΕΣΟΘΩΡΑΚΙΟ (ΣΥΜΠΕΡΙΛΑΜΒΑΝΟΜΕΝΗΣ ΚΑΙ ΤΗΣ ΧΕΙΡΟΥΡΓΙΚΗΣ ΘΩΡΑΚΟΣΚΟΠΗΣΗΣ)·ΔΕΝ ΠΡΟΣΔΙΟΡΙΖΕΤΑΙ ΠΕΡΑΙΤΕΡΩ;;;;;
61;A400883;ΑΝΑΙΣΘΗΣΙΑ ΓΙΑ ΕΠΕΜΒΑΣΕΙΣ ΘΩΡΑΚΟΤΟΜΗΣ ΠΟΥ ΑΦΟΡΟΥΝ ΤΟΥΣ ΠΝΕΥΜΟΝΕΣ, ΤΟΝ ΥΠΕΖΩΚΟΤΑ, ΤΟ ΔΙΑΦΡΑΓΜΑ, ΚΑΙ ΤΟ ΜΕΣΟΘΩΡΑΚΙΟ (ΣΥΜΠΕΡΙΛΑΜΒΑΝΟΜΕΝΗΣ ΤΗΣ ΧΕΙΡΟΥΡΓΙΚΗΣ ΘΩΡΑΚΟΣΚΟΠΗΣΗΣ)· ΜΕ ΜΗΧΑΝΙΚΟ  ΑΕΡΙΣΜΟΥ ΤΟΥ ΕΝΟΣ ΠΝΕΥΜΟΝΑ;;;;;
62;A400885;ΑΝΑΙΣΘΗΣΙΑ ΓΙΑ ΕΠΕΜΒΑΣΕΙΣ ΘΩΡΑΚΟΤΟΜΗΣ ΠΟΥ ΑΦΟΡΟΥΝ ΤΟΥΣ ΠΝΕΥΜΟΝΕΣ, ΤΟΝ ΥΠΕΖΩΚΟΤΑ, ΤΟ ΔΙΑΦΡΑΓΜΑ ΚΑΙ ΤΟ ΜΕΣΟΘΩΡΑΚΙΟ (ΣΥΜΠΕΡΙΛΑΜΒΑΝΟΜΕΝΗΣ ΤΗΣ ΧΕΙΡΟΥΡΓΙΚΗΣ ΘΩΡΑΚΟΣΚΟΠΗΣΗΣ)· ΑΠΟΦΛΟΙΩΣΗ ΤΟΥ ΥΠΕΖΩΚΟΤΟΣ;;;;;
63;A400893;ΑΝΑΙΣΘΗΣΙΑ ΓΙΑ ΕΠΕΜΒΑΣΕΙΣ ΘΩΡΑΚΟΤΟΜΗΣ ΠΟΥ ΑΦΟΡΟΥΝ ΤΟΥΣ ΠΝΕΥΜΟΝΕΣ, ΤΟΝ ΥΠΕΖΩΚΟΤΑ, ΤΟ ΔΙΑΦΡΑΓΜΑ ΚΑΙ ΤΟ ΜΕΣΟΘΩΡΑΚΙΟ (ΣΥΜΠΕΡΙΛΑΜΒΑΝΟΜΕΝΗΣ ΚΑΙ ΤΗΣ ΧΕΙΡΟΥΡΓΙΚΗΣ ΘΩΡΑΚΟΣΚΟΠΗΣΗΣ)· ΠΝΕΥΜΟΝΕΚΤΟΜΗ ΜΕ ΘΩΡΑΚΟΠΛΑΣΤΙΚΗ;;;;;
64;A400897;ΑΝΑΙΣΘΗΣΙΑ ΓΙΑ ΕΠΕΜΒΑΣΕΙΣ ΘΩΡΑΚΟΤΟΜΗΣ ΠΟΥ ΑΦΟΡΟΥΝ ΤΟΥΣ ΠΝΕΥΜΟΝΕΣ, ΤΟΝ ΥΠΕΖΩΚΟΤΑ, ΤΟ ΔΙΑΦΡΑΓΜΑ ΚΑΙ ΤΟ ΜΕΣΟΘΩΡΑΚΙΟ (ΣΥΜΠΕΡΙΛΑΜΒΑΝΟΜΕΝΗΣ ΤΗΣ ΧΕΙΡΟΥΡΓΙΚΗΣ ΘΩΡΑΚΟΣΚΟΠΗΣΗΣ) ΕΝΔΟΘΩΡΑΚΙΚΕΣ ΕΠΕΜΒΑΣΕΙΣ ΠΟΥ ΑΦΟΡΟΥΝ ΤΗΝ ΤΡΑΧΕΙΑ ΚΑΙ ΤΟΥΣ ΒΡΟΓΧΟΥΣ;;;;;
65;A400901;ΑΝΑΙΣΘΗΣΙΑ ΓΙΑ ΧΕΙΡΟΥΡΓΙΚΟ ΚΑΘΑΡΙΣΜΟ ΤΟΥ ΣΤΕΡΝΟΥ;;;;;
66;A400921;ΑΝΑΙΣΘΗΣΙΑ ΓΙΑ ΕΠΕΜΒΑΣΕΙΣ ΠΟΥ ΑΦΟΡΟΥΝ ΤΗΝ ΚΑΡΔΙΑ, ΤΟΝ ΠΕΡΙΚΑΡΔΙΑΚΟ ΣΑΚΟ ΚΑΙ ΤΑ ΜΕΓΑΛΑ ΑΓΓΕΙΑ ΤΟΥ ΘΩΡΑΚΑ· ΧΩΡΙΣ ΑΝΤΛΙΑ ΟΞΥΓΟΝΩΤΟΥ;;;;;
67;A400923;ΑΝΑΙΣΘΗΣΙΑ ΓΙΑ ΕΠΕΜΒΑΣΕΙΣ ΠΟΥ ΑΦΟΡΟΥΝ ΤΗΝ ΚΑΡΔΙΑ, ΤΟΝ ΠΕΡΙΚΑΡΔΙΑΚΟ ΣΑΚΟ ΚΑΙ ΤΑ ΜΕΓΑΛΑ ΑΓΓΕΙΑ ΤΟΥ ΣΤΗΘΟΥΣ· ΜΕ ΑΝΤΛΙΑ ΟΞΥΓΟΝΩΤΟΥ, ΓΙΑ ΗΛΙΚΙΕΣ ΜΙΚΡΟΤΕΡΕΣ ΤΟΥ ΕΝΟΣ ΕΤΟΥΣ;;;;;
68;A400925;ΑΝΑΙΣΘΗΣΙΑ ΓΙΑ ΕΠΕΜΒΑΣΕΙΣ ΠΟΥ ΑΦΟΡΟΥΝ ΤΗΝ ΚΑΡΔΙΑ, ΤΟΝ ΠΕΡΙΚΑΡΔΙΑΚΟ ΣΑΚΟ ΚΑΙ ΤΑ ΜΕΓΑΛΑ ΑΓΓΕΙΑ ΤΟΥ ΘΩΡΑΚΑ· ΜΕ ΑΝΤΛΙΑ ΟΞΥΓΟΝΩΤΟΥ, ΓΙΑ ΗΛΙΚΙΕΣ ΑΝΩ ΤΟΥ ΕΝΟΣ ΕΤΟΥΣ, ΓΙΑ ΟΛΕΣ ΤΙΣ ΕΠΕΜΒΑΣΕΙΣ ΜΗ-ΣΤΕΦΑΝΙΑΙΑΣ ΠΑΡΑΚΑΜΨΗΣ (Λ.Χ. ΕΠΕΜΒΑΣΕΙΣ ΑΝΤΙΚΑΤΑΣΤΑΣΗΣ ΒΑΛΒΙΔΑΣ) Ή ΓΙΑ ΕΠΑΝΕΓΧΕΙΡΗΣΗ ΓΙΑ ΣΤΕΦΑΝΙΑΙΑ ΠΑΡΑΚΑΜΨΗ ΣΕ ΔΙΑΣΤΗΜΑ ΜΕΓΑΛΥΤΕΡΟ ΤΟΥ ΕΝΟΣ ΜΗΝΟΣ ΑΠΟ ΤΗΝ ΠΡΩΤΗ ΕΓΧΕΙΡΗΣΗ;;;;;
69;A400927;ΑΝΑΙΣΘΗΣΙΑ ΓΙΑ ΕΠΕΜΒΑΣΕΙΣ ΠΟΥ ΑΦΟΡΟΥΝ ΤΗΝ ΚΑΡΔΙΑ, ΤΟΝ ΠΕΡΙΚΑΡΔΙΑΚΟ ΣΑΚΟ ΚΑΙ ΤΑ ΜΕΓΑΛΑ ΑΓΓΕΙΑ ΤΟΥ ΘΩΡΑΚΑ· ΜΕ ΑΝΤΛΙΑ ΟΞΥΓΟΝΩΤΟΥ ΜΕ ΥΠΟΘΕΡΜΙΚΗ ΚΥΚΛΟΦΟΡΙΚΗ ΠΑΥΣΗ;;;;;
70;A400933;ΑΝΑΙΣΘΗΣΙΑ ΓΙΑ ΜΟΣΧΕΥΜΑ ΑΜΕΣΗΣ ΑΟΡΤΟΣΤΕΦΑΝΙΑΙΑΣ ΠΑΡΑΚΑΜΨΗΣ· ΧΩΡΙΣ ΑΝΤΛΙΑ ΟΞΥΓΟΝΩΤΟΥ ΜΕ ΑΕΡΑΝΤΛΙΑ;;;;;
71;A400935;ΑΝΑΙΣΘΗΣΙΑ ΓΙΑ ΜΟΣΧΕΥΜΑ ΑΜΕΣΗΣ ΑΟΡΤΟΣΤΕΦΑΝΙΑΙΑΣ ΠΑΡΑΚΑΜΨΗΣ·  ΜΕ ΑΝΤΛΙΑ ΟΞΥΓΟΝΩΤΟΥ;;;;;
72;A400961;ΑΝΑΙΣΘΗΣΙΑ ΓΙΑ ΜΕΤΑΜΟΣΧΕΥΣΗ ΚΑΡΔΙΑΣ Ή ΜΕΤΑΜΟΣΧΕΥΣΗ ΚΑΡΔΙΑΣ/ΠΝΕΥΜΟΝΟΣ;;;;;
73;A401001;ΑΝΑΙΣΘΗΣΙΑ ΓΙΑ ΕΠΕΜΒΑΣΕΙΣ ΠΟΥ ΑΦΟΡΟΥΝ ΤΗΝ ΑΥΧΕΝΙΚΗ ΜΟΙΡΑ ΤΗΣ ΣΠΟΝΔΥΛΙΚΗΣ ΣΤΗΛΗΣ ΚΑΙ ΤΟΝ ΝΩΤΙΑΙΟ ΜΥΕΛΟ· ΔΕΝ ΠΡΟΣΔΙΟΡΙΖΕΤΑΙ ΠΕΡΑΙΤΕΡΩ;;;;;
74;A401009;ΑΝΑΙΣΘΗΣΙΑ ΓΙΑ ΕΠΕΜΒΑΣΕΙΣ ΠΟΥ ΑΦΟΡΟΥΝ ΤΗΝ ΑΥΧΕΝΙΚΗ ΜΟΙΡΑ ΤΗΣ ΣΠΟΝΔΥΛΙΚΗΣ ΣΤΗΛΗΣ ΚΑΙ ΤΟΥ ΝΩΤΙΑΙΟΥ ΜΥΕΛΟΥ· ΕΠΕΜΒΑΣΕΙΣ ΜΕ ΤΟΝ ΑΣΘΕΝΗ ΣΕ ΚΑΘΙΣΤΗ ΣΤΑΣΗ;;;;;
75;A401041;ΑΝΑΙΣΘΗΣΙΑ ΓΙΑ ΕΠΕΜΒΑΣΕΙΣ ΠΟΥ ΑΦΟΡΟΥΝ ΤΗ ΘΩΡΑΚΙΚΗ ΜΟΙΡΑ ΤΗΣ ΣΠΟΝΔΥΛΙΚΗΣ ΣΤΗΛΗΣ ΚΑΙ ΤΟΥ ΝΩΤΙΑΙΟΥ ΜΥΕΛΟΥ· ΔΕΝ ΠΡΟΣΔΙΟΡΙΖΕΤΑΙ ΠΕΡΑΙΤΕΡΩ;;;;;
76;A401045;ΑΝΑΙΣΘΗΣΙΑ ΓΙΑ ΕΠΕΜΒΑΣΕΙΣ ΠΟΥ ΑΦΟΡΟΥΝ ΤΗ ΘΩΡΑΚΙΚΗ ΜΟΙΡΑ ΤΗΣ ΣΠΟΝΔΥΛΙΚΗΣ ΣΤΗΛΗΣ ΚΑΙ ΤΟΥ ΝΩΤΙΑΙΟΥ ΜΥΕΛΟΥ· ΘΩΡΑΚΟ-ΟΣΦΥΙΚΗ ΣΥΜΠΑΘΕΚΤΟΜΗ;;;;;
77;A401051;ΑΝΑΙΣΘΗΣΙΑ ΓΙΑ ΕΠΕΜΒΑΣΕΙΣ ΠΟΥ ΑΦΟΡΟΥΝ ΤΗ ΘΩΡΑΚΙΚΗ ΜΟΙΡΑ ΤΗΣ ΣΠΟΝΔΥΛΙΚΗΣ ΣΤΗΛΗΣ ΚΑΙ ΤΟΥ ΝΩΤΙΑΙΟΥ ΜΥΕΛΟΥ, ΜΕΣΩ  ΠΡΟΣΘΙΑΣ ΔΙΑΘΩΡΑΚΙΚΗΣ ΠΡΟΣΠΕΛΑΣΗΣ· ΧΩΡΙΣ ΜΗΧΑΝΙΚΟ ΑΕΡΙΣΜΟΥ ΤΟΥ ΕΝΟΣ ΠΝΕΥΜΟΝΑ;;;;;
78;A401053;ΑΝΑΙΣΘΗΣΙΑ ΓΙΑ ΕΠΕΜΒΑΣΕΙΣ ΠΟΥ ΑΦΟΡΟΥΝ ΤΗ ΘΩΡΑΚΙΚΗ ΜΟΙΡΑ ΤΗΣ ΣΠΟΝΔΥΛΙΚΗΣ ΣΤΗΛΗΣ ΚΑΙ ΤΟΥ ΝΩΤΙΑΙΟΥ ΜΥΕΛΟΥ, ΜΕΣΩ  ΠΡΟΣΘΙΑΣ ΔΙΑΘΩΡΑΚΙΚΗΣ ΠΡΟΣΠΕΛΑΣΗΣ· ΜΕ ΧΡΗΣΗ ΜΗΧΑΝΙΚΟΥ ΑΕΡΙΣΜΟΥ ΤΟΥ ΕΝΟΣ ΠΝΕΥΜΟΝΑ;;;;;
79;A401061;ΑΝΑΙΣΘΗΣΙΑ ΓΙΑ ΕΠΕΜΒΑΣΕΙΣ ΠΟΥ ΑΦΟΡΟΥΝ ΤΗΝ ΟΣΦΥΙΚΗ ΜΟΙΡΑ· ΔΕΝ ΠΡΟΣΔΙΟΡΙΖΕΤΑΙ ΠΕΡΑΙΤΕΡΩ;;;;;
80;A401065;ΑΝΑΙΣΘΗΣΙΑ ΓΙΑ ΕΠΕΜΒΑΣΕΙΣ ΠΟΥ ΑΦΟΡΟΥΝ ΤΗΝ ΟΣΦΥΙΚΗ ΜΟΙΡΑ· ΟΣΦΥΙΚΗ ΣΥΜΠΑΘΕΚΤΟΜΗ;;;;;
81;A401069;ΑΝΑΙΣΘΗΣΙΑ ΓΙΑ ΕΠΕΜΒΑΣΕΙΣ ΠΟΥ ΑΦΟΡΟΥΝ ΤΗΝ ΟΣΦΥΙΚΗ ΜΟΙΡΑ· ΧΗΜΙΚΗ ΛΥΣΗ ΠΗΚΤΟΕΙΔΟΥΣ ΠΥΡΗΝΑ;;;;;
82;A401071;ΑΝΑΙΣΘΗΣΙΑ ΓΙΑ ΕΠΕΜΒΑΣΕΙΣ ΠΟΥ ΑΦΟΡΟΥΝ ΤΗΝ ΟΣΦΥΙΚΗ ΜΟΙΡΑ· ΔΙΑΓΝΩΣΤΙΚΗ Ή ΘΕΡΑΠΕΥΤΙΚΗ ΟΣΦΥΙΚΗ ΠΑΡΑΚΕΝΤΗΣΗ;;;;;
83;A401081;ΑΝΑΙΣΘΗΣΙΑ ΓΙΑ ΧΕΙΡΙΣΜΟ ΤΗΣ ΣΠΟΝΔΥΛΙΚΗΣ ΣΤΗΛΗΣ Ή ΓΙΑ ΚΛΕΙΣΤΕΣ ΕΠΕΜΒΑΣΕΙΣ ΠΟΥ ΑΦΟΡΟΥΝ  ΤΗΝ ΑΥΧΕΝΙΚΗ, ΤΗ ΘΩΡΑΚΙΚΗ Ή ΤΗΝ ΟΣΦΥΙΚΗ ΜΟΙΡΑ ΤΟΥ ΝΩΤΙΑΙΟΥ ΜΥΕΛΟΥ;;;;;
84;A401141;ΑΝΑΙΣΘΗΣΙΑ ΓΙΑ ΕΚΤΕΤΑΜΕΝΕΣ ΕΠΕΜΒΑΣΕΙΣ ΠΟΥ ΑΦΟΡΟΥΝ ΤΗ ΣΠΟΝΔΥΛΙΚΗ ΣΤΗΛΗ ΚΑΙ ΤΟ ΝΩΤΙΑΙΟ ΜΥΕΛΟ (Π.Χ. ΜΗΧΑΝΙΚΗ ΥΠΟΣΤΗΡΙΞΗ ΤΗΣ ΣΠΟΝΔΥΛΙΚΗΣ ΣΤΗΛΗΣ Ή ΕΠΕΜΒΑΣΕΙΣ ΠΟΥ ΑΦΟΡΟΥΝ ΑΓΓΕΙΑ);;;;;
85;A401201;ΑΝΑΙΣΘΗΣΙΑ ΓΙΑ ΕΠΕΜΒΑΣΕΙΣ ΠΟΥ ΑΦΟΡΟΥΝ ΤΟ ΑΝΩ ΠΡΟΣΘΙΟ ΚΟΙΛΙΑΚΟ ΤΟΙΧΩΜΑ·ΔΕΝ ΠΡΟΣΔΙΟΡΙΖΕΤΑΙ ΠΕΡΑΙΤΕΡΩ;;;;;
86;A401205;ΑΝΑΙΣΘΗΣΙΑ ΓΙΑ ΕΠΕΜΒΑΣΕΙΣ ΠΟΥ ΑΦΟΡΟΥΝ ΤΟ ΑΝΩ ΠΡΟΣΘΙΟ ΚΟΙΛΙΑΚΟ ΤΟΙΧΩΜΑ· ΔΙΑΔΕΡΜΙΚΗ ΒΙΟΨΙΑ ΗΠΑΤΟΣ;;;;;
87;A401261;ΑΝΑΙΣΘΗΣΙΑ ΓΙΑ ΕΠΕΜΒΑΣΕΙΣ ΠΟΥ ΑΦΟΡΟΥΝ ΤΟ ΑΝΩ ΟΠΙΣΘΙΟ ΚΟΙΛΙΑΚΟ ΤΟΙΧΩΜΑ;;;;;
88;A401281;ΑΝΑΙΣΘΗΣΙΑ ΓΙΑ ΕΝΔΟΣΚΟΠΙΚΕΣ ΕΠΕΜΒΑΣΕΙΣ ΠΟΥ ΑΦΟΡΟΥΝ ΤΟ ΑΝΩ ΓΑΣΤΡΕΝΤΕΡΙΚΟ ΣΥΣΤΗΜΑ, ΟΠΟΥ Η ΕΝΔΟΣΚΟΠΗΣΗ ΕΙΣΑΓΕΤΑΙ ΚΕΝΤΡΙΚΑ ΤΟΥ ΔΩΔΕΚΑΔΑΚΤΥΛΟΥ;;;;;
89;A401301;ΑΝΑΙΣΘΗΣΙΑ ΓΙΑ ΠΛΑΣΤΙΚΗ ΚΗΛΗΣ  ΔΕΝ ΠΡΟΣΔΙΟΡΙΖΕΤΑΙ ΠΕΡΑΙΤΕΡΩ;;;;;
90;A401305;ΑΝΑΙΣΘΗΣΙΑ ΓΙΑ ΠΛΑΣΤΙΚΗ ΚΗΛΗΣ ΣΤΗΝ ΑΝΩ ΚΟΙΛΙΑΚΗ ΧΩΡΑ· ΟΣΦΥΙΚΕΣ ΚΑΙ ΚΟΙΛΙΑΚΕΣ (ΜΕΤΕΓΧΕΙΡΗΤΙΚΕΣ) ΚΗΛΕΣ ΚΑΙ/Ή ΔΙΑΣΠΑΣΗ ΤΡΑΥΜΑΤΟΣ;;;;;
91;A401309;ΑΝΑΙΣΘΗΣΙΑ ΓΙΑ ΠΛΑΣΤΙΚΗ ΚΗΛΗΣ ΣΤΗΝ ΑΝΩ ΚΟΙΛΙΑΚΗ ΧΩΡΑ· ΟΜΦΑΛΟΚΗΛΗ;;;;;
92;A401313;ΑΝΑΙΣΘΗΣΙΑ ΓΙΑ ΠΛΑΣΤΙΚΗ ΚΗΛΗΣ ΣΤΗΝ ΑΝΩ ΚΟΙΛΙΑΚΗ ΧΩΡΑ· ΔΙΑΚΟΙΛΙΑΚΗ ΑΠΟΚΑΤΑΣΤΑΣΗ  ΔΙΑΦΡΑΓΜΑΤΙΚΗΣ ΚΗΛΗΣ;;;;;
93;A401341;ΑΝΑΙΣΘΗΣΙΑ ΓΙΑ ΟΛΕΣ ΤΙΣ ΕΠΕΜΒΑΣΕΙΣ ΠΟΥ ΑΦΟΡΟΥΝ ΤΑ ΚΥΡΙΑ ΑΙΜΟΦΟΡΑ ΑΓΓΕΙΑ ΤΗΣ ΚΟΙΛΙΑΚΗΣ ΧΩΡΑΣ;;;;;
94;A401381;ΑΝΑΙΣΘΗΣΙΑ ΓΙΑ ΕΝΔΟΠΕΡΙΤΟΝΑΪΚΕΣ ΕΠΕΜΒΑΣΕΙΣ ΣΤΗΝ ΑΝΩ ΚΟΙΛΙΑΚΗ ΧΩΡΑ, ΣΥΜΠΕΡΙΛΑΜΒΑΝΟΜΕΝΗΣ ΤΗΣ ΛΑΠΑΡΟΣΚΟΠΗΣΗΣ· ΔΕΝ ΠΡΟΣΔΙΟΡΙΖΕΤΑΙ ΠΕΡΑΙΤΕΡΩ;;;;;
95;A401385;ΑΝΑΙΣΘΗΣΙΑ ΓΙΑ ΕΝΔΟΠΕΡΙΤΟΝΑΪΚΕΣ ΕΠΕΜΒΑΣΕΙΣ ΣΤΗΝ ΑΝΩ ΚΟΙΛΙΑΚΗ ΧΩΡΑ, ΣΥΜΠΕΡΙΛΑΜΒΑΝΟΜΕΝΗΣ ΤΗΣ ΛΑΠΑΡΟΣΚΟΠΗΣΗΣ· ΜΕΡΙΚΗ ΗΠΑΤΕΚΤΟΜΗ Ή ΑΝΤΙΜΕΤΩΠΙΣΗ ΗΠΑΤΙΚΗΣ ΑΙΜΟΡΡΑΓΙΑΣ (ΕΞΑΙΡΕΣΗ ΑΠΟΤΕΛΕΙ Η ΗΠΑΤΙΚΗ ΒΙΟΨΙΑ);;;;;
96;A401389;ΑΝΑΙΣΘΗΣΙΑ ΓΙΑ ΕΝΔΟΠΕΡΙΤΟΝΑΪΚΕΣ ΕΠΕΜΒΑΣΕΙΣ ΣΤΗΝ ΑΝΩ ΚΟΙΛΙΑΚΗ ΧΩΡΑ, ΣΥΜΠΕΡΙΛΑΜΒΑΝΟΜΕΝΗΣ ΤΗΣ ΛΑΠΑΡΟΣΚΟΠΗΣΗΣ· ΠΑΓΚΡΕΑΤΕΚΤΟΜΗ, ΜΕΡΙΚΗ Ή ΟΛΙΚΗ (Π.Χ. ΕΠΕΜΒΑΣΗ ΚΑΤΑ WHIPPLE);;;;;
97;A401393;ΑΝΑΙΣΘΗΣΙΑ ΓΙΑ ΕΝΔΟΠΕΡΙΤΟΝΑΪΚΕΣ ΕΠΕΜΒΑΣΕΙΣ ΣΤΗΝ ΑΝΩ ΚΟΙΛΙΑΚΗ ΧΩΡΑ, ΣΥΜΠΕΡΙΛΑΜΒΑΝΟΜΕΝΗΣ ΤΗΣ ΛΑΠΑΡΟΣΚΟΠΗΣΗΣ· ΜΕΤΑΜΟΣΧΕΥΣΗ ΗΠΑΤΟΣ (ΔΕΚΤΗΣ);;;;;
98;A401395;ΑΝΑΙΣΘΗΣΙΑ ΓΙΑ ΕΝΔΟΠΕΡΙΤΟΝΑΪΚΕΣ ΕΠΕΜΒΑΣΕΙΣ ΣΤΗΝ ΑΝΩ ΚΟΙΛΙΑΚΗ ΧΩΡΑ, ΣΥΜΠΕΡΙΛΑΜΒΑΝΟΜΕΝΗΣ ΤΗΣ ΛΑΠΑΡΟΣΚΟΠΗΣΗΣ· ΕΠΕΜΒΑΣΗ ΠΕΡΙΟΡΙΣΜΟΥ ΤΟΥ ΣΤΟΜΑΧΟΥ;;;;;
99;A401401;ΑΝΑΙΣΘΗΣΙΑ ΓΙΑ ΕΠΕΜΒΑΣΕΙΣ ΠΟΥ ΑΦΟΡΟΥΝ ΤΟ ΚΑΤΩ ΠΡΟΣΘΙΟ ΚΟΙΛΙΑΚΟ ΤΟΙΧΩΜΑ·ΔΕΝ ΠΡΟΣΔΙΟΡΙΖΕΤΑΙ ΠΕΡΑΙΤΕΡΩ;;;;;
100;A401405;ΑΝΑΙΣΘΗΣΙΑ ΓΙΑ ΕΠΕΜΒΑΣΕΙΣ ΠΟΥ ΑΦΟΡΟΥΝ ΤΟ ΚΑΤΩ ΠΡΟΣΘΙΟ ΚΟΙΛΙΑΚΟ ΤΟΙΧΩΜΑ· ΕΚΤΟΜΗ ΠΕΡΙΣΣΕΙΑΣ ΔΕΡΜΑΤΟΛΙΠΩΔΟΥΣ ΙΣΤΟΥ;;;;;
101;A401421;ΑΝΑΙΣΘΗΣΙΑ ΓΙΑ ΕΝΔΟΣΚΟΠΙΚΕΣ ΕΠΕΜΒΑΣΕΙΣ ΠΟΥ ΑΦΟΡΟΥΝ ΤΟ ΚΑΤΩ ΓΑΣΤΡΕΝΤΕΡΙΚΟ ΣΥΣΤΗΜΑ, ΟΠΟΥ Η ΕΝΔΟΣΚΟΠΗΣΗ ΕΙΣΑΓΕΤΑΙ ΠΕΡΙΦΕΡΙΚΑ ΤΟΥ ΔΩΔΕΚΑΔΑΚΤΥΛΟΥ;;;;;
102;A401441;ΑΝΑΙΣΘΗΣΙΑ ΓΙΑ ΕΠΕΜΒΑΣΕΙΣ ΠΟΥ ΑΦΟΡΟΥΝ ΤΟ ΚΑΤΩ ΟΠΙΣΘΙΟ ΚΟΙΛΙΑΚΟ ΤΟΙΧΩΜΑ;;;;;
103;A401461;ΑΝΑΙΣΘΗΣΙΑ ΓΙΑ ΠΛΑΣΤΙΚΗ ΚΗΛΗΣ ΣΤΗΝ ΚΑΤΩ ΚΟΙΛΙΑΚΗ ΧΩΡΑ· ΔΕΝ ΠΡΟΣΔΙΟΡΙΖΕΤΑΙ ΠΕΡΑΙΤΕΡΩ;;;;;
104;A401465;ΑΝΑΙΣΘΗΣΙΑ ΓΙΑ ΠΛΑΣΤΙΚΗ ΚΗΛΗΣ ΣΤΗΝ ΚΑΤΩ ΚΟΙΛΙΑΚΗ ΧΩΡΑ· ΚΟΙΛΙΟΚΗΛΕΣ Ή ΜΕΤΕΓΧΕΙΡΗΤΙΚΕΣ  ΚΗΛΕΣ;;;;;
105;A401469;ΑΝΑΙΣΘΗΣΙΑ ΓΙΑ ΠΛΑΣΤΙΚΗ ΚΗΛΗΣ ΣΤΗΝ ΚΑΤΩ ΚΟΙΛΙΑΚΗ ΧΩΡΑ ΠΟΥ ΔΕΝ ΠΡΟΣΔΙΟΡΙΖΕΤΑΙ ΠΕΡΑΙΤΕΡΩ, ΓΙΑ ΗΛΙΚΙΕΣ ΚΑΤΩ ΤΟΥ ΕΝΟΣ ΕΤΟΥΣ;;;;;
106;A401473;ΑΝΑΙΣΘΗΣΙΑ ΓΙΑ ΠΛΑΣΤΙΚΗ ΚΗΛΗΣ ΣΤΗΝ ΚΑΤΩ ΚΟΙΛΙΑΚΗ ΧΩΡΑ, ΠΟΥ ΔΕΝ ΠΡΟΣΔΙΟΡΙΖΕΤΑΙ ΠΕΡΑΙΤΕΡΩ, ΒΡΕΦΗ ΜΕ ΗΛΙΚΙΑ ΚΥΗΣΗΣ ΚΑΤΩ ΤΩΝ 37 ΕΒΔΟΜΑΔΩΝ ΚΑΤΑ ΤΗ ΓΕΝΝΑ ΚΑΙ ΜΕ ΗΛΙΚΙΑ ΚΥΗΣΗΣ ΚΑΤΩ ΤΩΝ 50 ΕΒΔΟΜΑΔΩΝ ΚΑΤΑ ΤΗ ΣΤΙΓΜΗ ΤΗΣ ΕΓΧΕΙΡΗΣΗΣ;;;;;
107;A401481;ΑΝΑΙΣΘΗΣΙΑ ΓΙΑ ΕΝΔΟΠΕΡΙΤΟΝΑΪΚΕΣ ΕΠΕΜΒΑΣΕΙΣ ΣΤΗΝ ΚΑΤΩ ΚΟΙΛΙΑΚΗ ΧΩΡΑ, ΣΥΜΠΕΡΙΛΑΜΒΑΝΟΜΕΝΗΣ ΤΗΣ ΛΑΠΑΡΟΣΚΟΠΗΣΗΣ· ΔΕΝ ΠΡΟΣΔΙΟΡΙΖΕΤΑΙ ΠΕΡΑΙΤΕΡΩ;;;;;
108;A401485;ΑΝΑΙΣΘΗΣΙΑ ΓΙΑ ΕΝΔΟΠΕΡΙΤΟΝΑΪΚΕΣ ΕΠΕΜΒΑΣΕΙΣ ΣΤΗΝ ΚΑΤΩ ΚΟΙΛΙΑΚΗ ΧΩΡΑ, ΣΥΜΠΕΡΙΛΑΜΒΑΝΟΜΕΝΗΣ ΤΗΣ ΛΑΠΑΡΟΣΚΟΠΗΣΗΣ· ΑΜΝΙΟΚΕΝΤΗΣΗ;;;;;
109;A401489;ΑΝΑΙΣΘΗΣΙΑ ΓΙΑ ΕΝΔΟΠΕΡΙΤΟΝΑΪΚΕΣ ΕΠΕΜΒΑΣΕΙΣ ΣΤΗΝ ΚΑΤΩ ΚΟΙΛΙΑΚΗ ΧΩΡΑ, ΣΥΜΠΕΡΙΛΑΜΒΑΝΟΜΕΝΗΣ ΤΗΣ ΛΑΠΑΡΟΣΚΟΠΗΣΗΣ· ΚΟΙΛΙΟΠΕΡΙΝΕΪΚΗ ΕΚΤΟΜΗ;;;;;
110;A401493;ΑΝΑΙΣΘΗΣΙΑ ΓΙΑ ΕΝΔΟΠΕΡΙΤΟΝΑΪΚΕΣ ΕΠΕΜΒΑΣΕΙΣ ΣΤΗΝ ΚΑΤΩ ΚΟΙΛΙΑΚΗ ΧΩΡΑ, ΣΥΜΠΕΡΙΛΑΜΒΑΝΟΜΕΝΗΣ ΤΗΣ ΛΑΠΑΡΟΣΚΟΠΗΣΗΣ· ΡΙΖΙΚΗ ΥΣΤΕΡΕΚΤΟΜΗ;;;;;
111;A401497;ΑΝΑΙΣΘΗΣΙΑ ΓΙΑ ΕΝΔΟΠΕΡΙΤΟΝΑΪΚΕΣ ΕΠΕΜΒΑΣΕΙΣ ΣΤΗΝ ΚΑΤΩ ΚΟΙΛΙΑΚΗ ΧΩΡΑ, ΣΥΜΠΕΡΙΛΑΜΒΑΝΟΜΕΝΗΣ ΤΗΣ ΛΑΠΑΡΟΣΚΟΠΗΣΗΣ· ΠΥΕΛΙΚΗ ΕΞΕΝΤΕΡΩΣΗ;;;;;
112;A401503;ΑΝΑΙΣΘΗΣΙΑ ΓΙΑ ΕΝΔΟΠΕΡΙΤΟΝΑΪΚΕΣ ΕΠΕΜΒΑΣΕΙΣ ΣΤΗΝ ΚΑΤΩ ΚΟΙΛΙΑΚΗ ΧΩΡΑ, ΣΥΜΠΕΡΙΛΑΜΒΑΝΟΜΕΝΗΣ ΤΗΣ ΛΑΠΑΡΟΣΚΟΠΗΣΗΣ· ΑΠΟΛΙΝΩΣΗ/ΔΙΑΤΟΜΗ ΣΑΛΠΙΓΓΩΝ;;;;;
113;A401521;ΑΝΑΙΣΘΗΣΙΑ ΓΙΑ ΕΞΩΠΕΡΙΤΟΝΑΪΚΕΣ ΕΠΕΜΒΑΣΕΙΣ ΣΤΗΝ ΚΑΤΩ ΚΟΙΛΙΑΚΗ ΧΩΡΑ, ΣΥΜΠΕΡΙΛΑΜΒΑΝΟΜΕΝΟΥ ΤΟΥ ΟΥΡΟΠΟΙΗΤΙΚΟΥ·ΔΕΝ ΠΡΟΣΔΙΟΡΙΖΕΤΑΙ ΠΕΡΑΙΤΕΡΩ;;;;;
114;A401525;ΑΝΑΙΣΘΗΣΙΑ ΓΙΑ ΕΞΩΠΕΡΙΤΟΝΑΪΚΕΣ ΕΠΕΜΒΑΣΕΙΣ ΣΤΗΝ ΚΑΤΩ ΚΟΙΛΙΑΚΗ ΧΩΡΑ, ΣΥΜΠΕΡΙΛΑΜΒΑΝΟΜΕΝΟΥ ΤΟΥ ΟΥΡΟΠΟΙΗΤΙΚΟΥ· ΕΠΕΜΒΑΣΕΙΣ ΠΟΥ ΑΦΟΡΟΥΝ ΤΑ ΝΕΦΡΑ, ΣΥΜΠΕΡΙΛΑΜΒΑΝΟΜΕΝΟΥ ΤΟΥ ΑΝΩ ΤΡΙΤΟΥ ΤΟΥ ΟΥΡΗΤΗΡΑ Ή ΝΕΦΡΕΚΤΟΜΗ ΣΤΟΝ ΔΟΤΗ;;;;;
115;A401529;ΑΝΑΙΣΘΗΣΙΑ ΓΙΑ ΕΞΩΠΕΡΙΤΟΝΑΪΚΕΣ ΕΠΕΜΒΑΣΕΙΣ ΣΤΗΝ ΚΑΤΩ ΚΟΙΛΙΑΚΗ ΧΩΡΑ, ΣΥΜΠΕΡΙΛΑΜΒΑΝΟΜΕΝΟΥ ΤΟΥ ΟΥΡΟΠΟΙΗΤΙΚΟΥ· ΟΛΙΚΗ ΚΥΣΤΕΚΤΟΜΗ;;;;;
116;A401531;ΑΝΑΙΣΘΗΣΙΑ ΓΙΑ ΕΞΩΠΕΡΙΤΟΝΑΪΚΕΣ ΕΠΕΜΒΑΣΕΙΣ ΣΤΗΝ ΚΑΤΩ ΚΟΙΛΙΑΚΗ ΧΩΡΑ, ΣΥΜΠΕΡΙΛΑΜΒΑΝΟΜΕΝΟΥ ΤΟΥ ΟΥΡΟΠΟΙΗΤΙΚΟΥ· ΡΙΖΙΚΗ ΠΡΟΣΤΑΤΕΚΤΟΜΗ (ΥΠΕΡΗΒΙΚΗ, ΟΠΙΣΘΟΗΒΙΚΗ);;;;;
117;A401533;ΑΝΑΙΣΘΗΣΙΑ ΓΙΑ ΕΞΩΠΕΡΙΤΟΝΑΪΚΕΣ ΕΠΕΜΒΑΣΕΙΣ ΣΤΗΝ ΚΑΤΩ ΚΟΙΛΙΑΚΗ ΧΩΡΑ, ΣΥΜΠΕΡΙΛΑΜΒΑΝΟΜΕΝΟΥ ΤΟΥ ΟΥΡΟΠΟΙΗΤΙΚΟΥ· ΕΠΙΝΕΦΡΙΔΕΚΤΟΜΗ;;;;;
118;A401537;ΑΝΑΙΣΘΗΣΙΑ ΓΙΑ ΕΞΩΠΕΡΙΤΟΝΑΪΚΕΣ ΕΠΕΜΒΑΣΕΙΣ ΣΤΗΝ ΚΑΤΩ ΚΟΙΛΙΑΚΗ ΧΩΡΑ, ΣΥΜΠΕΡΙΛΑΜΒΑΝΟΜΕΝΟΥ ΤΟΥ ΟΥΡΟΠΟΙΗΤΙΚΟΥ· ΜΕΤΑΜΟΣΧΕΥΣΗ ΝΕΦΡΟΥ (ΔΕΚΤΗΣ);;;;;
119;A401541;ΑΝΑΙΣΘΗΣΙΑ ΓΙΑ ΕΞΩΠΕΡΙΤΟΝΑΪΚΕΣ ΕΠΕΜΒΑΣΕΙΣ ΣΤΗΝ ΚΑΤΩ ΚΟΙΛΙΑΚΗ ΧΩΡΑ, ΣΥΜΠΕΡΙΛΑΜΒΑΝΟΜΕΝΟΥ ΤΟΥ ΟΥΡΟΠΟΙΗΤΙΚΟΥ· ΑΦΑΙΡΕΣΗ ΛΙΘΟΥ ΚΥΣΤΕΩΣ;;;;;
120;A401545;ΑΝΑΙΣΘΗΣΙΑ ΓΙΑ ΛΙΘΟΤΡΙΨΙΑ, ΕΞΩΣΩΜΑΤΙΚΗ ΜΕ ΚΥΜΑΤΑ ΚΡΟΥΣΗΣ· ΜΕ ΥΔΑΤΟΛΟΥΤΡΟ;;;;;
121;A401547;ΑΝΑΙΣΘΗΣΙΑ ΓΙΑ ΛΙΘΟΤΡΙΨΙΑ, ΕΞΩΣΩΜΑΤΙΚΗ ΜΕ ΚΥΜΑΤΑ ΚΡΟΥΣΗΣ· ΧΩΡΙΣ  ΥΔΑΤΟΛΟΥΤΡΟ;;;;;
122;A401561;ΑΝΑΙΣΘΗΣΙΑ ΓΙΑ ΤΙΣ ΕΠΕΜΒΑΣΕΙΣ ΠΟΥ ΑΦΟΡΟΥΝ ΤΑ ΚΥΡΙΑ ΑΙΜΟΦΟΡΑ ΑΓΓΕΙΑ ΤΗΣ ΚΑΤΩ ΚΟΙΛΙΑΚΗΣ ΧΩΡΑΣ· ΔΕΝ  ΠΡΟΣΔΙΟΡΙΖΕΤΑΙ ΠΕΡΑΙΤΕΡΩ;;;;;
123;A401565;ΑΝΑΙΣΘΗΣΙΑ ΓΙΑ ΤΙΣ ΕΠΕΜΒΑΣΕΙΣ ΠΟΥ ΑΦΟΡΟΥΝ ΤΑ ΚΥΡΙΑ ΑΙΜΟΦΟΡΑ ΑΓΓΕΙΑ ΤΗΣ ΚΑΤΩ ΚΟΙΛΙΑΚΗΣ ΧΩΡΑΣ· ΑΠΟΛΙΝΩΣΗ ΤΗΣ  ΚΑΤΩ ΚΟΙΛΗΣ ΦΛΕΒΑΣ;;;;;
124;A401605;ΑΝΑΙΣΘΗΣΙΑ ΓΙΑ· ΟΡΘΟΠΡΩΚΤΙΚΕΣ ΕΠΕΜΒΑΣΕΙΣ;;;;;
125;A401609;ΑΝΑΙΣΘΗΣΙΑ ΓΙΑ· ΡΙΖΙΚΕΣ ΕΠΕΜΒΑΣΕΙΣ ΠΟΥ ΑΦΟΡΟΥΝ ΤΟ ΠΕΡΙΝΕΟ;;;;;
126;A401613;ΑΝΑΙΣΘΗΣΙΑ ΓΙΑ· ΕΚΤΟΜΗ ΑΙΔΟΙΟΥ;;;;;
127;A401617;ΑΝΑΙΣΘΗΣΙΑ ΓΙΑ· ΠΕΡΙΝΕΪΚΗ ΠΡΟΣΤΑΤΕΚΤΟΜΗ;;;;;
128;A401621;ΑΝΑΙΣΘΗΣΙΑ ΓΙΑ ΔΙΟΥΡΗΘΡΙΚΕΣ ΕΠΕΜΒΑΣΕΙΣ (ΣΥΜΠΕΡΙΛΑΜΒΑΝΟΜΕΝΗΣ ΤΗΣ ΟΥΡΗΘΡΟΚΥΣΤΕΟΣΚΟΠΗΣΗΣ)· ΔΕΝ ΠΡΟΣΔΙΟΡΙΖΕΤΑΙ ΠΕΡΑΙΤΕΡΩ;;;;;
129;A401625;ΑΝΑΙΣΘΗΣΙΑ ΓΙΑ ΔΙΟΥΡΗΘΡΙΚΕΣ ΕΠΕΜΒΑΣΕΙΣ (ΣΥΜΠΕΡΙΛΑΜΒΑΝΟΜΕΝΗΣ ΤΗΣ ΟΥΡΗΘΡΟΚΥΣΤΕΟΣΚΟΠΗΣΗΣ)· ΔΙΟΥΡΗΘΡΙΚΗ ΕΚΤΟΜΗ ΟΓΚΟΥ(ΩΝ) ΣΤΗΝ ΟΥΡΟΔΟΧΟ ΚΥΣΤΗ;;;;;
130;A401629;ΑΝΑΙΣΘΗΣΙΑ ΓΙΑ ΔΙΟΥΡΗΘΡΙΚΕΣ ΕΠΕΜΒΑΣΕΙΣ (ΣΥΜΠΕΡΙΛΑΜΒΑΝΟΜΕΝΗΣ ΤΗΣ ΟΥΡΗΘΡΟΚΥΣΤΕΟΣΚΟΠΗΣΗΣ)· ΔΙΟΥΡΗΘΡΙΚΗ ΕΚΤΟΜΗ ΤΟΥ ΠΡΟΣΤΑΤΗ;;;;;
131;A401633;ΑΝΑΙΣΘΗΣΙΑ ΓΙΑ ΔΙΟΥΡΗΘΡΙΚΕΣ ΕΠΕΜΒΑΣΕΙΣ (ΣΥΜΠΕΡΙΛΑΜΒΑΝΟΜΕΝΗΣ ΤΗΣ ΟΥΡΗΘΡΟΚΥΣΤΕΟΣΚΟΠΗΣΗΣ)· ΑΙΜΟΡΡΑΓΙΑ ΜΕΤΑ ΔΙΟΥΡΗΘΡΙΤΙΚΗ ΕΚΤΟΜΗ;;;;;
132;A401637;ΑΝΑΙΣΘΗΣΙΑ ΓΙΑ ΔΙΟΥΡΗΘΡΙΚΕΣ ΕΠΕΜΒΑΣΕΙΣ (ΣΥΜΠΕΡΙΛΑΜΒΑΝΟΜΕΝΗΣ ΤΗΣ ΟΥΡΗΘΡΟΚΥΣΤΕΟΣΚΟΠΗΣΗΣ)· ΜΕ ΘΡΥΜΜΑΤΙΣΜΟ, ΧΕΙΡΙΣΜΟ ΚΑΙ/Ή ΑΦΑΙΡΕΣΗ ΟΥΡΗΤΗΡΙΚΟΥ ΛΙΘΟΥ;;;;;
133;A401641;ΑΝΑΙΣΘΗΣΙΑ ΓΙΑ ΕΠΕΜΒΑΣΕΙΣ ΠΟΥ ΑΦΟΡΟΥΝ ΤΑ ΑΝΤΡΙΚΑ ΓΕΝΝΗΤΙΚΑ ΟΡΓΑΝΑ (ΣΥΜΠΕΡΙΛΑΜΒΑΝΟΜΕΝΩΝ ΕΠΕΜΒΑΣΕΩΝ ΑΝΟΙΚΤΗΣ ΕΠΕΜΒΑΣΗΣ ΟΥΡΗΘΡΑΣ)· ΔΕΝ ΠΡΟΣΔΙΟΡΙΖΕΤΑΙ ΠΕΡΑΙΤΕΡΩ;;;;;
134;A401643;ΑΝΑΙΣΘΗΣΙΑ ΓΙΑ ΕΠΕΜΒΑΣΕΙΣ ΠΟΥ ΑΦΟΡΟΥΝ ΤΑ ΑΝΤΡΙΚΑ ΓΕΝΝΗΤΙΚΑ ΟΡΓΑΝΑ (ΣΥΜΠΕΡΙΛΑΜΒΑΝΟΜΕΝΩΝ ΕΠΕΜΒΑΣΕΩΝ ΑΝΟΙΚΤΗΣ ΕΠΕΜΒΑΣΗΣ ΟΥΡΗΘΡΑΣ)· ΕΚΤΟΜΗ ΣΠΕΡΜΑΤΙΚΟΥ ΠΟΡΟΥ, ΕΤΕΡΟΠΛΕΥΡΗ Ή ΑΜΦΟΤΕΡΟΠΛΕΥΡΗ;;;;;
135;A401645;ΑΝΑΙΣΘΗΣΙΑ ΓΙΑ ΕΠΕΜΒΑΣΕΙΣ ΠΟΥ ΑΦΟΡΟΥΝ ΤΑ ΑΝΤΡΙΚΑ ΓΕΝΝΗΤΙΚΑ ΟΡΓΑΝΑ (ΣΥΜΠΕΡΙΛΑΜΒΑΝΟΜΕΝΩΝ ΕΠΕΜΒΑΣΕΩΝ ΑΝΟΙΚΤΗΣ ΕΠΕΜΒΑΣΗΣ ΟΥΡΗΘΡΑΣ)· ΣΠΕΡΜΑΤΙΚΑ ΚΥΣΤΙΔΙΑ;;;;;
136;A401649;ΑΝΑΙΣΘΗΣΙΑ ΓΙΑ ΕΠΕΜΒΑΣΕΙΣ ΠΟΥ ΑΦΟΡΟΥΝ ΤΑ ΑΝΤΡΙΚΑ ΓΕΝΝΗΤΙΚΑ ΟΡΓΑΝΑ (ΣΥΜΠΕΡΙΛΑΜΒΑΝΟΜΕΝΩΝ ΕΠΕΜΒΑΣΕΩΝ ΑΝΟΙΚΤΗΣ ΕΠΕΜΒΑΣΗΣ ΟΥΡΗΘΡΑΣ)· ΚΡΥΨΟΡΧΙΑ, ΕΤΕΡΟΠΛΕΥΡΗ Ή ΔΙΠΛΕΥΡΗ;;;;;
137;A401653;ΑΝΑΙΣΘΗΣΙΑ ΓΙΑ ΕΠΕΜΒΑΣΕΙΣ ΠΟΥ ΑΦΟΡΟΥΝ ΤΑ ΑΝΤΡΙΚΑ ΓΕΝΝΗΤΙΚΑ ΟΡΓΑΝΑ (ΣΥΜΠΕΡΙΛΑΜΒΑΝΟΜΕΝΩΝ ΕΠΕΜΒΑΣΕΩΝ ΑΝΟΙΚΤΗΣ ΕΠΕΜΒΑΣΗΣ ΟΥΡΗΘΡΑΣ)· ΡΙΖΙΚΗ ΟΡΧΕΚΤΟΜΗ, ΒΟΥΒΩΝΙΚΗ;;;;;
138;A401657;ΑΝΑΙΣΘΗΣΙΑ ΓΙΑ ΕΠΕΜΒΑΣΕΙΣ ΠΟΥ ΑΦΟΡΟΥΝ ΤΑ ΑΝΤΡΙΚΑ ΓΕΝΝΗΤΙΚΑ ΟΡΓΑΝΑ (ΣΥΜΠΕΡΙΛΑΜΒΑΝΟΜΕΝΩΝ ΕΠΕΜΒΑΣΕΩΝ ΑΝΟΙΚΤΗΣ ΕΠΕΜΒΑΣΗΣ ΟΥΡΗΘΡΑΣ)· ΡΙΖΙΚΗ ΟΡΧΕΚΤΟΜΗ, ΚΟΙΛΙΑΚΗ;;;;;
139;A401661;ΑΝΑΙΣΘΗΣΙΑ ΓΙΑ ΕΠΕΜΒΑΣΕΙΣ ΠΟΥ ΑΦΟΡΟΥΝ ΤΑ ΑΝΤΡΙΚΑ ΓΕΝΝΗΤΙΚΑ ΟΡΓΑΝΑ (ΣΥΜΠΕΡΙΛΑΜΒΑΝΟΜΕΝΩΝ ΕΠΕΜΒΑΣΕΩΝ ΑΝΟΙΚΤΗΣ ΕΠΕΜΒΑΣΗΣ ΟΥΡΗΘΡΑΣ)· ΟΡΧΕΟΠΗΞΙΑ, ΕΤΕΡΟΠΛΕΥΡΗ Ή ΔΙΠΛΕΥΡΗ;;;;;
140;A401665;ΑΝΑΙΣΘΗΣΙΑ ΓΙΑ ΕΠΕΜΒΑΣΕΙΣ ΠΟΥ ΑΦΟΡΟΥΝ ΤΑ ΑΝΤΡΙΚΑ ΓΕΝΝΗΤΙΚΑ ΟΡΓΑΝΑ (ΣΥΜΠΕΡΙΛΑΜΒΑΝΟΜΕΝΩΝ ΕΠΕΜΒΑΣΕΩΝ ΑΝΟΙΚΤΗΣ ΕΠΕΜΒΑΣΗΣ ΟΥΡΗΘΡΑΣ)· ΟΛΙΚΟΣ ΑΚΡΩΤΗΡΙΑΣΜΟΣ ΤΟΥ ΠΕΟΥΣ;;;;;
141;A401669;ΑΝΑΙΣΘΗΣΙΑ ΓΙΑ ΕΠΕΜΒΑΣΕΙΣ ΠΟΥ ΑΦΟΡΟΥΝ ΤΑ ΑΝΤΡΙΚΑ ΓΕΝΝΗΤΙΚΑ ΟΡΓΑΝΑ (ΣΥΜΠΕΡΙΛΑΜΒΑΝΟΜΕΝΩΝ ΕΠΕΜΒΑΣΕΩΝ ΑΝΟΙΚΤΗΣ ΕΠΕΜΒΑΣΗΣ ΟΥΡΗΘΡΑΣ)· ΡΙΖΙΚΟΣ ΑΚΡΩΤΗΡΙΑΣΜΟΣ ΤΟΥ ΠΕΟΥΣ ΜΕ ΑΜΦΟΤΕΡΟΠΛΕΥΡΗ ΒΟΥΒΩΝΙΚΗ ΔΙΑΝΟΙΞΗ ΛΕΜΦΑΔΕΝΩΝ;;;;;
142;A401673;ΑΝΑΙΣΘΗΣΙΑ ΓΙΑ ΕΠΕΜΒΑΣΕΙΣ ΠΟΥ ΑΦΟΡΟΥΝ ΤΑ ΑΝΤΡΙΚΑ ΓΕΝΝΗΤΙΚΑ ΟΡΓΑΝΑ (ΣΥΜΠΕΡΙΛΑΜΒΑΝΟΜΕΝΩΝ ΕΠΕΜΒΑΣΕΩΝ ΑΝΟΙΚΤΗΣ ΕΠΕΜΒΑΣΗΣ ΟΥΡΗΘΡΑΣ)· ΡΙΖΙΚΟΣ ΑΚΡΩΤΗΡΙΑΣΜΟΣ ΤΟΥ ΠΕΟΥΣ ΜΕ ΑΜΦΟΤΕΡΟΠΛΕΥΡΗ ΒΟΥΒΩΝΙΚΗ ΚΑΙ ΑΦΑΙΡΕΣΗ ΛΑΓΟΝΙΩΝ ΛΕΜΦΑΔΕΝΩΝ;;;;;
143;A401677;ΑΝΑΙΣΘΗΣΙΑ ΓΙΑ ΕΠΕΜΒΑΣΕΙΣ ΠΟΥ ΑΦΟΡΟΥΝ ΤΑ ΑΝΤΡΙΚΑ ΓΕΝΝΗΤΙΚΑ ΟΡΓΑΝΑ (ΣΥΜΠΕΡΙΛΑΜΒΑΝΟΜΕΝΩΝ ΕΠΕΜΒΑΣΕΩΝ ΑΝΟΙΚΤΗΣ ΕΠΕΜΒΑΣΗΣ ΟΥΡΗΘΡΑΣ)· ΕΙΣΑΓΩΓΗ ΠΡΟΣΘΕΤΙΚΗΣ ΠΕΟΥΣ (ΠΕΡΙΝΕΪΚΗ ΠΡΟΣΠΕΛΑΣΗ);;;;;
144;A401681;ΑΝΑΙΣΘΗΣΙΑ ΓΙΑ ΕΠΕΜΒΑΣΕΙΣ ΠΟΥ ΑΦΟΡΟΥΝ ΤΟΝ ΚΟΛΠΟ (ΣΥΜΠΕΡΙΛΑΜΒΑΝΟΜΕΝΗΣ ΤΗΣ ΒΙΟΨΙΑΣ ΤΩΝ ΧΕΙΛΕΩΝ ΤΟΥ ΑΙΔΟΙΟΥ, ΤΟΥ ΚΟΛΠΟΥ, ΤΟΥ ΤΡΑΧΗΛΟΥ Ή ΤΟΥ ΕΝΔΟΜΗΤΡΙΟΥ)· ΔΕΝ ΠΡΟΣΔΙΟΡΙΖΕΤΑΙ ΠΕΡΑΙΤΕΡΩ;;;;;
145;A401685;ΑΝΑΙΣΘΗΣΙΑ ΓΙΑ ΕΠΕΜΒΑΣΕΙΣ ΠΟΥ ΑΦΟΡΟΥΝ ΤΟΝ ΚΟΛΠΟ (ΣΥΜΠΕΡΙΛΑΜΒΑΝΟΜΕΝΗΣ ΤΗΣ ΒΙΟΨΙΑΣ ΤΩΝ ΧΕΙΛΕΩΝ ΤΟΥ ΑΙΔΟΙΟΥ, ΤΟΥ ΚΟΛΠΟΥ, ΤΟΥ ΤΡΑΧΗΛΟΥ Ή ΤΟΥ ΕΝΔΟΜΗΤΡΙΟΥ)· ΚΟΛΠΟΤΟΜΗ, ΕΚΤΟΜΗ ΚΟΛΠΟΥ, ΚΟΛΠΟΡΡΑΦΗ ΚΑΙ ΕΠΕΜΒΑΣΕΙΣ ΑΝΟΙΚΤΗΣ ΟΥΡΗΘΡΑΣ;;;;;
146;A401689;ΑΝΑΙΣΘΗΣΙΑ ΓΙΑ ΕΠΕΜΒΑΣΕΙΣ ΠΟΥ ΑΦΟΡΟΥΝ ΤΟΝ ΚΟΛΠΟ (ΣΥΜΠΕΡΙΛΑΜΒΑΝΟΜΕΝΗΣ ΤΗΣ ΒΙΟΨΙΑΣ ΤΩΝ ΧΕΙΛΕΩΝ ΤΟΥ ΑΙΔΟΙΟΥ, ΤΟΥ ΚΟΛΠΟΥ, ΤΟΥ ΤΡΑΧΗΛΟΥ Ή ΤΟΥ ΕΝΔΟΜΗΤΡΙΟΥ)· ΚΟΛΠΙΚΗ ΥΣΤΕΡΕΚΤΟΜΗ;;;;;
147;A401697;ΑΝΑΙΣΘΗΣΙΑ ΓΙΑ ΕΠΕΜΒΑΣΕΙΣ ΠΟΥ ΑΦΟΡΟΥΝ ΤΟΝ ΚΟΛΠΟ (ΣΥΜΠΕΡΙΛΑΜΒΑΝΟΜΕΝΗΣ ΤΗΣ ΒΙΟΨΙΑΣ ΤΩΝ ΧΕΙΛΕΩΝ ΤΟΥ ΑΙΔΟΙΟΥ, ΤΟΥ ΚΟΛΠΟΥ, ΤΟΥ ΤΡΑΧΗΛΟΥ Ή ΤΟΥ ΕΝΔΟΜΗΤΡΙΟΥ)· ΑΥΧΕΝΙΚΗ ΠΕΡΙΔΕΣΗ;;;;;
148;A401701;ΑΝΑΙΣΘΗΣΙΑ ΓΙΑ ΕΠΕΜΒΑΣΕΙΣ ΠΟΥ ΑΦΟΡΟΥΝ ΤΟΝ ΚΟΛΠΟ (ΣΥΜΠΕΡΙΛΑΜΒΑΝΟΜΕΝΗΣ ΤΗΣ ΒΙΟΨΙΑΣ ΤΩΝ ΧΕΙΛΕΩΝ ΤΟΥ ΑΙΔΟΙΟΥ, ΤΟΥ ΚΟΛΠΟΥ, ΤΟΥ ΤΡΑΧΗΛΟΥ Ή ΤΟΥ ΕΝΔΟΜΗΤΡΙΟΥ)· ΔΟΥΓΛΑΣΕΙΟΣΚΟΠΗΣΗ;;;;;
149;A401705;ΑΝΑΙΣΘΗΣΙΑ ΓΙΑ ΕΠΕΜΒΑΣΕΙΣ ΠΟΥ ΑΦΟΡΟΥΝ ΤΟΝ ΚΟΛΠΟ (ΣΥΜΠΕΡΙΛΑΜΒΑΝΟΜΕΝΗΣ ΤΗΣ ΒΙΟΨΙΑΣ ΤΩΝ ΧΕΙΛΕΩΝ ΤΟΥ ΑΙΔΟΙΟΥ, ΤΟΥ ΚΟΛΠΟΥ, ΤΟΥ ΤΡΑΧΗΛΟΥ Ή ΤΟΥ ΕΝΔΟΜΗΤΡΙΟΥ)· ΥΣΤΕΡΟΣΚΟΠΗΣΗ ΚΑΙ/Ή ΥΣΤΕΡΟΣΑΛΠΙΓΓΟΓΡΑΦΙΑ;;;;;
150;A402025;ΑΝΑΙΣΘΗΣΙΑ ΓΙΑ ΑΝΑΡΡΟΦΗΣΗ ΜΥΕΛΟΥ ΤΩΝ ΟΣΤΩΝ ΚΑΙ/Ή ΒΙΟΨΙΑ, ΠΡΟΣΘΙΟ Ή  ΟΠΙΣΘΙΟ ΤΜΗΜΑ ΑΚΡΟΛΟΦΙΑΣ ΛΑΓΟΝΙΟΥ;;;;;
151;A402041;ΑΝΑΙΣΘΗΣΙΑ ΓΙΑ ΕΠΕΜΒΑΣΕΙΣ ΠΟΥ ΑΦΟΡΟΥΝ ΣΤΑ ΟΣΤΑ ΤΗΣ ΠΥΕΛΟΥ;;;;;
152;A402061;ΑΝΑΙΣΘΗΣΙΑ ΓΙΑ ΕΦΑΡΜΟΓΗ Ή ΑΝΑΘΕΩΡΗΣΗ ΓΥΨΟΥ ΣΩΜΑΤΟΣ;;;;;
153;A402081;ΑΝΑΙΣΘΗΣΙΑ ΓΙΑ ΔΙΑΠΥΕΛΟΚΟΙΛΙΑΚΟ (ΓΛΟΥΤΙΑΙΟ) ΑΚΡΩΤΗΡΙΑΣΜΟ;;;;;
154;A402101;ΑΝΑΙΣΘΗΣΙΑ ΓΙΑ ΡΙΖΙΚΕΣ ΕΠΕΜΒΑΣΕΙΣ ΠΟΥ ΑΦΟΡΟΥΝ ΟΓΚΟ ΤΗΣ ΠΥΕΛΟΥ, ΜΕ ΕΞΑΙΡΕΣΗ ΤΟΝ ΑΚΡΩΤΗΡΙΑΣΜΟ ΤΩΝ ΓΛΟΥΤΩΝ;;;;;
155;A402121;ΑΝΑΙΣΘΗΣΙΑ ΓΙΑ ΚΛΕΙΣΤΕΣ ΕΠΕΜΒΑΣΕΙΣ ΠΟΥ ΑΦΟΡΟΥΝ ΤΗΝ ΗΒΙΚΗ ΣΥΜΦΥΣΗ Ή ΤΗΝ ΙΕΡΟΛΑΓΟΝΙΟ ΑΡΘΡΩΣΗ;;;;;
156;A402141;ΑΝΑΙΣΘΗΣΙΑ ΓΙΑ ΑΝΟΙΚΤΕΣ ΕΠΕΜΒΑΣΕΙΣ ΠΟΥ ΑΦΟΡΟΥΝ ΤΗΝ ΗΒΙΚΗ ΣΥΜΦΥΣΗ Ή ΤΗΝ ΙΕΡΟΛΑΓΟΝΙΟ ΑΡΘΡΩΣΗ;;;;;
157;A402147;ΑΝΑΙΣΘΗΣΙΑ ΓΙΑ ΑΝΟΙΚΤΗ ΑΠΟΚΑΤΑΣΤΑΣΗ ΚΑΤΑΓΜΑΤΟΣ ΜΕ ΡΗΞΗ ΤΗΣ ΠΥΕΛΟΥ Ή ΕΠΙΜΗΚΟΥΣ ΚΑΤΑΓΜΑΤΟΣ ΠΟΥ ΠΕΡΙΛΑΜΒΑΝΕΙ ΤΗΝ ΚΟΤΥΛΗ;;;;;
158;A402161;ΑΝΑΙΣΘΗΣΙΑ ΓΙΑ ΕΚΤΟΜΗ ΤΟΥ ΝΕΥΡΟΥ ΤΟΥ ΘΥΡΟΕΙΔΗ· ΕΞΩΠΥΕΛΙΚΗ;;;;;
159;A402181;ΑΝΑΙΣΘΗΣΙΑ ΓΙΑ ΕΚΤΟΜΗ ΤΟΥ ΝΕΥΡΟΥ ΤΟΥ ΘΥΡΟΕΙΔΗ· ΕΝΔΟΠΥΕΛΙΚΗ;;;;;
160;A402201;ΑΝΑΙΣΘΗΣΙΑ ΓΙΑ ΟΛΕΣ ΤΙΣ ΚΛΕΙΣΤΕΣ ΕΠΕΜΒΑΣΕΙΣ ΠΟΥ ΑΦΟΡΟΥΝ ΤΗΝ ΑΡΘΡΩΣΗ ΤΟΥ ΙΣΧΙΟΥ;;;;;
161;A402205;ΑΝΑΙΣΘΗΣΙΑ ΓΙΑ ΕΠΕΜΒΑΣΕΙΣ ΑΡΘΡΟΣΚΟΠΗΣΗΣ ΤΗΣ ΑΡΘΡΩΣΗΣ ΤΟΥ ΙΣΧΙΟΥ;;;;;
162;A402221;ΑΝΑΙΣΘΗΣΙΑ ΓΙΑ ΑΝΟΙΚΤΕΣ ΕΠΕΜΒΑΣΕΙΣ ΠΟΥ ΑΦΟΡΟΥΝ ΤΗΝ ΑΡΘΡΩΣΗ ΤΟΥ ΙΣΧΙΟΥ· ΔΕΝ ΠΡΟΣΔΙΟΡΙΖΕΤΑΙ ΠΕΡΑΙΤΕΡΩ;;;;;
163;A402225;ΑΝΑΙΣΘΗΣΙΑ ΓΙΑ ΑΝΟΙΚΤΕΣ ΕΠΕΜΒΑΣΕΙΣ ΠΟΥ ΑΦΟΡΟΥΝ ΤΗΝ ΑΡΘΡΩΣΗ ΤΟΥ ΙΣΧΙΟΥ· ΑΠΕΞΑΡΘΡΩΣΗ ΙΣΧΙΟΥ;;;;;
164;A402229;ΑΝΑΙΣΘΗΣΙΑ ΓΙΑ ΑΝΟΙΚΤΕΣ ΕΠΕΜΒΑΣΕΙΣ ΠΟΥ ΑΦΟΡΟΥΝ ΤΗΝ ΑΡΘΡΩΣΗ ΤΟΥ ΙΣΧΙΟΥ· ΟΛΙΚΗ ΑΡΘΡΟΠΛΑΣΤΙΚΗ ΙΣΧΙΟΥ;;;;;
165;A402231;ΑΝΑΙΣΘΗΣΙΑ ΓΙΑ ΑΝΟΙΚΤΕΣ ΕΠΕΜΒΑΣΕΙΣ ΠΟΥ ΑΦΟΡΟΥΝ ΤΗΝ ΑΡΘΡΩΣΗ ΤΟΥ ΙΣΧΙΟΥ· ΕΠΑΝΑΛΗΨΗ ΟΛΙΚΗΣ ΑΡΘΡΟΠΛΑΣΤΙΚΗΣ ΙΣΧΙΟΥ;;;;;
166;A402241;ΑΝΑΙΣΘΗΣΙΑ ΓΙΑ ΟΛΕΣ ΤΙΣ ΚΛΕΙΣΤΕΣ ΕΠΕΜΒΑΣΕΙΣ ΠΟΥ ΑΦΟΡΟΥΝ ΤΑ ΑΝΩ ΔΥΟ ΤΡΙΤΑ ΤΟΥ ΜΗΡΙΑΙΟΥ ΟΣΤΟΥ;;;;;
167;A402261;ΑΝΑΙΣΘΗΣΙΑ ΓΙΑ ΟΛΕΣ ΤΙΣ ΑΝΟΙΚΤΕΣ ΕΠΕΜΒΑΣΕΙΣ ΠΟΥ ΑΦΟΡΟΥΝ ΤΑ ΑΝΩ ΔΥΟ ΤΡΙΤΑ ΤΟΥ ΜΗΡΙΑΙΟΥ ΟΣΤΟΥ· ΔΕΝ ΠΡΟΣΔΙΟΡΙΖΕΤΑΙ ΠΕΡΑΙΤΕΡΩ;;;;;
168;A402265;ΑΝΑΙΣΘΗΣΙΑ ΓΙΑ ΑΝΟΙΚΤΕΣ ΕΠΕΜΒΑΣΕΙΣ ΠΟΥ ΑΦΟΡΟΥΝ ΤΑ ΑΝΩ ΔΥΟ ΤΡΙΤΑ ΤΟΥ ΜΗΡΙΑΙΟΥ ΟΣΤΟΥ·  ΑΚΡΩΤΗΡΙΑΣΜΟΣ;;;;;
169;A402269;ΑΝΑΙΣΘΗΣΙΑ ΓΙΑ ΑΝΟΙΚΤΕΣ ΕΠΕΜΒΑΣΕΙΣ ΠΟΥ ΑΦΟΡΟΥΝ ΤΑ ΑΝΩ ΔΥΟ ΤΡΙΤΑ ΤΟΥ ΜΗΡΙΑΙΟΥ ΟΣΤΟΥ· ΡΙΖΙΚΗ ΕΚΤΟΜΗ;;;;;
170;A402301;ΑΝΑΙΣΘΗΣΙΑ ΓΙΑ ΟΛΕΣ ΤΙΣ ΕΠΕΜΒΑΣΕΙΣ ΠΟΥ ΑΦΟΡΟΥΝ ΤΑ ΝΕΥΡΑ, ΤΟΥΣ ΜΥΕΣ, ΤΟΥΣ ΤΕΝΟΝΤΕΣ, ΤΗΝ ΠΕΡΙΤΟΝΙΑ ΚΑΙ ΤΟΥΣ ΘΥΛΑΚΕΣ ΤΟΥ ΑΝΩ ΤΜΗΜΑΤΟΣ ΤΟΥ ΚΑΤΩ ΑΚΡΟΥ;;;;;
171;A402321;ΑΝΑΙΣΘΗΣΙΑ ΓΙΑ ΟΛΕΣ ΤΙΣ ΕΠΕΜΒΑΣΕΙΣ ΠΟΥ ΑΦΟΡΟΥΝ ΦΛΕΒΕΣ ΤΟΥ ΑΝΩ ΤΜΗΜΑΤΟΣ ΤΟΥ ΚΑΤΩ ΑΚΡΟΥ, ΣΥΜΠΕΡΙΛΑΜΒΑΝΟΜΕΝΗΣ ΤΗΣ ΔΙΕΡΕΥΝΗΣΗΣ;;;;;
172;A402341;ΑΝΑΙΣΘΗΣΙΑ ΓΙΑ ΟΛΕΣ ΤΙΣ ΕΠΕΜΒΑΣΕΙΣ ΠΟΥ ΑΦΟΡΟΥΝ ΑΡΤΗΡΙΕΣ ΤΟΥ ΑΝΩ ΤΜΗΜΑΤΟΣ ΤΟΥ ΚΑΤΩ ΑΚΡΟΥ, ΣΥΜΠΕΡΙΛΑΜΒΑΝΟΜΕΝΟΥ ΤΟΥ ΜΟΣΧΕΥΜΑΤΟΣ ΠΑΡΑΚΑΜΨΗΣ· ΔΕΝ ΠΡΟΣΔΙΟΡΙΖΕΤΑΙ ΠΕΡΑΙΤΕΡΩ;;;;;
173;A402345;ΑΝΑΙΣΘΗΣΙΑ ΓΙΑ ΟΛΕΣ ΤΙΣ ΕΠΕΜΒΑΣΕΙΣ ΠΟΥ ΑΦΟΡΟΥΝ ΑΡΤΗΡΙΕΣ ΤΟΥ ΑΝΩ ΤΜΗΜΑΤΟΣ ΤΟΥ ΚΑΤΩ ΑΚΡΟΥ, ΣΥΜΠΕΡΙΛΑΜΒΑΝΟΜΕΝOY TOY ΜΟΣΧΕΥΜΑΤΟΣ ΠΑΡΑΚΑΜΨΗΣ· ΑΠΟΛΙΝΩΣΗ ΜΗΡΙΑΙΑΣ ΑΡΤΗΡΙΑΣ;;;;;
174;A402349;ΑΝΑΙΣΘΗΣΙΑ ΓΙΑ ΟΛΕΣ ΤΙΣ ΕΠΕΜΒΑΣΕΙΣ ΠΟΥ ΑΦΟΡΟΥΝ ΑΡΤΗΡΙΕΣ ΤΟΥ ΑΝΩ ΤΜΗΜΑΤΟΣ ΤΟΥ  ΚΑΤΩ ΑΚΡΟΥ, ΣΥΜΠΕΡΙΛΑΜΒΑΝΟΜΕΝOY TOY ΜΟΣΧΕΥΜΑΤΟΣ ΠΑΡΑΚΑΜΨΗΣ· ΕΜΒΟΛΕΚΤΟΜΗ ΜΗΡΙΑΙΑΣ ΑΡΤΗΡΙΑΣ;;;;;
175;A402441;ΑΝΑΙΣΘΗΣΙΑ ΓΙΑ ΟΛΕΣ ΤΙΣ ΕΠΕΜΒΑΣΕΙΣ ΠΟΥ ΑΦΟΡΟΥΝ ΤΑ ΝΕΥΡΑ, ΤΟΥΣ ΜΥΕΣ, ΤΟΥΣ ΤΕΝΟΝΤΕΣ, ΤΗΝ ΠΕΡΙΤΟΝΙΑ ΚΑΙ ΤΟΥΣ ΘΥΛΑΚΕΣ ΤΟΥ ΓΟΝΑΤΟΣ ΚΑΙ/Ή ΤΗΣ ΠΕΡΙΟΧΗΣ ΤΗΣ ΣΠΛΗΝΑΣ;;;;;
176;A402481;ΑΝΑΙΣΘΗΣΙΑ ΓΙΑ ΟΛΕΣ ΤΙΣ ΚΛΕΙΣΤΕΣ ΕΠΕΜΒΑΣΕΙΣ ΠΟΥ ΑΦΟΡΟΥΝ ΤΟ ΚΑΤΩ ΤΡΙΤΟ ΤΟΥ ΜΗΡΙΑΙΟΥ ΟΣΤΟΥ;;;;;
177;A402521;ΑΝΑΙΣΘΗΣΙΑ ΓΙΑ ΟΛΕΣ ΤΙΣ ΑΝΟΙΚΤΕΣ ΕΠΕΜΒΑΣΕΙΣ ΠΟΥ ΑΦΟΡΟΥΝ ΤΟ ΚΑΤΩ ΤΡΙΤΟ ΤΟΥ ΜΗΡΙΑΙΟΥ ΟΣΤΟΥ;;;;;
178;A402561;ΑΝΑΙΣΘΗΣΙΑ ΓΙΑ ΟΛΕΣ ΤΙΣ ΚΛΕΙΣΤΕΣ ΕΠΕΜΒΑΣΕΙΣ ΠΟΥ ΑΦΟΡΟΥΝ ΤΗΝ ΑΡΘΡΩΣΗ ΤΟΥ ΓΟΝΑΤΟΣ;;;;;
179;A402565;ΑΝΑΙΣΘΗΣΙΑ ΓΙΑ ΔΙΑΓΝΩΣΤΙΚΕΣ ΕΠΕΜΒΑΣΕΙΣ ΑΡΘΡΟΣΚΟΠΗΣΗΣ ΤΗΣ ΑΡΘΡΩΣΗΣ ΤΟΥ ΓΟΝΑΤΟΣ;;;;;
180;A402581;ΑΝΑΙΣΘΗΣΙΑ ΓΙΑ ΟΛΕΣ ΤΙΣ ΚΛΕΙΣΤΕΣ ΕΠΕΜΒΑΣΕΙΣ ΠΟΥ ΑΦΟΡΟΥΝ ΤΑ ΑΝΩ ΑΚΡΑ ΤΟΥ ΚΝΗΜΙΑΙΟΥ ΟΣΤΟΥ, ΤΗΣ ΠΕΡΟΝΗΣ, ΚΑΙ/Ή ΤΗΣ ΕΠΙΓΟΝΑΤΙΔΟΣ;;;;;
181;A402585;ΑΝΑΙΣΘΗΣΙΑ ΓΙΑ ΟΛΕΣ ΤΙΣ ΑΝΟΙΚΤΕΣ ΕΠΕΜΒΑΣΕΙΣ ΠΟΥ ΑΦΟΡΟΥΝ ΤΑ ΑΝΩ ΑΚΡΑ ΤΟΥ ΚΝΗΜΙΑΙΟΥ ΟΣΤΟΥ, ΤΗΣ ΠΕΡΟΝΗΣ, ΚΑΙ/Ή ΤΗΣ ΕΠΙΓΟΝΑΤΙΔΟΣ;;;;;
182;A402601;ΑΝΑΙΣΘΗΣΙΑ ΓΙΑ ΑΝΟΙΚΤΕΣ Ή ΑΡΘΡΟΣΚΟΠΙΚΕΣ ΕΠΕΜΒΑΣΕΙΣ ΣΤΗΝ ΑΡΘΡΩΣΗ ΤΟΥ ΓΟΝΑΤΟΣ· ΔΕΝ ΠΡΟΣΔΙΟΡΙΖΕΤΑΙ ΠΕΡΑΙΤΕΡΩ;;;;;
183;A402605;ΑΝΑΙΣΘΗΣΙΑ ΓΙΑ ΑΝΟΙΚΤΕΣ Ή ΑΡΘΡΟΣΚΟΠΙΚΕΣ ΕΠΕΜΒΑΣΕΙΣ ΣΤΗΝ ΑΡΘΡΩΣΗ ΤΟΥ ΓΟΝΑΤΟΣ· ΟΛΙΚΗ ΑΡΘΡΟΠΛΑΣΤΙΚΗ ΓΟΝΑΤΟΣ;;;;;
184;A402609;ΑΝΑΙΣΘΗΣΙΑ ΓΙΑ ΑΝΟΙΚΤΕΣ Ή ΑΡΘΡΟΣΚΟΠΙΚΕΣ ΕΠΕΜΒΑΣΕΙΣ ΣΤΗΝ ΑΡΘΡΩΣΗ ΤΟΥ ΓΟΝΑΤΟΣ· ΑΠΕΞΑΡΘΡΩΣΗ ΓΟΝΑΤΟΣ;;;;;
185;A402641;ΑΝΑΙΣΘΗΣΙΑ ΓΙΑ ΟΛΕΣ ΤΙΣ ΕΦΑΡΜΟΓΕΣ, ΤΗΝ ΑΦΑΙΡΕΣΗ Ή ΤΗΝ ΑΠΟΚΑΤΑΣΤΑΣΗ ΓΥΨΟΥ ΠΟΥ ΑΦΟΡΑ ΤΗΝ ΑΡΘΡΩΣΗ ΤΟΥ ΓΟΝΑΤΟΣ;;;;;
186;A402661;ΑΝΑΙΣΘΗΣΙΑ ΓΙΑ ΕΠΕΜΒΑΣΕΙΣ ΠΟΥ ΑΦΟΡΟΥΝ ΤΙΣ ΦΛΕΒΕΣ ΤΟΥ ΓΟΝΑΤΟΣ ΚΑΙ ΤΗΝ ΙΓΝΥΑΚΗ ΧΩΡΑ· ΔΕΝ ΠΡΟΣΔΙΟΡΙΖΕΤΑΙ ΠΕΡΑΙΤΕΡΩ;;;;;
187;A402665;ΑΝΑΙΣΘΗΣΙΑ ΓΙΑ ΕΠΕΜΒΑΣΕΙΣ ΠΟΥ ΑΦΟΡΟΥΝ ΤΙΣ ΦΛΕΒΕΣ ΤΟΥ ΓΟΝΑΤΟΣ ΚΑΙ ΤΗΣ ΙΓΝΥΑΚΗΣ ΧΩΡΑΣ·  ΑΡΤΗΡΙΟΦΛΕΒΩΔΕΣ ΣΥΡΙΓΓΙΟ;;;;;
188;A402681;ΑΝΑΙΣΘΗΣΙΑ ΓΙΑ ΕΠΕΜΒΑΣΕΙΣ ΠΟΥ ΑΦΟΡΟΥΝ ΤΙΣ ΑΡΤΗΡΙΕΣ ΤΟΥ ΓΟΝΑΤΟΣ ΚΑΙ ΤΗΣ ΙΓΝΥΑΚΗΣ ΧΩΡΑΣ· ΔΕΝ ΠΡΟΣΔΙΟΡΙΖΕΤΑΙ ΠΕΡΑΙΤΕΡΩ;;;;;
189;A402685;ΑΝΑΙΣΘΗΣΙΑ ΓΙΑ ΕΠΕΜΒΑΣΕΙΣ ΠΟΥ ΑΦΟΡΟΥΝ ΤΙΣ ΑΡΤΗΡΙΕΣ ΤΟΥ ΓΟΝΑΤΟΣ ΚΑΙ ΤΗΣ ΙΓΝΥΑΚΗΣ ΧΩΡΑΣ·  ΘΡΟΜΒΟΕΝΔΑΡΤΗΡΕΚΤΟΜΗ ΙΓΝΥΑΚΗΣ ΑΡΤΗΡΙΑΣ ΜΕ Η ΧΩΡΙΣ ΜΟΣΧΕΥΜΑ;;;;;
190;A402689;ΑΝΑΙΣΘΗΣΙΑ ΓΙΑ ΕΠΕΜΒΑΣΕΙΣ ΠΟΥ ΑΦΟΡΟΥΝ ΤΙΣ ΑΡΤΗΡΙΕΣ ΤΟΥ ΓΟΝΑΤΟΣ ΚΑΙ ΤΗΝ ΙΓΝΥΑΚΗ ΧΩΡΑ·  ΕΚΤΟΜΗ ΙΓΝΥΑΚΗΣ ΑΡΤΗΡΙΑΣ ΚΑΙ ΑΠΟΚΑΤΑΣΤΑΣΗ ΜΕ Ή ΧΩΡΙΣ ΜΟΣΧΕΥΜΑ  ΑΠΟΦΡΑΞΗΣ Ή ΑΝΕΥΡΥΣΜΑΤΟΣ;;;;;
191;A402725;ΑΝΑΙΣΘΗΣΙΑ ΓΙΑ ΟΛΕΣ ΤΙΣ ΚΛΕΙΣΤΕΣ ΕΠΕΜΒΑΣΕΙΣ ΣΤΟ ΚΑΤΩ ΤΜΗΜΑ ΤΟΥ ΚΑΤΩ ΑΚΡΟΥ, ΤΗΝ ΠΟΔΟΚΝΗΜΙΚΗ ΑΡΘΡΩΣΗ ΚΑΙ ΤΟΝ ΑΚΡΟ ΠΟΔΑ;;;;;
192;A402729;ΑΝΑΙΣΘΗΣΙΑ ΓΙΑ ΕΠΕΜΒΑΣΕΙΣ ΑΡΘΡΟΣΚΟΠΗΣΗΣ ΤΗΣ ΠΟΔΟΚΝΗΜΙΚΗΣ ΑΡΘΡΩΣΗΣ ΚΑΙ ΤΟΥ ΑΚΡΟΥ ΠΟΔΑ;;;;;
193;A402741;ΑΝΑΙΣΘΗΣΙΑ ΓΙΑ ΕΠΕΜΒΑΣΕΙΣ ΠΟΥ ΑΦΟΡΟΥΝ ΤΑ ΝΕΥΡΑ, ΤΟΥΣ ΜΥΕΣ, ΤΟΥΣ ΤΕΝΟΝΤΕΣ, ΤΗΝ ΠΕΡΙΤΟΝΙΑ ΚΑΙ ΤΟ ΚΑΤΩ ΜΈΡΟΣ ΤΟΥ ΚΑΤΩ ΑΚΡΟΥ, ΤΗΝ ΠΟΔΟΚΝΗΜΙΚΗ ΑΡΘΡΩΣΗ ΚΑΙ ΤΟΝ ΑΚΡΟ ΠΟΔΑ· ΔΕΝ ΠΡΟΣΔΙΟΡΙΖΕΤΑΙ ΠΕΡΑΙΤΕΡΩ;;;;;
194;A402745;ΑΝΑΙΣΘΗΣΙΑ ΓΙΑ ΕΠΕΜΒΑΣΕΙΣ ΠΟΥ ΑΦΟΡΟΥΝ ΤΑ ΝΕΥΡΑ, ΤΟΥΣ ΜΥΕΣ, ΤΟΥΣ ΤΕΝΟΝΤΕΣ, ΤΗΝ ΠΕΡΙΤΟΝΙΑ ΚΑΙ ΤΟ ΚΑΤΩ ΜΕΡΟΣ ΤΟΥ ΚΑΤΩ ΑΚΡΟΥ, ΤΗΝ ΠΟΔΟΚΝΗΜΙΚΗ ΑΡΘΡΩΣΗ ΚΑΙ ΤΟΝ ΑΚΡΟ ΠΟΔΑ· ΑΠΟΚΑΤΑΣΤΑΣΗ ΡΑΓΕΝΤΟΣ ΑΧΙΛΛΕΙΟΥ ΤΕΝΟΝΤΟΣ, ΜΕ Ή  ΧΩΡΙΣ ΜΟΣΧΕΥΜΑ;;;;;
195;A402749;ΑΝΑΙΣΘΗΣΙΑ ΓΙΑ ΕΠΕΜΒΑΣΕΙΣ ΠΟΥ ΑΦΟΡΟΥΝ ΤΑ ΝΕΥΡΑ, ΤΟΥΣ ΜΥΕΣ, ΤΟΥΣ ΤΕΝΟΝΤΕΣ ΚΑΙ ΤΗΝ ΠΕΡΙΤΟΝΙΑ ΤΟΥ ΚΑΤΩ ΜΕΡΟΥΣ ΤΟΥ ΚΑΤΩ ΑΚΡΟΥ, ΤΗΝ ΠΟΔΟΚΝΗΜΙΚΗ ΑΡΘΡΩΣΗ ΚΑΙ ΤΟΝ ΑΚΡΟ ΠΟΔΑ· ΓΑΣΤΡΟΚΝΗΜΙΑΙΟΣ ΜΥΣ (Π.Χ. ΔΙΑΔΙΚΑΣΙΑ ΚΑΤΑ STRAYER);;;;;
196;A402761;ΑΝΑΙΣΘΗΣΙΑ ΓΙΑ ΑΝΟΙΚΤΕΣ ΕΠΕΜΒΑΣΕΙΣ ΣΤΟ ΚΑΤΩ ΤΜΗΜΑ ΤΟΥ ΚΑΤΩ ΑΚΡΟΥ, ΤΗΝ ΠΟΔΟΚΝΗΜΙΚΗ ΑΡΘΡΩΣΗ ΚΑΙ ΤΟΝ ΑΚΡΟ ΠΟΔΑ· ΔΕΝ ΠΡΟΣΔΙΟΡΙΖΕΤΑΙ ΠΕΡΑΙΤΕΡΩ;;;;;
197;A402765;ΑΝΑΙΣΘΗΣΙΑ ΓΙΑ ΑΝΟΙΚΤΕΣ ΕΠΕΜΒΑΣΕΙΣ ΣΤΑ ΟΣΤΑ ΤΟΥ ΚΑΤΩ ΤΜΗΜΑΤΟΣ ΤΟΥ ΤΟΥ ΚΑΤΩ ΑΚΡΟΥ, ΤΗΝ ΠΟΔΟΚΝΗΜΙΚΗ ΑΡΘΡΩΣΗ ΚΑΙ ΤΟΝ ΑΚΡΟ ΠΟΔΑ· ΡΙΖΙΚΗ ΕΚΤΟΜΗ (ΣΥΜΠΕΡΙΛΑΜΒΑΝΟΜΕΝΟΥ ΤΟΥ ΑΚΡΩΤΗΡΙΑΣΜΟΥ ΣΤΟ ΥΨΟΣ ΤΟΥ ΓΟΝΑΤΟΣ);;;;;
198;A402769;ΑΝΑΙΣΘΗΣΙΑ ΓΙΑ ΑΝΟΙΚΤΕΣ ΕΠΕΜΒΑΣΕΙΣ ΣΤΑ ΟΣΤΑ ΤΟΥ ΚΑΤΩ ΤΜΗΜΑΤΟΣ ΤΟΥ ΤΟΥ ΚΑΤΩ ΑΚΡΟΥ, ΤΗΝ ΠΟΔΟΚΝΗΜΙΚΗ ΑΡΘΡΩΣΗ ΚΑΙ ΤΟΝ ΑΚΡΟ ΠΟΔΑ. ΟΣΤΕΟΤΟΜΙΑ Ή ΟΣΤΕΟΠΛΑΣΤΙΚΗ ΤΟΥ ΚΝΗΜΙΑΙΟΥ ΟΣΤΟΥ ΚΑΙ/Ή ΤΗΣ ΠΕΡΟΝΗΣ;;;;;
199;A402773;ΑΝΑΙΣΘΗΣΙΑ ΓΙΑ ΑΝΟΙΚΤΕΣ ΕΠΕΜΒΑΣΕΙΣ ΣΤΑ ΟΣΤΑ ΤΟΥ ΤΟΥ ΚΑΤΩ ΑΚΡΟΥ, ΤΗΝ ΠΟΔΟΚΝΗΜΙΚΗ ΑΡΘΡΩΣΗ ΚΑΙ ΤΟΝ ΑΚΡΟ ΠΟΔΑ· ΟΛΙΚΗ ΑΝΤΙΚΑΤΑΣΤΑΣΗ ΠΟΔΟΚΝΗΜΙΚΗΣ;;;;;
200;A402781;ΑΝΑΙΣΘΗΣΙΑ ΓΙΑ ΤΗΝ ΕΠΑΝΑΤΟΠΟΘΕΤΗΣΗ, ΤΗΝ ΑΦΑΙΡΕΣΗ Ή ΤΗΝ ΑΠΟΚΑΤΑΣΤΑΣΗ ΓΥΨΟΥ ΣΤΟ ΚΑΤΩ ΤΜΗΜΑ ΤΟΥ ΚΑΤΩ ΑΚΡΟΥ;;;;;
201;A402801;ΑΝΑΙΣΘΗΣΙΑ ΓΙΑ ΟΛΕΣ ΤΙΣ ΕΠΕΜΒΑΣΕΙΣ ΠΟΥ ΑΦΟΡΟΥΝ ΑΡΤΗΡΙΕΣ ΤΟΥ ΚΑΤΩ ΤΜΗΜΑΤΟΣ ΤΟΥ ΚΑΤΩ ΑΚΡΟΥ, ΣΥΜΠΕΡΙΛΑΜΒΑΝΟΜΕΝΟΥ ΠΑΡΑΚΑΜΨΗΣ ΜΕ ΜΟΣΧΕΥΜΑ·ΔΕΝ ΠΡΟΣΔΙΟΡΙΖΕΤΑΙ ΠΕΡΑΙΤΕΡΩ;;;;;
202;A402805;ΑΝΑΙΣΘΗΣΙΑ ΓΙΑ ΟΛΕΣ ΤΙΣ ΕΠΕΜΒΑΣΕΙΣ ΠΟΥ ΑΦΟΡΟΥΝ ΑΡΤΗΡΙΕΣ ΤΟΥ ΚΑΤΩ ΤΜΗΜΑΤΟΣ ΤΟΥ KATΩ ΑΚΡΟΥ, ΣΥΜΠΕΡΙΛΑΜΒΑΝΟΜΕΝΟΥ ΜΟΣΧΕΥΜΑΤΟΣ ΠΑΡΑΚΑΜΨΗΣ· ΕΜΒΟΛΕΚΤΟΜΗ, ΑΜΕΣΗ Ή ΜΕ ΚΑΘΕΤΗΡΑ;;;;;
203;A402841;ΑΝΑΙΣΘΗΣΙΑ ΓΙΑ ΕΠΕΜΒΑΣΕΙΣ ΠΟΥ ΑΦΟΡΟΥΝ ΦΛΕΒΕΣ ΣΤΟ ΚΑΤΩ ΤΜΗΜΑ ΤΟΥ ΚΑΤΩ ΑΚΡΟΥ· ΔΕΝ ΠΡΟΣΔΙΟΡΙΖΕΤΑΙ ΠΕΡΑΙΤΕΡΩ;;;;;
204;A402845;ΑΝΑΙΣΘΗΣΙΑ ΓΙΑ ΕΠΕΜΒΑΣΕΙΣ ΠΟΥ ΑΦΟΡΟΥΝ ΦΛΕΒΕΣ ΤΟΥ ΚΑΤΩ ΤΜΗΜΑΤΟΣ ΤΟΥ ΚΑΤΩ ΑΚΡΟΥ·ΦΛΕΒΙΚΗ ΘΡΟΜΒΕΚΤΟΜΗ, ΑΜΕΣΗ Ή ΜΕ ΚΑΘΕΤΗΡΑ;;;;;
205;A403021;ΑΝΑΙΣΘΗΣΙΑ ΓΙΑ ΕΠΕΜΒΑΣΕΙΣ ΠΟΥ ΑΦΟΡΟΥΝ ΝΕΥΡΑ, ΜΥΕΣ, ΤΕΝΟΝΤΕΣ, ΠΕΡΙΤΟΝΙΑ ΚΑΙ  ΘΥΛΑΚΕΣ ΤΟΥ ΩΜΟΥ ΚΑΙ ΤΗΣ ΜΑΣΧΑΛΗΣ;;;;;
206;A403041;ΑΝΑΙΣΘΗΣΙΑ ΓΙΑ ΟΛΟΥΣ ΤΟΥΣ ΧΕΙΡΙΣΜΟΥΣ ΠΟΥ ΑΦΟΡΟΥΝ ΤΗ ΚΕΦΑΛΗ ΚΑΙ ΤΟΝ ΑΥΧΕΝΑ ΤΟΥ ΒΡΑΧΙΟΝΙΟΥ ΟΣΤΟΥ ΤΗ ΣΤΕΡΝΟΚΛΕΙΔΙΚΗ ΑΡΘΡΩΣΗ, ΤΗΝ ΑΚΡΟΜΙΟΚΛΕΙΔΙΚΗ ΑΡΘΡΩΣΗ ΚΑΙ ΤΗΝ ΑΡΘΡΩΣΗ ΤΟΥ ΩΜΟΥ;;;;;
207;A403045;ΑΝΑΙΣΘΗΣΙΑ ΓΙΑ ΔΙΑΓΝΩΣΤΙΚΕΣ ΕΠΕΜΒΑΣΕΙΣ ΑΡΘΡΟΣΚΟΠΗΣΗΣ ΤΗΣ ΑΡΘΡΩΣΗΣ ΤΟΥ ΩΜΟΥ;;;;;
208;A403061;ΑΝΑΙΣΘΗΣΙΑ ΓΙΑ ΑΝΟΙΚΤΕΣ Ή ΑΡΘΡΟΣΚΟΠΙΚΕΣ ΕΠΕΜΒΑΣΕΙΣ ΣΤΗΝ ΚΕΦΑΛΗ ΚΑΙ ΤΟΝ ΑΥΧΕΝΑ ΤΟΥ ΒΡΑΧΙΟΝΙΟΥ ΟΣΤΟΥ ΤΗ ΣΤΕΡΝΟΚΛΕΙΔΙΚΗ ΑΡΘΡΩΣΗ, ΤΗΝ ΑΚΡΟΜΙΟΚΛΕΙΔΙΚΗ ΑΡΘΡΩΣΗ ΚΑΙ ΤΗΝ ΑΡΘΡΩΣΗ ΤΟΥ ΩΜΟΥ· ΔΕΝ ΠΡΟΣΔΙΟΡΙΖΕΤΑΙ ΠΕΡΑΙΤΕΡΩ;;;;;
209;A403065;ΑΝΑΙΣΘΗΣΙΑ ΓΙΑ ΑΝΟΙΚΤΕΣ Ή ΑΡΘΡΟΣΚΟΠΙΚΕΣ ΕΠΕΜΒΑΣΕΙΣ ΣΤΗΝ ΚΕΦΑΛΗ ΚΑΙ ΤΟΝ ΑΥΧΕΝΑ ΤΟΥ ΒΡΑΧΙΟΝΙΟΥ ΟΣΤΟΥ ΤΗ ΣΤΕΡΝΟΚΛΕΙΔΙΚΗ ΑΡΘΡΩΣΗ, ΤΗΝ ΑΚΡΟΜΙΟΚΛΕΙΔΙΚΗ ΑΡΘΡΩΣΗ ΚΑΙ ΤΗΝ ΑΡΘΡΩΣΗ ΤΟΥ ΩΜΟΥ· ΡΙΖΙΚΗ ΕΚΤΟΜΗ;;;;;
210;A403069;ΑΝΑΙΣΘΗΣΙΑ ΓΙΑ ΑΝΟΙΚΤΕΣ Ή ΑΡΘΡΟΣΚΟΠΙΚΕΣ ΕΠΕΜΒΑΣΕΙΣ ΣΤΗΝ ΚΕΦΑΛΗ ΚΑΙ ΤΟΝ ΑΥΧΕΝΑ ΤΟΥ ΒΡΑΧΙΟΝΙΟΥ ΟΣΤΟΥ ΤΗ ΣΤΕΡΝΟΚΛΕΙΔΙΚΗ ΑΡΘΡΩΣΗ, ΤΗΝ ΑΚΡΟΜΙΟΚΛΕΙΔΙΚΗ ΑΡΘΡΩΣΗ ΚΑΙ ΤΗΝ ΑΡΘΡΩΣΗ ΤΟΥ ΩΜΟΥ· ΕΞΑΡΘΡΩΣΗ ΩΜΟΥ;;;;;
211;A403073;ΑΝΑΙΣΘΗΣΙΑ ΓΙΑ ΑΝΟΙΚΤΕΣ Ή ΑΡΘΡΟΣΚΟΠΙΚΕΣ ΕΠΕΜΒΑΣΕΙΣ ΣΤΗΝ ΚΕΦΑΛΗ ΚΑΙ ΤΟΝ ΑΥΧΕΝΑ ΤΟΥ ΒΡΑΧΙΟΝΙΟΥ ΟΣΤΟΥ ΤΗ ΣΤΕΡΝΟΚΛΕΙΔΙΚΗ ΑΡΘΡΩΣΗ, ΤΗΝ ΑΚΡΟΜΙΟΚΛΕΙΔΙΚΗ ΑΡΘΡΩΣΗ ΚΑΙ ΤΗΝ ΑΡΘΡΩΣΗ ΤΟΥ ΩΜΟΥ· ΔΙΑΘΩΡΑΚΙΚΟΣ-ΩΜΟΠΛΑΤΙΑΙΟΣ (ΕΜΠΡΟΣΘΙΟ ΤΕΤΑΡΤΗΜΟΡΙΟ) ΑΚΡΩΤΗΡΙΑΣΜΟΣ;;;;;
212;A403077;ΑΝΑΙΣΘΗΣΙΑ ΓΙΑ ΑΝΟΙΚΤΕΣ Ή ΑΡΘΡΟΣΚΟΠΙΚΕΣ ΕΠΕΜΒΑΣΕΙΣ ΣΤΗΝ ΚΕΦΑΛΗ ΚΑΙ ΤΟΝ ΑΥΧΕΝΑ ΤΟΥ ΒΡΑΧΙΟΝΙΟΥ ΟΣΤΟΥ ΤΗ ΣΤΕΡΝΟΚΛΕΙΔΙΚΗ ΑΡΘΡΩΣΗ, ΤΗΝ ΑΚΡΟΜΙΟΚΛΕΙΔΙΚΗ ΑΡΘΡΩΣΗ ΚΑΙ ΤΗΝ ΑΡΘΡΩΣΗ ΤΟΥ ΩΜΟΥ· ΟΛΙΚΗ ΑΝΤΙΚΑΤΑΣΤΑΣΗ ΤΟΥ ΩΜΟΥ;;;;;
213;A403101;ΑΝΑΙΣΘΗΣΙΑ ΓΙΑ ΕΠΕΜΒΑΣΕΙΣ ΠΟΥ ΑΦΟΡΟΥΝ ΤΙΣ ΑΡΤΗΡΙΕΣ ΤΟΥ ΩΜΟΥ ΚΑΙ ΤΗΣ ΜΑΣΧΑΛΗΣ· ΔΕΝ ΠΡΟΣΔΙΟΡΙΖΕΤΑΙ ΠΕΡΑΙΤΕΡΩ;;;;;
214;A403105;ΑΝΑΙΣΘΗΣΙΑ ΓΙΑ ΕΠΕΜΒΑΣΕΙΣ ΠΟΥ ΑΦΟΡΟΥΝ ΤΙΣ ΑΡΤΗΡΙΕΣ ΤΟΥ ΩΜΟΥ ΚΑΙ ΤΗΣ ΜΑΣΧΑΛΗΣ· ΜΑΣΧΑΛΙΑΙΟ-ΒΡΑΧΙΟΝΙΟ ΑΝΕΥΡΥΣΜΑ;;;;;
215;A403109;ΑΝΑΙΣΘΗΣΙΑ ΓΙΑ ΕΠΕΜΒΑΣΕΙΣ ΠΟΥ ΑΦΟΡΟΥΝ ΤΙΣ ΑΡΤΗΡΙΕΣ ΤΟΥ ΩΜΟΥ ΚΑΙ ΤΗΣ ΜΑΣΧΑΛΗΣ· ΜΟΣΧΕΥΜΑ ΠΑΡΑΚΑΜΨΗΣ;;;;;
216;A403113;ΑΝΑΙΣΘΗΣΙΑ ΓΙΑ ΕΠΕΜΒΑΣΕΙΣ ΠΟΥ ΑΦΟΡΟΥΝ ΤΙΣ ΑΡΤΗΡΙΕΣ ΤΟΥ ΩΜΟΥ ΚΑΙ ΤΗΣ ΜΑΣΧΑΛΗΣ·  ΜΑΣΧΑΛΙΑΙΟ-ΜΗΡΙΑΙΟ ΜΟΣΧΕΥΜΑ ΠΑΡΑΚΑΜΨΗΣ;;;;;
217;A403141;ΑΝΑΙΣΘΗΣΙΑ ΓΙΑ ΟΛΕΣ ΤΙΣ ΕΠΕΜΒΑΣΕΙΣ ΠΟΥ ΑΦΟΡΟΥΝ ΤΙΣ ΦΛΕΒΕΣ ΤΟΥ ΩΜΟΥ ΚΑΙ ΤΗΣ ΜΑΣΧΑΛΗΣ·;;;;;
218;A403161;ΑΝΑΙΣΘΗΣΙΑ ΓΙΑ ΤΗΝ ΕΦΑΡΜΟΓΗ, ΤΗΝ ΑΦΑΙΡΕΣΗ Ή ΤΗΝ ΕΠΑΝΑΤΟΠΟΘΕΤΗΣΗ ΓΥΨΟΥ ΣΤΟΝ ΩΜΟ· ΔΕΝ ΠΡΟΣΔΙΟΡΙΖΕΤΑΙ ΠΕΡΑΙΤΕΡΩ;;;;;
219;A403165;ΑΝΑΙΣΘΗΣΙΑ ΓΙΑ ΤΗΝ ΕΦΑΡΜΟΓΗ, ΤΗΝ ΑΦΑΙΡΕΣΗ Ή ΤΗΝ ΕΠΑΝΑΤΟΠΟΘΕΤΗΣΗ ΓΥΨΟΥ ΣΤΟΝ ΩΜΟ· ΧΕΙΡΟΥΡΓΙΚΟΣ ΕΠΙΔΕΣΜΟΣ ΓΙΑ ΤΟΝ ΩΜΟ;;;;;
220;A403221;ΑΝΑΙΣΘΗΣΙΑ ΓΙΑ ΕΠΕΜΒΑΣΕΙΣ ΠΟΥ ΑΦΟΡΟΥΝ ΝΕΥΡΑ, ΜΥΕΣ, ΤΕΝΟΝΤΕΣ, ΠΕΡΙΤΟΝΙΑ, ΚΑΙ ΑΡΘΡΩΣΕΙΣ ΤΟΥ ΑΝΩΤΕΡΟΥ ΒΡΑΧΙΟΝΑ ΚΑΙ ΤΟΥ ΑΓΚΩΝΟΣ· ΔΕΝ ΠΡΟΣΔΙΟΡΙΖΕΤΑΙ ΠΕΡΑΙΤΕΡΩ;;;;;
221;A403225;ΑΝΑΙΣΘΗΣΙΑ ΓΙΑ ΕΠΕΜΒΑΣΕΙΣ ΠΟΥ ΑΦΟΡΟΥΝ ΝΕΥΡΑ, ΜΥΕΣ, ΤΕΝΟΝΤΕΣ, ΠΕΡΙΤΟΝΙΑ, ΚΑΙ ΑΡΘΡΩΣΕΙΣ ΤΟΥ ΑΝΩΤΕΡΟΥ ΒΡΑΧΙΟΝΑ ΚΑΙ ΤΟΥ ΑΓΚΩΝΟΣ· ΤΕΝΟΝΤΟΤΟΜΗ, ΑΠΟ ΑΓΚΩΝΑ ΕΩΣ ΩΜΟ, ΑΝΟΙΚΤΗ;;;;;
222;A403229;ΑΝΑΙΣΘΗΣΙΑ ΓΙΑ ΕΠΕΜΒΑΣΕΙΣ ΠΟΥ ΑΦΟΡΟΥΝ ΝΕΥΡΑ, ΜΥΕΣ, ΤΕΝΟΝΤΕΣ, ΠΕΡΙΤΟΝΙΑ, ΚΑΙ ΑΡΘΡΩΣΕΙΣ ΤΟΥ ΑΝΩΤΕΡΟΥ ΒΡΑΧΙΟΝΑ ΚΑΙ ΤΟΥ ΑΓΚΩΝΟΣ· ΤΕΝΟΝΤΟΠΛΑΣΤΙΚΗ, ΑΠΟ ΑΓΚΩΝΑ ΕΩΣ ΩΜΟ;;;;;
223;A403233;ΑΝΑΙΣΘΗΣΙΑ ΓΙΑ ΕΠΕΜΒΑΣΕΙΣ ΠΟΥ ΑΦΟΡΟΥΝ ΝΕΥΡΑ, ΜΥΕΣ, ΤΕΝΟΝΤΕΣ, ΠΕΡΙΤΟΝΙΑ, ΚΑΙ ΑΡΘΡΩΣΕΙΣ ΤΟΥ ΑΝΩΤΕΡΟΥ ΒΡΑΧΙΟΝΑ ΚΑΙ ΤΟΥ ΑΓΚΩΝΟΣ· ΤΕΝΟΔΕΣΙΣ, ΡΗΞΗ ΤΟΥ ΜΑΚΡΟΥ ΤΕΝΟΝΤΟΣ ΤΟΥ ΔΙΚΕΦΑΛΟΥ;;;;;
224;A403261;ΑΝΑΙΣΘΗΣΙΑ ΓΙΑ ΟΛΟΥΣ ΤΟΥΣ ΧΕΙΡΙΣΜΟΥΣ ΠΟΥ ΑΦΟΡΟΥΝ ΤΟ ΒΡΑΧΙΟΝΙΟΝ ΟΣΤΟΥΝ ΚΑΙ ΤΟΝ ΑΓΚΩΝΑ;;;;;
225;A403265;ΑΝΑΙΣΘΗΣΙΑ ΓΙΑ ΔΙΑΓΝΩΣΤΙΚΕΣ ΕΠΕΜΒΑΣΕΙΣ ΑΡΘΡΟΣΚΟΠΗΣΗΣ ΤΗΣ ΑΡΘΡΩΣΗΣ ΤΟΥ ΑΓΚΩΝΟΣ;;;;;
226;A403281;ΑΝΑΙΣΘΗΣΙΑ ΓΙΑ ΑΝΟΙΚΤΕΣ Ή ΑΡΘΡΟΣΚΟΠΙΚΕΣ ΕΠΕΜΒΑΣΕΙΣ ΣΤΟΝ ΑΓΚΩΝΑ· ΔΕΝ ΠΡΟΣΔΙΟΡΙΖΕΤΑΙ ΠΕΡΑΙΤΕΡΩ;;;;;
227;A403285;ΑΝΑΙΣΘΗΣΙΑ ΓΙΑ ΑΝΟΙΚΤΕΣ Ή ΑΡΘΡΟΣΚΟΠΙΚΕΣ ΕΠΕΜΒΑΣΕΙΣ ΣΤΟΝ ΑΓΚΩΝΑ· ΟΣΤΕΟΤΟΜΙΑ ΤΟΥ ΒΡΑΧΙΟΝΙΟΥ ΟΣΤΟΥ;;;;;
228;A403289;ΑΝΑΙΣΘΗΣΙΑ ΓΙΑ ΑΝΟΙΚΤΕΣ Ή ΑΡΘΡΟΣΚΟΠΙΚΕΣ ΕΠΕΜΒΑΣΕΙΣ ΣΤΟΝ ΑΓΚΩΝΑ· ΕΠΙΔΙΩΡΘΩΣΗ ΨΕΥΔΑΡΘΡΩΣΗΣ Ή ΑΝΩΜΑΛΗΣ ΠΩΡΩΣΗΣ ΤΟΥ ΒΡΑΧΙΟΝΙΟΥ ΟΣΤΟΥ;;;;;
229;A403313;ΑΝΑΙΣΘΗΣΙΑ ΓΙΑ ΑΝΟΙΚΤΕΣ Ή ΑΡΘΡΟΣΚΟΠΙΚΕΣ ΕΠΕΜΒΑΣΕΙΣ ΣΤΟΝ ΑΓΚΩΝΑ· ΡΙΖΙΚΕΣ ΕΠΕΜΒΑΣΕΙΣ;;;;;
230;A403317;ΑΝΑΙΣΘΗΣΙΑ ΓΙΑ ΑΝΟΙΚΤΕΣ Ή ΑΡΘΡΟΣΚΟΠΙΚΕΣ ΕΠΕΜΒΑΣΕΙΣ ΣΤΟΝ ΑΓΚΩΝΑ· ΕΚΤΟΜΗ ΚΥΣΤΗΣ Ή ΟΓΚΟΥ ΤΟΥ ΒΡΑΧΙΟΝΙΟΥ ΟΣΤΟΥ;;;;;
231;A403321;ΑΝΑΙΣΘΗΣΙΑ ΓΙΑ ΑΝΟΙΚΤΕΣ Ή ΑΡΘΡΟΣΚΟΠΙΚΕΣ ΕΠΕΜΒΑΣΕΙΣ ΣΤΟΝ ΑΓΚΩΝΑ· ΟΛΙΚΗ ΑΝΤΙΚΑΤΑΣΤΑΣΗ ΑΓΚΩΝΑ;;;;;
232;A403341;ΑΝΑΙΣΘΗΣΙΑ ΓΙΑ ΕΠΕΜΒΑΣΕΙΣ ΠΟΥ ΑΦΟΡΟΥΝ ΤΙΣ ΑΡΤΗΡΙΕΣ ΤΟΥ ΑΝΩ ΤΜΗΜΑΤΟΣ ΤΟΥ ΒΡΑΧΙΟΝΑ ΚΑΙ ΤΟΥ ΑΓΚΩΝΟΣ· ΔΕΝ ΠΡΟΣΔΙΟΡΙΖΕΤΑΙ ΠΕΡΑΙΤΕΡΩ;;;;;
233;A403345;ΑΝΑΙΣΘΗΣΙΑ ΓΙΑ ΕΠΕΜΒΑΣΕΙΣ ΠΟΥ ΑΦΟΡΟΥΝ ΤΙΣ ΑΡΤΗΡΙΕΣ ΤΟΥ ΑΝΩ ΤΜΗΜΑΤΟΣ ΤΟΥ ΒΡΑΧΙΟΝΑ ΚΑΙ ΤΟΥ ΑΓΚΩΝΟΣ·  ΕΜΒΟΛΕΚΤΟΜΗ;;;;;
234;A403361;ΑΝΑΙΣΘΗΣΙΑ ΓΙΑ ΕΠΕΜΒΑΣΕΙΣ ΠΟΥ ΑΦΟΡΟΥΝ ΤΙΣ ΦΛΕΒΕΣ ΤΟΥ ΑΝΩ ΤΜΗΜΑΤΟΣ ΤΟΥ ΒΡΑΧΙΟΝΑ ΚΑΙ ΤΟΥ ΑΓΚΩΝΟΣ· ΔΕΝ ΠΡΟΣΔΙΟΡΙΖΕΤΑΙ ΠΕΡΑΙΤΕΡΩ;;;;;
235;A403365;ΑΝΑΙΣΘΗΣΙΑ ΓΙΑ ΕΠΕΜΒΑΣΕΙΣ ΠΟΥ ΑΦΟΡΟΥΝ ΤΙΣ ΦΛΕΒΕΣ ΤΟΥ ΑΝΩ ΤΜΗΜΑΤΟΣ ΤΟΥ ΑΒΡΑΧΙΟΝΑ ΚΑΙ ΤΟΥ ΑΓΚΩΝΟΣ· ΣΥΡΡΑΦΗ ΦΛΕΒΑΣ;;;;;
236;A403421;ΑΝΑΙΣΘΗΣΙΑ ΓΙΑ ΕΠΕΜΒΑΣΕΙΣ ΠΟΥ ΑΦΟΡΟΥΝ ΝΕΥΡΑ, ΜΥΕΣ, ΤΕΝΟΝΤΕΣ, ΠΕΡΙΤΟΝΙΑ ΚΑΙ  ΘΥΛΑΚΕΣ ΤΟΥ ΑΝΤΙΒΡΑΧΙΟΥ, ΤΟΥ ΚΑΡΠΟΥ ΚΑΙ ΤΗΣ ΑΚΡΑΣ ΧΕΙΡΟΣ;;;;;
237;A403441;ΑΝΑΙΣΘΗΣΙΑ ΓΙΑ ΟΛΟΥΣ ΤΟΥΣ ΧΕΙΡΙΣΜΟΥΣ ΠΟΥ ΑΦΟΡΟΥΝ ΤΑ ΟΣΤΑ ΤΗΣ ΚΕΡΚΙΔΑΣ, ΤΗΣ ΩΛΕΝΗΣ, ΤΟΥ ΚΑΡΠΟΥ Ή ΤΗΣ ΠΑΛΑΜΗΣ;;;;;
238;A403459;ΑΝΑΙΣΘΗΣΙΑ ΓΙΑ ΔΙΑΓΝΩΣΤΙΚΕΣ ΕΠΕΜΒΑΣΕΙΣ ΑΡΘΡΟΣΚΟΠΗΣΗΣ ΤΟΥ ΚΑΡΠΟΥ;;;;;
239;A403461;ΑΝΑΙΣΘΗΣΙΑ ΓΙΑ ΑΝΟΙΚΤΕΣ Ή ΑΡΘΡΟΣΚΟΠΙΚΕΣ ΕΠΕΜΒΑΣΕΙΣ ΚΑΙ ΕΝΔΟΣΚΟΠΗΣΗΣ ΣΤΙΣ ΑΡΘΡΩΣΕΙΣ ΤΗΣ ΠΕΡΙΦΕΡΙΚΗΣ ΚΕΡΚΙΔΑΣ, ΤΗΣ ΠΕΡΙΦΕΡΙΚΗΣ ΩΛΕΝΗΣ, ΤΟΥ ΚΑΡΠΟΥ ΚΑΙ ΤΗΣ ΑΚΡΑΣ ΧΕΙΡΟΣ· ΔΕΝ ΠΡΟΣΔΙΟΡΙΖΕΤΑΙ ΠΕΡΑΙΤΕΡΩ;;;;;
240;A403465;ΑΝΑΙΣΘΗΣΙΑ ΓΙΑ ΑΝΟΙΚΤΕΣ Ή ΑΡΘΡΟΣΚΟΠΙΚΕΣ ΕΠΕΜΒΑΣΕΙΣ ΚΑΙ ΕΝΔΟΣΚΟΠΗΣΗΣ ΣΤΙΣ ΑΡΘΡΩΣΕΙΣ ΤΗΣ ΠΕΡΙΦΕΡΙΚΗΣ ΚΕΡΚΙΔΑΣ, ΤΗΣ ΠΕΡΙΦΕΡΙΚΗΣ ΩΛΕΝΗΣ, ΤΟΥ ΚΑΡΠΟΥ ΚΑΙ ΤΗΣ ΑΚΡΑΣ ΧΕΙΡΟΣ· ΟΛΙΚΗ ΑΝΤΙΚΑΤΑΣΤΑΣΗ ΚΑΡΠΟΥ;;;;;
241;A403481;ΑΝΑΙΣΘΗΣΙΑ ΓΙΑ ΕΠΕΜΒΑΣΕΙΣ ΠΟΥ ΑΦΟΡΟΥΝ ΤΙΣ ΑΡΤΗΡΙΕΣ ΤΟΥ ΑΝΤΙΒΡΑΧΙΟΥ, ΤΟΥ ΚΑΡΠΟΥ ΚΑΙ ΤΗΣ ΑΚΡΑΣ ΧΕΙΡΟΣ· ΔΕΝ ΠΡΟΣΔΙΟΡΙΖΕΤΑΙ ΠΕΡΑΙΤΕΡΩ;;;;;
242;A403485;ΑΝΑΙΣΘΗΣΙΑ ΓΙΑ ΕΠΕΜΒΑΣΕΙΣ ΠΟΥ ΑΦΟΡΟΥΝ ΤΙΣ ΑΡΤΗΡΙΕΣ ΤΟΥ ΑΝΤΙΒΡΑΧΙΟΥ, ΤΟΥ ΚΑΡΠΟΥ ΚΑΙ ΤΗΣ ΑΚΡΑΣ ΧΕΙΡΟΣ· ΕΜΒΟΛΕΚΤΟΜΗ;;;;;
243;A403489;ΑΝΑΙΣΘΗΣΙΑ ΓΙΑ ΑΓΓΕΙΑΚΗ ΠΑΡΑΚΑΜΨΗ Ή ΑΝΑΘΕΩΡΗΣΗ ΤΗΣ ΑΝΑΣΤΟΜΩΣΗΣ, ΚΑΘΕ ΕΙΔΟΥΣ (Π.Χ. ΑΙΜΟΚΑΘΑΡΣΗ);;;;;
244;A403501;ΑΝΑΙΣΘΗΣΙΑ ΓΙΑ ΕΠΕΜΒΑΣΕΙΣ ΠΟΥ ΑΦΟΡΟΥΝ ΤΙΣ ΦΛΕΒΕΣ ΤΟΥ ΑΝΤΙΒΡΑΧΙΟΥ, ΤΟΥ ΚΑΡΠΟΥ ΚΑΙ ΤΗΣ ΑΚΡΑΣ ΧΕΙΡΟΣ· ΔΕΝ ΠΡΟΣΔΙΟΡΙΖΕΤΑΙ ΠΕΡΑΙΤΕΡΩ;;;;;
245;A403505;ΑΝΑΙΣΘΗΣΙΑ ΓΙΑ ΕΠΕΜΒΑΣΕΙΣ ΠΟΥ ΑΦΟΡΟΥΝ ΤΙΣ ΦΛΕΒΕΣ ΤΟΥ ΑΝΤΙΒΡΑΧΙΟΥ, ΤΟΥ ΚΑΡΠΟΥ ΚΑΙ ΤΗΣ ΑΚΡΑΣ ΧΕΙΡΟΣ·  ΣΥΡΡΑΦΗ ΦΛΕΒΑΣ;;;;;
246;A403521;ΑΝΑΙΣΘΗΣΙΑ ΓΙΑ ΕΦΑΡΜΟΓΗ, ΑΦΑΙΡΕΣΗ Ή ΕΠΑΝΑΤΟΠΟΘΕΤΗΣΗ ΓΥΨΟΥ ΣΤΟ ΑΝΤΙΒΡΑΧΙΟ, ΤΟΝ ΚΑΡΠΟ Ή ΤΗΝ ΑΚΡΑ ΧΕΙΡΑ;;;;;
247;A403633;ΑΝΑΙΣΘΗΣΙΑ ΓΙΑ ΔΙΑΓΝΩΣΤΙΚΗ ΑΡΤΗΡΙΟΓΡΑΦΙΑ/ΦΛΕΒΟΓΡΑΦΙΑ;;;;;
248;A403641;ΑΝΑΙΣΘΗΣΙΑ ΓΙΑ ΚΑΘΕΤΗΡΙΑΣΜΟ ΚΑΡΔΙΑΣ, ΣΥΜΠΕΡΙΛΑΜΒΑΝΟΜΕΝΗΣ ΣΤΕΦΑΝΙΑΙΑΣ ΑΓΓΕΙΟΓΡΑΦΙΑΣ ΚΑΙ ΚΟΙΛΙΟΓΡΑΦΙΑΣ (ΜΗ ΣΥΜΠΕΡΙΛΑΜΒΑΝΟΜΕΝΟΥ ΤΟΥ ΚΑΘΕΤΗΡΑ SWAN-GANZ);;;;;
249;A403645;ΑΝΑΙΣΘΗΣΙΑ ΓΙΑ ΜΗ ΕΠΕΜΒΑΤΙΚΗ ΑΠΕΙΚΟΝΙΣΗ Ή ΘΕΡΑΠΕΙΑ ΜΕ ΑΚΤΙΝΟΒΟΛΙΑ;;;;;
250;A403649;ΑΝΑΙΣΘΗΣΙΑ ΓΙΑ ΘΕΡΑΠΕΥΤΙΚΕΣ ΕΠΕΜΒΑΤΙΚΕΣ ΑΚΤΙΝΟΛΟΓΙΚΕΣ ΠΡΑΞΕΙΣ ΠΟΥ ΑΦΟΡΟΥΝ ΤΟ ΑΡΤΗΡΙΑΚΟ ΣΥΣΤΗΜΑ· ΔΕΝ ΠΡΟΣΔΙΟΡΙΖΕΤΑΙ ΠΕΡΑΙΤΕΡΩ;;;;;
251;A403651;ΑΝΑΙΣΘΗΣΙΑ ΓΙΑ ΘΕΡΑΠΕΥΤΙΚΕΣ ΕΠΕΜΒΑΤΙΚΕΣ ΑΚΤΙΝΟΛΟΓΙΚΕΣ ΠΡΑΞΕΙΣ ΠΟΥ ΑΦΟΡΟΥΝ ΤΟ ΑΡΤΗΡΙΑΚΟ ΣΥΣΤΗΜΑ· ΚΑΡΩΤΙΔΑ Ή ΣΤΕΦΑΝΙΑΙΑ;;;;;
252;A403653;ΑΝΑΙΣΘΗΣΙΑ ΓΙΑ ΘΕΡΑΠΕΥΤΙΚΕΣ ΕΠΕΜΒΑΤΙΚΕΣ ΑΚΤΙΝΟΛΟΓΙΚΕΣ ΠΡΑΞΕΙΣ ΠΟΥ ΑΦΟΡΟΥΝ ΤΟ ΑΡΤΗΡΙΑΚΟ ΣΥΣΤΗΜΑ· ΕΝΔΟΚΡΑΝΙΑΚΕΣ, ΕΝΔΟΚΑΡΔΙΑΚΕΣ Ή ΑΟΡΤΙΚΕΣ;;;;;
253;A403661;ΑΝΑΙΣΘΗΣΙΑ ΓΙΑ ΘΕΡΑΠΕΥΤΙΚΕΣ ΕΠΕΜΒΑΤΙΚΕΣ ΑΚΤΙΝΟΛΟΓΙΚΕΣ ΠΡΑΞΕΙΣ ΠΟΥ ΑΦΟΡΟΥΝ ΤΟ ΦΛΕΒΙΚΟ/ΛΕΜΦΙΚΟ ΣΥΣΤΗΜΑ (ΜΗ ΣΥΜΠΕΡΙΛΑΜΒΑΝΟΜΕΝΗΣ ΠΡΟΣΒΑΣΗΣ ΣΤΗΝ ΚΕΝΤΡΙΚΗ ΚΥΚΛΟΦΟΡΙΑ)· ΔΕΝ ΠΡΟΣΔΙΟΡΙΖΕΤΑΙ ΠΕΡΑΙΤΕΡΩ;;;;;
254;A403663;ΑΝΑΙΣΘΗΣΙΑ ΓΙΑ ΘΕΡΑΠΕΥΤΙΚΕΣ ΕΠΕΜΒΑΤΙΚΕΣ ΑΚΤΙΝΟΛΟΓΙΚΕΣ ΠΡΑΞΕΙΣ ΠΟΥ ΑΦΟΡΟΥΝ ΤΟ ΦΛΕΒΙΚΟ/ΛΕΜΦΙΚΟ ΣΥΣΤΗΜΑ (ΜΗ ΣΥΜΠΕΡΙΛΑΜΒΑΝΟΜΕΝΗΣ ΠΡΟΣΒΑΣΗΣ ΣΤΗΝ ΚΕΝΤΡΙΚΗ ΚΥΚΛΟΦΟΡΙΑ)· ΕΝΔΟΗΠΑΤΙΚΕΣ Ή ΠΥΛΑΙΑΣ ΚΥΚΛΟΦΟΡΙΑΣ (Λ.Χ. ΔΙΑΦΛΕΒΙΑ(ΕΣ) ΕΝΔΟΗΠΑΤΙΚΗ(ΕΣ) ΠΥΛΑΙΟΣΥΣΤΗΜΑΤΙΚΗ(ΕΣ) ΠΑΡΑΚΑΜΨΗ(ΕΙΣ) [TIPS]);;;;;
255;A403665;ΑΝΑΙΣΘΗΣΙΑ ΓΙΑ ΘΕΡΑΠΕΥΤΙΚΕΣ ΕΠΕΜΒΑΤΙΚΕΣ ΑΚΤΙΝΟΛΟΓΙΚΕΣ ΠΡΑΞΕΙΣ ΠΟΥ ΑΦΟΡΟΥΝ ΤΟ ΦΛΕΒΙΚΟ/ΛΥΜΦΑΤΙΚΟ ΣΥΣΤΗΜΑ (ΜΗ ΣΥΜΠΕΡΙΛΑΜΒΑΝΟΜΕΝΗΣ ΠΡΟΣΒΑΣΗΣ ΣΤΗΝ ΚΕΝΤΡΙΚΗ ΚΥΚΛΟΦΟΡΙΑ)· ΕΝΔΟΘΩΡΑΚΙΚΕΣ Ή ΣΦΑΓΙΔΙΤΙΚΕΣ;;;;;
256;A403667;ΑΝΑΙΣΘΗΣΙΑ ΓΙΑ ΘΕΡΑΠΕΥΤΙΚΕΣ ΕΠΕΜΒΑΤΙΚΕΣ ΑΚΤΙΝΟΛΟΓΙΚΕΣ ΠΡΑΞΕΙΣ ΠΟΥ ΑΦΟΡΟΥΝ ΤΟ ΦΛΕΒΙΚΟ/ΛΕΜΦΙΚΟ ΣΥΣΤΗΜΑ (ΜΗ ΣΥΜΠΕΡΙΛΑΜΒΑΝΟΜΕΝΗΣ ΠΡΟΣΒΑΣΗΣ ΣΤΗΝ ΚΕΝΤΡΙΚΗ ΚΥΚΛΟΦΟΡΙΑ)· ΕΝΔΟΚΡΑΝΙΑΚΕΣ;;;;;
257;A403671;ΑΝΑΙΣΘΗΣΙΑ ΓΙΑ ΔΙΑΔΕΡΜΙΚΕΣ ΕΠΕΜΒΑΣΕΙΣ ΑΠΕΙΚΟΝΙΣΤΙΚΑ ΚΑΘΟΔΗΓΟΥΜΕΝΕΣ, ΠΟΥ ΑΦΟΡΟΥΝ ΤΗ ΣΠΟΝΔΥΛΙΚΗ ΣΤΗΛΗ ΚΑΙ ΤΟ ΝΩΤΙΑΙΟ ΜΥΕΛΟ· ΔΙΑΓΝΩΣΤΙΚΕΣ;;;;;
258;A403673;ΑΝΑΙΣΘΗΣΙΑ ΓΙΑ ΔΙΑΔΕΡΜΙΚΕΣ ΕΠΕΜΒΑΣΕΙΣ  ΑΠΕΙΚΟΝΙΣΤΙΚΑ ΚΑΘΟΔΗΓΟΥΜΕΝΕΣ, ΠΟΥ ΑΦΟΡΟΥΝ ΤΗ ΣΠΟΝΔΥΛΙΚΗ ΣΤΗΛΗ ΚΑΙ ΤΟ ΝΩΤΙΑΙΟ ΜΥΕΛΟ· ΘΕΡΑΠΕΥΤΙΚΕΣ;;;;;
259;A403703;ΑΝΑΙΣΘΗΣΙΑ ΓΙΑ ΕΚΤΟΜΗ ΚΑΙ ΧΕΙΡΟΥΡΓΙΚΟ ΚΑΘΑΡΙΣΜΟ ΕΓΚΑΥΜΑΤΩΝ ΔΕΥΤΕΡΟΥ ΚΑΙ ΤΡΙΤΟΥ ΒΑΘΜΟΥ ΜΕ Ή ΧΩΡΙΣ ΔΕΡΜΑΤΙΚΟ ΜΟΣΧΕΥΜΑ, ΣΕ ΟΠΟΙΟΔΗΠΟΤΕ ΣΗΜΕΙΟ ΤΟΥ ΣΩΜΑΤΟΣ (ΣΣΕ) ΟΠΟΥ Η ΘΕΡΑΠΕΙΑ ΕΦΑΡΜΟΖΕΤΑΙ ΚΑΤΑ ΤΗ ΔΙΑΡΚΕΙΑ ΑΝΑΙΣΘΗΣΙΑΣ ΚΑΙ ΧΕΙΡΟΥΡΓΙΚΗΣ ΕΠΕΜΒΑΣΗΣ· ΛΙΓΟΤΕΡΟ ΑΠΟ 4% ΤΗΣ ΣΥΝΟΛΙΚΗΣ ΣΩΜΑΤΙΚΗΣ ΕΠΙΦΑΝΕΙΑΣ;;;;;
260;A403705;ΑΝΑΙΣΘΗΣΙΑ ΓΙΑ ΕΚΤΟΜΗ ΚΑΙ ΧΕΙΡΟΥΡΓΙΚΟ ΚΑΘΑΡΙΣΜΟ ΕΓΚΑΥΜΑΤΩΝ ΔΕΥΤΕΡΟΥ ΚΑΙ ΤΡΙΤΟΥ ΒΑΘΜΟΥ ΜΕ Ή ΧΩΡΙΣ ΔΕΡΜΑΤΙΚΟ ΜΟΣΧΕΥΜΑ, ΣΕ ΟΠΟΙΟΔΗΠΟΤΕ ΣΗΜΕΙΟ ΤΟΥ ΣΩΜΑΤΟΣ (ΣΣΕ) ΟΠΟΥ Η ΘΕΡΑΠΕΙΑ ΕΦΑΡΜΟΖΕΤΑΙ ΚΑΤΑ ΤΗ ΔΙΑΡΚΕΙΑ ΑΝΑΙΣΘΗΣΙΑΣ ΚΑΙ ΧΕΙΡΟΥΡΓΙΚΗΣ ΕΠΕΜΒΑΣΗΣ· ΜΕΤΑΞΥ 4% ΚΑΙ 9% ΤΗΣ ΣΥΝΟΛΙΚΗΣ ΣΩΜΑΤΙΚΗΣ ΕΠΙΦΑΝΕΙΑΣ;;;;;
261;A403707;ΑΝΑΙΣΘΗΣΙΑ ΓΙΑ ΕΚΤΟΜΗ ΚΑΙ ΧΕΙΡΟΥΡΓΙΚΟ ΚΑΘΑΡΙΣΜΟ ΕΓΚΑΥΜΑΤΩΝ ΔΕΥΤΕΡΟΥ ΚΑΙ ΤΡΙΤΟΥ ΒΑΘΜΟΥ ΜΕ Ή ΧΩΡΙΣ ΔΕΡΜΑΤΙΚΟ ΜΟΣΧΕΥΜΑ, ΣΕ ΟΠΟΙΟΔΗΠΟΤΕ ΣΗΜΕΙΟ ΤΟΥ ΣΩΜΑΤΟΣ (ΣΣΕ) ΟΠΟΥ Η ΘΕΡΑΠΕΙΑ ΕΦΑΡΜΟΖΕΤΑΙ ΚΑΤΑ ΤΗ ΔΙΑΡΚΕΙΑ ΑΝΑΙΣΘΗΣΙΑΣ ΚΑΙ ΧΕΙΡΟΥΡΓΙΚΗΣ ΕΠΕΜΒΑΣΗΣ· ΚΑΘΕ ΕΠΙΠΛΕΟΝ 9% ΤΗΣ ΣΥΝΟΛΙΚΗΣ ΣΩΜΑΤΙΚΗΣ ΕΠΙΦΑΝΕΙΑΣ Ή ΤΜΗΜΑΤΟΣ ΑΥΤΗΣ (ΚΑΤΑΓΡΑΦΕΤΑΙ ΧΩΡΙΣΤΑ ΕΠΙΠΛΕΟΝ ΤΟΥ ΚΩΔΙΚΟΥ ΤΗΣ  ΑΡΧΙΚΗΣ ΔΙΑΔΙΚΑΣΙΑΣ );;;;;
262;A403717;ΑΝΑΙΣΘΗΣΙΑ ΓΙΑ ΔΙΑΔΙΚΑΣΙΑ ΕΞΩΤΕΡΙΚΗΣ ΚΕΦΑΛΙΚΗΣ ΣΤΡΟΦΗΣ;;;;;
263;A403721;ΑΝΑΙΣΘΗΣΙΑ ΑΠΟΚΛΕΙΣΤΙΚΑ ΓΙΑ ΚΟΛΠΙΚΟ ΤΟΚΕΤΟ;;;;;
264;A403723;ΑΝΑΙΣΘΗΣΙΑ ΑΠΟΚΛΕΙΣΤΙΚΑ ΓΙΑ ΚΑΙΣΑΡΙΚΗ ΤΟΜΗ;;;;;
265;A403725;ΑΝΑΙΣΘΗΣΙΑ ΓΙΑ ΕΠΕΙΓΟΥΣΑ ΥΣΤΕΡΕΚΤΟΜΗ ΚΑΤΟΠΙΝ ΤΟΚΕΤΟΥ;;;;;
266;A403727;ΑΝΑΙΣΘΗΣΙΑ ΓΙΑ ΚΑΙΣΑΡΙΚΗ ΥΣΤΕΡΕΚΤΟΜΗ ΧΩΡΙΣ ΚΥΗΣΗ ΦΡΟΝΤΙΔΑ ΑΝΑΛΓΗΣΙΑΣ/ΑΝΑΙΣΘΗΣΙΑΣ;;;;;
267;A403731;ΑΝΑΙΣΘΗΣΙΑ ΓΙΑ ΕΠΕΜΒΑΣΕΙΣ ΑΤΕΛΟΥΣ Ή ΠΑΛΙΝΔΡΟΜΗΣ ΑΠΟΒΟΛΗΣ;;;;;
268;A403733;ΑΝΑΙΣΘΗΣΙΑ ΓΙΑ ΕΠΕΜΒΑΣΕΙΣ ΠΡΟΚΛΗΤΗΣ ΕΚΤΡΩΣΗΣ;;;;;
269;A403735;ΝΕΥΡΑΞΟΝΙΚΗ ΑΝΑΛΓΗΣΙΑ ΓΙΑ ΤΟΝ ΚΥΗΣΗ/ΑΝΑΙΣΘΗΣΙΑ ΓΙΑ ΠΡΟΓΡΑΜΜΑΤΙΣΜΕΝΟ ΚΟΛΠΙΚΟ ΤΟΚΕΤΟ (ΑΥΤΟ ΣΥΜΠΕΡΙΛΑΜΒΑΝΕΙ ΚΑΘΕ ΕΠΑΝΑΛΑΜΒΑΝΟΜΕΝΗ ΕΓΧΥΣΗ ΦΑΡΜΑΚΟΥ ΚΑΙ/Ή ΚΑΘΕ ΑΝΑΓΚΑΙΑ ΑΦΑΙΡΕΣΗ ΕΠΙΣΚΛΗΡΙΔΙΟΥ ΚΑΘΕΤΗΡΑ ΚΑΤΑ ΤΟΝ ΤΟΚΕΤΟ);;;;;
270;A403737;ΑΝΑΙΣΘΗΣΙΑ ΓΙΑ ΚΑΙΣΑΡΙΚΗ ΤΟΜΗ ΠΟΥ ΑΚΟΛΟΥΘΕΙ ΝΕΥΡΑΞΟΝΙΚΗ ΑΝΑΛΓΗΣΙΑ/ΑΝΑΙΣΘΗΣΙΑ ΚΥΗΣΗΣ (ΚΑΤΑΓΡΑΦΕΤΑΙ ΧΩΡΙΣΤΑ ΕΠΙΠΛΕΟΝ ΤΟΥ ΚΩΔΙΚΟΥ ΤΗΣ ΑΡΧΙΚΗΣ ΕΠΕΜΒΑΣΗΣ);;;;;
271;A403739;ΑΝΑΙΣΘΗΣΙΑ ΓΙΑ ΚΑΙΣΑΡΙΚΗ ΥΣΤΕΡΕΚΤΟΜΗ ΠΟΥ ΑΚΟΛΟΥΘΕΙ ΝΕΥΡΑΞΟΝΙΚΗ ΑΝΑΛΓΗΣΙΑ/ΑΝΑΙΣΘΗΣΙΑ ΚΥΗΣΗΣ (ΚΑΤΑΓΡΑΦΕΤΑΙ ΧΩΡΙΣΤΑ ΕΠΙΠΛΕΟΝ ΤΟΥ ΚΩΔΙΚΟΥ ΤΗΣ ΑΡΧΙΚΗΣ ΔΙΑΔΙΚΑΣΙΑΣ);;;;;
272;A403781;ΦΥΣΙΟΛΟΓΙΚΗ ΥΠΟΣΤΗΡΙΞΗ ΓΙΑ ΤΗ ΣΥΛΛΟΓΗ ΤΟΥ(ΤΩΝ) ΟΡΓΑΝΟΥ(ΩΝ) ΑΠΟ ΕΓΚΕΦΑΛΙΚΑ ΝΕΚΡΟ ΑΣΘΕΝΗ;;;;;
273;A403783;ΑΝΑΙΣΘΗΣΙΑ ΓΙΑ ΔΙΑΓΝΩΣΤΙΚΑ Ή ΘΕΡΑΠΕΥΤΙΚΟΥΣ ΝΕΥΡΙΚΟΥΣ ΑΠΟΚΕΙΣΜΟΥΣ ΚΑΙ ΕΓΧΥΣΕΙΣ (ΟΤΑΝ Ο ΑΠΟΚΛΕΙΣΜΟΣ Ή Η ΕΓΧΥΣΗ ΔΙΕΝΕΡΓΟΥΝΤΑΙ ΑΠΟ ΔΙΑΦΟΡΕΤΙΚΟ ΠΑΡΟΧΟ)· ΕΚΤΟΣ ΤΗΣ ΠΡΗΝΟΥΣ ΘΕΣΗΣ;;;;;
274;A403785;ΑΝΑΙΣΘΗΣΙΑ ΓΙΑ ΔΙΑΓΝΩΣΤΙΚΑ Ή ΘΕΡΑΠΕΥΤΙΚΟΥΣ ΝΕΥΡΙΚΟΥΣ ΑΠΟΚΛΕΙΣΜΟΥΣ ΚΑΙ ΕΓΧΥΣΕΙΣ (ΟΤΑΝ Ο ΑΠΟΚΛΕΙΣΜΟΣ Ή Η ΕΓΧΥΣΗ ΔΙΕΝΕΡΓΟΥΝΤΑΙ ΑΠΟ ΔΙΑΦΟΡΕΤΙΚΟ ΠΑΡΟΧΟ)· ΣΕ ΠΡΗΝΗ ΘΕΣΗ;;;;;
275;A403793;ΑΝΕΝΕΡΓΟΣ;;;;;
276;A403799;ΜΗ ΚΑΤΑΓΕΓΡΑΜΜΕΝΗ(ΕΣ) ΔΙΑΔΙΚΑΣΙΑ(ΕΣ) ΑΝΑΙΣΘΗΣΙΑΣ;;;;;
277;A403799.1;ΠΕΡΙΕΓΧΕΙΡΗΤΙΚΗ ΑΞΙΟΛΟΓΗΣΗ ΚΑΙ ΕΞΕΤΑΣΗ ΑΠΟ ΑΝΑΙΣΘΗΣΙΟΛΟΓΟ;;;;;
278;A403799.2;ΑΞΙΟΛΟΓΗΣΗ ΚΑΙ ΣΥΜΒΟΥΛΕΥΤΙΚΗ ΓΙΑ ΑΝΑΛΓΗΤΙΚΗ Η ΠΑΡΗΓΟΡΗΤΙΚΗ-ΑΝΚΟΥΦΙΣΤΙΚΗ ΑΓΩΓΗ (< ΜΙΑ ΩΡΑ);;;;;
279;A403799.3;ΑΞΙΟΛΟΓΗΣΗ ΚΑΙ ΣΥΜΒΟΥΛΕΥΤΙΚΗ ΓΙΑ ΑΝΑΛΓΗΤΙΚΗ Η ΠΑΡΗΓΟΡΗΤΙΚΗ-ΑΝΚΟΥΦΙΣΤΙΚΗ ΑΓΩΓΗ (> ΜΙΑ ΩΡΑ);;;;;
280;A403799.4;ΑΠΛΗ ΔΙΑΣΩΛΗΝΩΣΗ ΜΕ ΛΑΡΥΓΓΟΣΚΟΠΙΟ;;;;;
281;A403799.5;ΔΙΑΣΩΛΗΝΩΣΗ ΜΕ ΧΡΗΣΗ ΕΙΔΙΚΩΝ ΛΑΡΥΓΓΟΣΚΟΠΙΩΝ;;;;;
282;A403799.6;ΔΙΑΣΩΛΗΝΩΣΗ ΜΕ ΙΝΟΠΤΙΚΟ ΒΡΟΓΧΟΣΚΟΠΙΟ;;;;;
283;A403799.7;ΔΙΑΣΩΛΗΝΩΣΗ ΜΕ ΧΡΗΣΗ ΥΠΕΡΓΛΩΤΤΙΔΙΚΩΝ ΒΟΗΘΗΜΑΤΩΝ;;;;;
284;A403799.8;ΔΙΑΣΩΛΗΝΩΣΗ, ΕΠΕΙΓΟΥΣΑ ΔΙΑΔΙΚΑΣΙΑ ;;;;;
285;A403799.9;ΑΕΡΙΣΜΟΣ ΜΕ ΠΡΟΣΩΠΙΔΑ (ΜΑΣΚΑ);;;;;
286;A403799.10;ΑΕΡΙΣΜΟΣ ΜΕ ΥΠΕΡΓΛΩΤΤΙΔΙΚΑ ΒΟΗΘΗΜΑΤΑ;;;;;
287;A403799.11;ΑΝΑΙΣΘΗΣΙΑ ΓΙΑ ΑΦΑΙΡΕΣΗ Ή ΑΝΑΘΕΩΡΗΣΗ ΣΤΗΡΙΞΗΣ ΓΙΑ ΑΚΡΑΤΕΙΑ ΟΥΡΩΝ (ΠΧ, ΠΕΡΙΤΟΝΙΑ Ή  ΣΥΝΘΕΤΙΚΗ ΤΑΙΝΙΑ ΤΑΣΗΣ);;;;;
288;A403799.12;ΔΙΕΝΕΡΓΕΙΑ ΑΥΧΕΝΙΚΗΣ ΕΠΙΣΚΛΗΡΙΔΙΟΥ ΓΙΑ ΧΟΡΗΓΗΣΗ ΑΝΑΛΓΗΣΙΑΣ;;;;;
289;A403799.13;ΔΙΕΝΕΡΓΕΙΑ ΘΩΡΑΚΙΚΗΣ ΕΠΙΣΚΛΗΡΙΔΙΟΥ ΓΙΑ ΧΟΡΗΓΗΣΗ ΑΝΑΛΓΗΣΙΑΣ;;;;;
290;A403799.14;ΔΙΕΝΕΡΓΕΙΑ ΟΣΦΥΪΚΗΣ ΕΠΙΣΚΛΗΡΙΔΙΟΥ ΓΙΑ ΧΟΡΗΓΗΣΗ ΑΝΑΛΓΗΣΙΑΣ;;;;;
291;A403799.15;ΔΙΕΝΕΡΓΕΙΑ ΙΕΡΟΚΟΚΚΥΓΙΚΗΣ ΕΠΙΣΚΛΗΡΙΔΙΟΥ ΓΙΑ ΧΟΡΗΓΗΣΗ ΑΝΑΛΓΗΣΙΑΣ;;;;;
292;A403799.16;ΔΙΕΝΕΡΓΕΙΑ ΟΣΦΥΙΟΝΩΤΙΑΙΑΣ ΠΑΡΑΚΕΝΤΗΣΗΣ ΓΙΑ ΧΟΡΗΓΗΣΗ ΑΝΑΛΓΗΣΙΑΣ;;;;;
293;A403799.17;ΧΟΡΗΓΗΣΗ ΓΕΝΙΚΗΣ ΑΝΑΙΣΘΗΣΙΑΣ (ΜΕ ΕΝΔΟΦΛΕΒΙΟΥΣ ΠΑΡΑΓΟΝΤΕΣ, ΕΙΣΠΝΕΥΣΤΙΚΟΥΣ ΠΑΡΑΓΟΝΤΕΣ Η ΣΥΝΔΥΑΣΜΟ ΤΟΥΣ ΜΕ ΝΕΥΡΟΜΥΪΚΟ ΑΠΟΚΛΕΙΣΜΟ);;;;;
294;A403799.18;ΧΟΡΗΓΗΣΗ ΓΕΝΙΚΗΣ ΑΝΑΙΣΘΗΣΙΑΣ (ΜΕ ΕΝΔΟΦΛΕΒΙΟΥΣ ΠΑΡΑΓΟΝΤΕΣ, ΕΙΣΠΝΕΥΣΤΙΚΟΥΣ ΠΑΡΑΓΟΝΤΕΣ Η ΣΥΝΔΥΑΣΜΟ ΤΟΥΣ ΧΩΡΙΣ ΝΕΥΡΟΜΥΪΚΟ ΑΠΟΚΛΕΙΣΜΟ);;;;;
295;A403799.19;ΧΟΡΗΓΗΣΗ ΕΛΑΧΙΣΤΑ ΠΑΡΕΜΒΑΤΙΚΗΣ ΚΑΤΑΣΤΟΛΗΣ Η ΑΝΑΛΓΗΣΙΑΣ ΥΠΟ ΑΝΑΙΣΘΗΣΙΟΛΟΓΙΚΗ ΦΡΟΝΤΙΔΑ ;;;;;
296;A403799.20;ΠΕΡΙΕΓΧΕΙΡΗΤΙΚΗ ΦΡΟΝΤΙΔΑ ΑΣΘΕΝΟΥΣ ΜΕ ΒΑΘΜΟΝΟΜΗΣΗ ASA (ΑΜΕΡΙΚΑΝΙΚΗΣ ΑΝΑΙΣΘΗΣΙΟΛΟΓΙΚΗΣ ΕΤΑΙΡΕΙΑΣ) ΙΙΙ;;;;;
297;A403799.21;ΠΕΡΙΕΓΧΕΙΡΗΤΙΚΗ ΦΡΟΝΤΙΔΑ ΑΣΘΕΝΟΥΣ ΜΕ ΒΑΘΜΟΝΟΜΗΣΗ ASA (ΑΜΕΡΙΚΑΝΙΚΗΣ ΑΝΑΙΣΘΗΣΙΟΛΟΓΙΚΗΣ ΕΤΑΙΡΕΙΑΣ) ΙV-V;;;;;
298;A403799.22;ΕΠΙΣΚΛΗΡΙΔΙΟΣΚΟΠΗΣΗ;;;;;
299;A403799.23;ΧΟΡΗΓΗΣΗ ΜΕΤΕΓΧΕΙΡΗΤΙΚΗΣ ΑΝΑΛΓΗΣΙΑΣ ΑΠΟ ΚΑΘΕΤΗΡΕΣ ΠΕΡΙΦΕΡΙΚΩΝ Η ΚΕΝΤΡΙΚΩΝ ΝΕΥΡΙΚΩΝ ΑΠΟΚΛΕΙΣΜΩΝ.;;;;;
300;A403799.24;ΧΟΡΗΓΗΣΗ ΜΗ ΜΕΤΕΓΧΕΙΡΗΤΙΚΗΣ ΑΝΑΛΓΗΣΙΑΣ ΑΠΟ ΚΑΘΕΤΗΡΕΣ ΠΕΡΙΦΕΡΙΚΩΝ Η ΚΕΝΤΡΙΚΩΝ ΝΕΥΡΙΚΩΝ ΑΠΟΚΛΕΙΣΜΩΝ;;;;;
301;A403799.25;ΧΟΡΗΓΗΣΗ ΜΕΤΕΓΧΕΙΡΗΤΙΚΗΣ ΑΝΑΛΓΗΣΙΑΣ ΜΕ ΣΥΣΚΕΥΕΣ ΣΤΑΓΔΗΝ ΕΓΧΥΣΗΣ Η ΕΛΕΓΧΟΜΕΝΕΣ ΑΠΟ ΤΟΝ ΑΣΘΕΝΗ.;;;;;
302;A403799.26;ΧΟΡΗΓΗΣΗ ΜΗ ΜΕΤΕΓΧΕΙΡΗΤΙΚΗΣ ΑΝΑΛΓΗΣΙΑΣ ΜΕ ΣΥΣΚΕΥΕΣ ΣΤΑΓΔΗΝ ΕΓΧΥΣΗΣ Η ΕΛΕΓΧΟΜΕΝΕΣ ΑΠΟ ΤΟΝ ΑΣΘΕΝΗ.;;;;;
303;A403799.27;ΕΠΙΣΚΛΗΡΙΔΙΑ ΧΟΡΗΓΗΣΗ ΦΑΡΜΑΚΩΝ (ΑΥΧΕΝΙΚΗ, ΘΩΡΑΚΙΚΗ);;;;;
304;A403799.28;ΕΠΙΣΚΛΗΡΙΔΙΑ ΧΟΡΗΓΗΣΗ ΦΑΡΜΑΚΩΝ (ΟΣΦΥΪΚΗ). ;;;;;
305;A403799.29;ΡΙΖΟΓΡΑΦΙΑ (ΑΥΧΕΝΙΚΗ, ΘΩΡΑΚΙΚΗ);;;;;
306;A403799.30;ΡΙΖΟΓΡΑΦΙΑ (ΟΣΦΥΪΚΗ);;;;;
307;A403799.31;ΕΠΙΣΚΛΗΡΙΔΙΟΓΡΑΜΜΑ (ΑΥΧΕΝΙΚΟ, ΘΩΡΑΚΙΚΟ);;;;;
308;A403799.32;ΕΠΙΣΚΛΗΡΙΔΙΟΓΡΑΜΜΑ (ΟΣΦΥΪΚΟ,ΙΕΡΟ);;;;;
309;A403799.33;ΤΟΠΟΘΕΤΗΣΗ ΜΟΝΙΜΟΥ ΕΠΙΣΚΛΗΡΙΔΙΟΥ ΚΑΘΕΤΗΡΑ ΟΣΦΥΪΚΗΣ ΜΟΙΡΑΣ.;;;;;
310;A403799.34;ΑΔΡΑΝΟΠΟΙΗΣΗ ΣΗΜΕΙΩΝ ΠΥΡΟΔΟΤΗΣΗΣ (ΕΩΣ 5, 10 ETC);;;;;
311;A403799.35;ΥΠΑΡΑΧΝΟΕΙΔΗΣ ΧΟΡΗΓΗΣΗ ΦΑΡΜΑΚΩΝ ΜΕ ΕΜΦΥΤΕΥΜΕΝΗ ΑΝΤΛΙΑ ΟΣΦΥΪΚΗΣ ΜΟΙΡΑΣ;;;;;
312;A403799.36;ΕΝΔΟΦΛΕΒΙΑ ΣΥΜΠΑΘΗΤΙΚΗ ΑΠΟΝΕΥΡΩΣΗ;;;;;
313;A403799.37;ΒΕΛΟΝΙΣΜΟΣ ΚΑΙ ΗΛΕΚΤΡΟΒΕΛΟΝΙΣΜΟΣ;;;;;
Β. ΠΡΑΞΕΙΣ ΧΕΙΡΟΥΡΓΙΚΕΣ – ΕΠΕΜΒΑΤΙΚΕΣ – ΕΝΔΟΣΚΟΠΙΚΕΣ;;;;;;;
Β.1;ΔΕΡΜΑ – ΥΠΟΔΟΡΙΟ – ΒΛΕΝΝΟΓΟΝΟΙ;;;;;;
314;X600001;ΑΝΑΡΡΟΦΗΣΗ ΜΕ ΛΕΠΤΗ ΒΕΛΟΝΗ· ΧΩΡΙΣ ΟΠΤΙΚΗ ΚΑΘΟΔΗΓΗΣΗ;;;;;
315;X600003;ΑΝΑΡΡΟΦΗΣΗ ΜΕ ΛΕΠΤΗ ΒΕΛΟΝΗ· ΜΕ ΟΠΤΙΚΗ ΚΑΘΟΔΗΓΗΣΗ;;;;;
316;X600039;ΧΕΙΡΟΥΡΓΙΚΗ ΑΚΜΗΣ (Π.Χ., ΜΑΡΣΙΠΟΠΟΙΗΣΗ, ΔΙΑΝΟΙΞΗ Ή ΑΦΑΙΡΕΣΗ ΠΟΛΛΑΠΛΩΝ ΚΛΕΙΣΤΩΝ ΦΑΓΕΣΩΡΩΝ, ΑΝΟΙΚΤΩΝ ΦΑΓΕΣΩΡΩΝ, ΚΥΣΤΕΩΝ, ΦΛΥΚΤΑΙΝΩΝ);;;;;
317;X600079;ΤΟΜΗ ΚΑΙ ΠΑΡΟΧΕΤΕΥΣΗ ΑΠΟΣΤΗΜΑΤΟΣ (Π.Χ. ΨΕΥΔΑΝΘΡΑΚΑΣ, ΠΥΩΔΗΣ ΙΔΡΩΤΑΔΕΝΙΤΙΔΑ, ΔΕΡΜΑΤΙΚΟ Ή ΥΠΟΔΟΡΙΟ ΑΠΟΣΤΗΜΑ, ΚΥΣΤΗ, ΔΟΘΙΗΝ, Ή ΠΑΡΩΝΥΧΙΑ) ΑΠΛΗ Ή ΜΟΝΗ;;;;;
318;X600081;ΤΟΜΗ ΚΑΙ ΠΑΡΟΧΕΤΕΥΣΗ ΑΠΟΣΤΗΜΑΤΟΣ (Π.Χ. ΨΕΥΔΑΝΘΡΑΚΑΣ, ΠΥΩΔΗΣ ΙΔΡΩΤΑΔΕΝΙΤΙΔΑ, ΔΕΡΜΑΤΙΚΟ Ή ΥΠΟΔΟΡΙΟ ΑΠΟΣΤΗΜΑ, ΚΥΣΤΗ, ΔΟΘΙΗΝ, Ή ΠΑΡΩΝΥΧΙΑ)· ΣΥΝΘΕΤΗ Ή ΠΟΛΛΑΠΛΗ;;;;;
319;X600119;ΤΟΜΗ ΚΑΙ ΠΑΡΟΧΕΤΕΥΣΗ ΚΥΣΤΗΣ ΚΟΚΚΥΓΟΣ· ΑΠΛΗ;;;;;
320;X600121;ΤΟΜΗ ΚΑΙ ΠΑΡΟΧΕΤΕΥΣΗ ΚΥΣΤΗΣ ΚΟΚΚΥΓΟΣ· ΣΥΝΘΕΤΗ;;;;;
321;X600199;ΤΟΜΗ ΚΑΙ ΑΦΑΙΡΕΣΗ ΞΕΝΟΥ ΣΩΜΑΤΟΣ, ΥΠΟΔΟΡΙΟΙ ΙΣΤΟΙ· ΑΠΛΗ;;;;;
322;X600201;ΤΟΜΗ ΚΑΙ ΑΦΑΙΡΕΣΗ ΞΕΝΟΥ ΣΩΜΑΤΟΣ, ΥΠΟΔΟΡΙΟΙ ΙΣΤΟΙ· ΣΥΝΘΕΤΗ;;;;;
323;X600239;ΤΟΜΗ ΚΑΙ ΠΑΡΟΧΕΤΕΥΣΗ ΑΙΜΑΤΩΜΑΤΟΣ, ΣΥΛΛΟΓΗΣ ΟΡΟΥ Ή ΥΓΡΟΥ;;;;;
324;X600279;ΑΝΑΡΡΟΦΗΣΗ ΜΕ ΠΑΡΑΚΕΝΤΗΣΗ ΑΠΟΣΤΗΜΑΤΟΣ, ΑΙΜΑΤΩΜΑΤΟΣ, ΠΟΜΦΟΛΥΓΟΣ, Ή ΚΥΣΤΗΣ;;;;;
325;X600319;ΤΟΜΗ ΚΑΙ ΠΑΡΟΧΕΤΕΥΣΗ, ΣΥΝΘΕΤΗ, ΜΟΛΥΝΣΗ ΜΕΤΕΓΧΕΙΡΗΤΙΚΟΥ ΤΡΑΥΜΑΤΟΣ;;;;;
326;X601959;ΑΝΕΝΕΡΓΟΣ;;;;;
327;X601961;ΑΝΕΝΕΡΓΟΣ;;;;;
328;X601967;ΧΕΙΡΟΥΡΓΙΚΟΣ ΚΑΘΑΡΙΣΜΟΣ ΤΟΥ ΔΕΡΜΑΤΟΣ, ΥΠΟΔΟΡΙΟΥ ΙΣΤΟΥ, ΜΥΩΝ ΚΑΙ ΠΕΡΙΤΟΝΙΑΣ ΓΙΑ ΝΕΚΡΩΤΙΚΗ ΛΟΙΜΩΞΗ ΜΑΛΑΚΩΝ ΙΣΤΩΝ· ΕΞΩΤΕΡΙΚΑ ΓΕΝΝΗΤΙΚΑ ΟΡΓΑΝΑ ΚΑΙ ΠΕΡΙΝΕΟ;;;;;
329;X601969;ΧΕΙΡΟΥΡΓΙΚΟΣ ΚΑΘΑΡΙΣΜΟΣ ΤΟΥ ΔΕΡΜΑΤΟΣ, ΥΠΟΔΟΡΙΟΥ ΙΣΤΟΥ, ΜΥΩΝ ΚΑΙ ΠΕΡΙΤΟΝΙΟΥ ΓΙΑ ΝΕΚΡΩΤΙΚΗ ΛΟΙΜΩΞΗ ΜΑΛΑΚΩΝ ΙΣΤΩΝ· ΚΟΙΛΙΑΚΟ ΤΟΙΧΩΜΑ, ΜΕ Ή ΧΩΡΙΣ ΣΥΓΚΛΕΙΣΗ ΤΗΣ ΠΕΡΙΤΟΝΙΑΣ;;;;;
330;X601971;ΧΕΙΡΟΥΡΓΙΚΟΣ ΚΑΘΑΡΙΣΜΟΣ ΤΟΥ ΔΕΡΜΑΤΟΣ, ΥΠΟΔΟΡΙΟΥ ΙΣΤΟΥ, ΜΥΩΝ ΚΑΙ ΠΕΡΙΤΟΝΙΑΣ ΓΙΑ ΝΕΚΡΩΤΙΚΗ ΛΟΙΜΩΞΗ ΜΑΛΑΚΩΝ ΙΣΤΩΝ· ΕΞΩΤΕΡΙΚΑ ΓΕΝΝΗΤΙΚΑ ΟΡΓΑΝΑ, ΠΕΡΙΝΕΟ ΚΑΙ  ΚΟΙΛΙΑΚΟ ΤΟΙΧΩΜΑ, ΜΕ Ή ΧΩΡΙΣ ΣΥΓΚΛΕΙΣΗ ΤΗΣ ΠΕΡΙΤΟΝΙΑΣ;;;;;
331;X601975;ΑΦΑΙΡΕΣΗ ΠΡΟΣΘΕΤΙΚΟΥ ΥΛΙΚΟΥ Ή ΠΛΕΓΜΑΤΟΣ ΚΟΙΛΙΑΚΟΥ ΤΟΙΧΩΜΑΤΟΣ ΓΙΑ ΜΟΛΥΝΣΗ (Π.Χ. ΓΙΑ ΧΡΟΝΙΑ Ή ΥΠΟΤΡΟΠΙΑΖΟΥΣΑ ΜΟΛΥΝΣΗ ΠΛΕΓΜΑΤΟΣ Ή ΝΕΚΡΩΤΙΚΗ ΜΟΛΥΝΣΗ ΜΑΛΑΚΩΝ ΙΣΤΩΝ) (ΝΑ ΚΑΤΑΓΡΑΦΕΤΑΙ ΞΕΧΩΡΙΣΤΑ ΕΠΙΠΛΕΟΝ ΤΟΥ ΚΩΔΙΚΟΥ ΤΗΣ ΑΡΧΙΚΗΣ ΔΙΑΔΙΚΑΣΙΑΣ);;;;;
332;X601979;ΧΕΙΡΟΥΡΓΙΚΟΣ ΚΑΘΑΡΙΣΜΟΣ ΣΥΜΠΕΡΙΛΑΜΒΑΝΟΜΕΝΗΣ ΤΗΣ ΑΦΑΙΡΕΣΗΣ ΞΕΝΟΥ ΥΛΙΚΟΥ ΠΟΥ ΣΧΕΤΙΖΕΤΑΙ ΜΕ ΑΝΟΙΚΤΟ(Α) ΚΑΤΑΓΜΑ(ΤΑ) ΚΑΙ/Ή ΕΞΑΡΘΡΩΣΗ(ΕΙΣ)· ΔΕΡΜΑ ΚΑΙ ΥΠΟΔΟΡΙΟΙ ΙΣΤΟΙ;;;;;
333;X601981;ΧΕΙΡΟΥΡΓΙΚΟΣ ΚΑΘΑΡΙΣΜΟΣ ΣΥΜΠΕΡΙΛΑΜΒΑΝΟΜΕΝΗΣ ΤΗΣ ΑΦΑΙΡΕΣΗΣ ΞΕΝΟΥ ΥΛΙΚΟΥ ΠΟΥ ΣΧΕΤΙΖΕΤΑΙ ΜΕ ΑΝΟΙΚΤΟ(Α) ΚΑΤΑΓΜΑ(ΤΑ) ΚΑΙ/Ή ΕΞΑΡΘΡΩΣΗ(ΕΙΣ)· ΔΕΡΜΑ ΚΑΙ ΥΠΟΔΟΡΙΟΙ ΙΣΤΟΙ, ΜΥΙΚΗ ΠΕΡΙΤΟΝΙΑ ΚΑΙ ΜΥΣ;;;;;
334;X601983;ΧΕΙΡΟΥΡΓΙΚΟΣ ΚΑΘΑΡΙΣΜΟΣ ΣΥΜΠΕΡΙΛΑΜΒΑΝΟΜΕΝΗΣ ΤΗΣ ΑΦΑΙΡΕΣΗΣ ΞΕΝΟΥ ΥΛΙΚΟΥ ΠΟΥ ΣΧΕΤΙΖΕΤΑΙ ΜΕ ΑΝΟΙΚΤΟ(Α) ΚΑΤΑΓΜΑ(ΤΑ) ΚΑΙ/Ή ΕΞΑΡΘΡΩΣΗ(ΕΙΣ)· ΔΕΡΜΑ, ΥΠΟΔΟΡΙΟΙ ΙΣΤΟΙ, ΜΥΙΚΗ ΠΕΡΙΤΟΝΙΑ, ΜΥΣ, ΚΑΙ ΟΣΤΟ;;;;;
335;X602039;ΧΕΙΡΟΥΡΓΙΚΟΣ ΚΑΘΑΡΙΣΜΟΣ· ΔΕΡΜΑ, ΜΕΡΙΚΟ ΠΑΧΟΣ;;;;;
336;X602041;ΧΕΙΡΟΥΡΓΙΚΟΣ ΚΑΘΑΡΙΣΜΟΣ· ΔΕΡΜΑ, ΟΛΙΚΟ ΠΑΧΟ;;;;;
337;X602043;ΧΕΙΡΟΥΡΓΙΚΟΣ ΚΑΘΑΡΙΣΜΟΣ· ΔΕΡΜΑ, ΚΑΙ ΥΠΟΔΟΡΙΟΣ ΙΣΤΟΣ;;;;;
338;X602045;ΧΕΙΡΟΥΡΓΙΚΟΣ ΚΑΘΑΡΙΣΜΟΣ· ΔΕΡΜΑ, ΥΠΟΔΟΡΙΟΣ ΙΣΤΟΣ, ΚΑΙ ΜΥΣ;;;;;
339;X602047;ΧΕΙΡΟΥΡΓΙΚΟΣ ΚΑΘΑΡΙΣΜΟΣ· ΔΕΡΜΑ, ΥΠΟΔΟΡΙΟΣ ΙΣΤΟΣ, ΜΥΣ ΚΑΙ ΟΣΤΟ;;;;;
340;X602069;ΑΠΟΞΕΣΗ Ή ΕΚΤΟΜΗ ΚΑΛΟΗΘΟΥΣ ΥΠΕΡΚΕΡΑΤΩΣΙΚΗΣ ΒΛΑΒΗΣ (Π.Χ., ΤΥΛΟΣ Ή ΚΑΛΛΟΣ)· ΜΙΑ ΒΛΑΒΗ;;;;;
341;X602071;ΑΠΟΞΕΣΗ Ή ΕΚΤΟΜΗ ΚΑΛΟΗΘΟΥΣ ΥΠΕΡΚΕΡΑΤΩΣΙΚΗΣ ΒΛΑΒΗΣ (Π.Χ., ΤΥΛΟΣ Ή ΚΑΛΛΟΣ)· 2 ΕΩΣ 4 ΒΛΑΒΕΣ;;;;;
342;X602073;ΑΠΟΞΕΣΗ Ή ΕΚΤΟΜΗ ΚΑΛΟΗΘΟΥΣ ΥΠΕΡΚΕΡΑΤΩΣΙΚΗΣ ΒΛΑΒΗΣ (Π.Χ., ΤΥΛΟΣ Ή ΚΑΛΛΟΣ)· ΠΕΡΙΣΣΟΤΕΡΕΣ ΑΠΟ 4 ΒΛΑΒΕΣ;;;;;
343;X602159;ΒΙΟΨΙΑ ΔΕΡΜΑΤΟΣ, ΥΠΟΔΟΡΙΟΥ ΙΣΤΟΥ ΚΑΙ/Ή ΒΛΕΝΝΟΓΟΝΟΥ (ΣΥΜΠΕΡΙΛΑΜΒΑΝΟΜΕΝΗΣ ΑΠΛΗΣ ΣΥΓΚΛΕΙΣΗΣ), ΕΚΤΟΣ ΑΝ ΚΑΤΑΓΡΑΦΕΤΑΙ ΔΙΑΦΟΡΕΤΙΚΑ· ΜΙΑ ΒΛΑΒΗ;;;;;
344;X602161;ΒΙΟΨΙΑ ΔΕΡΜΑΤΟΣ, ΥΠΟΔΟΡΙΟΥ ΙΣΤΟΥ ΚΑΙ/Ή ΒΛΕΝΝΟΓΟΝΟΥ (ΣΥΜΠΕΡΙΛΑΜΒΑΝΟΜΕΝΗΣ ΑΠΛΗΣ ΣΥΓΚΛΕΙΣΗΣ), ΕΚΤΟΣ ΑΝ ΚΑΤΑΓΡΑΦΕΤΑΙ ΔΙΑΦΟΡΕΤΙΚΑ· ΚΑΘΕ ΞΕΧΩΡΙΣΤΗ/ΕΠΙΠΛΕΟΝ ΒΛΑΒΗ (ΝΑ ΚΑΤΑΓΡΑΦΕΤΑΙ ΞΕΧΩΡΙΣΤΑ ΕΠΙΠΛΕΟΝ ΤΟΥ ΚΩΔΙΚΟΥ ΤΗΣ ΑΡΧΙΚΗΣ ΔΙΑΔΙΚΑΣΙΑΣ);;;;;
345;X602359;ΑΦΑΙΡΕΣΗ ΠΟΛΛΑΠΛΩΝ ΑΚΡΟΧΟΡΔΟΝΩΝ ΚΑΘΕ ΠΕΡΙΟΧΗ· ΜΕΧΡΙ ΚΑΙ 15 ΒΛΑΒΕΣ;;;;;
346;X602361;ΑΦΑΙΡΕΣΗ ΠΟΛΛΑΠΛΩΝ ΑΚΡΟΧΟΡΔΟΝΩΝ. ΓΙΑ ΚΑΘΕ ΕΠΙΠΛΕΟΝ 10 ΒΛΑΒΕΣ, Ή ΜΕΡΟΣ ΑΥΤΩΝ (ΝΑ ΚΑΤΑΓΡΑΦΕΤΑΙ ΞΕΧΩΡΙΣΤΑ, ΕΠΙΠΛΕΟΝ ΤΟΥ ΚΩΔΙΚΟΥ ΤΗΣ ΑΡΧΙΚΗΣ ΔΙΑΔΙΚΑΣΙΑΣ);;;;;
347;X602559;ΑΠΟΞΕΣΗ ΕΠΙΔΕΡΜΙΚΗΣ Ή ΔΕΡΜΑΤΙΚΗΣ ΒΛΑΒΗΣ, ΜΙΑ ΒΛΑΒΗ, ΚΟΡΜΟΣ, ΑΝΩ ΑΚΡΑ Ή ΚΑΤΩ ΑΚΡΑ· ΔΙΑΜΕΤΡΟΣ ΒΛΑΒΗΣ 0.5 cm Ή ΛΙΓΟΤΕΡΟ;;;;;
348;X602561;ΑΠΟΞΕΣΗ ΕΠΙΔΕΡΜΙΚΗΣ Ή ΔΕΡΜΑΤΙΚΗΣ ΒΛΑΒΗΣ, ΜΙΑ ΒΛΑΒΗ, ΚΟΡΜΟΣ, ΑΝΩ ΑΚΡΑ Ή ΚΑΤΩ ΑΚΡΑ· ΔΙΑΜΕΤΡΟΣ ΒΛΑΒΗΣ 0.6 ΕΩΣ 1.0 cm;;;;;
349;X602563;ΑΠΟΞΕΣΗ ΕΠΙΔΕΡΜΙΚΗΣ Ή ΔΕΡΜΑΤΙΚΗΣ ΒΛΑΒΗΣ, ΜΙΑ ΒΛΑΒΗ, ΚΟΡΜΟΣ, ΑΝΩ ΑΚΡΑ Ή ΚΑΤΩ ΑΚΡΑ· ΔΙΑΜΕΤΡΟΣ ΒΛΑΒΗΣ 1.1 ΕΩΣ 2.0 cm;;;;;
350;X602565;ΑΠΟΞΕΣΗ ΕΠΙΔΕΡΜΙΚΗΣ Ή ΔΕΡΜΑΤΙΚΗΣ ΒΛΑΒΗΣ, ΜΙΑ ΒΛΑΒΗ, ΚΟΡΜΟΣ, ΑΝΩ ΑΚΡΑ Ή ΚΑΤΩ ΑΚΡΑ· ΔΙΑΜΕΤΡΟΣ ΒΛΑΒΗΣ ΑΝΩ ΤΩΝ 2.0 cm;;;;;
351;X602569;ΑΠΟΞΕΣΗ ΕΠΙΔΕΡΜΙΚΗΣ Ή ΔΕΡΜΑΤΙΚΗΣ ΒΛΑΒΗΣ, ΜΙΑ ΒΛΑΒΗ, ΔΕΡΜΑ ΚΡΑΝΙΟΥ, ΑΥΧΕΝΑΣ, ΑΚΡΑ ΧΕΙΡ, ΑΚΡΟΣ ΠΟΥΣ, ΓΕΝΝΗΤΙΚΑ ΟΡΓΑΝΑ· ΔΙΑΜΕΤΡΟΣ ΒΛΑΒΗΣ 0.5 cm Ή ΛΙΓΟΤΕΡΟ;;;;;
352;X602571;ΑΠΟΞΕΣΗ ΕΠΙΔΕΡΜΙΚΗΣ Ή ΔΕΡΜΑΤΙΚΗΣ ΒΛΑΒΗΣ, ΜΙΑ ΒΛΑΒΗ, ΔΕΡΜΑ ΚΡΑΝΙΟΥ, ΑΥΧΕΝΑΣ, ΑΚΡΑ ΧΕΙΡ, ΑΚΡΟΣ ΠΟΥΣ, ΓΕΝΝΗΤΙΚΑ ΟΡΓΑΝΑ· ΔΙΑΜΕΤΡΟΣ ΒΛΑΒΗΣ 0.6 ΕΩΣ 10 cm;;;;;
353;X602573;ΑΠΟΞΕΣΗ ΕΠΙΔΕΡΜΙΚΗΣ Ή ΔΕΡΜΑΤΙΚΗΣ ΒΛΑΒΗΣ, ΜΙΑ ΒΛΑΒΗ, ΔΕΡΜΑ ΚΡΑΝΙΟΥ, ΑΥΧΕΝΑΣ ΑΚΡΑ ΧΕΙΡ, ΑΚΡΟΣ ΠΟΥΣ, ΓΕΝΝΗΤΙΚΑ ΟΡΓΑΝΑ, ΔΙΑΜΕΤΡΟΣ ΒΛΑΒΗΣ 1.1 ΕΩΣ 2.0 cm;;;;;
354;X602575;ΑΠΟΞΕΣΗ ΕΠΙΔΕΡΜΙΚΗΣ Ή ΔΕΡΜΑΤΙΚΗΣ ΒΛΑΒΗΣ, ΜΙΑ ΒΛΑΒΗ, ΔΕΡΜΑ ΚΡΑΝΙΟΥ, ΑΥΧΕΝΑΣ, ΑΚΡΑ ΧΕΙΡ, ΑΚΡΟΣ ΠΟΥΣ, ΓΕΝΝΗΤΙΚΑ ΟΡΓΑΝΑ· ΔΙΑΜΕΤΡΟΣ ΒΛΑΒΗΣ ΑΝΩ ΤΩΝ 2.0 cm;;;;;
355;X602579;ΑΠΟΞΕΣΗ ΕΠΙΔΕΡΜΙΚΗΣ Ή ΔΕΡΜΑΤΙΚΗΣ ΒΛΑΒΗΣ, ΜΙΑ ΒΛΑΒΗ, ΠΡΟΣΩΠΟ, ΩΤΑ ΒΛΕΦΑΡΑ, ΡΙΣ, ΧΕΙΛΗ, ΒΛΕΝΝΟΓΟΝΟΣ· ΔΙΑΜΕΤΡΟΣ ΒΛΑΒΗΣ 0.5 cm Ή ΛΙΓΟΤΕΡΟ;;;;;
356;X602581;ΑΠΟΞΕΣΗ ΕΠΙΔΕΡΜΙΚΗΣ Ή ΔΕΡΜΑΤΙΚΗΣ ΒΛΑΒΗΣ, ΜΙΑ ΒΛΑΒΗ, ΠΡΟΣΩΠΟ, ΩΤΑ ΒΛΕΦΑΡΑ, ΡΙΣ, ΧΕΙΛΗ, ΒΛΕΝΝΟΓΟΝΟΣ· ΔΙΑΜΕΤΡΟΣ ΒΛΑΒΗΣ 0.6 ΕΩΣ 1.0 cm;;;;;
357;X602583;ΑΠΟΞΕΣΗ ΕΠΙΔΕΡΜΙΚΗΣ Ή ΔΕΡΜΑΤΙΚΗΣ ΒΛΑΒΗΣ, ΜΙΑ ΒΛΑΒΗ, ΠΡΟΣΩΠΟ, ΩΤΑ ΒΛΕΦΑΡΑ, ΡΙΣ, ΧΕΙΛΗ, ΒΛΕΝΝΟΓΟΝΟΣ· ΔΙΑΜΕΤΡΟΣ ΒΛΑΒΗΣ 1.1 ΕΩΣ 2.0 cm;;;;;
358;X602585;ΑΠΟΞΕΣΗ ΕΠΙΔΕΡΜΙΚΗΣ Ή ΔΕΡΜΑΤΙΚΗΣ ΒΛΑΒΗΣ, ΜΙΑ ΒΛΑΒΗ, ΠΡΟΣΩΠΟ, ΩΤΑ ΒΛΕΦΑΡΑ, ΡΙΣ, ΧΕΙΛΗ, ΒΛΕΝΝΟΓΟΝΟΣ· ΔΙΑΜΕΤΡΟΣ ΒΛΑΒΗΣ ΑΝΩ ΤΩΝ 2.0 cm;;;;;
359;X602759;ΕΚΤΟΜΗ, ΚΑΛΟΗΘΗΣ ΒΛΑΒΗ ΕΠΙ ΥΓΕΙΩΝ ΟΡΙΩΝ, ΕΚΤΟΣ ΑΚΡΟΧΟΡΔΟΝΩΝ (ΕΚΤΟΣ ΑΝ ΚΑΤΑΓΡΑΦΕΤΑΙ ΑΛΛΟΥ), ΚΟΡΜΟΣ, ΑΝΩ Ή ΚΑΤΩ ΑΚΡΑ· ΔΙΑΜΕΤΡΟΣ ΤΗΣ ΕΚΤΟΜΗΣ 0.5 cm Ή ΛΙΓΟΤΕΡΟ;;;;;
360;X602761;ΕΚΤΟΜΗ, ΚΑΛΟΗΘΗΣ ΒΛΑΒΗ ΕΠΙ ΥΓΕΙΩΝ ΟΡΙΩΝ, ΕΚΤΟΣ ΑΚΡΟΧΟΡΔΟΝΩΝ (ΕΚΤΟΣ ΑΝ ΚΑΤΑΓΡΑΦΕΤΑΙ ΑΛΛΟΥ), ΚΟΡΜΟΣ, ΑΝΩ Ή ΚΑΤΩ ΑΚΡΑ· ΔΙΑΜΕΤΡΟΣ ΤΗΣ ΕΚΤΟΜΗΣ 0.6 ΕΩΣ 1.0 cm;;;;;
361;X602763;ΕΚΤΟΜΗ, ΚΑΛΟΗΘΗΣ ΒΛΑΒΗ ΕΠΙ ΥΓΕΙΩΝ ΟΡΙΩΝ, ΕΚΤΟΣ ΑΚΡΟΧΟΡΔΟΝΩΝ (ΕΚΤΟΣ ΑΝ ΚΑΤΑΓΡΑΦΕΤΑΙ ΑΛΛΟΥ), ΚΟΡΜΟΣ, ΑΝΩ Ή ΚΑΤΩ ΑΚΡΑ· ΔΙΑΜΕΤΡΟΣ ΤΗΣ ΕΚΤΟΜΗΣ 1.1 ΕΩΣ 2.0 cm;;;;;
362;X602765;ΕΚΤΟΜΗ, ΚΑΛΟΗΘΗΣ ΒΛΑΒΗ ΕΠΙ ΥΓΕΙΩΝ ΟΡΙΩΝ, ΕΚΤΟΣ ΑΚΡΟΧΟΡΔΟΝΩΝ (ΕΚΤΟΣ ΑΝ ΚΑΤΑΓΡΑΦΕΤΑΙ ΑΛΛΟΥ), ΚΟΡΜΟΣ, ΑΝΩ Ή ΚΑΤΩ ΑΚΡΑ· ΔΙΑΜΕΤΡΟΣ ΤΗΣ ΕΚΤΟΜΗΣ 2.1 ΕΩΣ 3.0 cm;;;;;
363;X602767;ΕΚΤΟΜΗ, ΚΑΛΟΗΘΗΣ ΒΛΑΒΗ ΕΠΙ ΥΓΕΙΩΝ ΟΡΙΩΝ, ΕΚΤΟΣ ΑΚΡΟΧΟΡΔΟΝΩΝ (ΕΚΤΟΣ ΑΝ ΚΑΤΑΓΡΑΦΕΤΑΙ ΑΛΛΟΥ), ΚΟΡΜΟΣ, ΑΝΩ Ή ΚΑΤΩ ΑΚΡΑ· ΔΙΑΜΕΤΡΟΣ ΤΗΣ ΕΚΤΟΜΗΣ 3.1 ΕΩΣ 4.0 cm;;;;;
364;X602771;ΕΚΤΟΜΗ, ΚΑΛΟΗΘΗΣ ΒΛΑΒΗ ΕΠΙ ΥΓΕΙΩΝ ΟΡΙΩΝ, ΕΚΤΟΣ ΑΚΡΟΧΟΡΔΟΝΩΝ (ΕΚΤΟΣ ΑΝ ΚΑΤΑΓΡΑΦΕΤΑΙ ΑΛΛΟΥ), ΚΟΡΜΟΣ, ΑΝΩ Ή ΚΑΤΩ ΑΚΡΑ· ΔΙΑΜΕΤΡΟΣ ΤΗΣ ΕΚΤΟΜΗΣ ΑΝΩ ΤΩΝ 4.0 cm;;;;;
365;X602799;ΕΚΤΟΜΗ, ΚΑΛΟΗΘΗΣ ΒΛΑΒΗ ΕΠΙ ΥΓΕΙΩΝ ΟΡΙΩΝ, ΕΚΤΟΣ ΑΚΡΟΧΟΡΔΟΝΩΝ (ΕΚΤΟΣ ΑΝ ΚΑΤΑΓΡΑΦΕΤΑΙ ΑΛΛΟΥ), ΔΕΡΜΑ ΚΡΑΝΙΟΥ, ΑΥΧΕΝΑΣ, ΑΚΡΑ ΧΕΙΡ, ΑΚΡΟΣ ΠΟΥΣ, ΓΕΝΝΗΤΙΚΑ ΟΡΓΑΝΑ· ΔΙΑΜΕΤΡΟΣ ΕΚΤΟΜΗΣ 0.5 cm Ή ΛΙΓΟΤΕΡΟ;;;;;
366;X602801;ΕΚΤΟΜΗ, ΚΑΛΟΗΘΗΣ ΒΛΑΒΗ ΕΠΙ ΥΓΕΙΩΝ ΟΡΙΩΝ, ΕΚΤΟΣ ΑΚΡΟΧΟΡΔΟΝΩΝ (ΕΚΤΟΣ ΑΝ ΚΑΤΑΓΡΑΦΕΤΑΙ ΑΛΛΟΥ), ΔΕΡΜΑ ΚΡΑΝΙΟΥ, ΑΥΧΕΝΑΣ, ΑΚΡΑ ΧΕΙΡ, ΑΚΡΟΣ ΠΟΥΣ, ΓΕΝΝΗΤΙΚΑ ΟΡΓΑΝΑ· ΔΙΑΜΕΤΡΟΣ ΕΚΤΟΜΗΣ 0.6 ΕΩΣ 1.0 cm;;;;;
367;X602803;ΕΚΤΟΜΗ, ΚΑΛΟΗΘΗΣ ΒΛΑΒΗ ΕΠΙ ΥΓΕΙΩΝ ΟΡΙΩΝ, ΕΚΤΟΣ ΑΚΡΟΧΟΡΔΟΝΩΝ (ΕΚΤΟΣ ΑΝ ΚΑΤΑΓΡΑΦΕΤΑΙ ΑΛΛΟΥ), ΔΕΡΜΑ ΚΡΑΝΙΟΥ, ΑΥΧΕΝΑΣ, ΑΚΡΑ ΧΕΙΡ, ΑΚΡΟΣ ΠΟΥΣ, ΓΕΝΝΗΤΙΚΑ ΟΡΓΑΝΑ· ΔΙΑΜΕΤΡΟΣ ΕΚΤΟΜΗΣ 1.1 ΜΕ 2.0 cm;;;;;
368;X602805;ΕΚΤΟΜΗ, ΚΑΛΟΗΘΗΣ ΒΛΑΒΗ ΕΠΙ ΥΓΕΙΩΝ ΟΡΙΩΝ, ΕΚΤΟΣ ΑΚΡΟΧΟΡΔΟΝΩΝ (ΕΚΤΟΣ ΑΝ ΚΑΤΑΓΡΑΦΕΤΑΙ ΑΛΛΟΥ), ΔΕΡΜΑ ΚΡΑΝΙΟΥ, ΑΥΧΕΝΑΣ, ΑΚΡΑ ΧΕΙΡ, ΑΚΡΟΣ ΠΟΥΣ, ΓΕΝΝΗΤΙΚΑ ΟΡΓΑΝΑ· ΔΙΑΜΕΤΡΟΣ ΕΚΤΟΜΗΣ 2.1 ΜΕ 3.0 cm;;;;;
369;X602807;ΕΚΤΟΜΗ, ΚΑΛΟΗΘΗΣ ΒΛΑΒΗ ΕΠΙ ΥΓΕΙΩΝ ΟΡΙΩΝ, ΕΚΤΟΣ ΑΚΡΟΧΟΡΔΟΝΩΝ (ΕΚΤΟΣ ΑΝ ΚΑΤΑΓΡΑΦΕΤΑΙ ΑΛΛΟΥ), ΔΕΡΜΑ ΚΡΑΝΙΟΥ, ΑΥΧΕΝΑΣ, ΑΚΡΑ ΧΕΙΡ, ΑΚΡΟΣ ΠΟΥΣ, ΓΕΝΝΗΤΙΚΑ ΟΡΓΑΝΑ· ΔΙΑΜΕΤΡΟΣ ΕΚΤΟΜΗΣ 3.1 ΜΕ 4.0 cm;;;;;
370;X602811;ΕΚΤΟΜΗ, ΚΑΛΟΗΘΗΣ ΒΛΑΒΗ ΕΠΙ ΥΓΕΙΩΝ ΟΡΙΩΝ, ΕΚΤΟΣ ΑΚΡΟΧΟΡΔΟΝΩΝ (ΕΚΤΟΣ ΑΝ ΚΑΤΑΓΡΑΦΕΤΑΙ ΑΛΛΟΥ), ΔΕΡΜΑ ΚΡΑΝΙΟΥ, ΑΥΧΕΝΑΣ, ΑΚΡΑ ΧΕΙΡ, ΑΚΡΟΣ ΠΟΥΣ, ΓΕΝΝΗΤΙΚΑ ΟΡΓΑΝΑ· ΔΙΑΜΕΤΡΟΣ ΕΚΤΟΜΗΣ ΠΑΝΩ ΑΠΟ 4.0 cm;;;;;
371;X602839;ΕΚΤΟΜΗ, ΑΛΛΗ ΚΑΛΟΗΘΗΣ ΒΛΑΒΗ ΕΠΙ ΥΓΕΙΩΝ ΟΡΙΩΝ, ΕΚΤΟΣ ΑΚΡΟΧΟΡΔΟΝΩΝ (ΕΚΤΟΣ ΑΝ ΚΑΤΑΓΡΑΦΟΝΤΑΙ ΑΛΛΟΥ), ΠΡΟΣΩΠΟ, ΩΤΑ, ΒΛΕΦΑΡΑ, ΡΙΣ, ΧΕΙΛΗ, ΒΛΕΝΝΟΓΟΝΟΣ· ΔΙΑΜΕΤΡΟΣ ΕΚΤΟΜΗΣ 0.5 cm Ή ΛΙΓΟΤΕΡΟ;;;;;
372;X602841;ΕΚΤΟΜΗ, ΑΛΛΗ ΚΑΛΟΗΘΗΣ ΒΛΑΒΗ ΕΠΙ ΥΓΕΙΩΝ ΟΡΙΩΝ, ΕΚΤΟΣ ΑΚΡΟΧΟΡΔΟΝΩΝ (ΕΚΤΟΣ ΑΝ ΚΑΤΑΓΡΑΦΟΝΤΑΙ ΑΛΛΟΥ), ΠΡΟΣΩΠΟ, ΩΤΑ, ΒΛΕΦΑΡΑ, ΡΙΣ, ΧΕΙΛΗ, ΒΛΕΝΝΟΓΟΝΟΣ· ΔΙΑΜΕΤΡΟΣ ΕΚΤΟΜΗΣ 0.6 ΕΩΣ 1.0 cm;;;;;
373;X602843;ΕΚΤΟΜΗ, ΑΛΛΗ ΚΑΛΟΗΘΗΣ ΒΛΑΒΗ ΕΠΙ ΥΓΕΙΩΝ ΟΡΙΩΝ, ΕΚΤΟΣ ΑΚΡΟΧΟΡΔΟΝΩΝ (ΕΚΤΟΣ ΑΝ ΚΑΤΑΓΡΑΦΟΝΤΑΙ ΑΛΛΟΥ), ΠΡΟΣΩΠΟ, ΩΤΑ, ΒΛΕΦΑΡΑ, ΡΙΣ, ΧΕΙΛΗ, ΒΛΕΝΝΟΓΟΝΟΣ· ΔΙΑΜΕΤΡΟΣ ΕΚΤΟΜΗΣ 1.1 ΕΩΣ 2.0 cm;;;;;
374;X602845;ΕΚΤΟΜΗ, ΑΛΛΗ ΚΑΛΟΗΘΗΣ ΒΛΑΒΗ ΕΠΙ ΥΓΕΙΩΝ ΟΡΙΩΝ, ΕΚΤΟΣ ΑΚΡΟΧΟΡΔΟΝΩΝ (ΕΚΤΟΣ ΑΝ ΚΑΤΑΓΡΑΦΟΝΤΑΙ ΑΛΛΟΥ), ΠΡΟΣΩΠΟ, ΩΤΑ, ΒΛΕΦΑΡΑ, ΡΙΣ, ΧΕΙΛΗ, ΒΛΕΝΝΟΓΟΝΟΣ· ΔΙΑΜΕΤΡΟΣ ΕΚΤΟΜΗΣ 2.1 ΕΩΣ 3.0 cm;;;;;
375;X602847;ΕΚΤΟΜΗ, ΑΛΛΗ ΚΑΛΟΗΘΗΣ ΒΛΑΒΗ ΕΠΙ ΥΓΕΙΩΝ ΟΡΙΩΝ, ΕΚΤΟΣ ΑΚΡΟΧΟΡΔΟΝΩΝ (ΕΚΤΟΣ ΑΝ ΚΑΤΑΓΡΑΦΟΝΤΑΙ ΑΛΛΟΥ), ΠΡΟΣΩΠΟ, ΩΤΑ, ΒΛΕΦΑΡΑ, ΡΙΣ, ΧΕΙΛΗ, ΒΛΕΝΝΟΓΟΝΟΣ· ΔΙΑΜΕΤΡΟΣ ΕΚΤΟΜΗΣ 3.1 ΕΩΣ 4.0 cm;;;;;
376;X602851;ΕΚΤΟΜΗ, ΑΛΛΗ ΚΑΛΟΗΘΗΣ ΒΛΑΒΗ ΕΠΙ ΥΓΕΙΩΝ ΟΡΙΩΝ, ΕΚΤΟΣ ΑΚΡΟΧΟΡΔΟΝΩΝ (ΕΚΤΟΣ ΑΝ ΚΑΤΑΓΡΑΦΟΝΤΑΙ ΑΛΛΟΥ), ΠΡΟΣΩΠΟ, ΩΤΑ, ΒΛΕΦΑΡΑ, ΡΙΣ, ΧΕΙΛΗ, ΒΛΕΝΝΟΓΟΝΟΣ· ΔΙΑΜΕΤΡΟΣ ΕΚΤΟΜΗΣ ΑΝΩ ΤΩΝ 4.0 cm;;;;;
377;X602859;ΕΚΤΟΜΗ ΔΕΡΜΑΤΟΣ ΚΑΙ ΥΠΟΔΟΡΙΟΥ ΙΣΤΟΥ ΓΙΑ ΙΔΡΩΤΑΔΕΝΙΤΙΔΑ, ΜΑΣΧΑΛΙΑΙΑ· ΑΠΛΗ Ή ΕΝΔΙΑΜΕΣΗ ΑΠΟΚΑΤΑΣΤΑΣΗ;;;;;
378;X602861;ΕΚΤΟΜΗ ΔΕΡΜΑΤΟΣ ΚΑΙ ΥΠΟΔΟΡΙΟΥ ΙΣΤΟΥ ΓΙΑ ΙΔΡΩΤΑΔΕΝΙΤΙΔΑ, ΜΑΣΧΑΛΙΑΙΑ· ΜΕ ΣΥΝΘΕΤΗ ΑΠΟΚΑΤΑΣΤΑΣΗ;;;;;
379;X602883;ΕΚΤΟΜΗ ΔΕΡΜΑΤΟΣ ΚΑΙ ΥΠΟΔΟΡΙΟΥ ΙΣΤΟΥ ΓΙΑ ΙΔΡΩΤΑΔΕΝΙΤΙΔΑ, ΒΟΥΒΩΝΙΚΗ· ΑΠΛΗ Ή ΕΝΔΙΑΜΕΣΗ ΑΠΟΚΑΤΑΣΤΑΣΗ;;;;;
380;X602885;ΕΚΤΟΜΗ ΔΕΡΜΑΤΟΣ ΚΑΙ ΥΠΟΔΟΡΙΟΥ ΙΣΤΟΥ ΓΙΑ ΙΔΡΩΤΑΔΕΝΙΤΙΔΑ, ΒΟΥΒΩΝΙΚΗ· ΜΕ ΣΥΝΘΕΤΗ ΑΠΟΚΑΤΑΣΤΑΣΗ;;;;;
381;X602899;ΕΚΤΟΜΗ ΔΕΡΜΑΤΟΣ ΚΑΙ ΥΠΟΔΟΡΙΟΥ ΙΣΤΟΥ ΓΙΑ ΙΔΡΩΤΑΔΕΝΙΤΙΔΑ, ΠΕΡΙΠΡΩΚΤΙΚΗ, ΠΕΡΙΝΕΪΚΗ, Ή ΟΜΦΑΛΙΚΗ· ΑΠΛΗ Ή ΕΝΔΙΑΜΕΣΗ ΑΠΟΚΑΤΑΣΤΑΣΗ;;;;;
382;X602901;ΕΚΤΟΜΗ ΔΕΡΜΑΤΟΣ ΚΑΙ ΥΠΟΔΟΡΙΟΥ ΙΣΤΟΥ ΓΙΑ ΙΔΡΩΤΑΔΕΝΙΤΙΔΑ, ΠΕΡΙΠΡΩΚΤΙΚΗ· ΠΕΡΙΝΕΪΚΗ, Ή ΟΜΦΑΛΙΚΗ· ΣΥΝΘΕΤΗ ΑΠΟΚΑΤΑΣΤΑΣΗ;;;;;
383;X603159;ΕΚΤΟΜΗ, ΚΑΚΟΗΘΗΣ ΒΛΑΒΗ ΕΠΙ ΥΓΕΙΩΝ ΟΡΙΩΝ, ΚΟΡΜΟΣ, ΑΝΩ Ή ΚΑΤΩ ΑΚΡΑ· ΔΙΑΜΕΤΡΟΣ ΕΚΤΟΜΗΣ 0.5 cm Ή ΛΙΓΟΤΕΡΟ;;;;;
384;X603161;ΕΚΤΟΜΗ, ΚΑΚΟΗΘΗΣ ΒΛΑΒΗ ΕΠΙ ΥΓΕΙΩΝ ΟΡΙΩΝ, ΚΟΡΜΟΣ, ΑΝΩ Ή ΚΑΤΩ ΑΚΡΑ· ΔΙΑΜΕΤΡΟΣ ΕΚΤΟΜΗΣ 0.6 ΕΩΣ 1.0 cm;;;;;
385;X603163;ΕΚΤΟΜΗ, ΚΑΚΟΗΘΗΣ ΒΛΑΒΗ ΕΠΙ ΥΓΕΙΩΝ ΟΡΙΩΝ, ΚΟΡΜΟΣ, ΑΝΩ Ή ΚΑΤΩ ΑΚΡΑ· ΔΙΑΜΕΤΡΟΣ ΕΚΤΟΜΗΣ 1.1 ΕΩΣ 2.0 cm;;;;;
386;X603165;ΕΚΤΟΜΗ, ΚΑΚΟΗΘΗΣ ΒΛΑΒΗ ΕΠΙ ΥΓΕΙΩΝ ΟΡΙΩΝ, ΚΟΡΜΟΣ, ΑΝΩ Ή ΚΑΤΩ ΑΚΡΑ· ΔΙΑΜΕΤΡΟΣ ΕΚΤΟΜΗΣ 2.1 ΕΩΣ 3.0 cm;;;;;
387;X603167;ΕΚΤΟΜΗ, ΚΑΚΟΗΘΗΣ ΒΛΑΒΗ ΕΠΙ ΥΓΕΙΩΝ ΟΡΙΩΝ, ΚΟΡΜΟΣ, ΑΝΩ Ή ΚΑΤΩ ΑΚΡΑ· ΔΙΑΜΕΤΡΟΣ ΕΚΤΟΜΗΣ 3.1 ΕΩΣ 4.0 cm;;;;;
388;X603171;ΕΚΤΟΜΗ, ΚΑΚΟΗΘΗΣ ΒΛΑΒΗ ΕΠΙ ΥΓΕΙΩΝ ΟΡΙΩΝ, ΚΟΡΜΟΣ, ΑΝΩ Ή ΚΑΤΩ ΑΚΡΑ· ΔΙΑΜΕΤΡΟΣ ΕΚΤΟΜΗΣ ΑΝΩ ΤΩΝ 4.0 cm;;;;;
389;X603199;ΕΚΤΟΜΗ, ΚΑΚΟΗΘΗΣ ΒΛΑΒΗ ΕΠΙ ΥΓΕΙΩΝ ΟΡΙΩΝ, ΚΡΑΝΙΟ, ΑΥΧΕΝΑΣ, ΑΚΡΑ ΧΕΙΡ, ΑΚΡΟΣ ΠΟΥΣ, ΓΕΝΝΗΤΙΚΑ ΟΡΓΑΝΑ·ΔΙΑΜΕΤΡΟΣ ΕΚΤΟΜΗΣ 0.5 cm Ή ΛΙΓΟΤΕΡΟ;;;;;
390;X603201;ΕΚΤΟΜΗ, ΚΑΚΟΗΘΗΣ ΒΛΑΒΗ ΕΠΙ ΥΓΕΙΩΝ ΟΡΙΩΝ, ΚΡΑΝΙΟ, ΑΥΧΕΝΑΣ, ΑΚΡΑ ΧΕΙΡ, ΑΚΡΟΣ ΠΟΥΣ, ΓΕΝΝΗΤΙΚΑ ΟΡΓΑΝΑ·ΔΙΑΜΕΤΡΟΣ ΕΚΤΟΜΗΣ 0.6 ΕΩΣ 1.0 cm;;;;;
391;X603203;ΕΚΤΟΜΗ, ΚΑΚΟΗΘΗΣ ΒΛΑΒΗ ΕΠΙ ΥΓΕΙΩΝ ΟΡΙΩΝ, ΚΡΑΝΙΟ, ΑΥΧΕΝΑΣ, ΑΚΡΑ ΧΕΙΡ, ΑΚΡΟΣ ΠΟΥΣ, ΓΕΝΝΗΤΙΚΑ ΟΡΓΑΝΑ· ΔΙΑΜΕΤΡΟΣ ΕΚΤΟΜΗΣ 1.1 ΕΩΣ 2.0 cm;;;;;
392;X603205;ΕΚΤΟΜΗ, ΚΑΚΟΗΘΗΣ ΒΛΑΒΗ ΕΠΙ ΥΓΕΙΩΝ ΟΡΙΩΝ, ΚΡΑΝΙΟ, ΑΥΧΕΝΑΣ, ΑΚΡΑ ΧΕΙΡ, ΑΚΡΟΣ ΠΟΥΣ, ΓΕΝΝΗΤΙΚΑ ΟΡΓΑΝΑ· ΔΙΑΜΕΤΡΟΣ ΕΚΤΟΜΗΣ 2.1 ΕΩΣ 3.0 cm;;;;;
393;X603207;ΕΚΤΟΜΗ, ΚΑΚΟΗΘΗΣ ΒΛΑΒΗ ΕΠΙ ΥΓΕΙΩΝ ΟΡΙΩΝ, ΚΡΑΝΙΟ, ΑΥΧΕΝΑΣ, ΑΚΡΑ ΧΕΙΡ, ΑΚΡΟΣ ΠΟΥΣ, ΓΕΝΝΗΤΙΚΑ ΟΡΓΑΝΑ· ΔΙΑΜΕΤΡΟΣ ΕΚΤΟΜΗΣ 3.1 ΕΩΣ 4.0 cm;;;;;
394;X603211;ΕΚΤΟΜΗ, ΚΑΚΟΗΘΗΣ ΒΛΑΒΗ ΕΠΙ ΥΓΕΙΩΝ ΟΡΙΩΝ, ΚΡΑΝΙΟ, ΑΥΧΕΝΑΣ, ΑΚΡΑ ΧΕΙΡ, ΑΚΡΟΣ ΠΟΥΣ, ΓΕΝΝΗΤΙΚΑ ΟΡΓΑΝΑ· ΔΙΑΜΕΤΡΟΣ ΕΚΤΟΜΗΣ ΑΝΩ ΤΩΝ 4.0 cm;;;;;
395;X603239;ΕΚΤΟΜΗ, ΚΑΚΟΗΘΗΣ ΒΛΑΒΗ ΕΠΙ ΥΓΕΙΩΝ ΟΡΙΩΝ, ΠΡΟΣΩΠΟ, ΩΤΑ, ΒΛΕΦΑΡΑ, ΡΙΣ, ΧΕΙΛΗ·ΔΙΑΜΕΤΡΟΣ ΕΚΤΟΜΗΣ 0.5 cm Ή ΛΙΓΟΤΕΡΟ;;;;;
396;X603241;ΕΚΤΟΜΗ, ΚΑΚΟΗΘΗΣ ΒΛΑΒΗ ΕΠΙ ΥΓΕΙΩΝ ΟΡΙΩΝ, ΠΡΟΣΩΠΟ, ΩΤΑ, ΒΛΕΦΑΡΑ, ΡΙΣ, ΧΕΙΛΗ· ΔΙΑΜΕΤΡΟΣ ΕΚΤΟΜΗΣ 0.6 ΕΩΣ 1.0 cm;;;;;
397;X603243;ΕΚΤΟΜΗ, ΚΑΚΟΗΘΗΣ ΒΛΑΒΗ ΕΠΙ ΥΓΕΙΩΝ ΟΡΙΩΝ, ΠΡΟΣΩΠΟ, ΩΤΑ, ΒΛΕΦΑΡΑ, ΡΙΣ, ΧΕΙΛΗ·ΔΙΑΜΕΤΡΟΣ ΕΚΤΟΜΗΣ 1.1 ΕΩΣ 2.0 cm;;;;;
398;X603245;ΕΚΤΟΜΗ, ΚΑΚΟΗΘΗΣ ΒΛΑΒΗ ΕΠΙ ΥΓΕΙΩΝ ΟΡΙΩΝ, ΠΡΟΣΩΠΟ, ΩΤΑ, ΒΛΕΦΑΡΑ, ΡΙΣ, ΧΕΙΛΗ· ΔΙΑΜΕΤΡΟΣ ΕΚΤΟΜΗΣ 2.1 ΕΩΣ 3.0 cm;;;;;
399;X603247;ΕΚΤΟΜΗ, ΚΑΚΟΗΘΗΣ ΒΛΑΒΗ ΕΠΙ ΥΓΕΙΩΝ ΟΡΙΩΝ, ΠΡΟΣΩΠΟ, ΩΤΑ, ΒΛΕΦΑΡΑ, ΡΙΣ, ΧΕΙΛΗ· ΔΙΑΜΕΤΡΟΣ ΕΚΤΟΜΗΣ 3.1 ΕΩΣ 4.0 cm;;;;;
400;X603251;ΕΚΤΟΜΗ, ΚΑΚΟΗΘΗΣ ΒΛΑΒΗ ΕΠΙ ΥΓΕΙΩΝ ΟΡΙΩΝ, ΠΡΟΣΩΠΟ, ΩΤΑ, ΒΛΕΦΑΡΑ, ΡΙΣ, ΧΕΙΛΗ· ΔΙΑΜΕΤΡΟΣ ΕΚΤΟΜΗΣ ΑΝΩ ΤΩΝ 4.0 cm;;;;;
401;X603397;ΚΟΠΗ ΜΗ ΔΥΣΤΡΟΦΙΚΩΝ ΝΥΧΙΩΝ, ΚΑΘΕ ΑΡΙΘΜΟΥ;;;;;
402;X603399;ΧΕΙΡΟΥΡΓΙΚΟΣ ΚΑΘΑΡΙΣΜΟΣ ΝΥΧΙΟΥ(ΩΝ) ΜΕ ΚΑΘΕ ΜΕΘΟΔΟ(ΟΥΣ)· 1 ΕΩΣ 5;;;;;
403;X603401;ΧΕΙΡΟΥΡΓΙΚΟΣ ΚΑΘΑΡΙΣΜΟΣ ΝΥΧΙΟΥ(ΩΝ) ΜΕ ΚΑΘΕ ΜΕΘΟΔΟ(ΟΥΣ)· 6 ΚΑΙ ΑΝΩ;;;;;
404;X603419;ΟΝΥΧΕΚΤΟΜΗ, ΜΕΡΙΚΗ Ή ΟΛΙΚΗ, ΑΠΛΗ· ΠΡΩΤΗ;;;;;
405;X603423;ΟΝΥΧΕΚΤΟΜΗ, ΜΕΡΙΚΗ Ή ΟΛΙΚΗ, ΑΠΛΗ· ΚΑΘΕ ΕΠΙΠΛΕΟΝ ΟΝΥΧΑΣ (ΝΑ ΚΑΤΑΓΡΑΦΕΤΑΙ ΞΕΧΩΡΙΣΤΑ ΕΠΙΠΛΕΟΝ ΤΟΥ ΚΩΔΙΚΟΥ ΤΗΣ ΑΡΧΙΚΗΣ ΔΙΑΔΙΚΑΣΙΑΣ);;;;;
406;X603439;ΕΚΚΕΝΩΣΗ ΥΠΩΝΥΧΙΟΥ ΑΙΜΑΤΩΜΑΤΟΣ;;;;;
407;X603459;ΟΝΥΧΕΚΤΟΜΗ ΣΥΜΠΕΡΙΛΑΜΒΑΝΟΜΕΝΗΣ ΤΗΣ ΜΗΤΡΑΣ, ΜΕΡΙΚΗ Ή ΟΛΙΚΗ (Π.Χ. ΕΙΣΦΡΗΣΗ Ή  ΔΥΣΜΟΡΦΙΑ ΟΝΥΧΟΣ), ΜΟΝΙΜΗ ΑΦΑΙΡΕΣΗ·;;;;;
408;X603463;ΟΝΥΧΕΚΤΟΜΗ ΣΥΜΠΕΡΙΛΑΜΒΑΝΟΜΕΝΗΣ ΤΗΣ ΜΗΤΡΑΣ, ΜΕΡΙΚΗ Ή ΟΛΙΚΗ (Π.Χ. ΕΙΣΦΡΗΣΗ Ή  ΔΥΣΜΟΡΦΙΑ ΟΝΥΧΟΣ) ΜΟΝΙΜΗ ΑΦΑΙΡΕΣΗ· ΜΕ ΑΚΡΩΤΗΡΙΑΣΜΟ ΘΥΣΑΝΟΥ ΤΗΣ ΠΕΡΙΦΕΡΙΚΗΣ ΦΑΛΑΓΓΑΣ;;;;;
409;X603469;ΒΙΟΨΙΑ ΤΜΗΜΑΤΟΣ ΝΥΧΙΟΥ (Π.Χ. ΠΛΑΚΑ, ΚΟΙΤΗ, ΜΗΤΡΑ, ΥΠΩΝΥΧΙΟ, ΕΓΓΥΣ ΚΑΙ  ΠΛΕΥΡΙΚΕΣ ΠΤΥΧΕΣ) (ΞΕΧΩΡΙΣΤΗ ΔΙΑΔΙΚΑΣΙΑ);;;;;
410;X603479;ΑΠΟΚΑΤΑΣΤΑΣΗ ΚΟΙΤΗΣ ΝΥΧΙΟΥ;;;;;
411;X603483;ΑΝΑΠΛΑΣΗ ΚΟΙΤΗΣ ΝΥΧΙΟΥ ΜΕ ΜΟΣΧΕΥΜΑ;;;;;
412;X603489;ΣΦΗΝΟΕΙΔΗΣ ΕΚΤΟΜΗ ΤΟΥ ΔΕΡΜΑΤΟΣ ΤΗΣ ΠΤΥΧΗΣ (Π.Χ. ΓΙΑ ΕΙΣΦΡΗΣΗ ΟΝΥΧΟΣ);;;;;
413;X603499;ΕΚΤΟΜΗ ΚΥΣΤΗ ΚΟΚΚΥΓΟΣ Ή ΚΟΙΛΟΤΗΤΟΣ· ΑΠΛΗ;;;;;
414;X603501;ΕΚΤΟΜΗ ΚΥΣΤΗ ΚΟΚΚΥΓΟΣ Ή ΚΟΙΛΟΤΗΤΟΣ· ΕΚΤΕΤΑΜΕΝΗ;;;;;
415;X603503;ΕΚΤΟΜΗ ΚΥΣΤΗ ΚΟΚΚΥΓΟΣ Ή ΚΟΙΛΟΤΗΤΟΣ· ΣΥΝΘΕΤΗ;;;;;
416;X603759;ΕΝΕΣΗ, ΕΝΔΟΒΛΑΒΙΚΗ· ΕΩΣ ΚΑΙ 7 ΒΛΑΒΕΣ;;;;;
417;X603761;ΕΝΕΣΗ, ΕΝΔΟΒΛΑΒΙΚΗ·ΑΝΩ ΤΩΝ 7 ΒΛΑΒΩΝ;;;;;
418;X603799;ΔΕΡΜΑΤΟΣΤΙΞΙΑ (ΤΑΤΟΥΑΖ), ΕΝΔΟΔΕΡΜΙΚΗ ΕΙΣΑΓΩΓΗ ΑΔΙΑΛΥΤΩΝ ΑΔΙΑΦΑΝΩΝ ΧΡΩΣΤΙΚΩΝ ΓΙΑ ΤΗ ΔΙΟΡΘΩΣΗ ΧΡΩΜΑΤΙΚΩΝ ΑΤΕΛΕΙΩΝ, ΣΥΜΠΕΡΙΛΑΜΒΑΝΟΜΕΝΗΣ ΤΗΣ ΜΙΚΡΟΧΡΩΜΑΤΩΣΗΣ· 6.0 cm² Ή ΛΙΓΟΤΕΡΟ;;;;;
419;X603801;ΔΕΡΜΑΤΟΣΤΙΞΙΑ (ΤΑΤΟΥΑΖ), ΕΝΔΟΔΕΡΜΙΚΗ ΕΙΣΑΓΩΓΗ ΑΔΙΑΛΥΤΩΝ ΑΔΙΑΦΑΝΩΝ ΧΡΩΣΤΙΚΩΝ ΓΙΑ ΤΗ ΔΙΟΡΘΩΣΗ ΧΡΩΜΑΤΙΚΩΝ ΑΤΕΛΕΙΩΝ, ΣΥΜΠΕΡΙΛΑΜΒΑΝΟΜΕΝΗΣ ΤΗΣ ΜΙΚΡΟΧΡΩΜΑΤΩΣΗΣ· 6.1 ΕΩΣ 20.0  cm²;;;;;
420;X603803;ΔΕΡΜΑΤΟΣΤΙΞΙΑ (ΤΑΤΟΥΑΖ), ΕΝΔΟΔΕΡΜΙΚΗ ΕΙΣΑΓΩΓΗ ΑΔΙΑΛΥΤΩΝ ΑΔΙΑΦΑΝΩΝ ΧΡΩΣΤΙΚΩΝ ΓΙΑ ΤΗ ΔΙΟΡΘΩΣΗ ΧΡΩΜΑΤΙΚΩΝ ΑΤΕΛΕΙΩΝ, ΣΥΜΠΕΡΙΛΑΜΒΑΝΟΜΕΝΗΣ ΤΗΣ ΜΙΚΡΟΧΡΩΜΑΤΩΣΗΣ· ΚΑΘΕ ΕΠΙΠΛΕΟΝ 20 cm², Ή ΜΕΡΟΣ ΑΥΤΩΝ (ΝΑ ΚΑΤΑΓΡΑΦΕΤΑΙ ΞΕΧΩΡΙΣΤΑ, ΕΠΙΠΛΕΟΝ ΤΟΥ ΚΩΔΙΚΟΥ ΤΗΣ ΑΡΧΙΚΗΣ ΔΙΑΔΙΚΑΣΙΑΣ);;;;;
421;X603859;ΥΠΟΔΟΡΙΑ ΕΝΕΣΗ ΥΛΙΚΟΥ ΠΛΗΡΩΣΕΩΣ (Π.Χ. ΚΟΛΛΑΓΟΝΟΥ) ΓΙΑ ΔΙΟΡΘΩΣΗ ΑΤΡΟΦΙΚΩΝ ΟΥΛΩΝ, ΛΙΠΟΔΥΣΤΡΟΦΙΑΣ, ΑΣΣΥΜΕΤΡΙΑΣ ΠΡΟΣΩΠΟΥ, ΚΛΠ· 1 cc Ή ΛΙΓΟΤΕΡΟ;;;;;
422;X603861;ΥΠΟΔΟΡΙΑ ΕΝΕΣΗ ΥΛΙΚΟΥ ΠΛΗΡΩΣΕΩΣ (Π.Χ. ΚΟΛΛΑΓΟΝΟΥ) ΓΙΑ ΔΙΟΡΘΩΣΗ ΑΤΡΟΦΙΚΩΝ ΟΥΛΩΝ, ΛΙΠΟΔΥΣΤΡΟΦΙΑΣ, ΑΣΣΥΜΕΤΡΙΑΣ ΠΡΟΣΩΠΟΥ, ΚΛΠ· 1 ΕΩΣ 3cc ;;;;;
423;X603863;ΥΠΟΔΟΡΙΑ ΕΝΕΣΗ ΥΛΙΚΟΥ ΠΛΗΡΩΣΕΩΣ (Π.Χ. ΚΟΛΛΑΓΟΝΟΥ) ΓΙΑ ΔΙΟΡΘΩΣΗ ΑΤΡΟΦΙΚΩΝ ΟΥΛΩΝ, ΛΙΠΟΔΥΣΤΡΟΦΙΑΣ, ΑΣΣΥΜΕΤΡΙΑΣ ΠΡΟΣΩΠΟΥ, ΚΛΠ· ΠΕΡΙΣΣΟΤΕΡΟ ΑΠΟ 3cc ;;;;;
424;X603867;ΥΠΟΔΟΡΙΑ ΕΝΕΣΗ ΥΛΙΚΟΥ ΠΛΗΡΩΣΕΩΣ (Π.Χ. ΚΟΛΛΑΓΟΝΟΥ)· ΑΝΩ ΤΩΝ 10 cc;;;;;
425;X603879;ΕΙΣΑΓΩΓΗ ΔΙΑΣΤΟΛΕΑ(ΩΝ) ΙΣΤΩΝ ΓΙΑ ΠΕΡΙΠΤΩΣΕΙΣ ΕΚΤΟΣ ΤΟΥ ΣΤΗΘΟΥΣ, ΣΥΜΠΕΡΙΛΑΜΒΑΝΟΜΕΝΗΣ ΕΠΑΚΟΛΟΥΘΗΣ ΔΙΑΣΤΟΛΗΣ;;;;;
426;X603899;ΑΝΤΙΚΑΤΑΣΤΑΣΗ ΤΟΥ ΔΙΑΣΤΟΛΕΑ ΙΣΤΩΝ ΜΕ ΜΟΝΙΜΟ ΕΜΦΥΤΕΥΜΑ;;;;;
427;X603901;ΑΦΑΙΡΕΣΗ ΤΟΥ ΔΙΑΣΤΟΛΕΑ(ΩΝ) ΙΣΤΩΝ ΧΩΡΙΣ ΕΙΣΑΓΩΓΗ ΕΜΦΥΤΕΥΜΑΤΟΣ;;;;;
428;X603909;ΕΙΣΑΓΩΓΗ, ΕΜΦΥΤΕΥΣΙΜΕΣ ΑΝΤΙΣΥΛΛΗΠΤΙΚΕΣ ΚΑΨΟΥΛΕΣ;;;;;
429;X603911;ΑΦΑΙΡΕΣΗ, ΕΜΦΥΤΕΥΣΙΜΕΣ ΑΝΤΙΣΥΛΛΗΠΤΙΚΕΣ ΚΑΨΟΥΛΕΣ;;;;;
430;X603913;ΑΦΑΙΡΕΣΗ ΜΕ ΕΚ ΝΕΟΥ ΕΙΣΑΓΩΓΗ, ΕΜΦΥΤΕΥΣΙΜΕΣ ΑΝΤΙΣΥΛΛΗΠΤΙΚΕΣ ΚΑΨΟΥΛΕΣ;;;;;
431;X603919;ΥΠΟΔΟΡΙΑ ΕΜΦΥΤΕΥΣΗ ΔΙΣΚΙΟΥ ΟΡΜΟΝΩΝ (ΕΜΦΥΤΕΥΣΗ ΔΙΣΚΙΩΝ ΟΙΣΤΡΑΔΙΟΛΗΣ ΚΑΙ/Ή ΤΕΣΤΟΣΤΕΡΟΝΗΣ ΚΑΤΩ ΑΠΟ ΤΟ ΔΕΡΜΑ);;;;;
432;X603921;ΕΙΣΑΓΩΓΗ, ΜΗ-ΒΙΟΔΙΑΣΠΩΜΕΝΟ ΕΜΦΥΤΕΥΜΑ ΠΑΡΟΧΗΣ ΦΑΡΜΑΚΕΥΤΙΚΟΥ ΣΚΕΥΑΣΜΑΤΟΣ;;;;;
433;X603923;ΑΦΑΙΡΕΣΗ, ΜΗ-ΒΙΟΔΙΑΣΠΩΜΕΝΟ ΕΜΦΥΤΕΥΜΑ ΠΑΡΟΧΗΣ ΦΑΡΜΑΚΕΥΤΙΚΟΥ ΣΚΕΥΑΣΜΑΤΟΣ;;;;;
434;X603925;ΑΦΑΙΡΕΣΗ ΜΕ ΕΚ ΝΕΟΥ ΕΙΣΑΓΩΓΗ, ΜΗ-ΒΙΟΔΙΑΣΠΩΜΕΝΟ ΕΜΦΥΤΕΥΜΑ ΠΑΡΟΧΗΣ ΦΑΡΜΑΚΕΥΤΙΚΟΥ ΣΚΕΥΑΣΜΑΤΟΣ;;;;;
435;X603961;ΑΠΛΗ ΑΠΟΚΑΤΑΣΤΑΣΗ ΕΠΙΦΑΝΕΙΑΚΩΝ ΤΡΑΥΜΑΤΩΝ ΤΟΥ ΔΕΡΜΑΤΟΣ ΤΟΥ ΚΡΑΝΙΟΥ, ΤΟΥ ΑΥΧΕΝΑ, ΤΗΣ ΜΑΣΧΑΛΗΣ, ΤΩΝ ΕΞΩΤΕΡΙΚΩΝ ΓΕΝΝΗΤΙΚΩΝ ΟΡΓΑΝΩΝ, ΤΟΥ ΚΟΡΜΟΥ ΚΑΙ/Ή ΤΩΝ ΑΚΡΩΝ (ΣΥΜΠΕΡΙΛΑΜΒΑΝΟΜΕΝΩΝ ΑΚΡΑΣ ΧΕΙΡΟΣ ΚΑΙ ΑΚΡΟΥ ΠΟΔΑ)· 2.5 cm Η ΛΙΓΟΤΕΡΟ;;;;;
436;X603963;ΑΠΛΗ ΑΠΟΚΑΤΑΣΤΑΣΗ ΕΠΙΦΑΝΕΙΑΚΩΝ ΤΡΑΥΜΑΤΩΝ ΤΟΥ ΔΕΡΜΑΤΟΣ ΤΟΥ ΚΡΑΝΙΟΥ, ΤΟΥ ΑΥΧΕΝΑ, ΤΗΣ ΜΑΣΧΑΛΗΣ, ΤΩΝ ΕΞΩΤΕΡΙΚΩΝ ΓΕΝΝΗΤΙΚΩΝ ΟΡΓΑΝΩΝ, ΤΟΥ ΚΟΡΜΟΥ ΚΑΙ/Ή ΤΩΝ ΑΚΡΩΝ (ΣΥΜΠΕΡΙΛΑΜΒΑΝΟΜΕΝΩΝ ΑΚΡΑΣ ΧΕΙΡΟΣ ΚΑΙ ΑΚΡΟΥ ΠΟΔΑ)· 2.6 cm ΕΩΣ 7.5 cm;;;;;
437;X603967;ΑΠΛΗ ΑΠΟΚΑΤΑΣΤΑΣΗ ΕΠΙΦΑΝΕΙΑΚΩΝ ΤΡΑΥΜΑΤΩΝ ΤΟΥ ΔΕΡΜΑΤΟΣ ΤΟΥ ΚΡΑΝΙΟΥ, ΤΟΥ ΑΥΧΕΝΑ, ΤΗΣ ΜΑΣΧΑΛΗΣ, ΤΩΝ ΕΞΩΤΕΡΙΚΩΝ ΓΕΝΝΗΤΙΚΩΝ ΟΡΓΑΝΩΝ, ΤΟΥ ΚΟΡΜΟΥ ΚΑΙ/Ή ΤΩΝ ΑΚΡΩΝ (ΣΥΜΠΕΡΙΛΑΜΒΑΝΟΜΕΝΩΝ ΑΚΡΑΣ ΧΕΙΡΟΣ ΚΑΙ ΑΚΡΟΥ ΠΟΔΑ)· 7.6 cm ΕΩΣ 12.5 cm;;;;;
438;X603969;ΑΠΛΗ ΑΠΟΚΑΤΑΣΤΑΣΗ ΕΠΙΦΑΝΕΙΑΚΩΝ ΤΡΑΥΜΑΤΩΝ ΤΟΥ ΔΕΡΜΑΤΟΣ ΤΟΥ ΚΡΑΝΙΟΥ, ΤΟΥ ΑΥΧΕΝΑ, ΤΗΣ ΜΑΣΧΑΛΗΣ, ΤΩΝ ΕΞΩΤΕΡΙΚΩΝ ΓΕΝΝΗΤΙΚΩΝ ΟΡΓΑΝΩΝ, ΤΟΥ ΚΟΡΜΟΥ ΚΑΙ/Ή ΤΩΝ ΑΚΡΩΝ (ΣΥΜΠΕΡΙΛΑΜΒΑΝΟΜΕΝΩΝ ΑΚΡΑΣ ΧΕΙΡΟΣ ΚΑΙ ΑΚΡΟΥ ΠΟΔΑ)· 12.6 cm ΕΩΣ 20.0 cm;;;;;
439;X603971;ΑΠΛΗ ΑΠΟΚΑΤΑΣΤΑΣΗ ΕΠΙΦΑΝΕΙΑΚΩΝ ΤΡΑΥΜΑΤΩΝ ΤΟΥ ΔΕΡΜΑΤΟΣ ΤΟΥ ΚΡΑΝΙΟΥ, ΤΟΥ ΑΥΧΕΝΑ, ΤΗΣ ΜΑΣΧΑΛΗΣ, ΤΩΝ ΕΞΩΤΕΡΙΚΩΝ ΓΕΝΝΗΤΙΚΩΝ ΟΡΓΑΝΩΝ, ΤΟΥ ΚΟΡΜΟΥ ΚΑΙ/Ή ΤΩΝ ΑΚΡΩΝ (ΣΥΜΠΕΡΙΛΑΜΒΑΝΟΜΕΝΩΝ ΑΚΡΑΣ ΧΕΙΡΟΣ ΚΑΙ ΑΚΡΟΥ ΠΟΔΑ)· 20.1 cm ΕΩΣ 30.0 cm;;;;;
440;X603973;ΑΠΛΗ ΑΠΟΚΑΤΑΣΤΑΣΗ ΕΠΙΦΑΝΕΙΑΚΩΝ ΤΡΑΥΜΑΤΩΝ ΤΟΥ ΔΕΡΜΑΤΟΣ ΤΟΥ ΚΡΑΝΙΟΥ, ΤΟΥ ΑΥΧΕΝΑ, ΤΗΣ ΜΑΣΧΑΛΗΣ, ΤΩΝ ΕΞΩΤΕΡΙΚΩΝ ΓΕΝΝΗΤΙΚΩΝ ΟΡΓΑΝΩΝ, ΤΟΥ ΚΟΡΜΟΥ ΚΑΙ/Ή ΤΩΝ ΑΚΡΩΝ (ΣΥΜΠΕΡΙΛΑΜΒΑΝΟΜΕΝΩΝ ΑΚΡΑΣ ΧΕΙΡΟΣ ΚΑΙ ΑΚΡΟΥ ΠΟΔΑ)· ΑΝΩ ΤΩΝ 30.0 cm;;;;;
441;X603981;ΑΠΛΗ ΑΠΟΚΑΤΑΣΤΑΣΗ ΕΠΙΦΑΝΕΙΑΚΩΝ ΤΡΑΥΜΑΤΩΝ ΣΤΟ ΠΡΟΣΩΠΟ, ΤΑ ΩΤΑ, ΤΑ ΒΛΕΦΑΡΑ, ΤΗ ΡΙΝΑ, ΤΑ ΧΕΙΛΗ ΚΑΙ/Ή ΤΙΣ ΒΛΕΝΝΟΓΟΝΟΥΣ· 2.5 cm Ή ΛΙΓΟΤΕΡΟ;;;;;
442;X603985;ΑΠΛΗ ΑΠΟΚΑΤΑΣΤΑΣΗ ΕΠΙΦΑΝΕΙΑΚΩΝ ΤΡΑΥΜΑΤΩΝ ΣΤΟ ΠΡΟΣΩΠΟ, ΤΑ ΩΤΑ, ΤΑ ΒΛΕΦΑΡΑ, ΤΗ ΡΙΝΑ, ΤΑ ΧΕΙΛΗ ΚΑΙ/Ή ΤΙΣ ΒΛΕΝΝΟΓΟΝΟΥΣ· 2.6 ΕΩΣ 5.0 cm;;;;;
443;X603987;ΑΠΛΗ ΑΠΟΚΑΤΑΣΤΑΣΗ ΕΠΙΦΑΝΕΙΑΚΩΝ ΤΡΑΥΜΑΤΩΝ ΣΤΟ ΠΡΟΣΩΠΟ, ΤΑ ΩΤΑ, ΤΑ ΒΛΕΦΑΡΑ, ΤΗ ΡΙΝΑ, ΤΑ ΧΕΙΛΗ ΚΑΙ/Ή ΤΙΣ ΒΛΕΝΝΟΓΟΝΟΥΣ· 5.1 ΕΩΣ 7.5 cm;;;;;
444;X603989;ΑΠΛΗ ΑΠΟΚΑΤΑΣΤΑΣΗ ΕΠΙΦΑΝΕΙΑΚΩΝ ΤΡΑΥΜΑΤΩΝ ΣΤΟ ΠΡΟΣΩΠΟ, ΤΑ ΩΤΑ, ΤΑ ΒΛΕΦΑΡΑ, ΤΗ ΡΙΝΑ, ΤΑ ΧΕΙΛΗ ΚΑΙ/Ή ΤΙΣ ΒΛΕΝΝΟΓΟΝΟΥΣ· 7.6 ΕΩΣ 12.5 cm;;;;;
445;X603991;ΑΠΛΗ ΑΠΟΚΑΤΑΣΤΑΣΗ ΕΠΙΦΑΝΕΙΑΚΩΝ ΤΡΑΥΜΑΤΩΝ ΣΤΟ ΠΡΟΣΩΠΟ, ΤΑ ΩΤΑ, ΤΑ ΒΛΕΦΑΡΑ, ΤΗ ΡΙΝΑ, ΤΑ ΧΕΙΛΗ ΚΑΙ/Ή ΤΙΣ ΒΛΕΝΝΟΓΟΝΟΥΣ· 12.6 ΕΩΣ 20.0 cm;;;;;
446;X603993;ΑΠΛΗ ΑΠΟΚΑΤΑΣΤΑΣΗ ΕΠΙΦΑΝΕΙΑΚΩΝ ΤΡΑΥΜΑΤΩΝ ΣΤΟ ΠΡΟΣΩΠΟ, ΤΑ ΩΤΑ, ΤΑ ΒΛΕΦΑΡΑ, ΤΗ ΡΙΝΑ, ΤΑ ΧΕΙΛΗ ΚΑΙ/Ή ΤΙΣ ΒΛΕΝΝΟΓΟΝΟΥΣ· 20.1 ΕΩΣ 30.0 cm;;;;;
447;X603995;ΑΠΛΗ ΑΠΟΚΑΤΑΣΤΑΣΗ ΕΠΙΦΑΝΕΙΑΚΩΝ ΤΡΑΥΜΑΤΩΝ ΣΤΟ ΠΡΟΣΩΠΟ, ΤΑ ΩΤΑ, ΤΑ ΒΛΕΦΑΡΑ, ΤΗ ΡΙΝΑ, ΤΑ ΧΕΙΛΗ ΚΑΙ/Ή ΤΙΣ ΒΛΕΝΝΟΓΟΝΟΥΣ· ΑΝΩ ΤΩΝ 30.0 cm;;;;;
448;X603999;ΘΕΡΑΠΕΙΑ ΔΙΑΣΠΑΣΗΣ ΕΠΙΦΑΝΕΙΑΚΟΥ ΤΡΑΥΜΑΤΟΣ· ΑΠΛΗ ΣΥΓΚΛΕΙΣΗ;;;;;
449;X604001;ΘΕΡΑΠΕΙΑ ΔΙΑΣΠΑΣΗΣ ΕΠΙΦΑΝΕΙΑΚΟΥ ΤΡΑΥΜΑΤΟΣ· ΜΕ ΕΠΙΔΕΣΗ;;;;;
450;X604021;ΑΠΟΚΑΤΑΣΤΑΣΗ, ΜΕΣΑΙΑ, ΤΡΑΥΜΑΤΑ ΤΟΥ ΔΕΡΜΑΤΟΣ ΤΟΥ ΚΡΑΝΙΟΥ, ΤΗΣ ΜΑΣΧΑΛΗΣ, ΤΟΥ ΚΟΡΜΟΥ ΚΑΙ/Ή ΤΩΝ ΑΚΡΩΝ (ΜΗ ΣΥΜΠΕΡΙΛΑΜΒΑΝΟΜΕΝΩΝ ΑΚΡΑΣ ΧΕΙΡΟΣ ΚΑΙ ΑΚΡΟΥ ΠΟΔΑ)· 2.5 cm Ή ΛΙΓΟΤΕΡΟ;;;;;
451;X604023;ΑΠΟΚΑΤΑΣΤΑΣΗ, ΜΕΣΑΙΑ, ΤΡΑΥΜΑΤΑ ΤΟΥ ΔΕΡΜΑΤΟΣ ΤΟΥ ΚΡΑΝΙΟΥ, ΤΗΣ ΜΑΣΧΑΛΗΣ, ΤΟΥ ΚΟΡΜΟΥ ΚΑΙ/Ή ΤΩΝ ΑΚΡΩΝ (ΜΗ ΣΥΜΠΕΡΙΛΑΜΒΑΝΟΜΕΝΩΝ ΑΚΡΑΣ ΧΕΙΡΟΣ ΚΑΙ ΑΚΡΟΥ ΠΟΔΑ)· 2.6 ΕΩΣ 7.5 cm;;;;;
452;X604027;ΑΠΟΚΑΤΑΣΤΑΣΗ, ΜΕΣΑΙΑ, ΤΡΑΥΜΑΤΑ ΤΟΥ ΔΕΡΜΑΤΟΣ ΤΟΥ ΚΡΑΝΙΟΥ, ΤΗΣ ΜΑΣΧΑΛΗΣ, ΤΟΥ ΚΟΡΜΟΥ ΚΑΙ/Ή ΤΩΝ ΑΚΡΩΝ (ΜΗ ΣΥΜΠΕΡΙΛΑΜΒΑΝΟΜΕΝΩΝ ΑΚΡΑΣ ΧΕΙΡΟΣ ΚΑΙ ΑΚΡΟΥ ΠΟΔΑ)· 7.6 ΕΩΣ 12.5 cm;;;;;
453;X604029;ΑΠΟΚΑΤΑΣΤΑΣΗ, ΜΕΣΑΙΑ, ΤΡΑΥΜΑΤΑ ΤΟΥ ΔΕΡΜΑΤΟΣ ΤΟΥ ΚΡΑΝΙΟΥ, ΤΗΣ ΜΑΣΧΑΛΗΣ, ΤΟΥ ΚΟΡΜΟΥ ΚΑΙ/Ή ΤΩΝ ΑΚΡΩΝ (ΜΗ ΣΥΜΠΕΡΙΛΑΜΒΑΝΟΜΕΝΩΝ ΑΚΡΑΣ ΧΕΙΡΟΣ ΚΑΙ ΑΚΡΟΥ ΠΟΔΑ)· 12.6 ΕΩΣ 20.0 cm;;;;;
454;X604031;ΑΠΟΚΑΤΑΣΤΑΣΗ, ΜΕΣΑΙΑ, ΤΡΑΥΜΑΤΑ ΤΟΥ ΔΕΡΜΑΤΟΣ ΤΟΥ ΚΡΑΝΙΟΥ, ΤΗΣ ΜΑΣΧΑΛΗΣ, ΤΟΥ ΚΟΡΜΟΥ ΚΑΙ/Ή ΤΩΝ ΑΚΡΩΝ (ΜΗ ΣΥΜΠΕΡΙΛΑΜΒΑΝΟΜΕΝΩΝ ΑΚΡΑΣ ΧΕΙΡΟΣ ΚΑΙ ΑΚΡΟΥ ΠΟΔΑ)· 20.1 ΕΩΣ 30.0 cm;;;;;
455;X604033;ΑΠΟΚΑΤΑΣΤΑΣΗ, ΜΕΣΑΙΑ, ΤΡΑΥΜΑΤΑ ΤΟΥ ΔΕΡΜΑΤΟΣ ΤΟΥ ΚΡΑΝΙΟΥ, ΤΗΣ ΜΑΣΧΑΛΗΣ, ΤΟΥ ΚΟΡΜΟΥ ΚΑΙ/Ή ΤΩΝ ΑΚΡΩΝ (ΜΗ ΣΥΜΠΕΡΙΛΑΜΒΑΝΟΜΕΝΩΝ ΑΚΡΑΣ ΧΕΙΡΟΣ ΚΑΙ ΑΚΡΟΥ ΠΟΔΑ)· ΑΝΩ ΤΩΝ 30.0 cm;;;;;
456;X604041;ΑΠΟΚΑΤΑΣΤΑΣΗ, ΜΕΣΑΙΑ, ΤΡΑΥΜΑΤΑ ΑΥΧΕΝΑ, ΑΚΡΑΣ ΧΕΙΡΟΣ, ΑΚΡΟΥ ΠΟΔΑ ΚΑΙ/Ή ΕΞΩΤΕΡΙΚΩΝ ΓΕΝΝΗΤΙΚΩΝ ΟΡΓΑΝΩΝ· 2.5 cm Ή ΛΙΓΟΤΕΡΟ;;;;;
457;X604043;ΑΠΟΚΑΤΑΣΤΑΣΗ, ΜΕΣΑΙΑ, ΤΡΑΥΜΑΤΑ ΑΥΧΕΝΑ, ΑΚΡΑΣ ΧΕΙΡΟΣ, ΑΚΡΟΥ ΠΟΔΑ ΚΑΙ/Ή ΕΞΩΤΕΡΙΚΩΝ ΓΕΝΝΗΤΙΚΩΝ ΟΡΓΑΝΩΝ· 2.6 ΕΩΣ 7.5 cm;;;;;
458;X604047;ΑΠΟΚΑΤΑΣΤΑΣΗ, ΜΕΣΑΙΑ, ΤΡΑΥΜΑΤΑ ΑΥΧΕΝΑ, ΑΚΡΑΣ ΧΕΙΡΟΣ, ΑΚΡΟΥ ΠΟΔΑ ΚΑΙ/Ή ΕΞΩΤΕΡΙΚΩΝ ΓΕΝΝΗΤΙΚΩΝ ΟΡΓΑΝΩΝ· 7.6 ΕΩΣ 12.5 cm;;;;;
459;X604049;ΑΠΟΚΑΤΑΣΤΑΣΗ, ΜΕΣΑΙΑ, ΤΡΑΥΜΑΤΑ ΑΥΧΕΝΑ, ΑΚΡΑΣ ΧΕΙΡΟΣ, ΑΚΡΟΥ ΠΟΔΑ ΚΑΙ/Ή ΕΞΩΤΕΡΙΚΩΝ ΓΕΝΝΗΤΙΚΩΝ ΟΡΓΑΝΩΝ· 12.6 ΕΩΣ 20.0 cm;;;;;
460;X604051;ΑΠΟΚΑΤΑΣΤΑΣΗ, ΜΕΣΑΙΑ, ΤΡΑΥΜΑΤΑ ΑΥΧΕΝΑ, ΑΚΡΑΣ ΧΕΙΡΟΣ, ΑΚΡΟΥ ΠΟΔΑ ΚΑΙ/Ή ΕΞΩΤΕΡΙΚΩΝ ΓΕΝΝΗΤΙΚΩΝ ΟΡΓΑΝΩΝ· 20.1 ΕΩΣ 30.0 cm;;;;;
461;X604053;ΑΠΟΚΑΤΑΣΤΑΣΗ, ΜΕΣΑΙΑ, ΤΡΑΥΜΑΤΑ ΑΥΧΕΝΑ, ΑΚΡΑΣ ΧΕΙΡΟΣ, ΑΚΡΟΥ ΠΟΔΑ ΚΑΙ/Ή ΕΞΩΤΕΡΙΚΩΝ ΓΕΝΝΗΤΙΚΩΝ ΟΡΓΑΝΩΝ· ΑΝΩ ΤΩΝ 30 cm;;;;;
462;X604061;ΑΠΟΚΑΤΑΣΤΑΣΗ, ΜΕΣΑΙΑ, ΤΡΑΥΜΑΤΑ ΠΡΟΣΩΠΟΥ, ΩΤΩΝ, ΒΛΕΦΑΡΩΝ, ΤΗ ΡΙΝΟΣ, ΧΕΙΛΕΩΝ ΚΑΙ/Ή ΒΛΕΝΝΟΓΟΝΩΝ·2.5 cm Ή ΛΙΓΟΤΕΡΟ;;;;;
463;X604063;ΑΠΟΚΑΤΑΣΤΑΣΗ, ΜΕΣΑΙΑ, ΤΡΑΥΜΑΤΑ ΠΡΟΣΩΠΟΥ, ΩΤΩΝ, ΒΛΕΦΑΡΩΝ, ΤΗ ΡΙΝΟΣ, ΧΕΙΛΕΩΝ ΚΑΙ/Ή ΒΛΕΝΝΟΓΟΝΩΝ· 2.6 ΕΩΣ 5.0 cm;;;;;
464;X604065;ΑΠΟΚΑΤΑΣΤΑΣΗ, ΜΕΣΑΙΑ, ΤΡΑΥΜΑΤΑ ΠΡΟΣΩΠΟΥ, ΩΤΩΝ, ΒΛΕΦΑΡΩΝ, ΤΗ ΡΙΝΟΣ, ΧΕΙΛΕΩΝ ΚΑΙ/Ή ΒΛΕΝΝΟΓΟΝΩΝ· 5.1 ΕΩΣ 7.5 cm;;;;;
465;X604067;ΑΠΟΚΑΤΑΣΤΑΣΗ, ΜΕΣΑΙΑ, ΤΡΑΥΜΑΤΑ ΠΡΟΣΩΠΟΥ, ΩΤΩΝ, ΒΛΕΦΑΡΩΝ, ΤΗ ΡΙΝΟΣ, ΧΕΙΛΕΩΝ ΚΑΙ/Ή ΒΛΕΝΝΟΓΟΝΩΝ· 7.6 ΕΩΣ 12.5 cm;;;;;
466;X604069;ΑΠΟΚΑΤΑΣΤΑΣΗ, ΜΕΣΑΙΑ, ΤΡΑΥΜΑΤΑ ΠΡΟΣΩΠΟΥ, ΩΤΩΝ, ΒΛΕΦΑΡΩΝ, ΤΗ ΡΙΝΟΣ, ΧΕΙΛΕΩΝ ΚΑΙ/Ή ΒΛΕΝΝΟΓΟΝΩΝ· 12.6 ΕΩΣ 20.0 cm;;;;;
467;X604071;ΑΠΟΚΑΤΑΣΤΑΣΗ, ΜΕΣΑΙΑ, ΤΡΑΥΜΑΤΑ ΠΡΟΣΩΠΟΥ, ΩΤΩΝ, ΒΛΕΦΑΡΩΝ, ΤΗ ΡΙΝΟΣ, ΧΕΙΛΕΩΝ ΚΑΙ/Ή ΒΛΕΝΝΟΓΟΝΩΝ· 20.1 ΕΩΣ 30.0 cm;;;;;
468;X604073;ΑΠΟΚΑΤΑΣΤΑΣΗ, ΜΕΣΑΙΑ, ΤΡΑΥΜΑΤΑ ΠΡΟΣΩΠΟΥ, ΩΤΩΝ, ΒΛΕΦΑΡΩΝ, ΤΗ ΡΙΝΟΣ, ΧΕΙΛΕΩΝ ΚΑΙ/Ή ΒΛΕΝΝΟΓΟΝΩΝ· ΑΝΩ ΤΩΝ 30.0 cm;;;;;
469;X606159;ΑΠΟΚΑΤΑΣΤΑΣΗ, ΣΥΝΘΕΤΗ, ΚΟΡΜΟΣ· 1.1 ΕΩΣ 2.5 cm;;;;;
470;X606161;ΑΠΟΚΑΤΑΣΤΑΣΗ, ΣΥΝΘΕΤΗ, ΚΟΡΜΟΣ· 2.6 ΕΩΣ 7.5 cm;;;;;
471;X606163;ΑΠΟΚΑΤΑΣΤΑΣΗ, ΣΥΝΘΕΤΗ, ΚΟΡΜΟΣ· ΚΑΘΕ ΕΠΙΠΛΕΟΝ 5 cm (ΝΑ ΚΑΤΑΓΡΑΦΕΤΑΙ ΞΕΧΩΡΙΣΤΑ  ΕΠΙΠΛΕΟΝ ΤΟΥ ΚΩΔΙΚΟΥ ΤΗΣ ΑΡΧΙΚΗΣ ΔΙΑΔΙΚΑΣΙΑΣ);;;;;
472;X606199;ΑΠΟΚΑΤΑΣΤΑΣΗ, ΣΥΝΘΕΤΗ, ΚΡΑΝΙΟ, ΑΝΩ ΑΚΡΑ, ΚΑΙ/Ή ΚΑΤΩ ΑΚΡΑ· 1.1 ΕΩΣ 2.5 cm;;;;;
473;X606201;ΑΠΟΚΑΤΑΣΤΑΣΗ, ΣΥΝΘΕΤΗ, ΚΡΑΝΙΟ, ΑΝΩ ΑΚΡΑ, ΚΑΙ/Ή ΚΑΤΩ ΑΚΡΑ· 2.6 ΕΩΣ 7.5 cm;;;;;
474;X606203;ΑΠΟΚΑΤΑΣΤΑΣΗ, ΣΥΝΘΕΤΗ, ΚΡΑΝΙΟ, ΑΝΩ ΑΚΡΑ, ΚΑΙ/Ή ΚΑΤΩ ΑΚΡΑ· ΚΑΘΕ ΕΠΙΠΛΕΟΝ 5 cm Ή ΛΙΓΟΤΕΡΟ (ΝΑ ΚΑΤΑΓΡΑΦΕΤΑΙ ΞΕΧΩΡΙΣΤΑ ΕΠΙΠΛΕΟΝ ΤΟΥ ΚΩΔΙΚΟΥ ΤΗΣ ΑΡΧΙΚΗΣ ΔΙΑΔΙΚΑΣΙΑΣ);;;;;
475;X606221;ΑΠΟΚΑΤΑΣΤΑΣΗ, ΣΥΝΘΕΤΗ, ΜΕΤΩΠΟ, ΠΑΡΕΙΕΣ, ΠΩΓΩΝ, ΣΤΟΜΑ, ΑΥΧΕΝΑΣ, ΜΑΣΧΑΛΗ, ΓΕΝΝΗΤΙΚΑ ΟΡΓΑΝΑ, ΑΚΡΑ ΧΕΙΡ ΚΑΙ/Ή ΑΚΡΟΣ ΠΟΥΣ·1.1 ΕΩΣ 2.5 cm;;;;;
476;X606223;ΑΠΟΚΑΤΑΣΤΑΣΗ, ΣΥΝΘΕΤΗ, ΜΕΤΩΠΟ, ΠΑΡΕΙΕΣ, ΠΩΓΩΝ, ΣΤΟΜΑ, ΑΥΧΕΝΑΣ, ΜΑΣΧΑΛΗ, ΓΕΝΝΗΤΙΚΑ ΟΡΓΑΝΑ, ΑΚΡΑ ΧΕΙΡ ΚΑΙ/Ή ΑΚΡΟΣ ΠΟΥΣ· 2.6 ΕΩΣ 7.5 cm;;;;;
477;X606225;ΑΠΟΚΑΤΑΣΤΑΣΗ, ΣΥΝΘΕΤΗ, ΜΕΤΩΠΟ, ΠΑΡΕΙΕΣ, ΠΩΓΩΝ, ΣΤΟΜΑ, ΑΥΧΕΝΑΣ, ΜΑΣΧΑΛΗ, ΓΕΝΝΗΤΙΚΑ ΟΡΓΑΝΑ, ΑΚΡΑ ΧΕΙΡ ΚΑΙ/Ή ΑΚΡΟΣ ΠΟΥΣ· ΓΙΑ ΚΑΘΕ ΕΠΙΠΛΕΟΝ 5 cm Ή ΛΙΓΟΤΕΡΟ (ΝΑ ΚΑΤΑΓΡΑΦΕΤΑΙ ΞΕΧΩΡΙΣΤΑ ΕΠΙΠΛΕΟΝ ΤΟΥ ΚΩΔΙΚΟΥ ΤΗΣ ΑΡΧΙΚΗΣ ΔΙΑΔΙΚΑΣΙΑΣ);;;;;
478;X606259;ΑΠΟΚΑΤΑΣΤΑΣΗ, ΣΥΝΘΕΤΗ, ΒΛΕΦΑΡΑ, ΡΙΣ, ΩΤΑ ΚΑΙ/Ή ΧΕΙΛΗ· 1.0 cm Ή ΛΙΓΟΤΕΡΟ;;;;;
479;X606261;ΑΠΟΚΑΤΑΣΤΑΣΗ, ΣΥΝΘΕΤΗ, ΒΛΕΦΑΡΑ, ΡΙΣ, ΩΤΑ ΚΑΙ/Ή ΧΕΙΛΗ· 1.1 ΕΩΣ 2.5 cm;;;;;
480;X606263;ΑΠΟΚΑΤΑΣΤΑΣΗ, ΣΥΝΘΕΤΗ, ΒΛΕΦΑΡΑ, ΡΙΣ, ΩΤΑ ΚΑΙ/Ή ΧΕΙΛΗ· 2.6 ΕΩΣ 7.5 cm;;;;;
481;X606265;ΑΠΟΚΑΤΑΣΤΑΣΗ, ΣΥΝΘΕΤΗ, ΒΛΕΦΑΡΑ, ΡΙΣ, ΩΤΑ ΚΑΙ/Ή ΧΕΙΛΗ· ΚΑΘΕ ΕΠΙΠΛΕΟΝ 5 cm  Ή ΛΙΓΟΤΕΡΟ (ΝΑ ΚΑΤΑΓΡΑΦΕΤΑΙ ΞΕΧΩΡΙΣΤΑ ΕΠΙΠΛΕΟΝ ΤΟΥ ΚΩΔΙΚΟΥ ΤΗΣ ΑΡΧΙΚΗΣ ΔΙΑΔΙΚΑΣΙΑΣ);;;;;
482;X606279;ΔΕΥΤΕΡΕΟΥΣΑ ΣΥΓΚΛΕΙΣΗ ΧΕΙΡΟΥΡΓΙΚΟΥ ΤΡΑΥΜΑΤΟΣ Ή ΔΙΑΣΠΑΣΗΣ ΤΡΑΥΜΑΤΟΣ, ΕΚΤΕΤΑΜΕΝΗ Ή ΣΥΝΘΕΤΗ;;;;;
483;X607959;ΜΕΤΑΦΟΡΑ ΠΑΡΑΚΕΙΜΕΝΟΥ ΙΣΤΟΥ Ή ΑΝΑΔΙΟΡΓΑΝΩΣΗ ΙΣΤΩΝ, ΚΟΡΜΟΣ· ΑΝΩΜΑΛΙΑ 10 cm² Ή ΛΙΓΟΤΕΡΟ;;;;;
484;X607961;ΜΕΤΑΦΟΡΑ ΠΑΡΑΚΕΙΜΕΝΟΥ ΙΣΤΟΥ Ή ΑΝΑΔΙΟΡΓΑΝΩΣΗ ΙΣΤΩΝ, ΚΟΡΜΟΣ· ΑΝΩΜΑΛΙΑ 10 ΕΩΣ 30.0 cm²;;;;;
485;X607999;ΜΕΤΑΦΟΡΑ ΠΑΡΑΚΕΙΜΕΝΟΥ ΙΣΤΟΥ Ή ΑΝΑΔΙΟΡΓΑΝΩΣΗ ΙΣΤΩΝ, ΔΕΡΜΑ ΚΡΑΝΙΟΥ, ΑΝΩ ΚΑΙ/Ή ΚΑΤΩ ΑΚΡΑ· ΑΝΩΜΑΛΙΑ 10 cm² Ή ΛΙΓΟΤΕΡΟ;;;;;
486;X608001;ΜΕΤΑΦΟΡΑ ΠΑΡΑΚΕΙΜΕΝΟΥ ΙΣΤΟΥ Ή ΑΝΑΔΙΟΡΓΑΝΩΣΗ ΙΣΤΩΝ, ΔΕΡΜΑ ΚΡΑΝΙΟΥ, ΑΝΩ ΚΑΙ/Ή ΚΑΤΩ ΑΚΡΑ· ΑΝΩΜΑΛΙΑ 10.1 ΕΩΣ 30.0 cm²;;;;;
487;X608039;ΜΕΤΑΦΟΡΑ ΠΑΡΑΚΕΙΜΕΝΟΥ ΙΣΤΟΥ Ή ΑΝΑΔΙΟΡΓΑΝΩΣΗ ΙΣΤΩΝ, ΜΕΤΩΠΟ, ΠΑΡΕΙΕΣ, ΠΩΓΩΝ, ΣΤΟΜΑ, ΑΥΧΕΝΑΣ, ΜΑΣΧΑΛΗ, ΓΕΝΝΗΤΙΚΑ ΟΡΓΑΝΑ, ΑΚΡΑ ΧΕΙΡ ΚΑΙ / Ή ΑΚΡΟΣ ΠΟΥΣ· ΑΝΩΜΑΛΙΑ 10 cm² Ή ΛΙΓΟΤΕΡΟ;;;;;
488;X608041;ΜΕΤΑΦΟΡΑ ΠΑΡΑΚΕΙΜΕΝΟΥ ΙΣΤΟΥ Ή ΑΝΑΔΙΟΡΓΑΝΩΣΗ ΙΣΤΩΝ, ΜΕΤΩΠΟ, ΠΑΡΕΙΕΣ, ΠΩΓΩΝ, ΣΤΟΜΑ, ΑΥΧΕΝΑΣ, ΜΑΣΧΑΛΗ, ΓΕΝΝΗΤΙΚΑ ΟΡΓΑΝΑ, ΑΚΡΑ ΧΕΙΡ ΚΑΙ / Ή ΑΚΡΟΣ ΠΟΥΣ· ΑΝΩΜΑΛΙΑ 10 .1 cm²  ΕΩΣ 30.0 cm²;;;;;
489;X608079;ΜΕΤΑΦΟΡΑ ΠΑΡΑΚΕΙΜΕΝΟΥ ΙΣΤΟΥ Ή ΑΝΑΔΙΟΡΓΑΝΩΣΗ ΙΣΤΩΝ, ΒΛΕΦΑΡΑ, ΡΙΝΑ, ΩΤΑ ΚΑΙ/Ή ΧΕΙΛΗ· ΕΛΑΤΤΩΜΑ 10 cm² Ή ΛΙΓΟΤΕΡΟ;;;;;
490;X608081;ΜΕΤΑΦΟΡΑ ΠΑΡΑΚΕΙΜΕΝΟΥ ΙΣΤΟΥ Ή ΑΝΑΔΙΟΡΓΑΝΩΣΗ ΙΣΤΩΝ, ΒΛΕΦΑΡΑ, ΡΙΝΑ, ΩΤΑ ΚΑΙ/Ή ΧΕΙΛΗ· ΕΛΑΤΤΩΜΑ 10.1 ΕΩΣ 30.0 cm²;;;;;
491;X608559;ΜΕΤΑΦΟΡΑ ΠΑΡΑΚΕΙΜΕΝΟΥ ΙΣΤΟΥ Ή ΑΝΑΔΙΟΡΓΑΝΩΣΗ ΙΣΤΩΝ, ΑΝΩ ΤΩΝ 30 cm², ΑΣΥΝΗΘΗΣ Ή ΣΥΝΘΕΤΗ, ΟΠΟΙΑΔΗΠΟΤΕ ΠΕΡΙΟΧΗ;;;;;
492;X608659;ΚΡΗΜΝΟΣ ΔΑΚΤΥΛΟΥ ΤΟΥ ΧΕΡΙΟΥ Ή ΤΟΥ ΠΟΔΙΟΥ, ΣΥΜΠΕΡΙΛΑΜΒΑΝΟΜΕΝΗΣ ΤΗΣ ΠΡΟΕΤΟΙΜΑΣΙΑΣ ΤΗΣ ΠΕΡΙΟΧΗΣ ΔΕΚΤΗ;;;;;
493;X609963;ΧΕΙΡΟΥΡΓΙΚΗ ΠΡΟΕΤΟΙΜΑΣΙΑ Ή ΔΗΜΙΟΥΡΓΙΑ ΤΗΣ ΠΕΡΙΟΧΗΣ ΔΕΚΤΗ ΜΕ ΕΚΤΟΜΗ ΤΩΝ ΑΝΟΙΚΤΩΝ ΤΡΑΥΜΑΤΩΝ, ΤΗΣ ΕΓΚΑΥΜΑΤΙΚΗΣ ΕΣΧΑΡΑΣ Ή ΤΗΣ ΟΥΛΗΣ (ΣΥΜΠΕΡΙΛΑΜΒΑΝΟΜΕΝΩΝ ΥΠΟΔΟΡΙΩΝ ΙΣΤΩΝ), Ή ΕΚΤΟΜΗ ΤΟΥ ΟΥΛΩΔΟΥΣ ΙΣΤΟΥ, ΚΟΡΜΟΣ, ΑΝΩ ΚΑΙ ΚΑΤΩ ΑΚΡΑ· ΤΑ ΠΡΩΤΑ 100 cm² Ή 1% ΤΗΣ ΣΩΜΑΤΙΚΗΣ ΕΠΙΦΑΝΕΙΑΣ ΒΡΕΦΩΝ ΚΑΙ ΠΑΙΔΙΩΝ;;;;;
494;X609965;ΧΕΙΡΟΥΡΓΙΚΗ ΠΡΟΕΤΟΙΜΑΣΙΑ Ή ΔΗΜΙΟΥΡΓΙΑ ΤΗΣ ΠΕΡΙΟΧΗΣ ΔΕΚΤΗ ΜΕ ΕΚΤΟΜΗ ΤΩΝ ΑΝΟΙΚΤΩΝ ΤΡΑΥΜΑΤΩΝ, ΤΗΣ ΕΓΚΑΥΜΑΤΙΚΗΣ ΕΣΧΑΡΑΣ Ή ΤΗΣ ΟΥΛΗΣ (ΣΥΜΠΕΡΙΛΑΜΒΑΝΟΜΕΝΩΝ ΥΠΟΔΟΡΙΩΝ ΙΣΤΩΝ), Ή ΕΚΤΟΜΗ ΤΟΥ ΟΥΛΩΔΟΥΣ ΙΣΤΟΥ, ΚΟΡΜΟΣ, ΑΝΩ ΚΑΙ ΚΑΤΩ ΑΚΡΑ· ΚΑΘΕ  ΕΠΙΠΛΕΟΝ 100 cm², Ή ΜΕΡΟΣ ΑΥΤΩΝ, Ή ΚΑΘΕ ΕΠΙΠΛΕΟΝ 1% ΤΗΣ ΣΩΜΑΤΙΚΗΣ  ΕΠΙΦΑΝΕΙΑΣ ΒΡΕΦΩΝ ΚΑΙ ΠΑΙΔΙΩΝ (ΝΑ ΚΑΤΑΓΡΑΦΕΤΑΙ ΞΕΧΩΡΙΣΤΑ ΕΠΙΠΛΕΟΝ ΤΟΥ ΚΩΔΙΚΟΥ  ΤΗΣ ΑΡΧΙΚΗΣ ΔΙΑΔΙΚΑΣΙΑΣ);;;;;
495;X609967;ΧΕΙΡΟΥΡΓΙΚΗ ΠΡΟΕΤΟΙΜΑΣΙΑ Ή ΔΗΜΙΟΥΡΓΙΑ ΤΗΣ ΠΕΡΙΟΧΗΣ ΔΕΚΤΗ ΜΕ ΕΚΤΟΜΗ ΤΩΝ ΑΝΟΙΚΤΩΝ ΤΡΑΥΜΑΤΩΝ, ΤΗΣ ΕΓΚΑΥΜΑΤΙΚΗΣ ΕΣΧΑΡΑΣ Ή ΤΗΣ ΟΥΛΗΣ (ΣΥΜΠΕΡΙΛΑΜΒΑΝΟΜΕΝΩΝ ΥΠΟΔΟΡΙΩΝ ΙΣΤΩΝ), Ή ΕΚΤΟΜΗ ΤΟΥ ΟΥΛΩΔΟΥΣ ΙΣΤΟΥ, ΠΡΟΣΩΠΟ, ΔΕΡΜΑ ΚΡΑΝΙΟΥ, ΒΛΕΦΑΡΑ, ΣΤΟΜΑ, ΑΥΧΕΝΑΣ, ΩΤΑ, ΟΦΘΑΛΜΙΚΟΙ ΚΟΓΧΟΙ, ΓΕΝΝΗΤΙΚΑ ΟΡΓΑΝΑ, ΑΚΡΑ ΧΕΙΡ, ΑΚΡΟΣ ΠΟΥΣ, ΚΑΙ/Ή ΠΟΛΛΑΠΛΟΙ ΔΑΚΤΥΛΟΙ· ΤΑ ΠΡΩΤΑ 100 cm² Ή ΤΟ 1% ΤΗΣ ΣΩΜΑΤΙΚΗΣ ΕΠΙΦΑΝΕΙΑΣ ΒΡΕΦΩΝ ΚΑΙ ΠΑΙΔΙΩΝ;;;;;
496;X609969;ΧΕΙΡΟΥΡΓΙΚΗ ΠΡΟΕΤΟΙΜΑΣΙΑ Ή ΔΗΜΙΟΥΡΓΙΑ ΤΗΣ ΠΕΡΙΟΧΗΣ ΔΕΚΤΗ ΜΕ ΕΚΤΟΜΗ ΤΩΝ ΑΝΟΙΚΤΩΝ ΤΡΑΥΜΑΤΩΝ, ΤΗΣ ΕΓΚΑΥΜΑΤΙΚΗΣ ΕΣΧΑΡΑΣ Ή ΤΗΣ ΟΥΛΗΣ (ΣΥΜΠΕΡΙΛΑΜΒΑΝΟΜΕΝΩΝ ΥΠΟΔΟΡΙΩΝ ΙΣΤΩΝ), Ή ΕΚΤΟΜΗ ΤΟΥ ΟΥΛΩΔΟΥΣ ΙΣΤΟΥ, ΠΡΟΣΩΠΟ, ΔΕΡΜΑ ΚΡΑΝΙΟΥ, ΒΛΕΦΑΡΑ, ΣΤΟΜΑ, ΑΥΧΕΝΑΣ, ΩΤΑ, ΟΦΘΑΛΜΙΚΟΙ ΚΟΓΧΟΙ, ΓΕΝΝΗΤΙΚΑ ΟΡΓΑΝΑ, ΑΚΡΑ ΧΕΙΡ, ΑΚΡΟΣ ΠΟΥΣ, ΚΑΙ/Ή ΠΟΛΛΑΠΛΟΙ ΔΑΚΤΥΛΟΙ· ΚΑΘΕ ΕΠΙΠΛΕΟΝ 100 cm², Ή ΜΕΡΟΣ ΑΥΤΩΝ, Ή ΚΑΘΕ ΕΠΙΠΛΕΟΝ 1% ΤΗΣ ΣΩΜΑΤΙΚΗΣ  ΕΠΙΦΑΝΕΙΑΣ ΒΡΕΦΩΝ ΚΑΙ ΠΑΙΔΙΩΝ (ΝΑ ΚΑΤΑΓΡΑΦΕΤΑΙ ΞΕΧΩΡΙΣΤΑ ΕΠΙΠΛΕΟΝ ΤΟΥ ΚΩΔΙΚΟΥ  ΤΗΣ ΑΡΧΙΚΗΣ ΔΙΑΔΙΚΑΣΙΑΣ);;;;;
497;X610039;ΛΗΨΗ ΔΕΡΜΑΤΟΣ ΓΙΑ ΔΕΡΜΑΤΙΚΟ ΑΥΤΟΜΟΣΧΕΥΜΑ ΙΣΤΙΚΗΣ ΚΑΛΛΙΕΡΓΕΙΑΣ, 100 cm² Ή ΛΙΓΟΤΕΡΟ;;;;;
498;X610059;ΜΟΣΧΕΥΜΑ ΠΟΥ ΛΑΜΒΑΝΕΤΑΙ ΜΕ ΧΡΗΣΗ ΛΑΒΙΔΑΣ, ENA Ή ΠΟΛΛΑΠΛΟ, ΓΙΑ ΤΗΝ ΚΑΛΥΨΗ ΕΛΚΟΥΣ ΜΙΚΡΟΥ ΜΕΓΕΘΟΥΣ, ΘΗΛΗ ΔΑΚΤΥΛΟΥ, Ή ΑΛΛΗΣ ΕΛΑΧΙΣΤΗΣ ΑΝΟΙΚΤΗΣ ΕΠΙΦΑΝΕΙΑΣ (ΜΕ ΕΞΑΙΡΕΣΗ ΤΟ ΠΡΟΣΩΠΟ), ΓΙΑ ΕΛΑΤΤΩΜΑ ΕΩΣ 2 cm ΣΕ ΔΙΑΜΕΤΡΟ;;;;;
499;X610159;ΑΥΤΟΜΟΣΧΕΥΜΑ ΜΕΡΙΚΟΥ ΠΑΧΟΥΣ, ΚΟΡΜΟΣ, ΑΝΩ ΚΑΙ ΚΑΤΩ ΑΚΡΑ, ΠΡΩΤΑ 100 cm² Ή ΛΙΓΟΤΕΡΟ, Ή 1% ΤΗΣ ΣΩΜΑΤΙΚΗΣ ΕΠΙΦΑΝΕΙΑΣ ΒΡΕΦΩΝ ΚΑΙ ΠΑΙΔΙΩΝ (ΕΚΤΟΣ 15050);;;;;
500;X610161;ΑΥΤΟΜΟΣΧΕΥΜΑ ΜΕΡΙΚΟΥ ΠΑΧΟΥΣ, ΚΟΡΜΟΣ, ΑΝΩ ΚΑΙ ΚΑΤΩ ΑΚΡΑ· ΓΙΑ ΚΑΘΕ ΕΠΙΠΛΕΟΝ 100 cm², Ή ΚΑΘΕ ΕΠΙΠΛΕΟΝ 1% ΤΗΣ ΣΩΜΑΤΙΚΗΣ ΕΠΙΦΑΝΕΙΑΣ ΒΡΕΦΩΝ ΚΑΙ ΠΑΙΔΙΩΝ, Ή ΜΕΡΟΣ ΑΥΤΗΣ (ΝΑ ΚΑΤΑΓΡΑΦΕΤΑΙ ΞΕΧΩΡΙΣΤΑ ΕΠΙΠΛΕΟΝ ΤΟΥ ΚΩΔΙΚΟΥ ΤΗΣ ΑΡΧΙΚΗΣ ΔΙΑΔΙΚΑΣΙΑΣ);;;;;
501;X610179;ΕΠΙΔΕΡΜΙΚΟ ΑΥΤΟΜΟΣΧΕΥΜΑ, ΚΟΡΜΟΣ, ΑΝΩ ΚΑΙ ΚΑΤΩ ΑΚΡΑ, ΠΡΩΤΑ 100 cm² Ή ΛΙΓΟΤΕΡΟ, Ή 1% ΤΗΣ ΣΩΜΑΤΙΚΗΣ ΕΠΙΦΑΝΕΙΑΣ ΒΡΕΦΩΝ ΚΑΙ ΠΑΙΔΙΩΝ;;;;;
502;X610181;ΕΠΙΔΕΡΜΙΚΟ ΑΥΤΟΜΟΣΧΕΥΜΑ, ΚΟΡΜΟΣ, ΑΝΩ ΚΑΙ ΚΑΤΩ ΑΚΡΑ· ΚΑΘΕ ΕΠΙΠΛΕΟΝ 100 cm², Ή ΚΑΘΕ ΕΠΙΠΛΕΟΝ 1% ΤΗΣ ΣΩΜΑΤΙΚΗΣ ΕΠΙΦΑΝΕΙΑΣ ΒΡΕΦΩΝ ΚΑΙ ΠΑΙΔΙΩΝ, Ή ΜΕΡΟΣ ΑΥΤΗΣ (ΝΑ ΚΑΤΑΓΡΑΦΕΤΑΙ ΞΕΧΩΡΙΣΤΑ ΕΠΙΠΛΕΟΝ ΤΟΥ ΚΩΔΙΚΟΥ ΤΗΣ ΑΡΧΙΚΗΣ ΔΙΑΔΙΚΑΣΙΑΣ);;;;;
503;X610189;ΕΠΙΔΕΡΜΙΚΟ ΑΥΤΟΜΟΣΧΕΥΜΑ, ΠΡΟΣΩΠΟ, ΔΕΡΜΑ ΚΡΑΝΙΟΥ, ΒΛΕΦΑΡΑ, ΣΤΟΜΑ, ΑΥΧΕΝΑΣ, ΩΤΑ, ΟΦΘΑΛΜΙΚΟΙ ΚΟΓΧΟΙ, ΓΕΝΝΗΤΙΚΑ ΟΡΓΑΝΑ, ΑΚΡΑ ΧΕΙΡ, ΑΚΡΟΣ ΠΟΥΣ, ΚΑΙ/Ή ΠΟΛΛΑΠΛΟΙ ΔΑΚΤΥΛΟΙ· ΠΡΩΤΑ 100 cm² Ή ΛΙΓΟΤΕΡΟ, Ή 1% ΤΗΣ ΣΩΜΑΤΙΚΗΣ ΕΠΙΦΑΝΕΙΑΣ ΒΡΕΦΩΝ ΚΑΙ ΠΑΙΔΙΩΝ;;;;;
504;X610191;ΕΠΙΔΕΡΜΙΚΟ ΑΥΤΟΜΟΣΧΕΥΜΑ, ΠΡΟΣΩΠΟ, ΔΕΡΜΑ ΚΡΑΝΙΟΥ, ΒΛΕΦΑΡΑ, ΣΤΟΜΑ, ΡΙΝΑ, ΩΤΑ, ΟΦΘΑΛΜΙΚΟΙ ΚΟΓΧΟΙ,  ΓΕΝΝΗΤΙΚΑ ΟΡΓΑΝΑ, ΑΚΡΑ ΧΕΙΡ, ΑΚΡΟΣ ΠΟΥΣ, ΚΑΙ/Ή ΠΟΛΛΑΠΛΟΙ ΔΑΚΤΥΛΟΙ· ΚΑΘΕ ΕΠΙΠΛΕΟΝ 100 cm²  Ή ΚΑΘΕ ΕΠΙΠΛΕΟΝ 1% ΤΗΣ ΣΩΜΑΤΙΚΗΣ ΕΠΙΦΑΝΕΙΑΣ ΒΡΕΦΩΝ ΚΑΙ ΠΑΙΔΙΩΝ, Ή ΜΕΡΟΣ ΑΥΤΗΣ (ΝΑ ΚΑΤΑΓΡΑΦΕΤΑΙ ΞΕΧΩΡΙΣΤΑ ΕΠΙΠΛΕΟΝ ΤΟΥ ΚΩΔΙΚΟΥ ΤΗΣ ΑΡΧΙΚΗΣ ΔΙΑΔΙΚΑΣΙΑΣ);;;;;
505;X610199;ΑΥΤΟΜΟΣΧΕΥΜΑ ΜΕΡΙΚΟΥ ΠΑΧΟΥΣ, ΠΡΟΣΩΠΟ, ΔΕΡΜΑ ΚΡΑΝΙΟΥ, ΒΛΕΦΑΡΑ, ΣΤΟΜΑ, ΑΥΧΕΝΑΣ, ΩΤΑ,  ΟΦΘΑΛΜΙΚΟΙ ΚΟΓΧΟΙ, ΓΕΝΝΗΤΙΚΑ ΟΡΓΑΝΑ, ΑΚΡΑ ΧΕΙΡ, ΑΚΡΟΣ ΠΟΥΣ, ΚΑΙ/Ή ΠΟΛΛΑΠΛΟΙ ΔΑΚΤΥΛΟΙ· ΠΡΩΤΑ 100 cm² Ή ΛΙΓΟΤΕΡΟ, Ή 1% ΤΗΣ ΣΩΜΑΤΙΚΗΣ ΕΠΙΦΑΝΕΙΑΣ ΒΡΕΦΩΝ ΚΑΙ ΠΑΙΔΙΩΝ (ΕΚΤΟΣ 15050);;;;;
506;X610201;ΑΥΤΟΜΟΣΧΕΥΜΑ ΜΕΡΙΚΟΥ ΠΑΧΟΥΣ, ΠΡΟΣΩΠΟ, ΔΕΡΜΑ ΚΡΑΝΙΟΥ, ΒΛΕΦΑΡΑ, ΣΤΟΜΑ, ΑΥΧΕΝΑΣ, ΩΤΑ,  ΟΦΘΑΛΜΙΚΟΙ ΚΟΓΧΟΙ, ΓΕΝΝΗΤΙΚΑ ΟΡΓΑΝΑ, ΑΚΡΑ ΧΕΙΡ, ΑΚΡΟΣ ΠΟΥΣ, ΚΑΙ/Ή ΠΟΛΛΑΠΛΟΙ ΔΑΚΤΥΛΟΙ· ΚΑΘΕ ΕΠΙΠΛΕΟΝ 100 cm², Ή ΚΑΘΕ ΕΠΙΠΛΕΟΝ 1% ΤΗΣ ΣΩΜΑΤΙΚΗΣ ΕΠΙΦΑΝΕΙΑΣ ΒΡΕΦΩΝ ΚΑΙ ΠΑΙΔΙΩΝ,  Ή ΜΕΡΟΣ ΑΥΤΗΣ (ΝΑ ΚΑΤΑΓΡΑΦΕΤΑΙ ΞΕΧΩΡΙΣΤΑ ΕΠΙΠΛΕΟΝ ΤΟΥ ΚΩΔΙΚΟΥ ΤΗΣ ΑΡΧΙΚΗΣ  ΔΙΑΔΙΚΑΣΙΑΣ);;;;;
507;X610219;ΔΕΡΜΑΤΙΚΟ ΑΥΤΟΜΟΣΧΕΥΜΑ, ΚΟΡΜΟΣ, ΑΝΩ ΚΑΙ ΚΑΤΩ ΑΚΡΑ, ΠΡΩΤΑ 100 cm² Ή ΛΙΓΟΤΕΡΟ, Ή 1% ΤΗΣ ΣΩΜΑΤΙΚΗΣ ΕΠΙΦΑΝΕΙΑΣ ΒΡΕΦΩΝ ΚΑΙ ΠΑΙΔΙΩΝ;;;;;
508;X610221;ΔΕΡΜΑΤΙΚΟ ΑΥΤΟΜΟΣΧΕΥΜΑ, ΚΟΡΜΟΣ, ΑΝΩ ΚΑΙ ΚΑΤΩ ΑΚΡΑ· ΚΑΘΕ ΕΠΙΠΛΕΟΝ 100 cm² Ή ΚΑΘΕ ΕΠΙΠΛΕΟΝ 1% ΤΗΣ ΣΩΜΑΤΙΚΗΣ ΕΠΙΦΑΝΕΙΑΣ ΒΡΕΦΩΝ ΚΑΙ ΠΑΙΔΙΩΝ, Ή ΜΕΡΟΣ ΑΥΤΗΣ (ΝΑ ΚΑΤΑΓΡΑΦΕΤΑΙ ΞΕΧΩΡΙΣΤΑ ΕΠΙΠΛΕΟΝ ΤΟΥ ΚΩΔΙΚΟΥ ΤΗΣ ΑΡΧΙΚΗΣ ΔΙΑΔΙΚΑΣΙΑΣ);;;;;
509;X610229;ΔΕΡΜΑΤΙΚΟ ΑΥΤΟΜΟΣΧΕΥΜΑ, ΠΡΟΣΩΠΟ, ΔΕΡΜΑ ΚΡΑΝΙΟΥ, ΒΛΕΦΑΡΑ, ΣΤΟΜΑ, ΑΥΧΕΝΑΣ, ΩΤΑ, ΟΦΘΑΛΜΙΚΟΙ ΚΟΓΧΟΙ, ΓΕΝΝΗΤΙΚΑ ΟΡΓΑΝΑ, ΑΚΡΑ ΧΕΙΡ, ΑΚΡΟΣ ΠΟΥΣ, ΚΑΙ/Ή ΠΟΛΛΑΠΛΟΙ ΔΑΚΤΥΛΟΙ· ΠΡΩΤΑ 100 cm² Ή ΛΙΓΟΤΕΡΟ, Ή 1% ΤΗΣ ΣΩΜΑΤΙΚΗΣ ΕΠΙΦΑΝΕΙΑΣ ΒΡΕΦΩΝ ΚΑΙ ΠΑΙΔΙΩΝ;;;;;
510;X610231;ΔΕΡΜΑΤΙΚΟ ΑΥΤΟΜΟΣΧΕΥΜΑ, ΠΡΟΣΩΠΟ, ΔΕΡΜΑ ΚΡΑΝΙΟΥ, ΒΛΕΦΑΡΑ, ΣΤΟΜΑ, ΑΥΧΕΝΑΣ, ΩΤΑ, ΟΦΘΑΛΜΙΚΟΙ ΚΟΓΧΟΙ, ΓΕΝΝΗΤΙΚΑ ΟΡΓΑΝΑ, ΑΚΡΑ ΧΕΙΡ, ΑΚΡΟΣ ΠΟΥΣ, ΚΑΙ/Ή ΠΟΛΛΑΠΛΟΙ ΔΑΚΤΥΛΟΙ· ΚΑΘΕ ΕΠΙΠΛΕΟΝ 100 cm²  Ή ΚΑΘΕ ΕΠΙΠΛΕΟΝ 1% ΤΗΣ ΣΩΜΑΤΙΚΗΣ ΕΠΙΦΑΝΕΙΑΣ ΒΡΕΦΩΝ ΚΑΙ ΠΑΙΔΙΩΝ, Ή ΜΕΡΟΣ ΑΥΤΗΣ (ΝΑ ΚΑΤΑΓΡΑΦΕΤΑΙ ΞΕΧΩΡΙΣΤΑ ΕΠΙΠΛΕΟΝ ΤΟΥ ΚΩΔΙΚΟΥ ΤΗΣ ΑΡΧΙΚΗΣ ΔΙΑΔΙΚΑΣΙΑΣ);;;;;
511;X610259;ΕΠΙΔΕΡΜΙΚΟ ΑΥΤΟΜΟΣΧΕΥΜΑ ΙΣΤΙΚΗΣ ΚΑΛΛΙΕΡΓΕΙΑΣ, ΚΟΡΜΟΣ, ΑΝΩ ΚΑΙ ΚΑΤΩ ΑΚΡΑ· ΤΑ ΠΡΩΤΑ 25 cm² Η ΛΙΓΟΤΕΡΟ;;;;;
512;X610261;ΕΠΙΔΕΡΜΙΚΟ ΑΥΤΟΜΟΣΧΕΥΜΑ ΙΣΤΙΚΗΣ ΚΑΛΛΙΕΡΓΕΙΑΣ, ΚΟΡΜΟΣ, ΑΝΩ ΚΑΙ ΚΑΤΩ ΑΚΡΑ· ΕΠΙΠΛΕΟΝ 1 cm² ΕΩΣ 75 cm² (ΝΑ ΚΑΤΑΓΡΑΦΕΤΑΙ ΞΕΧΩΡΙΣΤΑ ΕΠΙΠΛΕΟΝ ΤΟΥ ΚΩΔΙΚΟΥ ΤΗΣ ΑΡΧΙΚΗΣ  ΔΙΑΔΙΚΑΣΙΑΣ);;;;;
513;X610263;ΕΠΙΔΕΡΜΙΚΟ ΑΥΤΟΜΟΣΧΕΥΜΑ ΙΣΤΙΚΗΣ ΚΑΛΛΙΕΡΓΕΙΑΣ, ΚΟΡΜΟΣ, ΑΝΩ ΚΑΙ ΚΑΤΩ ΑΚΡΑ· ΚΑΘΕ ΕΠΙΠΛΕΟΝ 100 cm², Ή ΚΑΘΕ ΕΠΙΠΛΕΟΝ 1% ΤΗΣ ΣΩΜΑΤΙΚΗΣ ΕΠΙΦΑΝΕΙΑΣ ΒΡΕΦΩΝ ΚΑΙ ΠΑΙΔΙΩΝ,  Ή ΜΕΡΟΣ ΑΥΤΗΣ (ΝΑ ΚΑΤΑΓΡΑΦΕΤΑΙ ΞΕΧΩΡΙΣΤΑ ΕΠΙΠΛΕΟΝ ΤΟΥ ΚΩΔΙΚΟΥ ΤΗΣ ΑΡΧΙΚΗΣ  ΔΙΑΔΙΚΑΣΙΑΣ);;;;;
514;X610269;ΕΠΙΔΕΡΜΙΚΟ ΑΥΤΟΜΟΣΧΕΥΜΑ ΙΣΤΙΚΗΣ ΚΑΛΛΙΕΡΓΕΙΑΣ, ΠΡΟΣΩΠΟ, ΔΕΡΜΑ ΚΡΑΝΙΟΥ, ΒΛΕΦΑΡΑ, ΣΤΟΜΑ, ΑΥΧΕΝΑΣ,  ΩΤΑ, ΟΦΘΑΛΜΙΚΟΙ ΚΟΓΧΟΙ, ΓΕΝΝΗΤΙΚΑ ΟΡΓΑΝΑ, ΑΚΡΑ ΧΕΙΡ, ΑΚΡΟΣ ΠΟΥΣ, ΚΑΙ/Ή ΠΟΛΛΑΠΛΟΙ ΔΑΚΤΥΛΟΙ· ΤΑ ΠΡΩΤΑ 25  cm² Ή ΛΙΓΟΤΕΡΟ;;;;;
515;X610271;ΕΠΙΔΕΡΜΙΚΟ ΑΥΤΟΜΟΣΧΕΥΜΑ ΙΣΤΙΚΗΣ ΚΑΛΛΙΕΡΓΕΙΑΣ, ΠΡΟΣΩΠΟ, ΔΕΡΜΑ ΚΡΑΝΙΟΥ, ΒΛΕΦΑΡΑ, ΣΤΟΜΑ, ΑΥΧΕΝΑΣ,  ΩΤΑ, ΟΦΘΑΛΜΙΚΟΙ ΚΟΓΧΟΙ, ΓΕΝΝΗΤΙΚΑ ΟΡΓΑΝΑ, ΑΚΡΑ ΧΕΙΡ, ΑΚΡΟΣ ΠΟΥΣ, ΚΑΙ/Ή ΠΟΛΛΑΠΛΟΙ ΔΑΚΤΥΛΟΙ· ΕΠΙΠΛΕΟΝ 1 ΕΩΣ 75 cm² (ΝΑ ΚΑΤΑΓΡΑΦΕΤΑΙ ΞΕΧΩΡΙΣΤΑ ΕΠΙΠΛΕΟΝ ΤΟΥ ΚΩΔΙΚΟΥ  ΤΗΣ ΑΡΧΙΚΗΣ ΔΙΑΔΙΚΑΣΙΑΣ);;;;;
516;X610273;ΕΠΙΔΕΡΜΙΚΟ ΑΥΤΟΜΟΣΧΕΥΜΑ ΙΣΤΙΚΗΣ ΚΑΛΛΙΕΡΓΕΙΑΣ, ΠΡΟΣΩΠΟ, ΔΕΡΜΑ ΚΡΑΝΙΟΥ, ΒΛΕΦΑΡΑ, ΣΤΟΜΑ, ΑΥΧΕΝΑΣ,  ΩΤΑ, ΟΦΘΑΛΜΙΚΟΙ ΚΟΓΧΟΙ, ΓΕΝΝΗΤΙΚΑ ΟΡΓΑΝΑ, ΑΚΡΑ ΧΕΙΡ, ΑΚΡΟΣ ΠΟΥΣ, ΚΑΙ/Ή ΠΟΛΛΑΠΛΟΙ ΔΑΚΤΥΛΟΙ· ΚΑΘΕ ΕΠΙΠΛΕΟΝ 100 cm², Ή ΚΑΘΕ ΕΠΙΠΛΕΟΝ 1% ΤΗΣ ΣΩΜΑΤΙΚΗΣ ΕΠΙΦΑΝΕΙΑΣ ΒΡΕΦΩΝ ΚΑΙ  ΠΑΙΔΙΩΝ Ή ΜΕΡΟΣ ΑΥΤΗΣ (ΝΑ ΚΑΤΑΓΡΑΦΕΤΑΙ ΞΕΧΩΡΙΣΤΑ ΕΠΙΠΛΕΟΝ ΤΟΥ ΚΩΔΙΚΟΥ  ΤΗΣ ΑΡΧΙΚΗΣ ΔΙΑΔΙΚΑΣΙΑΣ);;;;;
517;X610299;ΑΚΥΤΤΑΡΙΚΟ ΔΕΡΜΑΤΙΚΟ ΜΟΣΧΕΥΜΑ, ΚΟΡΜΟΣ, ΑΝΩ ΚΑΙ ΚΑΤΩ ΑΚΡΑ· ΤΑ ΠΡΩΤΑ 100 cm² Ή  ΛΙΓΟΤΕΡΟ, Ή 1% ΤΗΣ ΣΩΜΑΤΙΚΗΣ ΕΠΙΦΑΝΕΙΑΣ ΒΡΕΦΩΝ ΚΑΙ ΠΑΙΔΙΩΝ;;;;;
518;X610301;ΑΚΥΤΤΑΡΙΚΟ ΔΕΡΜΑΤΙΚΟ ΜΟΣΧΕΥΜΑ, ΚΟΡΜΟΣ, ΑΝΩ ΚΑΙ ΚΑΤΩ ΑΚΡΑ· ΚΑΘΕ ΕΠΙΠΛΕΟΝ 100 cm²,  Ή ΚΑΘΕ ΕΠΙΠΛΕΟΝ 1% ΤΗΣ ΣΩΜΑΤΙΚΗΣ ΕΠΙΦΑΝΕΙΑΣ ΒΡΕΦΩΝ ΚΑΙ ΠΑΙΔΙΩΝ, Ή ΜΕΡΟΣ ΑΥΤΗΣ (ΝΑ ΚΑΤΑΓΡΑΦΕΤΑΙ ΞΕΧΩΡΙΣΤΑ ΕΠΙΠΛΕΟΝ ΤΟΥ ΚΩΔΙΚΟΥ ΤΗΣ ΑΡΧΙΚΗΣ ΔΙΑΔΙΚΑΣΙΑΣ);;;;;
519;X610309;ΑΚΥΤΤΑΡΙΚΟ ΔΕΡΜΑΤΙΚΟ ΜΟΣΧΕΥΜΑ, ΠΡΟΣΩΠΟ, ΔΕΡΜΑ ΚΡΑΝΙΟΥ, ΒΛΕΦΑΡΑ, ΣΤΟΜΑ, ΑΥΧΕΝΑΣ, ΩΤΑ, ΟΦΘΑΛΜΙΚΟΙ ΚΟΓΧΟΙ, ΓΕΝΝΗΤΙΚΑ ΟΡΓΑΝΑ, ΑΚΡΑ ΧΕΙΡ, ΑΚΡΟΣ ΠΟΥΣ, ΚΑΙ/Ή ΠΟΛΛΑΠΛΟΙ ΔΑΚΤΥΛΟΙ· ΠΡΩΤΑ 100 cm² Ή ΛΙΓΟΤΕΡΟ, Ή 1% ΤΗΣ ΣΩΜΑΤΙΚΗΣ ΕΠΙΦΑΝΕΙΑΣ ΒΡΕΦΩΝ ΚΑΙ ΠΑΙΔΙΩΝ;;;;;
520;X610311;ΑΚΥΤΤΑΡΙΚΟ ΔΕΡΜΑΤΙΚΟ ΜΟΣΧΕΥΜΑ, ΠΡΟΣΩΠΟ, ΔΕΡΜΑ ΚΡΑΝΙΟΥ, ΒΛΕΦΑΡΑ, ΣΤΟΜΑ, ΑΥΧΕΝΑΣ, ΩΤΑ, ΟΦΘΑΛΜΙΚΟΙ ΚΟΓΧΟΙ, ΓΕΝΝΗΤΙΚΑ ΟΡΓΑΝΑ, ΑΚΡΑ ΧΕΙΡ, ΑΚΡΟΣ ΠΟΥΣ, ΚΑΙ/Ή ΠΟΛΛΑΠΛΟΙ ΔΑΚΤΥΛΟΙ· ΚΑΘΕ ΕΠΙΠΛΕΟΝ 100 cm², Ή ΚΑΘΕ ΕΠΙΠΛΕΟΝ 1% ΤΗΣ ΣΩΜΑΤΙΚΗΣ ΕΠΙΦΑΝΕΙΑΣ ΒΡΕΦΩΝ ΚΑΙ ΠΑΙΔΙΩΝ,  Ή ΜΕΡΟΣ ΑΥΤΗΣ (ΝΑ ΚΑΤΑΓΡΑΦΕΤΑΙ ΞΕΧΩΡΙΣΤΑ ΕΠΙΠΛΕΟΝ ΤΟΥ ΚΩΔΙΚΟΥ ΤΗΣ ΑΡΧΙΚΗΣ ΔΙΑΔΙΚΑΣΙΑΣ);;;;;
521;X610359;ΜΟΣΧΕΥΜΑ ΟΛΙΚΟΥ ΠΑΧΟΥΣ, ΕΛΕΥΘΕΡΟ, ΣΥΜΠΕΡΙΛΑΜΒΑΝΟΜΕΝΗΣ ΑΜΕΣΗΣ ΣΥΓΚΛΕΙΣΗΣ ΤΗΣ ΠΕΡΙΟΧΗΣ-ΔΟΤΗ, ΚΟΡΜΟΣ· 20 cm² Ή ΛΙΓΟΤΕΡΟ;;;;;
522;X610361;ΜΟΣΧΕΥΜΑ ΟΛΙΚΟΥ ΠΑΧΟΥΣ, ΕΛΕΥΘΕΡΟ, ΣΥΜΠΕΡΙΛΑΜΒΑΝΟΜΕΝΗΣ ΑΜΕΣΗΣ ΣΥΓΚΛΕΙΣΗΣ ΤΗΣ ΠΕΡΙΟΧΗΣ-ΔΟΤΗ, ΚΟΡΜΟΣ· ΚΑΘΕ ΕΠΙΠΛΕΟΝ 20 cm², Ή ΜΕΡΟΣ ΑΥΤΩΝ (ΝΑ ΚΑΤΑΓΡΑΦΕΤΑΙ ΞΕΧΩΡΙΣΤΑ, ΕΠΙΠΛΕΟΝ ΤΟΥ ΚΩΔΙΚΟΥ ΤΗΣ ΑΡΧΙΚΗΣ ΔΙΑΔΙΚΑΣΙΑΣ);;;;;
523;X610399;ΜΟΣΧΕΥΜΑ ΟΛΙΚΟΥ ΠΑΧΟΥΣ, ΕΛΕΥΘΕΡΟ, ΣΥΜΠΕΡΙΛΑΜΒΑΝΟΜΕΝΗΣ ΑΜΕΣΗΣ ΣΥΓΚΛΕΙΣΗΣ ΤΗΣ ΠΕΡΙΟΧΗΣ-ΔΟΤΗ, ΔΕΡΜΑ ΚΡΑΝΙΟΥ, ΑΝΩ ΚΑΙ/Ή ΚΑΤΩ ΑΚΡΑ· 20 cm² Ή ΛΙΓΟΤΕΡΟ;;;;;
524;X610401;ΜΟΣΧΕΥΜΑ ΟΛΙΚΟΥ ΠΑΧΟΥΣ, ΕΛΕΥΘΕΡΟ, ΣΥΜΠΕΡΙΛΑΜΒΑΝΟΜΕΝΗΣ ΑΜΕΣΗΣ ΣΥΓΚΛΕΙΣΗΣ ΤΗΣ ΠΕΡΙΟΧΗΣ-ΔΟΤΗ, ΔΕΡΜΑ ΚΡΑΝΙΟΥ, ΑΝΩ ΚΑΙ/Ή ΚΑΤΩ ΑΚΡΑ· ΚΑΘΕ ΕΠΙΠΛΕΟΝ 20 cm² Ή ΜΕΡΟΣ ΑΥΤΩΝ (ΝΑ ΚΑΤΑΓΡΑΦΕΤΑΙ ΞΕΧΩΡΙΣΤΑ ΕΠΙΠΛΕΟΝ ΤΟΥ ΚΩΔΙΚΟΥ ΤΗΣ ΑΡΧΙΚΗΣ ΔΙΑΔΙΚΑΣΙΑΣ);;;;;
525;X610439;ΜΟΣΧΕΥΜΑ ΟΛΙΚΟΥ ΠΑΧΟΥΣ, ΕΛΕΥΘΕΡΟ, ΣΥΜΠΕΡΙΛΑΜΒΑΝΟΜΕΝΗΣ ΑΜΕΣΗΣ ΣΥΓΚΛΕΙΣΗΣ ΤΗΣ ΠΕΡΙΟΧΗΣ-ΔΟΤΗ, ΜΕΤΩΠΟ, ΠΑΡΕΙΕΣ, ΠΩΓΩΝ, ΣΤΟΜΑ, ΑΥΧΕΝΑΣ, ΜΑΣΧΑΛΕΣ, ΓΕΝΝΗΤΙΚΑ ΟΡΓΑΝΑ, ΑΚΡΑ ΧΕΙΡ ΚΑΙ/Ή  ΑΚΡΟΣ ΠΟΥΣ· 20 cm² Ή ΛΙΓΟΤΕΡΟ;;;;;
526;X610441;ΜΟΣΧΕΥΜΑ ΟΛΙΚΟΥ ΠΑΧΟΥΣ, ΕΛΕΥΘΕΡΟ, ΣΥΜΠΕΡΙΛΑΜΒΑΝΟΜΕΝΗΣ ΑΜΕΣΗΣ ΣΥΓΚΛΕΙΣΗΣ ΤΗΣ ΠΕΡΙΟΧΗΣ-ΔΟΤΗ, ΜΕΤΩΠΟ, ΠΑΡΕΙΕΣ, ΠΩΓΩΝ, ΣΤΟΜΑ, ΑΥΧΕΝΑΣ, ΜΑΣΧΑΛΕΣ, ΓΕΝΝΗΤΙΚΑ ΟΡΓΑΝΑ, ΑΚΡΑ ΧΕΙΡ ΚΑΙ/Ή  ΑΚΡΟΣ ΠΟΥΣ· ΚΑΘΕ ΕΠΙΠΛΕΟΝ 20 cm², Ή ΜΕΡΟΣ ΑΥΤΩΝ (ΝΑ ΚΑΤΑΓΡΑΦΕΤΑΙ ΞΕΧΩΡΙΣΤΑ, ΕΠΙΠΛΕΟΝ ΤΟΥ ΚΩΔΙΚΟΥ ΤΗΣ ΑΡΧΙΚΗΣ ΔΙΑΔΙΚΑΣΙΑΣ);;;;;
527;X610479;ΜΟΣΧΕΥΜΑ ΟΛΙΚΟΥ ΠΑΧΟΥΣ, ΕΛΕΥΘΕΡΟ, ΣΥΜΠΕΡΙΛΑΜΒΑΝΟΜΕΝΗΣ ΑΜΕΣΗΣ ΣΥΓΚΛΕΙΣΗΣ ΤΗΣ ΠΕΡΙΟΧΗΣ-ΔΟΤΗ, ΡΙΣ, ΩΤΑ, ΒΛΕΦΑΡΑ, ΚΑΙ/Ή ΧΕΙΛΗ· 20 cm² Ή ΛΙΓΟΤΕΡΟ;;;;;
528;X610481;ΜΟΣΧΕΥΜΑ ΟΛΙΚΟΥ ΠΑΧΟΥΣ, ΕΛΕΥΘΕΡΟ, ΣΥΜΠΕΡΙΛΑΜΒΑΝΟΜΕΝΗΣ ΑΜΕΣΗΣ ΣΥΓΚΛΕΙΣΗΣ ΤΗΣ ΠΕΡΙΟΧΗΣ-ΔΟΤΗ, ΡΙΣ, ΩΤΑ, ΒΛΕΦΑΡΑ, ΚΑΙ/Ή ΧΕΙΛΗ· ΚΑΘΕ ΕΠΙΠΛΕΟΝ 20 cm² Ή ΜΕΡΟΣ ΑΥΤΩΝ (ΝΑ ΚΑΤΑΓΡΑΦΕΤΑΙ ΞΕΧΩΡΙΣΤΑ ΕΠΙΠΛΕΟΝ ΤΟΥ ΚΩΔΙΚΟΥ ΤΗΣ ΑΡΧΙΚΗΣ ΔΙΑΔΙΚΑΣΙΑΣ);;;;;
529;X610559;ΑΛΛΟΜΟΣΧΕΥΜΑ ΔΕΡΜΑΤΟΣ ΓΙΑ ΠΡΟΣΩΡΙΝΗ ΣΥΓΚΛΕΙΣΗ ΤΡΑΥΜΑΤΟΣ, ΚΟΡΜΟΣ, ΑΝΩ ΚΑΙ ΚΑΤΩ ΑΚΡΑ· ΤΑ ΠΡΩΤΑ 100 100 cm² Ή ΛΙΓΟΤΕΡΟ, Ή ΤΟ 1% ΤΗΣ ΣΩΜΑΤΙΚΗΣ ΕΠΙΦΑΝΕΙΑΣ ΒΡΕΦΩΝ ΚΑΙ ΠΑΙΔΙΩΝ;;;;;
530;X610561;ΑΛΛΟΜΟΣΧΕΥΜΑ ΔΕΡΜΑΤΟΣ ΓΙΑ ΠΡΟΣΩΡΙΝΗ ΣΥΓΚΛΕΙΣΗ ΤΡΑΥΜΑΤΟΣ, ΚΟΡΜΟΣ, ΑΝΩ ΚΑΙ ΚΑΤΩ ΑΚΡΑ· ΚΑΘΕ ΕΠΙΠΛΕΟΝ 100 cm², Ή ΚΑΘΕ ΕΠΙΠΛΕΟΝ 1% ΤΗΣ ΣΩΜΑΤΙΚΗΣ ΕΠΙΦΑΝΕΙΑΣ ΒΡΕΦΩΝ ΚΑΙ  ΠΑΙΔΙΩΝ Ή ΜΕΡΟΣ ΑΥΤΗΣ (ΝΑ ΚΑΤΑΓΡΑΦΕΤΑΙ ΞΕΧΩΡΙΣΤΑ ΕΠΙΠΛΕΟΝ ΤΟΥ ΚΩΔΙΚΟΥ  ΤΗΣ ΑΡΧΙΚΗΣ ΔΙΑΔΙΚΑΣΙΑΣ);;;;;
531;X610599;ΑΛΛΟΜΟΣΧΕΥΜΑ ΔΕΡΜΑΤΟΣ ΓΙΑ ΠΡΟΣΩΡΙΝΗ ΣΥΓΚΛΕΙΣΗ ΤΡΑΥΜΑΤΟΣ, ΠΡΟΣΩΠΟ, ΔΕΡΜΑ ΚΡΑΝΙΟΥ, ΒΛΕΦΑΡΑ, ΣΤΟΜΑ, ΑΥΧΕΝΑΣ, ΩΤΑ, ΟΦΘΑΛΜΙΚΟΙ ΚΟΓΧΟΙ, ΓΕΝΝΗΤΙΚΑ ΟΡΓΑΝΑ, ΑΚΡΑ ΧΕΙΡ, ΑΚΡΟΣ ΠΟΥΣ, ΚΑΙ/Ή ΠΟΛΛΑΠΛΟΙ ΔΑΚΤΥΛΟΙ· ΤΑ ΠΡΩΤΑ 100 cm² Ή ΛΙΓΟΤΕΡΟ, Ή ΤΟ 1% ΤΗΣ ΣΩΜΑΤΙΚΗΣ ΕΠΙΦΑΝΕΙΑΣ ΒΡΕΦΩΝ ΚΑΙ ΠΑΙΔΙΩΝ;;;;;
532;X610601;ΑΛΛΟΜΟΣΧΕΥΜΑ ΔΕΡΜΑΤΟΣ ΓΙΑ ΠΡΟΣΩΡΙΝΗ ΣΥΓΚΛΕΙΣΗ ΤΡΑΥΜΑΤΟΣ, ΠΡΟΣΩΠΟ, ΔΕΡΜΑ ΚΡΑΝΙΟΥ, ΒΛΕΦΑΡΑ, ΣΤΟΜΑ, ΑΥΧΕΝΑΣ, ΩΤΑ, ΟΦΘΑΛΜΙΚΟΙ ΚΟΓΧΟΙ, ΓΕΝΝΗΤΙΚΑ ΟΡΓΑΝΑ, ΑΚΡΑ ΧΕΙΡ, ΑΚΡΟΣ ΠΟΥΣ, ΚΑΙ/Ή ΠΟΛΛΑΠΛΟΙ ΔΑΚΤΥΛΟΙ· ΚΑΘΕ ΕΠΙΠΛΕΟΝ 100 cm², Ή ΚΑΘΕ ΕΠΙΠΛΕΟΝ 1% ΤΗΣ ΣΩΜΑΤΙΚΗΣ ΕΠΙΦΑΝΕΙΑΣ  ΒΡΕΦΩΝ ΚΑΙ ΠΑΙΔΙΩΝ, Ή ΜΕΡΟΣ ΑΥΤΗΣ (ΚΑΤΑΓΡΑΦΕΤΑΙ ΧΩΡΙΣΤΑ ΩΣ ΠΡΟΣΘΗΚΗ ΣΤΟΝ  ΚΩΔΙΚΟ ΤΗΣ ΠΡΩΤΟΓΕΝΟΥΣ ΔΙΑΔΙΚΑΣΙΑΣ);;;;;
533;X610619;ΑΚΥΤΤΑΡΙΚΟ ΔΕΡΜΑΤΙΚΟ ΑΛΛΟΜΟΣΧΕΥΜΑ, ΚΟΡΜΟΣ, ΑΝΩ, ΚΑΤΩ ΑΚΡΑ, ΠΡΩΤΑ 100 cm² Ή ΛΙΓΟΤΕΡΟ,  Ή 1% ΤΗΣ ΣΩΜΑΤΙΚΗΣ ΕΠΙΦΑΝΕΙΑΣ ΒΡΕΦΩΝ ΚΑΙ ΠΑΙΔΙΩΝ;;;;;
534;X610621;ΑΚΥΤΤΑΡΙΚΟ ΔΕΡΜΑΤΙΚΟ ΑΛΛΟΜΟΣΧΕΥΜΑ, ΚΟΡΜΟΣ, ΑΝΩ, ΚΑΤΩ ΑΚΡΑ, ΚΑΘΕ ΕΠΙΠΛΕΟΝ 100 cm²  Ή ΚΑΘΕ ΕΠΙΠΛΕΟΝ 1% ΤΗΣ ΣΩΜΑΤΙΚΗΣ ΕΠΙΦΑΝΕΙΑΣ ΒΡΕΦΩΝ ΚΑΙ ΠΑΙΔΙΩΝ, Ή ΜΕΡΟΣ  ΑΥΤΗΣ (ΚΑΤΑΓΡΑΦΕΤΑΙ ΧΩΡΙΣΤΑ ΩΣ ΠΡΟΣΘΗΚΗ ΣΤΟΝ ΚΩΔΙΚΟ ΤΗΣ ΠΡΩΤΟΓΕΝΟΥΣ ΔΙΑΔΙΚΑΣΙΑΣ);;;;;
535;X610629;ΑΚΥΤΤΑΡΙΚΟ ΔΕΡΜΑΤΙΚΟ ΑΛΛΟΜΟΣΧΕΥΜΑ, ΠΡΟΣΩΠΟ, ΔΕΡΜΑ ΚΡΑΝΙΟΥ, ΒΛΕΦΑΡΑ, ΣΤΟΜΑ, ΑΥΧΕΝΑΣ, ΩΤΑ,  ΟΦΘΑΛΜΙΚΟΙ ΚΟΓΧΟΙ, ΟΡΓΑΝΑ ΑΝΑΠΑΡΑΓΩΓΗΣ, ΑΚΡΑ ΧΕΙΡ, ΑΚΡΟΣ ΠΟΥΣ, ΚΑΙ/Ή ΠΟΛΛΑΠΛΟΙ ΔΑΚΤΥΛΟΙ, ΠΡΩΤΑ 100 cm²  Ή ΛΙΓΟΤΕΡΟ, Ή 1% ΤΗΣ ΣΩΜΑΤΙΚΗΣ ΕΠΙΦΑΝΕΙΑΣ ΒΡΕΦΩΝ ΚΑΙ ΠΑΙΔΙΩΝ;;;;;
536;X610631;ΑΚΥΤΤΑΡΙΚΟ ΔΕΡΜΑΤΙΚΟ ΑΛΛΟΜΟΣΧΕΥΜΑ, ΠΡΟΣΩΠΟ, ΔΕΡΜΑ ΚΡΑΝΙΟΥ, ΒΛΕΦΑΡΑ, ΣΤΟΜΑ, ΑΥΧΕΝΑΣ, ΩΤΑ,  ΟΦΘΑΛΜΙΚΟΙ ΚΟΓΧΟΙ, ΟΡΓΑΝΑ ΑΝΑΠΑΡΑΓΩΓΗΣ, ΑΚΡΑ ΧΕΙΡ, ΑΚΡΟΣ ΠΟΥΣ, ΚΑΙ/Ή ΠΟΛΛΑΠΛΟΙ ΔΑΚΤΥΛΟΙ, ΚΑΘΕ ΕΠΙΠΛΕΟΝ  100 cm² Ή ΚΑΘΕ ΕΠΙΠΛΕΟΝ 1% ΤΗΣ ΣΩΜΑΤΙΚΗΣ ΕΠΙΦΑΝΕΙΑΣ ΒΡΕΦΩΝ ΚΑΙ ΠΑΙΔΙΩΝ, Ή ΜΕΡΟΣ ΑΥΤΗΣ (ΚΑΤΑΓΡΑΦΕΤΑΙ ΧΩΡΙΣΤΑ ΩΣ ΠΡΟΣΘΗΚΗ ΣΤΟΝ ΚΩΔΙΚΟ ΤΗΣ ΠΡΩΤΟΓΕΝΟΥΣ ΔΙΑΔΙΚΑΣΙΑΣ);;;;;
537;X610639;ΑΛΛΟΓΕΝΕΣ ΔΕΡΜΑΤΙΚΟ ΜΟΣΧΕΥΜΑ ΙΣΤΙΚΗΣ ΚΑΛΛΙΕΡΓΕΙΑΣ, ΑΡΧΙΚΑ 25 cm² Ή ΛΙΓΟΤΕΡΑ;;;;;
538;X610641;ΑΛΛΟΓΕΝΕΣ ΔΕΡΜΑΤΙΚΟ ΜΟΣΧΕΥΜΑ ΙΣΤΙΚΗΣ ΚΑΛΛΙΕΡΓΕΙΑΣ, ΚΑΘΕ ΕΠΙΠΛΕΟΝ 25 cm², Ή ΜΕΡΟΣ ΑΥΤΟΥ (ΚΑΤΑΓΡΑΦΕΤΑΙ ΧΩΡΙΣΤΑ ΩΣ ΠΡΟΣΘΗΚΗ ΣΤΟΝ ΚΩΔΙΚΟ ΤΗΣ ΠΡΩΤΟΓΕΝΟΥΣ ΔΙΑΔΙΚΑΣΙΑΣ);;;;;
539;X610679;ΑΛΛΟΓΕΝΕΣ ΔΕΡΜΑΤΙΚΟ ΜΟΣΧΕΥΜΑ ΙΣΤΙΚΗΣ ΚΑΛΛΙΕΡΓΕΙΑΣ, ΚΟΡΜΟΣ, ΑΝΩ, ΚΑΤΩ ΑΚΡΑ, ΠΡΩΤΑ  100 cm² Ή ΛΙΓΟΤΕΡΟ, Ή 1% ΤΗΣ ΣΩΜΑΤΙΚΗΣ ΕΠΙΦΑΝΕΙΑΣ ΒΡΕΦΩΝ ΚΑΙ ΠΑΙΔΙΩΝ;;;;;
540;X610681;ΑΛΛΟΓΕΝΕΣ ΔΕΡΜΑΤΙΚΟ ΜΟΣΧΕΥΜΑ ΙΣΤΙΚΗΣ ΚΑΛΛΙΕΡΓΕΙΑΣ, ΚΟΡΜΟΣ, ΑΝΩ, ΚΑΤΩ ΑΚΡΑ, ΚΑΘΕ ΕΠΙΠΛΕΟΝ 100 cm², Ή ΚΑΘΕ ΕΠΙΠΛΕΟΝ 1% ΤΗΣ ΣΩΜΑΤΙΚΗΣ ΕΠΙΦΑΝΕΙΑΣ ΒΡΕΦΩΝ ΚΑΙ ΠΑΙΔΙΩΝ, Ή ΜΕΡΟΣ ΑΥΤΟΥ (ΚΑΤΑΓΡΑΦΕΤΑΙ ΧΩΡΙΣΤΑ ΩΣ ΠΡΟΣΘΗΚΗ ΣΤΟΝ ΚΩΔΙΚΟ ΤΗΣ ΠΡΩΤΟΓΕΝΟΥΣ ΔΙΑΔΙΚΑΣΙΑΣ);;;;;
541;X610689;ΑΛΛΟΓΕΝΕΣ ΔΕΡΜΑΤΙΚΟ ΜΟΣΧΕΥΜΑ ΙΣΤΙΚΗΣ ΚΑΛΛΙΕΡΓΕΙΑΣ, ΠΡΟΣΩΠΟ, ΔΕΡΜΑ ΚΡΑΝΙΟΥ, ΒΛΕΦΑΡΑ, ΣΤΟΜΑ, ΑΥΧΕΝΑΣ, ΩΤΑ, ΟΦΘΑΛΜΙΚΟΙ ΚΟΓΧΟΙ, ΟΡΓΑΝΑ ΑΝΑΠΑΡΑΓΩΓΗΣ, ΑΚΡΑ ΧΕΙΡ, ΑΚΡΟΣ ΠΟΥΣ, ΚΑΙ/Ή ΠΟΛΛΑΠΛΟΙ  ΔΑΚΤΥΛΟΙ, ΠΡΩΤΑ 100 cm² Ή ΛΙΓΟΤΕΡΟ, Ή 1% ΤΗΣ ΣΩΜΑΤΙΚΗΣ ΕΠΙΦΑΝΕΙΑΣ ΒΡΕΦΩΝ ΚΑΙ  ΠΑΙΔΙΩΝ;;;;;
542;X610691;ΑΛΛΟΓΕΝΕΣ ΔΕΡΜΑΤΙΚΟ ΜΟΣΧΕΥΜΑ ΙΣΤΙΚΗΣ ΚΑΛΛΙΕΡΓΕΙΑΣ, ΠΡΟΣΩΠΟ, ΔΕΡΜΑ ΚΡΑΝΙΟΥ, ΒΛΕΦΑΡΑ, ΣΤΟΜΑ, ΑΥΧΕΝΑΣ, ΩΤΑ, ΟΦΘΑΛΜΙΚΟΙ ΚΟΓΧΟΙ, ΟΡΓΑΝΑ ΑΝΑΠΑΡΑΓΩΓΗΣ, ΑΚΡΑ ΧΕΙΡ, ΑΚΡΟΣ ΠΟΥΣ, ΚΑΙ/Ή ΠΟΛΛΑΠΛΟΙ  ΔΑΚΤΥΛΟΙ, ΚΑΘΕ ΕΠΙΠΛΕΟΝ 100 cm², Ή ΚΑΘΕ ΕΠΙΠΛΕΟΝ 1% ΤΗΣ ΣΩΜΑΤΙΚΗΣ ΕΠΙΦΑΝΕΙΑΣ ΒΡΕΦΩΝ ΚΑΙ ΠΑΙΔΙΩΝ, Ή ΜΕΡΟΣ ΑΥΤΟΥ (ΚΑΤΑΓΡΑΦΕΤΑΙ ΧΩΡΙΣΤΑ ΩΣ ΠΡΟΣΘΗΚΗ  ΣΤΟΝ ΚΩΔΙΚΟ ΤΗΣ ΠΡΩΤΟΓΕΝΟΥΣ ΔΙΑΔΙΚΑΣΙΑΣ);;;;;
543;X610759;ΞΕΝΟΜΟΣΧΕΥΜΑ, (ΔΕΡΜΑΤΙΚΟ), ΓΙΑ ΠΡΟΣΩΡΙΝΗ ΣΥΓΚΛΕΙΣΗ ΤΡΑΥΜΑΤΟΣ, ΚΟΡΜΟΣ, ΑΝΩ ΑΚΡΟ,  ΚΑΤΩ ΑΚΡΟ, ΠΡΩΤΑ 100 cm² Ή ΛΙΓΟΤΕΡΟ, Ή 1% ΤΗΣ ΣΩΜΑΤΙΚΗΣ ΕΠΙΦΑΝΕΙΑΣ ΒΡΕΦΩΝ ΚΑΙ ΠΑΙΔΙΩΝ;;;;;
544;X610761;ΞΕΝΟΜΟΣΧΕΥΜΑ, (ΔΕΡΜΑΤΙΚΟ), ΓΙΑ ΠΡΟΣΩΡΙΝΗ ΣΥΓΚΛΕΙΣΗ ΤΡΑΥΜΑΤΟΣ, ΚΟΡΜΟΣ, ΑΝΩ ΑΚΡΟ,  ΚΑΤΩ ΑΚΡΟ, ΚΑΘΕ ΕΠΙΠΛΕΟΝ 100 cm², Ή ΚΑΘΕ ΕΠΙΠΛΕΟΝ 1% ΤΗΣ ΣΩΜΑΤΙΚΗΣ ΕΠΙΦΑΝΕΙΑΣ ΒΡΕΦΩΝ ΚΑΙ ΠΑΙΔΙΩΝ, Ή ΜΕΡΟΣ ΑΥΤΟΥ (ΚΑΤΑΓΡΑΦΕΤΑΙ ΧΩΡΙΣΤΑ ΩΣ ΠΡΟΣΘΗΚΗ ΣΤΟΝ  ΚΩΔΙΚΟ ΤΗΣ ΠΡΩΤΟΓΕΝΟΥΣ ΔΙΑΔΙΚΑΣΙΑΣ);;;;;
545;X610799;ΞΕΝΟΜΟΣΧΕΥΜΑ, (ΔΕΡΜΑΤΙΚΟ), ΓΙΑ ΠΡΟΣΩΡΙΝΗ ΣΥΓΚΛΕΙΣΗ ΠΛΗΓΗΣ,  ΠΡΟΣΩΠΟ, ΔΕΡΜΑ ΚΡΑΝΙΟΥ ΒΛΕΦΑΡΑ, ΑΥΧΕΝΑΣ, ΩΤΑ, ΟΦΘΑΛΜΙΚΟΙ ΚΟΓΧΟΙ, ΟΡΓΑΝΑ ΑΝΑΠΑΡΑΓΩΓΗΣ, ΑΚΡΑ ΧΕΙΡ, ΑΚΡΟΣ ΠΟΥΣ, ΚΑΙ/Ή  ΠΟΛΛΑΠΛΟΙ ΔΑΚΤΥΛΟΙ, ΠΡΩΤΑ 100 cm² Ή ΛΙΓΟΤΕΡΟ, Ή 1% ΤΗΣ ΣΩΜΑΤΙΚΗΣ ΕΠΙΦΑΝΕΙΑΣ ΒΡΕΦΩΝ  ΚΑΙ ΠΑΙΔΙΩΝ;;;;;
546;X610801;ΞΕΝΟΜΟΣΧΕΥΜΑ, (ΔΕΡΜΑΤΙΚΟ), ΓΙΑ ΠΡΟΣΩΡΙΝΗ ΣΥΓΚΛΕΙΣΗ ΠΛΗΓΗΣ, ΠΡΟΣΩΠΟ, ΔΕΡΜΑ ΚΡΑΝΙΟΥ ΒΛΕΦΑΡΑ, ΑΥΧΕΝΑΣ, ΩΤΑ, ΟΦΘΑΛΜΙΚΟΙ ΚΟΓΧΟΙ, ΟΡΓΑΝΑ ΑΝΑΠΑΡΑΓΩΓΗΣ, ΑΚΡΑ ΧΕΙΡ, ΑΚΡΟΣ ΠΟΥΣ, ΚΑΙ/Ή ΠΟΛΛΑΠΛΟΙ ΔΑΚΤΥΛΟΙ, ΚΑΘΕ ΕΠΙΠΛΕΟΝ 100 cm², Ή ΚΑΘΕ ΕΠΙΠΛΕΟΝ 1% ΤΗΣ  ΣΩΜΑΤΙΚΗΣ ΕΠΙΦΑΝΕΙΑΣ ΒΡΕΦΩΝ ΚΑΙ ΠΑΙΔΙΩΝ, Ή ΜΕΡΟΥΣ ΑΥΤΗΣ (ΚΑΤΑΓΡΑΦΕΤΑΙ ΧΩΡΙΣΤΑ ΩΣ ΠΡΟΣΘΗΚΗ ΣΤΟΝ ΚΩΔΙΚΟ ΤΗΣ ΠΡΩΤΟΓΕΝΟΥΣ ΔΙΑΔΙΚΑΣΙΑΣ);;;;;
547;X610819;ΕΜΦΥΤΕΥΣΗ ΑΚΥΤΤΑΡΙΚΟΥ ΞΕΝΟΜΟΣΧΕΥΜΑΤΟΣ, ΠΡΩΤΑ 100 cm² Ή ΛΙΓΟΤΕΡΟ, Ή 1% ΤΗΣ ΣΩΜΑΤΙΚΗΣ ΕΠΙΦΑΝΕΙΑΣ  ΒΡΕΦΩΝ ΚΑΙ ΠΑΙΔΙΩΝ;;;;;
548;X610821;ΕΜΦΥΤΕΥΣΗ ΑΚΥΤΤΑΡΙΚΟΥ ΞΕΝΟΜΟΣΧΕΥΜΑΤΟΣ, ΚΑΘΕ ΕΠΙΠΛΕΟΝ 100 cm², Ή ΚΑΘΕ  ΕΠΙΠΛΕΟΝ 1% ΤΗΣ ΣΩΜΑΤΙΚΗΣ ΕΠΙΦΑΝΕΙΑΣ ΒΡΕΦΩΝ ΚΑΙ ΠΑΙΔΙΩΝ, Ή ΜΕΡΟΣ ΑΥΤΟΥ (ΚΑΤΑΓΡΑΦΕΤΑΙ ΧΩΡΙΣΤΑ ΩΣ ΠΡΟΣΘΗΚΗ ΣΤΟΝ ΚΩΔΙΚΟ ΤΗΣ ΠΡΩΤΟΓΕΝΟΥΣ ΔΙΑΔΙΚΑΣΙΑΣ);;;;;
549;X611099;ΔΗΜΙΟΥΡΓΙΑ ΑΜΕΣΟΥ Ή ΚΥΛΙΝΔΡΙΚΟΥ ΜΙΣΧΩΤΟΥ ΜΟΣΧΕΥΜΑΤΟΣ ΜΕ Ή ΧΩΡΙΣ ΜΕΤΑΦΟΡΑ, ΚΟΡΜΟΣ;;;;;
550;X611103;ΔΗΜΙΟΥΡΓΙΑ ΑΜΕΣΟΥ Ή ΚΥΛΙΝΔΡΙΚΟΥ ΜΙΣΧΩΤΟΥ ΜΟΣΧΕΥΜΑΤΟΣ ΜΕ Ή ΧΩΡΙΣ ΜΕΤΑΦΟΡΑ, ΔΕΡΜΑ ΚΡΑΝΙΟΥ ΑΝΩ Ή ΚΑΤΩ ΑΚΡΑ;;;;;
551;X611107;ΔΗΜΙΟΥΡΓΙΑ ΑΜΕΣΟΥ Ή ΚΥΛΙΝΔΡΙΚΟΥ ΜΙΣΧΩΤΟΥ ΜΟΣΧΕΥΜΑΤΟΣ ΜΕ Ή ΧΩΡΙΣ ΜΕΤΑΦΟΡΑ ΜΕΤΩΠΟ, ΠΑΡΕΙΕΣ, ΠΩΓΩΝ, ΣΤΟΜΑ, ΑΥΧΕΝΑΣ, ΜΑΣΧΑΛΕΣ, ΟΡΓΑΝΑ ΑΝΑΠΑΡΑΓΩΓΗΣ, ΑΚΡΑ ΧΕΙΡ Ή ΑΚΡΟΣ ΠΟΥΣ;;;;;
552;X611111;ΔΗΜΙΟΥΡΓΙΑ ΑΜΕΣΟΥ Ή ΚΥΛΙΝΔΡΙΚΟΥ ΜΙΣΧΩΤΟΥ ΜΟΣΧΕΥΜΑΤΟΣ ΜΕ Ή ΧΩΡΙΣ ΜΕΤΑΦΟΡΑ, ΒΛΕΦΑΡΑ,  ΡΙΝΟΣ, ΩΤΑ, ΧΕΙΛΗ, Ή ΕΝΔΟΦΘΑΛΜΙΟΣ;;;;;
553;X611159;ΚΡΗΜΝΟΣ ΜΕ ΤΕΧΝΙΚΗ ΚΑΘΥΣΤΕΡΗΣΗΣ Ή ΔΙΑΧΩΡΙΣΜΟΥ (DELAY OR SECTIONING), ΚΟΡΜΟS;;;;;
554;X611179;ΚΡΗΜΝΟΣ ΜΕ ΤΕΧΝΙΚΗ ΚΑΘΥΣΤΕΡΗΣΗΣ Ή ΔΙΑΧΩΡΙΣΜΟΥ (DELAY OR SECTIONING), ΔΕΡΜΑ ΚΡΑΝΙΟΥ,  ΑΝΩ Ή ΚΑΤΩ ΑΚΡΑ;;;;;
555;X611199;ΚΡΗΜΝΟΣ ΜΕ ΤΕΧΝΙΚΗ ΚΑΘΥΣΤΕΡΗΣΗΣ Ή ΔΙΑΧΩΡΙΣΜΟΥ (DELAY OR SECTIONING), ΜΕΤΩΠΟ, ΠΑΡΕΙΕΣ, ΠΩΓΩΝ, ΑΥΧΕΝΑΣ, ΜΑΣΧΑΛΕΣ, ΟΡΓΑΝΑ ΑΝΑΠΑΡΑΓΩΓΗΣ, ΑΚΡΑ ΧΕΙΡ Ή ΑΚΡΟΣ ΠΟΥΣ;;;;;
556;X611219;ΚΡΗΜΝΟΣ ΜΕ ΤΕΧΝΙΚΗ ΚΑΘΥΣΤΕΡΗΣΗΣ Ή ΔΙΑΧΩΡΙΣΜΟΥ (DELAY OR SECTIONING), ΒΛΕΦΑΡΑ,  ΡΙΣ, ΩΤΑ, Ή ΧΕΙΛΗ;;;;;
557;X611259;ΜΕΤΑΦΟΡΑ, ΕΝΔΙΑΜΕΣΗ, ΟΠΟΙΟΥΔΗΠΟΤΕ ΜΙΣΧΩΤΟΥ ΚΡΗΜΝΟΥ (Π.Χ. ΑΠΟ ΤΗΝ ΚΟΙΛΙΑ ΣΤΟΝ ΚΑΡΠΟ)  ΚΑΘΕ ΘΕΣΗ;;;;;
558;X611421;ΜΕΤΩΠΙΑΙΟΣ ΚΡΗΜΝΟΣ ΜΕ ΔΙΑΤΗΡΗΣΗ ΤΟΥ ΑΓΓΕΙΑΚΟΥ ΜΙΣΧΟΥ (Π.Χ. ΑΞΟΝΙΚΟΥ ΤΥΠΟΥ  ΚΡΗΜΝΟΣ);;;;;
559;X611423;ΜΥΣ, ΜΥΟΔΕΡΜΑΤΙΚΟΣ, Ή ΠΕΡΙΤΟΝΙΟΔΕΡΜΑΤΙΚΟΣ ΚΡΗΜΝΟΣ, ΚΕΦΑΛΗ ΚΑΙ ΑΥΧΕΝΑΣ (Π.Χ.  ΚΡΟΤΑΦΙΚΟΣ, ΜΑΣΗΤΗΡΑΣ, ΣΤΕΡΝΟΚΛΕΙΔΟΜΑΣΤΟΕΙΔΗΣ, ΑΝΕΛΚΤΗΡΑΣ ΩΜΟΠΛΑΤΗΣ);;;;;
560;X611427;ΜΥΣ, ΜΥΟΔΕΡΜΑΤΙΚΟΣ, Ή ΠΕΡΙΤΟΝΙΟΔΕΡΜΑΤΙΚΟΣ ΚΡΗΜΝΟΣ, ΚΟΡΜΟΣ;;;;;
561;X611431;ΜΥΣ, ΜΥΟΔΕΡΜΑΤΙΚΟΣ, Ή ΠΕΡΙΤΟΝΙΟΔΕΡΜΑΤΙΚΟΣ ΚΡΗΜΝΟΣ, ΑΝΩ ΑΚΡΟ;;;;;
562;X611435;ΜΥΣ, ΜΥΟΔΕΡΜΑΤΙΚΟΣ, Ή ΠΕΡΙΤΟΝΙΟΔΕΡΜΑΤΙΚΟΣ ΚΡΗΜΝΟΣ, ΚΑΤΩ ΑΚΡΟ;;;;;
563;X611439;ΚΡΗΜΝΟΣ, ΝΗΣΙΔΙΑΚΟΣ, ΜΙΣΧΩΤΟΣ;;;;;
564;X611459;ΚΡΗΜΝΟΣ, ΝΕΥΡΟΑΓΓΕΙΑΚΟΣ ΜΙΣΧΟΣ;;;;;
565;X611471;ΕΛΕΥΘΕΡΟΣ ΜΥΙΚΟΣ Ή ΜΥΟΔΕΡΜΑΤΙΚΟΣ ΚΡΗΜΝΟΣ ΜΕ ΜΙΚΡΟΑΓΓΕΙΑΚΗ ΑΝΑΣΤΟΜΩΣΗ;;;;;
566;X611473;ΕΛΕΥΘΕΡΟΣ ΔΕΡΜΑΤΙΚΟΣ ΚΡΗΜΝΟΣ ΜΕ ΜΙΚΡΟΑΓΓΕΙΑΚΗ ΑΝΑΣΤΟΜΩΣΗ;;;;;
567;X611475;ΕΛΕΥΘΕΡΟΣ ΚΡΗΜΝΟΣ ΠΕΡΙΤΟΝΙΑΣ ΜΕ ΜΙΚΡΟΑΓΓΕΙΑΚΗ ΑΝΑΣΤΟΜΩΣΗ;;;;;
568;X611479;ΜΟΣΧΕΥΜΑ, ΣΥΝΘΕΤΟ (Π.Χ. ΟΛΙΚΟΥ ΠΑΧΟΥΣ ΤΟΥ ΕΞΩ ΩΤΟΣ Ή ΤΟΥ ΡΙΝΙΚΟΥ ΠΤΕΡΥΓΙΟΥ), ΠΕΡΙΛΑΜΒΑΝΕΙ ΠΡΩΤΟΓΕNΗ ΣΥΓΚΛΕΙΣΗ, ΕΠΙΦΑΝΕΙΑ-ΔΟΤΗΣ;;;;;
569;X611499;ΜΟΣΧΕΥΜΑ, ΔΕΡΜΟ-ΛΙΠΟ-ΠΕΡΙΤΟΝΙΑ;;;;;
570;X611509;ΜΟΣΧΕΥΜΑ ΜΕ PUNCH ΓΙΑ ΜΕΤΑΜΟΣΧΕΥΣΗ ΜΑΛΛΙΩΝ, 1 ΕΩΣ 15 ΜΟΣΧΕΥΜΑΤΑ;;;;;
571;X611511;ΜΟΣΧΕΥΜΑ ΜΕ PUNCH ΓΙΑ ΜΕΤΑΜΟΣΧΕΥΣΗ ΜΑΛΛΙΩΝ, ΠΕΡΙΣΣΟΤΕΡΑ ΑΠΟ 15 ΜΟΣΧΕΥΜΑΤΑ;;;;;
572;X611519;ΑΠΟΛΕΠΙΣΗ ΔΕΡΜΑΤΟΣ, ΣΥΝΟΛΟ ΠΡΟΣΩΠΟΥ, (Π.Χ. ΓΙΑ ΟΥΛΕΣ ΑΚΜΗΣ, ΛΕΠΤΕΣ ΡΥΤΙΔΕΣ,  ΡΥΤΙΔΕΣ, ΓΕΝΙΚΗ ΚΕΡΑΤΩΣΗ);;;;;
573;X611521;ΔΕΡΜΟΑΠΟΞΕΣΗ ΔΕΡΜΑΤΟΣ ΠΡΟΣΩΠΟΥ (ΕΠΙΔΕΡΜΙΔΙΚΗ);;;;;
574;X611523;ΔΕΡΜΟΑΠΟΞΕΣΗ ΔΕΡΜΑΤΟΣ ΕΚΤΟΣ ΠΡΟΣΩΠΟΥ (ΕΠΙΔΕΡΜΙΔΙΚΗ);;;;;
575;X611525;ΔΕΡΜΟΑΠΟΞΕΣΗ ΔΕΡΜΑΤΟΣ, ΟΠΟΙΑΔΗΠΟΤΕ ΤΟΠΟΘΕΣΙΑ (ΜΕΣΟΥ ΔΕΡΜΑΤΟΣ);;;;;
576;X611531;ΔΕΡΜΟΑΠΟΞΕΣΗ - ΜΙΑ ΒΛΑΒΗ  ;;;;;
577;X611533;ΔΕΡΜΟΑΠΟΞΕΣΗ ΚΆΘΕ ΕΠΙΠΛΕΟΝ ΒΛΑΒΗ ΜΕΧΡΙ ΤΕΣΣΕΡΕΙΣ;;;;;
578;X611535;ΧΗΜΕΙΟΑΠΟΦΟΛΙΔΩΣΗ (PEELING) ΕΠΙΔΕΡΜΙΔΟΣ ΠΡΟΣΩΠΟΥ   - ΕΠΙΦΑΝΕΙΑΚΟ ;;;;;
579;X611537;ΧΗΜΕΙΟΑΠΟΦΟΛΙΔΩΣΗ (PEELING) ΔΕΡΜΑΤΟΣ ΠΡΟΣΩΠΟΥ - ΕΝ ΤΩ ΒΑΘΕΙ;;;;;
580;X611543;ΧΗΜΕΙΟΑΠΟΦΟΛΙΔΩΣΗ (PEELING) ΕΠΙΔΕΡΜΙΔΟΣ ΕΚΤΟΣ ΠΡΟΣΩΠΟΥ   - ΕΠΙΦΑΝΕΙΑΚΟ ;;;;;
581;X611545;ΧΗΜΕΙΟΑΠΟΦΟΛΙΔΩΣΗ (PEELING)ΔΕΡΜΑΤΟΣ ΕΚΤΟΣ ΠΡΟΣΩΠΟΥ   - ΕΝ ΤΩ ΒΑΘΕΙ;;;;;
582;X611597;ΠΛΑΣΤΙΚΗ ΤΡΑΧΗΛΙΚΗΣ ΧΩΡΑΣ;;;;;
583;X611599;ΒΛΕΦΑΡΟΠΛΑΣΤΙΚΗ, ΚΑΤΩ ΒΛΕΦΑΡΟ,;;;;;
584;X611601;ΒΛΕΦΑΡΟΠΛΑΣΤΙΚΗ, ΚΑΤΩ ΒΛΕΦΑΡΟ, ΜΕ ΕΚΤΕΤΑΜΕΝΑ ΛΙΠΩΔΗ ΕΠΙΘΕΜΑΤΑ;;;;;
585;X611603;ΒΛΕΦΑΡΟΠΛΑΣΤΙΚΗ, ΑΝΩ ΒΛΕΦΑΡΟ,;;;;;
586;X611605;ΒΛΕΦΑΡΟΠΛΑΣΤΙΚΗ, ΑΝΩ ΒΛΕΦΑΡΟ, ΜΕ ΕΝΤΟΝΗ ΒΛΕΦΑΡΟΠΤΩΣΗ;;;;;
587;X611607;ΡΥΤΙΔΕΚΤΟΜΗ, ΜΕΤΩΠΟ;;;;;
588;X611609;ΡΥΤΙΔΕΚΤΟΜΗ, ΑΥΧΕΝΑΣ ΜΕ ΣΥΣΦΙΞΗ ΣΤΟ ΜΥΩΔΕΣ ΠΛΑΤΥΣΜΑ, (ΚΡΗΜΝΟΣ ΠΛΑΤΥΣΜΑΤΟΣ, P-FLAP);;;;;
589;X611611;ΡΥΤΙΔΕΚΤΟΜΗ, ΜΕΣΟΦΡΥΟΙ ΓΡΑΜΜΕΣ ΕΚΦΡΑΣΗΣ;;;;;
590;X611615;ΡΥΤΙΔΕΚΤΟΜΗ, ΠΑΡΕΙΕΣ, ΠΩΓΩΝ, ΚΑΙ ΑΥΧΕΝΑΣ;;;;;
591;X611617;ΡΥΤΙΔΕΚΤΟΜΗ, ΚΡΗΜΝΟΣ ΕΠΙΠΟΛΗΣ ΜΥΟΑΠΟΝΕΥΡΩΤΙΚΟΥ ΣΥΣΤΗΜΑΤΟΣ (SMAS);;;;;
592;X611619;ΕΚΤΟΜΗ, ΠΕΡΙΤΤΟ ΔΕΡΜΑ ΚΑΙ ΥΠΟΔΟΡΙΟΣ ΙΣΤΟΣ (ΠΕΡΙΛΑΜΒΑΝΕΙ ΛΙΠΕΚΤΟΜΗ), ΚΟΙΛΙΑ, ΥΠΟΜΦΑΛΙΚΗ ΕΚΤΟΜΗ ΔΕΡΜΑΤΟΣ ΚΑΙ ΛΙΠΟΥΣ;;;;;
593;X611623;ΕΚΤΟΜΗ, ΠΕΡΙΤΤΟ ΔΕΡΜΑ ΚΑΙ ΥΠΟΔΟΡΙΟΣ ΙΣΤΟΣ (ΠΕΡΙΛΑΜΒΑΝΕΙ ΛΙΠΕΚΤΟΜΗ), ΜΗΡΟΣ;;;;;
594;X611625;ΕΚΤΟΜΗ, ΠΕΡΙΤΤΟ ΔΕΡΜΑ ΚΑΙ ΥΠΟΔΟΡΙΟΣ ΙΣΤΟΣ (ΠΕΡΙΛΑΜΒΑΝΕΙ ΛΙΠΕΚΤΟΜΗ), ΚΑΤΩ ΑΚΡΟ;;;;;
595;X611627;ΕΚΤΟΜΗ, ΠΕΡΙΤΤΟ ΔΕΡΜΑ ΚΑΙ ΥΠΟΔΟΡΙΟΣ ΙΣΤΟΣ (ΠΕΡΙΛΑΜΒΑΝΕΙ ΛΙΠΕΚΤΟΜΗ), ΙΣΧΙΟ;;;;;
596;X611629;ΕΚΤΟΜΗ, ΠΕΡΙΤΤΟ ΔΕΡΜΑ ΚΑΙ ΥΠΟΔΟΡΙΟΣ ΙΣΤΟΣ (ΠΕΡΙΛΑΜΒΑΝΕΙ ΛΙΠΕΚΤΟΜΗ), ΓΛΟΥΤΟΣ;;;;;
597;X611631;ΕΚΤΟΜΗ, ΠΕΡΙΤΤΟ ΔΕΡΜΑ ΚΑΙ ΥΠΟΔΟΡΙΟΣ ΙΣΤΟΣ (ΠΕΡΙΛΑΜΒΑΝΕΙ ΛΙΠΕΚΤΟΜΗ), ΒΡΑΧΙΟΝΑΣ;;;;;
598;X611633;ΕΚΤΟΜΗ, ΠΕΡΙΤΤΟ ΔΕΡΜΑ ΚΑΙ ΥΠΟΔΟΡΙΟΣ ΙΣΤΟΣ (ΠΕΡΙΛΑΜΒΑΝΕΙ ΛΙΠΕΚΤΟΜΗ), ΑΝΤΙΒΡΑΧΙΟ Ή ΑΚΡΑ ΧΕΙΡ;;;;;
599;X611635;ΕΚΤΟΜΗ, ΠΕΡΙΤΤΟ ΔΕΡΜΑ ΚΑΙ ΥΠΟΔΟΡΙΟΣ ΙΣΤΟΣ (ΠΕΡΙΛΑΜΒΑΝΕΙ ΛΙΠΕΚΤΟΜΗ), ΥΠΟΓΕΝΕΙΔΙΟ ΛΙΠΟΣ;;;;;
600;X611637;ΕΚΤΟΜΗ, ΠΕΡΙΤΤΟ ΔΕΡΜΑ ΚΑΙ ΥΠΟΔΟΡΙΟΣ ΙΣΤΟΣ (ΠΕΡΙΛΑΜΒΑΝΕΙ ΛΙΠΕΚΤΟΜΗ), ΑΛΛΗ ΠΕΡΙΟΧΗ;;;;;
601;X611639;ΜΟΣΧΕΥΜΑ ΓΙΑ ΝΕΥΡΙΚΗ ΠΑΡΑΛΥΣΗ ΠΡΟΣΩΠΟΥ, ΕΛΕΥΘΕΡΟ ΜΟΣΧΕΥΜΑ ΠΕΡΙΤΟΝΙΑΣ (ΠΕΡΙΛΑΜΒΑΝΕΙ ΤΗ ΛΗΨΗ ΠΕΡΙΤΟΝΙΑΣ);;;;;
602;X611641;ΜΟΣΧΕΥΜΑ ΓΙΑ ΝΕΥΡΙΚΗ ΠΑΡΑΛΥΣΗ ΠΡΟΣΩΠΟΥ, ΕΛΕΥΘΕΡΟ ΜΥΙΚΟ ΜΟΣΧΕΥΜΑ (ΠΕΡΙΛΑΜΒΑΝΕΙ ΤΗ ΛΗΨΗ ΜΟΣΧΕΥΜΑΤΟΣ);;;;;
603;X611643;ΜΟΣΧΕΥΜΑ ΓΙΑ ΝΕΥΡΙΚΗ ΠΑΡΑΛΥΣΗ ΠΡΟΣΩΠΟΥ, ΕΛΕΥΘΕΡΟ ΜΥΙΚΟ ΜΟΣΧΕΥΜΑ ΜΕ ΜΙΚΡΟΧΕΙΡΟΥΡΓΙΚΗ ΤΕΧΝΙΚΗ;;;;;
604;X611649;ΜΟΣΧΕΥΜΑ ΓΙΑ ΝΕΥΡΙΚΗ ΠΑΡΑΛΥΣΗ ΠΡΟΣΩΠΟΥ, ΜΕΤΑΦΟΡΑ ΤΟΠΙΚΟΥ ΜΥΟΣ;;;;;
605;X611653;ΕΚΤΟΜΗ, ΠΕΡΙΤΤΟ ΔΕΡΜΑ ΚΑΙ ΥΠΟΔΟΡΙΟΣ ΙΣΤΟΣ (ΠΕΡΙΛΑΜΒΑΝΕΙ ΛΙΠΕΚΤΟΜΗ), ΚΟΙΛΙΑ (Π.Χ. ΚΟΙΛΙΟΠΛΑΣΤΙΚΗ) (ΠΕΡΙΛΑΜΒΑΝΕΙ ΟΜΦΑΛΙΚΗ ΜΕΤΑΘΕΣΗ ΚΑΙ ΠΤΥΧΩΣΗ ΠΕΡΙΤΟΝΙΑΣ) (ΚΑΤΑΓΡΑΦΕΤΑΙ ΧΩΡΙΣΤΑ ΩΣ ΠΡΟΣΘΗΚΗ ΣΤΟΝ ΚΩΔΙΚΟ ΤΗΣ ΠΡΩΤΟΓΕΝΟΥΣ ΔΙΑΔΙΚΑΣΙΑΣ);;;;;
606;X611659;ΑΦΑΙΡΕΣΗ ΡΑΜΜΑΤΩΝ ΙΔΙΟΣ ΙΑΤΡΟΣ;;;;;
607;X611661;ΑΦΑΙΡΕΣΗ ΡΑΜΜΑΤΩΝ ΑΛΛΟΣ ΙΑΤΡΟΣ;;;;;
608;X611663;ΑΛΛΑΓΗ ΕΠΙΔΕΣΜΩΝ (ΕΚΤΟΣ ΑΠΟ ΕΓΚΑΥΜΑΤΑ) ;;;;;
609;X611679;ΕΝΔΟΦΛΕΒΙΑ ΕΝΕΣΗ ΠΑΡΑΓΟΝΤΑ (Π.Χ. ΦΛΟΥΟΡΟΣΚΕΪΝΗ), ΓΙΑ ΔΟΚΙΜΑΣΙΑ ΑΓΓΕΙΑΚΗΣ ΡΟΗΣ ΣΕ ΚΡΗΜΝΟ Ή ΜΟΣΧΕΥΜΑ;;;;;
610;X611711;ΛΙΠΟΑΝΑΡΡΟΦΗΣΗ, ΚΕΦΑΛΗ ΚΑΙ ΑΥΧΕΝΑΣ;;;;;
611;X611713;ΛΙΠΟΑΝΑΡΡΟΦΗΣΗ, ΚΟΡΜΟΣ;;;;;
612;X611715;ΛΙΠΟΑΝΑΡΡΟΦΗΣΗ, ΑΝΩ ΑΚΡΟ;;;;;
613;X611717;ΛΙΠΟΑΝΑΡΡΟΦΗΣΗ, ΚΑΤΩ ΑΚΡΟ;;;;;
614;X611799;ΕΚΤΟΜΗ, ΚΟΚΚΥΓΙΚΟ ΕΛΚΟΣ ΚΑΤΑΚΛΙΣΕΩΣ, ΜΕ ΚΟΚΚΥΓΕΚΤΟΜΗ, ΜΕ ΠΡΩΤΟΓΕΝΗ ΣΥΡΡΑΦΗ;;;;;
615;X611803;ΕΚΤΟΜΗ, ΚΟΚΚΥΓΙΚΟ ΕΛΚΟΣ ΚΑΤΑΚΛΙΣΕΩΣ, ΜΕ ΚΟΚΚΥΓΕΚΤΟΜΗ, ΜΕ ΣΥΓΚΛΕΙΣΗ ΚΡΗΜΝΟΥ;;;;;
616;X611821;ΕΚΤΟΜΗ, ΚΑΤΑΚΛΙΣΗ ΑΠΟ ΠΙΕΣΗ ΣΤΟ ΙΕΡΟ ΣΤΟΥΝ, ΜΕ ΠΡΩΤΟΓΕΝΗ ΣΥΡΡΑΦΗ,;;;;;
617;X611825;ΕΚΤΟΜΗ, ΕΛΚΟΣ ΚΑΤΑΚΛΙΣΕΩΣ ΙΕΡΟΚΟΚΚΥΓΙΚΗ ΠΕΡΙΟΧΗ, ΜΕ ΟΣΤΕΟΤΟΜΙΑ;;;;;
618;X611827;ΕΚΤΟΜΗ, ΕΛΚΟΣ ΚΑΤΑΚΛΙΣΕΩΣ ΙΕΡΟΚΟΚΚΥΓΙΚΗ ΠΕΡΙΟΧΗ, ΜΕ ΣΥΓΚΛΕΙΣΗ ΔΕΡΜΑΤΙΚΟΥ ΚΡΗΜΝΟΥ,;;;;;
619;X611829;ΕΚΤΟΜΗ, ΕΛΚΟΣ ΚΑΤΑΚΛΙΣΕΩΣ ΙΕΡΟΚΟΚΚΥΓΙΚΗ ΠΕΡΙΟΧΗ, ΜΕ ΕΚΤΟΜΗ ΟΣΤΟΥ;;;;;
620;X611831;ΕΚΤΟΜΗ, ΕΛΚΟΣ ΚΑΤΑΚΛΙΣΕΩΣ ΙΕΡΟΚΟΚΚΥΓΙΚΗ ΠΕΡΙΟΧΗ, ΜΕ ΠΡΟΕΤΟΙΜΑΣΙΑ ΓΙΑ ΜΥΙΚΟ Ή ΜΥΟΔΕΡΜΑΤΙΚΟ ΚΡΗΜΝΟ Ή  ΣΥΓΚΛΕΙΣΗ ΜΕ ΔΕΡΜΑΤΙΚΟ ΜΟΣΧΕΥΜΑ;;;;;
621;X611833;ΕΚΤΟΜΗ, ΕΛΚΟΣ ΚΑΤΑΚΛΙΣΕΩΣ ΙΕΡΟΚΟΚΚΥΓΙΚΗ ΠΕΡΙΟΧΗ, ΜΕ ΠΡΟΕΤΟΙΜΑΣΙΑ ΓΙΑ ΜΥΙΚΟ Ή ΜΥΟΔΕΡΜΑΤΙΚΟ ΚΡΗΜΝΟ Ή ΣΥΓΚΛΕΙΣΗ ΜΕ ΔΕΡΜΑΤΙΚΟ ΜΟΣΧΕΥΜΑ, ΜΕ ΕΚΤΟΜΗ ΟΣΤΟΥ;;;;;
622;X611839;ΕΚΤΟΜΗ, ΕΛΚΟΣ ΚΑΤΑΚΛΙΣΕΩΣ ΣΤΟ ΙΣΧΙΟ, ΜΕ ΠΡΩΤΟΓΕΝΗ ΣΥΡΡΑΦΗ,;;;;;
623;X611841;ΕΚΤΟΜΗ, ΕΛΚΟΣ ΚΑΤΑΚΛΙΣΕΩΣ ΣΤΟ ΙΣΧΙΟ, ΜΕ ΕΚΤΟΜΗ ΟΣΤΟΥ;;;;;
624;X611847;ΕΚΤΟΜΗ, ΕΛΚΟΣ ΚΑΤΑΚΛΙΣΕΩΣ ΣΤΟ ΙΣΧΙΟ, ΣΥΓΚΛΕΙΣΗ ΜΕ ΔΕΡΜΑΤΙΚΟ ΚΡΗΜΝΟ,;;;;;
625;X611849;ΕΚΤΟΜΗ, ΕΛΚΟΣ ΚΑΤΑΚΛΙΣΕΩΣ ΣΤΟ ΙΣΧΙΟ, ΣΥΓΚΛΕΙΣΗ ΜΕ ΔΕΡΜΑΤΙΚΟ ΚΗΜΝΟ, ΜΕ ΕΚΤΟΜΗ ΟΣΤΟΥ;;;;;
626;X611851;ΕΚΤΟΜΗ, ΕΛΚΟΣ ΚΑΤΑΚΛΙΣΕΩΣ ΣΤΟ ΙΣΧΙΟ, ΜΕ ΕΚΤΟΜΗ ΟΣΤΟΥ, ΩΣ ΠΡΟΕΤΟΙΜΑΣΙΑ ΓΙΑ ΜΥΙΚΟ Ή ΜΥΟΔΕΡΜΑΤΙΚΟ ΚΡΗΜΝΟ Ή ΣΥΓΚΛΕΙΣΗ ΜΕ ΔΕΡΜΑΤΙΚΟ ΜΟΣΧΕΥΜΑ;;;;;
627;X611859;ΕΚΤΟΜΗ, ΕΛΚΟΣ ΚΑΤΑΚΛΙΣΕΩΣ ΣΤΟΝ ΤΡΟΧΑΝΤΗΡΑ, ΜΕ ΠΡΩΤΟΓΕΝΗ ΣΥΡΡΑΦΗ,;;;;;
628;X611861;ΕΚΤΟΜΗ, ΕΛΚΟΣ ΚΑΤΑΚΛΙΣΕΩΣ ΣΤΟΝ ΤΡΟΧΑΝΤΗΡΑ, ΜΕ ΠΡΩΤΟΓΕΝΗ ΣΥΡΡΑΦΗ, ΜΕ ΕΚΤΟΜΗ ΟΣΤΟΥ;;;;;
629;X611863;ΕΚΤΟΜΗ, ΕΛΚΟΣ ΚΑΤΑΚΛΙΣΕΩΣ ΣΤΟΝ ΤΡΟΧΑΝΤΗΡΑ, ΣΥΓΚΛΕΙΣΗ ΜΕ  ΔΕΡΜΑΤΙΚΟ ΚΡΗΜΝΟ,;;;;;
630;X611865;ΕΚΤΟΜΗ, ΚΑΤΑΚΛΙΣΗ ΑΠΟ ΠΙΕΣΗ ΣΤΟΝ ΤΡΟΧΑΝΤΗΡΑ, ΣΥΓΚΛΕΙΣΗ ΜΕ ΔΕΡΜΑΤΙΚΟ ΚΡΗΜΝΟ, ΜΕ ΕΚΤΟΜΗ ΟΣΤΟΥ;;;;;
631;X611871;ΕΚΤΟΜΗ, ΕΛΚΟΣ ΚΑΤΑΚΛΙΣΕΩΣ ΣΤΟΝ ΤΡΟΧΑΝΤΗΡΑ, ΩΣ ΠΡΟΕΤΟΙΜΑΣΙΑ ΓΙΑ ΜΥΙΚΟ Ή ΜΥΟΔΕΡΜΑΤΙΚΟ ΚΡΗΜΝΟ Ή ΣΥΓΚΛΕΙΣΗ ΜΕ ΔΕΡΜΑΤΙΚΟ ΜΟΣΧΕΥΜΑ;;;;;
632;X611875;ΕΚΤΟΜΗ, ΕΛΚΟΣ ΚΑΤΑΚΛΙΣΕΩΣ ΣΤΟΝ ΤΡΟΧΑΝΤΗΡΑ, ΩΣ ΠΡΟΕΤΟΙΜΑΣΙΑ ΓΙΑ ΜΥΙΚΟ Ή ΜΥΟΔΕΡΜΑΤΙΚΟ ΚΡΗΜΝΟ Ή ΣΥΓΚΛΕΙΣΗ ΜΕ ΔΕΡΜΑΤΙΚΟ ΜΟΣΧΕΥΜΑ, ΜΕ ΕΚΤΟΜΗ ΟΣΤΟΥ;;;;;
633;X611957;ΜΗ ΚΑΤΑΓΕΓΡΑΜΜΕΝΗ ΔΙΑΔΙΚΑΣΙΑ, ΕΚΤΟΜΗ ΕΛΚΟΥΣ ΚΑΤΑΚΛΙΣΕΩΣ;;;;;
634;X611959;ΑΡΧΙΚΗ ΘΕΡΑΠΕΙΑ, ΠΡΩΤΟΥ ΒΑΘΜΟΥ ΕΓΚΑΥΜΑ, ΟΤΑΝ ΑΠΑΙΤΕΙΤΑΙ ΜΟΝΟ ΤΟΠΙΚΗ  ΘΕΡΑΠΕΙΑ;;;;;
635;X611999;ΕΠΙΔΕΣΜΟΙ ΚΑΙ/Ή ΚΑΘΑΡΙΣΜΟΙ ΕΓΚΑΥΜΑΤΩΝ ΜΕΡΙΚΟΥ ΠΑΧΟΥΣ, ΑΡΧΙΚΟΙ Ή ΜΕΤΑΓΕΝΕΣΤΕΡΟΙ, ΜΙΚΡΟΙ (ΛΙΓΟΤΕΡΟ ΑΠΟ 5% ΤΗΣ ΣΥΝΟΛΙΚΗΣ ΣΩΜΑΤΙΚΗΣ ΕΠΙΦΑΝΕΙΑΣ);;;;;
636;X612009;ΕΠΙΔΕΣΜΟΙ ΚΑΙ/Ή ΚΑΘΑΡΙΣΜΟΙ ΕΓΚΑΥΜΑΤΩΝ ΜΕΡΙΚΟΥ ΠΑΧΟΥΣ, ΑΡΧΙΚΟΙ Ή ΜΕΤΑΓΕΝΕΣΤΕΡΟΙ, ΕΝΔΙΑΜΕΣΟΙ (Π.Χ. ΣΥΝΟΛΟ ΠΡΟΣΩΠΟΥ Ή ΟΛΟΚΛΗΡΟ ΑΚΡΟ, Ή 5% ΕΩΣ 10% ΤΗΣ ΣΥΝΟΛΙΚΗΣ ΣΩΜΑΤΙΚΗΣ ΕΠΙΦΑΝΕΙΑΣ);;;;;
637;X612019;ΕΠΙΔΕΣΜΟΙ ΚΑΙ/Ή ΚΑΘΑΡΙΣΜΟΙ ΕΓΚΑΥΜΑΤΩΝ ΜΕΡΙΚΟΥ ΠΑΧΟΥΣ, ΑΡΧΙΚΟΙ Ή ΜΕΤΑΓΕΝΕΣΤΕΡΟΙ, ΜΕΓΑΛΟΙ, (Π.Χ. ΠΑΝΩ ΑΠΟ ΕΝΑ ΑΚΡΟ, Ή ΠΑΝΩ ΑΠΟ 10% ΤΗΣ ΣΥΝΟΛΙΚΗΣ ΣΩΜΑΤΙΚΗΣ ΕΠΙΦΑΝΕΙΑΣ);;;;;
638;X612029;ΕΣΧΑΡΟΤΟΜΗ, ΑΡΧΙΚΗ ΤΟΜΗ;;;;;
639;X612031;ΕΣΧΑΡΟΤΟΜΗ, ΚΑΘΕ ΕΠΙΠΛΕΟΝ ΤΟΜΗ (ΚΑΤΑΓΡΑΦΕΤΑΙ ΧΩΡΙΣΤΑ ΩΣ ΠΡΟΣΘΗΚΗ ΣΤΟΝ ΚΩΔΙΚΟ ΤΗΣ ΠΡΩΤΟΓΕΝΟΥΣ ΔΙΑΔΙΚΑΣΙΑΣ);;;;;
640;X613959;ΚΑΤΑΣΤΡΟΦΗ (Π.Χ. ΧΕΙΡΟΥΡΓΙΚΗ ΜΕ ΛΕΪΖΕΡ, ΗΛΕΚΤΡΟΧΕΙΡΟΥΡΓΙΚΗ, ΚΡΥΟΧΕΙΡΟΥΡΓΙΚΗ, ΧΗΜΙΚΗ ΧΕΙΡΟΥΡΓΙΚΗ, ΧΕΙΡΟΥΡΓΙΚΗ ΑΠΟΞΕΣΗ), ΠΡΟΚΑΡΚΙΝΙΚΕΣ ΒΛΑΒΕΣ (Π.Χ. ΑΚΤΙΝΙΚΕΣ ΚΕΡΑΤΩΣΕΙΣ), ΠΡΩΤΗ ΒΛΑΒΗ;;;;;
641;X613965;ΚΑΤΑΣΤΡΟΦΗ (Π.Χ. ΧΕΙΡΟΥΡΓΙΚΗ ΜΕ ΛΕΪΖΕΡ, ΗΛΕΚΤΡΟΧΕΙΡΟΥΡΓΙΚΗ, ΚΡΥΟΧΕΙΡΟΥΡΓΙΚΗ, ΧΗΜΙΚΗ ΧΕΙΡΟΥΡΓΙΚΗ, ΧΕΙΡΟΥΡΓΙΚΗ ΑΠΟΞΕΣΗ), ΠΡΟΚΑΡΚΙΝΙΚΕΣ ΒΛΑΒΕΣ (Π.Χ. ΑΚΤΙΝΙΚΕΣ ΚΕΡΑΤΩΣΕΙΣ), ΑΠΟ ΔΕΥΤΕΡΗ ΕΩΣ ΔΕΚΑΤΗ ΤΕΤΑΡΤΗ ΒΛΑΒΗ, ΚΑΘΕ ΜΙΑ (ΚΑΤΑΓΡΑΦΕΤΑΙ ΧΩΡΙΣΤΑ ΩΣ ΠΡΟΣΘΗΚΗ ΣΤΟΝ ΚΩΔΙΚΟ ΤΗΣ ΠΡΩΤΗΣ ΒΛΑΒΗΣ);;;;;
642;X613967;ΚΑΤΑΣΤΡΟΦΗ (Π.Χ. ΧΕΙΡΟΥΡΓΙΚΗ ΜΕ ΛΕΪΖΕΡ, ΗΛΕΚΤΡΟΧΕΙΡΟΥΡΓΙΚΗ, ΚΡΥΟΧΕΙΡΟΥΡΓΙΚΗ, ΧΗΜΙΚΗ ΧΕΙΡΟΥΡΓΙΚΗ, ΧΕΙΡΟΥΡΓΙΚΗ ΑΠΟΞΕΣΗ), ΠΡΟΚΑΡΚΙΝΙΚΕΣ ΒΛΑΒΕΣ (Π.Χ. ΑΚΤΙΝΙΚΕΣ ΚΕΡΑΤΩΣΕΙΣ), 15 Ή ΠΕΡΙΣΣΟΤΕΡΕΣ ΒΛΑΒΕΣ;;;;;
643;X614171;ΚΑΤΑΣΤΡΟΦΗ ΑΙΜΑΓΓΕΙΩΜΑΤΩΝ ΔΕΡΜΑΤΟΣ (Π.Χ. ΤΕΧΝΙΚΗ ΛΕϊΖΕΡ), ΛΙΓΟΤΕΡΟ ΑΠΟ 10 cm²;;;;;
644;X614173;ΚΑΤΑΣΤΡΟΦΗ ΑΙΜΑΓΓΕΙΩΜΑΤΩΝ ΔΕΡΜΑΤΟΣ (Π.Χ. ΤΕΧΝΙΚΗ ΛΕϊΖΕΡ), 10.0 ΕΩΣ 50.0 cm²;;;;;
645;X614175;ΚΑΤΑΣΤΡΟΦΗ ΑΙΜΑΓΓΕΙΩΜΑΤΩΝ ΔΕΡΜΑΤΟΣ (Π.Χ. ΤΕΧΝΙΚΗ ΛΕϊΖΕΡ), ΠΑΝΩ ΑΠΟ 50.0 cm²;;;;;
646;X614179;ΚΑΤΑΣΤΡΟΦΗ (Π.Χ. ΧΕΙΡΟΥΡΓΙΚΗ ΜΕ ΛΕΪΖΕΡ, ΗΛΕΚΤΡΟΧΕΙΡΟΥΡΓΙΚΗ, ΚΡΥΟΧΕΙΡΟΥΡΓΙΚΗ, ΧΗΜΙΚΗ ΧΕΙΡΟΥΡΓΙΚΗ, ΧΕΙΡΟΥΡΓΙΚΗ ΑΠΟΞΕΣΗ), ΚΑΛΟΗΘΩΝ ΒΛΑΒΩΝ ΕΚΤΟΣ ΑΠΟ ΑΚΡΟΧΟΡΔΟΝΕΣ Ή ΔΕΡΜΑΤΙΚΕΣ ΑΓΓΕΙΑΚΕΣ ΕΚΦΥΤΙΚΕΣ ΒΛΑΒΕΣ, ΕΩΣ ΚΑΙ 14 ΒΛΑΒΕΣ;;;;;
647;X614181;ΚΑΤΑΣΤΡΟΦΗ (Π.Χ. ΧΕΙΡΟΥΡΓΙΚΗ ΜΕ ΛΕΪΖΕΡ, ΗΛΕΚΤΡΟΧΕΙΡΟΥΡΓΙΚΗ, ΚΡΥΟΧΕΙΡΟΥΡΓΙΚΗ, ΧΗΜΙΚΗ ΧΕΙΡΟΥΡΓΙΚΗ, ΧΕΙΡΟΥΡΓΙΚΗ ΑΠΟΞΕΣΗ), ΚΑΛΟΗΘΩΝ ΒΛΑΒΩΝ ΕΚΤΟΣ ΑΠΟ ΑΚΡΟΧΟΡΔΟΝΕΣ Ή ΔΕΡΜΑΤΙΚΕΣ ΑΓΓΕΙΑΚΕΣ ΕΚΦΥΤΙΚΕΣ ΒΛΑΒΕΣ, 15 Ή ΠΕΡΙΣΣΟΤΕΡΕΣ ΒΛΑΒΕΣ;;;;;
648;X614459;ΧΗΜΙΚΗ ΚΑΥΤΗΡΙΑΣΗ ΚΟΚΚΙΩΔΟΥΣ ΙΣΤΟΥ (ΥΠΕΡΠΛΑΣΤΙΚΟΣ ΙΣΤΟΣ, ΚΟΛΠΟΣ Ή ΣΥΡΙΓΓΙΟ);;;;;
649;X614479;ΚΑΤΑΣΤΡΟΦΗ, ΚΑΚΟΗΘΗΣ ΒΛΑΒΗ (Π.Χ. ΧΕΙΡΟΥΡΓΙΚΗ ΜΕ ΛΕΪΖΕΡ, ΗΛΕΚΤΡΟΧΕΙΡΟΥΡΓΙΚΗ,  ΚΡΥΟΧΕΙΡΟΥΡΓΙΚΗ, ΧΗΜΙΚΗ ΧΕΙΡΟΥΡΓΙΚΗ, ΧΕΙΡΟΥΡΓΙΚΗ ΑΠΟΞΕΣΗ), ΚΟΡΜΟΣ, ΑΝΩ Ή ΚΑΤΩ ΑΚΡΑ ΔΙΑΜΕΤΡΟΣ ΒΛΑΒΗΣ 0.5 cm Ή ΛΙΓΟΤΕΡΟ;;;;;
650;X614481;ΚΑΤΑΣΤΡΟΦΗ, ΚΑΚΟΗΘΗΣ ΒΛΑΒΗ (Π.Χ. ΧΕΙΡΟΥΡΓΙΚΗ ΜΕ ΛΕΪΖΕΡ, ΗΛΕΚΤΡΟΧΕΙΡΟΥΡΓΙΚΗ,  ΚΡΥΟΧΕΙΡΟΥΡΓΙΚΗ, ΧΗΜΙΚΗ ΧΕΙΡΟΥΡΓΙΚΗ, ΧΕΙΡΟΥΡΓΙΚΗ ΑΠΟΞΕΣΗ), ΚΟΡΜΟΣ, ΑΝΩ Ή ΚΑΤΩ ΑΚΡΑ ΔΙΑΜΕΤΡΟΣ ΒΛΑΒΗΣ 0.6 ΕΩΣ 1.0 cm;;;;;
651;X614483;ΚΑΤΑΣΤΡΟΦΗ, ΚΑΚΟΗΘΗΣ ΒΛΑΒΗ (Π.Χ. ΧΕΙΡΟΥΡΓΙΚΗ ΜΕ ΛΕΪΖΕΡ, ΗΛΕΚΤΡΟΧΕΙΡΟΥΡΓΙΚΗ,  ΚΡΥΟΧΕΙΡΟΥΡΓΙΚΗ, ΧΗΜΙΚΗ ΧΕΙΡΟΥΡΓΙΚΗ, ΧΕΙΡΟΥΡΓΙΚΗ ΑΠΟΞΕΣΗ), ΚΟΡΜΟΣ, ΑΝΩ Ή ΚΑΤΩ ΑΚΡΑ ΔΙΑΜΕΤΡΟΣ ΒΛΑΒΗΣ 1.1 ΕΩΣ 2.0 cm;;;;;
652;X614485;ΚΑΤΑΣΤΡΟΦΗ, ΚΑΚΟΗΘΗΣ ΒΛΑΒΗ (Π.Χ. ΧΕΙΡΟΥΡΓΙΚΗ ΜΕ ΛΕΪΖΕΡ, ΗΛΕΚΤΡΟΧΕΙΡΟΥΡΓΙΚΗ,  ΚΡΥΟΧΕΙΡΟΥΡΓΙΚΗ, ΧΗΜΙΚΗ ΧΕΙΡΟΥΡΓΙΚΗ, ΧΕΙΡΟΥΡΓΙΚΗ ΑΠΟΞΕΣΗ), ΚΟΡΜΟΣ, ΑΝΩ Ή ΚΑΤΩ ΑΚΡΑ ΔΙΑΜΕΤΡΟΣ ΒΛΑΒΗΣ 2.1 ΕΩΣ 3.0 cm;;;;;
653;X614487;ΚΑΤΑΣΤΡΟΦΗ, ΚΑΚΟΗΘΗΣ ΒΛΑΒΗ (Π.Χ. ΧΕΙΡΟΥΡΓΙΚΗ ΜΕ ΛΕΪΖΕΡ, ΗΛΕΚΤΡΟΧΕΙΡΟΥΡΓΙΚΗ,  ΚΡΥΟΧΕΙΡΟΥΡΓΙΚΗ, ΧΗΜΙΚΗ ΧΕΙΡΟΥΡΓΙΚΗ, ΧΕΙΡΟΥΡΓΙΚΗ ΑΠΟΞΕΣΗ), ΚΟΡΜΟΣ, ΑΝΩ Ή ΚΑΤΩ ΑΚΡΑ ΔΙΑΜΕΤΡΟΣ ΒΛΑΒΗΣ 3.1 ΕΩΣ 4.0 cm;;;;;
654;X614491;ΚΑΤΑΣΤΡΟΦΗ, ΚΑΚΟΗΘΗΣ ΒΛΑΒΗ (Π.Χ. ΧΕΙΡΟΥΡΓΙΚΗ ΜΕ ΛΕΪΖΕΡ, ΗΛΕΚΤΡΟΧΕΙΡΟΥΡΓΙΚΗ,  ΚΡΥΟΧΕΙΡΟΥΡΓΙΚΗ, ΧΗΜΙΚΗ ΧΕΙΡΟΥΡΓΙΚΗ, ΧΕΙΡΟΥΡΓΙΚΗ ΑΠΟΞΕΣΗ), ΚΟΡΜΟΣ, ΑΝΩ Ή ΚΑΤΩ ΑΚΡΑ ΔΙΑΜΕΤΡΟΣ ΒΛΑΒΗΣ ΠΑΝΩ ΑΠΟ 4.0 cm;;;;;
655;X614499;ΚΑΤΑΣΤΡΟΦΗ, ΚΑΚΟΗΘΗΣ ΒΛΑΒΗ (Π.Χ. ΧΕΙΡΟΥΡΓΙΚΗ ΜΕ ΛΕΪΖΕΡ, ΗΛΕΚΤΡΟΧΕΙΡΟΥΡΓΙΚΗ,  ΚΡΥΟΧΕΙΡΟΥΡΓΙΚΗ, ΧΗΜΙΚΗ ΧΕΙΡΟΥΡΓΙΚΗ, ΧΕΙΡΟΥΡΓΙΚΗ ΑΠΟΞΕΣΗ), ΔΕΡΜΑ ΚΡΑΝΙΟΥ, ΑΥΧΕΝΑΣ, ΑΚΡΑ ΧΕΙΡ ΑΚΡΟΣ ΠΟΥΣ, ΟΡΓΑΝΑ ΑΝΑΠΑΡΑΓΩΓΗΣ, ΔΙΑΜΕΤΡΟΣ ΒΛΑΒΗΣ 0.5 cm Ή ΛΙΓΟΤΕΡΟ;;;;;
656;X614501;ΚΑΤΑΣΤΡΟΦΗ, ΚΑΚΟΗΘΗΣ ΒΛΑΒΗ (Π.Χ. ΧΕΙΡΟΥΡΓΙΚΗ ΜΕ ΛΕΪΖΕΡ, ΗΛΕΚΤΡΟΧΕΙΡΟΥΡΓΙΚΗ,  ΚΡΥΟΧΕΙΡΟΥΡΓΙΚΗ, ΧΗΜΙΚΗ ΧΕΙΡΟΥΡΓΙΚΗ, ΧΕΙΡΟΥΡΓΙΚΗ ΑΠΟΞΕΣΗ), ΔΕΡΜΑ ΚΡΑΝΙΟΥ, ΑΥΧΕΝΑΣ, ΑΚΡΑ ΧΕΙΡ ΑΚΡΟΣ ΠΟΥΣ, ΟΡΓΑΝΑ ΑΝΑΠΑΡΑΓΩΓΗΣ, ΔΙΑΜΕΤΡΟΣ ΒΛΑΒΗΣ 0.6 ΕΩΣ 1.0 cm;;;;;
657;X614503;ΚΑΤΑΣΤΡΟΦΗ, ΚΑΚΟΗΘΗΣ ΒΛΑΒΗ (Π.Χ. ΧΕΙΡΟΥΡΓΙΚΗ ΜΕ ΛΕΪΖΕΡ, ΗΛΕΚΤΡΟΧΕΙΡΟΥΡΓΙΚΗ,  ΚΡΥΟΧΕΙΡΟΥΡΓΙΚΗ, ΧΗΜΙΚΗ ΧΕΙΡΟΥΡΓΙΚΗ, ΧΕΙΡΟΥΡΓΙΚΗ ΑΠΟΞΕΣΗ), ΔΕΡΜΑ ΚΡΑΝΙΟΥ, ΑΥΧΕΝΑΣ, ΑΚΡΑ ΧΕΙΡ ΑΚΡΟΣ ΠΟΥΣ, ΟΡΓΑΝΑ ΑΝΑΠΑΡΑΓΩΓΗΣ, ΔΙΑΜΕΤΡΟΣ ΒΛΑΒΗΣ 1.1 ΕΩΣ 2.0 cm;;;;;
658;X614505;ΚΑΤΑΣΤΡΟΦΗ, ΚΑΚΟΗΘΗΣ ΒΛΑΒΗ (Π.Χ. ΧΕΙΡΟΥΡΓΙΚΗ ΜΕ ΛΕΪΖΕΡ, ΗΛΕΚΤΡΟΧΕΙΡΟΥΡΓΙΚΗ,  ΚΡΥΟΧΕΙΡΟΥΡΓΙΚΗ, ΧΗΜΙΚΗ ΧΕΙΡΟΥΡΓΙΚΗ, ΧΕΙΡΟΥΡΓΙΚΗ ΑΠΟΞΕΣΗ), ΔΕΡΜΑ ΚΡΑΝΙΟΥ, ΑΥΧΕΝΑΣ, ΑΚΡΑ ΧΕΙΡ ΑΚΡΟΣ ΠΟΥΣ, ΟΡΓΑΝΑ ΑΝΑΠΑΡΑΓΩΓΗΣ, ΔΙΑΜΕΤΡΟΣ ΒΛΑΒΗΣ 2.1 ΕΩΣ 3.0 cm;;;;;
659;X614507;ΚΑΤΑΣΤΡΟΦΗ, ΚΑΚΟΗΘΗΣ ΒΛΑΒΗ (Π.Χ. ΧΕΙΡΟΥΡΓΙΚΗ ΜΕ ΛΕΪΖΕΡ, ΗΛΕΚΤΡΟΧΕΙΡΟΥΡΓΙΚΗ,  ΚΡΥΟΧΕΙΡΟΥΡΓΙΚΗ, ΧΗΜΙΚΗ ΧΕΙΡΟΥΡΓΙΚΗ, ΧΕΙΡΟΥΡΓΙΚΗ ΑΠΟΞΕΣΗ), ΔΕΡΜΑ ΚΡΑΝΙΟΥ, ΑΥΧΕΝΑΣ, ΑΚΡΑ ΧΕΙΡ ΑΚΡΟΣ ΠΟΥΣ, ΟΡΓΑΝΑ ΑΝΑΠΑΡΑΓΩΓΗΣ, ΔΙΑΜΕΤΡΟΣ ΒΛΑΒΗΣ 3.1 ΕΩΣ 4.0 cm;;;;;
660;X614511;ΚΑΤΑΣΤΡΟΦΗ, ΚΑΚΟΗΘΗΣ ΒΛΑΒΗ (Π.Χ. ΧΕΙΡΟΥΡΓΙΚΗ ΜΕ ΛΕΪΖΕΡ, ΗΛΕΚΤΡΟΧΕΙΡΟΥΡΓΙΚΗ,  ΚΡΥΟΧΕΙΡΟΥΡΓΙΚΗ, ΧΗΜΙΚΗ ΧΕΙΡΟΥΡΓΙΚΗ, ΧΕΙΡΟΥΡΓΙΚΗ ΑΠΟΞΕΣΗ), ΔΕΡΜΑ ΚΡΑΝΙΟΥ, ΑΥΧΕΝΑΣ, ΑΚΡΑ ΧΕΙΡ ΑΚΡΟΣ ΠΟΥΣ, ΟΡΓΑΝΑ ΑΝΑΠΑΡΑΓΩΓΗΣ, ΔΙΑΜΕΤΡΟΣ ΒΛΑΒΗΣ ΠΑΝΩ ΑΠΟ 4.0 cm;;;;;
661;X614519;ΚΑΤΑΣΤΡΟΦΗ, ΚΑΚΟΗΘΗΣ ΒΛΑΒΗ (Π.Χ. ΧΕΙΡΟΥΡΓΙΚΗ ΜΕ ΛΕΪΖΕΡ, ΗΛΕΚΤΡΟΧΕΙΡΟΥΡΓΙΚΗ,  ΚΡΥΟΧΕΙΡΟΥΡΓΙΚΗ, ΧΗΜΙΚΗ ΧΕΙΡΟΥΡΓΙΚΗ, ΧΕΙΡΟΥΡΓΙΚΗ ΑΠΟΞΕΣΗ), ΠΡΟΣΩΠΟ, ΩΤΑ, ΒΛΕΦΑΡΑ ΡΙΣ, ΧΕΙΛΗ, ΒΛΕΝΝΟΓΟΝΟΣ, ΔΙΑΜΕΤΡΟΣ ΒΛΑΒΗΣ 0.5 cm Ή ΛΙΓΟΤΕΡΟ;;;;;
662;X614521;ΚΑΤΑΣΤΡΟΦΗ, ΚΑΚΟΗΘΗΣ ΒΛΑΒΗ (Π.Χ. ΧΕΙΡΟΥΡΓΙΚΗ ΜΕ ΛΕΪΖΕΡ, ΗΛΕΚΤΡΟΧΕΙΡΟΥΡΓΙΚΗ,  ΚΡΥΟΧΕΙΡΟΥΡΓΙΚΗ, ΧΗΜΙΚΗ ΧΕΙΡΟΥΡΓΙΚΗ, ΧΕΙΡΟΥΡΓΙΚΗ ΑΠΟΞΕΣΗ), ΠΡΟΣΩΠΟ, ΩΤΑ, ΒΛΕΦΑΡΑ ΡΙΣ, ΧΕΙΛΗ, ΒΛΕΝΝΟΓΟΝΟΣ, ΔΙΑΜΕΤΡΟΣ ΒΛΑΒΗΣ 0.6 ΕΩΣ 1.0 cm;;;;;
663;X614523;ΚΑΤΑΣΤΡΟΦΗ, ΚΑΚΟΗΘΗΣ ΒΛΑΒΗ (Π.Χ. ΧΕΙΡΟΥΡΓΙΚΗ ΜΕ ΛΕΪΖΕΡ, ΗΛΕΚΤΡΟΧΕΙΡΟΥΡΓΙΚΗ,  ΚΡΥΟΧΕΙΡΟΥΡΓΙΚΗ, ΧΗΜΙΚΗ ΧΕΙΡΟΥΡΓΙΚΗ, ΧΕΙΡΟΥΡΓΙΚΗ ΑΠΟΞΕΣΗ), ΠΡΟΣΩΠΟ, ΩΤΑ, ΒΛΕΦΑΡΑ ΡΙΣ, ΧΕΙΛΗ, ΒΛΕΝΝΟΓΟΝΟΣ, ΔΙΑΜΕΤΡΟΣ ΒΛΑΒΗΣ 1.1 ΕΩΣ 2.0 cm;;;;;
664;X614525;ΚΑΤΑΣΤΡΟΦΗ, ΚΑΚΟΗΘΗΣ ΒΛΑΒΗ (Π.Χ. ΧΕΙΡΟΥΡΓΙΚΗ ΜΕ ΛΕΪΖΕΡ, ΗΛΕΚΤΡΟΧΕΙΡΟΥΡΓΙΚΗ,  ΚΡΥΟΧΕΙΡΟΥΡΓΙΚΗ, ΧΗΜΙΚΗ ΧΕΙΡΟΥΡΓΙΚΗ, ΧΕΙΡΟΥΡΓΙΚΗ ΑΠΟΞΕΣΗ), ΠΡΟΣΩΠΟ, ΩΤΑ, ΒΛΕΦΑΡΑ ΡΙΣ, ΧΕΙΛΗ, ΒΛΕΝΝΟΓΟΝΟΣ, ΔΙΑΜΕΤΡΟΣ ΒΛΑΒΗΣ 2.1 ΕΩΣ 3.0 cm;;;;;
665;X614527;ΚΑΤΑΣΤΡΟΦΗ, ΚΑΚΟΗΘΗΣ ΒΛΑΒΗ (Π.Χ. ΧΕΙΡΟΥΡΓΙΚΗ ΜΕ ΛΕΪΖΕΡ, ΗΛΕΚΤΡΟΧΕΙΡΟΥΡΓΙΚΗ,  ΚΡΥΟΧΕΙΡΟΥΡΓΙΚΗ, ΧΗΜΙΚΗ ΧΕΙΡΟΥΡΓΙΚΗ, ΧΕΙΡΟΥΡΓΙΚΗ ΑΠΟΞΕΣΗ), ΠΡΟΣΩΠΟ, ΩΤΑ, ΒΛΕΦΑΡΑ ΡΙΣ, ΧΕΙΛΗ, ΒΛΕΝΝΟΓΟΝΟΣ, ΔΙΑΜΕΤΡΟΣ ΒΛΑΒΗΣ 3.1 ΕΩΣ 4.0 cm;;;;;
666;X614531;ΚΑΤΑΣΤΡΟΦΗ, ΚΑΚΟΗΘΗΣ ΒΛΑΒΗ (Π.Χ. ΧΕΙΡΟΥΡΓΙΚΗ ΜΕ ΛΕΪΖΕΡ, ΗΛΕΚΤΡΟΧΕΙΡΟΥΡΓΙΚΗ,  ΚΡΥΟΧΕΙΡΟΥΡΓΙΚΗ, ΧΗΜΙΚΗ ΧΕΙΡΟΥΡΓΙΚΗ, ΧΕΙΡΟΥΡΓΙΚΗ ΑΠΟΞΕΣΗ), ΠΡΟΣΩΠΟ, ΩΤΑ, ΒΛΕΦΑΡΑ ΡΙΣ, ΧΕΙΛΗ, ΒΛΕΝΝΟΓΟΝΟΣ, ΔΙΑΜΕΤΡΟΣ ΒΛΑΒΗΣ ΠΑΝΩ ΑΠΟ 4.0 cm;;;;;
667;X614581;ΜΙΚΡΟΓΡΑΦΙΚΗ ΤΕΧΝΙΚΗ MOHS, ΠΕΡΙΛΑΜΒΑΝΕΙ ΑΦΑΙΡΕΣΗ ΤΟΥ ΣΥΝΟΛΟΥ ΤΟΥ ΟΓΚΟΥ,  ΧΕΙΡΟΥΡΓΙΚΗ ΕΚΤΟΜΗ ΙΣΤΙΚΩΝ ΔΕΙΓΜΑΤΩΝ, ΧΑΡΤΟΓΡΑΦΗΣΗ, ΧΡΩΜΑΤΙΚΗ ΚΩΔΙΚΟΠΟΙΗΣΗ  ΔΕΙΓΜΑΤΩΝ, ΜΙΚΡΟΣΚΟΠΙΚΗ ΕΞΕΤΑΣΗ ΔΕΙΓΜΑΤΩΝ ΑΠΟ ΤΟΝ ΧΕΙΡΟΥΡΓΟ, ΚΑΙ ΙΣΤΟΠΑΘΟΛΟΓΙΚΗ ΠΡΟΕΤΟΙΜΑΣΙΑ ΠΕΡΙΛΑΜΒΑΝΟΥΣΑ ΧΡΩΣΗ(ΕΙΣ) ΡΟΥΤΙΝΑΣ (Π.Χ. ΑΙΜΑΤΟΞΥΛΙΝΗ  ΚΑΙ ΗΩΣΙΝΗ, ΚΥΑΝΟΥ ΤΗΣ ΤΟΛΟΥΙΔΙΝΗΣ), ΚΕΦΑΛΗ, ΑΥΧΕΝΑΣ, ΑΚΡΑ ΧΕΙΡ, ΑΚΡΟΣ ΠΟΥΣ, ΟΡΓΑΝΑ ΑΝΑΠΑΡΑΓΩΓΗΣ, Ή ΟΠΟΙΑΔΗΠΟΤΕ ΤΟΠΟΘΕΣΙΑ ΜΕ ΧΕΙΡΟΥΡΓΙΚΗ ΑΜΕΣΑ ΠΕΡΙΛΑΜΒΑΝΟΥΣΑ ΜΥ, ΧΟΝΔΡΟ, ΟΣΤΟΥΝ,  ΤΕΝΟΝΤΑ, ΜΕΙΖΟΝΑ ΝΕΥΡΑ, Ή ΑΓΓΕΙΑ, ΠΡΩΤΟ ΣΤΑΔΙΟ, ΕΩΣ ΚΑΙ 5 ΙΣΤΙΚΑ ΤΕΜΑΧΙΑ;;;;;
668;X614583;ΜΙΚΡΟΓΡΑΦΙΚΗ ΤΕΧΝΙΚΗ MOHS, ΠΕΡΙΛΑΜΒΑΝΕΙ ΑΦΑΙΡΕΣΗ ΤΟΥ ΣΥΝΟΛΟΥ ΤΟΥ ΟΓΚΟΥ,  ΧΕΙΡΟΥΡΓΙΚΗ ΕΚΤΟΜΗ ΙΣΤΙΚΩΝ ΔΕΙΓΜΑΤΩΝ, ΧΑΡΤΟΓΡΑΦΗΣΗ, ΧΡΩΜΑΤΙΚΗ ΚΩΔΙΚΟΠΟΙΗΣΗ  ΔΕΙΓΜΑΤΩΝ, ΜΙΚΡΟΣΚΟΠΙΚΗ ΕΞΕΤΑΣΗ ΔΕΙΓΜΑΤΩΝ ΑΠΟ ΤΟΝ ΧΕΙΡΟΥΡΓΟ, ΚΑΙ ΙΣΤΟΠΑΘΟΛΟΓΙΚΗ ΠΡΟΕΤΟΙΜΑΣΙΑ ΠΕΡΙΛΑΜΒΑΝΟΥΣΑ ΧΡΩΣΗ(ΕΙΣ) ΡΟΥΤΙΝΑΣ (Π.Χ. ΑΙΜΑΤΟΞΥΛΙΝΗ  ΚΑΙ ΗΩΣΙΝΗ, ΚΥΑΝΟΥ ΤΗΣ ΤΟΛΟΥΙΔΙΝΗΣ), ΚΕΦΑΛΗ, ΑΥΧΕΝΑΣ, ΑΚΡΑ ΧΕΙΡ, ΑΚΡΟΣ ΠΟΥΣ, ΟΡΓΑΝΑ ΑΝΑΠΑΡΑΓΩΓΗΣ, Ή ΟΠΟΙΑΔΗΠΟΤΕ ΤΟΠΟΘΕΣΙΑ ΜΕ ΧΕΙΡΟΥΡΓΙΚΗ ΑΜΕΣΑ ΠΕΡΙΛΑΜΒΑΝΟΥΣΑ ΜΥ, ΧΟΝΔΡΟ, ΟΣΤΟΥΝ,  ΤΕΝΟΝΤΑ, ΜΕΙΖΟΝΑ ΝΕΥΡΑ, Ή ΑΓΓΕΙΑ, ΚΑΘΕ ΕΠΙΠΛΕΟΝ ΣΤΑΔΙΟ ΜΕΤΑ ΤΟ ΠΡΩΤΟ ΣΤΑΔΙΟ, ΕΩΣ ΚΑΙ 5 ΙΣΤΙΚΑ ΤΕΜΑΧΙΑ (ΚΑΤΑΓΡΑΦΕΤΑΙ ΧΩΡΙΣΤΑ ΩΣ ΠΡΟΣΘΗΚΗ ΣΤΟΝ ΚΩΔΙΚΟ ΠΡΩΤΟΓΕΝΟΥΣ ΔΙΑΔΙΚΑΣΙΑΣ);;;;;
669;X614585;ΜΙΚΡΟΓΡΑΦΙΚΗ ΤΕΧΝΙΚΗ MOHS, ΠΕΡΙΛΑΜΒΑΝΕΙ ΑΦΑΙΡΕΣΗ ΤΟΥ ΣΥΝΟΛΟΥ ΤΟΥ ΟΓΚΟΥ,  ΧΕΙΡΟΥΡΓΙΚΗ ΕΚΤΟΜΗ ΙΣΤΙΚΩΝ ΔΕΙΓΜΑΤΩΝ, ΧΑΡΤΟΓΡΑΦΗΣΗ, ΧΡΩΜΑΤΙΚΗ ΚΩΔΙΚΟΠΟΙΗΣΗ  ΔΕΙΓΜΑΤΩΝ, ΜΙΚΡΟΣΚΟΠΙΚΗ ΕΞΕΤΑΣΗ ΔΕΙΓΜΑΤΩΝ ΑΠΟ ΤΟΝ ΧΕΙΡΟΥΡΓΟ, ΚΑΙ ΙΣΤΟΠΑΘΟΛΟΓΙΚΗ ΠΡΟΕΤΟΙΜΑΣΙΑ ΠΕΡΙΛΑΜΒΑΝΟΥΣΑ ΧΡΩΣΗ(ΕΙΣ) ΡΟΥΤΙΝΑΣ (Π.Χ. ΑΙΜΑΤΟΞΥΛΙΝΗ  ΚΑΙ ΗΩΣΙΝΗ, ΚΥΑΝΟΥ ΤΗΣ ΤΟΛΟΥΙΔΙΝΗΣ), ΑΠΟ ΤΟΝ ΚΟΡΜΟ, ΤΑ ΑΝΩ Ή ΚΑΤΩ ΑΚΡΑ, ΠΡΩΤΟ ΣΤΑΔΙΟ ΕΩΣ ΚΑΙ 5 ΙΣΤΙΚΑ ΤΕΜΑΧΙΑ;;;;;
670;X614587;ΜΙΚΡΟΓΡΑΦΙΚΗ ΤΕΧΝΙΚΗ MOHS, ΠΕΡΙΛΑΜΒΑΝΕΙ ΑΦΑΙΡΕΣΗ ΤΟΥ ΣΥΝΟΛΟΥ ΤΟΥ ΟΓΚΟΥ,  ΧΕΙΡΟΥΡΓΙΚΗ ΕΚΤΟΜΗ ΙΣΤΙΚΩΝ ΔΕΙΓΜΑΤΩΝ, ΧΑΡΤΟΓΡΑΦΗΣΗ, ΧΡΩΜΑΤΙΚΗ ΚΩΔΙΚΟΠΟΙΗΣΗ  ΔΕΙΓΜΑΤΩΝ, ΜΙΚΡΟΣΚΟΠΙΚΗ ΕΞΕΤΑΣΗ ΔΕΙΓΜΑΤΩΝ ΑΠΟ ΤΟΝ ΧΕΙΡΟΥΡΓΟ, ΚΑΙ ΙΣΤΟΠΑΘΟΛΟΓΙΚΗ ΠΡΟΕΤΟΙΜΑΣΙΑ ΠΕΡΙΛΑΜΒΑΝΟΥΣΑ ΧΡΩΣΗ(ΕΙΣ) ΡΟΥΤΙΝΑΣ (Π.Χ. ΑΙΜΑΤΟΞΥΛΙΝΗ  ΚΑΙ ΗΩΣΙΝΗ, ΚΥΑΝΟΥ ΤΗΣ ΤΟΛΟΥΙΔΙΝΗΣ), ΑΠΟ ΤΟΝ ΚΟΡΜΟ, ΤΑ ΑΝΩ Ή ΚΑΤΩ ΑΚΡΑ, ΚΑΘΕ ΕΠΙΠΛΕΟΝ ΣΤΑΔΙΟ ΜΕΤΑ ΤΟ ΠΡΩΤΟ ΣΤΑΔΙΟ, ΕΩΣ ΚΑΙ 5 ΙΣΤΙΚΑ ΤΕΜΑΧΙΑ (ΚΑΤΑΓΡΑΦΕΤΑΙ) ΧΩΡΙΣΤΑ ΩΣ ΠΡΟΣΘΗΚΗ ΣΤΟΝ ΚΩΔΙΚΟ ΤΗΣ ΠΡΩΤΟΓΕΝΟΥΣ ΔΙΑΔΙΚΑΣΙΑΣ);;;;;
671;X614589;ΜΙΚΡΟΓΡΑΦΙΚΗ ΤΕΧΝΙΚΗ MOHS, ΠΕΡΙΛΑΜΒΑΝΕΙ ΑΦΑΙΡΕΣΗ ΤΟΥ ΣΥΝΟΛΟΥ ΤΟΥ ΟΓΚΟΥ,  ΧΕΙΡΟΥΡΓΙΚΗ ΕΚΤΟΜΗ ΙΣΤΙΚΩΝ ΔΕΙΓΜΑΤΩΝ, ΧΑΡΤΟΓΡΑΦΗΣΗ, ΧΡΩΜΑΤΙΚΗ ΚΩΔΙΚΟΠΟΙΗΣΗ  ΔΕΙΓΜΑΤΩΝ, ΜΙΚΡΟΣΚΟΠΙΚΗ ΕΞΕΤΑΣΗ ΔΕΙΓΜΑΤΩΝ ΑΠΟ ΤΟΝ ΧΕΙΡΟΥΡΓΟ, ΚΑΙ ΙΣΤΟΠΑΘΟΛΟΓΙΚΗ ΠΡΟΕΤΟΙΜΑΣΙΑ ΠΕΡΙΛΑΜΒΑΝΟΥΣΑ ΧΡΩΣΗ(ΕΙΣ) ΡΟΥΤΙΝΑΣ (Π.Χ. ΑΙΜΑΤΟΞΥΛΙΝΗ  ΚΑΙ ΗΩΣΙΝΗ, ΚΥΑΝΟΥ ΤΗΣ ΤΟΛΟΥΙΔΙΝΗΣ), ΚΑΘΕ ΕΠΙΠΛΕΟΝ ΤΕΜΑΧΙΟ ΜΕΤΑ ΤΑ ΠΡΩΤΑ 5 ΙΣΤΙΚΑ ΤΕΜΑΧΙΑ, ΟΠΟΙΟΔΗΠΟΤΕ ΣΤΑΔΙΟ (ΚΑΤΑΓΡΑΦΕΤΑΙ ΧΩΡΙΣΤΑ ΩΣ ΠΡΟΣΘΗΚΗ ΣΤΟΝ ΚΩΔΙΚΟ ΠΡΩΤΟΓΕΝΟΥΣ ΔΙΑΔΙΚΑΣΙΑΣ);;;;;
672;X614639;ΚΡΥΟΘΕΡΑΠΕΙΑ (ΔΙΑΛΥΜΑ CO2, ΥΓΡΟ N2) ΓΙΑ ΑΚΜΗ;;;;;
673;X614679;ΧΗΜΙΚΗ ΑΠΟΦΟΛΙΔΩΣΗ(PEELING) ΓΙΑ ΑΚΜΗ, ΦΩΤΟΓΗΡΑΝΣΗ, ΜΕΛΑΣΜΑ, ΚΛΠ. ;;;;;
674;X614719;ΑΠΟΤΡΙΧΩΣΗ ΜΕ ΗΛΕΚΤΡΟΛΥΣΗ, ΜΕΤΑ ΑΠΟ ΙΑΤΡΙΚΗ ΓΝΩΜΑΤΕΥΣΗ;;;;;
675;X615957;ΜΗ ΚΑΤΑΓΕΓΡΑΜΜΕΝΗ ΔΙΑΔΙΚΑΣΙΑ, ΔΕΡΜΑ, ΒΛΕΝΝΟΓΟΝΟΙ ΚΑΙ ΥΠΟΔΟΡΙΟ;;;;;
676;X615957.1;ΑΦΑΙΡΕΣΗ ΡΑΜΜΑΤΩΝ;;;;;
Β.2;ΜΑΣΤΟΣ;;;;;;
677;X617959;ΑΝΑΡΡΟΦΗΣΗ ΜΕ ΠΑΡΑΚΕΝΤΗΣΗ ΚΥΣΤΗΣ ΜΑΣΤΟΥ;;;;;
678;X617961;ΑΝΑΡΡΟΦΗΣΗ ΜΕ ΠΑΡΑΚΕΝΤΗΣΗ ΚΥΣΤΗΣ ΜΑΣΤΟΥ, ΚΑΘΕ ΕΠΙΠΛΕΟΝ ΚΥΣΤΗ (ΚΑΤΑΓΡΑΦΕΤΑΙ  ΧΩΡΙΣΤΑ ΩΣ ΠΡΟΣΘΗΚΗ ΣΤΟΝ ΚΩΔΙΚΟ ΤΗΣ ΠΡΩΤΟΓΕΝΟΥΣ ΔΙΑΔΙΚΑΣΙΑΣ);;;;;
679;X617999;ΤΟΜΗ ΣΤΟ ΜΑΣΤΟ ΜΕ ΔΙΕΡΕΥΝΗΣΗ Ή ΠΑΡΟΧΕΤΕΥΣΗ ΑΠΟΣΤΗΜΑΤΟΣ, ΕΝ ΤΩ ΒΑΘΕΙ;;;;;
680;X618019;ΔΙΑΔΙΚΑΣΙΑ ΕΝΕΣΗΣ ΜΟΝΟ ΓΙΑ ΜΑΣΤΙΚΗ ΠΟΡΟΓΡΑΦΙΑ Ή ΓΑΛΑΚΤΟΓΡΑΦΙΑ;;;;;
681;X618159;ΒΙΟΨΙΑ ΜΑΣΤΟΥ, ΔΙΑΔΕΡΜΙΚΗ, ΜΕΓΑΛΗ ΒΕΛΟΝΗ, ΧΩΡΙΣ ΑΠΕΙΚΟΝΙΣΤΙΚΗ ΚΑΘΟΔΗΓΗΣΗ (ΧΩΡΙΣΤΗ ΔΙΑΔΙΚΑΣΙΑ);;;;;
682;X618161;ΒΙΟΨΙΑ ΜΑΣΤΟΥ, ΑΝΟΙΚΤΗ;;;;;
683;X618163;ΒΙΟΨΙΑ ΜΑΣΤΟΥ, ΔΙΑΔΕΡΜΙΚΗ, ΜΕΓΑΛΗ ΒΕΛΟΝΗ, ΜΕ ΑΠΕΙΚΟΝΙΣΤΙΚΗ ΚΑΘΟΔΗΓΗΣΗ;;;;;
684;X618165;ΒΙΟΨΙΑ ΜΑΣΤΟΥ, ΔΙΑΔΕΡΜΙΚΗ, ΜΕ ΣΥΣΚΕΥΗ ΒΙΟΨΙΑΣ ΑΡΝΗΤΙΚΗΣ ΠΙΕΣΗΣ Ή ΠΕΡΙΣΤΡΕΦΟΜΕΝΗΣ  ΒΕΛΟΝΑΣ, ΜΕ ΑΠΕΙΚΟΝΙΣΤΙΚΗ ΚΑΘΟΔΗΓΗΣΗ;;;;;
685;X618169;ΑΦΑΙΡΕΣΗ, ΜΕ ΚΡΥΟΧΕΙΡΟΥΡΓΙΚΗ, ΙΝΟΑΔΕΝΩΜΑΤΟΣ, ΣΥΜΠΕΡΙΛΑΜΒΑΝΟΜΕΝΗΣ ΥΠΕΡΗΧΟΓΡΑΦΙΚΗ ΚΑΘΟΔΗΓΗΣΗΣ ΚΑΘΕ ΙΝΟΑΔΕΝΩΜΑ;;;;;
686;X618179;ΔΙΕΡΕΥΝΗΣΗ ΘΗΛΗΣ, ΜΕ Ή ΧΩΡΙΣ ΕΚΤΟΜΗ ΜΟΝΗΡΟΥΣ ΓΑΛΑΚΤΟΦΟΡΟΥ ΠΟΡΟΥ Ή ΘΗΛΩΜΑΤΟΣ ΓΑΛΑΚΤΟΦΟΡΟΥ ΠΟΡΟΥ;;;;;
687;X618183;ΕΚΤΟΜΗ ΣΥΡΙΓΓΙΟΥ ΓΑΛΑΚΤΟΦΟΡΟΥ ΠΟΡΟΥ;;;;;
688;X618199;ΕΚΤΟΜΗ ΚΥΣΤΗΣ, ΙΝΟΑΔΕΝΩΜΑΤΟΣ, Ή ΑΛΛΟΥ ΚΑΛΟΗΘΟΥΣ Ή ΚΑΚΟΗΘΟΥΣ ΟΓΚΟΥ, ΠΑΘΟΛΟΓΙΚΟΥ ΜΑΣΤΙΚΟΥ ΙΣΤΟΥ, ΒΛΑΒΗΣ ΠΟΡΟΥ, ΘΗΛΑΙΑ ΒΛΑΒΗ Ή ΤΗΣ ΘΗΛΑΙΑΣ ΑΛΩ (ΜΕ ΕΞΑΙΡΕΣΗ 19300), ΑΝΟΙΚΤΗ, ΑΡΡΕΝ Ή ΘΗΛΥ, ΜΙΑ Ή ΠΕΡΙΣΣΟΤΕΡΕΣ ΒΛΑΒΕΣ;;;;;
689;X618209;ΕΚΤΟΜΗ ΒΛΑΒΗΣ ΜΑΣΤΟΥ ΤΑΥΤΟΠΟΙΗΜΕΝΗΣ ΑΠΟ ΠΡΟΕΓΧΕΙΡΗΤΙΚΗ ΤΟΠΟΘΕΤΗΣΗ ΑΚΤΙΝΟΛΟΓΙΚΟΥ ΔΕΙΚΤΗ, ΑΝΟΙΚΤΗ, ΜΙΑ ΒΛΑΒΗ;;;;;
690;X618211;ΕΚΤΟΜΗ ΒΛΑΒΗΣ ΜΑΣΤΟΥ ΤΑΥΤΟΠΟΙΗΜΕΝΗΣ ΑΠΟ ΠΡΟΕΓΧΕΙΡΗΤΙΚΗ ΤΟΠΟΘΕΤΗΣΗ ΑΚΤΙΝΟΛΟΓΙΚΟΥ ΔΕΙΚΤΗ, ΑΝΟΙΚΤΗ, ΚΑΘΕ ΕΠΙΠΛΕΟΝ ΒΛΑΒΗ ΞΕΧΩΡΙΣΤΑ ΤΑΥΤΟΠΟΙΗΜΕΝΗ ΜΕ ΠΡΟΕΓΧΕΙΡΗΤΙΚΟ ΑΚΤΙΝΟΛΟΓΙΚΟ ΔΕΙΚΤΗ (ΚΑΤΑΓΡΑΦΕΤΑΙ ΧΩΡΙΣΤΑ ΩΣ ΠΡΟΣΘΗΚΗ ΣΤΟΝ ΚΩΔΙΚΟ ΤΗΣ ΠΡΩΤΟΓΕΝΟΥΣ ΔΙΑΔΙΚΑΣΙΑΣ);;;;;
691;X618479;ΕΚΤΟΜΗ ΟΓΚΟΥ ΘΩΡΑΚΙΚΟΥ ΤΟΙΧΩΜΑΤΟΣ ΣΥΜΠΕΡΙΛΑΜΒΑΝΟΜΕΝΩΝ ΤΩΝ ΠΛΕΥΡΩΝ;;;;;
692;X618501;ΕΚΤΟΜΗ ΟΓΚΟΥ ΘΩΡΑΚΙΚΟΥ ΤΟΙΧΩΜΑΤΟΣ ΜΕ ΣΥΜΜΕΤΟΧΗ ΠΛΕΥΡΩΝ, ΜΕ ΠΛΑΣΤΙΚΗ ΑΠΟΚΑΤΑΣΤΑΣΗ, ΧΩΡΙΣ ΜΕΣΟΘΩΡΑΚΙΚΗ ΛΕΜΦΑΔΕΝΕΚΤΟΜΗ;;;;;
693;X618503;ΕΚΤΟΜΗ ΟΓΚΟΥ ΘΩΡΑΚΙΚΟΥ ΤΟΙΧΩΜΑΤΟΣ ΜΕ ΣΥΜΜΕΤΟΧΗ ΠΛΕΥΡΩΝ, ΜΕ ΠΛΑΣΤΙΚΗ ΑΠΟΚΑΤΑΣΤΑΣΗ, ΜΕ ΜΕΣΟΘΩΡΑΚΙΚΗ ΛΕΜΦΑΔΕΝΕΚΤΟΜΗ;;;;;
694;X618539;ΠΡΟΕΓΧΕΙΡΗΤΙΚΗ ΤΟΠΟΘΕΤΗΣΗ ΣΥΡΜΑΤΟΣ ΕΝΤΟΠΙΣΜΟΥ, ΜΑΣΤΟΣ;;;;;
695;X618541;ΠΡΟΕΓΧΕΙΡΗΤΙΚΗ ΤΟΠΟΘΕΤΗΣΗ ΣΥΡΜΑΤΟΣ ΕΝΤΟΠΙΣΜΟΥ, ΜΑΣΤΟΣ, ΚΑΘΕ ΕΠΙΠΛΕΟΝ ΒΛΑΒΗ (ΚΑΤΑΓΡΑΦΕΤΑΙ ΧΩΡΙΣΤΑ ΩΣ ΠΡΟΣΘΗΚΗ ΣΤΟΝ ΚΩΔΙΚΟ ΤΗΣ ΠΡΩΤΟΓΕΝΟΥΣ ΔΙΑΔΙΚΑΣΙΑΣ);;;;;
696;X618549;ΤΟΠΟΘΕΤΗΣΗ ΜΕ ΑΠΕΙΚΟΝΙΣΤΙΚΗ ΚΑΘΟΔΗΓΗΣΗ, ΜΕΤΑΛΛΙΚΟΥ ΚΛΙΠ ΕΝΤΟΠΙΣΜΟΥ, ΔΙΑΔΕΡΜΙΚΟ, ΚΑΤΑ ΤΗ ΔΙΑΡΚΕΙΑ ΒΙΟΨΙΑΣ ΜΑΣΤΟΥ (ΚΑΤΑΓΡΑΦΕΤΑΙ ΧΩΡΙΣΤΑ ΩΣ ΠΡΟΣΘΗΚΗ ΣΤΟΝ ΚΩΔΙΚΟ ΤΗΣ ΠΡΩΤΟΓΕΝΟΥΣ ΔΙΑΔΙΚΑΣΙΑΣ);;;;;
697;X618551;ΤΟΠΟΘΕΤΗΣΗ – ΕΜΦΥΤΕΥΣΗ ΚΑΘΕΤΗΡΑ ΓΙΑ ΒΡΑΧΥΘΕΡΑΠΕΙΑ ΜΕ ΜΕΤΑΦΟΡΤΙΣΗ, ΣΕ ΜΑΣΤΟ ΓΙΑ ΕΝΔΟΪΣΤΙΚΗ ΕΦΑΡΜΟΓΗ, ΜΕΤΑ ΑΠΟ ΜΕΡΙΚΗ ΜΑΣΤΕΚΤΟΜΗ. ΠΕΡΙΛΑΜΒΑΝΕΙ ΑΠΕΙΚΟΝΙΣΤΙΚΗ ΚΑΘΟΔΗΓΗΣΗ. Ο ΚΩΔΙΚΟΣ ΑΦΟΡΑ ΕΜΦΥΤΕΥΣΗ ΚΑΘΕΤΗΡΑ ΤΥΠΟΥ ΜΠΑΛΟΝΙΟΥ, ΣΕ ΧΡΟΝΟ ΜΕΤΑΓΕΝΕΣΤΕΡΟ ΤΗΣ ΗΜΕΡΑΣ ΤΟΥ ΧΕΙΡΟΥΡΓΕΙΟΥ, ΓΙΑ ΒΡΑΧΥΘΕΡΑΠΕΙΑ ΥΨΗΛΟΥ ΡΥΘΜΟΥ ΔΟΣΗΣ.;;;;;
698;X618553;ΤΟΠΟΘΕΤΗΣΗ – ΕΜΦΥΤΕΥΣΗ ΚΑΘΕΤΗΡΑ ΓΙΑ ΒΡΑΧΥΘΕΡΑΠΕΙΑ ΜΕ ΜΕΤΑΦΟΡΤΙΣΗ, ΣΕ ΜΑΣΤΟ ΓΙΑ ΕΝΔΟΪΣΤΙΚΗ ΕΦΑΡΜΟΓΗ, ΜΕΤΑ ΑΠΟ ΜΕΡΙΚΗ ΜΑΣΤΕΚΤΟΜΗ. ΠΕΡΙΛΑΜΒΑΝΕΙ ΑΠΕΙΚΟΝΙΣΤΙΚΗ ΚΑΘΟΔΗΓΗΣΗ. Ο ΚΩΔΙΚΟΣ ΑΦΟΡΑ ΕΜΦΥΤΕΥΣΗ ΚΑΘΕΤΗΡΑ ΤΥΠΟΥ ΜΠΑΛΟΝΙΟΥ, ΚΑΤΑ ΤΗΝ ΗΜΕΡΑ ΤΟΥ ΧΕΙΡΟΥΡΓΕΙΟΥ, ΓΙΑ ΒΡΑΧΥΘΕΡΑΠΕΙΑ ΥΨΗΛΟΥ ΡΥΘΜΟΥ ΔΟΣΗΣ.;;;;;
699;X618555;ΤΟΠΟΘΕΤΗΣΗ – ΕΜΦΥΤΕΥΣΗ ΚΑΘΕΤΗΡΩΝ (ΠΟΛΛΑΠΛΩΝ ΚΑΘΕΤΗΡΩΝ ΤΥΠΟΥ ΣΩΛΗΝΑ – ΚΟΥΜΠΙΟΥ ΣΤΕΡΕΩΣΗΣ) ΓΙΑ ΒΡΑΧΥΘΕΡΑΠΕΙΑ ΜΕ ΜΕΤΑΦΟΡΤΙΣΗ, ΣΕ ΜΑΣΤΟ ΓΙΑ ΕΝΔΟΪΣΤΙΚΗ ΕΦΑΡΜΟΓΗ, ΜΕΤΑ ΑΠΟ ΜΕΡΙΚΗ ΜΑΣΤΕΚΤΟΜΗ. ΠΕΡΙΛΑΜΒΑΝΕΙ ΑΠΕΙΚΟΝΙΣΤΙΚΗ ΚΑΘΟΔΗΓΗΣΗ. Ο ΚΩΔΙΚΟΣ ΑΦΟΡΑ ΕΜΦΥΤΕΥΣΗ ΕΙΤΕ ΚΑΤΑ ΤΗΝ ΗΜΕΡΑ ΤΟΥ ΧΕΙΡΟΥΡΓΕΙΟΥ, ΕΙΤΕ ΣΕ ΑΛΛΟ ΧΡΟΝΟ, ΓΙΑ ΒΡΑΧΥΘΕΡΑΠΕΙΑ ΥΨΗΛΟΥ ΡΥΘΜΟΥ ΔΟΣΗΣ.;;;;;
700;X618559;ΜΑΣΤΕΚΤΟΜΗ ΓΙΑ ΓΥΝΑΙΚΟΜΑΣΤΙΑ;;;;;
701;X618561;ΜΑΣΤΕΚΤΟΜΗ, ΜΕΡΙΚΗ (Π.Χ. ΟΓΚΕΚΤΟΜΗ, ΤΕΤΑΡΤΕΚΤΟΜΗ, ΤΜΗΜΑΤΕΚΤΟΜΗ),;;;;;
702;X618563;ΜΑΣΤΕΚΤΟΜΗ, ΜΕΡΙΚΗ (Π.Χ. ΟΓΚΕΚΤΟΜΗ, ΤΕΤΑΡΤΕΚΤΟΜΗ, ΤΜΗΜΑΤΕΚΤΟΜΗ), ΜΕ ΜΑΣΧΑΛΙΑΙO ΛΕΜΦΑΔΕΝΙΚΟ ΚΑΘΑΡΙΣΜΟ;;;;;
703;X618565;ΜΑΣΤΕΚΤΟΜΗ, ΑΠΛΗ, ΟΛΙΚΗ;;;;;
704;X618567;ΜΑΣΤΕΚΤΟΜΗ, ΥΠΟΔΟΡΙΑ;;;;;
705;X618569;ΜΑΣΤΕΚΤΟΜΗ, ΡΙΖΙΚΗ, ΠΕΡΙΛΑΜΒΑΝΕΙ ΘΩΡΑΚΙΚΟΥΣ ΜΥΕΣ, ΜΑΣΧΑΛΙΑΙΟΥΣ ΛΕΜΦΑΔΕΝΕΣ;;;;;
706;X618571;ΜΑΣΤΕΚΤΟΜΗ, ΡΙΖΙΚΗ, ΠΕΡΙΛΑΜΒΑΝΕΙ ΘΩΡΑΚΙΚΟΥΣ ΜΥΕΣ, ΜΑΣΧΑΛΙΑΙΟΥΣ ΛΕΜΦΑΔΕΝΕΣ ΚΑΙ ΕΣΩΤΕΡΙΚΟΥΣ ΜΑΣΤΙΚΟΥΣ ΛΕΜΦΑΔΕΝΕΣ;;;;;
707;X618573;ΜΑΣΤΕΚΤΟΜΗ, ΤΡΟΠΟΠΟΙΗΜΕΝΗ ΡΙΖΙΚΗ, ΠΕΡΙΛΑΜΒΑΝΕΙ ΜΑΣΧΑΛΙΑΙΟΥΣ ΛΕΜΦΑΔΕΝΕΣ, ΜΕ Ή  ΧΩΡΙΣ ΤΟΝ ΕΛΑΣΣΟΝΑ ΘΩΡΑΚΙΚΟ ΜΥ, ΑΛΛΑ ΧΩΡΙΣ ΤΟΝ ΜΕΙΖΟΝΑ ΘΩΡΑΚΙΚΟ ΜΥ;;;;;
708;X618591;ΜΑΣΤΟΠΗΞΙΑ;;;;;
709;X618595;ΠΛΑΣΤΙΚΗ ΜΕΙΩΣΗΣ ΣΤΗΘΟΥΣ;;;;;
710;X618607;ΜΑΣΤΟΠΛΑΣΤΙΚΗ, ΑΥΞΗΤΙΚΗ, ΧΩΡΙΣ ΠΡΟΣΘΕΤΙΚΟ ΕΜΦΥΤΕΥΜΑ;;;;;
711;X618609;ΜΑΣΤΟΠΛΑΣΤΙΚΗ, ΑΥΞΗΤΙΚΗ, ΜΕ ΠΡΟΣΘΕΤΙΚΟ ΕΜΦΥΤΕΥΜΑ;;;;;
712;X618615;ΑΦΑΙΡΕΣΗ ΑΘΙΚΤΟΥ ΜΑΣΤΙΚΟΥ ΕΜΦΥΤΕΥΜΑΤΟΣ;;;;;
713;X618619;ΑΦΑΙΡΕΣΗ ΥΛΙΚΟΥ ΜΑΣΤΙΚΟΥ ΕΜΦΥΤΕΥΜΑΤΟΣ;;;;;
714;X618639;ΑΜΕΣΗ ΕΙΣΑΓΩΓΗ ΕΝΘΕΜΑΤΟΣ ΜΑΣΤΟΥ ΚΑΤΟΠΙΝ ΜΑΣΤΟΠΗΞΙΑΣ, ΜΑΣΤΕΚΤΟΜΗΣ Ή ΚΑΤΑ ΤΗΝ ΑΠΟΚΑΤΑΣΤΑΣΗ;;;;;
715;X618643;ΚΑΘΥΣΤΕΡΗΜΕΝΗ ΕΙΣΑΓΩΓΗ ΕΝΘΕΜΑΤΟΣ ΜΑΣΤΟΥ ΚΑΤΟΠΙΝ ΜΑΣΤΟΠΗΞΙΑΣ, ΜΑΣΤΕΚΤΟΜΗΣ Ή ΚΑΤΑ ΤΗΝ ΑΠΟΚΑΤΑΣΤΑΣΗ;;;;;
716;X618659;ΑΠΟΚΑΤΑΣΤΑΣΗ ΘΗΛΗΣ/ΘΗΛΑΙΑΣ ΑΛΩ;;;;;
717;X618669;ΔΙΟΡΘΩΣΗ ΑΝΕΣΤΡΑΜΜΕΝΩΝ ΘΗΛΩΝ;;;;;
718;X618673;ΑΠΟΚΑΤΑΣΤΑΣΗ ΜΑΣΤΟΥ, ΑΜΕΣΗ Ή ΜΕ ΚΑΘΥΣΤΕΡΗΣΗ, ΜΕ ΙΣΤΙΚΟ ΔΙΑΣΤΟΛΕΑ ΠΕΡΙΛΑΜΒΑΝΕΤΑΙ ΕΠΑΚΟΛΟΥΘΗ ΔΙΑΣΤΟΛΗ;;;;;
719;X618681;ΑΠΟΚΑΤΑΣΤΑΣΗ ΜΑΣΤΟΥ ΜΕ ΚΡΗΜΝΟ ΑΠΟ ΤΟΝ ΠΛΑΤΥ ΡΑΧΙΑΙΟ ΜΥ, ΧΩΡΙΣ ΠΡΟΣΘΕΤΙΚΟ ΕΜΦΥΤΕΥΜΑ;;;;;
720;X618687;ΑΠΟΚΑΤΑΣΤΑΣΗ ΜΑΣΤΟΥ ΜΕ ΕΛΕΥΘΕΡΟ ΚΡΗΜΝΟ;;;;;
721;X618691;ΑΠΟΚΑΤΑΣΤΑΣΗ ΜΑΣΤΟΥ ΜΕ ΑΛΛΗ ΤΕΧΝΙΚΗ;;;;;
722;X618693;ΑΠΟΚΑΤΑΣΤΑΣΗ ΜΑΣΤΟΥ ΜΕ ΜΥΟΔΕΡΜΑΤΙΚΟ ΚΡΗΜΝΟ ΑΠΟ ΤΟΝ ΟΡΘΟ ΕΓΚΑΡΣΙΟ ΚΟΙΛΙΑΚΟ ΜΥ (TRAM), ΜΟΝΟΣ ΜΙΣΧΟΣ, ΠΕΡΙΛΑΜΒΑΝΕΙ ΣΥΓΚΛΕΙΣΗ ΤΗΣ ΠΕΡΙΟΧΗΣ-ΔΟΤΗ;;;;;
723;X618695;ΑΠΟΚΑΤΑΣΤΑΣΗ ΜΑΣΤΟΥ ΜΕ ΜΥΟΔΕΡΜΑΤΙΚΟ ΚΡΗΜΝΟ ΑΠΟ ΤΟΝ ΟΡΘΟ ΕΓΚΑΡΣΙΟ ΚΟΙΛΙΑΚΟ ΜΥ (TRAM), ΜΟΝΟΣ ΜΙΣΧΟΣ, ΠΕΡΙΛΑΜΒΑΝΕΙ ΣΥΓΚΛΕΙΣΗ ΤΗΣ ΠΕΡΙΟΧΗΣ-ΔΟΤΗ. ΜΕ ΜΙΚΡΟΑΓΓΕΙΑΚΗ ΑΝΑΣΤΟΜΩΣΗ;;;;;
724;X618697;ΑΠΟΚΑΤΑΣΤΑΣΗ ΜΑΣΤΟΥ ΜΕ ΜΥΟΔΕΡΜΑΤΙΚΟ ΚΡΗΜΝΟ ΑΠΟ ΤΟΝ ΟΡΘΟ ΕΓΚΑΡΣΙΟ ΚΟΙΛΙΑΚΟ ΜΥ (TRAM), ΜΟΝΟΣ ΜΙΣΧΟΣ, ΠΕΡΙΛΑΜΒΑΝΕΙ ΣΥΓΚΛΕΙΣΗ ΤΗΣ ΠΕΡΙΟΧΗΣ-ΔΟΤΗ;;;;;
725;X618699;ΑΝΟΙΚΤΗ ΠΕΡΙΠΡΟΣΘΕΤΙΚΗ ΘΥΛΑΚΟΤΟΜΗ, ΜΑΣΤΟΣ;;;;;
726;X618701;ΠΕΡΙΠΡΟΣΘΕΤΙΚΗ ΕΚΤΟΜΗ ΑΡΘΡΙΚΟΥ ΘΥΛΑΚΑ, ΜΑΣΤΟΣ;;;;;
727;X618719;ΑΝΑΘΕΩΡΗΣΗ ΜΑΣΤΙΚΗΣ ΑΠΟΚΑΤΑΣΤΑΣΗΣ;;;;;
728;X618751;ΠΡΟΕΤΟΙΜΑΣΙΑ ΔΙΑΜΟΡΦΩΣΗΣ ΓΙΑ ΣΥΝΗΘΕΣ ΕΜΦΥΤΕΥΜΑ ΜΑΣΤΟΥ;;;;;
729;X618957;ΜΗ ΚΑΤΑΓΕΓΡΑΜΜΕΝΗ ΔΙΑΔΙΚΑΣΙΑ, ΜΑΣΤΟΣ;;;;;
730;X619959;ΔΙΑΝΟΙΞΗ ΑΠΟΣΤΗΜΑΤΟΣ ΜΑΛΑΚΟΥ ΙΣΤΟΥ (Π.Χ. ΔΕΥΤΕΡΟΠΑΘΟΥΣ ΜΕΤΑ ΟΣΤΕΟΜΥΕΛΙΤΙΔΑ), ΕΠΙΠΟΛΗΣ;;;;;
Β.3;ΜΥΟΣΚΕΛΕΤΙΚΟ ΣΥΣΤΗΜΑ ΓΕΝΙΚΑ;;;;;;
731;X619969;ΕΚΤΟΜΗ ΑΠΟΣΤΗΜΑΤΟΣ ΜΑΛΑΚΟΥ ΙΣΤΟΥ (Π.Χ. ΔΕΥΤΕΡΟΠΑΘΟΥΣ ΜΕΤΑ ΟΣΤΕΟΜΥΕΛΙΤΙΔΑ), ΕΝ ΤΩ ΒΑΘΕΙ Ή ΕΠΙΠΕΠΛΕΓΜΕΝΗ;;;;;
732;X620159;ΔΙΕΡΕΥΝΗΣΗ ΝΗΣΣΟΝΟΣ ΤΡΑΥΜΑΤΟΣ (ΧΩΡΙΣΤΗ ΔΙΑΔΙΚΑΣΙΑ), ΑΥΧΕΝΑΣ;;;;;
733;X620161;ΔΙΕΡΕΥΝΗΣΗ  ΝΗΣΣΟΝΟΣ ΤΡΑΥΜΑΤΟΣ (ΧΩΡΙΣΤΗ ΔΙΑΔΙΚΑΣΙΑ), ΘΩΡΑΚΑΣ;;;;;
734;X620163;ΔΙΕΡΕΥΝΗΣΗ  ΝΗΣΣΟΝΟΣ ΤΡΑΥΜΑΤΟΣ (ΧΩΡΙΣΤΗ ΔΙΑΔΙΚΑΣΙΑ),  ΚΟΙΛΙΑ/ΛΑΓΟΝΙΟΣ ΒΟΘΡΟΣ/ΠΛΑΤΗ;;;;;
735;X620165;ΔΙΕΡΕΥΝΗΣΗ ΝΗΣΣΟΝΟΣ ΤΡΑΥΜΑΤΟΣ (ΧΩΡΙΣΤΗ ΔΙΑΔΙΚΑΣΙΑ), ΑΚΡΟ;;;;;
736;X620259;ΕΚΤΟΜΗ ΕΠΙΦΥΣΙΑΚΗΣ ΓΕΦΥΡΑΣ, ΜΕ Ή ΧΩΡΙΣ ΑΥΤΟΛΟΓΟ ΜΟΣΧΕΥΜΑ ΜΑΛΑΚΟΥ ΙΣΤΟΥ ΛΗΦΘΕΝ ΜΕΣΩ ΤΗΣ ΙΔΙΑΣ ΤΟΜΗΣ ΤΗΣ ΠΕΡΙΤΟΝΙΑΣ;;;;;
737;X620359;ΒΙΟΨΙΑ, ΜΥΣ, ΕΠΙΠΟΛΗΣ;;;;;
738;X620369;ΒΙΟΨΙΑ, ΜΥΣ, ΕΝ ΤΩ ΒΑΘΕΙ;;;;;
739;X620371;ΒΙΟΨΙΑ, ΜΥΣ, ΔΙΑΔΕΡΜΙΚΗ ΒΕΛΟΝΗ;;;;;
740;X620399;ΒΙΟΨΙΑ, ΟΣΤΟΥΝ, ΚΑΝΟΥΛΑ (TROCAR) Ή ΒΕΛΟΝΗ, ΕΠΙΠΟΛΗΣ (Π.Χ. ΛΑΓΟΝΙΟ, ΣΤΕΡΝΟ,  ΑΚΑΝΘΩΔΗΣ ΑΠΟΦΥΣΗ ΣΠΟΝΔΥΛΩΝ, ΠΛΕΥΡΕΣ);;;;;
741;X620409;ΒΙΟΨΙΑ, ΟΣΤΟΥΝ, ΚΑΝΟΥΛΑ (TROCAR) Ή ΒΕΛΟΝΗ, ΕΝ ΤΩ ΒΑΘΕΙ, (Π.Χ. ΣΠΟΝΔΥΛΙΚΟ ΣΩΜΑ, ΜΗΡΙΑΙΟ);;;;;
742;X620439;ΒΙΟΨΙΑ, ΟΣΤΟΥΝ, ΑΝΟΙΚΤΗ, ΕΠΙΠΟΛΗΣ (Π.Χ. ΛΑΓΟΝΙΟ,ΣΤΕΡΝΟ, ΑΚΑΝΘΩΔΗΣ ΑΠΟΦΥΣΗ ΣΠΟΝΔΥΛΩΝ, ΠΛΕΥΡΕΣ, ΤΡΟΧΑΝΤΗΡΑΣ ΤΟΥ ΜΗΡΙΑΙΟΥ);;;;;
743;X620449;ΒΙΟΨΙΑ, ΟΣΤΟΥΝ, ΑΝΟΙΚΤΗ, ΕΝ ΤΩ ΒΑΘΕΙ (Π.Χ. ΒΡΑΧΙΟΝΙΟ, ΙΣΧΙΟ, ΜΗΡΙΑΙΟ);;;;;
744;X620459;ΒΙΟΨΙΑ, ΣΠΟΝΔΥΛΙΚΟ ΣΩΜΑ, ΑΝΟΙΚΤΗ, ΘΩΡΑΚΙΚΗ;;;;;
745;X620461;ΒΙΟΨΙΑ, ΣΠΟΝΔΥΛΙΚΟ ΣΩΜΑ, ΑΝΟΙΚΤΗ, ΟΣΦΥΙΚΗ Ή ΑΥΧΕΝΙΚΗ;;;;;
746;X620959;ΕΝΕΣΗ ΣΕ ΣΥΡΙΓΓΙΟ, ΘΕΡΑΠΕΥΤΙΚΗ (ΧΩΡΙΣΤΗ ΔΙΑΔΙΚΑΣΙΑ);;;;;
747;X620961;ΕΝΕΣΗ ΣΕ ΣΥΡΙΓΓΙΟ, ΔΙΑΓΝΩΣΤΙΚΗ (ΣΥΡΙΓΓΟΓΡΑΦΙΑ);;;;;
748;X620999;ΑΦΑΙΡΕΣΗ ΞΕΝΟΥ ΣΩΜΑΤΟΣ ΣΕ ΜΥ Ή ΕΛΥΤΡΟ ΤΕΝΟΝΤΑ, ΑΠΛΗ;;;;;
749;X621009;ΑΦΑΙΡΕΣΗ ΞΕΝΟΥ ΣΩΜΑΤΟΣ ΣΕ ΜΥ Ή ΕΛΥΤΡΟ ΤΕΝΟΝΤΑ, ΕΝ ΤΩ ΒΑΘΕΙ Ή ΕΠΙΠΕΠΛΕΓΜΕΝΗ;;;;;
750;X621011;ΕΝΕΣΗ, ΘΕΡΑΠΕΥΤΙΚΗ (Π.Χ. ΜΕ ΤΟΠΙΚΟ ΑΝΑΙΣΘΗΤΙΚΟ/ΚΟΡΤΙΚΟΣΤΕΡΟΕΙΔΗ), ΚΑΡΠΙΑΙΟΣ ΣΩΛΗΝΑΣ;;;;;
751;X621059;ΕΝΕΣΕΙΣ, ΕΝΑ ΕΛΥΤΡΟ ΤΕΝΟΝΤΑ Ή ΣΥΝΔΕΣΜΟΣ Ή ΑΠΟΝΕΥΡΩΣΗ (Π.Χ. ΠΕΛΜΑΤΙΑΙΑ ΑΠΟΝΕΥΡΩΣΗ);;;;;
752;X621061;ΕNEΣΗ(ΕΙΣ), ΕΝΑΣ ΤΕΝΟΝΤΑΣ ΕΚΦΥΣΗ/ΚΑΤΑΦΥΣΗ;;;;;
753;X621063;ΕΝΕΣΗ(ΕΙΣ), ΕΝΑ Ή ΠΟΛΛΑΠΛΑ ΕΚΛΥΤΙΚΑ ΣΗΜΕΙΑ, 1 Ή 2 ΜΥΕΣ;;;;;
754;X621065;ΕΝΕΣΗ(ΕΙΣ), ΕΝΑ Ή ΠΟΛΛΑΠΛΑ ΕΚΛΥΤΙΚΑ ΣΗΜΕΙΑ, 3 Ή ΠΕΡΙΣΣΟΤΕΡΟΙ ΜΥΕΣ;;;;;
755;X621069;ΕΜΦΥΤΕΥΣΗ ΒΕΛΟΝΩΝ Η ΚΑΘΕΤΗΡΑ ΣΕ ΜΥ Ή / ΚΑΙ ΣΕ ΜΑΛΑΚΑ ΜΟΡΙΑ ΓΙΑ ΕΦΑΡΜΟΓΗ ΕΝΔΟΪΣΤΙΚΗΣ ΒΡΑΧΥΘΕΡΑΠΕΙΑΣ (ΣΥΓΧΡΟΝΩΣ ΜΕ ΤΗΝ  ΧΕΙΡΟΥΡΓΙΚΗ ΔΙΑΔΙΚΑΣΙΑ Ή ΣΕ ΔΕΥΤΕΡΟ ΧΡΟΝΟ);;;;;
756;X621159;ΑΡΘΡΟΚΕΝΤΗΣΗ, ΑΝΑΡΡΟΦΗΣΗ ΚΑΙ/Ή ΕΝΕΣΗ, ΜΙΚΡΗ ΑΡΘΡΩΣΗ Ή ΘΥΛΑΚΟΣ (Π.Χ. ΔΑΚΤΥΛΟΙ ΧΕΙΡΟΣ/ΠΟΔΟΣ);;;;;
757;X621169;ΑΡΘΡΟΚΕΝΤΗΣΗ, ΑΝΑΡΡΟΦΗΣΗ ΚΑΙ/Ή ΕΝΕΥΣΗ,  ΜΕΣΑΙΑ  ΑΡΘΡΩΣΗ Ή ΘΥΛΑΚΟΣ (Π.Χ. ΚΡΟΤΑΦΟΓΝΑΘΙΚΗ, ΑΚΡΟΜΙΟΚΛΕΙΔΙΚΗ, ΚΑΡΠΟΣ, ΑΓΚΩΝΑΣ Ή ΠΟΔΟΚΝΗΜΙΚΗ ΘΥΛΑΚΟΣ ΤΟΥ ΩΛΕΚΡΑΝΟΥ);;;;;
758;X621179;ΑΡΘΡΟΚΕΝΤΗΣΗ, ΑΝΑΡΡΟΦΗΣΗ ΚΑΙ/Ή ΕΝΕΣΗ, ΜΕΙΖΩΝ ΑΡΘΡΩΣΗ Ή ΘΥΛΑΚΟΣ (Π.Χ. ΩΜΟΣ, ΙΣΧΙΟ, ΑΡΘΡΩΣΗ ΓΟΝΑΤΟΥ, ΥΠΑΚΡΩΜΙΑΚΟΣ ΘΥΛΑΚΟΣ);;;;;
759;X621183;ΑΝΑΡΡΟΦΗΣΗ ΚΑΙ/Ή ΕΝΕΣΗ ΚΥΣΤΗΣ(ΩΝ) ΓΑΓΓΛΙΟΥ ΟΠΟΙΑΔΗΠΟΤΕ ΤΟΠΟΘΕΣΙΑ;;;;;
760;X621189;ΑΝΑΡΡΟΦΗΣΗ ΚΑΙ ΕΝΕΣΗ ΓΙΑ ΘΕΡΑΠΕΙΑ ΟΣΤΙΚΗΣ ΚΥΣΤΗΣ;;;;;
761;X621259;ΤΟΠΟΘΕΤΗΣΗ ΣΥΡΜΑΤΟΣ Ή ΒΕΛΟΝΗΣ ΜΕ ΕΦΑΡΜΟΓΗ ΣΚΕΛΕΤΙΚΗΣ ΕΛΞΗΣ ΠΕΡΙΛΑΜΒΑΝΕΙ ΑΦΑΙΡΕΣΗ (ΞΕΧΩΡΙΣΤΗ ΔΙΑΔΙΚΑΣΙΑ);;;;;
762;X621279;ΕΦΑΡΜΟΓΗ ΚΡΑΝΙΑΚΩΝ ΛΑΒΙΔΩΝ, ΝΑΡΘΗΚΑ, Ή ΣΤΕΡΕΟΤΑΚΤΙΚΟΥ ΠΛΑΙΣΙΟΥ, ΠΕΡΙΛΑΜΒΑΝΕΙ ΑΦΑΙΡΕΣΗ (ΞΕΧΩΡΙΣΤΗ ΔΙΑΔΙΚΑΣΙΑ);;;;;
763;X621281;ΕΦΑΡΜΟΓΗ ΣΥΣΚΕΥΗΣ ΣΚΕΛΕΤΙΚΗΣ ΣΥΓΚΡΑΤΗΣΗΣ HALO, ΠΕΡΙΛΑΜΒΑΝΕΙ ΑΦΑΙΡΕΣΗ, ΚΡΑΝΙΑΚΗ;;;;;
764;X621283;ΕΦΑΡΜΟΓΗ ΣΥΣΚΕΥΗΣ ΣΚΕΛΕΤΙΚΗΣ ΣΥΓΚΡΑΤΗΣΗΣ HALO, ΠΕΡΙΛΑΜΒΑΝΕΙ ΑΦΑΙΡΕΣΗ, ΠΥΕΛΙΚΗ;;;;;
765;X621285;ΕΦΑΡΜΟΓΗ ΣΥΣΚΕΥΗΣ ΣΚΕΛΕΤΙΚΗΣ ΣΥΓΚΡΑΤΗΣΗΣ HALO, ΠΕΡΙΛΑΜΒΑΝΕΙ ΑΦΑΙΡΕΣΗ, ΜΗΡΙΑΙΑ;;;;;
766;X621287;ΕΦΑΡΜΟΓΗ ΣΥΣΚΕΥΗΣ ΣΚΕΛΕΤΙΚΗΣ ΣΥΓΚΡΑΤΗΣΗΣ HALO, ΠΕΡΙΛΑΜΒΑΝΕΙ ΑΦΑΙΡΕΣΗ, ΚΡΑΝΙΑΚΗ,ΤΟΠΟΘΕΤΗΣΗ 6 Ή ΠΕΡΙΣΣΟΤΕΡΩΝ ΒΕΛΟΝΩΝ ΓΙΑ ΟΣΤΕΟΛΟΓΙΑ ΛΕΠΤΟΥ ΚΡΑΝΙΟΥ (Π.Χ. ΠΑΙΔΙΑΤΡΙΚΟΙ ΑΣΘΕΝΕΙΣ, ΥΔΡΟΚΕΦΑΛΙΑ ΑΤΕΛΗΣ ΟΣΤΕΟΓΕΝΕΣΗ), ΑΠΑΙΤΕΙ ΓΕΝΙΚΗ ΑΝΑΙΣΘΗΣΙΑ;;;;;
767;X621289;ΑΦΑΙΡΕΣΗ ΛΑΒΙΔΩΝ Ή ΣΚΕΛΕΤΙΚΩΝ ΣΤΗΡΙΓΜΑΤΩΝ HALO ΠΟΥ ΕΧΟΥΝ ΤΟΠΟΘΕΤΗΘΕΙ ΑΠΟ ΑΛΛΟ ΙΑΤΡΟ;;;;;
768;X621299;ΑΦΑΙΡΕΣΗ ΕΜΦΥΤΕΥΜΑΤΟΣ, ΕΠΙΠΟΛΗΣ, (Π.Χ ΘΑΜΕΝΟ ΣΥΡΜΑ, ΒΕΛΟΝΗ Ή ΉΛΟ) (ΧΩΡΙΣΤΗ ΔΙΑΔΙΚΑΣΙΑ);;;;;
769;X621319;ΑΦΑΙΡΕΣΗ ΕΜΦΥΤΕΥΜΑΤΟΣ, ΕΝ ΤΩ ΒΑΘΕΙ (Π.Χ.  ΘΑΜΕΝΟ ΣΥΡΜΑ, ΒΕΛΟΝΗ, ΒΙΔΑ, ΜΕΤΑΛΙΚΗ ΛΩΡΙΔΑ, ΗΛΟΣ Ή ΠΛΑΚΑ);;;;;
770;X621339;ΕΦΑΡΜΟΓΗ ΜΟΝΟΑΞΟΝΙΚΗΣ ΣΥΣΚΕΥΗΣ (ΒΕΛΟΝΕΣ Ή ΣΥΡΜΑΤΑ ΣΕ ΜΙΑ ΣΥΣΚΕΥΗ), ΕΤΕΡΟΠΛΕΥΡΗ ΣΥΣΤΗΜΑ ΕΞΩΤΕΡΙΚΗΣ  ΟΣΤΕΟΣΥΝΘΕΣΗΣ;;;;;
771;X621343;ΕΦΑΡΜΟΓΗ ΠΟΛΥΑΞΟΝΙΚΗΣ  ΣΥΣΚΕΥΗΣ (ΒΕΛΟΝΕΣ Ή ΣΥΡΜΑΤΑ ΣΕ ΠΕΡΙΣΣΟΤΕΡΑ ΑΠΟ ΕΝΑ ΕΠΙΠΕΔΑ),  ΕΤΕΡΟΠΛΕΥΡΗ, ΣΥΣΤΗΜΑ ΕΞΩΤΕΡΙΚΗΣ  ΟΣΤΕΟΣΥΝΘΕΣΗΣ  (Π.Χ. ΤΥΠΟΥ ILIZAROV, MONTICELLI);;;;;
772;X621345;ΠΡΟΣΑΡΜΟΓΗ Ή ΑΝΑΘΕΩΡΗΣΗ ΣΥΣΤΗΜΑΤΟΣ ΕΞΩΤΕΡΙΚΗΣ  ΟΣΤΕΟΣΥΝΘΕΣΗΣ , ΑΠΑΙΤΕΙ ΑΝΑΙΣΘΗΣΙΑ (Π.Χ. ΝΕΑ ΒΕΛΟΝΗ[ΕΣ] Ή ΣΥΡΜΑ[ΤΑ] ΚΑΙ/Ή ΝΕΟΣ ΔΑΚΤΥΛΙΟΣ[ΟΙ) Ή  ΡΑΒΔΟΣ (ΟΙ));;;;;
773;X621347;ΑΦΑΙΡΕΣΗ, ΥΠΟ ΑΝΑΙΣΘΗΣΙΑ, ΤΟΥ ΣΥΣΤΗΜΑΤΟΣ ΕΞΩΤΕΡΙΚΗΣ  ΟΣΤΕΟΣΥΝΘΕΣΗΣ;;;;;
774;X621351;ΕΦΑΡΜΟΓΗ  ΠΟΛΥΑΞΟΝΙΚΗΣ ΣΥΣΚΕΥΗΣ (ΒΕΛΟΝΕΣ Ή ΣΥΡΜΑΤΑ ΣΕ ΠΕΡΙΣΣΟΤΕΡΑ ΑΠΟ ΕΝΑ ΕΠΙΠΕΔΑ),  ΕΤΕΡΟΠΛΕΥΡΗ, ΕΞΩΤΕΡΙΚΗ  ΟΣΤΕΟΣΥΝΘΕΣΗ ΜΕ ΣΤΕΡΕΟΤΑΚΤΙΚΗ ΥΠΟΛΟΓΙΣΤΙΚΑ ΥΠΟΒΟΗΘΟΥΜΕΝΗ ΠΡΟΣΑΡΜΟΓΗ, (Π.Χ. ΧΩΡΙΚΟ ΠΛΑΙΣΙΟ), ΠΕΡΙΛΑΜΒΑΝΕΙ ΑΠΕΙΚΟΝΙΣΗ, ΑΡΧΙΚΗ ΚΑΙ ΕΠΑΚΟΛΟΥΘΗ ΕΥΘΥΓΡΑΜΜΙΣΗ(ΕΙΣ), ΑΞΙΟΛΟΓΗΣΗ(ΕΙΣ), ΚΑΙ ΥΠΟΛΟΓΙΣΜΟ (ΟΥΣ) ΤΟΥ ΠΡΟΓΡΑΜΜΑΤΟΣ(ΩΝ) ΠΡΟΣΑΡΜΟΓΗΣ;;;;;
775;X621353;ΕΦΑΡΜΟΓΗ ΠΟΛΥΑΞΟΝΙΚΗΣ ΣΥΣΚΕΥΗΣ (ΒΕΛΟΝΕΣ Ή ΣΥΡΜΑΤΑ ΣΕ ΠΕΡΙΣΣΟΤΕΡΑΑΠΟ ΕΝΑ ΕΠΙΠΕΔΑ),  ΕΤΕΡΟΠΛΕΥΡΗ, ΕΞΩΤΕΡΙΚΗ  ΟΣΤΕΟΣΥΝΘΕΣΗ ΜΕ ΣΤΕΡΕΟΤΑΚΤΙΚΗ ΥΠΟΛΟΓΙΣΤΙΚΑ ΥΠΟΒΟΗΘΟΥΜΕΝΗ ΠΡΟΣΑΡΜΟΓΗ, (Π.Χ. ΧΩΡΙΚΟ ΠΛΑΙΣΙΟ), ΠΕΡΙΛΑΜΒΑΝΕΙ ΑΠΕΙΚΟΝΙΣΗ, ΑΛΛΑΓΗ (Π.Χ. ΑΦΑΙΡΕΣΗ ΚΑΙ ΑΝΤΙΚΑΤΑΣΤΑΣΗ) ΤΟΥ ΕΛΑΣΜΑΤΟΣ, ΚΑΘΕ ΜΙΑ;;;;;
776;X621563;ΕΠΑΝΕΜΦΥΤΕΥΣΗ, ΒΡΑΧΙΟΝΑΣ (ΠΕΡΙΛΑΜΒΑΝΕΙ ΧΕΙΡΟΥΡΓΙΚΟ ΑΥΧΕΝΑ ΒΡΑΧΙΟΝΙΟΥ ΟΣΤΟΥ ΜΕΣΩ ΤΗΣ ΑΡΘΡΩΣΗΣ ΤΟΥ ΑΓΚΩΝΑ), ΟΛΙΚΟΣ ΑΚΡΩΤΗΡΙΑΣΜΟΣ;;;;;
777;X621569;ΕΠΑΝΕΜΦΥΤΕΥΣΗ, ΑΝΤΙΒΡΑΧΙΟ (ΠΕΡΙΛΑΜΒΑΝΕΙ ΤΗΝ ΚΕΡΚΙΔΑ ΚΑΙ ΤΗΝ ΩΛΕΝΗ ΕΩΣ ΤΗΝ ΚΑΡΠΙΑΙΑ ΑΡΘΡΩΣΗ) ΟΛΙΚΟΣ ΑΚΡΩΤΗΡΙΑΣΜΟΣ;;;;;
778;X621575;ΕΠΑΝΕΜΦΥΤΕΥΣΗ, ΑΚΡΑ ΧΕΙΡΑ (ΠΕΡΙΛΑΜΒΑΝΕΙ ΤΗΝ ΠΑΛΑΜΗ ΜΕΣΩ ΤΩΝ ΜΕΤΑΚΑΡΠΙΟΦΑΛΑΓΓΙΚΩΝ ΑΡΘΡΩΣΕΩΝ) ΟΛΙΚΟΣ ΑΚΡΩΤΗΡΙΑΣΜΟΣ;;;;;
779;X621591;ΕΠΑΝΕΜΦΥΤΕΥΣΗ, ΔΑΚΤΥΛΟΣ, ΕΞΑΙΡΟΥΜΕΝΟΥ ΤΟΥ ΑΝΤΙΧΕΙΡΑ (ΠΕΡΙΛΑΜΒΑΝΕΙ ΑΠΟ ΤΗΝ ΜΕΤΑΚΑΡΠΙΟΦΑΛΑΓΓΙΚΗ ΑΡΘΡΩΣΗ ΕΩΣ ΤΗΝ  ΚΑΤΑΦΥΣΗ ΤΟΥ ΤΕΝΟΝΤΑ ΚΑΜΠΤΗΡΑ ΤΩΝ ΔΑΚΤΥΛΩΝ), ΟΛΙΚΟΣ ΑΚΡΩΤΗΡΙΑΣΜΟΣ;;;;;
780;X621603;ΕΠΑΝΕΜΦΥΤΕΥΣΗ, ΔΑΚΤΥΛΟΣ, ΕΞΑΙΡΟΥΜΕΝΟΥ ΤΟΥ ΑΝΤΙΧΕΙΡΑ (ΠΕΡΙΛΑΜΒΑΝΕΙ ΑΠΟ ΤΟ ΠΕΡΙΦΕΡΙΚΟ ΑΚΡΟ  ΕΩΣ  ΤΗΝ  ΚΑΤΑΦΥΣΗ  ΤΟΥ ΤΕΝΟΝΤΑ ΤΩΝ ΔΑΚΤΥΛΩΝ), ΟΛΙΚΟΣ ΑΚΡΩΤΗΡΙΑΣΜΟΣ;;;;;
781;X621607;ΕΠΑΝΕΜΦΥΤΕΥΣΗ, ΑΝΤΙΧΕΙΡΑΣ (ΠΕΡΙΛΑΜΒΑΝΕΙ ΑΠΟ ΤΗΝ ΚΑΡΠΟΜΕΤΑΚΑΡΠΙΑ ΑΡΘΡΩΣΗ ΕΩΣ ΤΗΝ ΜΕΤΑΚΑΡΠΙΟΦΑΛΑΓΓΙΚΗ ΑΡΘΡΩΣΗ),  ΟΛΙΚΟΣ ΑΚΡΩΤΗΡΙΑΣΜΟΣ;;;;;
782;X621613;ΕΠΑΝΕΜΦΥΤΕΥΣΗ, ΑΝΤΙΧΕΙΡΑΣ (ΠΕΡΙΛΑΜΒΑΝΕΙ ΑΠΟ ΤΟ ΠΕΡΙΦΕΡΙΚΟ ΑΚΡΟ ΕΩΣ ΤΗΝ ΜΕΤΑΚΑΡΠΙΟΦΑΛΑΓΓΙΚΗ ΑΡΘΡΩΣΗ), ΟΛΙΚΟΣ ΑΚΡΩΤΗΡΙΑΣΜΟΣ;;;;;
783;X621635;ΕΠΑΝΕΜΦΥΤΕΥΣΗ, ΑΚΡΟΣ ΠΟΥΣ, ΟΛΙΚΟΣ ΑΚΡΩΤΗΡΙΑΣΜΟΣ;;;;;
784;X621759;ΟΣΤΙΚΟ ΜΟΣΧΕΥΜΑ, ΟΠΟΙΑΔΗΠΟΤΕ ΕΠΙΦΑΝΕΙΑ-ΔΟΤΗΣ, ΜΙΚΡΟ (Π.Χ. ΤΥΠΟΥ ΣΠΕΙΡΟΥ Ή ΟΠΗΣ);;;;;
785;X621763;ΟΣΤΙΚΟ ΜΟΣΧΕΥΜΑ, ΟΠΟΙΑΔΗΠΟΤΕ ΕΠΙΦΑΝΕΙΑ-ΔΟΤΗΣ, ΜΕΓΑΛΟ;;;;;
786;X621779;ΧΟΝΔΡΙΚΟ ΜΟΣΧΕΥΜΑ, ΠΛΕΥΡΙΚΟΣ ΧΟΝΔΡΟΣ;;;;;
787;X621783;ΧΟΝΔΡΙΚΟ ΜΟΣΧΕΥΜΑ, ΡΙΝΙΚΟ ΔΙΑΦΡΑΓΜΑ;;;;;
788;X621799;ΜΟΣΧΕΥΜΑ ΠΛΑΤΕΙΑΣ ΠΕΡΙΤΟΝΙΑΣ, ΜΕ  ΕΡΓΑΛΕΙΟ ΛΗΨΗΣ ΜΟΣΧΕΥΜΑΤΟΣ;;;;;
789;X621803;ΜΟΣΧΕΥΜΑ ΠΛΑΤΕΙΑΣ ΠΕΡΙΤΟΝΙΑΣ, ΜΕ ΤΟΜΗ ΚΑΙ ΑΠΟΚΑΛΥΨΗ  ΠΕΡΙΟΧΗΣ, ΣΥΝΘΕΤΟ Ή ΤΥΠΟΥ ΦΥΛΛΟΥ;;;;;
790;X621807;ΜΟΣΧΕΥΜΑ ΤΕΝΟΝΤΑ, ΕΞ' ΑΠΟΣΤΑΣΕΩΣ (Π.Χ. ΠΑΛΑΜΙΑΙΟΣ, ΕΚΤΕΙΝΩΝ ΔΑΚΤΥΛΟΥ ΠΟΔΑ, ΠΕΛΜΑΤΙΑΙΟΣ);;;;;
791;X621811;ΜΟΣΧΕΥΜΑΤΑ ΙΣΤΟΥ, ΑΛΛΑ (Π.Χ.,  ΠΑΡΑΤΕΝΟΝΤΙΟ ΛΙΠΟΣ, ΚΥΡΙΩΣ ΔΕΡΜΑ);;;;;
792;X621819;ΑΛΛΟΜΟΣΧΕΥΜΑ ΜΟΝΟ ΓΙΑ ΧΕΙΡΟΥΡΓΙΚΗ ΣΠΟΝΔΥΛΙΚΗΣ ΣΤΗΛΗΣ. KATATMHMENO (ΚΑΤΑΧΩΡΗΣΤΕ ΞΕΧΩΡΙΣΤΑ ΕΠΙΠΛΕΟΝ ΤΟΥ ΚΩΔΙΚΟΥ ΤΗΣ ΑΡΧΙΚΗΣ ΔΙΑΔΙΚΑΣΙΑΣ);;;;;
793;X621821;ΑΛΛΟΜΟΣΧΕΥΜΑ ΜΟΝΟ ΓΙΑ ΧΕΙΡΟΥΡΓΙΚΗ ΣΠΟΝΔΥΛΙΚΗΣ ΣΤΗΛΗΣ. ΔΟΜΙΚΟ (ΚΑΤΑΧΩΡΗΣΤΕ ΞΕΧΩΡΙΣΤΑ ΕΠΙΠΛΕΟΝ ΤΟΥ ΚΩΔΙΚΟΥ ΤΗΣ ΑΡΧΙΚΗΣ ΔΙΑΔΙΚΑΣΙΑΣ);;;;;
794;X621831;ΑΥΤΟΜΟΣΧΕΥΜΑ ΜΟΝΟ ΓΙΑ ΧΕΙΡΟΥΡΓΙΚΗ ΣΠΟΝΔΥΛΙΚΗΣ ΣΤΗΛΗΣ (ΠΕΡΙΛΑΜΒΑΝΕΙ ΣΥΛΛΟΓΗ ΤΟΥ ΜΟΣΧΕΥΜΑΤΟΣ). ΤΟΠΙΚΟ (Π.Χ., ΠΛΕΥΡΑ, ΕΠΕΞΕΡΓΑΣΙΑ ΤΗΣ ΣΠΟΝΔΥΛΙΚΗΣ ΣΤΗΛΗΣ Ή ΔΙΑΧΥΤΑ ΚΑΤΑΓΜΑΤΑ) ΠΟΥ ΛΑΜΒΑΝΟΝΤΑΙ ΑΠΟ ΤΗΝ ΙΔΙΑ  ΤΟΜΗ (ΚΑΤΑΧΩΡΙΣΤΕ ΞΕΧΩΡΙΣΤΑ ΕΠΙΠΛΕΟΝ ΤΟΥ  ΚΩΔΙΚΟΥ ΤΗΣ ΑΡΧΙΚΗΣ ΔΙΑΔΙΚΑΣΙΑΣ);;;;;
795;X621833;ΑΥΤΟΜΟΣΧΕΥΜΑ ΜΟΝΟ ΓΙΑ ΧΕΙΡΟΥΡΓΙΚΗ ΣΠΟΝΔΥΛΙΚΗΣ ΣΤΗΛΗΣ (ΠΕΡΙΛΑΜΒΑΝΕΙ ΣΥΥΛΛΟΓΗ ΤΟΥ ΜΟΣΧΕΥΜΑΤΟΣ) ΚΑΤΑΤΜΗΜΕΜΟ (ΜΕΣΩ ΞΕΧΩΡΙΣΤΗΣ ΤΟΜΗΣ ΣΤΟ ΔΕΡΜΑ Ή ΤΗΝ ΠΕΡΙΤΟΝΙΑ) (ΚΑΤΑΧΩΡΗΣΤΕ ΞΕΧΩΡΙΣΤΑ ΕΠΙΠΛΕΟΝ ΤΟΥ ΚΩΔΙΚΟΥ ΤΗΣ ΑΡΧΙΚΗΣ ΔΙΑΔΙΚΑΣΙΑΣ);;;;;
796;X621835;ΑΥΤΟΜΟΣΧΕΥΜΑ ΜΟΝΟ ΓΙΑ ΧΕΙΡΟΥΡΓΙΚΗ ΣΠΟΝΔΥΛΙΚΗΣ ΣΤΗΛΗΣ (ΠΕΡΙΛΑΜΒΑΝΕΙ ΣΥΥΛΛΟΓΗ ΤΟΥ ΜΟΣΧΕΥΜΑΤΟΣ) ΔΟΜΙΚΟ, ΔΙΦΛΟΙΩΔΕΣ Ή ΤΡΙΦΛΟΙΩΔΕΣ (ΜΕΣΩ ΞΕΧΩΡΙΣΤΗΣ ΤΟΜΗΣ ΣΤΟ ΔΕΡΜΑ Ή ΤΗΝ ΕΡΙΤΟΝΙΑ) (ΚΑΤΑΧΩΡΙΣΤΕ ΞΕΧΩΡΙΣΤΑ ΕΠΙΠΛΕΟΝ ΤΟΥ ΚΩΔΙΚΟΥ ΤΗΣ ΑΡΧΙΚΗΣ ΔΙΑΔΙΚΑΣΙΑΣ);;;;;
797;X621859;ΠΑΡΑΚΟΛΟΥΘΗΣΗ ΤΗΣ ΠΙΕΣΗΣ ΕΝΔΙΑΜΕΣΟΥ ΥΓΡΟΥ (ΠΕΡΙΛΑΜΒΑΝΕ ΕΙΣΑΓΩΓΗ ΣΥΣΚΕΥΗΣ, Π.Χ., ΤΕΧΝΙΚΗ ΕΥΚΑΜΠΤΟΥ ΚΑΘΕΤΗΡΑ, ΤΕΧΝΙΚΗ ΜΑΝΟΜΕΤΡΟΥ ΒΕΛΟΝΑ) ΓΙΑ ΤΗΝ ΔΙΑΓΝΩΣΗ ΤΟΥ ΣΥΝΔΡΟΜΟΥ ΔΙΑΜΕΡΙΣΜΑΤΟΣ ΜΥΟΣ;;;;;
798;X621869;ΟΣΤΙΚΟ ΜΟΣΧΕΥΜΑ ΜΕ ΜΙΚΡΟΑΓΓΕΙΑΚΗ ΑΝΑΣΤΟΜΩΣΗ. ΠΕΡΟΝΗ;;;;;
799;X621871;ΟΣΤΙΚΟ ΜΟΣΧΕΥΜΑ ΜΕ ΜΙΚΡΟΑΓΓΕΙΑΚΗ ΑΝΑΣΤΟΜΩΣΗ. ΛΑΓΟΝΙΟΣ ΑΚΡΟΛΟΦΙΑ;;;;;
800;X621873;ΟΣΤΙΚΟ ΜΟΣΧΕΥΜΑ ΜΕ ΜΙΚΡΟΑΓΓΕΙΑΚΗ ΑΝΑΣΤΟΜΩΣΗ. ΜΕΤΑΤΑΡΣΙΟ;;;;;
801;X621883;ΟΣΤΙΚΟ ΜΟΣΧΕΥΜΑ ΜΕ ΜΙΚΡΟΑΓΓΕΙΑΚΗ ΑΝΑΣΤΟΜΩΣΗ. ΕΚΤΟΣ ΤΩΝ ΠΕΡΟΝΗΣ, ΑΚΡΟΛΟΦΙΑΣ ΛΑΓΟΝΙΟΥ Ή ΜΕΤΑΤΑΡΣΙΟΥ;;;;;
802;X621897;ΕΛΕΥΘΕΡΟΣ ΟΣΤΕΟΔΕΡΜΑΤΙΚΟΣ ΚΡΗΜΝΟΣ ΜΕ ΜΙΚΡΟΑΓΓΕΙΑΚΗ ΑΝΑΣΤΟΜΩΣΗ. ΕΚΤΟΣ ΤΩΝ ΑΚΡΟΛΟΦΙΑ ΛΑΓΟΝΙΟΥ, ΜΕΤΑΤΑΡΣΙΟ Ή ΜΕΓΑΛΟ ΔΑΚΤΥΛΟ;;;;;
803;X621899;ΕΛΕΥΘΕΡΟΣ ΟΣΤΕΟΔΕΡΜΑΤΙΚΟΣ ΚΡΗΜΝΟΣ ΜΕ ΜΙΚΡΟΑΓΓΕΙΑΚΗ ΑΝΑΣΤΟΜΩΣΗ. ΑΚΡΟΛΟΦΙΑ ΛΑΓΟΝΙΟΥ;;;;;
804;X621903;ΕΛΕΥΘΕΡΟΣ ΟΣΤΕΟΔΕΡΜΑΤΙΚΟΣ ΚΡΗΜΝΟΣ  ΜΕ ΜΙΚΡΟΑΓΓΕΙΑΚΗ ΑΝΑΣΤΟΜΩΣΗ. ΜΕΤΑΤΑΡΣΙΟ;;;;;
805;X621905;ΕΛΕΥΘΕΡΟΣ ΟΣΤΕΟΔΕΡΜΑΤΙΚΟΣ ΚΡΗΜΝΟΣ ΜΕ ΜΙΚΡΟΑΓΓΕΙΑΚΗ ΑΝΑΣΤΟΜΩΣΗ. ΜΕΓΑΛΟ ΔΑΚΤΥΛΟ  ΜΕ ΜΕΣΟΔΑΚΤΥΛΙΟ ΔΙΑΣΤΗΜΑ;;;;;
806;X621907;ΗΛΕΚΤΡΙΚΗ ΔΙΕΓΕΡΣΗ ΓΙΑ ΥΠΟΒΟΗΘΗΣΗ ΕΠΟΥΛΩΣΗΣ ΟΣΤΟΥ. ΜΗ ΕΠΕΜΒΑΤΙΚΗ (ΜΗ ΧΕΙΡΟΥΡΓΙΚΗ);;;;;
807;X621909;ΗΛΕΚΤΡΙΚΗ ΔΙΕΓΕΡΣΗ ΓΙΑ ΥΠΟΒΟΗΘΗΣΗ ΕΠΟΥΛΩΣΗΣ ΟΣΤΟΥ. ΕΠΕΜΒΑΤΙΚΗ (ΧΕΙΡΟΥΡΓΙΚΗ);;;;;
808;X621917;ΔΙΕΓΕΡΣΗ ΥΠΕΡΗΧΩΝ ΧΑΜΗΛΗΣ ΕΝΤΑΣΗΣ ΓΙΑ ΥΠΟΒΟΗΘΗΣΗ ΕΠΟΥΛΩΣΗΣ ΟΣΤΟΥ, ΜΗ  ΕΠΕΜΒΑΤΙΚΗ (ΜΗ ΧΕΙΡΟΥΡΓΙΚΗ);;;;;
809;X621923;ΑΦΑΙΡΕΣΗ ΟΓΚΟΣ/ΟΙ ΟΣΤΟΥ (Π.Χ., ΟΣΤΕΟΕΙΔΕΣ ΟΣΤΕΩΜΑ, ΜΕΤΑΣΤΑΣΗ) ΡΑΔΙΟΣΥΧΝΟΤΗΤΑ, ΔΙΑΔΕΡΜΙΚΗ, ΣΤΗΝ ΟΠΟΙΑ ΠΕΡΙΛΑΜΒΑΝΟΝΤΑΙ Η ΥΠΟΛΟΓΙΣΤΙΚΗ ΤΟΜΟΓΡΑΦΙΚΗ ΚΑΘΟΔΗΓΗΣΗ;;;;;
810;X621929;ΔΙΑΔΙΚΑΣΙΑ ΔΙΕΡΕΥΝΗΤΙΚΗΣ ΧΕΙΡΟΥΡΓΙΚΗΣ ΥΠΟΒΟΗΘΟΥΜΕΝΗΣ ΑΠΟ ΥΠΟΛΟΓΙΣΤΗ ΓΙΑ ΜΥΟΣΚΕΛΕΤΙΚΕΣ ΔΙΑΔΙΚΑΣΙΕΣ, ΧΩΡΙΣ ΤΗΝ ΛΗΨΗ ΕΙΚΟΝΩΝ (ΚΑΤΑΧΩΡΙΣΤΕ ΞΕΧΩΡΙΣΤΑ ΕΠΙΠΛΕΟΝ ΤΗΣ ΚΩΔΙΚΟΠΟΙΗΣΗΣ ΤΗΣ ΑΡΧΙΚΗΣ ΔΙΑΔΙΚΑΣΙΑΣ);;;;;
811;X621957;ΜΗ ΚΑΤΑΓΕΓΡΑΜΜΕΝΗ ΔΙΑΔΙΚΑΣΙΑ, ΜΥΟΣΚΕΛΕΤΙΚΟ ΣΥΣΤΗΜΑ, ΓΕΝΙΚΗ;;;;;
Β.4;ΠΕΡΙΟΧΗ ΚΕΦΑΛΗΣ ΚΑΙ ΓΝΑΘΟΠΡΟΣΩΠΙΚΗ;;;;;;
812;X621979;ΑΡΘΡΟΤΟΜΗ, ΚΡΟΤΑΦΟΓΝΑΘΙΚΗ ΑΡΘΡΩΣΗ;;;;;
813;X621989;ΡΙΖΙΚΗ ΕΚΤΟΜΗ ΟΓΚΟΥ (Π.Χ. ΚΑΚΟΗΘΟΥΣ ΝΕΟΠΛΑΣΜΑΤΟΣ), ΜΑΛΑΚΟΣ ΙΣΤΟΣ ΠΡΟΣΩΠΟΥ Ή  ΚΡΑΝΙΟΥ;;;;;
814;X622009;ΕΚΤΟΜΗ ΟΣΤΟΥ (Π.Χ., ΓΙΑ ΟΣΤΕΟΜΥΕΛΙΤΙΔΑ Ή ΑΠΟΣΤΗΜΑ ΟΣΤΟΥ). ΚΑΤΩ ΓΝΑΘΟΣ;;;;;
815;X622011;ΕΚΤΟΜΗ ΟΣΤΟΥ (Π.Χ., ΓΙΑ ΟΣΤΕΟΜΥΕΛΙΤΙΔΑ Ή ΑΠΟΣΤΗΜΑ ΟΣΤΟΥ)ΟΣΤΟΥΝ/Α  ΠΡΟΣΩΠΟΥ;;;;;
816;X622017;ΑΦΑΙΡΕΣΗ ΚΑΛΟΗΘΟΥΣ ΟΓΚΟΥ ΤΩΝ ΟΣΤΩΝ ΤΟΥ ΠΡΟΣΩΠΟΥ (Π.Χ., ΙΝΩΔΗΣ ΔΥΣΠΛΑΣΙΑ);;;;;
817;X622019;ΕΚΤΟΜΗ ΚΑΛΟΗΘΟΥΣ ΟΓΚΟΥ Ή ΚΥΣΤΗΣ ΑΝΩ ΓΝΑΘΟΥ Ή ΖΥΓΩΜΑΤΙΚΟΥ Ή ΓΝΑΘΙΑΙΟΥ ΚΟΛΠΟΥ, ΜΕ ΕΚΠΥΡΗΝΗΣΗ ΚΑΙ  ΑΠΟΞΕΣΗ;;;;;
818;X622021;ΕΚΤΟΜΗ ΓΝΑΘΙΑΙΟΥ ΟΓΚΩΜΑΤΟΣ;;;;;
819;X622023;ΕΚΤΟΜΗ ΤΗΣ ΓΝΑΘΙΑΙΟΥ ΥΠΕΡΩΪΟΥ ΟΓΚΩΜΑΤΟΣ;;;;;
820;X622027;ΕΚΤΟΜΗ ΚΑΚΟΗΘΟΥΣ ΟΓΚΟΥ ΤΗΣ ΑΝΩ ΓΝΑΘΟΥ Ή ΤΟΥ ΖΥΓΩΜΑΤΙΚΟΥ;;;;;
821;X622039;ΕΚΤΟΜΗ ΚΑΛΟΗΘΟΥΣ ΟΓΚΟΥ Ή ΚΥΣΤΗΣ ΚΑΤΩ ΓΝΑΘΟΥ, ΜΕ ΕΚΠΥΡΗΝΗΣΗ ΚΑΙ/Ή ΑΠΟΞΕΣΗ;;;;;
822;X622047;ΕΚΤΟΜΗ ΚΑΚΟΗΘΟΥΣ ΟΓΚΟΥ ΤΗΣ ΚΑΤΩ ΓΝΑΘΟΥ. ΠΕΡΙΦΕΡΙΚΗ ΟΣΤΕΚΤΟΜΗ;;;;;
823;X622049;ΕΚΤΟΜΗ ΚΑΚΟΗΘΟΥΣ ΟΓΚΟΥ ΤΗΣ ΚΑΤΩ ΓΝΑΘΟΥ. ΡΙΖΙΚΗ ΕΚΤΟΜΗ;;;;;
824;X622051;ΕΚΤΟΜΗ ΚΑΛΟΗΘΟΥΣ ΟΓΚΟΥ Ή ΚΥΣΤΗΣ ΤΗΣ ΚΑΤΩ ΓΝΑΘΟΥ. ΑΠΑΙΤΕΙ ΕΝΔΟΣΤΟΜΑΤΙΚΗ  ΟΣΤΕΟΤΟΜΙΑ (Π.Χ., ΤΟΠΙΚΑ ΕΠΙΘΕΤΙΚΗ Ή ΚΑΤΑΣΤΡΕΠΤΙΚΗ ΒΛΑΒΗ(ΕΣ));;;;;
825;X622053;ΕΚΤΟΜΗ ΚΑΛΟΗΘΟΥΣ ΟΓΚΟΥ Ή ΚΥΣΤΗΣ ΤΗΣ ΚΑΤΩ ΓΝΑΘΟΥ. ΑΠΑΙΤΕΙ ΕΞΩΣΤΟΜΑΤΙΚΗ ΟΣΤΕΟΤΟΜΙΑ ΚΑΙ ΜΕΡΙΚΗ ΕΚΤΟΜΗ ΤΗΣ ΚΑΤΩ ΓΝΑΘΟΥ (Π.Χ., ΤΟΠΙΚΑ ΕΠΙΘΕΤΙΚΗ Ή  ΚΑΤΑΣΤΡΕΠΤΙΚΗ ΒΛΑΒΗ (ΕΣ));;;;;
826;X622055;ΕΚΤΟΜΗ ΚΑΛΟΗΘΟΥΣ ΟΓΚΟΥ Ή ΚΥΣΤΗΣ ΤΗΣ ΑΝΩ ΓΝΑΘΟΥ. ΑΠΑΙΤΕΙ ΕΝΔΟΣΤΟΜΑΤΙΚΗ ΟΣΤΕΟΤΟΜΙΑ (Π.Χ., ΤΟΠΙΚΑ ΕΠΙΘΕΤΙΚΗ Ή ΚΑΤΑΣΤΡΕΠΤΙΚΗ ΒΛΑΒΗ(ΕΣ));;;;;
827;X622057;ΕΚΤΟΜΗ ΚΑΛΟΗΘΟΥΣ ΟΓΚΟΥ Ή ΚΥΣΤΗΣ ΤΗΣ ΑΝΩ ΓΝΑΘΟΥ. ΑΠΑΙΤΕΙ ΕΞΩΣΤΟΜΑΤΙΚΗ ΟΣΤΕΟΤΟΜΙΑ ΚΑΙ ΜΕΡΙΚΗ ΕΚΤΟΜΗ ΤΗΣ ΚΑΤΩ ΓΝΑΘΟΥ (Π.Χ., ΤΟΠΙΚΑ ΕΠΙΘΕΤΙΚΗ Ή ΚΑΤΑΣΤΡΕΠΤΙΚΗ ΒΛΑΒΗ (ΕΣ));;;;;
828;X622059;ΚΟΝΔΥΛΕΚΤΟΜΗ, ΚΡΟΤΑΦΟΓΝΑΘΙΚΗ ΑΡΘΡΩΣΗ (ΞΕΧΩΡΙΣΤΗ ΔΙΑΔΙΚΑΣΙΑ);;;;;
829;X622079;ΕΚΤΟΜΗ ΜΗΝΙΣΚΟΥ, ΜΕΡΙΚΗ Ή ΠΛΗΡΗΣ, ΚΡΟΤΑΦΟΓΝΑΘΙΚΗ ΑΡΘΡΩΣΗ (ΞΕΧΩΡΙΣΤΗ ΔΙΑΔΙΚΑΣΙΑ);;;;;
830;X622099;ΚΟΡΩΝΟΕΙΔΕΚΤΟΜΗ (ΞΕΧΩΡΙΣΤΗ ΔΙΑΔΙΚΑΣΙΑ);;;;;
831;X622105;ΘΕΡΑΠΕΥΤΙΚΟΣ ΧΕΙΡΙΣΜΟΣ ΤΗΣ/ΤΩΝ ΚΡΟΤΑΦΟΓΝΑΘΙΚΗΣ/ΩΝ ΑΡΘΡΩΣΗΣ/ΣΕΩΝ (ΚΓΑ), ΑΠΑΙΤΕΙ ΝΑΡΚΩΣΗ (Π.Χ., ΓΕΝΙΚΗ Ή ΕΠΙΤΗΡΟΥΜΕΝΗ ΝΑΡΚΩΣΗ);;;;;
832;X622111;ΑΠΟΤΥΠΩΜΑ ΚΑΙ ΠΡΟΣΑΡΜΟΣΜΕΝΗ ΠΡΟΕΤΟΙΜΑΣΙΑ. ΧΕΙΡΟΥΡΓΙΚΗ ΠΡΟΘΕΣΗ ΣΥΓΚΛΕΙΣΗΣ ΥΠΕΡΩΑΣ;;;;;
833;X622113;ΑΠΟΤΥΠΩΜΑ ΚΑΙ ΠΡΟΣΑΡΜΟΣΜΕΝΗ ΠΡΟΕΤΟΙΜΑΣΙΑ. ΚΟΓΧΙΚΗ ΠΡΟΣΘΕΤΙΚΗ;;;;;
834;X622117;ΑΠΟΤΥΠΩΜΑ ΚΑΙ ΠΡΟΣΑΡΜΟΣΜΕΝΗ ΠΡΟΕΤΟΙΜΑΣΙΑ. ΕΝΔΙΑΜΕΣΗ ΠΡΟΘΕΣΗ ΣΥΓΚΛΕΙΣΗΣ ΥΠΕΡΩΑΣ;;;;;
835;X622119;ΑΠΟΤΥΠΩΜΑ ΚΑΙ ΠΡΟΣΑΡΜΟΣΜΕΝΗ ΠΡΟΕΤΟΙΜΑΣΙΑ. ΟΡΙΣΤΙΚΗ ΠΡΟΘΕΣΗ ΣΥΓΚΛΕΙΣΗΣ ΥΠΕΡΩΑΣ;;;;;
836;X622121;ΑΠΟΤΥΠΩΜΑ ΚΑΙ ΠΡΟΣΑΡΜΟΣΜΕΝΗ ΠΡΟΕΤΟΙΜΑΣΙΑ. ΠΡΟΣΘΕΤΙΚΗ ΜΕΤΑ ΕΚΤΟΜΗ ΓΝΑΘΟΥ;;;;;
837;X622123;ΑΠΟΤΥΠΩΜΑ ΚΑΙ ΠΡΟΣΑΡΜΟΣΜΕΝΗ ΠΡΟΕΤΟΙΜΑΣΙΑ. ΠΡΟΣΘΕΤΙΚΗ ΑΥΞΗΣΗΣ ΥΠΕΡΩΑΣ;;;;;
838;X622125;ΑΠΟΤΥΠΩΜΑ ΚΑΙ ΠΡΟΣΑΡΜΟΣΜΕΝΗ ΠΡΟΕΤΟΙΜΑΣΙΑ. ΠΡΟΣΘΕΤΙΚΗ ΑΝΥΨΩΣΗΣ ΥΠΕΡΩΑΣ;;;;;
839;X622127;ΑΠΟΤΥΠΩΜΑ ΚΑΙ ΠΡΟΣΑΡΜΟΣΜΕΝΗ ΠΡΟΕΤΟΙΜΑΣΙΑ. ΠΡΟΣΘΕΤΙΚΗ ΥΠΕΡΩΑΣ ΓΙΑ ΥΠΟΒΟΗΘΗΣΗ ΟΜΙΛΙΑΣ;;;;;
840;X622129;ΑΠΟΤΥΠΩΜΑ ΚΑΙ ΠΡΟΣΑΡΜΟΣΜΕΝΗ ΠΡΟΕΤΟΙΜΑΣΙΑ. ΧΕΙΡΟΥΡΓΙΚΟΣ ΝΑΡΘΗΚΑΣ ΣΤΟΜΑΤΟΣ;;;;;
841;X622131;ΑΠΟΤΥΠΩΜΑ ΚΑΙ ΠΡΟΣΑΡΜΟΣΜΕΝΗ ΠΡΟΕΤΟΙΜΑΣΙΑ. ΩΤΙΚΗ ΠΡΟΣΘΕΤΙΚΗ;;;;;
842;X622133;ΑΠΟΤΥΠΩΜΑ ΚΑΙ ΠΡΟΣΑΡΜΟΣΜΕΝΗ ΠΡΟΕΤΟΙΜΑΣΙΑ. ΡΙΝΙΚΗ ΠΡΟΣΘΕΤΙΚΗ;;;;;
843;X622135;ΑΠΟΤΥΠΩΜΑ ΚΑΙ ΠΡΟΣΑΡΜΟΣΜΕΝΗ ΠΡΟΕΤΟΙΜΑΣΙΑ. ΠΡΟΣΘΕΤΙΚΗ ΠΡΟΣΩΠΟΥ;;;;;
844;X622137;ΜΗ-ΕΓΓΕΓΡΑΜΜΕΝΗ ΓΝΑΘΟΠΡΟΣΩΠΙΚΗ ΠΡΟΣΘΕΤΙΚΗ ΔΙΑΔΙΚΑΣΙΑ;;;;;
845;X622159;ΕΦΑΡΜΟΓΗ ΔΙΑΤΑΞΗΣ ΤΥΠΟΥ HALO ΓΙΑ ΓΝΑΘΟΠΡΟΣΩΠΙΚΗ ΚΑΘΗΛΩΣΗ, ΠΕΡΙΛΑΜΒΑΝΕΙ ΑΦΑΙΡΕΣΗ (ΞΕΧΩΡΙΣΤΗ ΔΙΑΔΙΚΑΣΙΑ);;;;;
846;X622179;ΕΦΑΡΜΟΓΗ ΣΥΣΚΕΥΗΣ ΔΙΑΓΝΑΘΙΚΗΣ ΑΚΙΝΗΤΟΠΟΙΗΣΗΣ ΕΚΤΟΣ  ΚΑΤΑΓΜΑΤΟΣ Ή ΕΞΑΡΘΡΩΣΗΣ, ΣΥΜΠΕΡΙΛΑΜΒΑΝΕΙ ΔΙΑΔΙΚΑΣΙΑ ΑΦΑΙΡΕΣΗΣ;;;;;
847;X622191;ΔΙΑΔΙΚΑΣΙΑ ΕΓΧΥΣΗΣ ΓΙΑ ΑΡΘΡΟΓΡΑΦΙΑ ΚΡΟΤΑΦΟΓΝΑΘΙΚΗΣ ΑΡΘΡΩΣΗΣ;;;;;
848;X622199;ΓΕΝΙΟΠΛΑΣΤΙΚΗ. ΑΥΞΗΤΙΚΗ (ΑΥΤΟΜΟΣΧΕΥΜΑ, ΑΛΛΟΜΟΣΧΕΥΜΑ, ΠΡΟΣΘΕΤΙΚΟ ΥΛΙΚΟ);;;;;
849;X622201;ΓΕΝΙΟΠΛΑΣΤΙΚΗ. ΟΣΤΕΟΤΟΜΙΑ ΣΧΗΜΑΤΟΣ C, ΕΝΑ ΚΟΜΜΑΤΙ;;;;;
850;X622203;ΓΕΝΙΟΠΛΑΣΤΙΚΗ. ΟΣΤΕΟΤΟΜΙΕΣ ΣΧΗΜΑΤΟΣ C, 2 Ή ΠΕΡΙΣΣΟΤΕΡΕΣ ΟΣΤΕΟΤΟΜΙΕΣ (Π.Χ., ΣΦΗΝΟΕΙΔΗΣ ΕΚΤΟΜΗ Ή ΑΛΛΕΣ ΕΠΕΜΒΑΣΕΙΣ ΓΙΑ ΑΣΥΜΜΕΤΡΟ ΠΩΓΩΝΑ);;;;;
851;X622205;ΓΕΝΙΟΠΛΑΣΤΙΚΗ. ΟΣΤΕΟΤΟΜΙΑ ΣΧΗΜΑΤΟΣ C, ΑΥΞΗΣΗ ΜΕ ΕΝΔΙΑΜΕΣΑ ΜΟΣΧΕΥΜΑΤΑ ΟΣΤΟΥ  (ΠΕΡΙΛΑΜΒΑΝΕΙ ΤΗ ΛΗΨΗ ΑΥΤΟΜΟΣΧΕΥΜΑΤΩΝ);;;;;
852;X622209;ΑΥΞΗΤΙΚΗ, ΣΩΜΑΤΟΣ Ή ΓΩΝΙΑΣ ΓΝΑΘΟΥ. ΠΡΟΣΘΕΤΙΚΟ ΥΛΙΚΟ;;;;;
853;X622213;ΑΥΞΗΤΙΚΗ, ΣΩΜΑΤΟΣ Ή ΓΩΝΙΑΣ ΓΝΑΘΟΥ. ΜΕ ΟΣΤΙΚΟ ΜΟΣΧΕΥΜΑ, ΕΠΙΦΑΝΕΙΑΣ Ή  ΕΝΔΙΑΜΕΣΟ (ΠΕΡΙΛΑΜΒΑΝΕΙ ΤΗΝ ΛΗΨΗ ΑΥΤΟΜΟΣΧΕΥΜΑΤΟΣ);;;;;
854;X622233;ΣΜΙΚΡΥΝΣΗ ΜΕΤΩΠΟΥ. ΜΟΝΟ ΜΕ ΔΙΑΜΟΡΦΩΣΗ;;;;;
855;X622235;ΣΜΙΚΡΥΝΣΗ ΜΕΤΩΠΟΥ. ΜΕ ΔΙΑΜΟΡΦΩΣΗ ΚΑΙ ΕΦΑΡΜΟΓΗ ΠΡΟΣΘΕΤΙΚΟΥ ΥΛΙΚΟΥ Ή ΟΣΤΙΚΟ ΜΟΣΧΕΥΜΑ (ΠΕΡΙΛΑΜΒΑΝΕΙ ΛΗΨΗ ΜΟΣΧΕΥΜΑΤΟΣ);;;;;
856;X622237;ΣΜΙΚΡΥΝΣΗ ΜΕΤΩΠΟΥ. ΜΕ ΔΙΑΜΟΡΦΩΣΗ ΚΑΙ ΜΕΤΑΤΟΠΙΣΗ ΤΟΥ ΠΡΟΣΘΙΟΥ ΤΟΙΧΩΜΑΤΟΣ ΤΟΥ ΜΕΤΩΠΙΑΙΟΥ ΚΟΛΠΟΥ;;;;;
857;X622241;ΑΝΑΚΑΤΑΣΚΕΥΗ ΜΕΣOΠΡΟΣΩΠΟΥ, LEFORT I. ΕΝΑ ΤΕΜΑΧΙΟ, ΤΜΗΜΑΤΙΚΗ ΜΕΤΑΚΙΝΗΣΗ ΣΕ ΟΠΟΙΑΔΗΠΟΤΕ ΚΑΤΕΥΘΥΝΣΗ (Π.Χ.,ΓΙΑ ΣΥΝΔΡΟΜΟ ΜΑΚΡΟΥ ΠΡΟΣΩΠΟΥ), ΧΩΡΙΣ ΟΣΤΙΚΟ ΜΟΣΧΕΥΜΑ;;;;;
858;X622243;ΑΝΑΚΑΤΑΣΚΕΥΗ ΜΕΣΟΤΗΤΑΣ ΠΡΟΣΩΠΟΥ, LEFORT I. ΔΥΟ ΤΕΜΑΧΙΑ, ΜΕΤΑΚΙΝΗΣΗ ΤΜΗΜΑΤΟΣ ΣΕ ΟΠΟΙΑΔΗΠΟΤΕ ΚΑΤΕΥΘΥΝΣΗ, ΧΩΡΙΣ ΟΣΤΙΚΟ ΜΟΣΧΕΥΜΑ;;;;;
859;X622245;ΑΝΑΚΑΤΑΣΚΕΥΗ ΜΕΣΟΤΗΤΑΣ ΠΡΟΣΩΠΟΥ, LEFORT I. ΤΡΙΑ Ή ΠΕΡΙΣΣΟΤΕΡΑ ΤΕΜΑΧΙΑ, ΜΕΤΑΚΙΝΗΣΗ ΤΜΗΜΑΤΟΣ ΣΕ ΟΠΟΙΑΔΗΠΟΤΕ ΚΑΤΕΥΘΥΝΣΗ, ΧΩΡΙΣ ΟΣΤΙΚΟ ΜΟΣΧΕΥΜΑ;;;;;
860;X622249;ΑΝΑΚΑΤΑΣΚΕΥΗ ΜΕΣΟΤΗΤΑΣ ΠΡΟΣΩΠΟΥ, LEFORT I. ΈΝΑ ΤΕΜΑΧΙΟ, ΜΕΤΑΚΙΝΗΣΗ ΤΜΗΜΑΤΟΣ ΣΕ ΟΠΟΙΑΔΗΠΟΤΕ ΚΑΤΕΥΘΥΝΣΗ, ΑΠΑΙΤΟΥΝΤΑΙ ΟΣΤΙΚΑ ΜΟΣΧΕΥΜΑΤΑ (ΠΕΡΙΛΑΜΒΑΝΕΙ ΤΗΝ ΛΗΨΗ ΑΥΤΟΜΟΣΧΕΥΜΑΤΩΝ);;;;;
861;X622251;ΑΝΑΚΑΤΑΣΚΕΥΗ ΜΕΣΟΤΗΤΑΣ ΠΡΟΣΩΠΟΥ, LEFORT I. ΔΥΟ ΤΕΜΑΧΙΑ, ΜΕΤΑΚΙΝΗΣΗ ΤΜΗΜΑΤΟΣ ΣΕ ΟΠΟΙΑΔΗΠΟΤΕ ΚΑΤΕΥΘΥΝΣΗ, ΑΠΑΙΤΟΥΝΤΑΙ ΟΣΤΙΚΑ ΜΟΣΧΕΥΜΑΤΑ (ΠΕΡΙΛΑΜΒΑΝΕΙ ΤΗΝ ΛΗΨΗ ΑΥΤΟΜΟΣΧΕΥΜΑΤΩΝ) (Π.Χ., ΕΤΕΡΟΠΛΕΥΡΗ ΜΗ ΜΕΤΑΜΟΣΧΕΥΘΕΙΣΑ ΦΑΤΝΙΑΚΗ ΡΩΓΜΗ);;;;;
862;X622253;ΑΝΑΚΑΤΑΣΚΕΥΗ ΜΕΣΟΤΗΤΑΣ ΠΡΟΣΩΠΟΥ, LEFORT I. ΤΡΙΑ Ή ΠΕΡΙΣΣΟΤΕΡΑ ΤΕΜΑΧΙΑ, ΜΕΤΑΚΙΝΗΣΗ ΤΜΗΜΑΤΟΣ ΣΕ ΟΠΟΙΑΔΗΠΟΤΕ ΚΑΤΕΥΘΥΝΣΗ, ΑΠΑΙΤΟΥΝΤΑΙ ΟΣΤΙΚΑ ΜΟΣΧΕΥΜΑΤΑ (ΠΕΡΙΛΑΜΒΑΝΕΙ ΤΗΝ ΛΗΨΗ ΑΥΤΟΜΟΣΧΕΥΜΑΤΩΝ) (Π.Χ., ΑΜΦΟΤΕΡΟΠΛΕΥΡΗ ΜΗ ΜΕΤΑΜΟΣΧΕΥΘΕΙΣΑ ΦΑΤΝΙΑΚΗ ΡΩΓΜΗ Ή ΠΟΛΛΑΠΛΕΣ ΟΣΤΕΟΤΟΜΕΣ);;;;;
863;X622259;ΑΝΑΚΑΤΑΣΚΕΥΗ ΜΕΣΟΤΗΤΑΣ ΠΡΟΣΩΠΟΥ, LEFORT II. ΠΡΟΣΘΙΑ ΕΣΟΧΗ (Π.Χ., ΣΥΝΔΡΟΜΟ TREACHER-COLLINS);;;;;
864;X622261;ΑΝΑΚΑΤΑΣΚΕΥΗ ΜΕΣΟΤΗΤΑΣ ΠΡΟΣΩΠΟΥ, LEFORT II. ΟΠΟΙΑΔΗΠΟΤΕ ΚΑΤΕΥΘΥΝΣΗ, ΑΠΑΙΤΟΥΝΤΑΙ ΟΣΤΙΚΑ ΜΟΣΧΕΥΜΑΤΑ (ΠΕΡΙΛΑΜΒΑΝΕΙ ΤΗ ΛΗΨΗ ΑΥΤΟΜΟΣΧΕΥΜΑΤΩΝ);;;;;
865;X622267;ΑΝΑΚΑΤΑΣΚΕΥΗ ΜΕΣΟΤΗΤΑΣ ΠΡΟΣΩΠΟΥ, LEFORT III (ΕΞΩΚΡΑΝΙΑΚΗ), ΟΠΟΙΟΥΔΗΠΟΤΕ ΤΥΠΟΥ, ΑΠΑΙΤΕΙ ΟΣΤΙΚΑ ΜΟΣΧΕΥΜΑΤΑ (ΠΕΡΙΛΑΜΒΑΝΕΙ ΤΗΝ ΛΗΨΗ ΑΥΤΟΜΟΣΧΕΥΜΑΤΩΝ). ΧΩΡΙΣ LEFORT I;;;;;
866;X622269;ΑΝΑΚΑΤΑΣΚΕΥΗ ΜΕΣΟΤΗΤΑΣ ΠΡΟΣΩΠΟΥ, LEFORT III (ΕΞΩΚΡΑΝΙΑΚΗ), ΟΠΟΙΟΥΔΗΠΟΤΕ ΤΥΠΟΥ, ΑΠΑΙΤΕΙ ΟΣΤΙΚΑ ΜΟΣΧΕΥΜΑΤΑ (ΠΕΡΙΛΑΜΒΑΝΕΙ ΤΗΝ ΛΗΨΗ ΑΥΤΟΜΟΣΧΕΥΜΑΤΩΝ). ΜΕ LEFORT I;;;;;
867;X622277;ΑΝΑΚΑΤΑΣΚΕΥΗ ΜΕΣΟΤΗΤΑΣ ΠΡΟΣΩΠΟΥ, LEFORT III (ΕΞΩ ΚΑΙ ΕΝΔΟΚΡΑΝΙΑΚΗ) ΜΕ ΔΙΕΥΘΕΤΗΣΗ ΜΕΤΩΠΟΥ (Π.Χ., ΜΟΝΟ ΜΠΛΟΚ), ΑΠΑΙΤΟΥΝΤΑΙ ΟΣΤΙΚΑ ΜΟΣΧΕΥΜΑΤΑ (ΠΕΡΙΛΑΜΒΑΝΕΙ ΤΗΝ ΛΗΨΗ ΑΥΤΟΜΟΣΧΕΥΜΑΤΩΝ). ΧΩΡΙΣ LEFORT I;;;;;
868;X622279;ΑΝΑΚΑΤΑΣΚΕΥΗ ΜΕΣΟΤΗΤΑΣ ΠΡΟΣΩΠΟΥ, LEFORT III (ΕΞΩ ΚΑΙ ΕΝΔΟΚΡΑΝΙΑΚΗ) ΜΕ ΔΙΕΥΘΕΤΗΣΗ ΜΕΤΩΠΟΥ (Π.Χ., ΜΟΝΟ ΜΠΛΟΚ), ΑΠΑΙΤΟΥΝΤΑΙ ΟΣΤΙΚΑ ΜΟΣΧΕΥΜΑΤΑ (ΠΕΡΙΛΑΜΒΑΝΕΙ ΤΗΝ ΛΗΨΗ ΑΥΤΟΜΟΣΧΕΥΜΑΤΩΝ). ΜΕ LEFORT I;;;;;
869;X622303;ΑΝΑΚΑΤΑΣΚΕΥΗ ΑΝΩ ΚΑΙ ΠΛΑΓΙΟΥ ΤΟΙΧΩΜΑΤΟΣ ΚΟΓΧΟΥ ΚΑΙ ΚΑΤΩΤΕΡΟ ΜΕΤΩΠΟ, ΔΙΕΥΘΕΤΗΣΗ Ή ΑΝΑΔΙΑΤΑΞΗ, ΜΕ Ή ΧΩΡΙΣ ΜΟΣΧΕΥΜΑΤΑ (ΠΕΡΙΛΑΜΒΑΝΕΙ ΤΗΝ ΛΗΨΗ ΑΥΤΟΜΟΣΧΕΥΜΑΤΩΝ);;;;;
870;X622309;ΑΝΑΚΑΤΑΣΚΕΥΗ, ΜΕΤΩΠΟΥ ΑΜΦΩ, ΑΝΩ ΚΑΙ ΠΛΑΓΙΟΥ ΤΟΙΧΩΜΑΤΟΣ ΚΟΓΧΟΥ ΚΑΙ ΚΑΤΩΤΕΡΟ ΜΕΤΩΠΟ,  ΔΙΕΥΘΕΤΗΣΗ Ή ΑΝΑΔΙΑΤΑΞΗ (Π.Χ., ΠΛΑΓΙΟΚΕΦΑΛΙΑ, ΤΡΙΓΩΝΟΚΕΦΑΛΙΑ, ΒΡΑΧΥΚΕΦΑΛΙΑ), ΜΕ Ή ΧΩΡΙΣ ΜΟΣΧΕΥΜΑΤΑ (ΠΕΡΙΛΑΜΒΑΝΕΙ ΤΗΝ ΛΗΨΗ ΑΥΤΟΜΟΣΧΕΥΜΑΤΩΝ);;;;;
871;X622317;ΑΝΑΚΑΤΑΣΚΕΥΗ ΟΛΟΚΛΗΡΟΥ Ή ΤΟΥ ΜΕΓΑΛΥΤΕΡΟΥ ΤΜΗΜΑΤΟΣ ΤΟΥ ΜΕΤΩΠΟΥ ΚΑΙ/Ή ΤΟΥ ΥΠΕΡΚΟΓΧΙΟΥ ΧΕΙΛΟΥΣ ΜΕ ΜΟΣΧΕΥΜΑΤΑ (ΑΛΛΟΜΟΣΧΕΥΜΑ Ή ΠΡΟΣΘΕΤΙΚΟ ΥΛΙΚΟ);;;;;
872;X622319;ΑΝΑΚΑΤΑΣΚΕΥΗ ΟΛΟΚΛΗΡΟΥ Ή ΤΟΥ ΜΕΓΑΛΥΤΕΡΟΥ ΤΜΗΜΑΤΟΣ ΤΟΥ ΜΕΤΩΠΟΥ ΚΑΙ/Ή ΤΟΥ ΥΠΕΡΚΟΓΧΙΟΥ ΧΕΙΛΟΥΣ ΜΕ ΑΥΤΟΜΟΣΧΕΥΜΑ (ΠΕΡΙΛΑΜΒΑΝΕΙ ΛΗΨΗ ΜΟΣΧΕΥΜΑΤΩΝ);;;;;
873;X622321;ΑΝΑΚΑΤΑΣΚΕΥΗ ΜΕΤΑ ΕΚΤΟΜΗ ΚΑΛΟΗΘΟΥΣ ΟΓΚΟΥ ΤΩΝ ΚΡΑΝΙΑΚΩΝ ΟΣΤΩΝ (Π.Χ., ΙΝΩΔΗΣ ΔΥΣΠΛΑΣΙΑ), ΕΞΩΚΡΑΝΙΑΚΗ;;;;;
874;X622323;ΑΝΑΚΑΤΑΣΚΕΥΗ ΤΩΝ ΚΟΓΧΙΚΩΝ ΤΟΙΧΩΜΑΤΩΝ ΚΑΙ ΔΑΚΤΥΛΙΟΥ, ΤΟΥ ΜΕΤΩΠΟΥ, ΤΟΥ ΡΙΝΟΗΘΜΟΕΙΔΟΥΣ ΣΥΜΠΛΕΓΜΑΤΟΣ ΜΕΤΑ ΕΝΔΟ ΚΑΙ ΕΞΩΚΡΑΝΙΑΚΗ ΕΚΤΟΜΗ ΚΑΛΟΗΘΟΥΣ ΟΓΚΟΥ ΚΡΑΝΙΑΚΟΥ ΟΣΤΟΥ (Π.Χ., ΙΝΩΔΗΣ ΔΥΣΠΛΑΣΙΑ), ΜΕ ΠΟΛΛΑΠΛΑ ΑΥΤΟΜΟΣΧΕΥΜΑΤΑ (ΠΕΡΙΛΑΜΒΑΝΕΙ ΤΗΝ ΛΗΨΗ ΜΟΣΧΕΥΜΑΤΩΝ). Η ΣΥΝΟΛΙΚΗ ΕΠΙΦΑΝΕΙΑ ΤΟΥ ΟΣΤΙΚΟΥ ΜΟΣΧΕΥΜΑΤΟΣ ΕΙΝΑΙ ΜΙΚΡΟΤΕΡΗ ΤΩΝ 40 ΤΕΤ. ΕΚ.;;;;;
875;X622325;ΑΝΑΚΑΤΑΣΚΕΥΗ ΤΩΝ ΚΟΓΧΙΚΩΝ ΤΟΙΧΩΜΑΤΩΝ ΚΑΙ ΔΑΚΤΥΛΙΟΥ, ΤΟΥ ΜΕΤΩΠΟΥ, ΤΟΥ ΡΙΝΟΗΘΜΟΕΙΔΟΥΣ ΣΥΜΠΛΕΓΜΑΤΟΣ ΜΕΤΑ ΕΝΔΟ ΚΑΙ ΕΞΩΚΡΑΝΙΑΚΗ ΕΚΤΟΜΗ ΚΑΛΟΗΘΟΥΣ ΟΓΚΟΥ ΚΡΑΝΙΑΚΟΥ ΟΣΤΟΥ (Π.Χ., ΙΝΩΔΗΣ ΔΥΣΠΛΑΣΙΑ), ΜΕ ΠΟΛΛΑΠΛΑ ΑΥΤΟΜΟΣΧΕΥΜΑΤΑ (ΠΕΡΙΛΑΜΒΑΝΕΙ ΤΗΝ ΛΗΨΗ ΜΟΣΧΕΥΜΑΤΩΝ). Η ΣΥΝΟΛΙΚΗ ΕΠΙΦΑΝΕΙΑ ΤΟΥ ΟΣΤΙΚΟΥ ΜΟΣΧΕΥΜΑΤΟΣ ΕΙΝΑΙ ΜΕΓΑΛΥΤΕΡΗ ΤΩΝ 40 ΤΕΤ. ΕΚ. ΚΑΙ ΜΙΚΡΟΤΕΡΗ ΤΩΝ 80 ΤΕΤ. ΕΚ.;;;;;
876;X622327;ΑΝΑΚΑΤΑΣΚΕΥΗ ΤΩΝ ΚΟΓΧΙΚΩΝ ΤΟΙΧΩΜΑΤΩΝ ΚΑΙ ΔΑΚΤΥΛΙΟΥ, ΤΟΥ ΜΕΤΩΠΟΥ, ΤΟΥ ΡΙΝΟΗΘΜΟΕΙΔΟΥΣ ΣΥΜΠΛΕΓΜΑΤΟΣ ΜΕΤΑ ΕΝΔΟ ΚΑΙ ΕΞΩΚΡΑΝΙΑΚΗ ΕΚΤΟΜΗ ΚΑΛΟΗΘΟΥΣ ΟΓΚΟΥ ΚΡΑΝΙΑΚΟΥ ΟΣΤΟΥ (Π.Χ., ΙΝΩΔΗΣ ΔΥΣΠΛΑΣΙΑ), ΜΕ ΠΟΛΛΑΠΛΑ ΑΥΤΟΜΟΣΧΕΥΜΑΤΑ (ΠΕΡΙΛΑΜΒΑΝΕΙ ΤΗΝ ΛΗΨΗ ΜΟΣΧΕΥΜΑΤΩΝ). Η ΣΥΝΟΛΙΚΗ ΕΠΙΦΑΝΕΙΑ ΤΟΥ ΟΣΤΙΚΟΥ ΜΟΣΧΕΥΜΑΤΟΣ ΕΙΝΑΙ ΜΕΓΑΛΥΤΕΡΗ ΤΩΝ 80 ΤΕΤ. ΕΚ.;;;;;
877;X622335;ΑΝΑΚΑΤΑΣΚΕΥΗ ΜΕΣΟΤΗΤΑΣ ΠΡΟΣΩΠΟΥ, ΟΣΤΕΟΤΟΜΙΕΣ (ΠΛΗΝ ΤΥΠΟΥ LEFORT) ΚΑΙ ΟΣΤΙΚΑ ΜΟΣΧΕΥΜΑΤΑ (ΠΕΡΙΛΑΜΒΑΝΕΙ ΤΗ ΛΗΨΗ ΑΥΤΟΜΟΣΧΕΥΜΑΤΩΝ);;;;;
878;X622345;ΑΝΑΚΑΤΑΣΚΕΥΗ ΤΩΝ ΓΝΑΘΙΑΙΩΝ ΚΛΑΔΩΝ, ΟΡΙΖΟΝΤΙΟΥ, ΚΑΘΕΤΟΥ, C Ή L ΣΧΗΜΑΤΟΣ ΟΣΤΕΟΤΟΜΙΑ ΧΩΡΙΣ ΟΣΤΙΚΟ ΜΟΣΧΕΥΜΑ;;;;;
879;X622347;ΑΝΑΚΑΤΑΣΚΕΥΗ ΤΩΝ ΓΝΑΘΙΑΙΩΝ ΚΛΑΔΩΝ, ΟΡΙΖΟΝΤΙΟΥ, ΚΑΘΕΤΟΥ, C Ή L ΣΧΗΜΑΤΟΣ ΟΣΤΕΟΤΟΜΙΑ ΜΕ ΟΣΤΙΚΟ ΜΟΣΧΕΥΜΑ (ΠΕΡΙΛΑΜΒΑΝΕΙ ΛΗΨΗ ΜΟΣΧΕΥΜΑΤΟΣ);;;;;
880;X622349;ΑΝΑΚΑΤΑΣΚΕΥΗ ΤΩΝ ΓΝΑΘΙΑΙΩΝ ΚΛΑΔΩΝ ΚΑΙ/Ή ΤΟΥ ΣΩΜΑΤΟΣ, ΤΗΣ ΟΒΕΛΙΑΙΟΣ ΔΙΑΧΩΡΙΣΜΟΣ. ΧΩΡΙΣ ΕΣΩΤΕΡΙΚΗ ΣΤΑΘΕΡΗ ΚΑΘΗΛΩΣΗ;;;;;
881;X622351;ΑΝΑΚΑΤΑΣΚΕΥΗ ΤΩΝ ΓΝΑΘΙΑΙΩΝ ΚΛΑΔΩΝ ΚΑΙ/Ή ΤΟΥ ΣΩΜΑΤΟΣ, ΤΗΣ ΟΒΕΛΙΑΙΟΣ ΔΙΑΧΩΡΙΣΜΟΣ. ΜΕ ΕΣΩΤΕΡΙΚΗ ΣΤΑΘΕΡΗ ΚΑΘΗΛΩΣΗ;;;;;
882;X622355;ΟΣΤΕΟΤΟΜΙΑ, ΚΑΤΩ ΓΝΑΘΟΣ, ΤΜΗΜΑΤΙΚΗ.;;;;;
883;X622357;ΟΣΤΕΟΤΟΜΙΑ, ΚΑΤΩ ΓΝΑΘΟΣ, ΤΜΗΜΑΤΙΚΗ. ΜΕ ΓΕΝΙΟΓΛΩΣΣΙΚΗ ΠΡΟΩΘΗΣΗ;;;;;
884;X622371;ΟΣΤΕΟΤΟΜΙΑ, ΑΝΩ ΓΝΑΘΟΣ, ΤΜΗΜΑΤΙΚΗ (Π.Χ., WASSMUND Ή SCHUCHARD);;;;;
885;X622375;ΟΣΤΕΟΠΛΑΣΤΙΚΗ, ΠΡΟΣΩΠΙΚΑ ΟΣΤΑ. ΑΥΞΗΤΙΚΗ (ΑΥΤΟΜΟΣΧΕΥΜΑ, ΑΛΛΟΜΟΣΧΕΥΜΑ Ή ΠΡΟΣΘΕΤΙΚΟ ΕΜΦΥΤΕΥΜΑ);;;;;
886;X622377;ΟΣΤΕΟΠΛΑΣΤΙΚΗ, ΠΡΟΣΩΠΙΚΑ ΟΣΤΑ. ΣΜΙΚΡΥΝΣΗ;;;;;
887;X622379;ΜΟΣΧΕΥΜΑ, ΟΣΤΙΚΟ. ΠΕΡΙΟΧΕΣ ΡΙΝΟΣ, ΑΝΩ ΓΝΑΘΟΥ Ή ΠΑΡΕΙΩΝ (ΠΕΡΙΛΑΜΒΑΝΕΙ ΤΗΝ ΛΗΨΗ ΜΟΣΧΕΥΜΑΤΟΣ);;;;;
888;X622389;ΜΟΣΧΕΥΜΑ, ΟΣΤΟΥ. ΚΑΤΩ ΓΝΑΘΟΣ (ΠΕΡΙΛΑΜΒΑΝΕΙ ΤΗΝ ΛΗΨΗ ΜΟΣΧΕΥΜΑΤΟΣ);;;;;
889;X622419;ΜΟΣΧΕΥΜΑ. ΠΛΕΥΡΙΚΟΣ ΧΟΝΔΡΟΣ, ΑΥΤΟΛΟΓΟΣ. ΠΡΟΣΩΠΟ, ΠΩΓΩΝΑΣ, ΡΙΣ Ή ΟΥΣΙ (ΠΕΡΙΛΑΜΒΑΝΕΙ ΤΗ ΛΗΨΗ ΜΟΣΧΕΥΜΑΤΟΣ);;;;;
890;X622429;ΜΟΣΧΕΥΜΑ. ΩΤΙΚΟΣ ΧΟΝΔΡΟΣ, ΑΥΤΟΛΟΓΟΣ ΡΙΣ Ή ΟΥΣ (ΠΕΡΙΛΑΜΒΑΝΕΙ ΤΗΝ ΛΗΨΗ ΜΟΣΧΕΥΜΑΤΟΣ);;;;;
891;X622439;ΑΡΘΡΟΠΛΑΣΤΙΚΗ, ΚΡΟΤΑΦΟΓΝΑΘΙΚΗ ΑΡΘΡΩΣΗ, ΜΕ Ή ΧΩΡΙΣ ΑΥΤΟΜΟΣΧΕΥΜΑ (ΠΕΡΙΛΑΜΒΑΝΕΙ ΤΗ ΛΗΨΗ ΜΟΣΧΕΥΜΑΤΟΣ);;;;;
892;X622443;ΑΡΘΡΟΠΛΑΣΤΙΚΗ, ΚΡΟΤΑΦΟΓΝΑΘΙΚΗ ΑΡΘΡΩΣΗ, ΜΕ ΑΛΛΟΜΟΣΧΕΥΜΑ;;;;;
893;X622445;ΑΡΘΡΟΠΛΑΣΤΙΚΗ, ΚΡΟΤΑΦΟΓΝΑΘΙΚΗ ΑΡΘΡΩΣΗ, ΜΕ ΑΝΤΙΚΑΤΑΣΤΑΣΗ ΜΕ ΠΡΟΣΘΕΤΙΚΗ ΑΡΘΡΩΣΗ;;;;;
894;X622447;ΑΝΑΚΑΤΑΣΚΕΥΗ ΤΗΣ ΚΑΤΩ ΓΝΑΘΟΥ, ΕΞΩΣΤΟΜΑΤΙΚΗ, ΜΕ ΕΝΔΟΣΤΙΚΗ ΠΛΑΚΑ (Π.Χ., ΠΛΑΚΑ ΟΣΤΟΥ ΑΝΩ ΓΝΑΘΟΥ );;;;;
895;X622449;ΑΝΑΚΑΤΑΣΚΕΥΗ ΤΗΣ ΑΝΩ Ή ΚΑΤΩ ΓΝΑΘΟΥ, ΥΠΟΠΕΡΙΟΣΤΙΚΟ ΕΜΦΥΤΕΥΜΑ. ΜΕΡΙΚΗ;;;;;
896;X622451;ΑΝΑΚΑΤΑΣΚΕΥΗ ΤΗΣ ΑΝΩ Ή ΚΑΤΩ ΓΝΑΘΟΥ, ΥΠΟΠΕΡΙΟΣΤΙΚΟ ΕΜΦΥΤΕΥΜΑ. ΟΛΙΚΗ;;;;;
897;X622453;ΑΝΑΚΑΤΑΣΚΕΥΗ ΚΟΝΔΥΛΟΥ ΑΝΩ ΓΝΑΘΟΥ ΜΕ ΑΥΤΟΜΟΣΧΕΥΜΑΤΑ ΟΣΤΟΥ ΚΑΙ ΧΟΝΔΡΟΥ (ΠΕΡΙΛΑΜΒΑΝΕΙ ΤΗΝ ΛΗΨΗ ΜΟΣΧΕΥΜΑΤΩΝ) (Π.Χ., ΓΙΑ ΗΜΙΠΡΟΣΩΠΙΚΗ ΜΙΚΡΟΣΩΜΙΑ);;;;;
898;X622455;ΑΝΑΚΑΤΑΣΚΕΥΗ ΤΗΣ ΑΝΩ Ή ΚΑΤΩ ΓΝΑΘΟΥ, ΕΝΔΟΣΤΙΚΟ ΕΜΦΥΤΕΥΜΑ (Π.Χ. ΛΕΠΙΔΑ, ΚΥΛΙΝΔΡΟΣ). ΜΕΡΙΚΗ;;;;;
899;X622457;ΑΝΑΚΑΤΑΣΚΕΥΗ ΤΗΣ ΑΝΩ Ή ΚΑΤΩ ΓΝΑΘΟΥ, ΕΝΔΟΣΤΙΚΟ ΕΜΦΥΤΕΥΜΑ (Π.Χ. ΛΕΠΙΔΑ ΚΥΛΙΝΔΡΟΣ). ΠΛΗΡΗΣ;;;;;
900;X622469;ΑΝΑΚΑΤΑΣΚΕΥΗ ΤOY ΖΥΓΩΜΑΤΙΚOY TOΞΟΥ ΚΑΙ ΤΟΥ ΚΡΟΤΑΦΙΚΗΣ ΓΛΗΝΗΣ ΜΕ ΟΣΤΟ ΚΑΙ ΧΟΝΔΡΟ (ΠΕΡΙΛΑΜΒΑΝΕΙ ΤΗΝ ΛΗΨΗ ΑΥΤΟΜΟΣΧΕΥΜΑΤΩΝ);;;;;
901;X622471;ΑΝΑΚΑΤΑΣΚΕΥΗ ΤΗΣ ΚΟΓΧΗΣ ΜΕ ΟΣΤΕΟΤΟΜΕΣ (ΕΞΩΚΡΑΝΙΑΚΕΣ) ΚΑΙ ΜΕ ΜΟΣΧΕΥΜΑΤΑ ΟΣΤΟΥ (ΠΕΡΙΛΑΜΒΑΝΕΙ ΤΗΝ ΛΗΨΗ ΑΥΤΟΜΟΣΧΕΥΜΑΤΩΝ) (Π.Χ.,ΜΙΚΡΟΦΘΑΛΜΙΑ);;;;;
902;X622479;ΠΕΡΙΚΟΓΧΙΚΕΣ ΟΣΤΕΟΤΟΜΕΣ ΓΙΑ ΥΠΕΡΤΕΛΟΡΙΣΜΟ, ΜΕ ΜΟΣΧΕΥΜΑΤΑ ΟΣΤΟΥ. ΕΞΩΚΡΑΝΙΑΚΗ ΠΡΟΣΠΕΛΑΣΗ;;;;;
903;X622481;ΠΕΡΙΚΟΓΧΙΚΕΣ ΟΣΤΕΟΤΟΜΕΣ ΓΙΑ ΥΠΕΡΤΕΛΟΡΙΣΜΟ, ΜΕ ΜΟΣΧΕΥΜΑΤΑ ΟΣΤΟΥ. ΣΥΝΔΥΑΣΜΕΝΗ ΕΣΩ- ΚΑΙ ΕΞΩΚΡΑΝΙΑΚΗ ΠΡΟΣΠΕΛΑΣΗ;;;;;
904;X622485;ΠΕΡΙΚΟΓΧΙΚΕΣ ΟΣΤΕΟΤΟΜΕΣ ΓΙΑ ΥΠΕΡΤΕΛΟΡΙΣΜΟ, ΜΕ ΜΟΣΧΕΥΜΑΤΑ ΟΣΤΟΥ. ΜΕ ΔΙΕΥΘΕΤΗΣΗ ΜΕΤΩΠΟΥ;;;;;
905;X622493;ΑΝΑΔΙΑΤΑΞΗ ΚΟΓΧΟΥ, ΠΕΡΙΚΟΓΧΙΚΕΣ ΟΣΤΕΟΤΟΜΕΣ, ΕΤΕΡΟΠΛΕΥΡΕΣ, ΜΕ ΟΣΤΙΚΑ ΜΟΣΧΕΥΜΑΤΑ ΕΞΩΚΡΑΝΙΑΚΗ ΠΡΟΣΠΕΛΑΣΗ;;;;;
906;X622495;ΑΝΑΔΙΑΤΑΞΗ ΚΟΓΧΟΥ, ΠΕΡΙΚΟΓΧΙΚΕΣ ΟΣΤΕΟΤΟΜΕΣ, ΕΤΕΡΟΠΛΕΥΡΕΣ, ΜΕ ΟΣΤΙΚΑ ΜΟΣΧΕΥΜΑΤΑ ΣΥΝΔΥΑΣΜΕΝΗ ΕΣΩ- ΚΑΙ ΕΞΩΚΡΑΝΙΑΚΗ ΠΡΟΣΠΕΛΑΣΗ;;;;;
907;X622499;ΕΝΙΣΧΥΣΗ ΖΥΓΩΜΑΤΙΚΟΥ, ΠΡΟΣΘΕΤΙΚΟ ΥΛΙΚΟ;;;;;
908;X622509;ΜΕΘΥΣΤΕΡΗ ΑΝΑΘΕΩΡΗΣΗ ΚΟΓΧΟ-ΚΡΑΝΙΟ-ΠΡΟΣΩΠΙΚΗΣ ΑΝΑΚΑΤΑΣΚΕΥΗΣ;;;;;
909;X622519;ΕΣΩ ΚΑΝΘΟΠΗΞΙΑ (ΞΕΧΩΡΙΣΤΗ ΕΠΕΜΒΑΣΗ);;;;;
910;X622523;ΕΞΩ ΚΑΝΘΟΠΗΞΙΑ;;;;;
911;X622549;ΜΕΙΩΣΗ ΜΥ ΚΑΙ ΟΣΤΟΥ ΜΑΣΗΤΗΡΑ (Π.Χ., ΓΙΑ ΘΕΡΑΠΕΙΑ ΚΑΛΟΗΘΟΥΣ ΜΑΣΗΤΗΡΙΑΣ ΥΠΕΡΤΡΟΦΙΑΣ). ΕΞΩΣΤΟΜΑΤΙΚΗ ΠΡΟΣΠΕΛΑΣΗ;;;;;
912;X622551;ΜΕΙΩΣΗ ΜΥ ΚΑΙ ΟΣΤΟΥ ΜΑΣΗΤΗΡΑ (Π.Χ., ΓΙΑ ΤΗΝ ΘΕΡΑΠΕΙΑ ΚΑΛΟΗΘΟΥΣ ΜΑΣΗΤΗΡΙΑΣ ΥΠΕΡΤΟΦΙΑΣ) ΕΝΔΟΣΤΟΜΑΤΙΚΗ ΠΡΟΣΠΕΛΑΣΗ;;;;;
913;X622557;ΜΗ ΚΑΤΑΓΕΓΡΑΜΜΕΝΗ ΚΡΑΝΙΟΠΡΟΣΩΠΙΚΗ ΚΑΙ ΓΝΑΘΟΠΡΟΣΩΠΙΚΗ ΕΠΕΜΒΑΣΗ;;;;;
914;X622579;ΚΛΕΙΣΤΗ ΑΝΑΤΑΞΗ ΡΙΝΙΚΟΥ ΚΑΤΑΓΜΑΤΟΣ ΧΩΡΙΣ ΧΕΙΡΙΣΜΟ;;;;;
915;X622589;ΚΛΕΙΣΤΗ ΑΝΑΤΑΞΗ ΡΙΝΙΚΟΥ ΚΑΤΑΓΜΑΤΟΣ. ΧΩΡΙΣ ΣΤΑΘΕΡΟΠΟΙΗΣΗ;;;;;
916;X622599;ΚΛΕΙΣΤΗ ΑΝΑΤΑΞΗ ΡΙΝΙΚΟΥ ΚΑΤΑΓΜΑΤΟΣ. ΜΕ ΣΤΑΘΕΡΟΠΟΙΗΣΗ;;;;;
917;X622609;ΑΝΟΙΚΤΗ ΑΝΑΤΑΞΗ ΡΙΝΙΚΟΥ ΚΑΤΑΓΜΑΤΟΣ. ΜΗ ΕΠΙΠΛΕΓΜΕΝΟΥ;;;;;
918;X622619;ΑΝΟΙΚΤΗ ΑΝΑΤΑΞΗ ΡΙΝΙΚΟΥ ΚΑΤΑΓΜΑΤΟΣ.ΕΠΙΠΛΕΓΜΕΝΟΥ, ΜΕ ΕΣΩΤΕΡΙΚΗ ΚΑΙ/Ή ΕΞΩΤΕΡΙΚΗ ΣΚΕΛΕΤΙΚΗ ΑΚΙΝΗΤΟΠΟΙΗΣΗ;;;;;
919;X622629;ΑΝΟΙΚΤΗ ΑΝΑΤΑΞΗ ΡΙΝΙΚΟΥ ΚΑΤΑΓΜΑΤΟΣ. ΜΕ ΕΠΑΚΟΛΟΥΘΗ ΑΝΟΙΚΤΗ ΑΝΑΤΑΞΗ ΚΑΤΑΓΜΑΤΟΣ ΔΙΑΦΡΑΓΜΑΤΟΣ;;;;;
920;X622631;ΑΝΟΙΚΤΗ ΑΝΑΤΑΞΗ ΚΑΤΑΓΜΑΤΟΣ ΡΙΝΙΚΟΥ ΔΙΑΦΡΑΓΜΑΤΟΣ, ΜΕ Ή ΧΩΡΙΣ ΣΤΑΘΕΡΟΠΟΙΗΣΗ;;;;;
921;X622633;ΚΛΕΙΣΤΗ ΑΝΑΤΑΞΗ ΚΑΤΑΓΜΑΤΟΣ ΡΙΝΙΚΟΥ ΔΙΑΦΡΑΓΜΑΤΟΣ, ΜΕ Ή ΧΩΡΙΣ ΣΤΑΘΕΡΟΠΟΙΗΣΗ;;;;;
922;X622635;ΑΝΟΙΚΤΗ ΑΝΑΤΑΞΗ ΚΑΤΑΓΜΑΤΟΣ ΡΙΝΟΗΘΜΟΕΙΔΟΥΣ. ΧΩΡΙΣ ΕΞΩΤΕΡΙΚΗ ΑΚΙΝΗΤΟΠΟΙΗΣΗ;;;;;
923;X622637;ΑΝΟΙΚΤΗ ΑΝΑΤΑΞΗ ΚΑΤΑΓΜΑΤΟΣ ΡΙΝΟΗΘΜΟΕΙΔΟΥΣ. ΜΕ ΕΞΩΤΕΡΙΚΗ ΑΚΙΝΗΤΟΠΟΙΗΣΗ;;;;;
924;X622639;ΔΙΑΔΕΡΜΙΚΗ ΑΝΑΤΑΞΗ ΚΑΤΑΓΜΑΤΟΣ ΡΙΝΟΗΘΜΟΕΙΔΟΥΣ ΣΥΜΠΛΕΓΜΑΤΟΣ, ΜΕ ΝΑΡΘΗΚΑ, ΣΥΡΜΑ Ή ΕΞΩΤΕΡΙΚΗ ΚΑΘΗΛΩΣΗ ΚΕΦΑΛΗΣ, ΣΥΜΠΕΡΙΛΑΜΒΑΝΟΜΕΝΗΣ ΑΠΟΚΑΤΑΣΤΑΣΗΣ ΤΩΝ ΚΑΝΘΙΚΩΝ ΣΥΝΔΕΣΜΩΝ ΚΑΙ/Ή ΤΗΣ ΡΙΝΟΔΑΚΡΥΪΚΗΣ ΣΥΣΚΕΥΗΣ;;;;;
925;X622645;ΑΝΟΙΚΤΗ ΑΝΑΤΑΞΗ ΣΥΜΠΙΕΣΤΙΚΟΥ ΚΑΤΑΓΜΑΤΟΣ ΠΡΟΣΘΙΟΥΤΟΙΧΩΜΑΤΟΣ ΙΓΜΟΡΕΙΟΥ ΑΝΤΡΟΥ;;;;;
926;X622647;ΑΝΟΙΚΤΗ ΑΝΑΤΑΞΗ ΣΥΝΘΕΤΟΥ (Π.Χ.,ΣΥΝΤΡΙΠΤΙΚΟ Ή ΜΕ ΣΥΜΜΕΤΟΧΗ ΤΟΥ ΟΠΙΣΘΙΟΥ ΤΟΙΧΩΜΑΤΟΣ) ΚΑΤΑΓΜΑΤΟΣ ΠΡΟΣΘΙΟΥ ΙΓΜΟΡΕΙΟΥ ΑΝΤΡΟΥ, ΜΕΣΩ ΣΤΕΦΑΝΙΑΙΑΣ Ή ΠΟΛΛΑΠΛΩΝ ΠΡΟΣΠΕΛΑΣΕΩΝ;;;;;
927;X622649;ΚΛΕΙΣΤΗ ΑΝΑΤΑΞΗ ΚΑΤΑΓΜΑΤΟΣ ΡΙΝΟΓΝΑΘΙΚΟΥ ΣΥΜΠΛΕΓΜΑΤΟΣ (ΤΥΠΟΥ LEFORT II), ΜΕ ΕΝΔΟΔΟΝΤΙΚΗ ΚΑΘΗΛΩΣΗ ΣΥΡΜΑΤΟΣ Ή ΚΑΘΗΛΩΣΗ ΟΔΟΝΤΟΣΤΟΙΧΙΑΣ Ή ΝΑΡΘΗΚΑ;;;;;
928;X622651;ΑΝΟΙΚΤΗ ΑΝΑΤΑΞΗ ΚΑΤΑΓΜΑΤΟΣ ΡΙΝΟΓΝΑΘΙΚΟΥ ΣΥΜΠΛΕΓΜΑΤΟΣ (ΤΥΠΟΥ LEFORT II). ΜΕ  ΤΟΠΟΘΕΤΗΣΗ ΣΥΡΜΑΤΟΣ ΚΑΙ/Ή ΤΟΠΙΚΗ ΚΑΘΗΛΩΣΗ;;;;;
929;X622653;ΑΝΟΙΚΤΗ ΑΝΑΤΑΞΗ ΚΑΤΑΓΜΑΤΟΣ ΡΙΝΟΓΝΑΘΙΚΟΥ ΣΥΜΠΛΕΓΜΑΤΟΣ (ΤΥΠΟΥ LEFORT II). ΠΟΥ ΑΠΑΙΤΕΙ ΠΟΛΛΑΠΛΕΣ ΑΝΟΙΚΤΕΣ ΠΡΟΣΠΕΛΑΣΕΙΣ;;;;;
930;X622655;ΑΝΟΙΚΤΗ ΑΝΑΤΑΞΗ ΚΑΤΑΓΜΑΤΟΣ ΡΙΝΟΓΝΑΘΙΚΟΥ ΣΥΜΠΛΕΓΜΑΤΟΣ (ΤΥΠΟΥ LEFORT II). ΜΕ  ΟΣΤΙΚΟ ΜΟΣΧΕΥΜΑ (ΠΕΡΙΛΑΜΒΑΝΕΙ ΛΗΨΗ ΜΟΣΧΕΥΜΑΤΟΣ);;;;;
931;X622669;ΔΙΑΔΕΡΜΙΚΗ ΑΝΑΤΑΞΗ ΚΑΤΑΓΜΑΤΟΣ ΖΥΓΩΜΑΤΙΚΗΣ ΧΩΡΑΣ, ΣΥΜΠΕΡΙΛΑΜΒΑΝΟΜΕΝΟΥ ΖΥΓΩΜΑΤΙΚΟΥ ΤΟΞΟΥ ΚΑΙ ΤΡΙΠΟΔΑ, ΜΕ ΧΕΙΡΙΣΜΟ;;;;;
932;X622671;ΑΝΟΙΚΤΗ ΑΝΑΤΑΞΗ ΣΥΜΠΙΕΣΤΙΚΟΥ ΚΑΤΑΓΜΑΤΟΣ ΖΥΓΩΜΑΤΙΚΟΥ ΤΟΞΟΥ (Π.Χ. ΠΡΟΣΠΕΛΑΣΗ GILLIES);;;;;
933;X622679;ΑΝΟΙΚΤΗ ΑΝΑΤΑΞΗ ΣΥΜΠΙΕΣΤΙΚΟΥ ΚΑΤΑΓΜΑΤΟΣ ΖΥΓΩΜΑΤΙΚΟΥ, ΣΥΜΠΕΡΙΛΑΜΒΑΝΟΜΕΝΟΥ ΖΥΓΩΜΑΤΙΚΟΥ ΤΟΞΟΥ ΚΑΙ ΤΡΙΠΟΔΑ;;;;;
934;X622689;ΑΝΟΙΚΤΗ ΑΝΑΤΑΞΗ ΕΠΙΠΛΕΓΜΕΝΟΥ(ΩΝ) (Π.Χ.,ΣΥΝΤΡΙΠΤΙΚΟ Ή ΜΕ ΣΥΜΜΕΤΟΧΗ ΤΟΥ ΤΡΗΜΑΤΟΣ ΤΟΥ ΚΡΑΝΙΑΚΟΥ ΝΕΥΡΟΥ) ΚΑΤΑΓΜΑΤΟΣ(ΤΩΝ) ΤΗΣ ΠΕΡΙΟΧΗΣ ΖΥΓΩΜΑΤΙΚΟΥ, ΣΥΜΠΕΡΙΛΑΜΒΑΝΟΜΕΝΩΝ ΤΩΝ ΖΥΓΩΜΑΤΙΚΟΥ ΤΟΞΟΥ ΚΑΙ ΤΡΙΠΟΔΑ ΜΕ ΕΣΩΤΕΡΙΚΗ ΚΑΘΗΛΩΣΗ ΚΑΙ ΠΟΛΛΑΠΛΕΣ ΧΕΙΡΟΥΡΓΙΚΕΣ ΠΡΟΣΠΕΛΑΣΕΙΣ;;;;;
935;X622691;ΑΝΟΙΚΤΗ ΑΝΑΤΑΞΗ ΕΠΙΠΛΕΓΜΕΝΟΥ(ΩΝ) (Π.Χ.,ΣΥΝΤΡΙΠΤΙΚΟ Ή ΜΕ ΣΥΜΜΕΤΟΧΗ ΤΟΥ ΤΡΗΜΑΤΟΣ ΤΟΥ ΚΡΑΝΙΑΚΟΥ ΝΕΥΡΟΥ) ΚΑΤΑΓΜΑΤΟΣ(ΤΩΝ) ΤΗΣ ΠΕΡΙΟΧΗΣ ΖΥΓΩΜΑΤΙΚΟΥ, ΣΥΜΠΕΡΙΛΑΜΒΑΝΟΜΕΝΩΝ ΤΩΝ ΖΥΓΩΜΑΤΙΚΩΝ ΤΟΞΩΝ ΚΑΙ  ΤΡΙΠΟΔΑ. ΜΕ ΟΣΤΙΚΟ ΜΟΣΧΕΥΜΑ (ΠΕΡΙΛΑΜΒΑΝΕΙ ΤΗΝ ΛΗΨΗ ΜΟΣΧΕΥΜΑΤΟΣ);;;;;
936;X622729;ΑΝΟΙΚΤΗ ΑΝΑΤΑΞΗ ΚΑΤΑΓΜΑΤΟΣ ΕΔΑΦΟΥΣ ΚΟΓΧΟΥ ΤΥΠΟΥ BLOWOUT. ΔΙΑΝΤΡΙΚΗ ΠΡΟΣΠΕΛΑΣΗ (ΕΠΕΜΒΑΣΗ ΤΥΠΟΥ CALDWELL-LUC);;;;;
937;X622731;ΑΝΟΙΚΤΗ ΑΝΑΤΑΞΗ ΚΑΤΑΓΜΑΤΟΣ ΕΔΑΦΟΥΣ ΚΟΓΧΟΥ ΤΥΠΟΥ BLOWOUT. ΠΕΡΙΚΟΓΧΙΚΗ ΠΡΟΣΠΕΛΑΣΗ;;;;;
938;X622733;ΑΝΟΙΚΤΗ ΑΝΑΤΑΞΗ ΚΑΤΑΓΜΑΤΟΣ ΕΔΑΦΟΥΣ ΚΟΓΧΟΥ ΤΥΠΟΥ BLOWOUT. ΣΥΝΔΥΑΣΜΕΝΗ ΠΡΟΣΠΕΛΑΣΗ;;;;;
939;X622739;ΑΝΟΙΚΤΗ ΑΝΑΤΑΞΗ ΚΑΤΑΓΜΑΤΟΣ ΕΔΑΦΟΥΣ ΚΟΓΧΟΥ ΤΥΠΟΥ BLOWOUT. ΠΕΡΙΚΟΓΧΙΚΗ ΠΡΟΣΠΕΛΑΣΗ, ΜΕ ΜΗ ΒΙΟΛΟΓΙΚΟ Ή ΑΛΛΟ ΜΟΣΧΕΥΜΑ;;;;;
940;X622749;ΑΝΟΙΚΤΗ ΑΝΑΤΑΞΗ ΚΑΤΑΓΜΑΤΟΣ ΕΔΑΦΟΥΣ ΚΟΓΧΟΥ ΤΥΠΟΥ BLOWOUT. ΠΕΡΙΚΟΓΧΙΚΗ ΠΡΟΣΠΕΛΑΣΗ ΜΕ ΟΣΤΙΚΟ ΜΟΣΧΕΥΜΑ (ΠΕΡΙΛΑΜΒΑΝΕΙ ΛΗΨΗ ΜΟΣΧΕΥΜΑΤΟΣ);;;;;
941;X622759;ΚΛΕΙΣΤΗ ΑΝΑΤΑΞΗ ΚΑΤΑΓΜΑΤΟΣ ΚΟΓΧΟΥ, ΕΚΤΟΣ BLOWOUT. ΧΩΡΙΣ ΧΕΙΡΙΣΜΟ;;;;;
942;X622761;ΚΛΕΙΣΤΗ ΑΝΑΤΑΞΗ ΚΑΤΑΓΜΑΤΟΣ ΚΟΓΧΟΥ, ΕΚΤΟΣ BLOWOUT. ΜΕ ΧΕΙΡΙΣΜΟ;;;;;
943;X622771;ΑΝΟΙΚΤΗ ΑΝΑΤΑΞΗ ΚΑΤΑΓΜΑΤΟΣ ΚΟΓΧΟΥ, ΕΚΤΟΣ BLOWOUT. ΧΩΡΙΣ ΜΟΣΧΕΥΜΑ;;;;;
944;X622773;ΑΝΟΙΚΤΗ ΑΝΑΤΑΞΗ ΚΑΤΑΓΜΑΤΟΣΚΟΓΧΟΥ, ΕΚΤΟΣ BLOWOUT. ΜΕ ΜΟΣΧΕΥΜΑ;;;;;
945;X622775;ΑΝΟΙΚΤΗ ΑΝΑΤΑΞΗ ΚΑΤΑΓΜΑΤΟΣ ΚΟΓΧΟΥ, ΕΚΤΟΣ BLOWOUT. ΜΕ ΟΣΤΙΚΟ ΜΟΣΧΕΥΜΑ  (ΠΕΡΙΛΑΜΒΑΝΕΙ ΤΗ ΛΗΨΗ ΜΟΣΧΕΥΜΑΤΟΣ);;;;;
946;X622801;ΚΛΕΙΣΤΗ ΑΝΑΤΑΞΗ ΚΑΤΑΓΜΑΤΟΣ ΥΠΕΡΩΑΣ Ή ΑΝΩ ΓΝΑΘΟΥ (ΤΥΠΟΥ LEFORT II), ΜΕ ΔΙΑΓΝΑΘΙΚΗ ΤΟΠΟΘΕΤΗΣΗ ΣΥΡΜΑΤΟΣ Ή ΑΚΙΝΗΤΟΠΟΙΗΣΗ ΜΕ ΤΕΧΝΗΤΗ ΟΔΟΝΤΟΣΤΟΙΧΙΑ Ή ΝΑΡΘΗΚΑ;;;;;
947;X622803;ΑΝΟΙΚΤΗ ΑΝΑΤΑΞΗ ΚΑΤΑΓΜΑΤΟΣ ΥΠΕΡΩΑΣ Ή ΑΝΩ ΓΝΑΘΟΥ (ΤΥΠΟΥ LEFORT I).;;;;;
948;X622805;ΑΝΟΙΚΤΗ ΑΝΑΤΑΞΗ ΚΑΤΑΓΜΑΤΟΣ ΥΠΕΡΩΑΣ Ή ΑΝΩ ΓΝΑΘΟΥ (ΤΥΠΟΥ LEFORT I). ΕΠΙΠΛΕΓΜΕΝOY (ΣΥΝΤΡΙΠΤΙΚΟ Ή ΜΕ ΣΥΜΜΕΤΟΧΗ ΤΡΗΜΑΤΟΣ ΚΡΑΝΙΑΚΟΥ ΝΕΥΡΟΥ), ΠΟΛΛΑΠΛΕΣ ΠΡΟΣΠΕΛΑΣΕΙΣ;;;;;
949;X622821;ΚΛΕΙΣΤΗ ΑΝΑΤΑΞΗ ΚΡΑΝΙΟΠΡΟΣΩΠΙΚΗΣ ΔΙΑΖΕΥΞΗΣ (ΤΥΠΟΥ LEFORT III) ΜΕ ΤΗΝ ΧΡΗΣΗ ΔΙΑΓΝΑΘΙΚΗ ΤΟΠΟΘΕΤΗΣΗ ΣΥΡΜΑΤΟΣ Ή ΑΚΙΝΗΤΟΠΟΙΗΣΗ ΜΕ ΤΕΧΝΗΤΗ ΟΔΟΝΤΟΣΤΟΙΧΙΑ Ή ΝΑΡΘΗΚΑ;;;;;
950;X622823;ΑΝΟΙΚΤΗ ΑΝΑΤΑΞΗ ΚΡΑΝΙΟΠΡΟΣΩΠΙΚΗΣ ΔΙΑΖΕΥΞΗΣ (ΤΥΠΟΥ LEFORT III) ΜΕ ΤΗΝ ΧΡΗΣΗ ΣΥΡΜΑΤΟΣ ΚΑΙ/Ή ΕΣΩΤΕΡΙΚΗ ΑΚΙΝΗΤΟΠΟΙΗΣΗ;;;;;
951;X622825;ΑΝΟΙΚΤΗ ΑΝΑΤΑΞΗ ΚΡΑΝΙΟΠΡΟΣΩΠΙΚΗΣ ΔΙΑΖΕΥΞΗΣ (ΤΥΠΟΥ LEFORT III) ΕΠΙΠΛΕΓΜΕΝΟΥ ΕΠΙΠΛΕΓΜΕΝOY (ΣΥΝΤΡΙΠΤΙΚΟ Ή ΜΕ ΣΥΜΜΕΤΟΧΗ ΤΡΗΜΑΤΟΣ ΚΡΑΝΙΑΚΟΥ ΝΕΥΡΟΥ), ΠΟΛΛΑΠΛΕΣ ΠΡΟΣΕΓΓΙΣΕΙΣ;;;;;
952;X622829;ΑΝΟΙΚΤΗ ΑΝΑΤΑΞΗ ΚΡΑΝΙΟΠΡΟΣΩΠΙΚΗΣ ΔΙΑΖΕΥΞΗΣ (ΤΥΠΟΥ LEFORT III). ΕΠΙΠΛΕΓΜΕΝΟΥ, ΜΕ ΤΗΝ ΧΡΗΣΗ ΤΕΧΝΙΚΩΝ ΕΣΩΤΕΡΙΚΗΣ ΚΑΙ/Ή ΕΞΩΤΕΡΙΚΗΣ ΑΚΙΝΗΤΟΠΟΙΗΣΗΣ (Π.Χ., ΚΑΛΥΜΑ ΚΕΦΑΛΗΣ, ΣΥΣΚΕΥΗ HALO ΚΑΙ/Ή ΔΙΑΓΝΑΘΙΚΗ ΑΚΙΝΗΤΟΠΟΙΗΣΗ);;;;;
953;X622831;ΑΝΟΙΚΤΗ ΑΝΑΤΑΞΗ ΚΡΑΝΙΟΠΡΟΣΩΠΙΚΗΣ ΔΙΑΖΕΥΞΗΣ (ΤΥΠΟΥ LEFORT III). ΕΠΙΠΛΕΓΜΕΝΗ, ΠΟΛΛΑΠΛΕΣ ΧΕΙΡΟΥΡΓΙΚΕΣ ΠΡΟΣΠΕΛΑΣΕΙΣ, ΕΣΩΤΕΡΙΚΗ ΑΚΙΝΗΤΟΠΟΙΗΣΗ ΜΕ ΜΟΣΧΕΥΜΑ ΟΣΤΟΥ (ΠΕΡΙΛΑΜΒΑΝΕΙ ΤΗΝ ΛΗΨΗ ΜΟΣΧΕΥΜΑΤΟΣ);;;;;
954;X622839;ΚΛΕΙΣΤΗ ΑΝΑΤΑΞΗ ΚΑΤΑΓΜΑΤΟΣ ΦΑΤΝΙΑΚΗΣ ΑΠΟΦΥΣΗΣ ΑΝΩ Ή ΚΑΤΩ ΓΝΑΘΟΥ (ΞΕΧΩΡΙΣΤΗ ΕΠΕΜΒΑΣΗ);;;;;
955;X622849;ΑΝΟΙΚΤΗ ΑΝΑΤΑΞΗ ΚΑΤΑΓΜΑΤΟΣ ΦΑΤΝΙΑΚΗΣ ΑΠΟΦΥΣΗΣ ΑΝΩ Ή ΚΑΤΩ ΓΝΑΘΟΥ (ΞΕΧΩΡΙΣΤΗ ΕΠΕΜΒΑΣΗ);;;;;
956;X622859;ΚΛΕΙΣΤΗ ΑΝΑΤΑΞΗ ΚΑΤΑΓΜΑΤΟΣ ΚΑΤΩ ΓΝΑΘΟΥ. ΧΩΡΙΣ ΧΕΙΡΙΣΜΟ;;;;;
957;X622861;ΚΛΕΙΣΤΗ ΑΝΑΤΑΞΗ  ΚΑΤΑΓΜΑΤΟΣ ΚΑΤΩ ΓΝΑΘΟΥ. ΜΕ ΧΕΙΡΙΣΜΟ;;;;;
958;X622863;ΔΙΑΔΕΡΜΙΚΗ ΑΝΑΤΑΞΗ ΚΑΤΑΓΜΑΤΟΣ ΚΑΤΩ ΓΝΑΘΟΥ, ΜΕ ΕΞΩΤΕΡΙΚΗ ΑΚΙΝΗΤΟΠΟΙΗΣΗ;;;;;
959;X622865;ΚΛΕΙΣΤΗ ΑΝΑΤΑΞΗ ΚΑΤΑΓΜΑΤΟΣ ΚΑΤΩ ΓΝΑΘΟΥ ΜΕ ΕΝΔΟΔΟΝΤΙΚΗ ΑΚΙΝΗΤΟΠΟΙΗΣΗ;;;;;
960;X622867;ΑΝΟΙΚΤΗ ΑΝΑΤΑΞΗ ΚΑΤΑΓΜΑΤΟΣ ΤΗΣ ΚΑΤΩ ΓΝΑΘΟΥ ΜΕ ΕΞΩΤΕΡΙΚΗ ΑΚΙΝΗΤΟΠΟΙΗΣΗ;;;;;
961;X622881;ΑΝΟΙΚΤΗ ΑΝΑΤΑΞΗ ΚΑΤΑΓΜΑΤΟΣ ΤΗΣ ΚΑΤΩ ΓΝΑΘΟΥ. ΧΩΡΙΣ ΔΙΑΓΝΑΘΙΚΗ ΑΚΙΝΗΤΟΠΟΙΗΣΗ;;;;;
962;X622883;ΑΝΟΙΚΤΗ ΑΝΑΤΑΞΗ ΚΑΤΑΓΜΑΤΟΣ ΤΗΣ ΚΑΤΩ ΓΝΑΘΟΥ. ΜΕ ΔΙΑΓΝΑΘΙΚΗ ΑΚΙΝΗΤΟΠΟΙΗΣΗ;;;;;
963;X622889;ΑΝΟΙΚΤΗ ΑΝΑΤΑΞΗ ΚΑΤΑΓΜΑΤΟΣ ΚΟΝΔΥΛΟΥ ΤΗΣ ΚΑΤΩ ΓΝΑΘΟΥ;;;;;
964;X622899;ΑΝΟΙΚΤΗ ΑΝΑΤΑΞΗ ΕΠΙΠΛΕΓΜΕΝΟΥ ΚΑΤΑΓΜΑΤΟΣ ΚΑΤΩ ΓΝΑΘΟΥ ΜΕΣΩ ΠΟΛΛΑΠΛΩΝ ΧΕΙΡΟΥΡΓΙΚΩΝ  ΠΡΟΣΠΕΛΑΣΕΩΝ, ΣΥΜΠΕΡΙΛΑΜΒΑΝΟΜΕΝΩΝ ΕΣΩΤΕΡΙΚΗΣ ΑΚΙΝΗΤΟΠΟΙΗΣΗΣ ΔΙΑΓΝΑΘΙΚΗΣ ΑΚΙΝΗΤΟΠΟΙΗΣΗΣ ΚΑΙ/Ή ΑΚΙΝΗΤΟΠΟΙΗΣΗΣ ΟΔΟΝΤΟΣΤΟΙΧΙΩΝ ΜΕ ΣΥΡΜΑ Ή ΝΑΡΘΗΚΕΣ;;;;;
965;X622919;ΚΛΕΙΣΤΗ ΑΝΑΤΑΞΗ ΚΡΟΤΑΦΟΓΝΑΘΙΚΗΣ ΕΞΑΡΘΡΩΣΗΣ. ΑΡΧΙΚΗ Ή ΕΠΑΚΟΛΟΥΘΗ;;;;;
966;X622929;ΚΛΕΙΣΤΗ ΑΝΑΤΑΞΗ ΚΡΟΤΑΦΟΓΝΑΘΙΚΗΣ ΕΞΑΡΘΡΩΣΗΣ. ΕΠΙΠΛΕΓΜΕΝΗ (Π.Χ., ΥΠΟΤΡΟΠΙΑΖΟΥΣΑ ΠΟΥ ΑΠΑΙΤΕΙ ΕΝΔΟΓΝΑΘΙΚΗ ΚΑΘΗΛΩΣΗ Ή ΤΟΠΟΘΕΤΗΣΗ ΝΑΡΘΗΚΑ), ΑΡΧΙΚΗ Ή  ΕΠΑΚΟΛΟΥΘΗ;;;;;
967;X622939;ΑΝΟΙΚΤΗ ΑΝΑΤΑΞΗ ΚΡΟΤΑΦΟΓΝΑΘΙΚΗΣ ΕΞΑΡΘΡΩΣΗΣ;;;;;
968;X622949;ΑΝΟΙΚΤΗ ΑΝΑΤΑΞΗ ΚΑΤΑΓΜΑΤΟΣ ΥΟΕΙΔΟΥΣ ΟΣΤΟΥ;;;;;
969;X622953;ΔΙΑΓΝΑΘΙΚΗ ΤΟΠΟΘΕΤΗΣΗ ΣΥΡΜΑΤΟΣ, ΓΙΑ ΣΥΝΘΗΚΕΣ ΑΛΛΕΣ ΕΚΤΟΣ ΚΑΤΑΓΜΑΤΟΣ;;;;;
970;X622957;ΜΗ ΚΑΤΑΓΕΓΡΑΜΜΕΝΗ ΔΙΑΔΙΚΑΣΙΑ, ΜΥΟΣΚΕΛΕΤΙΚΟ ΣΥΣΤΗΜΑ, ΚΕΦΑΛΗ;;;;;
971;X622957.1;ΔΙΑΤΑΤΙΚΗ ΟΣΤΕΟΓΕΝΕΣΗ ΜΕΣΟΥ ΤΡΙΤΗΜΟΡΙΟΥ ΜΕ ΕΞΩΣΤΟΜΑΤΙΚΕΣ Ή ΕΝΔΟΣΤΟΜΑΤΙΚΕΣ ΣΥΣΚΕΥΕΣ;;;;;
972;X622957.2;ΔΙΑΤΑΤΙΚΗ ΟΣΤΕΟΓΕΝΕΣΗ ΚΑΤΩ ΓΝΑΘΟΥ ΜΕ ΕΞΩΣΤΟΜΑΤΙΚΕΣ Ή ΕΝΔΟΣΤΟΜΑΤΙΚΕΣ ΣΥΣΚΕΥΕΣ;;;;;
973;X622957.3;ΑΝΟΙΚΤΗ ΑΝΑΤΑΞΗ ΣΥΜΠΙΕΣΤΙΚΟΥ ΚΑΤΑΓΜΑΤΟΣ ΖΥΓΩΜΑΤΙΚΟΥ ΤΟΞΟΥ (Π.Χ. ΠΡΟΣΠΕΛΑΣΗ KEEN ΕΝΔΟΣΤΟΜΑΤΙΚΗ);;;;;
974;X622957.4;ΑΝΟΙΚΤΗ ΑΝΑΤΑΞΗ ΚΑΤΑΓΜΑΤΟΣ ΡΙΝΟΗΘΜΟΕΙΔΟΥΣ. ΜΕ ΕΣΩΤΕΡΙΚΗ ΑΚΙΝΗΤΟΠΟΙΗΣΗ;;;;;
975;X622957.5;ΨΕΥΔΑΡΘΡΩΣΗ ΚΑΤΩ ΓΝΑΘΟΥ ΜΕ ΕΞΩΤΕΡΙΚΗ ΑΚΙΝΗΤΟΠΟΙΗΣΗ ΜΕ ΛΗΨΗ ΟΣΤΙΚΟΥ ΜΟΣΧΕΥΜΑΤΟΣ;;;;;
976;X622957.6;ΨΕΥΔΑΡΘΡΩΣΗ ΚΑΤΩ ΓΝΑΘΟΥ ΜΕ ΕΣΩΤΕΡΙΚΗ ΑΚΙΝΗΤΟΠΟΙΗΣΗ ΜΕ ΛΗΨΗ ΟΣΤΙΚΟΥ ΜΟΣΧΕΥΜΑΤΟΣ;;;;;
977;X622957.7;ΕΚΤΟΜΗ ΚΑΚΟΗΘΟΥΣ ΟΓΚΟΥ ΤΗΣ ΚΑΤΩ ΓΝΑΘΟΥ. ΤΜΗΜΑΤΙΚΗ ΟΣΤΕΚΤΟΜΗ;;;;;
Β.5;ΠΕΡΙΟΧΗ ΤΡΑΧΗΛΟΥ, ΑΥΧΕΝΑ, ΘΩΡΑΚΙΚΟΥ ΤΟΙΧΩΜΑΤΟΣ ΚΑΙ ΣΠΟΝΔΥΛΙΚΗΣ ΣΤΗΛΗΣ;;;;;;
978;X622961;ΤΟΜΗ ΚΑΙ ΠΑΡΟΧΕΤΕΥΣΗ. ΕΝ ΤΩ ΒΑΘΕΙ ΑΠΟΣΤΗΜΑ Ή ΑΙΜΑΤΩΜΑ, ΜΑΛΑΚΟΙ ΙΣΤΟΙ ΤΟΥ ΤΡΑΧΗΛΟΥ Ή ΤΟΥ ΘΩΡΑΚΑ.;;;;;
979;X622963;ΤΟΜΗ ΚΑΙ ΠΑΡΟΧΕΤΕΥΣΗ. ΕΝ ΤΩ ΒΑΘΕΙ ΑΠΟΣΤΗΜΑ Ή ΑΙΜΑΤΩΜΑ, ΜΑΛΑΚΟΙ ΙΣΤΟΙ ΤΟΥ ΤΡΑΧΗΛΟΥ Ή ΤΟΥ ΘΩΡΑΚΑ. ΜΕ ΜΕΡΙΚΗ ΕΚΤΟΜΗ ΠΛΕΥΡΩΝ;;;;;
980;X622979;ΤΟΜΗ, ΕΝ ΤΩ ΒΑΘΕΙ, ΜΕ ΔΙΑΝΟΙΞΗ ΤΟΥ ΠΕΡΙΟΣΤΕΟΥ (Π.Χ., ΓΙΑ ΟΣΤΕΟΜΥΕΛΙΤΙΔΑ Ή ΑΠΟΣΤΗΜΑ ΟΣΤΟΥ),  ΘΩΡΑΚΙΚΗ;;;;;
981;X623059;ΒΙΟΨΙΑ, ΜΑΛΑΚΟΙ ΙΣΤΟΙ ΤΟΥ ΤΡΑΧΗΛΟΥ Ή ΤΟΥ ΘΩΡΑΚΑ;;;;;
982;X623069;ΕΚΤΟΜΗ ΟΓΚΟΥ, ΜΑΛΑΚΟΙ ΙΣΤΟΙ ΤΡΑΧΗΛΟΥ Ή ΘΩΡΑΚΑ. ΥΠΟΔΟΡΙΑ;;;;;
983;X623071;ΕΚΤΟΜΗ ΟΓΚΟΥ, ΜΑΛΑΚΟΙ ΙΣΤΟΙ ΤΡΑΧΗΛΟΥ Ή ΘΩΡΑΚΑ. ΕΝ ΤΩ ΒΑΘΕΙ, ΥΠΟΠΕΡΙΤΟΝΙΑΚΗ, ΕΝΔΟΜΥΪΚΗ;;;;;
984;X623073;ΡΙΖΙΚΗ  ΑΦΑΙΡΕΣΗ ΤΟΥ ΟΓΚΟΥ (Π.Χ. ΚΑΚΟΗΘΟΥΣ ΝΕΟΠΛΑΣΜΑΤΟΣ), ΜΑΛΑΚΟΣ ΙΣΤΟΣ ΤΡΑΧΗΛΟΥ Ή ΘΩΡΑΚΑ;;;;;
985;X623159;ΕΚΤΟΜΗ ΠΛΕΥΡΑΣ, ΜΕΡΙΚΗ;;;;;
986;X623179;ΕΚΤΟΜΗ ΤΜΗΜΑΤΟΣ ΠΛΕΥΡΑΣ ΚΑΙ ΣΠΟΝΔΥΛΟΥ  (ΞΕΧΩΡΙΣΤΗ ΔΙΑΔΙΚΑΣΙΑ);;;;;
987;X623189;ΕΚΤΟΜΗ ΠΡΩΤΗΣ  ΚΑΙ/Ή ΑΥΧΕΝΙΚΗΣ ΠΛΕΥΡΑΣ;;;;;
988;X623191;ΕΚΤΟΜΗ ΠΡΩΤΗΣ  ΚΑΙ/Ή ΑΥΧΕΝΙΚΗΣ ΠΛΕΥΡΑΣ.. ΜΕ ΣΥΜΠΑΘΕΚΤΟΜΗ;;;;;
989;X623199;ΕΚΤΟΜΗ ΣΤΕΡΝΟΥ, ΜΕΡΙΚΗ;;;;;
990;X623213;ΚΑΘΑΡΙΣΜΟΣ ΣΤΕΡΝΟΥ;;;;;
991;X623219;ΡΙΖΙΚΗ ΕΚΤΟΜΗ ΣΤΕΡΝΟΥ;;;;;
992;X623223;ΡΙΖΙΚΗ ΕΚΤΟΜΗ ΣΤΕΡΝΟΥ. ΜΕ ΜΕΣΟΘΩΡΑΚΙΚΗ ΛΕΜΦΑΔΕΝΕΚΤΟΜΗ;;;;;
993;X623329;ΜΥΟΤΟΜΗ ΥΟΕΙΔΟΥΣ ΚΑΙ ΑΝΑΡΤΗΣΗ;;;;;
994;X623359;ΔΙΑΤΟΜΗ ΤΟΥ ΣΚΑΛΗΝΟΥ. ΧΩΡΙΣ ΕΚΤΟΜΗ ΑΥΧΕΝΙΚΗΣ ΠΛΕΥΡΑΣ;;;;;
995;X623369;ΔΙΑΤΟΜΗ ΤΟΥ ΣΚΑΛΗΝΟΥ. ΜΕ ΕΚΤΟΜΗ ΑΥΧΕΝΙΚΗΣ ΠΛΕΥΡΑΣ;;;;;
996;X623399;ΔΙΑΤΟΜΗ ΤΟΥ ΣΤΕΡΝΟΚΛΕΙΔΟΜΑΣΤΟΕΙΔΟΥΣ ΓΙΑ ΡΑΙΒΟΚΡΑΝΟ, ΑΝΟΙΚΤΗ ΕΠΕΜΒΑΣΗ. ΧΩΡΙΣ ΕΦΑΡΜΟΓΗ ΓΥΨΟΥ;;;;;
997;X623409;ΔΙΑΤΟΜΗ ΤΟΥ ΣΤΕΡΝΟΚΛΕΙΔΟΜΑΣΤΟΕΙΔΟΥΣ ΓΙΑ ΡΑΙΒΟΚΡΑΝΟ, ΑΝΟΙΚΤΗ ΕΠΕΜΒΑΣΗ. ΜΕ  ΕΦΑΡΜΟΓΗ ΓΥΨΟΥ;;;;;
998;X623439;ΑΠΟΚΑΤΑΣΤΑΣΗ ΤΟΥ ΣΚΑΦΟΕΙΔΟΥΣ Ή ΤΡΟΠΙΔΟΕΙΔΟΥΣ ΘΩΡΑΚΑ. ΑΝΟΙΚΤΗ;;;;;
999;X623443;ΑΠΟΚΑΤΑΣΤΑΣΗ ΤΟΥ ΣΚΑΦΟΕΙΔΟΥΣ Ή ΤΡΟΠΙΔΟΕΙΔΟΥΣ ΘΩΡΑΚΑ. ΕΛΑΧΙΣΤΑ ΕΠΕΜΒΑΤΙΚΗ ΠΡΟΣΠΕΛΑΣΗ (ΕΠΕΜΒΑΣΗ NUSS), ΧΩΡΙΣ ΘΩΡΑΚΟΣΚΟΠΗΣΗ;;;;;
1000;X623445;ΑΠΟΚΑΤΑΣΤΑΣΗ ΤΟΥ ΣΚΑΦΟΕΙΔΟΥΣ Ή ΤΡΟΠΙΔΟΕΙΔΟΥΣ ΘΩΡΑΚΑ. ΕΛΑΧΙΣΤΑ ΕΠΕΜΒΑΤΙΚΗ ΠΡΟΣΠΕΛΑΣΗ (ΕΠΕΜΒΑΣΗ NUSS), ΜΕ ΘΩΡΑΚΟΣΚΟΠΗΣΗ;;;;;
1001;X623459;ΑΠΟΚΑΤΑΣΤΑΣΗ ΤΟΥ ΔΙΑΧΩΡΙΣΜΟΥ ΤΟΥ ΣΤΕΡΝΟΥ ΜΕΤΑ ΜΕΣΗ ΣΤΕΡΝΟΤΟΜΗ ΜΕ Ή ΧΩΡΙΣ ΚΑΘΑΡΙΣΜΟ (ΞΕΧΩΡΙΣΤΗ ΔΙΑΔΙΚΑΣΙΑ);;;;;
1002;X623559;ΚΛΕΙΣΤΗ ΘΕΡΑΠΕΙΑ ΚΑΤΑΓΜΑΤΟΣ ΠΛΕΥΡΑΣ, ΑΝΕΠΙΠΛΕΚΤΗ, ΚΑΘΕ ΠΛΕΥΡΑ;;;;;
1003;X623569;ΑΝΟΙΚΤΗ ΘΕΡΑΠΕΙΑ ΚΑΤΑΓΜΑΤΟΣ ΠΛΕΥΡΑΣ ΧΩΡΙΣ ΟΣΤΕΟΣΥΝΘΕΣΗ, ΚΑΘΕ ΠΛΕΥΡΑ;;;;;
1004;X623579;ΘΕΡΑΠΕΙΑΚΑΤΑΓΜΑΤΟΣ ΠΛΕΥΡΑΣ ΠΟΥ ΑΠΑΙΤΕΙ ΕΞΩΤΕΡΙΚΗ ΟΣΤΕΟΣΥΝΘΕΣΗ (ΑΣΤΑΘΗΣ ΘΩΡΑΚΑΣ );;;;;
1005;X623599;ΚΛΕΙΣΤΗ ΘΕΡΑΠΕΙΑ ΚΑΤΑΓΜΑΤΟΣ ΣΤΕΡΝΟΥ;;;;;
1006;X623609;ΑΝΟΙΧΤΗ ΘΕΡΑΠΕΙΑ ΚΑΤΑΓΜΑΤΟΣ ΣΤΕΡΝΟΥ, ΜΕ Ή ΧΩΡΙΣ ΣΚΕΛΕΤΙΚΗ ΚΑΘΗΛΩΣΗ;;;;;
1007;X623757;ΜΗ ΚΑΤΑΓΕΓΡΑΜΜΕΝΗ ΔΙΑΔΙΚΑΣΙΑ, ΤΡΑΧΗΛΟΥ Ή ΘΩΡΑΚΑ;;;;;
1008;X623799;ΒΙΟΨΙΑ, ΜΑΛΑΚΟΥ ΙΣΤΟΥ ΡΑΧΙΑΙΑ Ή ΠΛΑΓΙΑ ΕΠΙΦΑΝΕΙΑ ΤΟΥ ΚΟΡΜΟΥ. ΕΠΙΦΑΝΕΙΑΚΗ;;;;;
1009;X623809;ΒΙΟΨΙΑ, ΜΑΛΑΚΟΥ ΙΣΤΟΥ ΡΑΧΙΑΙΑ Ή ΠΛΑΓΙΑ ΕΠΙΦΑΝΕΙΑ ΤΟΥ ΚΟΡΜΟΥ. ΕΝ ΤΩ ΒΑΘΕΙ;;;;;
1010;X623819;ΕΚΤΟΜΗ, ΟΓΚΟΣ, ΜΑΛΑΚΟΣ ΙΣΤΟΣ ΡΑΧΙΑΙΑΣ Ή ΠΛΑΓΙΑΣ ΕΠΙΦΑΝΕΙΑΣ ΚΟΡΜΟΥ;;;;;
1011;X623829;ΡΙΖΙΚΗ ΕΚΤΟΜΗ ΟΓΚΟΥ (Π.Χ. ΚΑΚΟΗΘΟΥΣ ΝΕΟΠΛΑΣΜΑΤΟΣ), ΡΑΧΙΑΙΑΣ Ή ΠΛΑΓΙΑΣ ΕΠΙΦΑΝΕΙΑΣ ΚΟΡΜΟΥ;;;;;
1012;X623979;ΤΟΜΗ ΚΑΙ ΠΑΡΟΧΕΤΕΥΣΗ, ΑΝΟΙΚΤΗ, ΣΕ ΕΝ ΤΩ ΒΑΘΕΙ ΑΠΟΣΤΗΜΑ (ΚΑΤΩΘΕΝ ΤΗΣ ΠΕΡΙΤΟΝΙΑΣ),  ΣΠΟΝΔΥΛΙΚΗΣ ΣΤΗΛΗΣ. ΑΥΧΕΝΙΚΗ, ΘΩΡΑΚΙΚΗ Ή ΑΥΧΕΝΟΘΩΡΑΚΙΚΗ;;;;;
1013;X623989;ΤΟΜΗ ΚΑΙ ΠΑΡΟΧΕΤΕΥΣΗ, ΑΝΟΙΚΤΗ, ΣΕ ΕΝ ΤΩ ΒΑΘΕΙ ΑΠΟΣΤΗΜΑ (ΚΑΤΩΘΕΝ ΤΗΣ ΠΕΡΙΤΟΝΙΑΣ),  ΣΠΟΝΔΥΛΙΚΗ ΣΤΗΛΗ. ΟΣΦΥΪΚΗ, ΙΕΡΗ Ή ΟΣΦΥΟΪΕΡΗ;;;;;
1014;X624159;ΜΕΡΙΚΗ ΕΚΤΟΜΗ ΟΠΙΣΘΙΟΥ ΣΠΟΝΔΥΛΙΚΟΥ ΤΜΗΜΑΤΟΣ (Π.Χ., ΑΚΑΝΘΩΔΗΣ ΑΠΟΦΥΣΗ, ΠΕΤΑΛΟ Η ΑΠΟΦΥΣΙΑΚΕΣ ΑΡΘΡΩΣΕΙΣ) ΓΙΑ ΕΣΩΤΕΡΙΚΗ ΟΣΤΙΚΗ ΒΛΑΒΗ,  ΕΝΑ ΣΠΟΝΔΥΛΙΚΟ ΤΜΗΜΑ. ΑΥΧΕΝΙΚΟ;;;;;
1015;X624161;ΜΕΡΙΚΗ ΕΚΤΟΜΗ ΟΠΙΣΘΙΟΥ ΣΠΟΝΔΥΛΙΚΟΥ ΤΜΗΜΑΤΟΣ (Π.Χ., ΑΚΑΝΘΩΔΗΣ ΑΠΟΦΥΣΗ, ΠΕΤΑΛΟ Η ΑΠΟΦΥΣΙΑΚΕΣ ΑΡΘΡΩΣΕΙΣ) ΓΙΑ ΕΣΩΤΕΡΙΚΗ ΟΣΤΙΚΗ ΒΛΑΒΗ,  ΕΝΑ ΣΠΟΝΔΥΛΙΚΟ ΤΜΗΜΑ. ΘΩΡΑΚΙΚΟ;;;;;
1016;X624163;ΜΕΡΙΚΗ ΕΚΤΟΜΗ ΟΠΙΣΘΙΟΥ ΣΠΟΝΔΥΛΙΚΟΥ ΤΜΗΜΑΤΟΣ (Π.Χ., ΑΚΑΝΘΩΔΗΣ ΑΠΟΦΥΣΗ, ΠΕΤΑΛΟ Η ΑΠΟΦΥΣΙΑΚΕΣ ΑΡΘΡΩΣΕΙΣ) ΓΙΑ ΕΣΩΤΕΡΙΚΗ ΟΣΤΙΚΗ ΒΛΑΒΗ,  ΕΝΑ ΣΠΟΝΔΥΛΙΚΟ ΤΜΗΜΑ. ΟΣΦΥΪΚΟ;;;;;
1017;X624165;ΜΕΡΙΚΗ ΕΚΤΟΜΗ ΟΠΙΣΘΙΟΥ ΣΠΟΝΔΥΛΙΚΟΥ ΤΜΗΜΑΤΟΣ (Π.Χ., ΑΚΑΝΘΩΔΗΣ ΑΠΟΦΥΣΗ, ΠΕΤΑΛΟ Η ΑΠΟΦΥΣΙΑΚΕΣ ΑΡΘΡΩΣΕΙΣ) ΓΙΑ ΕΣΩΤΕΡΙΚΗ ΟΣΤΙΚΗ ΒΛΑΒΗ,  ΕΝΑ ΣΠΟΝΔΥΛΙΚΟ ΤΜΗΜΑ. ΚΑΘΕ ΠΡΟΣΘΕΤΟ ΤΜΗΜΑ (ΑΝΑΓΡΑΦΕΤΑΙ ΞΕΧΩΡΙΣΤΑ ΜΑΖΙ ΜΕ ΤΟΝ ΚΩΔΙΚΟ ΤΗΣ ΠΡΩΤΕΥΟΥΣΑΣ ΔΙΑΔΙΚΑΣΙΑΣ);;;;;
1018;X624179;ΜΕΡΙΚΗ ΕΚΤΟΜΗ ΣΠΟΝΔΥΛΙΚΟΥ ΣΩΜΑΤΟΣ, ΓΙΑ ΕΣΩΤΕΡΙΚΗ ΟΣΤΙΚΗ ΒΛΑΒΗ, ΧΩΡΙΣ ΑΠΟΣΥΜΠΙΕΣΗ ΤΟΥ ΝΩΤΙΑΙΟΥ ΜΥΕΛΟΥ Ή ΤΩΝ ΝΕΥΡΙΚΩΝ ΡΙΖΩΝ, ΕΝΑ ΣΠΟΝΔΥΛΙΚΟ ΤΜΗΜΑ, ΑΥΧΕΝΙΚΟ;;;;;
1019;X624183;ΜΕΡΙΚΗ ΕΚΤΟΜΗ ΣΠΟΝΔΥΛΙΚΟΥ ΣΩΜΑΤΟΣ, ΓΙΑ ΕΣΩΤΕΡΙΚΗ ΟΣΤΙΚΗ ΒΛΑΒΗ, ΧΩΡΙΣ ΑΠΟΣΥΜΠΙΕΣΗ ΤΟΥ ΝΩΤΙΑΙΟΥ ΜΥΕΛΟΥ Ή ΤΩΝ ΝΕΥΡΙΚΩΝ ΡΙΖΩΝ, ΕΝΑ ΣΠΟΝΔΥΛΙΚΟ ΤΜΗΜΑ. ΘΩΡΑΚΙΚΟ;;;;;
1020;X624187;ΜΕΡΙΚΗ ΕΚΤΟΜΗ ΣΠΟΝΔΥΛΙΚΟΥ ΣΩΜΑΤΟΣ, ΓΙΑ ΕΣΩΤΕΡΙΚΗ ΟΣΤΙΚΗ ΒΛΑΒΗ, ΧΩΡΙΣ ΑΠΟΣΥΜΠΙΕΣΗ ΤΟΥ ΝΩΤΙΑΙΟΥ ΜΥΕΛΟΥ Ή ΤΩΝ ΝΕΥΡΙΚΩΝ ΡΙΖΩΝ, ΕΝΑ ΣΠΟΝΔΥΛΙΚΟ ΤΜΗΜΑ. ΟΣΦΥΪΚΟ;;;;;
1021;X624191;ΜΕΡΙΚΗ ΕΚΤΟΜΗ ΣΠΟΝΔΥΛΙΚΟΥ ΣΩΜΑΤΟΣ, ΓΙΑ ΕΣΩΤΕΡΙΚΗ ΟΣΤΙΚΗ ΒΛΑΒΗ, ΧΩΡΙΣ ΑΠΟΣΥΜΠΙΕΣΗ ΤΟΥ ΝΩΤΙΑΙΟΥ ΜΥΕΛΟΥ Ή ΤΩΝ ΝΕΥΡΙΚΩΝ ΡΙΖΩΝ, ΕΝΑ ΣΠΟΝΔΥΛΙΚΟ ΤΜΗΜΑ. ΚΑΘΕ ΠΡΟΣΘΕΤΟ ΣΠΟΝΔΥΛΙΚΟ ΤΜΗΜΑ (ΑΝΑΓΡΑΦΕΤΑΙ ΞΕΧΩΡΙΣΤΑ ΜΑΖΙ ΜΕ ΤΟΝ ΚΩΔΙΚΟ ΓΙΑ ΤΗΣ ΑΡΧΙΚΗΣ ΔΙΑΔΙΚΑΣΙΑΣ);;;;;
1022;X624371;ΟΣΤΕΟΤΟΜΙΑ ΣΠΟΝΔΥΛΙΚΗΣ ΣΤΗΛΗΣ, ΟΠΙΣΘΙΑ Ή ΟΠΙΣΘΟΠΛΑΓΙΑ ΠΡΟΣΠΕΛΑΣΗ, ΤΡΕΙΣ ΚΟΛΩΝΕΣ ΕΝΑ ΣΠΟΝΔΥΛΙΚΟ ΤΜΗΜΑ,(ΠΧ ΑΦΑΙΡΕΣΗ ΑΥΧΕΝΑ/ΣΠΟΝΔΥΛΙΚΟΥ ΣΩΜΑΤΟΣ) ΘΩΡΑΚΙΚΟ;;;;;
1023;X624373;ΟΣΤΕΟΤΟΜΙΑ ΣΠΟΝΔΥΛΙΚΗΣ ΣΤΗΛΗΣ, ΟΠΙΣΘΙΑ Ή ΟΠΙΣΘΟΠΛΑΓΙΑ ΠΡΟΣΠΕΛΑΣΗ, ΤΡΕΙΣ ΚΟΛΩΝΕΣ ΕΝΑ ΣΠΟΝΔΥΛΙΚΟ ΤΜΗΜΑ,(ΠΧ ΑΦΑΙΡΕΣΗ ΑΥΧΕΝΑ/ΣΠΟΝΔΥΛΙΚΟΥ ΣΩΜΑΤΟΣ). ΟΣΦΥΪΚΟ;;;;;
1024;X624375;ΟΣΤΕΟΤΟΜΙΑ ΣΠΟΝΔΥΛΙΚΗΣ ΣΤΗΛΗΣ, ΟΠΙΣΘΙΑ Ή ΟΠΙΣΘΟΠΛΑΓΙΑ ΠΡΟΣΠΕΛΑΣΗ, ΤΡΕΙΣ ΚΟΛΩΝΕΣ ΕΝΑ ΣΠΟΝΔΥΛΙΚΟ ΤΜΗΜΑ (Π.Χ., ΑΦΑΙΡΕΣΗ  ΑΥΧΕΝΑ/ΣΠΟΝΔΥΛΙΚΟΥ ΣΩΜΑΤΟΣ). ΚΑΘΕ  ΠΡΟΣΘΕΤΟ ΤΜΗΜΑ (ΑΝΑΓΡΑΦΕΤΑΙ ΞΕΧΩΡΙΣΤΑ ΜΑΖΙ ΜΕ ΤΟΝ ΚΩΔΙΚΟ ΤΗΣ ΠΡΩΤΕΥΟΥΣΑΣ ΔΙΑΔΙΚΑΣΙΑΣ);;;;;
1025;X624379;ΟΣΤΕΟΤΟΜΙΑ ΤΗΣ ΣΠΟΝΔΥΛΙΚΗΣ ΣΤΗΛΗΣ, ΟΠΙΣΘΙΑ Ή ΟΠΙΣΘΟΠΛΑΓΙΑ ΠΡΟΣΠΕΛΑΣΗ, ΕΝΑ ΣΠΟΝΔΥΛΙΚΟ  ΤΜΗΜΑ, ΑΥΧΕΝΙΚΟ;;;;;
1026;X624383;ΟΣΤΕΟΤΟΜΙΑ ΤΗΣ ΣΠΟΝΔΥΛΙΚΗΣ ΣΤΗΛΗΣ, ΟΠΙΣΘΙΑ Ή ΟΠΙΣΘΟΠΛΑΓΙΑ ΠΡΟΣΠΕΛΑΣΗ, ΕΝΑ ΣΠΟΝΔΥΛΙΚΟ  ΤΜΗΜΑ. ΘΩΡΑΚΙΚΟ;;;;;
1027;X624387;ΟΣΤΕΟΤΟΜΙΑ ΤΗΣ ΣΠΟΝΔΥΛΙΚΗΣ ΣΤΗΛΗΣ, ΟΠΙΣΘΙΑ Ή ΟΠΙΣΘΟΠΛΑΓΙΑ ΠΡΟΣΠΕΛΑΣΗ, ΕΝΑ ΣΠΟΝΔΥΛΙΚΟ  ΤΜΗΜΑ. ΟΣΦΥΪΚΟ;;;;;
1028;X624391;ΟΣΤΕΟΤΟΜΙΑ ΤΗΣ ΣΠΟΝΔΥΛΙΚΗΣ ΣΤΗΛΗΣ, ΟΠΙΣΘΙΑ Ή ΟΠΙΣΘΟΠΛΑΓΙΑ ΠΡΟΣΠΕΛΑΣΗ, ΕΝΑ ΣΠΟΝΔΥΛΙΚΟ  ΤΜΗΜΑ. ΚΑΘΕ ΠΡΟΣΘΕΤΟ ΣΠΟΝΔΥΛΙΚΟ ΤΜΗΜΑ (ΑΝΑΓΡΑΦΕΤΑΙ ΞΕΧΩΡΙΣΤΑ ΜΑΖΙ ΜΕ ΤΟΝ ΚΩΔΙΚΟ ΓΙΑ ΤΗΝ ΠΡΩΤΕΥΟΥΣΑ ΔΙΑΔΙΚΑΣΙΑ);;;;;
1029;X624399;ΟΣΤΕΟΤΟΜΙΑ ΤΗΣ ΣΠΟΝΔΥΛΙΚΗΣ ΣΤΗΛΗΣ, ΣΥΜΠΕΡΙΛΑΜΒΑΝΟΜΕΝΗΣ ΔΙΣΚΕΚΤΟΜΗΣ, ΠΡΟΣΘΙΑ ΠΡΟΣΠΕΛΑΣΗ, ΈΝΑ ΣΠΟΝΔΥΛΙΚΟ ΤΜΗΜΑ. ΑΥΧΕΝΙΚΟ;;;;;
1030;X624403;ΟΣΤΕΟΤΟΜΙΑ ΤΗΣ ΣΠΟΝΔΥΛΙΚΗΣ ΣΤΗΛΗΣ, ΣΥΜΠΕΡΙΛΑΜΒΑΝΟΜΕΝΗΣ ΔΙΣΚΕΚΤΟΜΗΣ, ΠΡΟΣΘΙΑ ΠΡΟΣΠΕΛΑΣΗ, ΈΝΑ ΣΠΟΝΔΥΛΙΚΟ ΤΜΗΜΑ. ΘΩΡΑΚΙΚΟ;;;;;
1031;X624407;ΟΣΤΕΟΤΟΜΙΑ ΤΗΣ ΣΠΟΝΔΥΛΙΚΗΣ ΣΤΗΛΗΣ, ΣΥΜΠΕΡΙΛΑΜΒΑΝΟΜΕΝΗΣ ΔΙΣΚΕΚΤΟΜΗΣ, ΠΡΟΣΘΙΑ ΠΡΟΣΠΕΛΑΣΗ, ΈΝΑ ΣΠΟΝΔΥΛΙΚΟ ΤΜΗΜΑ. ΟΣΦΥΪΚΟ;;;;;
1032;X624411;ΟΣΤΕΟΤΟΜΙΑ ΤΗΣ ΣΠΟΝΔΥΛΙΚΗΣ ΣΤΗΛΗΣ, ΣΥΜΠΕΡΙΛΑΜΒΑΝΟΜΕΝΗΣ ΔΙΣΚΕΚΤΟΜΗΣ, ΠΡΟΣΘΙΑ ΠΡΟΣΠΕΛΑΣΗ, ΈΝΑ ΣΠΟΝΔΥΛΙΚΟ ΤΜΗΜΑ. ΚΑΘΕ ΠΡΟΣΘΕΤΟ ΣΠΟΝΔΥΛΙΚΟ ΤΜΗΜΑ (ΑΝΑΓΡΑΦΕΤΑΙ ΞΕΧΩΡΙΣΤΑ  ΜΑΖΙ ΜΕ ΤΟΝ ΚΩΔΙΚΟ ΓΙΑ ΠΡΩΤΕΥΟΥΣΑ ΔΙΑΔΙΚΑΣΙΑ);;;;;
1033;X624569;ΚΛΕΙΣΤΗ ΘΕΡΑΠΕΙΑ ΚΑΤΑΓΜΑΤΟΣ/ΩΝ ΣΠΟΝΔΥΛΙΚΩΝ ΑΠΟΦΥΣΕΩΝ;;;;;
1034;X624579;ΚΛΕΙΣΤΗ ΘΕΡΑΠΕΙΑ ΚΑΤΑΓΜΑΤΟΣ/ΩΝ ΣΠΟΝΔΥΛΙΚΟΥ ΣΩΜΑΤΟΣ, ΧΩΡΙΣ ΧΕΙΡΙΣΜΟ ΑΠΑΙΤΕΙ ΚΑΙ ΠΕΡΙΛΑΜΒΑΝΕΙ ΓΥΨΟ Ή ΚΗΔΕΜΟΝΑ;;;;;
1035;X624589;ΚΛΕΙΣΤΗ ΘΕΡΑΠΕΙΑ ΣΠΟΝΔΥΛΙΚΟΥ ΚΑΤΑΓΜΑΤΟΣ/ΩΝ ΚΑΙ/Ή ΕΞΑΡΘΡΩΣΗΣ/ΕΩΝ ΑΠΑΙΤΕΙ ΚΑΙ ΠΕΡΙΛΑΜΒΑΝΕΙ ΓΥΨΟ Ή  ΚΗΔΕΜΟΝΑ, ΜΕ Ή ΧΩΡΙΣ ΑΝΑΙΣΘΗΣΙΑ, ΜΕ ΧΕΙΡΙΣΜΟ Ή ΕΛΞΗ;;;;;
1036;X624595;ΑΝΟΙΚΤΗ ΘΕΡΑΠΕΙΑ ΚΑΙ/Ή ΑΝΑΤΑΞΗ  ΚΑΤΑΓΜΑΤΩΝ ΟΔΟΝΤΟΕΙΔΟΥΣ ΑΠΟΦΥΣΕΩΣ ΚΑΙ Ή ΕΞΑΡΘΡΩΣΕΩΝ (ΣΥΜΠΕΡΙΛΑΜΒΑΝΟΜΕΝΟΥ ΟΔΟΝΤΟΕΙΔΟΥΣ ΟΣΤΟΥ), ΠΡΟΣΘΙΑ ΠΡΟΣΠΕΛΑΣΗ, ΣΥΜΠΕΡΙΛΑΜΒΑΝΟΜΕΝΗΣ ΤΟΠΟΘΕΤΗΣΗΣ ΕΣΩΤΕΡΙΚΗΣ  ΟΣΤΕΟΣΥΝΘΕΣΗΣ. ΧΩΡΙΣ ΤΟΠΟΘΕΤΗΣΗ ΜΟΣΧΕΥΜΑΤΟΣ;;;;;
1037;X624597;ΑΝΟΙΚΤΗ ΘΕΡΑΠΕΙΑ ΚΑΙ/Ή ΑΝΑΤΑΞΗ  ΚΑΤΑΓΜΑΤΩΝ ΟΔΟΝΤΟΕΙΔΟΥΣ ΑΠΟΦΥΣΕΩΣ ΚΑΙ Ή ΕΞΑΡΘΡΩΣΕΩΝ (ΣΥΜΠΕΡΙΛΑΜΒΑΝΟΜΕΝΟΥ ΟΔΟΝΤΟΕΙΔΟΥΣ ΟΣΤΟΥ), ΠΡΟΣΘΙΑ ΠΡΟΣΠΕΛΑΣΗ, ΣΥΜΠΕΡΙΛΑΜΒΑΝΟΜΕΝΗΣ ΤΟΠΟΘΕΤΗΣΗΣ ΕΣΩΤΕΡΙΚΗΣ  ΟΣΤΕΟΣΥΝΘΕΣΗΣ. ΜΕ ΤΟΠΟΘΕΤΗΣΗ ΜΟΣΧΕΥΜΑΤΟΣ;;;;;
1038;X624609;ΑΝΟΙΚΤΗ ΘΕΡΑΠΕΙΑ ΚΑΙ/Ή ΑΝΑΤΑΞΗ ΣΠΟΝΔΥΛΙΚΩΝ ΚΑΤΑΓΜΑΤΩΝ ΚΑΙ Ή ΕΞΑΡΘΡΩΣΕΩΝ, ΟΠΙΣΘΙΑ ΠΡΟΣΠΕΛΑΣΗ, ΕΝΑΣ ΚΑΤΕΑΓΟΣ ΣΠΟΝΔΥΛΟΣ   Ή ΕΞΑΡΘΡΩΜΕΝΟ ΤΜΗΜΑ. ΟΣΦΥΪΚΟ;;;;;
1039;X624611;ΑΝΟΙΚΤΗ ΘΕΡΑΠΕΙΑ ΚΑΙ/Ή  ΑΝΑΤΑΞΗ ΣΠΟΝΔΥΛΙΚΩΝ ΚΑΤΑΓΜΑΤΩΝ ΚΑΙ Ή ΕΞΑΡΘΡΩΣΕΩΝ, ΟΠΙΣΘΙΑ ΠΡΟΣΠΕΛΑΣΗ, ΕΝΑΣ ΚΑΤΕΑΓΟΣ ΣΠΟΝΔΥΛΟΣ   Ή ΕΞΑΡΘΡΩΜΕΝΟ ΤΜΗΜΑ. ΑΥΧΕΝΙΚΟ;;;;;
1040;X624613;ΑΝΟΙΚΤΗ ΘΕΡΑΠΕΙΑ ΚΑΙ/Ή  ΑΝΑΤΑΞΗ ΣΠΟΝΔΥΛΙΚΩΝ ΚΑΤΑΓΜΑΤΩΝ ΚΑΙ Ή ΕΞΑΡΘΡΩΣΕΩΝ, ΟΠΙΣΘΙΑ ΠΡΟΣΠΕΛΑΣΗ, ΕΝΑΣ ΚΑΤΕΑΓΟΣ ΣΠΟΝΔΥΛΟΣ   Ή ΕΞΑΡΘΡΩΜΕΝΟ ΤΜΗΜΑ. ΘΩΡΑΚΙΚΟ;;;;;
1041;X624615;ΑΝΟΙΚΤΗ ΘΕΡΑΠΕΙΑ ΚΑΙ/Ή ΑΝΑΤΑΞΗ ΣΠΟΝΔΥΛΙΚΩΝ ΚΑΤΑΓΜΑΤΩΝ ΚΑΙ Ή ΕΞΑΡΘΡΩΣΕΩΝ, ΟΠΙΣΘΙΑ ΠΡΟΣΠΕΛΑΣΗ, ΕΝΑΣ ΚΑΤΕΑΓΟΣ ΣΠΟΝΔΥΛΟΣ   Ή ΕΞΑΡΘΡΩΜΕΝΟ ΤΜΗΜΑ. ΚΑΘΕ ΕΠΙΠΛΕΟΝ ΣΠΟΝΔΥΛΟΣ ΠΟΥ ΠΑΡΟΥΣΙΑΖΕΙ ΚΑΤΑΓΜΑ Ή ΕΞΑΡΘΩΜΕΝΟ ΤΜΗΜΑ (ΚΑΤΑΧΩΡΙΣΤΕ ΞΕΧΩΡΙΣΤΑ ΕΠΙΠΛΕΟΝ ΤΟΥ ΚΩΔΙΚΟΥ ΤΗΣ ΑΡΧΙΚΗΣ ΔΙΑΔΙΚΑΣΙΑΣ);;;;;
1042;X624969;ΧΕΙΡΙΣΜΟΣ ΤΗΣ ΣΠΟΝΔΥΛΙΚΗΣ ΣΤΗΛΗΣ ΠΟΥ ΑΠΑΙΤΕΙ ΝΑΡΚΩΣΗ, ΟΠΟΙΑΔΗΠΟΤΕ ΠΕΡΙΟΧΗ;;;;;
1043;X624999;ΔΙΑΔΕΡΜΙΚΗ ΣΠΟΝΔΥΛΟΠΛΑΣΤΙΚΗ, ΕΝΑ ΣΠΟΝΔΥΛΙΚΟ ΣΩΜΑ, ΕΤΕΡΟΠΛΕΥΡΗ Ή ΑΜΦΙΠΛΕΥΡΗ ΕΝΕΣΗ. ΘΩΡΑΚΙΚΗ;;;;;
1044;X625001;ΔΙΑΔΕΡΜΙΚΗ  ΣΠΟΝΔΥΛΟΠΛΑΣΤΙΚΗ, ΕΝΑ ΣΠΟΝΔΥΛΙΚΟ ΣΩΜΑ, ΕΤΕΡΟΠΛΕΥΡΗ Ή ΑΜΦΙΠΛΕΥΡΗ ΕΝΕΣΗ. ΟΣΦΥΪΚΗ;;;;;
1045;X625003;ΔΙΑΔΕΡΜΙΚΗ  ΣΠΟΝΔΥΛΟΠΛΑΣΤΙΚΗ, ΕΝΑ ΣΠΟΝΔΥΛΙΚΟ ΣΩΜΑ, ΕΤΕΡΟΠΛΕΥΡΗ Ή ΑΜΦΙΠΛΕΥΡΗ ΕΝΕΣΗ. ΚΑΘΕ ΕΠΙΠΛΕΟΝ ΘΩΡΑΚΙΚΟ Ή ΟΣΦΥΪΚΟ ΣΠΟΝΔΥΛΙΚΟ ΣΩΜΑ (ΚΑΤΑΧΩΡΗΣΤΕ ΞΕΧΩΡΙΣΤΑ ΕΠΙΠΛΕΟΝ ΤΟΥ ΚΩΔΙΚΟΥ ΓΙΑ ΤΗΝ ΠΡΩΤΕΥΟΥΣΑ ΔΙΑΔΙΚΑΣΙΑ);;;;;
1046;X625005;"ΔΙΑΔΕΡΜΙΚΗ ΣΠΟΝΔΥΛΙΚΗ ΕΝΙΣΧΥΣΗ ΠΕΡΙΛΑΜΒΑΝΟΜΕΝΗΣ ΤΗΣ ΔΗΜΙΟΥΡΓΙΑΣ ΚΟΙΛΟΤΗΤΑΣ (ΑΝΑΤΑΞΗ ΚΑΤΑΓΜΑΤΟΣ ΚΑΙ ΒΙΟΨΙΑ ΟΣΤΟΥ ΣΥΜΠΕΡΙΛΑΜΒΑΝΟΝΤΑΙ ΟΤΑΝ ΕΚΤΕΛΟΥΝΤΑΙ) ΜΕ ΤΗΝ ΧΡΗΣΗ ΣΥΣΚΕΥΗΣ, ΕΝΑ ΣΠΟΝΔΥΛΙΚΟ ΣΩΜΑ, ΕΤΕΡΟΠΛΕΥΡΗ Ή ΑΜΦΙΠΛΕΥΡΗ ΔΙΑΣΩΛΗΝΩΣΗ (Π.Χ., ΚΥΦΟΠΛΑΣΤΙΚΗ); ΘΩΡΑΚΙΚΗ";;;;;
1047;X625007;"ΔΙΑΔΕΡΜΙΚΗ ΣΠΟΝΔΥΛΙΚΗ ΕΝΙΣΧΥΣΗ ΠΕΡΙΛΑΜΒΑΝΟΜΕΝΗΣ ΤΗΣ ΔΗΜΙΟΥΡΓΙΑΣ ΚΟΙΛΟΤΗΤΑΣ (ΑΝΑΤΑΞΗ ΚΑΤΑΓΜΑΤΟΣ ΚΑΙ ΒΙΟΨΙΑ ΟΣΤΟΥ ΣΥΜΠΕΡΙΛΑΜΒΑΝΟΝΤΑΙ ΟΤΑΝ ΕΚΤΕΛΟΥΝΤΑΙ) ΜΕ ΤΗΝ ΧΡΗΣΗ ΣΥΣΚΕΥΗΣ, ΕΝΑ ΣΠΟΝΔΥΛΙΚΟ ΣΩΜΑ, ΕΤΕΡΟΠΛΕΥΡΗ Ή ΑΜΦΙΠΛΕΥΡΗ ΔΙΑΣΩΛΗΝΩΣΗ (Π.Χ., ΚΥΦΟΠΛΑΣΤΙΚΗ); ΟΣΦΥΪΚΗ";;;;;
1048;X625009;"ΔΙΑΔΕΡΜΙΚΗ ΣΠΟΝΔΥΛΙΚΗ ΕΝΙΣΧΥΣΗ ΠΕΡΙΛΑΜΒΑΝΟΜΕΝΗΣ ΤΗΣ ΔΗΜΙΟΥΡΓΙΑΣ ΚΟΙΛΟΤΗΤΑΣ (ΑΝΑΤΑΞΗ ΚΑΤΑΓΜΑΤΟΣ ΚΑΙ ΒΙΟΨΙΑ ΟΣΤΟΥ ΣΥΜΠΕΡΙΛΑΜΒΑΝΟΝΤΑΙ ΟΤΑΝ ΕΚΤΕΛΟΥΝΤΑΙ) ΜΕ ΤΗΝ ΧΡΗΣΗ ΣΥΣΚΕΥΗΣ, ΕΝΑ ΣΠΟΝΔΥΛΙΚΟ ΣΩΜΑ, ΕΤΕΡΟΠΛΕΥΡΗ Ή ΑΜΦΙΠΛΕΥΡΗ ΔΙΑΣΩΛΗΝΩΣΗ (Π.Χ., ΚΥΦΟΠΛΑΣΤΙΚΗ); ΚΑΘΕ ΕΠΙΠΛΕΟΝ ΘΩΡΑΚΙΚΟ Ή ΟΣΦΥΪΚΟ ΣΠΟΝΔΥΛΙΚΟ ΣΩΜΑ (ΚΑΤΑΧΩΡΗΣΤΕ ΞΕΧΩΡΙΣΤΑ ΕΠΙΠΛΕΟΝ ΤΟΥ ΚΩΔΙΚΟΥ ΓΙΑ ΤΗΝ ΠΡΩΤΕΥΟΥΣΑ ΔΙΑΔΙΚΑΣΙΑ)";;;;;
1049;X625011;ΔΙΑΔΕΡΜΙΚΗ ΗΛΕΚΤΡΟΘΕΡΜΙΚΗ ΠΥΡΗΝΟΠΛΑΣΤΙΚΗ, ΕΤΕΡΟΠΛΕΥΡΗ Ή ΑΜΦΙΠΛΕΥΡΗ, ΣΥΜΠΕΡΙΛΑΜΒΑΝΟΜΕΝΗΣ ΤΗΣ ΑΚΤΙΝΟΛΟΓΙΚΗΣ ΚΑΘΟΔΗΓΗΣΗΣ. ΕΝΑ  ΕΠΙΠΕΔΟ;;;;;
1050;X625013;ΔΙΑΔΕΡΜΙΚΗ ΗΛΕΚΤΡΟΘΕΡΜΙΚΗ ΠΥΡΗΝΟΠΛΑΣΤΙΚΗ, ΕΤΕΡΟΠΛΕΥΡΗ Ή ΑΜΦΙΠΛΕΥΡΗ ΣΥΜΠΕΡΙΛΑΜΒΑΝΟΜΕΝΗΣ ΑΚΤΙΝΟΛΟΓΙΚΗΣ ΚΑΘΟΔΗΓΗΣΗΣ. ΕΝΑ Ή ΠΕΡΙΣΣΟΤΕΡΑ ΕΠΙΠΛΕΟΝ ΕΠΙΠΕΔΑ (ΚΑΤΑΧΩΡΗΣΤΕ ΞΕΧΩΡΙΣΤΑ ΕΠΙΠΛΕΟΝ ΤΟΥ ΚΩΔΙΚΟΥ ΓΙΑ ΤΗΝ ΠΡΩΤΕΥΟΥΣΑ ΔΙΑΔΙΚΑΣΙΑ);;;;;
1051;X625023;ΑΡΘΡΟΔΕΣΗ ΠΛΑΓΙΑ ΕΞΩΤΟΙΧΩΜΑΤΙΚΗ, ΣΥΜΠΕΡΙΛΑΜΒΑΝΟΜΕΝΗΣ ΕΛΑΧΙΣΤΗΣ  ΔΙΣΚΕΚΤΟΜΗΣ ΓΙΑ ΤΗΝ ΠΡΟΕΤΟΙΜΑΣΙΑ  ΜΕΣΟΔΙΑΣΤΗΜΑΤΟΣ (ΕΚΤΟΣ ΑΠΟΣΥΜΠΙΕΣΗΣ). ΘΩΡΑΚΙΚΗ;;;;;
1052;X625025;ΑΡΘΡΟΔΕΣΗ, ΠΛΑΓΙΑ ΕΞΩΤΟΙΧΩΜΑΤΙΚΗ, ΣΥΜΠΕΡΙΛΑΜΒΑΝΟΜΕΝΗΣ ΕΛΑΧΙΣΤΗΣ  ΔΙΣΚΕΚΤΟΜΗΣ ΓΙΑ ΤΗΝ ΠΡΟΕΤΟΙΜΑΣΙΑ  ΜΕΣΟΔΙΑΣΤΗΜΑΤΟΣ (ΕΚΤΟΣ ΑΠΟΣΥΜΠΙΕΣΗΣ). ΟΣΦΥΪΚΗ;;;;;
1053;X625027;ΑΡΘΡΟΔΕΣΗ, ΠΛΑΓΙΑ ΕΞΩΤΟΙΧΩΜΑΤΙΚΗ, ΣΥΜΠΕΡΙΛΑΜΒΑΝΟΜΕΝΗΣ ΕΛΑΧΙΣΤΗΣ  ΔΙΣΚΕΚΤΟΜΗΣ ΓΙΑ ΤΗΝ ΠΡΟΕΤΟΙΜΑΣΙΑ ΜΕΣΟΔΙΑΣΤΗΜΑΤΟΣ (ΕΚΤΟΣ ΑΠΟΣΥΜΠΙΕΣΗΣ). ΘΩΡΑΚΙΚΟ Ή ΟΣΦΥΪΚΟ, ΚΑΘΕ ΕΠΙΠΡΟΣΘΕΤΟ ΣΠΟΝΔΥΛΙΚΟ ΤΜΗΜΑ (ΚΑΤΑΧΩΡΗΣΤΕ ΞΕΧΩΡΙΣΤΑ  ΕΠΙΠΛΕΟΝ ΤΟΥ ΚΩΔΙΚΟΥ ΓΙΑ ΠΡΩΤΕΥΟΥΣΑ ΔΙΑΔΙΚΑΣΙΑ);;;;;
1054;X625055;ΑΡΘΡΟΔΕΣΗ, ΠΡΟΣΘΙΑ ΔΙΑΣΤΟΜΑΤΙΚΗ Ή ΕΞΩΣΤΟΜΑΤΙΚΗ ΤΕΧΝΙΚΗ, ΒΟΘΡΟΣ Α1-Α2 (ΑΤΛΑΣ-ΑΞΟΝΑΣ), ΜΕ Ή ΧΩΡΙΣ ΕΚΤΟΜΗ  ΟΔΟΝΤΟΕΙΔΟΥΣ ΑΠΟΦΥΣΗΣ;;;;;
1055;X625067;ΑΡΘΡΟΔΕΣΗ ΠΡΟΣΘΙΑ ΜΕΣΟΣΠΟΝΔΥΛΙΑ, ΣΥΜΠΕΡΙΛΑΜΒΑΝΟΜΕΝΗΣ ΕΛΑΧΙΣΤΗΣ ΔΙΣΚΕΚΤΟΜΗΣ ΓΙΑ ΤΗΝ ΠΡΟΕΤΟΙΜΑΣΙΑ ΜΕΣΟΔΙΑΣΤΗΜΑΤΟΣ (ΕΚΤΟΣ ΑΠΟΣΥΜΠΙΕΣΗΣ). ΑΥΧΕΝΙΚΗ ΚΑΤΩ ΑΠΟ ΤΟΝ Α2;;;;;
1056;X625071;ΑΡΘΡΟΔΕΣΗΠΡΟΣΘΙΑ ΜΕΣΟΣΠΟΝΔΥΛΙΑ  , ΣΥΜΠΕΡΙΛΑΜΒΑΝΟΜΕΝΗΣ ΕΛΑΧΙΣΤΗΣ  ΔΙΣΚΕΚΤΟΜΗΣ ΓΙΑ ΤΗΝ ΠΡΟΕΤΟΙΜΑΣΙΑ  ΜΕΣΟΔΙΑΣΤΗΜΑΤΟΣ (ΕΚΤΟΣ ΑΠΟΣΥΜΠΙΕΣΗΣ). ΘΩΡΑΚΙΚΗ;;;;;
1057;X625075;ΑΡΘΡΟΔΕΣΗΠΡΟΣΘΙΑ ΜΕΣΟΣΠΟΝΔΥΛΙΑ  , ΣΥΜΠΕΡΙΛΑΜΒΑΝΟΜΕΝΗΣ ΕΛΑΧΙΣΤΗΣ  ΔΙΣΚΕΚΤΟΜΗΣ ΓΙΑ ΤΗΝ ΠΡΟΕΤΟΙΜΑΣΙΑ ΜΕΣΟΔΙΑΣΤΗΜΑΤΟΣ (ΕΚΤΟΣ ΑΠΟΣΥΜΠΙΕΣΗΣ). ΟΣΦΥΪΚΗ;;;;;
1058;X625129;ΑΡΘΡΟΔΕΣΗΠΡΟΣΘΙΑ ΜΕΣΟΣΠΟΝΔΥΛΙΑ  , ΣΥΜΠΕΡΙΛΑΜΒΑΝΟΜΕΝΗΣ ΕΛΑΧΙΣΤΗΣ  ΔΙΣΚΕΚΤΟΜΗΣ ΓΙΑ ΤΗΝ ΠΡΟΕΤΟΙΜΑΣΙΑ  ΜΕΣΟΔΙΑΣΤΗΜΑΤΟΣ (ΕΚΤΟΣ ΑΠΟΣΥΜΠΙΕΣΗΣ). ΚΑΘΕ ΠΡΟΣΘΕΤΟ  ΜΕΣΟΔΙΑΣΤΗΜΑ (ΚΑΤΑΧΩΡΙΣΤΕ ΞΕΧΩΡΙΣΤΑ ΕΠΙΠΛΕΟΝ ΤΤΟΥ ΚΩΔΙΚΟΥ ΤΗΣ ΑΡΧΙΚΗΣ ΔΙΑΔΙΚΑΣΙΑΣ);;;;;
1059;X625139;ΑΡΘΡΟΔΕΣΗ, ΟΠΙΣΘΙΑ ΤΕΧΝΙΚΗ, ΚΡΑΝΙΟΑΥΧΕΝΙΚΗ (ΙΝΙΟ-Α2);;;;;
1060;X625149;ΑΡΘΡΟΔΕΣΗ, ΟΠΙΣΘΙΑ ΤΕΧΝΙΚΗ, ΚΡΑΝΙΟΑΥΧΕΝΙΚΗ, ΑΤΛΑΝΤΑΣ-ΑΞΟΝΑΣ (Α1-Α2);;;;;
1061;X625159;ΑΡΘΡΟΔΕΣΗ, ΟΠΙΣΘΙΑ Ή  ΟΠΙΣΘΙΟΠΛΑΓΙΑ ΤΕΧΝΙΚΗ, ΕΝΑ ΕΠΙΠΕΔΟ. ΑΥΧΕΝΙΚΟ, ΚΑΤΩ ΑΠΟ ΤΟ ΤΜΗΜΑ Α2;;;;;
1062;X625179;ΑΡΘΡΟΔΕΣΗ, ΟΠΙΣΘΙΑ Ή  ΟΠΙΣΘΟΠΛΑΓΙΑ ΤΕΧΝΙΚΗ, ΕΝΑ  ΕΠΙΠΕΔΟ. ΘΩΡΑΚΙΚΟ (ΜΕ Ή ΧΩΡΙΣ  ΠΛΑΓΙΑ ΕΓΚΑΡΣΙΑ ΤΕΧΝΙΚΗ);;;;;
1063;X625183;ΑΡΘΡΟΔΕΣΗ, ΟΠΙΣΘΙΑ Ή  ΟΠΙΣΘΟΠΛΑΓΙΑ ΤΕΧΝΙΚΗ, ΜΟΝΗΡΕΣ ΕΠΙΠΕΔΟ. ΟΣΦΥΪΚΟ (ΜΕ Ή ΧΩΡΙΣ ΠΛΑΓΙΑ ΕΓΚΑΡΣΙΑ ΤΕΧΝΙΚΗ);;;;;
1064;X625187;ΑΡΘΡΟΔΕΣΗ, ΟΠΙΣΘΙΑ Ή  ΟΠΙΣΘΟΠΛΑΓΙΑ ΤΕΧΝΙΚΗ, ΜΟΝΗΡΕΣ ΕΠΙΠΕΔΟ. ΚΑΘΕ  ΠΡΟΣΘΕΤΟ ΣΠΟΝΔΥΛΙΚΟ ΤΜΗΜΑ (ΑΝΑΓΡΑΦΕΤΑΙ ΞΕΧΩΡΙΣΤΑ ΜΑΖΙ ΜΕ ΤΟΝ ΚΩΔΙΚΟ ΓΙΑ ΠΡΩΤΕΥΟΥΣΑ ΔΙΑΔΙΚΑΣΙΑ);;;;;
1065;X625219;ΑΡΘΡΟΔΕΣΗ, ΟΠΙΣΘΙΑ ΜΕΣΟΣΠΟΝΔΥΛΙΑ, ΣΥΜΠΕΡΙΛΑΜΒΑΝΟΜΕΝΗΣ ΠΕΤΑΛΕΚΤΟΜΗΣ ΚΑΙ/Ή  ΔΙΣΚΕΚΤΟΜΗΣ ΓΙΑ ΤΗΝ ΠΡΟΕΤΟΙΜΑΣΙΑ  ΜΕΣΟΔΙΑΣΤΗΜΑΤΟΣ (ΕΚΤΟΣ ΑΠΟΣΥΜΠΙΕΣΗΣ). ΈΝΑ  ΜΕΣΟΔΙΑΣΤΗΜΑ. ΟΣΦΥΪΚΟ;;;;;
1066;X625223;ΑΡΘΡΟΔΕΣΗ, ΟΠΙΣΘΙΑ ΜΕΣΟΣΠΟΝΔΥΛΙΑ, ΣΥΜΠΕΡΙΛΑΜΒΑΝΟΜΕΝΗΣ ΠΕΤΑΛΕΚΤΟΜΗΣ ΚΑΙ/Ή  ΔΙΣΚΕΚΤΟΜΗΣ ΓΙΑ ΤΗΝ ΠΡΟΕΤΟΙΜΑΣΙΑ ΜΕΣΟΔΙΑΣΤΗΜΑΤΟΣ (ΕΚΤΟΣ ΑΠΟΣΥΜΠΙΕΣΗΣ). ΈΝΑ  ΜΕΣΟΔΙΑΣΤΗΜΑ. ΚΑΘΕ ΕΠΙΠΡΟΣΘΕΤΟ ΜΕΣΟ-ΔΙΑΣΤΗΜΑ (ΚΑΤΑΧΩΡΗΣΤΕ ΞΕΧΩΡΙΣΤΑ ΕΠΙΠΛΕΟΝ ΤΟΥ ΚΩΔΙΚΟΥΤΗΣ ΑΡΧΙΚΗΣ ΔΙΑΔΙΚΑΣΙΑΣ);;;;;
1067;X625559;ΑΡΘΡΟΔΕΣΗ, ΟΠΙΣΘΙΑ, ΓΙΑ ΣΠΟΝΔΥΛΙΚΗ ΠΑΡΑΜΟΡΦΩΣΗ, ΜΕ Ή ΧΩΡΙΣ ΝΑΡΘΗΚΑ. ΜΕΧΡΙ  6 ΣΠΟΝΔΥΛΙΚΑ ΤΜΗΜΑΤΑ;;;;;
1068;X625563;ΑΡΘΡΟΔΕΣΗ, ΟΠΙΣΘΙΑ, ΓΙΑ ΣΠΟΝΔΥΛΙΚΗ ΠΑΡΑΜΟΡΦΩΣΗ, ΜΕ Ή ΧΩΡΙΣ ΝΑΡΘΗΚΑ. 7 ΕΩΣ  12 ΣΠΟΝΔΥΛΙΚΑ ΤΜΗΜΑΤΑ;;;;;
1069;X625567;ΑΡΘΡΟΔΕΣΗ, ΟΠΙΣΘΙΑ, ΓΙΑ ΣΠΟΝΔΥΛΙΚΗ ΠΑΡΑΜΟΡΦΩΣΗ, ΜΕ Ή ΧΩΡΙΣ ΝΑΡΘΗΚΑ. 13  Ή ΠΕΡΙΣΣΟΤΕΡΑ ΣΠΟΝΔΥΛΙΚΑ ΤΜΗΜΑΤΑ;;;;;
1070;X625575;ΑΡΘΡΟΔΕΣΗ,ΠΡΟΣΘΙΑ, ΓΙΑ ΣΠΟΝΔΥΛΙΚΗ ΠΑΡΑΜΟΡΦΩΣΗ, ΜΕ Ή ΧΩΡΙΣ ΝΑΡΘΗΚΑ. 2 ΕΩΣ  3 ΣΠΟΝΔΥΛΙΚΑ ΤΜΗΜΑΤΑ;;;;;
1071;X625579;ΑΡΘΡΟΔΕΣΗ, ΠΡΟΣΘΙΑ, ΓΙΑ ΣΠΟΝΔΥΛΙΚΗ  ΠΑΡΑΜΟΡΦΩΣΗ, ΜΕ Ή ΧΩΡΙΣ ΝΑΡΘΗΚΑ. 4 ΕΩΣ  7 ΣΠΟΝΔΥΛΙΚΑ ΤΜΗΜΑΤΑ;;;;;
1072;X625583;ΑΡΘΡΟΔΕΣΗ,ΠΡΟΣΘΙΑ, ΓΙΑ ΣΠΟΝΔΥΛΙΚΗ  ΠΑΡΑΜΟΡΦΩΣΗ, ΜΕ Ή ΧΩΡΙΣ ΝΑΡΘΗΚΑ. 8 Ή ΠΕΡΙΣΣΟΤΕΡΑ ΣΠΟΝΔΥΛΙΚΑ ΤΜΗΜΑΤΑ;;;;;
1073;X625595;ΚΥΦΕΚΤΟΜΗ, ΠΕΡΙΜΕΤΡΙΚΗ  ΑΠΟΚΑΛΥΨΗ ΤΗΣ ΣΠΟΝΔΥΛΙΚΗΣ ΣΤΗΛΗΣ ΚΑΙ ΕΚΤΟΜΗ ΣΠΟΝΔΥΛΙΚΩΝ ΤΜΗΜΑΤΩΝ (ΣΥΜΠΕΡΙΛΑΜΒΑΝΟΜΕΝΩΝ ΣΩΜΑΤΟΣ ΚΑΙ ΟΠΙΣΘΙΩΝ ΣΤΟΙΧΕΙΩΝ). ΕΝΑ Ή 2 ΤΜΗΜΑΤΑ;;;;;
1074;X625597;ΚΥΦΕΚΤΟΜΗ, ΜΕΡΙΜΕΤΡΙΚΗ ΑΠΟΚΑΛΥΨΗ ΤΗΣ ΣΠΟΝΔΥΛΙΚΗΣ ΣΤΗΛΗΣ ΚΑΙ ΕΚΤΟΜΗ ΣΠΟΝΔΥΛΙΚΩΝ ΤΜΗΜΑΤΩΝ (ΣΥΜΠΕΡΙΛΑΜΒΑΝΟΜΕΝΩΝ ΣΩΜΑΤΟΣ ΚΑΙ ΟΠΙΣΘΙΩΝ ΣΤΟΙΧΕΙΩΝ). 3 Ή ΠΕΡΙΣΣΟΤΕΡΑ ΤΜΗΜΑΤΑ;;;;;
1075;X625619;ΔΙΕΡΕΥΝΗΣΗ ΣΠΟΝΔΥΛΟΔΕΣΙΑΣ;;;;;
1076;X625639;ΟΠΙΣΘΙΑ ΜΗ-ΤΜΗΜΑΤΙΚΗ  ΣΠΟΝΔΥΛΟΔΕΣΙΑ  (Π.Χ., ΤΕΧΝΙΚΗ ΡΑΒΔΟΥ HARRINGTON,  ΔΙΑΥΧΕΝΙΚΗ ΣΠΟΝΔΥΛΟΔΕΣΙΑ  ΣΕ ΕΝΑ   ΕΠΙΠΕΔΟ, ΚΑΘΗΛΩΣΗ ΑΤΛΑΝΤΟΑΞΟΝΙΚΗΣ ΔΙΑΡΘΡΩΣΗΣ   ΜΕ ΒΙΔΕΣ, ΥΠΟΠΕΤΑΛΙΑ ΣΥΡΜΑΤΑ ΣΤΟΝ Α1, ΚΑΘΗΛΩΣΗ ΤΩΝ ΑΠΟΦΥΣΙΑΚΩΝ ΑΡΘΡΩΣΕΩΝ ΜΕ ΒΙΔΕΣ) (ΚΑΤΑΧΩΡΗΣΗ ΞΕΧΩΡΙΣΤΑ ΕΠΙΠΛΕΟΝ ΤΟΥ ΚΩΔΙΚΟΥ ΤΗΣ ΑΡΧΙΚΗΣ ΔΙΑΔΙΚΑΣΙΑΣ);;;;;
1077;X625641;ΕΣΩΤΕΡΙΚΗ ΣΠΟΝΔΥΛΟΔΕΣΙΑ  ΜΕ ΣΥΡΜΑΤΑ, ΔΙΑ ΤΩΝ ΑΚΑΝΘΩΔΩΝ ΑΠΟΦΥΣΕΩΝ (ΚΑΤΑΧΩΡΗΣΤΕ ΞΕΧΩΡΙΣΤΑ ΕΠΙΠΛΕΟΝ ΤΟΥ ΚΩΔΙΚΟΥ ΑΡΧΙΚΗΣ ΔΙΑΔΙΚΑΣΙΑΣ);;;;;
1078;X625643;ΟΠΙΣΘΙΑ ΤΜΗΜΑΤΙΚΗ ΣΠΟΝΔΥΛΟΔΕΣΙΑ  (Π.Χ., ΔΙΑΥΧΕΝΙΚΗ, ΔΙΠΛΕΣ ΡΑΒΔΟΙ ΜΕ ΠΟΛΛΑΠΛΑ ΑΓΚΙΣΤΡΑ ΚΑΙ ΥΠΟΠΕΤΑΛΙΑ ΣΥΡΜΑΤΑ) 3 ΕΩΣ 6 ΣΠΟΝΔΥΛΙΚΑ ΤΜΗΜΑΤΑ (ΚΑΤΑΧΩΡΗΣΤΕ ΞΕΧΩΡΙΣΤΑ ΕΠΙΠΛΕΟΝ ΤΟΥ ΚΩΔΙΚΟΥ ΤΗΣ ΑΡΧΙΚΗΣ ΔΙΑΔΙΚΑΣΙΑΣ);;;;;
1079;X625645;ΟΠΙΣΘΙΑ ΤΜΗΜΑΤΙΚΗ ΣΠΟΝΔΥΛΟΔΕΣΙΑ  (Π.Χ., ΔΙΑΥΧΕΝΙΚΗ, ΔΙΠΛΕΣ ΡΑΒΔΟΙ ΜΕ ΠΟΛΛΑΠΛΑ ΑΓΚΙΣΤΡΑ ΚΑΙ ΥΠΟΠΕΤΑΛΙΑ ΣΥΡΜΑΤΑ) 7 ΕΩΣ 12 ΣΠΟΝΔΥΛΙΚΑ ΤΜΗΜΑΤΑ (ΚΑΤΑΧΩΡΗΣΤΕ ΞΕΧΩΡΙΣΤΑ ΕΠΙΠΛΕΟΝ ΤΟΥ ΚΩΔΙΚΟΥ ΤΗΣ ΑΡΧΙΚΗΣ ΔΙΑΔΙΚΑΣΙΑΣ);;;;;
1080;X625647;ΟΠΙΣΘΙΑ ΤΜΗΜΑΤΙΚΗ ΣΠΟΝΔΥΛΟΔΕΣΙΑ  (Π.Χ., ΔΙΑΥΧΕΝΙΚΗ, ΔΙΠΛΕΣ ΡΑΒΔΟΙ ΜΕ ΠΟΛΛΑΠΛΑ ΑΓΚΙΣΤΡΑ ΚΑΙ ΥΠΟΠΕΤΑΛΙΑ ΣΥΡΜΑΤΑ) 13 Ή ΠΕΡΙΣΣΟΤΕΡΑ ΣΠΟΝΔΥΛΙΚΑ  ΤΜΗΜΑΤΑ (ΚΑΤΑΧΩΡΗΣΤΕ ΞΕΧΩΡΙΣΤΑ ΕΠΙΠΛΕΟΝ ΤΟΥ ΚΩΔΙΚΟΥ ΤΗΣ ΑΡΧΙΚΗΣ ΔΙΑΔΙΚΑΣΙΑΣ);;;;;
1081;X625649;ΠΡΟΣΘΙΑ ΣΠΟΝΔΥΛΟΔΕΣΙΑ . 2 ΕΩΣ 3 ΣΠΟΝΔΥΛΙΚΑ ΤΜΗΜΑΤΑ (ΚΑΤΑΧΩΡΗΣΤΕ ΞΕΧΩΡΙΣΤΑ ΕΠΙΠΛΕΟΝ ΤΟΥ ΚΩΔΙΚΟΥ ΑΡΧΙΚΗΣ ΔΙΑΔΙΚΑΣΙΑΣ);;;;;
1082;X625651;ΠΡΟΣΘΙΑ ΣΠΟΝΔΥΛΟΔΕΣΙΑ . 4 ΕΩΣ 7 ΣΠΟΝΔΥΛΙΚΑ ΤΜΗΜΑΤΑ (ΚΑΤΑΧΩΡΗΣΤΕ ΞΕΧΩΡΙΣΤΑ ΕΠΙΠΛΕΟΝ ΤΟΥ ΚΩΔΙΚΟΥ ΑΡΧΙΚΗΣ ΔΙΑΔΙΚΑΣΙΑΣ);;;;;
1083;X625653;ΠΡΟΣΘΙΑ  ΣΠΟΝΔΥΛΟΔΕΣΙΑ . 8 Ή ΠΕΡΙΣΣΟΤΕΡΑ ΣΠΟΝΔΥΛΙΚΑ ΤΜΗΜΑΤΑ (ΚΑΤΑΧΩΡΗΣΤΕ ΞΕΧΩΡΙΣΤΑ ΕΠΙΠΛΕΟΝ ΤΟΥ ΚΩΔΙΚΟΥ ΑΡΧΙΚΗΣ ΔΙΑΔΙΚΑΣΙΑΣ);;;;;
1084;X625655;ΠΥΕΛΙΚΗ ΚΑΘΗΛΩΣΗ ( ΣΥΝΔΕΣΗ ΤΟΥ  ΟΥΡΙΑΙΟΥ ΑΚΡΟΥ ΣΠΟΝΔΥΛΟΔΕΣΙΑΣ ΣΤΙΣ ΠΥΕΛΙΚΕΣ ΟΣΤΕΪΝΕΣ ΔΟΜΕΣ) ΕΚΤΟΣ ΤΟΥ ΙΕΡΟΥ ΟΣΤΟΥ (ΚΑΤΑΧΩΡΗΣΤΕ ΞΕΧΩΡΙΣΤΑ ΕΠΙΠΛΕΟΝ ΤΟΥ ΚΩΔΙΚΟΥ ΤΗΣ ΑΡΧΙΚΗΣ ΔΙΑΔΙΚΑΣΙΑΣ);;;;;
1085;X625657;ΕΠΑΝΑΤΟΠΟΘΕΤΗΣΗ ΣΥΣΚΕΥΗΣ ΣΠΟΝΔΥΛΙΚΗΣ ΚΑΘΗΛΩΣΗΣ;;;;;
1086;X625659;ΑΦΑΙΡΕΣΗ ΟΠΙΣΘΙΑΣ ΜΗ-ΤΜΗΜΑΤΙΚΗΣ  ΣΠΟΝΔΥΛΟΔΕΣΙΑΣ (Π.Χ., ΤΕΧΝΙΚΗ ΡΑΒΔΟΥ HARRINGTON);;;;;
1087;X625661;ΕΦΑΡΜΟΓΗ  ΜΕΣΟΣΠΟΝΔΥΛΙΑΣ ΕΜΒΙΟΜΗΧΑΝΙΚΗΣ ΣΥΣΚΕΥΗΣ/ΩΝ (Π.Χ., ΣΥΝΘΕΤΙΚΟΙ  ΚΛΩΒΟΙ, ΠΕΙΡΟΙ ΟΣΤΟΥ  ΒΙΔΩΤΟΙ, ΜΕΘΥΛΜΕΘΑΚΡΥΛΙΚΟΥ) ΣΤΟ ΣΠΟΝΔΥΛΙΚΟ  ΕΛΕΙΜΜΑ Ή ΤΟ  ΜΕΣΟΔΙΑΣΤΗΜΑ (ΚΑΤΑΧΩΡΗΣΤΕ ΞΕΧΩΡΙΣΤΑ, ΕΠΙΠΛΕΟΝ ΤΟΥ ΚΩΔΙΚΟΥ ΤΗΣ ΑΡΧΙΚΗΣ ΔΙΑΔΙΚΑΣΙΑΣ);;;;;
1088;X625663;ΑΦΑΙΡΕΣΗ ΟΠΙΣΘΙΑΣ ΤΜΗΜΑΤΙΚΗΣ ΣΠΟΝΔΥΛΟΔΕΣΙΑΣ;;;;;
1089;X625669;ΑΦΑΙΡΕΣΗ  ΠΡΟΣΘΙΑΣ ΣΠΟΝΔΥΛΟΔΕΣΙΑΣ;;;;;
1090;X625671;ΟΛΙΚΗ ΑΡΘΡΟΠΛΑΣΤΙΚΗ  ΔΙΣΚΟΥ (ΤΕΧΝΗΤΟΣ ΔΙΣΚΟΣ), ΠΡΟΣΘΙΑ ΠΡΟΣΠΕΛΑΣΗ, ΣΥΜΠΕΡΙΛΑΜΒΑΝΟΜΕΝΗΣ  ΔΙΣΚΕΚΤΟΜΗΣ ΜΕ ΠΡΟΕΤΟΙΜΑΣΙΑ  ΤΕΛΙΚΩΝ ΠΛΑΚΩΝ (ΠΕΡΙΛΑΜΒΑΝΕΙ ΟΣΤΕΟΦΥΤΕΚΤΟΜΗ ΓΙΑ ΑΠΟΣΥΜΠΙΕΣΗ ΚΑΙ ΜΙΚΡΟΠΑΡΑΣΚΕΥΗ ΤΗΣ ΡΙΖΑΣ ΤΟΥ ΝΕΥΡΟΥ Ή ΤΟΥ ΝΩΤΙΑΙΟΥ ΜΥΕΛΟΥ), ΜΟΝΗΡΕΣ  ΜΕΣΟΔΙΑΣΤΗΜΑ, ΑΥΧΕΝΙΚΟ;;;;;
1091;X625673;ΟΛΙΚΗ ΑΡΘΡΟΠΛΑΣΤΙΚΗ ΔΙΣΚΟΥ (ΤΕΧΝΗΤΟΣ ΔΙΣΚΟΣ), ΠΡΟΣΘΙΑ ΠΡΟΣΠΕΛΑΣΗ . ΠΕΡΙΛΑΜΒΑΝΕΙ   ΔΙΣΚΕΚΤΟΜΗ ΓΙΑ ΤΗΝ ΠΡΟΕΤΟΙΜΑΣΙΑ ΜΕΣΟΔΙΑΣΤΗΜΑΤΟΣ (ΕΚΤΟΣ ΑΠΟΣΥΜΠΙΕΣΗΣ). ΜΟΝΗΡΕΣ ΕΝΔΟ-ΔΙΑΣΤΗΜΑ, ΟΣΦΥΪΚΟ;;;;;
1092;X625681;ΑΝΑΘΕΩΡΗΣΗ ΣΥΜΠΕΡΙΛΑΜΒΑΝΟΜΕΝΗΣ ΤΗΣ ΑΝΤΙΚΑΤΑΣΤΑΣΗΣ ΤΗΣ ΟΛΙΚΗΣ ΑΡΘΡΟΠΛΑΣΤΙΚΗΣ  ΔΙΣΚΟΥ (ΤΕΧΝΗΤΟΣ ΔΙΣΚΟΣ), ΠΡΟΣΘΙΑ ΠΡΟΣΠΕΛΑΣΗ, ΜΟΝΗΡΕΣ ΜΕΣΟΔΙΑΣΤΗΜΑ. ΑΥΧΕΝΙΚΟ;;;;;
1093;X625683;ΑΝΑΘΕΩΡΗΣΗ ΣΥΜΠΕΡΙΛΑΜΒΑΝΟΜΕΝΗΣ ΤΗΣ ΑΝΤΙΚΑΤΑΣΤΑΣΗΣ ΤΗΣ  ΟΛΙΚΗΣ ΑΡΘΡΟΠΛΑΣΤΙΚΗΣ  ΔΙΣΚΟΥ (ΤΕΧΝΗΤΟΣ ΔΙΣΚΟΣ),  ΠΡΟΣΘΙΑ ΠΡΟΣΠΕΛΑΣΗ, ΜΟΝΗΡΕΣ ΜΕΣΟΔΙΑΣΤΗΜΑ. ΟΣΦΥΪΚΟ;;;;;
1094;X625687;ΑΦΑΙΡΕΣΗ ΟΛΙΚΗΣ ΑΡΘΡΟΠΛΑΣΤΙΚΗΣ ΔΙΣΚΟΥ (ΤΕΧΝΗΤΟΣ ΔΙΣΚΟΣ),  ΠΡΟΣΘΙΑ ΠΡΟΣΠΕΛΑΣΗ,  ΜΟΝΗΡΕΣ ΜΕΣΟΔΙΑΣΤΗΜΑ. ΑΥΧΕΝΙΚΟ;;;;;
1095;X625689;ΑΦΑΙΡΕΣΗ ΟΛΙΚΗΣ ΑΡΘΡΟΠΛΑΣΤΙΚΗΣ  ΔΙΣΚΟΥ (ΤΕΧΝΗΤΟΣ ΔΙΣΚΟΣ),  ΠΡΟΣΘΙΑ ΠΡΟΣΠΕΛΑΣΗ,  ΜΟΝΗΡΕΣ ΜΕΣΟΔΙΑΣΤΗΜΑ. ΟΣΦΥΪΚΟ;;;;;
1096;X625757;ΜΗ ΚΑΤΑΓΕΓΡΑΜΜΕΝΗ ΔΙΑΔΙΚΑΣΙΑ, ΣΠΟΝΔΥΛΙΚΗ ΣΤΗΛΗ;;;;;
1097;X625759;ΕΚΤΟΜΗ, ΟΓΚΟΣ ΚΟΙΛΙΑΚΟΥ ΤΟΙΧΩΜΑΤΟΣ, ΥΠΟΠΕΡΙΤΟΝΙΑΚΟΣ (Π.Χ., ΙΝΩΜΑ);;;;;
1098;X625957;ΜΗ ΚΑΤΑΓΕΓΡΑΜΜΕΝΗ ΔΙΑΔΙΚΑΣΙΑ, ΚΟΙΛΙΑ, ΜΥΟΣΚΕΛΕΤΙΚΟ ΣΥΣΤΗΜΑ;;;;;
Β.6;ΠΕΡΙΟΧΗ ΩΜΟΣ – ΑΝΩ ΑΚΡΟ;;;;;;
1099;X625959;ΑΦΑΙΡΕΣΗ ΥΠΟΔΕΛΤΟΕΙΔΩΝ ΑΣΒΕΣΤΟΕΙΔΩΝ ΑΠΟΘΕΣΕΩΝ, ΑΝΟΙΚΤΗ;;;;;
1100;X625999;ΔΙΑΤΟΜΗ ΡΙΚΝΩΜΕΝΟΥ ΘΥΛΑΚΟΥ (Π.Χ., ΔΙΑΔΙΚΑΣΙΑ ΤΥΠΟΥ SEVER);;;;;
1101;X626019;ΔΙΑΤΟΜΗ ΚΑΙ  ΠΑΡΟΧΕΤΕΥΣΗ, ΠΕΡΙΟΧΗ ΩΜΟΥ. ΕΝ ΤΩ ΒΑΘΕΙ ΑΠΟΣΤΗΜΑ Ή ΑΙΜΑΤΩΜΑ;;;;;
1102;X626021;ΕΚΤΟΜΗ ΚΑΙ ΠΑΡΟΧΕΤΕΥΣΗ, ΠΕΡΙΟΧΗ ΩΜΟΥ. ΦΛΕΓΜΑΙΝΩΝ ΘΥΛΑΚΑΣ;;;;;
1103;X626029;ΔΙΑΤΟΜΗ, ΦΛΟΙΟΣ ΟΣΤΟΥ (Π.Χ., ΟΣΤΕΟΜΥΕΛΙΤΙΔΑ Η ΑΠΟΣΤΗΜΑ ΟΣΤΟΥ), ΠΕΡΙΟΧΗ ΩΜΟΥ;;;;;
1104;X626039;ΑΡΘΡΟΤΟΜΗ, ΓΛΗΝΟΒΡΑΧΙΟΝΙΑ ΑΡΘΡΩΣΗ, ΠΕΡΙΛΑΜΒΑΝΕΤΑΙ ΔΙΕΡΕΥΝΗΣΗ,  ΠΑΡΟΧΕΤΕΥΣΗ Ή  ΑΦΑΙΡΕΣΗ ΤΟΥ ΞΕΝΟΥ ΣΩΜΑΤΟΣ;;;;;
1105;X626047;ΑΡΘΡΟΤΟΜΗ, ΑΚΡΟΜΙΟΚΛΕΙΔΙΚΗ, ΣΤΕΡΝΟΚΛΕΙΔΙΚΗ ΑΡΘΡΩΣΗ, ΣΥΜΠΕΡΙΛΑΜΒΑΝΟΜΕΝΩΝ ΔΙΕΡΕΥΝΗΣΗΣ,  ΠΑΡΟΧΕΤΕΥΣΗΣ Ή ΑΦΑΙΡΕΣΗΣ ΞΕΝΟΥ ΣΩΜΑΤΟΣ;;;;;
1106;X626089;ΒΙΟΨΙΑ, ΜΑΛΑΚΟΥ ΙΣΤΟΥ ΠΕΡΙΟΧΗΣ ΩΜΟΥ. ΕΠΙΦΑΝΕΙΑΚΗ;;;;;
1107;X626091;ΒΙΟΨΙΑ, ΜΑΛΑΚΟΥ ΙΣΤΟΥ ΠΕΡΙΟΧΗΣ ΩΜΟΥ. ΕΝ ΤΩ ΒΑΘΕΙ;;;;;
1108;X626109;ΑΦΑΙΡΕΣΗ, ΟΓΚΟΥ ΜΑΛΑΚΟΥ ΙΣΤΟΥ ΠΕΡΙΟΧΗΣ ΩΜΟΥ. ΥΠΟΔΟΡΙΟ;;;;;
1109;X626111;ΑΦΑΙΡΕΣΗ, ΟΓΚΟΥ ΜΑΛΑΚΟΥ ΙΣΤΟΥ ΠΕΡΙΟΧΗΣ ΩΜΟΥ, ΕΝ ΤΩ ΒΑΘΕΙ, ΥΠΟΠΕΡΙΤΟΝΙΑΚΗ Ή  ΕΝΔΟΜΥΪΚΗ;;;;;
1110;X626113;ΡΙΖΙΚΗ ΕΚΤΟΜΗ ΤΟΥ ΟΓΚΟΥ (Π.Χ. ΚΑΚΟΗΘΕΣ ΝΕΟΠΛΑΣΜΑ), ΜΑΛΑΚΑ ΜΟΡΙΑ ΤΗΣ  ΩΜΙΚΗΣ  ΖΩΝΗΣ;;;;;
1111;X626159;ΑΡΘΡΟΤΟΜΗ, ΓΛΗΝΟΒΡΑΧΙΟΝΙΑ ΑΡΘΡΩΣΗ, ΣΥΜΠΕΡΙΛΑΜΒΑΝΟΜΕΝΗΣ ΒΙΟΨΙΑΣ;;;;;
1112;X626161;ΑΡΘΡΟΤΟΜΗ, ΑΚΡΟΜΙΟΚΛΕΙΔΙΚΗ Ή ΣΤΕΡΝΟΚΛΕΙΔΙΚΗ ΑΡΘΡΩΣΗ, ΣΥΜΠΕΡΙΛΑΜΒΑΝΟΜΕΝΩΝ ΒΙΟΨΙΑΣ ΚΑΙ/Ή  ΑΦΑΙΡΕΣΗΣ ΡΑΓΕΝΤΟΣ ΧΟΝΔΡΟΥ;;;;;
1113;X626169;ΑΡΘΡΟΤΟΜΗ, ΓΛΗΝΟΒΡΑΧΙΟΝΙΑΣ ΑΡΘΡΩΣΗΣ ΜΕ ΥΜΕΝΕΚΤΟΜΗ, ΜΕ Ή ΧΩΡΙΣ ΒΙΟΨΙΑ;;;;;
1114;X626171;ΑΡΘΡΟΤΟΜΗ. ΣΤΕΡΝΟΚΛΕΙΔΙΚΗ ΑΡΘΡΩΣΗ, ΜΕ  ΥΜΕΝΕΚΤΟΜΗ, ΜΕ Ή ΧΩΡΙΣ ΒΙΟΨΙΑ;;;;;
1115;X626173;ΑΡΘΡΟΤΟΜΗ,ΓΛΗΝΟ ΒΡΑΧΙΟΝΙΑΣ ΑΡΘΡΩΣΗΣ, ΜΕ ΔΙΕΡΕΥΝΗΣΗ ΑΡΘΡΩΣΗΣ, ΜΕ Ή ΧΩΡΙΣ ΑΦΑΙΡΕΣΗ ΕΛΕΥΘΕΡΟΥ Ή ΞΕΝΟΥ ΣΩΜΑΤΟΣ;;;;;
1116;X626199;ΑΦΑΙΡΕΣΗ ΚΛΕΙΔΑΣ, ΜΕΡΙΚΗ;;;;;
1117;X626209;ΑΦΑΙΡΕΣΗΚΛΕΙΔΑΣ. ΟΛΙΚΗ;;;;;
1118;X626219;ΑΚΡΩΜΙΟΠΛΑΣΤΙΚΗ Ή ΑΚΡΩΜΙΟΕΚΤΟΜΗ, ΜΕΡΙΚΗ, ΜΕ Ή ΧΩΡΙΣ ΔΙΑΤΟΜΗ  ΚΟΡΑΚΟΑΚΡΩΜΙΑΚΟΥ   ΣΥΝΔΕΣΜΟΥ;;;;;
1119;X626239;ΑΦΑΙΡΕΣΗ Ή ΑΠΟΞΕΣΗ ΟΣΤΙΚΗΣ ΚΥΣΤΗΣ Ή ΚΑΛΟΗΘΟΥΣ ΟΓΚΟΥ, ΚΛΕΙΔΑΣ Ή  ΩΜΟΠΛΑΤΗΣ;;;;;
1120;X626249;ΑΦΑΙΡΕΣΗ Ή ΑΠΟΞΕΣΗ ΟΣΤΙΚΗΣ ΚΥΣΤΗΣ Ή ΚΑΛΟΗΘΟΥΣ ΟΓΚΟΥ ΚΛΕΙΔΑΣ Ή  ΩΜΟΠΛΑΤΗΣ. ΜΕ ΑΥΤΟΜΟΣΧΕΥΜΑ (ΠΕΡΙΛΑΜΒΑΝΕΙ ΤΗΝ ΛΗΨΗ ΜΟΣΧΕΥΜΑΤΟΣ);;;;;
1121;X626251;ΑΦΑΙΡΕΣΗ Ή ΑΠΟΞΕΣΗ ΟΣΤΙΚΗΣ ΚΥΣΤΗΣ Ή ΚΑΛΟΗΘΟΥΣ ΟΓΚΟΥ ΚΛΕΙΔΑΣ Ή  ΩΜΟΠΛΑΤΗΣ. ΜΕ ΑΛΛΟΜΟΣΧΕΥΜΑ;;;;;
1122;X626259;ΑΦΑΙΡΕΣΗ Ή ΑΠΟΞΕΣΗ ΟΣΤΙΚΗΣ ΚΥΣΤΗΣ Ή ΚΑΛΟΗΘΟΥΣ ΟΓΚΟΥ ΕΓΓΥΣ ΑΚΡΟΥ ΒΡΑΧΙΟΝΙΟΥ ΟΣΤΟΥ.;;;;;
1123;X626269;ΑΦΑΙΡΕΣΗ Ή ΑΠΟΞΕΣΗ ΟΣΤΙΚΗΣ ΚΥΣΤΗΣ Ή ΚΑΛΟΗΘΟΥΣ ΟΓΚΟΥ ΕΓΓΥΣ ΑΚΡΟΥ ΒΡΑΧΙΟΝΙΟΥ ΟΣΤΟΥ.  ΜΕ ΑΥΤΟΜΟΣΧΕΥΜΑ (ΠΕΡΙΛΑΜΒΑΝΕΙ ΤΗΝ ΛΗΨΗ ΜΟΣΧΕΥΜΑΤΟΣ);;;;;
1124;X626271;ΑΦΑΙΡΕΣΗ Ή ΑΠΟΞΕΣΗ ΟΣΤΙΚΗΣ ΚΥΣΤΗΣ Ή ΚΑΛΟΗΘΟΥΣ ΟΓΚΟΥ ΕΓΓΥΣ ΑΚΡΟΥ ΒΡΑΧΙΟΝΙΟΥ ΟΣΤΟΥ. ΜΕ ΑΛΛΟΜΟΣΧΕΥΜΑ;;;;;
1125;X626299;ΑΦΑΙΡΕΣΗ ΑΠΟΛΥΜΑΤΟΠΟΙΗΜΕΝΩΝ ΙΣΤΩΝ (Π.Χ., ΓΙΑ ΟΣΤΕΟΜΥΕΛΙΤΙΔΑ Ή ΑΠΟΣΤΗΜΑ ΟΣΤΟΥ), ΚΛΕΙΔΑ;;;;;
1126;X626303;ΑΦΑΙΡΕΣΗ ΑΠΟΛΥΜΑΤΟΠΟΙΗΜΕΝΩΝ ΙΣΤΩΝ (Π.Χ., ΓΙΑ ΟΣΤΕΟΜΥΕΛΙΤΙΔΑ Ή ΑΠΟΣΤΗΜΑ ΟΣΤΟΥ), ΩΜΟΠΛΑΤΗ;;;;;
1127;X626307;ΑΦΑΙΡΕΣΗ ΑΠΟΛΥΜΑΤΟΠΟΙΗΜΕΝΩΝ ΙΣΤΩΝ (Π.Χ., ΓΙΑ ΟΣΤΕΟΜΥΕΛΙΤΙΔΑ Ή ΑΠΟΣΤΗΜΑ ΟΣΤΟΥ), ΒΡΑΧΙΟΝΙΟΣ ΚΕΦΑΛΗ ΕΩΣ ΤΟΝ ΧΕΙΡΟΥΡΓΙΚΟ ΑΥΧΕΝΑ;;;;;
1128;X626319;ΜΕΡΙΚΗ  ΑΦΑΙΡΕΣΗ (ΚΡΑΤΗΡΕΚΤΟΜΗ, ΠΥΡΗΝΕΚΤΟΜΗ, Ή ΑΦΑΙΡΕΣΗ ΔΙΑΦΥΣΗΣ) ΟΣΤΟΥ (Π.Χ., ΟΣΤΕΟΜΥΕΛΙΤΙΔΑ), ΚΛΕΙΔΑ;;;;;
1129;X626323;ΜΕΡΙΚΗ ΑΦΑΙΡΕΣΗ (ΚΡΑΤΗΡΕΚΤΟΜΗ, ΠΥΡΗΝΕΚΤΟΜΗ, Ή ΑΦΑΙΡΕΣΗ ΔΙΑΦΥΣΗΣ) ΟΣΤΟΥ (Π.Χ., ΟΣΤΕΟΜΥΕΛΙΤΙΔΑ), ΩΜΟΠΛΑΤΗ;;;;;
1130;X626327;ΜΕΡΙΚΗ  ΑΦΑΙΡΕΣΗ (ΚΡΑΤΗΡΕΚΤΟΜΗ,  ΠΥΡΗΝΕΚΤΟΜΗ, Ή  ΑΦΑΙΡΕΣΗ ΔΙΑΦΥΣΗΣ) ΟΣΤΟΥ (Π.Χ., ΟΣΤΕΟΜΥΕΛΙΤΙΔΑ), ΕΓΓΥΣ ΒΡΑΧΙΟΝΙΟΥ ΟΣΤΟΥ;;;;;
1131;X626339;ΟΣΤΕΚΤΟΜΗ ΩΜΟΠΛΑΤΗΣ, ΜΕΡΙΚΗ (EG, ΑΝΩ ΜΕΣΗ ΓΩΝΙΑ);;;;;
1132;X626349;ΑΦΑΙΡΕΣΗ, ΒΡΑΧΙΟΝΙΟΣ ΚΕΦΑΛΗ;;;;;
1133;X626359;ΡΙΖΙΚΗ ΕΚΤΟΜΗ ΟΓΚΟΥ. ΚΛΕΙΔΑ;;;;;
1134;X626379;ΡΙΖΙΚΗ ΕΚΤΟΜΗ ΟΓΚΟΥ. ΩΜΟΠΛΑΤΗ;;;;;
1135;X626399;ΡΙΖΙΚΗ ΕΚΤΟΜΗ ΟΓΚΟΥ ΟΣΤΟΥ, ΕΓΓΥΣ ΑΚΡΟ ΒΡΑΧΙΟΝΙΟΥ ΟΣΤΟΥ.;;;;;
1136;X626401;ΡΙΖΙΚΗ ΕΚΤΟΜΗ ΟΓΚΟΥ ΟΣΤΟΥ, ΕΓΓΥΣ ΑΚΡΟ ΒΡΑΧΙΟΝΙΟΥ ΟΣΤΟΥ. ΜΕ ΑΥΤΟΜΟΣΧΕΥΜΑ (ΠΕΡΙΛΑΜΒΑΝΕΙ ΤΗΝ ΛΗΨΗ ΜΟΣΧΕΥΜΑΤΟΣ);;;;;
1137;X626403;ΡΙΖΙΚΗ ΕΚΤΟΜΗ ΟΓΚΟΥ ΟΣΤΟΥ, ΕΓΓΥΣ ΑΚΡΟ ΒΡΑΧΙΟΝΙΟΥ ΟΣΤΟΥ. ΜΕ ΠΡΟΣΘΕΤΙΚΗ  ΑΝΤΙΚΑΤΑΣΤΑΣΗ;;;;;
1138;X626619;ΑΦΑΙΡΕΣΗ ΞΕΝΟΥ ΣΩΜΑΤΟΣ, ΩΜΟΥ, ΥΠΟΔΟΡΙΟΣ;;;;;
1139;X626621;ΑΦΑΙΡΕΣΗ ΞΕΝΟΥ ΣΩΜΑΤΟΣ, ΩΜΟΥ. (Π.Χ., ΗΜΙΑΡΘΡΟΠΛΑΣΤΙΚΗ NEER ΑΦΑΙΡΕΣΗ);;;;;
1140;X626623;ΑΦΑΙΡΕΣΗ ΞΕΝΟΥ ΣΩΜΑΤΟΣ, ΩΜΟΥ. ΣΥΝΘΕΤΟ (Π.Χ., ΟΛΙΚΗ ΩΜΟΥ);;;;;
1141;X626659;ΔΙΑΔΙΚΑΣΙΑ ΕΓΧΥΣΗΣ ΓΙΑ ΑΡΘΡΟΓΡΑΦΙΑ ΩΜΟΥ Ή ΕΝΙΣΧΥΜΕΝΟ CT/MRI ΑΡΘΡΟΓΡΑΦΙΑΣ ΩΜΟΥ;;;;;
1142;X626749;ΜΕΤΑΦΟΡΑ ΜΥ, ΟΠΟΙΟΥΔΗΠΟΤΕ ΤΥΠΟΥ, ΩΜΟΥ Ή ΑΝΩ ΑΚΡΟΥ. ΜΟΝΗΡΕΣ;;;;;
1143;X626753;ΜΕΤΑΦΟΡΑ ΜΥ, ΟΠΟΙΟΥΔΗΠΟΤΕ ΤΥΠΟΥ, ΩΜΟΥ Ή ΑΝΩ  ΑΚΡΟΥ. ΠΟΛΛΑΠΛΟ;;;;;
1144;X626759;ΧΕΙΡΟΥΡΓΙΚΗ ΔΙΑΔΙΚΑΣΙΑ ΩΜΟΠΛΑΤΗΣ (Π.Χ. ΠΑΡΑΜΟΡΦΩΣΗ SPRENGEL Ή ΓΙΑ ΠΑΡΑΛΥΣΗ);;;;;
1145;X626769;ΤΕΝΟΤΟΜΗ, ΠΕΡΙΟΧΗ ΩΜΟΥ. ΜΟΝΗΡΗΣ ΤΕΝΟΝΤΑΣ;;;;;
1146;X626771;ΤΕΝΟΤΟΜΗ, ΠΕΡΙΟΧΗ ΩΜΟΥ. ΠΟΛΛΑΠΛΟΙ ΤΕΝΟΝΤΕΣ ΜΕΣΩ ΤΗΣ ΙΔΙΑΣ ΤΟΜΗΣ;;;;;
1147;X626779;ΑΠΟΚΑΤΑΣΤΑΣΗ  ΡΑΓΕΝΤΟΣ ΜΥΟΤΕΝΟΝΤΙΟΥ ΠΕΤΑΛΟΥ (Π.Χ ΣΤΡΟΦΙΚΟ ΠΕΤΑΛΟ) ΑΝΟΙΚΤΟ. ΟΞΥ;;;;;
1148;X626783;ΑΠΟΚΑΤΑΣΤΑΣΗ  ΡΑΓΕΝΤΟΣ ΜΥΟΤΕΝΟΝΤΙΟΥ ΠΕΤΑΛΟΥ (Π.Χ., ΣΤΡΟΦΙΚΟΥ ΠΕΤΑΛΟΥ) ΑΝΟΙΚΤΟ. ΧΡΟΝΙΟ;;;;;
1149;X626789;ΔΙΑΤΟΜΗ ΚΟΡΑΚΟΑΚΡΩΜΙΑΚΟΥ ΣΥΝΔΕΣΜΟΥ, ΜΕ Ή ΧΩΡΙΣ ΑΚΡΩΜΙΟΠΛΑΣΤΙΚΗ;;;;;
1150;X626799;ΑΝΑΚΑΤΑΣΚΕΥΗ ΠΛΗΡΟΥΣ ΑΠΟΚΟΛΛΗΣΗΣ ΩΜΙΚΟΥ(ΣΤΡΟΦΙΚΟΥ) ΠΕΤΑΛΟΥ, ΧΡΟΝΙΑ (ΠΕΡΙΛΑΜΒΑΝΕΙ ΑΚΡΩΜΙΟΠΛΑΣΤΙΚΗ);;;;;
1151;X626819;ΤΕΝΟΝΤΟΔΕΣΗ ΤΕΝΟΝΤΑ ΜΑΚΡΑΣ ΚΕΦΑΛΗΣ ΔΙΚΕΦΑΛΟΥ;;;;;
1152;X626839;ΔΙΑΤΟΜΗ Ή ΕΠΑΝΑΚΑΘΗΛΩΣΗ ΤΕΝΟΝΤΑ ΜΑΚΡΑΣ ΚΕΦΑΛΗΣ  ΔΙΚΕΦΑΛΩΝ;;;;;
1153;X626859;ΣΥΡΡΑΦΗ ΠΡΟΣΘΙΟΥ ΑΡΘΡΙΚΟΥ ΘΥΛΑΚΟΥ. ΔΙΑΔΙΚΑΣΙΑ ΤΥΠΟΥ PUTTI-PLATT Ή  ΕΠΕΜΒΑΣΗ  MAGNUSON;;;;;
1154;X626869;ΣΥΡΡΑΦΗ ΠΡΟΣΘΙΟΥ ΑΡΘΡΙΚΟΥ ΘΥΛΑΚΟΥ ΜΕ ΑΠΟΚΑΤΑΣΤΑΣΗ  ΕΠΙΧΕΙΛΙΟΥ ΧΟΝΔΡΟΥ (Π.Χ., ΔΙΑΔΙΚΑΣΙΑ BANKART);;;;;
1155;X626879;ΣΥΡΡΑΦΗ ΠΡΟΣΘΙΟΥ ΑΡΘΡΙΚΟΥ ΘΥΛΑΚΟΥ ΟΠΟΙΟΥΔΗΠΟΤΕ ΤΥΠΟΥ. ΜΕ ΜΠΛΟΚ ΟΣΤΟΥ;;;;;
1156;X626883;ΣΥΡΡΑΦΗ ΠΡΟΣΘΙΟΥ ΑΡΘΡΙΚΟΥ ΘΥΛΑΚΟΥ, ΟΠΟΙΟΥΔΗΠΟΤΕ ΤΥΠΟΥ. ΜΕ ΜΕΤΑΦΟΡΑ ΚΟΡΑΚΟΕΙΔΟΥΣ ΑΠΟΦΥΣΗΣ;;;;;
1157;X626889;ΣΥΡΡΑΦΗ ΑΡΘΡΙΚΟΥ ΘΥΛΑΚΟΥ ΓΛΗΝΟΒΡΑΧΙΟΝΙΑΣ ΑΡΘΡΩΣΗΣ, ΟΠΙΣΘΙΑ, ΜΕ Ή ΧΩΡΙΣ ΟΣΤΙΚΟ  ΜΠΛΟΚ;;;;;
1158;X626891;ΣΥΡΡΑΦΗ ΑΡΘΡΙΚΟΥ ΘΥΛΑΚΟΥ,ΓΛΗΝΟ ΒΡΑΧΙΟΝΙΑΣ ΑΡΘΡΩΣΗΣ, ΟΠΟΙΟΥΔΗΠΟΤΕ ΤΥΠΟΥ ΠΟΛΥ-ΚΑΤΕΥΘΥΝΤΙΚΗ  ΑΣΤΑΘΕΙΑ;;;;;
1159;X626899;ΑΡΘΡΟΠΛΑΣΤΙΚΗ, ΓΛΗΝΟΒΡΑΧΙΟΝΙΑΣ ΑΡΘΡΩΣΗΣ. ΗΜΙΑΡΘΡΟΠΛΑΣΤΙΚΗ;;;;;
1160;X626903;ΑΡΘΡΟΠΛΑΣΤΙΚΗ,ΓΛΗΝΟΒΡΑΧΙΟΝΙΑΣ ΑΡΘΡΩΣΗΣ. ΟΛΙΚΗ ΩΜΟΥ (ΓΛΗΝΟΕΙΔΟΥΣ ΚΑΙ ΕΓΓΥΣ ΤΜΗΜΑ ΒΡΑΧΙΟΝΙΟΥ) ΑΝΤΙΚΑΤΑΣΤΑΣΗ (Π.Χ. ΟΛΙΚΗ ΩΜΟΥ));;;;;
1161;X626919;ΟΣΤΕΟΤΟΜΙΑ, ΚΛΕΙΔΑ, ΜΕ Ή ΧΩΡΙΣ ΕΣΩΤΕΡΙΚΗ  ΟΣΤΕΟΣΥΝΘΕΣΗ.;;;;;
1162;X626929;ΟΣΤΕΟΤΟΜΙΑ, ΚΛΕΙΔΑ, ΜΕ Ή ΧΩΡΙΣ ΕΣΩΤΕΡΙΚΗ  ΟΣΤΕΟΣΥΝΘΕΣΗ. ΜΕ ΟΣΤΙΚΟ ΜΟΣΧΕΥΜΑ  ΓΙΑ ΨΕΥΔΑΡΘΡΩΣΗ Ή ΑΝΩΜΑΛΗ ΠΩΡΩΣΗ (ΠΕΡΙΛΑΜΒΑΝΕΙ ΛΗΨΗ ΜΟΣΧΕΥΜΑΤΟΣ ΚΑΙ/Ή ΑΝΑΓΚΑΙΑ  ΟΣΤΕΟΣΥΝΘΕΣΗ);;;;;
1163;X626939;ΠΡΟΦΥΛΑΚΤΙΚΗ ΑΝΤΙΜΕΤΩΠΙΣΗ (ΗΛΩΣΗ, ΤΟΠΟΘΕΤΗΣΗ ΚΑΡΦΙΔΩΝ,   ΠΛΑΚΩΝ Ή  ΣΥΡΜΑΤΟΣ) ΜΕ Ή ΧΩΡΙΣ ΜΕΘΥΛΜΕΘΑΚΡΥΛΙΚΟ, ΚΛΕΙΔΑ;;;;;
1164;X626941;ΠΡΟΦΥΛΑΚΤΙΚΗ ΑΝΤΙΜΕΤΩΠΙΣΗ (ΗΛΩΣΗ, ΤΟΠΟΘΕΤΗΣΗ ΚΑΡΦΙΔΩΝ,  ΠΛΑΚΩΝ Ή ΣΥΡΜΑΤΟΣ) ΜΕ Ή   ΧΩΡΙΣ ΜΕΘΥΛΜΕΘΑΚΡΥΛΙΚΟ. ΕΓΓΥΣ ΒΡΑΧΙΟΝΙΟ ΟΣΤΟΥΝ;;;;;
1165;X626959;ΚΛΕΙΣΤΗ ΘΕΡΑΠΕΙΑ ΚΑΤΑΓΜΑΤΟΣ ΚΛΕΙΔΑΣ. ΧΩΡΙΣ ΧΕΙΡΙΣΜΟ;;;;;
1166;X626969;ΚΛΕΙΣΤΗ ΘΕΡΑΠΕΙΑ ΚΑΤΑΓΜΑΤΟΣ ΚΛΕΙΔΑΣ. ΜΕ ΧΕΙΡΙΣΜΟ;;;;;
1167;X626989;ΑΝΟΙΧΤΗ ΘΕΡΑΠΕΙΑ ΚΑΤΑΓΜΑΤΟΣ ΚΛΕΙΔΑΣ, ΠΕΡΙΛΑΜΒΑΝΕΙ ΕΣΩΤΕΡΙΚΗ  ΟΣΤΕΟΣΥΝΘΕΣΗ, ΟΤΑΝ ΔΙΕΝΕΡΓΕΙΤΑΙ;;;;;
1168;X626999;ΚΛΕΙΣΤΗ ΘΕΡΑΠΕΙΑ ΣΤΕΡΝΟΚΛΕΙΔΙΚΗΣ ΕΞΑΡΘΡΩΣΗΣ. ΧΩΡΙΣ ΧΕΙΡΙΣΜΟ;;;;;
1169;X627009;ΚΛΕΙΣΤΗ ΘΕΡΑΠΕΙΑ ΣΤΕΡΝΟΚΛΕΙΔΙΚΗΣ ΕΞΑΡΘΡΩΣΗΣ. ΜΕ ΧΕΙΡΙΣΜΟ;;;;;
1170;X627019;ΑΝΟΙΚΤΗ ΘΕΡΑΠΕΙΑ ΣΤΕΡΝΟΚΛΕΙΔΙΚΗΣ ΕΞΑΡΘΡΩΣΗΣ, ΟΞΕΙΑ Ή ΧΡΟΝΙΑ.;;;;;
1171;X627023;ΑΝΟΙΚΤΗ ΘΕΡΑΠΕΙΑ ΣΤΕΡΝΟΚΛΕΙΔΙΚΗΣ ΕΞΑΡΘΡΩΣΗΣ, ΟΞΕΙΑ Ή ΧΡΟΝΙΑ. ΜΕ  ΜΟΣΧΕΥΜΑ ΠΕΡΙΤΟΝΙΑΣ (ΠΕΡΙΛΑΜΒΑΝΕΙ ΤΗΝ ΛΗΨΗ ΜΟΣΧΕΥΜΑΤΟΣ);;;;;
1172;X627039;ΚΛΕΙΣΤΗ ΘΕΡΑΠΕΙΑ ΑΚΡΟΜΙΟΚΛΕΙΔΙΚΗΣ ΕΞΑΡΘΡΩΣΗΣ. ΧΩΡΙΣ ΧΕΙΡΙΣΜΟ;;;;;
1173;X627049;ΚΛΕΙΣΤΗ ΘΕΡΑΠΕΙΑ ΑΚΡΟΜΙΟΚΛΕΙΔΙΚΗΣ ΕΞΑΡΘΡΩΣΗΣ. ΜΕ ΧΕΙΡΙΣΜΟ;;;;;
1174;X627059;ΑΝΟΙΧΤΗ ΘΕΡΑΠΕΙΑ ΑΚΡΟΜΙΟΚΛΕΙΔΙΚΗΣ ΕΞΑΡΘΡΩΣΗΣ. ΟΞΕΙΑ Ή ΧΡΟΝΙΑ;;;;;
1175;X627063;ΑΝΟΙΧΤΗ ΘΕΡΑΠΕΙΑ ΑΚΡΟΜΙΟΚΛΕΙΔΙΚΗΣ ΕΞΑΡΘΡΩΣΗΣ. ΟΞΕΙΑ Ή ΧΡΟΝΙΑ. ΜΕ  ΜΟΣΧΕΥΜΑ  ΠΕΡΙΤΟΝΙΑΣ (ΠΕΡΙΛΑΜΒΑΝΕΙ ΤΗΝ ΛΗΨΗ ΜΟΣΧΕΥΜΑΤΟΣ);;;;;
1176;X627099;ΚΛΕΙΣΤΗ ΘΕΡΑΠΕΙΑ ΚΑΤΑΓΜΑΤΟΣ ΩΜΟΠΛΑΤΗΣ. ΧΩΡΙΣ ΧΕΙΡΙΣΜΟ;;;;;
1177;X627109;ΚΛΕΙΣΤΗ ΘΕΡΑΠΕΙΑ ΚΑΤΑΓΜΑΤΟΣ ΩΜΟΠΛΑΤΗΣ. ΜΕ ΧΕΙΡΙΣΜΟ, ΜΕ Ή   ΧΩΡΙΣ ΣΚΕΛΕΤΙΚΗ ΕΛΞΗ (ΜΕ Ή ΧΩΡΙΣ  ΣΥΜΜΕΤΟΧΗ ΤΗΣ ΑΡΘΡΩΣΗΣ ΩΜΟΥ);;;;;
1178;X627129;ΑΝΟΙΚΤΗ ΘΕΡΑΠΕΙΑ ΚΑΤΑΓΜΑΤΟΣ ΩΜΟΥ (ΣΩΜΑ, ΓΛΗΝΗ Ή ΑΚΡΩΜΙΟ) ΠΕΡΙΛΑΜΒΑΝΕΙ ΕΣΩΤΕΡΙΚΗ  ΟΣΤΕΟΣΥΝΘΕΣΗ, ΟΤΑΝ ΕΚΤΕΛΕΙΤΑΙ;;;;;
1179;X627159;ΚΛΕΙΣΤΗ ΘΕΡΑΠΕΙΑ ΕΓΓΥΣ ΒΡΑΧΙΟΝΙΟΥ (ΧΕΙΡΟΥΡΓΙΚΟΥ Ή ΑΝΑΤΟΜΙΚΟΥ ΑΥΧΕΝΑ) ΚΑΤΑΓΜΑΤΟΣ, ΧΩΡΙΣ ΧΕΙΡΙΣΜΟ;;;;;
1180;X627169;ΚΛΕΙΣΤΗ ΘΕΡΑΠΕΙΑ ΕΓΓΥΣ ΒΡΑΧΙΟΝΙΟΥ (ΧΕΙΡΟΥΡΓΙΚΟΥ Ή ΑΝΑΤΟΜΙΚΟΥ  ΑΥΧΕΝΑ) ΚΑΤΑΓΜΑΤΟΣ. ΜΕ ΧΕΙΡΙΣΜΟ, ΜΕ Ή ΧΩΡΙΣ ΣΚΕΛΕΤΙΚΗ ΕΛΞΗ;;;;;
1181;X627189;ΑΝΟΙΚΤΗ ΘΕΡΑΠΕΙΑ ΕΓΓΥΣ ΒΡΑΧΙΟΝΙΟΥ (ΧΕΙΡΟΥΡΓΙΚΟΥ Ή ΑΝΑΤΟΜΙΚΟΥ  ΑΥΧΕΝΑ) ΚΑΤΑΓΜΑΤΟΣ, ΠΕΡΙΛΑΜΒΑΝΕΙ ΕΣΩΤΕΡΙΚΗ  ΟΣΤΕΟΣΥΝΘΕΣΗ, ΟΤΑΝ ΕΚΤΕΛΕΙΤΑΙ, ΠΕΡΙΛΑΜΒΑΝΕΙ ΑΠΟΚΑΤΑΣΤΑΣΗ  ΚΥΡΤΩΜΑΤΟΣ(ΩΝ), ΟΤΑΝ ΕΚΤΕΛΕΙΤΑΙ.;;;;;
1182;X627191;ΑΝΟΙΚΤΗ ΘΕΡΑΠΕΙΑ ΕΓΓΥΣ ΒΡΑΧΙΟΝΙΟΥ (ΧΕΙΡΟΥΡΓΙΚΟΥ Ή ΑΝΑΤΟΜΙΚΟΥ ΑΥΧΕΝΑ) ΚΑΤΑΓΜΑΤΟΣ, ΠΕΡΙΛΑΜΒΑΝΕΙ ΕΣΩΤΕΡΙΚΗ  ΟΣΤΕΟΣΥΝΘΕΣΗ, ΟΤΑΝ ΕΚΤΕΛΕΙΤΑΙ, ΠΕΡΙΛΑΜΒΑΝΕΙ ΑΠΟΚΑΤΑΣΤΑΣΗ  ΚΥΡΤΩΜΑΤΟΣ(ΩΝ) ΟΤΑΝ ΕΚΤΕΛΕΙΤΑΙ. ΜΕ ΠΡΟΣΘΕΤΙΚΗ ΑΝΤΙΚΑΤΑΣΤΑΣΗ  ΕΓΓΥΣ ΒΡΑΧΙΟΝΙΟΥ;;;;;
1183;X627199;ΚΛΕΙΣΤΗ ΘΕΡΑΠΕΙΑ  ΚΑΤΑΓΜΑΤΟΣ ΜΕΙΖΟΝΟΣ ΒΡΑΧΙΟΝΙΟΥ ΟΓΚΩΜΑΤΟΣ  ΧΩΡΙΣ ΧΕΙΡΙΣΜΟ;;;;;
1184;X627209;ΚΛΕΙΣΤΗ ΘΕΡΑΠΕΙΑ  ΚΑΤΑΓΜΑΤΟΣ ΜΕΙΖΟΝΟΣ ΒΡΑΧΙΟΝΙΟΥ ΟΓΚΩΜΑΤΟΣ ΜΕ ΧΕΙΡΙΣΜΟ;;;;;
1185;X627219;ΑΝΟΙΚΤΗ ΘΕΡΑΠΕΙΑ ΚΑΤΑΓΜΑΤΟΣ ΤΟΥ ΜΕΙΖΟΝΟΣ ΒΡΑΧΙΟΝΙΟΥ ΟΓΚΩΜΑΤΟΣ, ΠΕΡΙΛΑΜΒΑΝΕΙ ΕΣΩΤΕΡΙΚΗ ΟΣΤΕΟΣΥΝΘΕΣΗ, ΟΤΑΝ ΕΚΤΕΛΕΙΤΑΙ;;;;;
1186;X627259;ΚΛΕΙΣΤΗ ΘΕΡΑΠΕΙΑ ΕΞΑΡΘΡΩΣΗΣ ΩΜΟΥ, ΜΕ ΧΕΙΡΙΣΜΟ. ΧΩΡΙΣ ΝΑΡΚΩΣΗ;;;;;
1187;X627269;ΚΛΕΙΣΤΗ ΘΕΡΑΠΕΙΑ ΕΞΑΡΘΡΩΣΗΣ ΩΜΟΥ, ΜΕ ΧΕΙΡΙΣΜΟ. Η ΟΠΟΙΑ ΑΠΑΙΤΕΙ ΝΑΡΚΩΣΗ;;;;;
1188;X627279;ΑΝΟΙΚΤΗ ΘΕΡΑΠΕΙΑ ΟΞΕΙΑΣ ΕΞΑΡΘΡΩΣΗΣ ΩΜΟΥ;;;;;
1189;X627289;ΚΛΕΙΣΤΗ ΘΕΡΑΠΕΙΑ ΕΞΑΡΘΡΩΣΗΣ ΩΜΟΥ, ΜΕ ΚΑΤΑΓΜΑ  ΜΕΙΖΟΝΟΣ ΒΡΑΧΙΟΝΙΟΥ ΟΓΚΩΜΑΤΟΣ, ΜΕ ΧΕΙΡΙΣΜΟ;;;;;
1190;X627299;ΑΝΟΙΧΤΗ ΘΕΡΑΠΕΙΑ ΕΞΑΡΘΡΩΣΗΣ ΩΜΟΥ, ΜΕ ΚΑΤΑΓΜΑ ΜΕΙΖΟΝΟΣ ΒΡΑΧΙΟΝΙΟΥ ΟΓΚΩΜΑΤΟΣ, ΠΕΡΙΛΑΜΒΑΝΕΙ ΕΣΩΤΕΡΙΚΗ ΟΣΤΕΟΣΥΝΘΕΣΗ, ΟΤΑΝ ΕΚΤΕΛΕΙΤΑΙ;;;;;
1191;X627309;ΚΛΕΙΣΤΗ ΘΕΡΑΠΕΙΑ ΕΞΑΡΘΡΩΣΗΣ ΩΜΟΥ, ΜΕ ΚΑΤΑΓΜΑ ΧΕΙΡΟΥΡΓΙΚΟΥ Ή ΑΝΑΤΟΜΙΚΟΥ ΑΥΧΕΝΑ, ΜΕ ΧΕΙΡΙΣΜΟ;;;;;
1192;X627319;ΑΝΟΙΧΤΗ ΘΕΡΑΠΕΙΑ ΕΞΑΡΘΡΩΣΗΣ ΩΜΟΥ, ΜΕ ΚΑΤΑΓΜΑ ΧΕΙΡΟΥΡΓΙΚΟΥ Ή ΑΝΑΤΟΜΙΚΟΥ ΑΥΧΕΝΑ. ΠΕΡΙΛΑΜΒΑΝΕΙ ΕΣΩΤΕΡΙΚΗ ΟΣΤΕΟΣΥΝΘΕΣΗ, ΟΤΑΝ ΕΚΤΕΛΕΙΤΑΙ;;;;;
1193;X627359;ΧΕΙΡΙΣΜΟΣ ΥΠΟ ΝΑΡΚΩΣΗ, ΑΡΘΡΩΣΗ ΩΜΟΥ, ΠΕΡΙΛΑΜΒΑΝΟΜΕΝΗΣ ΤΗΣ ΕΦΑΡΜΟΓΗΣ  ΣΥΣΚΕΥΗΣ ΚΑΘΗΛΩΣΗΣ (ΕΞΑΙΡΕΙΤΑΙ ΕΞΑΡΘΡΩΣΗ);;;;;
1194;X627559;ΑΡΘΡΟΔΕΣΗ, ΓΛΗΝΟΒΡΑΧΙΟΝΙΑΣ ΑΡΘΡΩΣΗΣ.;;;;;
1195;X627563;ΑΡΘΡΟΔΕΣΗ, ΓΛΗΝΟΒΡΑΧΙΟΝΙΑΣ ΑΡΘΡΩΣΗΣ. ΜΕ ΑΥΤΟΛΟΓΟ ΜΟΣΧΕΥΜΑ (ΠΕΡΙΛΑΜΒΑΝΕΙ ΤΗ ΛΗΨΗ ΜΟΣΧΕΥΜΑΤΟΣ);;;;;
1196;X627759;ΔΙΑΘΩΡΑΚΙΚΟΣ-ΩΜΟΠΛΑΤΙΑΙΟΣ ΑΚΡΩΤΗΡΙΑΣΜΟΣ (ΕΜΠΡΟΣΘΙΟ ΤΕΤΑΡΤΗΜΟΡΙΟ);;;;;
1197;X627799;ΑΠΕΞΑΡΘΡΩΣΗ ΩΜΟΥ,;;;;;
1198;X627801;ΑΠΕΞΑΡΘΡΩΣΗ ΩΜΟΥ,ΕΠΟΥΛΩΣΗ ΣΕ ΔΕΥΤΕΡΟ ΧΡΟΝΟ Η ΑΝΑΘΕΩΡΗΣΗ ΟΥΛΗΣ;;;;;
1199;X627817;ΜΗ ΚΑΤΑΓΕΓΡΑΜΜΕΝΗ ΔΙΑΔΙΚΑΣΙΑ, ΩΜΟΣ;;;;;
1200;X627817.1;ΔΙΑΓΝΩΣΤΙΚΗ ΑΡΘΡΟΣΚΟΠΗΣΗ ΩΜΟΥ;;;;;
1201;X627817.2;ΑΡΘΡΟΣΚΟΠΙΚΗ ΥΠΑΚΡΩΜΙΑΚΗ ΑΠΟΣΥΜΠΙΕΣΗ;;;;;
1202;X627817.3;ΑΡΘΡΟΣΚΟΠΙΚΗ ΑΦΑΙΡΕΣΗ ΕΝΔΟΤΕΝΟΝΤΙΩΝ ΑΣΒΕΣΤΩΜΑΤΩΝ;;;;;
1203;X627817.4;ΑΡΘΡΟΣΚΟΠΙΚΗ ΕΠΙΔΙΟΡΘΩΣΗ ΜΙΚΡΗΣ ΡΗΞΗΣ ΤΕΝΟΝΤΙΟΥ ΠΕΤΑΛΟΥ;;;;;
1204;X627817.5;ΑΡΘΡΟΣΚΟΠΙΚΗ ΕΠΙΔΙΟΡΘΩΣΗ ΜΕΓΑΛΗΣ ΡΗΞΗΣ ΤΕΝΟΝΤΙΟΥ ΠΕΤΑΛΟΥ;;;;;
1205;X627817.6;ΑΡΘΡΟΣΚΟΠΙΚΗ ΑΠΕΛΕΥΘΕΡΩΣΗ ΔΥΣΚΑΜΠΤΟΥ ΩΜΟΥ;;;;;
1206;X627817.7;ΑΡΘΡΟΣΚΟΠΙΚΗ ΤΕΝΟΤΟΜΗ ΔΙΚΕΦΑΛΟΥ ;;;;;
1207;X627817.8;ΑΡΘΡΟΣΚΟΠΙΚΗ ΤΕΝΟΔΕΣΗ ΔΙΚΕΦΑΛΟΥ;;;;;
1208;X627817.9;ΑΡΘΡΟΣΚΟΠΙΚΗ ΑΝΤΙΜΕΤΩΠΙΣΗ ΠΡΟΣΘΙΑΣ ΑΣΤΑΘΕΙΑΣ ΩΜΟΥ;;;;;
1209;X627817.10;ΑΡΘΡΟΣΚΟΠΙΚΗ ΑΝΤΙΜΕΤΩΠΙΣΗ ΟΠΙΣΘΙΑΣ ΑΣΤΑΘΕΙΑΣ ΩΜΟΥ;;;;;
1210;X627817.11;ΑΡΘΡΟΣΚΟΠΙΚΗ ΕΠΙΔΙΟΡΘΩΣΗ ΒΛΑΒΗΣ ΕΠΙΧΕΙΛΙΟΥ ΧΟΝΔΡΟΥ ;;;;;
1211;X627817.12;ΑΡΘΡΟΣΚΟΠΙΚΗ ΑΝΤΙΜΕΤΩΠΙΣΗ ΣΥΜΠΙΕΣΗΣ ΥΠΕΡΠΛΑΤΙΟΥ ΝΕΥΡΟΥ ΛΟΓΩ ΓΑΓΓΛΙΑΚΗΣ ΚΥΣΤΗΣ;;;;;
1212;X627817.13;ΑΡΘΡΟΣΚΟΠΙΚΗ ΑΦΑΙΡΕΣΗ ΞΕΝΟΥ-ΕΛΕΥΘΕΡΟΥ ΣΩΜΑΤΟΣ ΣΤΗ ΓΛΗΝΟΒΡΑΧΙΟΝΙΑ ΑΡΘΡΩΣΗ;;;;;
1213;X627817.14;ΑΡΘΡΟΣΚΟΠΙΚΗ ΥΜΕΝΕΚΤΟΜΗ;;;;;
1214;X627817.15;ΑΡΘΡΟΣΚΟΠΙΚΗ ΡΙΚΝΩΣΗ ΘΥΛΑΚΟΥ ΓΛΗΝΟΒΡΑΧΙΟΝΙΑΣ ΑΡΘΡΩΣΗΣ;;;;;
1215;X627817.16;ΑΡΘΡΟΣΚΟΠΙΚΗ ΑΦΑΙΡΕΣΗ ΑΚΡΩΜΙΑΚΟΥ ΑΚΡΟΥ ΤΗΣ ΚΛΕΙΔΑΣ;;;;;
1216;X627817.17;ΑΡΘΡΟΣΚΟΠΙΚΗ ΥΠΑΚΡΩΜΙΑΚΗ ΑΠΟΣΥΜΠΙΕΣΗ ΜΕ ΑΦΑΙΡΕΣΗ ΤΟΥ ΑΚΡΩΜΙΑΚΟΥ ΑΚΡΟΥ ΤΗΣ ΚΛΕΙΔΑΣ;;;;;
1217;X627817.18;ΑΡΘΡΟΣΚΟΠΙΚΗ ΑΦΑΙΡΕΣΗ ΟΡΟΓΟΝΟΥ ΘΥΛΑΚΟΥ, ΥΠΟΔΕΛΤΟΕΙΔΙΚΗ;;;;;
1218;X627817.19;ΑΡΘΡΟΣΚΟΠΙΚΗ ΟΣΤΕΟΣΥΝΘΕΣΗ ΚΑΤΑΓΜΑΤΟΣ ΤΗΣ ΩΜΟΓΛΗΝΗΣ;;;;;
1219;X627819;ΤΟΜΗ ΚΑΙ  ΠΑΡΟΧΕΤΕΥΣΗ, ΠΕΡΙΟΧΗ  ΒΡΑΧΙΟΝΑ Ή ΑΓΚΩΝΑ. ΕΝ ΤΩ ΒΑΘΕΙ  ΑΠΟΣΤΗΜΑ Ή ΑΙΜΑΤΩΜΑ;;;;;
1220;X627821;ΔΙΑΤΟΜΗ ΚΑΙ  ΠΑΡΟΧΕΤΕΥΣΗ, ΠΕΡΙΟΧΗ ΒΡΑΧΙΟΝΑ Ή ΑΓΚΩΝΑ. ΘΥΛΑΚΑΣ;;;;;
1221;X627829;ΤΟΜΗ, ΕΝ ΤΩ ΒΑΘΕΙ, ΜΕ ΑΝΟΙΓΜΑ ΤΟΥ ΟΣΤΙΚΟΥ ΦΛΟΙΟΥ  (Π.Χ., ΓΙΑ ΟΣΤΕΟΜΥΕΛΙΤΙΔΑ Ή ΑΠΟΣΤΗΜΑ ΟΣΤΟΥ), ΒΡΑΧΙΟΝΙΟ ΟΣΤΟ Ή ΑΓΚΩΝΑΣ;;;;;
1222;X627959;ΑΡΘΡΟΤΟΜΗ, ΑΓΚΩΝΑ, ΠΕΡΙΛΑΜΒΑΝΕΤΑΙ ΔΙΕΡΕΥΝΗΣΗ,  ΠΑΡΟΧΕΤΕΥΣΗ, Ή ΑΦΑΙΡΕΣΗ  ΞΕΝΟΥ ΣΩΜΑΤΟΣ;;;;;
1223;X627971;ΑΡΘΡΟΤΟΜΗ ΤΟΥ ΑΓΚΩΝΑ, ΜΕ  ΔΙΑΤΟΜΗ ΘΥΛΑΚΟΥ  ΓΙΑ  ΘΥΛΑΚΙΚΗ  ΑΦΑΙΡΕΣΗ (ΞΕΧΩΡΙΣΤΗ ΔΙΑΔΙΚΑΣΙΑ);;;;;
1224;X628089;ΒΙΟΨΙΑ, ΜΑΛΑΚΑ ΜΟΡΙΑ ΤΗΣ ΠΕΡΙΟΧΗΣ ΤΟΥ ΒΡΑΧΙΟΝΑ Ή ΤΟΥ ΑΓΚΩΝΑ. ΕΠΙΦΑΝΕΙΑΚΗ;;;;;
1225;X628091;ΒΙΟΨΙΑ, ΜΑΛΑΚΑ ΜΟΡΙΑ ΤΗΣ ΠΕΡΙΟΧΗΣ ΤΟΥ ΒΡΑΧΙΟΝΑ Ή ΤΟΥ ΑΓΚΩΝΑ. ΕΝ ΤΩ ΒΑΘΕΙ (ΥΠΟΠΕΡΙΤΟΝΙΑΚΗ Ή  ΕΝΔΟΜΥΪΚΗ);;;;;
1226;X628109;ΑΦΑΙΡΕΣΗ ΟΓΚΟΥ, ΜΑΛΑΚΩΝ ΜΟΡΙΩΝ ΠΕΡΙΟΧΗΣ ΒΡΑΧΙΟΝΑ Ή ΑΓΚΩΝΑ, ΥΠΟΔΟΡΙΑ;;;;;
1227;X628111;ΑΦΑΙΡΕΣΗ ΟΓΚΟΥ, ΜΑΛΑΚΩΝ ΜΟΡΙΩΝ ΠΕΡΙΟΧΗΣ ΒΡΑΧΙΟΝΑ Ή ΑΓΚΩΝΑ, ΕΝ ΤΩ ΒΑΘΕΙ (ΥΠΟΠΕΡΙΤΟΝΙΑΚΟ Ή ΕΝΔΟΜΥΪΚΟ);;;;;
1228;X628113;ΡΙΖΙΚΗ ΑΦΑΙΡΕΣΗ ΟΓΚΟΥ (Π.Χ. ΚΑΚΟΗΘΕΣ ΝΕΟΠΛΑΣΜΑ), ΜΑΛΑΚΩΝ ΜΟΡΙΩΝ   ΠΕΡΙΟΧΗΣ ΒΡΑΧΙΟΝΑ Ή ΑΓΚΩΝΑ;;;;;
1229;X628159;ΑΡΘΡΟΤΟΜΗ, ΑΓΚΩΝΑ. ΜΕ ΒΙΟΨΙΑ ΤΟΥ ΑΡΘΡΙΚΟΥ ΥΜΕΝΑ ΜΟΝΟ;;;;;
1230;X628161;ΑΡΘΡΟΤΟΜΗ, ΑΓΚΩΝΑ, ΜΕ ΔΙΕΡΕΥΝΗΣΗ ΑΡΘΡΩΣΗΣ, ΜΕ Ή ΧΩΡΙΣ ΒΙΟΨΙΑ, ΜΕ Ή ΧΩΡΙΣ ΑΦΑΙΡΕΣΗ  ΕΛΕΥΘΕΡΟΥ Ή ΞΕΝΟΥ ΣΩΜΑΤΟΣ;;;;;
1231;X628163;ΑΡΘΡΟΤΟΜΗ, ΑΓΚΩΝΑ. ΜΕ ΥΜΕΝΕΚΤΟΜΗ;;;;;
1232;X628169;ΑΦΑΙΡΕΣΗ, ΩΛΕΚΡΑΝΙΚΟΥ ΘΥΛΑΚΟΥ;;;;;
1233;X628179;ΑΦΑΙΡΕΣΗ Ή ΑΠΟΞΕΣΗ ΚΥΣΤΗΣ ΟΣΤΟΥ Ή ΚΑΛΟΗΘΟΥΣ ΟΓΚΟΥ ΒΡΑΧΙΟΝΙΟΥ ΟΣΤΟΥ;;;;;
1234;X628189;ΑΦΑΙΡΕΣΗ Ή ΑΠΟΞΕΣΗ ΚΥΣΤΗΣ ΟΣΤΟΥ Ή ΚΑΛΟΗΘΟΥΣ ΟΓΚΟΥ ΒΡΑΧΙΟΝΙΟΥ ΟΣΤΟΥ, ΜΕ ΑΥΤΟΜΟΣΧΕΥΜΑ (ΠΕΡΙΛΑΜΒΑΝΕΙ ΤΗΝ ΛΗΨΗ ΜΟΣΧΕΥΜΑΤΟΣ);;;;;
1235;X628191;ΑΦΑΙΡΕΣΗ Ή ΑΠΟΞΕΣΗ ΚΥΣΤΗΣ ΟΣΤΟΥ Ή ΚΑΛΟΗΘΟΥΣ ΟΓΚΟΥ ΒΡΑΧΙΟΝΙΟΥ ΟΣΤΟΥ. ΜΕ ΑΛΛΟΜΟΣΧΕΥΜΑ;;;;;
1236;X628199;ΑΦΑΙΡΕΣΗ Ή ΑΠΟΞΕΣΗ ΚΥΣΤΗΣ ΟΣΤΟΥ Ή ΚΑΛΟΗΘΟΥΣ ΟΓΚΟΥ ΚΕΦΑΛΗΣ Η ΑΥΧΕΝΟΣ ΚΕΡΚΙΔΑΣ Ή ΑΠΟΦΥΣΗΣ ΩΛΕΚΡΑΝΟΥ.;;;;;
1237;X628209;ΑΦΑΙΡΕΣΗ Ή ΑΠΟΞΕΣΗ ΚΥΣΤΗΣ ΟΣΤΟΥ Ή ΚΑΛΟΗΘΟΥΣ ΟΓΚΟΥ ΚΕΦΑΛΗΣ Η ΑΥΧΕΝΟΣ  ΚΕΡΚΙΔΑΣ Ή ΑΠΟΦΥΣΗΣ ΩΛΕΚΡΑΝΟΥ. ΜΕ ΑΥΤΟΜΟΣΧΕΥΜΑ (ΠΕΡΙΛΑΜΒΑΝΕΙ ΤΗ ΛΗΨΗ ΜΟΣΧΕΥΜΑΤΟΣ);;;;;
1238;X628211;ΑΦΑΙΡΕΣΗ Ή ΑΠΟΞΕΣΗ ΚΥΣΤΗΣ ΟΣΤΟΥ Ή ΚΑΛΟΗΘΟΥΣ ΟΓΚΟΥ ΚΕΦΑΛΗΣ Η ΑΥΧΕΝΟΣ  ΚΕΡΚΙΔΑΣ Ή ΑΠΟΦΥΣΗΣ ΩΛΕΚΡΑΝΟΥ. ΜΕ ΑΛΛΟΜΟΣΧΕΥΜΑ;;;;;
1239;X628219;ΑΦΑΙΡΕΣΗ(ΔΙΕΚΠΡΙΣΗ) ΚΕΦΑΛΗΣ ΚΕΡΚΙΔΑΣ;;;;;
1240;X628227;ΑΦΑΙΡΕΣΗ ΑΠΟΛΥΜΑΤΟΠΟΙΗΜΕΝΟΥ ΙΣΤΟΥ (Π.Χ., ΓΙΑ ΟΣΤΕΟΜΥΕΛΙΤΙΔΑ Ή ΑΠΟΣΤΗΜΑ ΟΣΤΟΥ), ΔΙΑΦΥΣΗΣ Ή ΠΕΡΙΦΕΡΙΚΟΥ ΑΚΡΟΥ  ΒΡΑΧΙΟΝΙΟΥ ΟΣΤΟΥ;;;;;
1241;X628231;ΑΦΑΙΡΕΣΗ ΑΠΟΛΥΜΑΤΟΠΟΙΗΜΕΝΟΥ ΙΣΤΟΥ (Π.Χ., ΓΙΑ ΟΣΤΕΟΜΥΕΛΙΤΙΔΑ Ή ΑΠΟΣΤΗΜΑ ΟΣΤΟΥ), ΚΕΦΑΛΗ ΚΕΡΚΙΔΑΣ Ή ΑΥΧΕΝΑΣ;;;;;
1242;X628235;ΑΦΑΙΡΕΣΗ ΑΠΟΛΥΜΑΤΟΠΟΙΗΜΕΝΟΥ ΙΣΤΟΥ (Π.Χ., ΓΙΑ ΟΣΤΕΟΜΥΕΛΙΤΙΔΑ Ή ΑΠΟΣΤΗΜΑ ΟΣΤΟΥ), ΑΠΟΦΥΣΗ ΩΛΕΚΡΑΝΟΥ;;;;;
1243;X628239;ΜΕΡΙΚΗ ΑΦΑΙΡΕΣΗ (ΚΡΑΤΗΡΕΚΤΟΜΗ, ΠΥΡΗΝΕΚΤΟΜΗ, Ή ΕΚΤΟΜΗ ΔΙΑΦΥΣΗΣ) ΟΣΤΟΥ (Π.Χ., ΟΣΤΕΟΜΥΕΛΙΤΙΔΑ), ΒΡΑΧΙΟΝΙΟΥ ΟΣΤΟΥ;;;;;
1244;X628249;ΜΕΡΙΚΗ ΑΦΑΙΡΕΣΗ (ΚΡΑΤΗΡΕΚΤΟΜΗ, ΠΥΡΗΝΕΚΤΟΜΗ, Ή ΕΚΤΟΜΗ ΔΙΑΦΥΣΗΣ) ΟΣΤΟΥ (Π.Χ., ΟΣΤΕΟΜΥΕΛΙΤΙΔΑ), ΚΕΦΑΛΗ Η ΑΥΧΕΝΑΣ ΚΕΡΚΙΔΑΣ;;;;;
1245;X628253;ΜΕΡΙΚΗ  ΑΦΑΙΡΕΣΗ (ΚΡΑΤΗΡΕΚΤΟΜΗ, ΠΥΡΗΝΕΚΤΟΜΗ, Ή ΕΚΤΟΜΗ ΔΙΑΦΥΣΗΣ) ΟΣΤΟΥ (Π.Χ., ΟΣΤΕΟΜΥΕΛΙΤΙΔΑ), ΑΠΟΦΥΣΗ ΩΛΕΚΡΑΝΟΥ;;;;;
1246;X628257;ΡΙΖΙΚΗ ΑΦΑΙΡΕΣΗ ΘΥΛΑΚΟΥ, ΜΑΛΑΚΟΥ ΙΣΤΟΥ ΚΑΙ ΕΚΤΟΠΟΥ ΟΣΤΕΟΠΟΙΗΣΗΣ, ΑΓΚΩΝΑ, ΜΕ ΔΙΑΤΟΜΗ ΡΙΚΝΩΣΕΩΣ (ΞΕΧΩΡΙΣΤΗ ΔΙΑΔΙΚΑΣΙΑ);;;;;
1247;X628259;ΡΙΖΙΚΗ ΑΦΑΙΡΕΣΗ ΟΓΚΟΥ, ΔΙΑΦΥΣΗΣ Ή ΠΕΡΙΦΕΡΙΚΟΥ ΑΚΡΟΥ ΒΡΑΧΙΟΝΙΟΥ ΟΣΤΟΥ.;;;;;
1248;X628261;ΡΙΖΙΚΗ  ΑΦΑΙΡΕΣΗ ΟΓΚΟΥ,  ΔΙΑΦΥΣΗΣ Ή ΠΕΡΙΦΕΡΙΚΟΥ ΑΚΡΟΥ ΒΡΑΧΙΟΝΙΟΥ ΟΣΤΟΥ. ΜΕ ΑΥΤΟΜΟΣΧΕΥΜΑ (ΠΕΡΙΛΑΜΒΑΝΕΙ ΤΗΝ ΛΗΨΗ ΜΟΣΧΕΥΜΑΤΟΣ);;;;;
1249;X628263;ΡΙΖΙΚΗ ΑΦΑΙΡΕΣΗ ΟΓΚΟΥ, ΚΕΦΑΛΗ Η ΑΥΧΕΝΑΣ ΚΕΡΚΙΔΑΣ.;;;;;
1250;X628265;ΡΙΖΙΚΗ ΑΦΑΙΡΕΣΗ ΟΓΚΟΥ, ΚΕΦΑΛΗ Η ΑΥΧΕΝΑΣ ΚΕΡΚΙΔΑΣ. ΜΕ ΑΥΤΟΜΟΣΧΕΥΜΑ (ΠΕΡΙΛΑΜΒΑΝΕΙ ΤΗΝ ΛΗΨΗ ΜΟΣΧΕΥΜΑΤΟΣ);;;;;
1251;X628269;ΕΚΤΟΜΗ ΑΡΘΡΩΣΗΣ ΑΓΚΩΝΑ (ΑΡΘΡΕΚΤΟΜΗ);;;;;
1252;X628279;ΑΦΑΙΡΕΣΗ ΕΜΦΥΤΕΥΜΑΤΟΣ. ΑΡΘΡΩΣΗ ΑΓΚΩΝΑ;;;;;
1253;X628287;ΑΦΑΙΡΕΣΗ ΕΜΦΥΤΕΥΜΑΤΟΣ. ΚΕΦΑΛΗ ΚΕΡΚΙΔΑΣ;;;;;
1254;X628359;ΑΦΑΙΡΕΣΗ  ΞΕΝΟΥ ΣΩΜΑΤΟΣ, ΠΕΡΙΟΧΗ ΑΝΩ  ΑΚΡΟΥ Ή ΑΓΚΩΝΑ. ΥΠΟΔΟΡΙΟΣ;;;;;
1255;X628361;ΑΦΑΙΡΕΣΗ  ΞΕΝΟΥ ΣΩΜΑΤΟΣ, ΠΕΡΙΟΧΗ ΑΝΩ ΑΚΡΟΥ Ή ΑΓΚΩΝΑ. ΕΝ ΤΩ ΒΑΘΕΙ (ΥΠΟΠΕΡΙΤΟΝΙΑΚΟ Ή ΕΝΔΟΜΥΪΚΟ);;;;;
1256;X628399;ΔΙΑΔΙΚΑΣΙΑ ΕΓΧΥΣΗΣ ΓΙΑ ΑΡΘΡΟΓΡΑΦΙΑ ΑΓΚΩΝΑ;;;;;
1257;X628559;ΧΕΙΡΙΣΜΟΣ, ΑΓΚΩΝΑ, ΥΠΟ ΝΑΡΚΩΣΗ;;;;;
1258;X628561;ΜΕΤΑΦΟΡΑ ΜΥ Ή ΤΕΝΟΝΤΑ, ΟΠΟΙΟΥΔΗΠΟΤΕ ΤΥΠΟΥ, ΒΡΑΧΙΟΝΙΟΥ Ή ΑΓΚΩΝΑ. ΜΟΝΗΡΗΣ (ΕΞΑΙΡΟΥΜΕΝΟΥ ΤΟΥ 24320-24331);;;;;
1259;X628569;ΕΠΙΜΗΚΥΝΣΗ ΤΕΝΟΝΤΑ, ΑΝΩ ΑΚΡΟ Η ΑΓΚΩΝΑΣ, ΟΠΟΙΟΣΔΗΠΟΤΕ ΤΕΝΟΝΤΑΣ;;;;;
1260;X628579;ΤΕΝΟΝΤΟΤΟΜΗ, ΑΝΟΙΚΤΗ, ΑΓΚΩΝΑΣ ΜΕΧΡΙ ΩΜΟ, ΟΠΟΙΟΣΔΗΠΟΤΕ ΤΕΝΟΝΤΑΣ;;;;;
1261;X628599;ΤΕΝΟΝΤΟΠΛΑΣΤΙΚΗ, ΜΕ ΜΕΤΑΦΟΡΑ ΜΥ, ΜΕ Ή ΧΩΡΙΣ ΕΛΕΥΘΕΡΟ ΜΟΣΧΕΥΜΑ, ΑΓΚΩΝΑΣ ΜΕΧΡΙ ΩΜΟ, ΜΟΝΗΡΗΣ (ΔΙΑΔΙΚΑΣΙΑ ΤΥΠΟΥ SEDDON-BROOKES);;;;;
1262;X628619;ΠΛΑΣΤΙΚΗ ΚΑΜΠΤΗΡΩΝ, ΑΓΚΩΝΑ (Π.Χ.,  ΕΞΕΛΙΞΗ ΤΥΠΟΥ STEINDLER).;;;;;
1263;X628621;ΠΛΑΣΤΙΚΗ ΚΑΜΠΤΗΡΩΝ, ΑΓΚΩΝΑ (Π.Χ., ΕΞΕΛΙΞΗ ΤΥΠΟΥ STEINDLER). ΜΕ ΠΡΟΩΘΗΣΗ  ΕΚΤΕΙΝΟΝΤΑ;;;;;
1264;X628623;ΤΕΝΟΝΤΟΛΥΣΗ, ΤΡΙΚΕΦΑΛΩΝ;;;;;
1265;X628639;ΤΕΝΟΝΤΟΔΕΣΗ ΤΕΝΟΝΤΑ ΔΙΚΕΦΑΛΟΥ ΣΤΟΝ ΑΓΚΩΝΑ (ΞΕΧΩΡΙΣΤΗ ΔΙΑΔΙΚΑΣΙΑ);;;;;
1266;X628641;ΑΠΟΚΑΤΑΣΤΑΣΗ, ΤΕΝΟΝΤΑ Ή ΜΥ, ΑΝΩ ΑΚΡΟΥ Ή ΑΓΚΩΝΑ, ΟΠΟΙΟΔΗΠΟΤΕ ΤΕΝΟΝΤΑ Ή ΜΥ, ΠΡΩΤΟΓΕΝΩΣ Η ΔΕΥΤΕΡΟΓΕΝΩΣ (ΕΚΤΟΣ ΣΤΡΟΦΙΚΟΥ ΠΕΤΑΛΟΥ);;;;;
1267;X628643;ΕΠΑΝΑΚΑΘΗΛΩΣΗ ΡΑΓΕΝΤΟΣ ΤΕΝΟΝΤΑ ΔΙΚΕΦΑΛΩΝ Ή ΤΡΙΚΕΦΑΛΩΝ, ΠΕΡΙΦΕΡΙΚΑ, ΜΕ Ή ΧΩΡΙΣ ΜΟΣΧΕΥΜΑ ΤΕΝΟΝΤΑ;;;;;
1268;X628645;ΑΠΟΚΑΤΑΣΤΑΣΗ ΠΛΑΓΙΟΥ ΣΥΝΔΕΣΜΟΥ, ΑΓΚΩΝΑ, ΜΕ ΤΟΠΙΚΟ ΙΣΤΟ;;;;;
1269;X628647;ΑΝΑΚΑΤΑΣΚΕΥΗ ΕΞΩ ΠΛΑΓΙΟΥ ΣΥΝΔΕΣΜΟΥ ΑΓΚΩΝΑ, ΜΕ ΜΟΣΧΕΥΜΑ ΤΕΝΟΝΤΑ (ΠΕΡΙΛΑΜΒΑΝΕΙ ΤΗΝ ΛΗΨΗ ΜΟΣΧΕΥΜΑΤΟΣ);;;;;
1270;X628649;ΑΠΟΚΑΤΑΣΤΑΣΗ  ΕΣΩ ΠΛΑΓΙΟΥ ΣΥΝΔΕΣΜΟΥ, ΑΓΚΩΝΑ, ΜΕ ΤΟΠΙΚΟ ΙΣΤΟ;;;;;
1271;X628651;ΑΝΑΚΑΤΑΣΚΕΥΗ  ΕΣΩ ΠΛΑΓΙΟΥ ΣΥΝΔΕΣΜΟΥ ΑΓΚΩΝΑ, ΜΕ ΜΟΣΧΕΥΜΑ ΤΕΝΟΝΤΑ (ΠΕΡΙΛΑΜΒΑΝΕΙ ΤΗΝ ΛΗΨΗ ΜΟΣΧΕΥΜΑΤΟΣ);;;;;
1272;X628673;ΤΕΝΟΤΟΜΗ, ΑΓΚΩΝΑΣ,  ΕΣΩ Η ΕΞΩ (Π.Χ., ΕΠΙΚΟΝΔΥΛΙΤΙΔΑ, ΑΓΚΩΝΑΣ ΤΕΝΙΣ, ΑΓΚΩΝΑΣ ΓΚΟΛΦΕΡ). ΔΙΑΔΕΡΜΙΚΗ;;;;;
1273;X628675;ΤΕΝΟΤΟΜΗ, ΑΓΚΩΝΑΣ ΕΣΩ Η ΕΞΩ,  (Π.Χ., ΕΠΙΚΟΝΔΥΛΙΤΙΔΑ, ΑΓΚΩΝΑΣ ΤΕΝΙΣ, ΑΓΚΩΝΑΣ ΓΚΟΛΦΕΡ). ΧΕΙΡΟΥΡΓΙΚΟΣ ΚΑΘΑΡΙΣΜΟΣ, ΜΑΛΑΚΩΝ ΜΟΡΙΩΝ ΚΑΙ/Ή ΟΣΤΟΥ, ΑΝΟΙΚΤΗ;;;;;
1274;X628677;ΤΕΝΟΤΟΜΗ, ΑΓΚΩΝΑ, ΕΣΩ Η ΕΞΩ (Π.Χ., ΕΠΙΚΟΝΔΥΛΙΤΙΔΑ, ΑΓΚΩΝΑΣ ΤΕΝΙΣ, ΑΓΚΩΝΑΣ ΓΚΟΛΦΕΡ). ΧΕΙΡΟΥΡΓΙΚΟΣ ΚΑΘΑΡΙΣΜΟΣ, ΜΑΛΑΚΩΝ ΜΟΡΙΩΝ ΚΑΙ/Ή ΟΣΤΟΥ, ΑΝΟΙΚΤΗ ΜΕ ΤΕΝΟΝΤΙΑ ΑΠΟΚΑΤΑΣΤΑΣΗ Ή ΕΠΑΝΑΚΑΘΗΛΩΣΗ;;;;;
1275;X628679;ΑΡΘΡΟΠΛΑΣΤΙΚΗ, ΑΓΚΩΝΑ, ΜΕ ΜΕΜΒΡΑΝΗ (Π.Χ.,  ΠΕΡΙΤΟΝΙΑ);;;;;
1276;X628681;ΑΡΘΡΟΠΛΑΣΤΙΚΗ, ΑΓΚΩΝΑ. ΜΕ ΠΡΟΣΘΕΤΙΚΗ ΑΝΤΙΚΑΤΑΣΤΑΣΗ ΠΕΡΙΦΕΡΙΚΟΥ ΑΚΡΟΥ ΒΡΑΧΙΟΝΙΟΥ;;;;;
1277;X628683;ΑΡΘΡΟΠΛΑΣΤΙΚΗ, ΑΓΚΩΝΑ. ΜΕ ΕΜΦΥΤΕΥΜΑ ΚΑΙ ΑΝΑΚΑΤΑΣΚΕΥΗ ΣΥΝΔΕΣΜΟΥ ΠΛΑΤΕΙΑΣ  ΠΕΡΙΤΟΝΙΑΣ;;;;;
1278;X628685;ΑΡΘΡΟΠΛΑΣΤΙΚΗ, ΑΓΚΩΝΑ. ΜΕ ΠΡΟΣΘΕΤΙΚΗ ΑΝΤΙΚΑΤΑΣΤΑΣΗ ΠΕΡΙΦΕΡΙΚΟΥ ΑΚΡΟΥ ΒΡΑΧΙΟΝΙΟΥ ΚΑΙ ΕΓΓΥΣ ΑΚΡΟΥ  ΩΛΕΝΗΣ (Π.Χ., ΟΛΙΚΗ ΑΓΚΩΝΑ);;;;;
1279;X628689;ΑΡΘΡΟΠΛΑΣΤΙΚΗ ΚΕΦΑΛΗ ΚΕΡΚΙΔΑΣ;;;;;
1280;X628691;ΑΡΘΡΟΠΛΑΣΤΙΚΗ ΚΕΦΑΛΗΣ ΚΕΡΚΙΔΑΣ. ΜΕ ΕΜΦΥΤΕΥΜΑ;;;;;
1281;X628759;ΟΣΤΕΟΤΟΜΙΑ, ΒΡΑΧΙΟΝΙΟΥ ΟΣΤΟΥ, ΜΕ Ή ΧΩΡΙΣ ΕΣΩΤΕΡΙΚΗ  ΟΣΤΕΟΣΥΝΘΕΣΗ.;;;;;
1282;X628779;ΟΣΤΕΟΤΟΜΙΑ, ΠΟΛΛΑΠΛΗ ΜΕ  ΔΙΟΡΘΩΣΗ ΑΞΟΝΑ ΜΕ ΕΝΔΟΜΥΕΛΙΚΟ ΗΛΟ, ΔΙΑΦΥΣΗ  ΒΡΑΧΙΟΝΙΟΥ (Π.Χ. ΔΙΑΔΙΚΑΣΙΑ ΤΥΠΟΥ SOFIELD);;;;;
1283;X628799;ΟΣΤΕΟΠΛΑΣΤΙΚΗ ΒΡΑΧΙΟΝΙΟΥ ΟΣΤΟΥ, (Π.Χ., ΒΡΑΧΥΝΣΗ Ή ΕΠΙΜΗΚΥΝΣΗ) (ΕΞΑΙΡΟΥΜΕΝΟΥ ΤΟΥ 64876);;;;;
1284;X628819;ΑΠΟΚΑΤΑΣΤΑΣΗ ΑΝΩΜΑΛΗΣ ΠΩΡΩΣΗΣ Ή ΨΕΥΔΑΡΘΡΩΣΗΣ, ΒΡΑΧΙΟΝΙΟ. ΧΩΡΙΣ ΜΟΣΧΕΥΜΑ, (Π.Χ. ΤΕΧΝΙΚΗ ΣΥΜΠΙΕΣΗΣ);;;;;
1285;X628829;ΑΠΟΚΑΤΑΣΤΑΣΗ ΑΝΩΜΑΛΗΣ ΠΩΡΩΣΗΣ Ή ΨΕΥΔΑΡΘΡΩΣΗΣ, ΒΡΑΧΙΟΝΙΟ ΜΕ ΛΑΓΟΝΙΟ Ή ΑΛΛΟ ΑΥΤΟΜΟΣΧΕΥΜΑ (ΠΕΡΙΛΑΜΒΑΝΕΙ ΤΗΝ ΛΗΨΗ ΜΟΣΧΕΥΜΑΤΟΣ);;;;;
1286;X628899;ΗΜΙΕΠΙΦΥΣΙΑΚΗ ΔΙΑΚΟΠΗ ΑΝΑΠΤΥΞΗΣ (Π.Χ., ΡΑΙΒΟΤΗΤΑ Η ΒΛΑΙΣΟΤΗΤΑ ΚΟΝΔΥΛΟΥ, ΠΕΡΙΦΕΡΙΚΟΥ ΒΡΑΧΙΟΝΙΟΥ );;;;;
1287;X628949;ΔΙΑΤΟΜΗ ΠΕΡΙΤΟΝΙΑΣ ΓΙΑ ΑΠΟΣΥΜΠΙΕΣΗ, ΑΝΤΙΒΡΑΧΙΟ. ΜΕ ΔΙΕΡΕΥΝΗΣΗ ΒΡΑΧΙΟΝΙΟΥ ΑΡΤΗΡΙΑΣ;;;;;
1288;X628955;ΠΡΟΦΥΛΑΚΤΙΚΗ ΑΝΤΙΜΕΤΩΠΙΣΗ (ΗΛΩΣΗ, ΤΟΠΟΘΕΤΗΣΗ ΚΑΡΦΙΔΩΝ, ΠΛΑΚΩΝ Ή ΣΥΡΜΑΤΟΣ) ΜΕ Ή ΧΩΡΙΣ ΜΕΘΥΛΜΕΘΑΚΡΥΛΙΚΟ,  ΔΙΑΦΥΣΗ ΒΡΑΧΙΟΝΙΟΥ;;;;;
1289;X628959;ΚΛΕΙΣΤΗ ΘΕΡΑΠΕΙΑ ΚΑΤΑΓΜΑΤΟΣ ΔΙΑΦΥΣΗΣ ΒΡΑΧΙΟΝΙΟΥ. ΧΩΡΙΣ ΧΕΙΡΙΣΜΟ;;;;;
1290;X628969;ΚΛΕΙΣΤΗ ΘΕΡΑΠΕΙΑ ΚΑΤΑΓΜΑΤΟΣ  ΔΙΑΦΥΣΗΣ ΒΡΑΧΙΟΝΙΟΥ. ΜΕ ΧΕΙΡΙΣΜΟ, ΜΕ Ή ΧΩΡΙΣ ΣΚΕΛΕΤΙΚΗ ΕΛΞΗ;;;;;
1291;X628989;ΑΝΟΙΚΤΗ ΑΝΤΙΜΕΤΩΠΙΣΗ ΚΑΤΑΓΜΑΤΟΣ ΔΙΑΦΥΣΗΣ ΒΡΑΧΙΟΝΙΟΥ ΜΕ ΠΛΑΚΑ/ΒΙΔΕΣ, ΜΕ Ή ΧΩΡΙΣ ΣΥΡΜΑ ΠΕΡΙΔΕΣΗΣ;;;;;
1292;X628991;ΘΕΡΑΠΕΙΑ ΚΑΤΑΓΜΑΤΟΣ ΔΙΑΦΥΣΗΣ ΒΡΑΧΙΟΝΙΟΥ, ΜΕ ΕΙΣΑΓΩΓΗ ΕΝΔΟΜΥΕΛΙΚΟΥ ΕΜΦΥΤΕΥΜΑΤΟΣ, ΜΕ Ή ΧΩΡΙΣ ΣΥΡΜΑ ΠΕΡΙΔΕΣΗΣ ΚΑΙ/Ή  ΑΣΦΑΛΙΖΟΜΕΝΕΣ ΒΙΔΕΣ;;;;;
1293;X629019;ΚΛΕΙΣΤΗ ΑΝΤΙΜΕΤΩΠΙΣΗ ΥΠΕΡΚΟΝΔΥΛΙΟΥ Η ΔΙΑΚΟΝΔΥΛΙΟΥ ΚΑΤΑΓΜΑΤΟΣ ΒΡΑΧΙΟΝΙΟΥ ΜΕ Ή ΧΩΡΙΣ ΕΠΕΚΤΑΣΗ ΤΟΥ ΜΕΣΟΚΟΝΔΥΛΙΑ. ΧΩΡΙΣ ΧΕΙΡΙΣΜΟ;;;;;
1294;X629029;ΚΛΕΙΣΤΗ ΘΕΡΑΠΕΙΑ ΤΟΥ ΥΠΕΡΚΟΝΔΥΛΙΟΥ Ή ΔΙΑΚΟΝΔΥΛΙΟΥ ΚΑΤΑΓΜΑΤΟΣ ΤΟΥ  ΒΡΑΧΙΟΝΙΟΥ,  ΜΕ Ή ΧΩΡΙΣ ΜΕΣΟΚΟΝΔΥΛΙΑ ΕΠΕΚΤΑΣΗ ΤΟΥ. ΜΕ ΧΕΙΡΙΣΜΟ ΜΕ Η ΧΩΡΙΣ ΔΕΡΜΑΤΙΚΗ Ή ΣΚΕΛΕΤΙΚΗ ΕΛΞΗ;;;;;
1295;X629035;ΔΙΑΔΕΡΜΙΚΗ ΣΚΕΛΕΤΙΚΗ ΟΣΤΕΟΣΥΝΘΕΣΗ ΤΟΥ ΥΠΕΡΚΟΝΔΥΛΙΟΥ Ή ΔΙΑΚΟΝΔΥΛΙΟΥ ΚΑΤΑΓΜΑΤΟΣ ΒΡΑΧΙΟΝΙΟΥ ΜΕ Ή ΧΩΡΙΣ ΜΕΣΟΚΟΝΔΥΛΙΑ ΕΠΕΚΤΑΣΗ;;;;;
1296;X629049;ΑΝΟΙΚΤΗ ΘΕΡΑΠΕΙΑ ΤΟΥ ΥΠΕΡΚΟΝΔΥΛΙΟΥ Ή ΔΙΑΚΟΝΔΥΛΙΟΥ ΚΑΤΑΓΜΑΤΟΣ ΒΡΑΧΙΟΝΙΟΥ, ΠΕΡΙΛΑΜΒΑΝΕΙ ΕΣΩΤΕΡΙΚΗ  ΟΣΤΕΟΣΥΝΘΕΣΗ, ΟΤΑΝ ΕΚΤΕΛΕΙΤΑΙ.  ΧΩΡΙΣ ΜΕΣΟΚΟΝΔΥΛΙΟ  ΕΠΕΚΤΑΣΗ;;;;;
1297;X629051;ΑΝΟΙΚΤΗ ΘΕΡΑΠΕΙΑ ΤΟΥ ΥΠΕΡΚΟΝΔΥΛΙΟΥ Ή ΔΙΑΚΟΝΔΥΛΙΟΥ ΚΑΤΑΓΜΑΤΟΣ ΒΡΑΧΙΟΝΙΟΥ, ΠΕΡΙΛΑΜΒΑΝΕΙ ΕΣΩΤΕΡΙΚΗ  ΟΣΤΕΟΣΥΝΘΕΣΗ, ΟΤΑΝ ΕΚΤΕΛΕΙΤΑΙ. ΜΕ ΜΕΣΟΚΟΝΔΥΛΙΟ ΕΠΕΚΤΑΣΗ;;;;;
1298;X629079;ΚΛΕΙΣΤΗ ΑΝΤΙΜΕΤΩΠΙΣΗ ΚΑΤΑΓΜΑΤΟΣ ΒΡΑΧΙΟΝΙΟΥ ΕΠΙΚΟΝΔΥΛΟΥ, ΕΣΩ Η ΕΞΩ. ΧΩΡΙΣ ΧΕΙΡΙΣΜΟ;;;;;
1299;X629089;ΚΛΕΙΣΤΗ ΑΝΤΙΜΕΤΩΠΙΣΗ ΚΑΤΑΓΜΑΤΟΣ ΒΡΑΧΙΟΝΙΟΥ ΕΠΙΚΟΝΔΥΛΟΥ ΕΣΩ Η ΕΞΩ . ΜΕ ΧΕΙΡΙΣΜΟ;;;;;
1300;X629091;ΔΙΑΔΕΡΜΙΚΗ ΣΚΕΛΕΤΙΚΗ  ΟΣΤΕΟΣΥΝΘΕΣΗ  ΚΑΤΑΓΜΑΤΟΣ ΒΡΑΧΙΟΝΙΟΥ ΕΠΙΚΟΝΔΥΛΟΥ ΕΣΩ Η ΕΞΩ    ΜΕ ΧΕΙΡΙΣΜΟ;;;;;
1301;X629109;ΑΝΟΙΚΤΗ ΑΝΤΙΜΕΤΩΠΙΣΗ ΚΑΤΑΓΜΑΤΟΣ ΒΡΑΧΙΟΝΙΟΥ ΕΠΙΚΟΝΔΥΛΟΥ ΕΣΩ Η ΕΞΩ, ΠΕΡΙΛΑΜΒΑΝΕΙ ΕΣΩΤΕΡΙΚΗ  ΟΣΤΕΟΣΥΝΘΕΣΗ, ΟΤΑΝ ΕΚΤΕΛΕΙΤΑΙ;;;;;
1302;X629111;ΚΛΕΙΣΤΗ ΑΝΤΙΜΕΤΩΠΙΣΗ ΚΑΤΑΓΜΑΤΟΣ ΒΡΑΧΙΟΝΙΟΥ ΚΟΝΔΥΛΟΥ ΕΣΩ Η ΕΞΩ . ΧΩΡΙΣ ΧΕΙΡΙΣΜΟ;;;;;
1303;X629113;ΚΛΕΙΣΤΗ ΑΝΤΙΜΕΤΩΠΙΣΗ ΚΑΤΑΓΜΑΤΟΣ ΒΡΑΧΙΟΝΙΟΥ ΚΟΝΔΥΛΟΥ ΕΣΩ Η ΕΞΩ ΜΕ . ΧΕΙΡΙΣΜΟ;;;;;
1304;X629117;ΑΝΟΙΚΤΗ ΑΝΤΙΜΕΤΩΠΙΣΗ ΚΑΤΑΓΜΑΤΟΣ ΒΡΑΧΙΟΝΙΟΥ ΚΟΝΔΥΛΟΥ ΕΣΩ Η ΕΞΩ, ΠΕΡΙΛΑΜΒΑΝΕΙ ΕΣΩΤΕΡΙΚΗ  ΟΣΤΕΟΣΥΝΘΕΣΗ, ΟΤΑΝ ΕΚΤΕΛΕΙΤΑΙ;;;;;
1305;X629123;ΔΙΑΔΕΡΜΙΚΗ ΣΚΕΛΕΤΙΚΗ  ΟΣΤΕΟΣΥΝΘΕΣΗ ΚΑΤΑΓΜΑΤΟΣ ΒΡΑΧΙΟΝΙΟΥ ΚΟΝΔΥΛΟΥ ΕΣΩ Η ΕΞΩ  ΜΕ ΧΕΙΡΙΣΜΟ;;;;;
1306;X629131;ΑΝΟΙΚΤΗ ΘΕΡΑΠΕΙΑ ΠΕΡΙΑΡΘΡΙΚΟΥ ΚΑΤΑΓΜΑΤΟΣ ΚΑΙ/Ή ΕΞΑΡΘΡΩΣΗ ΤΟΥ ΑΓΚΩΝΑ (ΚΑΤΑΓΜΑ ΠΕΡΙΦΕΡΙΚΟΥ ΑΚΡΟΥ ΒΡΑΧΙΟΝΙΟΥ ΟΣΤΟΥ ΚΑΙ ΕΓΓΥΣ ΑΚΡΟΥ ΩΛΕΝΗΣ ΚΑΙ/Ή ΕΓΓΥΣ ΑΚΡΟΥ ΚΕΡΚΙΔΑΣ ).;;;;;
1307;X629133;ΑΝΟΙΚΤΗ ΘΕΡΑΠΕΙΑ ΠΕΡΙΑΡΘΡΙΚΟΥ ΚΑΤΑΓΜΑΤΟΣ ΚΑΙ/Ή ΕΞΑΡΘΡΩΣΗ ΤΟΥ ΑΓΚΩΝΑ (ΚΑΤΑΓΜΑ ΠΕΡΙΦΕΡΙΚΟΥ ΑΚΡΟΥ ΒΡΑΧΙΟΝΙΟΥ ΟΣΤΟΥ ΚΑΙ ΕΓΓΥΣ ΑΚΡΟΥ ΩΛΕΝΗΣ ΚΑΙ/Ή ΕΓΓΥΣ ΑΚΡΟΥ ΚΕΡΚΙΔΑΣ ). ΜΕ ΑΡΘΡΟΠΛΑΣΤΙΚΗ ΜΕ ΕΜΦΥΤΕΥΜΑ;;;;;
1308;X629159;ΘΕΡΑΠΕΙΑ ΚΛΕΙΣΤΗΣ ΕΞΑΡΘΡΩΣΗΣ ΤΟΥ ΑΓΚΩΝΑ, ΧΩΡΙΣ ΝΑΡΚΩΣΗ;;;;;
1309;X629169;ΘΕΡΑΠΕΙΑ ΚΛΕΙΣΤΗΣ ΕΞΑΡΘΡΩΣΗΣ ΤΟΥ ΑΓΚΩΝΑ. ΑΠΑΙΤΕΙ ΝΑΡΚΩΣΗ;;;;;
1310;X629189;ΑΝΟΙΚΤΗ ΘΕΡΑΠΕΙΑ ΟΞΕΙΑΣ Ή ΧΡΟΝΙΑΣ ΕΞΑΡΘΡΩΣΗΣ ΑΓΚΩΝΑ;;;;;
1311;X629199;ΚΛΕΙΣΤΗ ΘΕΡΑΠΕΙΑ ΚΑΤΑΓΜΑΤΟΣ ΕΞΑΡΘΡΩΣΗΣ ΑΓΚΩΝΑ ΤΥΠΟΥ MONTEGGIA (ΚΑΤΑΓΜΑ ΕΓΓΥΣ ΑΚΡΟΥ ΩΛΕΝΗΣ ΜΕ ΕΞΑΡΘΡΩΣΗ ΚΕΦΑΛΗΣ ΚΕΡΚΙΔΑΣ), ΜΕ ΧΕΙΡΙΣΜΟ;;;;;
1312;X629229;ΑΝΟΙΚΤΗ ΘΕΡΑΠΕΙΑ ΚΑΤΑΓΜΑΤΟΣ ΕΞΑΡΘΡΩΣΗΣ ΑΓΚΩΝΑ ΤΥΠΟΥ MONTEGGIA (ΚΑΤΑΓΜΑ ΕΓΓΥΣ ΑΚΡΟΥ ΩΛΕΝΗΣ ΜΕ ΕΞΑΡΘΡΩΣΗ ΚΕΦΑΛΗΣ ΚΕΡΚΙΔΑΣ), ΠΕΡΙΛΑΜΒΑΝΕΙ ΕΣΩΤΕΡΙΚΗ ΟΣΤΕΟΣΥΝΘΕΣΗ, ΟΤΑΝ ΕΚΤΕΛΕΙΤΑΙ;;;;;
1313;X629239;ΚΛΕΙΣΤΗ ΘΕΡΑΠΕΙΑ ΥΠΕΞΑΡΘΡΩΣΗΣ ΚΕΦΑΛΗΣ ΚΕΡΚΙΔΑΣ ΣΕ ΠΑΙΔΙ, ΑΓΚΩΝΑΣ ΝΗΠΙΑΓΩΓΟΥ, ΜΕ ΧΕΙΡΙΣΜΟ;;;;;
1314;X629259;ΚΛΕΙΣΤΗ ΘΕΡΑΠΕΙΑ ΚΑΤΑΓΜΑΤΟΣ ΚΕΦΑΛΗΣ Ή ΑΥΧΕΝΟΣ ΚΕΡΚΙΔΑΣ. ΧΩΡΙΣ ΧΕΙΡΙΣΜΟ;;;;;
1315;X629269;ΚΛΕΙΣΤΗ ΘΕΡΑΠΕΙΑ ΚΑΤΑΓΜΑΤΟΣ ΚΕΦΑΛΗΣ Ή ΑΥΧΕΝΟΣ ΚΕΡΚΙΔΑΣ. ΜΕ ΧΕΙΡΙΣΜΟ;;;;;
1316;X629289;ΑΝΟΙΧΤΗ ΘΕΡΑΠΕΙΑ ΚΑΤΑΓΜΑΤΟΣ ΚΕΦΑΛΗΣ Ή ΑΥΧΕΝΟΣ ΚΕΡΚΙΔΑΣ. ΠΕΡΙΛΑΜΒΑΝΕΙ ΕΣΩΤΕΡΙΚΗ  ΟΣΤΕΟΣΥΝΘΕΣΗ Ή ΑΦΑΙΡΕΣΗ ΚΕΦΑΛΗ ΚΕΡΚΙΔΑΣ, ΟΤΑΝ ΕΚΤΕΛΕΙΤΑΙ.;;;;;
1317;X629291;ΑΝΟΙΧΤΗ ΘΕΡΑΠΕΙΑ ΚΑΤΑΓΜΑΤΟΣ ΚΕΦΑΛΗΣ Ή ΑΥΧΕΝΟΣ ΚΕΡΚΙΔΑΣ. ΠΕΡΙΛΑΜΒΑΝΕΙ ΕΣΩΤΕΡΙΚΗ  ΟΣΤΕΟΣΥΝΘΕΣΗ  Ή ΑΦΑΙΡΕΣΗ ΚΕΦΑΛΗΣ ΚΕΡΚΙΔΑΣ, ΟΤΑΝ ΕΚΤΕΛΕΙΤΑΙ. ΜΕ ΠΡΟΣΘΕΤΙΚΗ ΑΝΤΙΚΑΤΑΣΤΑΣΗ  ΚΕΦΑΛΗΣ ΚΕΡΚΙΔΑΣ;;;;;
1318;X629299;ΚΛΕΙΣΤΗ ΘΕΡΑΠΕΙΑ ΚΑΤΑΓΜΑΤΟΣ ΩΛΕΝΗΣ, ΕΓΓΥΣ ΑΚΡΟ (Π.Χ. ΑΠΟΦΥΣΗ ΩΛΕΚΡΑΝΟΥ  Ή ΚΟΡΩΝΟΕΙΔΟΥΣ). ΧΩΡΙΣ ΧΕΙΡΙΣΜΟ;;;;;
1319;X629309;ΚΛΕΙΣΤΗ ΘΕΡΑΠΕΙΑ ΚΑΤΑΓΜΑΤΟΣ ΩΛΕΝΗΣ, ΕΓΓΥΣ ΑΚΡΟ (Π.Χ. ΑΠΟΦΥΣΗ ΩΛΕΚΡΑΝΟΥ  Ή ΚΟΡΩΝΟΕΙΔΟΥΣ). ΜΕ ΧΕΙΡΙΣΜΟ;;;;;
1320;X629329;ΑΝΟΙΚΤΗ ΘΕΡΑΠΕΙΑ ΚΑΤΑΓΜΑΤΟΣ ΩΛΕΝΗΣ, ΕΓΓΥΣ ΑΚΡΟ (Π.Χ. ΑΠΟΦΥΣΗ ΩΛΕΚΡΑΝΟΥ Ή ΚΟΡΩΝΟΕΙΔΟΥΣ), ΠΕΡΙΛΑΜΒΑΝΕΙ ΕΣΩΤΕΡΙΚΗ  ΟΣΤΕΟΣΥΝΘΕΣΗ, ΟΤΑΝ ΕΚΤΕΛΕΙΤΑΙ;;;;;
1321;X629559;ΑΡΘΡΟΔΕΣΗ, ΑΡΘΡΩΣΗ ΑΓΚΩΝΑ. ΤΟΠΙΚΗ;;;;;
1322;X629563;ΑΡΘΡΟΔΕΣΗ,  ΑΡΘΡΩΣΗ ΑΓΚΩΝΑ. ΜΕ ΑΥΤΟΛΟΓΟ ΜΟΣΧΕΥΜΑ (ΠΕΡΙΛΑΜΒΑΝΕΙ ΛΗΨΗ ΜΟΣΧΕΥΜΑΤΟΣ);;;;;
1323;X629759;ΑΚΡΩΤΗΡΙΑΣΜΟΣ, ΧΕΡΙ ΔΙΑ ΤΟΥ ΒΡΑΧΙΟΝΙΟΥ. ΜΕ  ΣΥΓΚΛΕΙΣΗ ΠΡΩΤΟΥ ΣΚΟΠΟΥ;;;;;
1324;X629799;ΑΚΡΩΤΗΡΙΑΣΜΟΣ, ΧΕΡΙ ΔΙΑ ΤΟΥ ΒΡΑΧΙΟΝΙΟΥ. ΑΝΟΙΚΤΟΣ, ΚΥΚΛΙΚΟΣ (ΓΚΙΛΟΤΙΝΑΣ);;;;;
1325;X629809;ΑΚΡΩΤΗΡΙΑΣΜΟΣ, ΧΕΡΙ ΔΙΑ ΤΟΥ ΒΡΑΧΙΟΝΙΟΥ. ΣΥΓΚΛΕΙΣΗ ΣΕ ΔΕΥΤΕΡΟ ΣΚΟΠΟ Ή ΑΝΑΘΕΩΡΗΣΗ ΟΥΛΗΣ;;;;;
1326;X629819;ΑΚΡΩΤΗΡΙΑΣΜΟΣ, ΧΕΡΙ  ΔΙΑ ΤΟΥ ΒΡΑΧΙΟΝΙΟΥ. ΕΠΑΝΑΚΡΩΤΗΡΙΑΣΜΟΣ;;;;;
1327;X629821;ΑΚΡΩΤΗΡΙΑΣΜΟΣ, ΧΕΡΙ  ΔΙΑ ΤΟΥ ΒΡΑΧΙΟΝΙΟΥ. ΜΕ ΕΜΦΥΤΕΥΜΑ;;;;;
1328;X629829;ΕΠΙΜΗΚΥΝΣΗ ΚΟΛΟΒΩΜΑΤΟΣ, ΑΝΩ ΑΚΡΟ;;;;;
1329;X629839;ΚΙΝΗΣΙΟΠΛΑΣΤΙΚΗ, ΑΝΩ ΑΚΡΟ, ΣΥΝΟΛΙΚΗ ΔΙΑΔΙΚΑΣΙΑ;;;;;
1330;X629957;ΜΗ ΚΑΤΑΓΕΓΡΑΜΜΕΝΗ ΔΙΑΔΙΚΑΣΙΑ, ΒΡΑΧΙΟΝΙΟ ΟΣΤΟ Ή ΑΓΚΩΝΑΣ;;;;;
1331;Χ629957.1;ΔΙΑΓΝΩΣΤΙΚΗ ΑΡΘΡΟΣΚΟΠΗΣΗ ΑΓΚΩΝΑ;;;;;
1332;Χ629957.2;ΑΡΘΡΟΣΚΟΠΙΚΗ ΑΦΑΙΡΕΣΗ ΚΕΦΑΛΗΣ ΚΕΡΚΙΔΑΣ;;;;;
1333;Χ629957.3;ΑΡΘΡΟΣΚΟΠΙΚΗ ΑΠΕΛΕΥΘΕΡΩΣΗ ΔΥΣΚΑΜΠΤΟΥ ΑΓΚΩΝΑ;;;;;
1334;Χ629957.4;ΑΡΘΡΟΣΚΟΠΙΚΗ ΥΜΕΝΕΚΤΟΜΗ ΑΓΚΩΝΑ;;;;;
1335;Χ629957.5;ΑΡΘΡΟΣΚΟΠΙΚΗ ΑΦΑΙΡΕΣΗ ΞΕΝΟΥ - ΕΛΕΥΘΕΡΟΥ ΣΩΜΑΤΟΣ ΑΓΚΩΝΑ;;;;;
1336;Χ629957.6;ΔΙΑΥΠΕΡΚΟΝΔΥΛΙΟ ΚΑΤΑΓΜΑ ΒΡΑΧΙΟΝΙΟΥ: ΟΛΙΚΗ ΑΡΘΡΟΠΛΑΣΤΙΚΗ ΑΓΚΩΝΟΣ;;;;;
1337;X629959;ΣΥΡΡΑΦΗ ΤΡΑΥΜΑΤΟΣ ΧΕΡΙΟΥ / ΔΑΚΤΥΛΟΥ < 2 ΕΚΑΤ.;;;;;
1338;X629961;ΣΥΡΡΑΦΗ ΤΡΑΥΜΑΤΟΣ ΧΕΡΙΟΥ / ΔΑΚΤΥΛΟΥ 2,01 ΩΣ 7 ΕΚΑΤ.;;;;;
1339;X629999;ΣΥΡΡΑΦΗ ΤΡΑΥΜΑΤΟΣ ΧΕΡΙΟΥ / ΔΑΚΤΥΛΟΥ >7 ΕΚΑΤ.;;;;;
1340;X630005;ΣΥΓΚΛΕΙΣΗ ΧΕΙΡΟΥΡΓΙΚΟΥ ΤΡΑΥΜΑΤΟΣ Η ΔΙΑΣΠΑΣΗΣ ΤΡΑΥΜΑΤΟΣ ΣΕ ΔΕΥΤΕΡΟ ΧΡΟΝΟ ;;;;;
1341;X630007;ΝΕΑΡΟΠΟΙΗΣΗ ΑΝΟΙΚΤΟΥ ΤΡΑΥΜΑΤΟΣ ΑΝΩ ΑΚΡΟΥ: ΔΕΡΜΑ ΚΑΙ ΥΠΟΔΟΡΙΟ (ΠΕΡΙΛΑΜΒΑΝΕΙ ΚΑΙ ΑΦΑΙΡΕΣΗ ΞΕΝΩΝ ΣΩΜΑΤΩΝ);;;;;
1342;X630009;ΝΕΑΡΟΠΟΙΗΣΗ ΑΝΟΙΚΤΟΥ ΤΡΑΥΜΑΤΟΣ ΑΝΩ ΑΚΡΟΥ: ΔΕΡΜΑ ΚΑΙ ΥΠΟΔΟΡΙΟ (ΠΕΡΙΛΑΜΒΑΝΕΙ ΚΑΙ ΑΦΑΙΡΕΣΗ ΞΕΝΩΝ ΣΩΜΑΤΩΝ) ΜΕ ΤΟΠΟΘΕΤΗΣΗ ΣΥΣΚΕΥΗΣ ΙΣΤΙΚΗΣ ΑΝΑΠΛΑΣΗΣ ΚΕΝΟΥ ΑΕΡΟΣ (VAC);;;;;
1343;X630015;ΝΕΑΡΟΠΟΙΗΣΗ ΑΝΟΙΚΤΟΥ ΤΡΑΥΜΑΤΟΣ ΑΝΩ ΑΚΡΟΥ: ΔΕΡΜΑ, ΥΠΟΔΟΡΙΟ, ΠΕΡΙΤΟΝΙΑ ΜΥΩΝ ΚΑΙ ΜΥΙΚΟΙ ΙΣΤΟΙ (ΠΕΡΙΛΑΜΒΑΝΕΙ ΚΑΙ ΑΦΑΙΡΕΣΗ ΞΕΝΩΝ ΣΩΜΑΤΩΝ);;;;;
1344;X630021;ΝΕΑΡΟΠΟΙΗΣΗ ΑΝΟΙΚΤΟΥ ΤΡΑΥΜΑΤΟΣ ΑΝΩ ΑΚΡΟΥ: ΔΕΡΜΑ, ΥΠΟΔΟΡΙΟ, ΠΕΡΙΤΟΝΙΑ ΜΥΩΝ ΚΑΙ ΜΥΙΚΟΙ ΙΣΤΟΙ (ΠΕΡΙΛΑΜΒΑΝΕΙ ΚΑΙ ΑΦΑΙΡΕΣΗ ΞΕΝΩΝ ΣΩΜΑΤΩΝ) ΜΕ ΤΟΠΟΘΕΤΗΣΗ ΣΥΣΚΕΥΗΣ ΙΣΤΙΚΗΣ ΑΝΑΠΛΑΣΗΣ ΚΕΝΟΥ ΑΕΡΟΣ (VAC);;;;;
1345;X630029;ΝΕΑΡΟΠΟΙΗΣΗ ΑΝΟΙΚΤΟΥ ΤΡΑΥΜΑΤΟΣ ΑΝΩ ΑΚΡΟΥ: ΔΕΡΜΑ, ΥΠΟΔΟΡΙΟ, ΠΕΡΙΤΟΝΙΑ ΜΥΩΝ, ΜΥΙΚΟΙ ΙΣΤΟΙ ΚΑΙ ΟΣΤΟΥΝ (ΠΕΡΙΛΑΜΒΑΝΕΙ ΚΑΙ ΑΦΑΙΡΕΣΗ ΞΕΝΩΝ ΣΩΜΑΤΩΝ);;;;;
1346;X630039;ΝΕΑΡΟΠΟΙΗΣΗ ΑΝΟΙΚΤΟΥ ΤΡΑΥΜΑΤΟΣ ΑΝΩ ΑΚΡΟΥ: ΔΕΡΜΑ, ΥΠΟΔΟΡΙΟ, ΠΕΡΙΤΟΝΙΑ ΜΥΩΝ, ΜΥΙΚΟΙ ΙΣΤΟΙ ΚΑΙ ΟΣΤΟΥΝ (ΠΕΡΙΛΑΜΒΑΝΕΙ ΚΑΙ ΑΦΑΙΡΕΣΗ ΞΕΝΩΝ ΣΩΜΑΤΩΝ) ΜΕ ΤΟΠΟΘΕΤΗΣΗ ΣΥΣΚΕΥΗΣ ΙΣΤΙΚΗΣ ΑΝΑΠΛΑΣΗΣ ΚΕΝΟΥ ΑΕΡΟΣ (VAC);;;;;
1347;X630089;ΕΚΤΟΜΗ ΔΕΡΜΑΤΙΚΗΣ ΒΛΑΒΗΣ Ή ΧΡΟΝΙΟΥ ΕΛΚΟΥΣ Ή ΡΙΚΝΩΤΙΚΗΣ ΟΥΛΗΣ Ή ΕΓΚΑΥΜΑΤΙΚΗΣ ΒΛΑΒΗΣ ΔΕΡΜΑΤΟΣ Ή ΔΕΡΜΑΤΟΣΤΙΞΙΑΣ < 5 ΕΚΑΤΟΣΤΩΝ ;;;;;
1348;X630091;ΕΚΤΟΜΗ ΔΕΡΜΑΤΙΚΗΣ ΒΛΑΒΗΣ Ή ΧΡΟΝΙΟΥ ΕΛΚΟΥΣ Ή ΡΙΚΝΩΤΙΚΗΣ ΟΥΛΗΣ Ή ΕΓΚΑΥΜΑΤΙΚΗΣ ΒΛΑΒΗΣ ΔΕΡΜΑΤΟΣ Ή ΔΕΡΜΑΤΟΣΤΙΞΙΑΣ 5,01 ΕΩΣ 10 ΕΚΑΤΟΣΤΩΝ;;;;;
1349;X630109;ΕΚΤΟΜΗ ΔΕΡΜΑΤΙΚΗΣ ΒΛΑΒΗΣ Ή ΧΡΟΝΙΟΥ ΕΛΚΟΥΣ Ή ΡΙΚΝΩΤΙΚΗΣ ΟΥΛΗΣ Ή ΕΓΚΑΥΜΑΤΙΚΗΣ ΒΛΑΒΗΣ ΔΕΡΜΑΤΟΣ Ή ΔΕΡΜΑΤΟΣΤΙΞΙΑΣ 10,01 ΕΩΣ 20 ΕΚΑΤΟΣΤΩΝ;;;;;
1350;X630111;ΕΚΤΟΜΗ ΔΕΡΜΑΤΙΚΗΣ ΒΛΑΒΗΣ Η ΧΡΟΝΙΟΥ ΕΛΚΟΥΣ Ή ΡΙΚΝΩΤΙΚΗΣ ΟΥΛΗΣ Ή ΕΓΚΑΥΜΑΤΙΚΗΣ ΒΛΑΒΗΣ ΔΕΡΜΑΤΟΣ Ή ΔΕΡΜΑΤΟΣΤΙΞΙΑΣ > 20 ΕΚΑΤΟΣΤΩΝ;;;;;
1351;X630113;ΣΥΓΚΛΕΙΣΗ ΧΕΙΡΟΥΡΓΙΚΟΥ ΤΡΑΥΜΑΤΟΣ 1 – 5 ΕΚΑΤΟΣΤΩΝ ΜΕ ΤΟΠΙΚΗ ΠΛΑΣΤΙΚΗ ΤΥΠΟΥ-Ζ;;;;;
1352;X630129;ΣΥΓΚΛΕΙΣΗ ΧΕΙΡΟΥΡΓΙΚΟΥ ΤΡΑΥΜΑΤΟΣ 5,01 – 10 ΕΚΑΤΟΣΤΩΝ ΜΕ ΤΟΠΙΚΗ ΠΛΑΣΤΙΚΗ ΤΥΠΟΥ-Ζ;;;;;
1353;X630159;ΣΥΓΚΛΕΙΣΗ ΧΕΙΡΟΥΡΓΙΚΟΥ ΤΡΑΥΜΑΤΟΣ 10,01 – 20 ΕΚΑΤΟΣΤΩΝ ΜΕ ΤΟΠΙΚΗ ΠΛΑΣΤΙΚΗ ΤΥΠΟΥ-Ζ;;;;;
1354;X630161;ΣΥΓΚΛΕΙΣΗ ΧΕΙΡΟΥΡΓΙΚΟΥ ΤΡΑΥΜΑΤΟΣ > 20 ΕΚΑΤΟΣΤΩΝ ΜΕ ΤΟΠΙΚΗ ΠΛΑΣΤΙΚΗ ΤΥΠΟΥ-Ζ;;;;;
1355;X630169;ΚΑΛΥΨΗ ΕΛΛΕΙΜΜΑΤΟΣ ΔΑΚΤΥΛΟΥ Ή ΧΕΡΙΟΥ Ή ΑΝΩ ΑΚΡΟΥ < 10 ΤΕΤΡΑΓΩΝΙΚΩΝ ΕΚΑΤΟΣΤΩΝ ΜΕ ΜΕΤΑΜΟΣΧΕΥΣΗ ΔΕΡΜΑΤΟΣ ΜΕΡΙΚΟΥ ΠΑΧΟΥΣ;;;;;
1356;X630173;ΚΑΛΥΨΗ ΕΛΛΕΙΜΜΑΤΟΣ ΔΑΚΤΥΛΟΥ Ή ΧΕΡΙΟΥ Ή ΑΝΩ ΑΚΡΟΥ 10,01 – 20 ΤΕΤΡΑΓΩΝΙΚΩΝ ΕΚΑΤΟΣΤΩΝ ΜΕ ΜΕΤΑΜΟΣΧΕΥΣΗ ΔΕΡΜΑΤΟΣ ΜΕΡΙΚΟΥ ΠΑΧΟΥΣ;;;;;
1357;X630177;ΚΑΛΥΨΗ ΕΛΛΕΙΜΜΑΤΟΣ ΔΑΚΤΥΛΟΥ Ή ΧΕΡΙΟΥ Ή ΑΝΩ ΑΚΡΟΥ > 20,01 ΤΕΤΡΑΓΩΝΙΚΩΝ ΕΚΑΤΟΣΤΩΝ ΜΕ ΜΕΤΑΜΟΣΧΕΥΣΗ ΔΕΡΜΑΤΟΣ ΜΕΡΙΚΟΥ ΠΑΧΟΥΣ;;;;;
1358;X630179;ΚΑΛΥΨΗ ΕΛΛΕΙΜΜΑΤΟΣ ΔΑΚΤΥΛΟΥ Ή ΧΕΡΙΟΥ Ή ΑΝΩ ΑΚΡΟΥ < 10 ΤΕΤΡΑΓΩΝΙΚΩΝ ΕΚΑΤ. ΜΕ ΜΕΤΑΜΟΣΧΕΥΣΗ ΔΕΡΜΑΤΟΣ ΟΛΙΚΟΥ ΠΑΧΟΥΣ;;;;;
1359;X630181;ΚΑΛΥΨΗ ΕΛΛΕΙΜΜΑΤΟΣ ΔΑΚΤΥΛΟΥ Ή ΧΕΡΙΟΥ Ή ΑΝΩ ΑΚΡΟΥ 10,01 – 20 ΤΕΤΡΑΓΩΝΙΚΩΝ ΕΚΑΤ. ΜΕ ΜΕΤΑΜΟΣΧΕΥΣΗ ΔΕΡΜΑΤΟΣ ΟΛΙΚΟΥ ΠΑΧΟΥΣ;;;;;
1360;X630183;ΚΑΛΥΨΗ ΕΛΛΕΙΜΜΑΤΟΣ ΔΑΚΤΥΛΟΥ Ή ΧΕΡΙΟΥ Ή ΑΝΩ ΑΚΡΟΥ > 20,01 ΤΕΤΡΑΓΩΝΙΚΩΝ ΕΚΑΤΟΣΤΩΝ ΜΕ ΜΕΤΑΜΟΣΧΕΥΣΗ ΔΕΡΜΑΤΟΣ ΟΛΙΚΟΥ ΠΑΧΟΥΣ;;;;;
1361;X630189;ΚΑΛΥΨΗ ΕΛΛΕΙΜΜΑΤΟΣ ΔΑΚΤΥΛΟΥ Ή ΧΕΡΙΟΥ Ή ΑΝΩ ΑΚΡΟΥ < 10 ΤΕΤΡΑΓΩΝΙΚΩΝ ΕΚΑΤΟΣΤΩΝ ΜΕ ΟΜΟΙΟΜΟΣΧΕΥΜΑ Ή ΑΚΥΤΤΑΡΙΚΟ Ή ΣΥΝΘΕΤΙΚΟ ΔΕΡΜΑΤΙΚΟ ΥΠΟΚΑΤΑΣΤΑΤΟ;;;;;
1362;X630191;ΚΑΛΥΨΗ ΕΛΛΕΙΜΜΑΤΟΣ ΔΑΚΤΥΛΟΥ Ή ΧΕΡΙΟΥ Ή ΑΝΩ ΑΚΡΟΥ 10,01 – 20 ΤΕΤΡΑΓΩΝΙΚΩΝ ΕΚΑΤΟΣΤΩΝ ΜΕ ΟΜΟΙΟΜΟΣΧΕΥΜΑ Ή ΑΚΥΤΤΑΡΙΚΟ Ή ΣΥΝΘΕΤΙΚΟ ΔΕΡΜΑΤΙΚΟ ΥΠΟΚΑΤΑΣΤΑΤΟ;;;;;
1363;X630195;ΚΑΛΥΨΗ ΕΛΛΕΙΜΜΑΤΟΣ ΔΑΚΤΥΛΟΥ Ή ΧΕΡΙΟΥ Ή ΑΝΩ ΑΚΡΟΥ > 20,01 ΤΕΤΡΑΓΩΝΙΚΩΝ ΕΚΑΤΟΣΤΩΝ ΜΕ ΟΜΟΙΟΜΟΣΧΕΥΜΑ Ή ΑΚΥΤΤΑΡΙΚΟ Ή ΣΥΝΘΕΤΙΚΟ ΔΕΡΜΑΤΙΚΟ ΥΠΟΚΑΤΑΣΤΑΤΟ;;;;;
1364;X630197;ΔΙΑΜΟΡΦΩΣΗ ΤΟΥ ΚΟΛΟΒΩΜΑΤΟΣ ΜΕ ΦΙΛΕΤΟΠΟΙΗΣΗ ΔΑΚΤΥΛΟΥ ;;;;;
1365;X630199;ΚΑΛΥΨΗ ΕΛΛΕΙΜΜΑΤΟΣ ΔΑΚΤΥΛΟΥ Ή ΧΕΡΙΟΥ Ή ΑΝΩ ΑΚΡΟΥ < 2 ΤΕΤΡΑΓΩΝΙΚΩΝ ΕΚΑΤΟΣΤΩΝ ΜΕ ΤΟΠΙΚΟ ΚΡΗΜΝΟ ;;;;;
1366;X630209;ΚΑΛΥΨΗ ΕΛΛΕΙΜΜΑΤΟΣ ΔΑΚΤΥΛΟΥ Ή ΧΕΡΙΟΥ Ή ΑΝΩ ΑΚΡΟΥ 2,01 ΕΩΣ 10 ΤΕΤΡΑΓΩΝΙΚΩΝ ΕΚΑΤΟΣΤΩΝ ΜΕ ΤΟΠΙΚΟ ΚΡΗΜΝΟ;;;;;
1367;X630211;ΚΑΛΥΨΗ ΕΛΛΕΙΜΜΑΤΟΣ ΔΑΚΤΥΛΟΥ Ή ΧΕΡΙΟΥ Ή ΑΝΩ ΑΚΡΟΥ > 10,01 ΤΕΤΡΑΓΩΝΙΚΩΝ ΕΚΑΤΟΣΤΩΝ ΜΕ ΤΟΠΙΚΟ ΚΡΗΜΝΟ;;;;;
1368;X630219;ΚΑΛΥΨΗ ΕΛΛΕΙΜΜΑΤΟΣ ΔΑΚΤΥΛΟΥ Ή ΧΕΡΙΟΥ Ή ΑΝΩ ΑΚΡΟΥ < 2 ΤΕΤΡΑΓΩΝΙΚΩΝ ΕΚΑΤΟΣΤΩΝ ΜΕ ΜΙΣΧΩΤΟ ΠΕΡΙΟΧΙΚΟ ΑΞΟΝΙΚΟ ΚΡΗΜΝΟ ;;;;;
1369;X630229;ΚΑΛΥΨΗ ΕΛΛΕΙΜΜΑΤΟΣ ΔΑΚΤΥΛΟΥ Ή ΧΕΡΙΟΥ Ή ΑΝΩ ΑΚΡΟΥ 2,01 ΕΩΣ 10 ΤΕΤΡΑΓΩΝΙΚΩΝ ΕΚΑΤΟΣΤΩΝ ΜΕ ΜΙΣΧΩΤΟ ΠΕΡΙΟΧΙΚΟ ΑΞΟΝΙΚΟ ΚΡΗΜΝΟ;;;;;
1370;X630231;ΚΑΛΥΨΗ ΕΛΛΕΙΜΜΑΤΟΣ ΔΑΚΤΥΛΟΥ Ή ΧΕΡΙΟΥ Ή ΑΝΩ ΑΚΡΟΥ > 10,01 ΤΕΤΡΑΓΩΝΙΚΩΝ ΕΚΑΤΟΣΤΩΝ ΜΕ ΜΙΣΧΩΤΟ ΠΕΡΙΟΧΙΚΟ ΑΞΟΝΙΚΟ ΚΡΗΜΝΟ ;;;;;
1371;X630249;ΚΑΛΥΨΗ ΕΛΛΕΙΜΜΑΤΟΣ ΔΑΚΤΥΛΟΥ Ή ΧΕΡΙΟΥ Ή ΑΝΩ ΑΚΡΟΥ < 2 ΤΕΤΡΑΓΩΝΙΚΩΝ ΕΚΑΤΟΣΤΩΝ ΜΕ ΜΙΣΧΩΤΟ ΑΠΟΜΑΚΡΥΣΜΕΝΟ ΚΡΗΜΝΟ ;;;;;
1372;X630259;ΚΑΛΥΨΗ ΕΛΛΕΙΜΜΑΤΟΣ ΔΑΚΤΥΛΟΥ Ή ΧΕΡΙΟΥ Ή ΑΝΩ ΑΚΡΟΥ 2,01 ΕΩΣ 10 ΤΕΤΡΑΓΩΝΙΚΩΝ ΕΚΑΤΟΣΤΩΝ ΜΕ ΜΙΣΧΩΤΟ ΑΠΟΜΑΚΡΥΣΜΕΝΟ ΚΡΗΜΝΟ;;;;;
1373;X630261;ΚΑΛΥΨΗ ΕΛΛΕΙΜΜΑΤΟΣ ΔΑΚΤΥΛΟΥ Ή ΧΕΡΙΟΥ Ή ΑΝΩ ΑΚΡΟΥ > 10,01 ΤΕΤΡΑΓΩΝΙΚΩΝ ΕΚΑΤΟΣΤΩΝ ΜΕ ΜΙΣΧΩΤΟ ΑΠΟΜΑΚΡΥΣΜΕΝΟ ΚΡΗΜΝΟ ;;;;;
1374;X630299;ΑΝΑΣΠΑΣΗ ΕΛΕΥΘΕΡΟΥ ΠΕΡΙΤΟΝΙΑΚΟΥ Ή ΔΕΡΜΟΠΕΡΙΤΟΝΙΑΚΟΥ Ή ΦΛΕΒΙΚΟΥ ΚΡΗΜΝΟΥ;;;;;
1375;X630379;ΑΝΑΣΠΑΣΗ ΕΛΕΥΘΕΡΟΥ ΜΥΪΚΟΥ Ή ΜΥΟΔΕΡΜΑΤΙΚΟΥ ΚΡΗΜΝΟΥ ;;;;;
1376;X630389;ΚΑΛΥΨΗ ΕΛΛΕΙΜΜΑΤΟΣ ΔΑΚΤΥΛΟΥ Ή ΧΕΡΙΟΥ Ή ΑΝΩ ΑΚΡΟΥ < 10 ΤΕΤΡΑΓΩΝΙΚΩΝ ΕΚΑΤΟΣΤΩΝ ΜΕ ΕΛΕΥΘΕΡΟ ΚΡΗΜΝΟ ΚΑΙ ΔΙΕΝΕΡΓΕΙΑ ΜΙΚΡΟΑΓΓΕΙΑΚΩΝ ΑΝΑΣΤΟΜΩΣΕΩΝ ΜΕ Ή ΧΩΡΙΣ ΝΕΥΡΙΚΕΣ ΣΥΡΡΑΦΕΣ;;;;;
1377;X630419;ΚΑΛΥΨΗ ΕΛΛΕΙΜΜΑΤΟΣ ΔΑΚΤΥΛΟΥ Ή ΧΕΡΙΟΥ Ή ΑΝΩ ΑΚΡΟΥ > 10,01 ΤΕΤΡΑΓΩΝΙΚΩΝ ΕΚΑΤΟΣΤΩΝ ΜΕ ΕΛΕΥΘΕΡΟ ΚΡΗΜΝΟ ΚΑΙ ΔΙΕΝΕΡΓΕΙΑ ΜΙΚΡΟΑΓΓΕΙΑΚΩΝ ΑΝΑΣΤΟΜΩΣΕΩΝ ΜΕ Ή ΧΩΡΙΣ ΝΕΥΡΙΚΕΣ ΣΥΡΡΑΦΕΣ;;;;;
1378;X630439;ΜΕΤΑΦΟΡΑ ΕΝΟΣ ΔΑΚΤΥΛΟΥ ΑΠΟ ΤΟ ΠΟΔΙ ΣΤΟ ΧΕΡΙ ΣΥΜΠΕΡΙΛΑΜΒΑΝΟΜΕΝΗΣ ΚΑΙ ΤΗΣ ΠΡΟΕΤΟΙΜΑΣΙΑΣ ΤΗΣ ΔΕΚΤΡΙΑΣ ΠΕΡΙΟΧΗΣ ΚΑΙ ΔΙΕΝΕΡΓΕΙΑ ΜΙΚΡΟΑΓΓΕΙΑΚΩΝ – ΝΕΥΡΙΚΩΝ ΑΝΑΣΤΟΜΩΣΕΩΝ;;;;;
1379;X630451;ΜΕΤΑΦΟΡΑ ΠΕΡΙΣΣΟΤΕΡΩΝ ΤΟΥ ΕΝΟΣ ΔΑΚΤΥΛΟΥ ΑΠΟ ΤΟ ΠΟΔΙ ΣΤΟ ΧΕΡΙ ΣΥΜΠΕΡΙΛΑΜΒΑΝΟΜΕΝΗΣ ΚΑΙ ΤΗΣ ΠΡΟΕΤΟΙΜΑΣΙΑΣ ΤΗΣ ΔΕΚΤΡΙΑΣ ΠΕΡΙΟΧΗΣ ΚΑΙ ΔΙΕΝΕΡΓΕΙΑ ΜΙΚΡΟΑΓΓΕΙΑΚΩΝ – ΝΕΥΡΙΚΩΝ ΑΝΑΣΤΟΜΩΣΕΩΝ;;;;;
1380;X630455;ΠΡΟΕΤΟΙΜΑΣΙΑ ΔΟΤΡΙΑΣ ΠΕΡΙΟΧΗΣ ΔΕΡΜΑΤΙΚΟΥ ΜΟΣΧΕΥΜΑΤΟΣ ΜΕΡΙΚΟΥ ΠΑΧΟΥΣ Ή ΚΡΗΜΝΟΥ ΓΙΑ ΕΠΟΥΛΩΣΗ ΚΑΤΑ ΔΕΥΤΕΡΟ ΣΚΟΠΟ;;;;;
1381;X630459;ΑΜΕΣΗ ΣΥΓΚΛΕΙΣΗ ΔΟΤΡΙΑΣ ΠΕΡΙΟΧΗΣ ΔΕΡΜΑΤΙΚΟΥ ΜΟΣΧΕΥΜΑΤΟΣ ΟΛΙΚΟΥ ΠΑΧΟΥΣ Ή ΚΡΗΜΝΟΥ;;;;;
1382;X630461;ΣΥΓΚΛΕΙΣΗ ΔΟΤΡΙΑΣ ΠΕΡΙΟΧΗΣ ΔΕΡΜΑΤΙΚΟΥ ΜΟΣΧΕΥΜΑΤΟΣ Ή ΚΡΗΜΝΟΥ ΜΕ ΜΕΤΑΜΟΣΧΕΥΣΗ ΔΕΡΜΑΤΟΣ (ΜΕΡΙΚΟΥ Ή ΟΛΙΚΟΥ) ΠΑΧΟΥΣ;;;;;
1383;X630477;ΔΙΑΙΡΕΣΗ ΜΙΣΧΟΥ ΚΡΗΜΝΟΥ ΚΑΙ ΔΙΕΥΘΕΤΗΣΗ ΤΗΣ ΠΕΡΙΟΧΗΣ;;;;;
1384;X630479;ΠΑΡΑΣΚΕΥΗ - ΑΝΑΣΠΑΣΗ ΚΡΗΜΝΟΥ ΓΙΑ ΧΡΗΣΗ ΤΟΥ ΜΕ ΚΑΘΥΣΤΕΡΗΣΗ (DELAY);;;;;
1385;X630485;ΔΕΥΤΕΡΟΣ ΧΡΟΝΟΣ ΑΠΟΚΑΤΑΣΤΑΣΗΣ ΜΕ ΧΡΗΣΗ ΚΡΗΜΝΟΥ ΜΕ «ΚΑΘΥΣΤΕΡΗΣΗ» (DELAY) ΚΑΙ ΔΙΕΥΘΕΤΗΣΗ ΤΗΣ ΠΕΡΙΟΧΗΣ;;;;;
1386;X630489;ΜΕΤΑΜΟΣΧΕΥΣΗ ΛΙΠΟΥΣ ΣΕ ΔΑΚΤΥΛΟ Ή ΧΕΡΙ Ή ΑΝΩ ΑΚΡΟ (ΠΟΣΟΤΗΤΑΣ ΛΙΠΟΥΣ < 10 ΚΥΒΙΚΩΝ ΕΚΑΤΟΣΤΩΝ);;;;;
1387;X630499;ΜΕΤΑΜΟΣΧΕΥΣΗ ΛΙΠΟΥΣ ΣΕ ΔΑΚΤΥΛΟ Ή ΧΕΡΙ Ή ΑΝΩ ΑΚΡΟ (ΠΟΣΟΤΗΤΑΣ ΛΙΠΟΥΣ 10,01- 50 ΚΥΒΙΚΩΝ ΕΚΑΤΟΣΤΩΝ);;;;;
1388;X630503;ΜΕΤΑΜΟΣΧΕΥΣΗ ΛΙΠΟΥΣ ΣΕ ΔΑΚΤΥΛΟ Ή ΧΕΡΙ Ή ΑΝΩ ΑΚΡΟ (ΠΟΣΟΤΗΤΑΣ ΛΙΠΟΥΣ > 50,01 ΚΥΒΙΚΩΝ ΕΚΑΤΟΣΤΩΝ);;;;;
1389;X630507;ΛΙΠΑΝΑΡΡΟΦΗΣΗ;;;;;
1390;X630509;ΛΕΠΤΥΝΣΗ ΚΡΗΜΝΟΥ ΜΕ ΛΙΠΕΚΤΟΜΗ Ή ΛΙΠΑΝΑΡΡΟΦΗΣΗ;;;;;
1391;X630519;ΕΣΧΑΡΟΤΟΜΗ ΔΕΡΜΑΤΟΣ ;;;;;
1392;X630539;ΑΠΟΝΕΥΡΟΤΟΜΗ ΜΥΙΚΩΝ ΔΙΑΜΕΡΙΣΜΑΤΩΝ ;;;;;
1393;X630549;ΒΙΟΨΙΑ ΔΕΡΜΑΤΙΚΉΣ ΒΛΑΒΗΣ Ή ΒΛΑΒΗΣ ΜΑΛΑΚΩΝ ΜΟΡΙΩΝ ;;;;;
1394;X630559;ΚΑΤ΄ΕΦΑΠΤΟΜΕΝΗ ΕΚΤΟΜΗ ΔΕΡΜΑΤΙΚΗΣ ΒΛΑΒΗΣ (SHAVING) – ΔΙΑΘΕΡΜΟΠΗΞΙΑ;;;;;
1395;X630561;ΑΦΑΙΡΕΣΗ ΔΕΡΜΑΤΙΚΗΣ ΒΛΑΒΗΣ  ΜΕ ΦΩΤΟΠΗΞΙΑ (LASER);;;;;
1396;X630579;ΧΕΙΡΟΥΡΓΙΚΗ ΒΡΑΧΙΟΝΙΟΥ ΠΛΕΓΜΑΤΟΣ: ΔΙΕΡΕΥΝΗΣΗ ΥΠΕΡΚΛΕΙΔΙΟΥ ΒΡΑΧΙΟΝΙΟΥ ΠΛΕΓΜΑΤΟΣ;;;;;
1397;X630583;ΧΕΙΡΟΥΡΓΙΚΗ ΒΡΑΧΙΟΝΙΟΥ ΠΛΕΓΜΑΤΟΣ: ΔΙΕΡΕΥΝΗΣΗ ΥΠΟΚΛΕΙΔΙΟΥ ΒΡΑΧΙΟΝΙΟΥ ΠΛΕΓΜΑΤΟΣ;;;;;
1398;X630589;ΧΕΙΡΟΥΡΓΙΚΗ ΒΡΑΧΙΟΝΙΟΥ ΠΛΕΓΜΑΤΟΣ: ΟΣΤΕΟΤΟΜΙΑ- ΟΣΤΕΟΣΥΝΘΕΣΗ ΚΛΕΙΔΑΣ - ΔΙΕΡΕΥΝΗΣΗ ΟΛΟΥ ΤΟΥ ΒΡΑΧΙΟΝΙΟΥ ΠΛΕΓΜΑΤΟΣ;;;;;
1399;X630591;ΧΕΙΡΟΥΡΓΙΚΗ ΒΡΑΧΙΟΝΙΟΥ ΠΛΕΓΜΑΤΟΣ: ΔΙΕΡΕΥΝΗΣΗ-ΠΑΡΑΣΚΕΥΗ ΒΛΑΒΗΣ ΒΡΑΧΙΟΝΙΟΥ ΠΛΕΓΜΑΤΟΣ - ΧΡΗΣΗ ΓΙΑ ΝΕΥΡΟΜΕΤΑΦΟΡΑ ΦΡΕΝΙΚΟΥ ΝΕΥΡΟΥ;;;;;
1400;X630599;ΧΕΙΡΟΥΡΓΙΚΗ ΒΡΑΧΙΟΝΙΟΥ ΠΛΕΓΜΑΤΟΣ: ΔΙΕΡΕΥΝΗΣΗ-ΠΑΡΑΣΚΕΥΗ  ΒΛΑΒΗΣ ΒΡΑΧΙΟΝΙΟΥ ΠΛΕΓΜΑΤΟΣ - ΧΡΗΣΗ ΓΙΑ ΝΕΥΡΟΜΕΤΑΦΟΡΑ ΠΑΡΑΠΛΗΡΩΜΑΤΙΚΟΥ ΝΕΥΡΟΥ;;;;;
1401;X630623;ΧΕΙΡΟΥΡΓΙΚΗ ΒΡΑΧΙΟΝΙΟΥ ΠΛΕΓΜΑΤΟΣ: ΔΙΕΡΕΥΝΗΣΗ-ΠΑΡΑΣΚΕΥΗ  ΒΛΑΒΗΣ ΒΡΑΧΙΟΝΙΟΥ ΠΛΕΓΜΑΤΟΣ-ΧΡΗΣΗ ΓΙΑ ΝΕΥΡΟΜΕΤΑΦΟΡΑ ΕΝΌΣ ΜΕΣΟΠΛΕΥΡΙΟΥ ΝΕΥΡΟΥ;;;;;
1402;X630629;ΧΕΙΡΟΥΡΓΙΚΗ ΒΡΑΧΙΟΝΙΟΥ ΠΛΕΓΜΑΤΟΣ: ΔΙΕΡΕΥΝΗΣΗ-ΠΑΡΑΣΚΕΥΗ   ΒΛΑΒΗΣ ΒΡΑΧΙΟΝΙΟΥ ΠΛΕΓΜΑΤΟΣ-ΧΡΗΣΗ ΓΙΑ ΝΕΥΡΟΜΕΤΑΦΟΡΑ ΔΥΟ ΜΕΣΟΠΛΕΥΡΙΩΝ ΝΕΥΡΩΝ;;;;;
1403;X630633;ΧΕΙΡΟΥΡΓΙΚΗ ΒΡΑΧΙΟΝΙΟΥ ΠΛΕΓΜΑΤΟΣ: ΔΙΕΡΕΥΝΗΣΗ-ΠΑΡΑΣΚΕΥΗ  ΒΛΑΒΗΣ ΒΡΑΧΙΟΝΙΟΥ ΠΛΕΓΜΑΤΟΣ-ΧΡΗΣΗ ΓΙΑ ΝΕΥΡΟΜΕΤΑΦΟΡΑ ΤΡΙΩΝ ΜΕΣΟΠΛΕΥΡΙΩΝ ΝΕΥΡΩΝ;;;;;
1404;X630659;ΧΕΙΡΟΥΡΓΙΚΗ ΒΡΑΧΙΟΝΙΟΥ ΠΛΕΓΜΑΤΟΣ: ΔΙΕΡΕΥΝΗΣΗ-ΠΑΡΑΣΚΕΥΗ  ΒΛΑΒΗΣ ΒΡΑΧΙΟΝΙΟΥ ΠΛΕΓΜΑΤΟΣ-ΧΡΗΣΗ ΓΙΑ ΝΕΥΡΟΜΕΤΑΦΟΡΑ ΚΛΑΔΩΝ ΩΛΕΝΙΟΥ ΝΕΥΡΟΥ;;;;;
1405;X630669;ΧΕΙΡΟΥΡΓΙΚΗ ΒΡΑΧΙΟΝΙΟΥ ΠΛΕΓΜΑΤΟΣ: ΔΙΕΡΕΥΝΗΣΗ-ΠΑΡΑΣΚΕΥΗ  ΒΛΑΒΗΣ ΒΡΑΧΙΟΝΙΟΥ ΠΛΕΓΜΑΤΟΣ-ΧΡΗΣΗ ΓΙΑ ΝΕΥΡΟΜΕΤΑΦΟΡΑ ΚΛΑΔΩΝ  ΝΕΥΡΟΥ ΓΙΑ ΤΟΝ ΤΡΙΚΕΦΑΛΟ;;;;;
1406;X630679;ΧΕΙΡΟΥΡΓΙΚΗ ΒΡΑΧΙΟΝΙΟΥ ΠΛΕΓΜΑΤΟΣ: ΔΙΕΡΕΥΝΗΣΗ-ΠΑΡΑΣΚΕΥΗ  ΒΛΑΒΗΣ ΒΡΑΧΙΟΝΙΟΥ ΠΛΕΓΜΑΤΟΣ-ΧΡΗΣΗ ΓΙΑ ΥΠΕΡΕΚΛΕΚΤΙΚΗ ΝΕΥΡΟΜΕΤΑΦΟΡΑ ΑΝΤΙΣΤΟΙΧΗΣ Α7 ΡΙΖΑΣ ;;;;;
1407;X630689;ΧΕΙΡΟΥΡΓΙΚΗ ΒΡΑΧΙΟΝΙΟΥ ΠΛΕΓΜΑΤΟΣ: ΔΙΕΡΕΥΝΗΣΗ-ΠΑΡΑΣΚΕΥΗ   ΒΛΑΒΗΣ ΒΡΑΧΙΟΝΙΟΥ ΠΛΕΓΜΑΤΟΣ-ΧΡΗΣΗ ΓΙΑ ΝΕΥΡΙΚΟ ΜΟΣΧΕΥΜΑ ΓΑΣΤΡΟΚΝΗΜΙΑΙΟΥ ΝΕΥΡΟΥ Χ 1;;;;;
1408;X630699;ΧΕΙΡΟΥΡΓΙΚΗ ΒΡΑΧΙΟΝΙΟΥ ΠΛΕΓΜΑΤΟΣ: ΔΙΕΡΕΥΝΗΣΗ-ΠΑΡΑΣΚΕΥΗ   ΒΛΑΒΗΣ ΒΡΑΧΙΟΝΙΟΥ ΠΛΕΓΜΑΤΟΣ- ΧΡΗΣΗ ΓΙΑ ΝΕΥΡΙΚΟ ΜΟΣΧΕΥΜΑ ΓΑΣΤΡΟΚΝΗΜΙΑΙΟΥ ΝΕΥΡΟΥ Χ 2;;;;;
1409;X630709;ΧΕΙΡΟΥΡΓΙΚΗ ΒΡΑΧΙΟΝΙΟΥ ΠΛΕΓΜΑΤΟΣ: ΔΙΕΡΕΥΝΗΣΗ-ΠΑΡΑΣΚΕΥΗ   ΒΛΑΒΗΣ ΒΡΑΧΙΟΝΙΟΥ ΠΛΕΓΜΑΤΟΣ-ΧΡΗΣΗ ΓΙΑ ΝΕΥΡΙΚΟ ΜΟΣΧΕΥΜΑ ΣΑΦΗΝΟΥΣ ΝΕΥΡΟΥ ;;;;;
1410;X630739;ΧΕΙΡΟΥΡΓΙΚΗ ΒΡΑΧΙΟΝΙΟΥ ΠΛΕΓΜΑΤΟΣ: ΔΙΕΡΕΥΝΗΣΗ-ΠΑΡΑΣΚΕΥΗ   ΒΛΑΒΗΣ ΒΡΑΧΙΟΝΙΟΥ ΠΛΕΓΜΑΤΟΣ - ΤΕΛΙΚΟΤΕΛΙΚΗ ΝΕΥΡΟΡΡΑΦΗ ΝΕΥΡΙΚΩΝ ΣΤΕΛΕΧΩΝ;;;;;
1411;X630741;ΧΕΙΡΟΥΡΓΙΚΗ ΒΡΑΧΙΟΝΙΟΥ ΠΛΕΓΜΑΤΟΣ: ΔΙΕΡΕΥΝΗΣΗ-ΠΑΡΑΣΚΕΥΗ   ΒΛΑΒΗΣ ΒΡΑΧΙΟΝΙΟΥ ΠΛΕΓΜΑΤΟΣ - ΝΕΥΡΟΡΡΑΦΗ ΜΕ ΠΑΡΕΜΒΟΛΗ ΝΕΥΡΙΚΩΝ ΜΟΣΧΕΥΜΑΤΩΝ;;;;;
1412;X630743;ΧΕΙΡΟΥΡΓΙΚΗ ΒΡΑΧΙΟΝΙΟΥ ΠΛΕΓΜΑΤΟΣ: ΔΙΕΡΕΥΝΗΣΗ-ΠΑΡΑΣΚΕΥΗ   ΒΛΑΒΗΣ ΒΡΑΧΙΟΝΙΟΥ ΠΛΕΓΜΑΤΟΣ - ΤΕΛΙΚΟΠΛΑΓΙΑ ΝΕΥΡΟΡΡΑΦΗ;;;;;
1413;X630745;ΧΕΙΡΟΥΡΓΙΚΗ ΒΡΑΧΙΟΝΙΟΥ ΠΛΕΓΜΑΤΟΣ: ΑΠΟΘΗΚΕΥΣΗ ΝΕΥΡΙΚΟΥ ΜΟΣΧΕΥΜΑΤΟΣ ΣΥΝΔΕΔΕΜΕΝΟΥ ΜΕ ΥΠΟΔΟΡΙΟ ΤΟΥΝΕΛ ΜΕ ΑΝΤΙΣΤΟΙΧΗ Α7 ΡΙΖΑ;;;;;
1414;X630747;ΧΕΙΡΟΥΡΓΙΚΗ ΒΡΑΧΙΟΝΙΟΥ ΠΛΕΓΜΑΤΟΣ: ΠΑΡΑΣΚΕΥΗ - ΛΗΨΗ ΣΥΣΤΟΙΧΟΥ ΠΛΑΤΕΟΣ ΡΑΧΙΑΙΟΥ ΓΙΑ ΜΕΤΑΦΟΡΑ ΤΟΥ ΩΣ ΝΗΣΙΔΩΤΟΥ ΚΡΗΜΝΟΥ ΓΙΑ ΚΑΜΨΗ Η ΕΚΤΑΣΗ ΑΓΚΩΝΑ - ΚΑΘΗΛΩΣΗ ΠΛΑΤΕΟΣ ΡΑΧΙΑΙΟΥ ΚΕΝΤΡΙΚΑ ΚΑΙ ΠΕΡΙΦΕΡΙΚΑ ΜΕ ΟΣΤΙΚΕΣ ΑΓΚΥΡΕΣ ;;;;;
1415;X630759;ΧΕΙΡΟΥΡΓΙΚΗ ΒΡΑΧΙΟΝΙΟΥ ΠΛΕΓΜΑΤΟΣ: ΠΑΡΑΣΚΕΥΗ -ΛΗΨΗ ΑΝΤΙΣΤΟΙΧΟΥ ΠΛΑΤΕΟΣ ΡΑΧΙΑΙΟΥ ΓΙΑ ΜΕΤΑΦΟΡΑ ΤΟΥ ΩΣ ΕΛΕΥΘΕΡΟΥ ΚΡΗΜΝΟΥ ΓΙΑ ΚΑΜΨΗ Η ΕΚΤΑΣΗ ΑΓΚΩΝΑ - ΚΑΘΗΛΩΣΗ ΠΛΑΤΕΟΣ ΡΑΧΙΑΙΟΥ ΚΕΝΤΡΙΚΑ ΚΑΙ ΠΕΡΙΦΕΡΙΚΑ ΜΕ ΟΣΤΙΚΕΣ ΑΓΚΥΡΕΣ ;;;;;
1416;X630769;ΧΕΙΡΟΥΡΓΙΚΗ ΒΡΑΧΙΟΝΙΟΥ ΠΛΕΓΜΑΤΟΣ: ΔΙΕΡΕΥΝΗΣΗ  - ΑΝΑΓΝΩΡΙΣΗ - ΠΑΡΑΣΚΕΥΗ ΜΑΣΧΑΛΙΑΙΑΣ ΚΑΙ ΒΡΑΧΙΟΝΙΟΥ ΑΡΤΗΡΙΑΣ ΜΕ ΤΙΣ ΣΥΝΟΔΕΣ ΦΛΕΒΕΣ;;;;;
1417;X630789;ΧΕΙΡΟΥΡΓΙΚΗ ΒΡΑΧΙΟΝΙΟΥ ΠΛΕΓΜΑΤΟΣ: ΑΓΓΕΙΑΚΕΣ ΑΝΑΣΤΟΜΩΣΕΙΣ ΚΑΙ ΝΕΥΡΟΡΡΑΦΗ ΘΩΡΑΚΟΡΑΧΙΑΙΟΥ ΝΕΥΡΟΥ ΜΕ ΑΠΟΘΗΚΕΥΝΕΝΟ ΝΕΥΡΟ;;;;;
1418;X630799;ΧΕΙΡΟΥΡΓΙΚΗ ΒΡΑΧΙΟΝΙΟΥ ΠΛΕΓΜΑΤΟΣ: ΠΑΡΑΣΚΕΥΗ -ΛΗΨΗ ΑΝΤΙΣΤΟΙΧΟΥ ΙΣΧΝΟΥ ΠΡΟΣΑΓΩΓΟΥ ΓΙΑ ΜΕΤΑΦΟΡΑ ΤΟΥ ΩΣ ΕΛΕΥΘΕΡΟΥ ΚΡΗΜΝΟΥ ΓΙΑ ΚΑΜΨΗ Η ΕΚΤΑΣΗ ΔΑΚΤΥΛΩΝ;;;;;
1419;X630809;ΧΕΙΡΟΥΡΓΙΚΗ ΒΡΑΧΙΟΝΙΟΥ ΠΛΕΓΜΑΤΟΣ: ΑΝΑΓΝΩΡΙΣΗ - ΠΑΡΑΣΚΕΥΗ  ΒΡΑΧΙΟΝΙΟΥ ΑΡΤΗΡΙΑΣ ΚΑΙ ΚΛΑΔΩΝ ΤΗΣ ΜΕ ΤΙΣ ΣΥΝΟΔΕΣ ΦΛΕΒΕΣ;;;;;
1420;X630811;ΧΕΙΡΟΥΡΓΙΚΗ ΒΡΑΧΙΟΝΙΟΥ ΠΛΕΓΜΑΤΟΣ: ΑΓΓΕΙΑΚΕΣ ΑΝΑΣΤΟΜΩΣΕΙΣ ΚΑΙ ΝΕΥΡΟΡΡΑΦΗ ΘΥΡΟΕΙΔΟΥΣ ΝΕΥΡΟΥ ΜΕ ΑΠΟΘΗΚΕΥΝΕΝΟ ΝΕΥΡΟ;;;;;
1421;X630819;ΧΕΙΡΟΥΡΓΙΚΗ ΒΡΑΧΙΟΝΙΟΥ ΠΛΕΓΜΑΤΟΣ: ΚΑΘΗΛΩΣΗ ΙΣΧΝΟΥ ΠΡΟΣΑΓΩΓΟΥ ΚΕΝΤΡΙΚΑ ΜΕ ΟΣΤΙΚΕΣ ΑΓΚΥΡΕΣ;;;;;
1422;X630821;ΧΕΙΡΟΥΡΓΙΚΗ ΒΡΑΧΙΟΝΙΟΥ ΠΛΕΓΜΑΤΟΣ: ΠΕΡΙΦΕΡΙΚΗ ΤΕΝΟΝΤΟΡΡΑΦΗ ΙΣΧΝΟΥ ΠΡΟΣΑΓΩΓΟΥ ΜΕ ΕΝ ΤΩ ΒΑΘΕΙ ΚΑΜΠΤΗΡΑ Η ΚΟΙΝΟ ΕΚΤΕΙΝΟΝΤΑ ΔΑΚΤΥΛΟΥΣ;;;;;
1423;X630839;ΧΕΙΡΟΥΡΓΙΚΗ ΒΡΑΧΙΟΝΙΟΥ ΠΛΕΓΜΑΤΟΣ: ΑΡΘΡΟΔΕΣΗ ΚΑΡΠΟΥ;;;;;
1424;X630841;ΧΕΙΡΟΥΡΓΙΚΗ ΒΡΑΧΙΟΝΙΟΥ ΠΛΕΓΜΑΤΟΣ: ΣΤΡΟΦΙΚΗ ΟΣΤΕΟΤΟΜΙΑ ΒΡΑΧΙΟΝΙΟΥ;;;;;
1425;X630843;ΧΕΙΡΟΥΡΓΙΚΗ ΒΡΑΧΙΟΝΙΟΥ ΠΛΕΓΜΑΤΟΣ: ΣΤΡΟΦΙΚΗ ΟΣΤΕΟΤΟΜΙΑ ΚΕΡΚΙΔΟΣ;;;;;
1426;X630845;ΧΕΙΡΟΥΡΓΙΚΗ ΒΡΑΧΙΟΝΙΟΥ ΠΛΕΓΜΑΤΟΣ: ΜΕΤΑΦΟΡΑ ΤΡΑΠΕΖΟΕΙΔΟΥΣ ΓΙΑ ΑΠΑΓΩΓΗ ΩΜΟΥ;;;;;
1427;X630847;ΧΕΙΡΟΥΡΓΙΚΗ ΒΡΑΧΙΟΝΙΟΥ ΠΛΕΓΜΑΤΟΣ: ΜΕΤΑΦΟΡΑ ΚΑΜΠΤΗΡΩΝ ΚΑΡΠΟΥ ΚΕΝΤΡΙΚΑ ΓΙΑ ΚΑΜΨΗ ΑΓΚΩΝΑ ( STEINDLER FLEXORPLASTY);;;;;
1428;X630849;ΧΕΙΡΟΥΡΓΙΚΗ ΒΡΑΧΙΟΝΙΟΥ ΠΛΕΓΜΑΤΟΣ: ΤΕΝΟΝΤΟΜΕΤΑΦΟΡΑ ΚΑΜΠΤΗΡΩΝ ΚΑΡΠΟΥ ΓΙΑ ΕΚΤΑΣΗ ΔΑΚΤΥΛΩΝ;;;;;
1429;X630851;ΧΕΙΡΟΥΡΓΙΚΗ ΒΡΑΧΙΟΝΙΟΥ ΠΛΕΓΜΑΤΟΣ: ΤΕΝΟΝΤΟΜΕΤΑΦΟΡΑ ΓΙΑ ΕΚΤΑΣΗ ΚΑΡΠΟΥ;;;;;
1430;X630853;ΧΕΙΡΟΥΡΓΙΚΗ ΒΡΑΧΙΟΝΙΟΥ ΠΛΕΓΜΑΤΟΣ: ΤΕΝΟΝΤΟΜΕΤΑΦΟΡΑ ΓΙΑ ΚΑΜΨΗ ΜΕΤΑΚΑΡΠΙΟΦΑΛΛΑΓΓΙΚΩΝ;;;;;
1431;X630857;ΧΕΙΡΟΥΡΓΙΚΗ ΒΡΑΧΙΟΝΙΟΥ ΠΛΕΓΜΑΤΟΣ: ΤΕΝΟΝΤΟΜΕΤΑΦΟΡΑ ΓΙΑ ΑΠΑΓΩΓΗ ΑΝΤΙΘΕΣΗ ΑΝΤΙΧΕΙΡΑ;;;;;
1432;X630859;ΣΠΑΣΤΙΚΟ ΑΝΩ ΑΚΡΟ (ΠΧ .ΕΓΚΕΦΑΛΙΚΗ ΠΑΡΑΛΥΣΗ): ΑΠΕΛΕΥΘΕΡΩΣΗ ΤΟΥ ΥΠΟΠΛΑΤΙΟΥ ΜΥΟΣ ΑΠΟ ΤΗΝ ΩΜΟΠΛΑΤΗ ;;;;;
1433;X630869;ΣΠΑΣΤΙΚΟ ΑΝΩ ΑΚΡΟ (ΠΧ .ΕΓΚΕΦΑΛΙΚΗ ΠΑΡΑΛΥΣΗ): ΑΠΕΛΕΥΘΕΡΩΣΗ ΤΟΥ ΥΠΟΠΛΑΤΙΟΥ ΜΥΟΣ ΑΠΟ ΤΗΝ ΚΑΤΑΦΥΣΗ ΤΟΥ ;;;;;
1434;X630939;"ΣΠΑΣΤΙΚΟ ΑΝΩ ΑΚΡΟ (ΠΧ .ΕΓΚΕΦΑΛΙΚΗ ΠΑΡΑΛΥΣΗ): ΕΠΙΜΗΚΥΝΣΗ ΤΥΠΟΥ ""Ζ "" ΤΟΥ ΜΕΙΖΟΝΑ ΘΩΡΑΚΙΚΟΥ ΑΠΟ ΤΗ ΚΑΤΑΦΥΣΗ ΤΟΥ ";;;;;
1435;X630941;ΣΠΑΣΤΙΚΟ ΑΝΩ ΑΚΡΟ (ΠΧ .ΕΓΚΕΦΑΛΙΚΗ ΠΑΡΑΛΥΣΗ): ΑΠΕΛΕΥΘΕΡΩΣΗ ΤΟΥ ΠΛΑΤΕΩΣ ΡΑΧΙΑΙΟΥ ΜΥΟΣ ΑΠΟ ΤΗΝ ΚΑΤΑΦΥΣΗ ΤΟΥ ;;;;;
1436;X630943;ΣΠΑΣΤΙΚΟ ΑΝΩ ΑΚΡΟ (ΠΧ .ΕΓΚΕΦΑΛΙΚΗ ΠΑΡΑΛΥΣΗ): ΑΠΕΛΕΥΘΕΡΩΣΗ ΤΟΥ ΜΕΙΖΟΝΑ ΘΩΡΑΚΙΚΟΥ ΜΥΟΣ ΑΠΟ ΤΗΝ ΚΑΤΑΦΥΣΗ ΤΟΥ ;;;;;
1437;X630959;ΣΠΑΣΤΙΚΟ ΑΝΩ ΑΚΡΟ (ΠΧ .ΕΓΚΕΦΑΛΙΚΗ ΠΑΡΑΛΥΣΗ): ΕΠΑΝΑΚΑΘΗΛΩΣΗ ΤΟΥ ΠΛΑΤΕΩΣ ΡΑΧΙΑΙΟΥ ΜΥΟΣ ΣΤΗΝ ΕΞΩ ΠΛΕΥΡΑ ΤΟΥ ΒΡΑΧΙΟΝΙΟΥ ;;;;;
1438;X630969;ΣΠΑΣΤΙΚΟ ΑΝΩ ΑΚΡΟ (ΠΧ .ΕΓΚΕΦΑΛΙΚΗ ΠΑΡΑΛΥΣΗ): ΕΠΑΝΑΚΑΘΗΛΩΣΗ ΤΟΥ ΜΕΙΖΟΝΟΣ ΘΩΡΑΚΙΚΟΥ ΜΥΟΣ ΣΤΗΝ ΕΞΩ ΠΛΕΥΡΑ ΤΟΥ ΒΡΑΧΙΟΝΙΟΥ  ;;;;;
1439;X630989;ΣΠΑΣΤΙΚΟ ΑΝΩ ΑΚΡΟ (ΠΧ .ΕΓΚΕΦΑΛΙΚΗ ΠΑΡΑΛΥΣΗ): ΣΤΡΟΦΙΚΗ ΟΣΤΕΟΤΟΜΙΑ ΒΡΑΧΙΟΝΙΟΥ ;;;;;
1440;X630999;ΣΠΑΣΤΙΚΟ ΑΝΩ ΑΚΡΟ (ΠΧ .ΕΓΚΕΦΑΛΙΚΗ ΠΑΡΑΛΥΣΗ): ΕΠΑΝΑΚΑΘΗΛΩΣΗ ΤΟΥ ΚΑΤΑΦΥΤΙΚΟΥ ΤΕΝΟΝΤΑ ΤΟΥ ΔΙΚΕΦΑΛΟΥ ΒΡΑΧΙΟΝΙΟΥ ΜΥΟΣ  ΣΤΟ ΔΙΚΕΦΑΛΙΚΟ ΟΓΚΩΜΑ ΤΗΣ ΚΕΡΚΙΔΟΣ;;;;;
1441;X631009;ΣΠΑΣΤΙΚΟ ΑΝΩ ΑΚΡΟ (ΠΧ .ΕΓΚΕΦΑΛΙΚΗ ΠΑΡΑΛΥΣΗ): ΑΠΕΛΕΥΘΕΡΩΣΗ ΤΗΣ ΚΑΤΑΦΥΣΗΣ ΤΟΥ ΣΤΡΟΓΓΥΛΟΥ ΠΡΗΝΙΣΤΗ ;;;;;
1442;X631011;ΣΠΑΣΤΙΚΟ ΑΝΩ ΑΚΡΟ (ΠΧ .ΕΓΚΕΦΑΛΙΚΗ ΠΑΡΑΛΥΣΗ): ΜΕΤΑΦΟΡΑ ΚΑΜΠΤΗΡΩΝ ΚΑΡΠΟΥ ΚΕΝΤΡΙΚΑ ΓΙΑ ΚΑΜΨΗ ΑΓΚΩΝΑ ( STEINDLER FLEXORPLASTY);;;;;
1443;X631019;ΣΠΑΣΤΙΚΟ ΑΝΩ ΑΚΡΟ (ΠΧ .ΕΓΚΕΦΑΛΙΚΗ ΠΑΡΑΛΥΣΗ): ΔΙΑΤΟΜΗ ΤΗΣ ΕΚΦΥΣΗ ΤΟΥ ΣΤΡΟΓΓΥΛΟΥ ΠΡΗΝΙΣΤΗ ;;;;;
1444;X631029;ΣΠΑΣΤΙΚΟ ΑΝΩ ΑΚΡΟ (ΠΧ .ΕΓΚΕΦΑΛΙΚΗ ΠΑΡΑΛΥΣΗ): ΔΙΑΤΟΜΗ ΤΗΣ ΕΚΦΥΣΗ ΤΩΝ ΚΑΜΠΤΗΡΩΝ ΤΟΥ ΑΝΤΙΒΡΑΧΙΟΥ  ;;;;;
1445;X631049;"ΣΠΑΣΤΙΚΟ ΑΝΩ ΑΚΡΟ (ΠΧ .ΕΓΚΕΦΑΛΙΚΗ ΠΑΡΑΛΥΣΗ): ΔΙΟΡΘΩΣΗ ΤΗΣ ΠΑΡΑΜΟΡΦΩΣΗΣ ""ΑΝΤΙΧΕΙΡΑΣ ΣΤΗ ΠΑΛΑΜΗ"" ";;;;;
1446;X631079;ΣΠΑΣΤΙΚΟ ΑΝΩ ΑΚΡΟ (ΠΧ .ΕΓΚΕΦΑΛΙΚΗ ΠΑΡΑΛΥΣΗ): ΜΕΤΑΦΟΡΑ ΤΟΥ ΕΠΙΠΟΛΗΣ ΚΑΜΠΤΗΡΑ ΤΩΝ ΔΑΚΤΥΛΩΝ ΣΤΟΝ ΣΤΟΥΣ ΕΝ ΤΩ ΒΑΘΕΙ ΚΑΜΠΤΗΡΕΣ ΤΩΝ ΔΑΚΤΥΛΩΝ ;;;;;
1447;X631089;ΣΠΑΣΤΙΚΟ ΑΝΩ ΑΚΡΟ (ΠΧ .ΕΓΚΕΦΑΛΙΚΗ ΠΑΡΑΛΥΣΗ): ΜΕΤΑΦΟΡΑ ΤΟΥ ΚΕΡΚΙΔΙΚΟΥ ΚΑΜΠΤΗΡΑ ΤΟΥ ΚΑΡΠΟΥ ΣΤΟΥΣ ΕΚΤΕΙΝΟΝΤΕΣ ΤΩΝ ΔΑΚΤΥΛΩΝ;;;;;
1448;X631107;ΣΠΑΣΤΙΚΟ ΑΝΩ ΑΚΡΟ (ΠΧ .ΕΓΚΕΦΑΛΙΚΗ ΠΑΡΑΛΥΣΗ): ΜΕΤΑΦΟΡΑ ΤΟΥ ΣΤΡΟΓΓΥΛΟΥ ΠΡΗΝΙΣΤΗ ΣΤΟΝ ΒΡΑΧΥ ΚΕΡΚΙΔΙΚΟ ΕΚΤΕΙΝΟΝΤΑ ΤΟΝ ΚΑΡΠΟ ;;;;;
1449;X631109;ΣΠΑΣΤΙΚΟ ΑΝΩ ΑΚΡΟ (ΠΧ .ΕΓΚΕΦΑΛΙΚΗ ΠΑΡΑΛΥΣΗ): ΜΕΤΑΦΟΡΑ ΤΟΥ ΩΛΕΝΙΟΥ ΚΑΜΤΗΡΑ ΤΟΝ ΚΑΡΠΟ  ΣΤΟΝ ΒΡΑΧΥ ΚΕΡΚΙΔΙΚΟ ΕΚΤΕΙΝΟΝΤΑ ΤΟΝ ΚΑΡΠΟ  ;;;;;
1450;X631159;ΣΠΑΣΤΙΚΟ ΑΝΩ ΑΚΡΟ (ΠΧ .ΕΓΚΕΦΑΛΙΚΗ ΠΑΡΑΛΥΣΗ): ΜΕΤΑΦΟΡΑ ΤΟΥ ΩΛΕΝΙΟΥ ΕΚΤΕΙΝΟΝΤΑ ΤΟΝ ΚΑΡΠΟ ΣΤΟΥΣ ΕΚΤΕΙΝΟΝΤΕΣ ΤΩΝ ΔΑΚΤΥΛΩΝ;;;;;
1451;X631169;ΣΠΑΣΤΙΚΟ ΑΝΩ ΑΚΡΟ (ΠΧ .ΕΓΚΕΦΑΛΙΚΗ ΠΑΡΑΛΥΣΗ): ΤΜΗΜΑΤΙΚΗ ΕΠΙΜΗΚΥΝΣΗ ΣΤΟ ΜΥΟΤΕΝΟΝΤΩΔΕΣ ΟΡΙΟ ΤΟΥ ΒΡΑΧΙΟΝΟΚΕΡΚΙΔΙΚΟΥ ;;;;;
1452;X631171;ΣΠΑΣΤΙΚΟ ΑΝΩ ΑΚΡΟ (ΠΧ .ΕΓΚΕΦΑΛΙΚΗ ΠΑΡΑΛΥΣΗ): ΤΜΗΜΑΤΙΚΗ ΕΠΙΜΗΚΥΝΣΗ ΣΤΟ ΜΥΟΤΕΝΟΝΤΩΔΕΣ ΟΡΙΟ ΤΩΝ  ΕΝ ΤΩ ΒΑΘΕΙ ΚΑΜΤΗΡΩΝ ΤΩΝ ΔΑΚΤΥΛΩΝ ;;;;;
1453;X631173;ΣΠΑΣΤΙΚΟ ΑΝΩ ΑΚΡΟ (ΠΧ .ΕΓΚΕΦΑΛΙΚΗ ΠΑΡΑΛΥΣΗ): ΤΜΗΜΑΤΙΚΗ ΕΠΙΜΗΚΥΝΣΗ ΣΤΟ ΜΥΟΤΕΝΟΝΤΩΔΕΣ ΟΡΙΟ ΤΟΥ ΕΠΙΠΟΛΗΣ ΚΑΜΠΤΗΡΑ ΤΩΝ ΔΑΚΤΥΛΩΝ ;;;;;
1454;X631175;ΣΠΑΣΤΙΚΟ ΑΝΩ ΑΚΡΟ (ΠΧ .ΕΓΚΕΦΑΛΙΚΗ ΠΑΡΑΛΥΣΗ): ΤΜΗΜΑΤΙΚΗ ΕΠΙΜΗΚΥΝΣΗ ΣΤΟ ΜΥΟΤΕΝΟΝΤΩΔΕΣ ΟΡΙΟ ΤΟΥ ΚΕΡΚΙΔΙΚΟΥ ΚΑΜΠΤΗΡΑ ΤΟΥ ΚΑΡΠΟΥ;;;;;
1455;X631177;ΣΠΑΣΤΙΚΟ ΑΝΩ ΑΚΡΟ (ΠΧ .ΕΓΚΕΦΑΛΙΚΗ ΠΑΡΑΛΥΣΗ): ΤΜΗΜΑΤΙΚΗ ΕΠΙΜΗΚΥΝΣΗ ΣΤΟ ΜΥΟΤΕΝΟΝΤΩΔΕΣ ΟΡΙΟ ΤΟΥ ΜΑΚΡΟΥ ΚΑΜΠΤΗΡΑ ΤΟΥ ΑΝΤΙΧΕΙΡΑ ;;;;;
1456;X631203;ΣΠΑΣΤΙΚΟ ΑΝΩ ΑΚΡΟ (ΠΧ .ΕΓΚΕΦΑΛΙΚΗ ΠΑΡΑΛΥΣΗ): ΤΜΗΜΑΤΙΚΗ ΕΠΙΜΗΚΥΝΣΗ ΣΤΟ ΜΥΟΤΕΝΟΝΤΩΔΕΣ ΟΡΙΟ ΤΟΥ ΜΑΚΡΟΥ ΠΑΛΑΜΙΚΟΥ;;;;;
1457;X631207;ΣΠΑΣΤΙΚΟ ΑΝΩ ΑΚΡΟ (ΠΧ .ΕΓΚΕΦΑΛΙΚΗ ΠΑΡΑΛΥΣΗ): ΤΜΗΜΑΤΙΚΗ ΕΠΙΜΗΚΥΝΣΗ ΣΤΟ ΜΥΟΤΕΝΟΝΤΩΔΕΣ ΟΡΙΟ ΤΟΥ ΣΤΡΟΓΓΥΛΟΥ ΠΡΗΝΙΣΤΗ;;;;;
1458;X631215;ΣΠΑΣΤΙΚΟ ΑΝΩ ΑΚΡΟ (ΠΧ .ΕΓΚΕΦΑΛΙΚΗ ΠΑΡΑΛΥΣΗ): ΤΜΗΜΑΤΙΚΗ ΕΠΙΜΗΚΥΝΣΗ ΣΤΟ ΜΥΟΤΕΝΟΝΤΩΔΕΣ ΟΡΙΟ ΤΟΥ ΩΛΕΝΙΟΥ ΚΑΜΠΤΗΡΑ ΤΟΥ ΚΑΡΠΟΥ;;;;;
1459;X631219;ΣΠΑΣΤΙΚΟ ΑΝΩ ΑΚΡΟ (ΠΧ .ΕΓΚΕΦΑΛΙΚΗ ΠΑΡΑΛΥΣΗ): ΤΜΗΜΑΤΙΚΗ ΕΠΙΜΗΚΥΝΣΗ ΣΤΟ ΜΥΟΤΕΝΟΝΤΩΔΕΣ ΟΡΙΟ ΤΩΝ ΚΑΜΠΤΗΡΩΝ ΤΟΥ ΑΝΤΙΒΡΑΧΙΟΥ;;;;;
1460;X631229;ΣΠΑΣΤΙΚΟ ΑΝΩ ΑΚΡΟ (ΠΧ .ΕΓΚΕΦΑΛΙΚΗ ΠΑΡΑΛΥΣΗ): ΔΙΗΘΗΣΗ ΜΥΟΣ ΜΕ ΑΛΛΑΝΤΙΚΗ ΤΟΞΙΝΗ, ΜΟΝΗΡΗΣ, ΚΑΘΕ ΜΥΣ Ή ΜΥΙΚΗ ΟΜΑΔΑ;;;;;
1461;X631249;ΒΙΟΨΙΑ ΝΕΥΡΟΥ;;;;;
1462;X631259;ΑΝΟΙΚΤΗ ΛΗΨΗ ΝΕΥΡΙΚΟΥ ΜΟΣΧΕΥΜΑΤΟΣ ΑΠΟ ΤΟ ΑΝΩ ΑΚΡΟ (ΟΠΩΣ Ο ΤΕΛΙΚΟΣ ΑΙΣΘΗΤΙΚΟΣ ΚΛΑΔΟΣ ΤΟΥ ΟΠΙΣΘΙΟΥ ΜΕΣΟΣΤΕΟΥ ΝΕΥΡΟΥ);;;;;
1463;X631261;ΑΝΟΙΚΤΗ ΛΗΨΗ ΝΕΥΡΙΚΟΥ ΜΟΣΧΕΥΜΑΤΟΣ ΑΠΟ ΑΛΛΟ ΣΗΜΕΙΟ ΤΟΥ ΣΩΜΑΤΟΣ ΕΚΤΟΣ ΤΟΥ ΑΝΩ ΑΚΡΟΥ (ΟΠΩΣ ΓΑΣΤΡΟΚΝΗΜΙΟ ΝΕΥΡΟ);;;;;
1464;X631263;ΕΝΔΟΣΚΟΠΙΚΗ ΛΗΨΗ ΝΕΥΡΙΚΩΝ ΜΟΣΧΕΥΜΑΤΩΝ;;;;;
1465;X631279;ΛΗΨΗ ΟΣΤΙΚΩΝ ΜΟΣΧΕΥΜΑΤΩΝ ΑΠΟ ΤΟ ΑΝΩ ΑΚΡΟ;;;;;
1466;X631299;ΛΗΨΗ ΕΛΕΥΘΕΡΟΥ ΑΓΓΕΙΟΥΜΕΝΟΥ ΟΣΤΙΚΟΥ ΜΟΣΧΕΥΜΑΤΟΣ - ΠΕΡΟΝΗ;;;;;
1467;X631301;ΛΗΨΗ ΕΛΕΥΘΕΡΟΥ ΑΓΓΕΙΟΥΜΕΝΟΥ ΟΣΤΙΚΟΥ ΜΟΣΧΕΥΜΑΤΟΣ - ΑΛΛΟ ΕΚΤΟΣ ΠΕΡΟΝΗΣ;;;;;
1468;X631309;ΛΗΨΗ ΤΕΝΟΝΤΙΟΥ ΜΟΣΧΕΥΜΑΤΟΣ ΑΝΩ ΑΚΡΟΥ (ΟΠΩΣ ΤΕΝΟΝΤΑΣ ΤΟΥ ΜΑΚΡΟΥ ΠΑΛΑΜΙΚΟΥ ΜΥΟΣ);;;;;
1469;X631311;ΑΝΟΙΚΤΗ  ΛΗΨΗ ΦΛΕΒΙΚΟΥ ΜΟΣΧΕΥΜΑΤΟΣ ΑΠΟ ΤΟ ΚΑΤΩ ΑΚΡΟ;;;;;
1470;X631319;ΕΝΔΟΣΚΟΠΙΚΗ ΛΗΨΗ ΦΛΕΒΙΚΟΥ ΜΟΣΧΕΥΜΑΤΟΣ ΑΠΟ ΤΟ ΚΑΤΩ ΑΚΡΟ;;;;;
1471;X631329;ΠΥΟΓΕΝΗΣ ΣΗΠΤΙΚΗ ΑΡΘΡΙΤΙΔΑ ΩΜΟΥ -  ΑΡΘΡΟΤΟΜΗ , ΔΙΑΝΟΙΞΗ ΠΑΡΟΧΕΤΕΥΣΗ;;;;;
1472;X631339;ΟΞΕΙΑ ΟΣΤΕΟΜΥΕΛΙΤΙΔΑ ΒΡΑΧΙΟΝΙΟΥ  - ΔΙΑΝΟΙΞΗ ΠΑΡΟΧΕΤΕΥΣΗ;;;;;
1473;X631349;ΤΡΑΥΜΑ, ΟΞΕΙΑ ΟΣΤΕΟΜΥΕΛΙΤΙΔΑ ΒΡΑΧΙΟΝΙΟΥ  - ΔΙΑΝΟΙΞΗ ΠΑΡΟΧΕΤΕΥΣΗ;;;;;
1474;X631559;ΧΡΟΝΙΑ ΟΣΤΕΟΜΥΕΛΙΤΙΔΑ ΒΡΑΧΙΟΝΙΟΥ  - ΔΙΑΝΟΙΞΗ ΠΑΡΟΧΕΤΕΥΣΗ, ΑΦΑΙΡΕΣΗ ΑΠΟΛΥΜΑΤΩΝ;;;;;
1475;X631569;ΧΡΟΝΙΑ ΟΣΤΕΟΜΥΕΛΙΤΙΔΑ ΒΡΑΧΙΟΝΙΟΥ  - ΔΕΥΤΕΡΟΓΕΝΕΙΣ ΕΠΕΜΒΑΣΕΙΣ  ΑΠΟΚΑΤΑΣΤΑΣΗΣ ΟΣΤΙΚΩΝ ΕΛΛΕΙΜΜΑΤΩΝ;;;;;
1476;X631579;ΤΡΑΥΜΑ, ΠΥΩΔΗΣ ΣΥΛΛΟΓΗ ΜΑΛΑΚΩΝ ΜΟΡΙΩΝ  - ΔΙΑΝΟΙΞΗ ΠΑΡΟΧΕΤΕΥΣΗ;;;;;
1477;X631599;ΜΕΤΕΓΧΕΙΡΗΤΙΚΗ ΠΥΩΔΗΣ ΣΥΛΛΟΓΗ ΜΑΛΑΚΩΝ ΜΟΡΙΩΝ - ΔΙΑΝΟΙΞΗ ΠΑΡΟΧΕΤΕΥΣΗ;;;;;
1478;X631609;ΔΗΓΜΑ, ΠΥΩΔΗΣ ΣΥΛΛΟΓΗ ΜΑΛΑΚΩΝ ΜΟΡΙΩΝ  - ΔΙΑΝΟΙΞΗ ΠΑΡΟΧΕΤΕΥΣΗ;;;;;
1479;X631619;ΠΥΟΓΕΝΗΣ ΣΗΠΤΙΚΗ ΑΡΘΡΙΤΙΔΑ ΑΓΚΩΝΑ-  ΑΡΘΡΟΤΟΜΗ , ΔΙΑΝΟΙΞΗ ΠΑΡΟΧΕΤΕΥΣΗ;;;;;
1480;X631759;ΠΥΟΓΕΝΗΣ ΘΥΛΑΚΙΤΙΔΑ ΩΛΕΚΡΑΝΟΥ-   ΔΙΑΝΟΙΞΗ ΠΑΡΟΧΕΤΕΥΣΗ;;;;;
1481;X631769;ΚΑΤΑΓΜΑ ΔΙΑΦΥΣΗΣ ΒΡΑΧΙΟΝΙΟΥ: ΚΛΕΙΣΤΗ ΑΝΑΤΑΞΗ;;;;;
1482;X631773;ΚΑΤΑΓΜΑ ΔΙΑΦΥΣΗΣ ΒΡΑΧΙΟΝΙΟΥ: ΚΛΕΙΣΤΗ ΑΝΑΤΑΞΗ ΚΑΙ ΕΞΩΤΕΡΙΚΗ ΟΣΤΕΟΣΥΝΘΕΣΗ;;;;;
1483;X631777;ΚΑΤΑΓΜΑ ΔΙΑΦΥΣΗΣ ΒΡΑΧΙΟΝΙΟΥ: ΚΛΕΙΣΤΗ ΑΝΑΤΑΞΗ ΚΑΙ ΤΟΠΟΘΕΤΗΣΗ ΕΝΔΟΜΥΕΛΙΚΟΥ ΗΛΟΥ;;;;;
1484;X631789;ΚΑΤΑΓΜΑ ΔΙΑΦΥΣΗΣ ΒΡΑΧΙΟΝΙΟΥ: ΑΝΟΙΚΤΗ ΑΝΑΤΑΞΗ ΚΑΙ ΟΣΤΕΟΣΥΝΘΕΣΗ (ΕΣΩΤΕΡΙΚΗ Ή ΕΞΩΤΕΡΙΚΗ);;;;;
1485;X631799;ΕΞΩΑΡΘΡΙΚΟ ΚΑΤΑΓΜΑ ΠΕΡΙΦΕΡΙΚΟΥ ΑΚΡΟΥ ΒΡΑΧΙΟΝΙΟΥ (ΥΠΕΡΚΟΝΔΥΛΙΟ ΚΑΤΑΓΜΑ Ή ΕΓΚΑΡΣΙΟ ΚΑΤΑΓΜΑ ΔΙΑ ΤΩΝ ΚΟΝΔΥΛΩΝ): ΚΛΕΙΣΤΗ ΑΝΑΤΑΞΗ (ΜΕ Ή ΧΩΡΙΣ ΣΚΕΛΕΤΙΚΗ ΕΛΞΗ);;;;;
1486;X631803;ΕΞΩΑΡΘΡΙΚΟ ΚΑΤΑΓΜΑ ΠΕΡΙΦΕΡΙΚΟΥ ΑΚΡΟΥ ΒΡΑΧΙΟΝΙΟΥ (ΥΠΕΡΚΟΝΔΥΛΙΟ ΚΑΤΑΓΜΑ Ή ΕΓΚΑΡΣΙΟ ΚΑΤΑΓΜΑ ΔΙΑ ΤΩΝ ΚΟΝΔΥΛΩΝ): ΚΛΕΙΣΤΗ ΑΝΑΤΑΞΗ ΚΑΙ ΔΙΑΔΕΡΜΙΚΗ ΟΣΤΕΟΣΥΝΘΕΣΗ;;;;;
1487;X631807;ΕΞΩΑΡΘΡΙΚΟ ΚΑΤΑΓΜΑ ΠΕΡΙΦΕΡΙΚΟΥ ΑΚΡΟΥ ΒΡΑΧΙΟΝΙΟΥ (ΥΠΕΡΚΟΝΔΥΛΙΟ ΚΑΤΑΓΜΑ Ή ΕΓΚΑΡΣΙΟ ΚΑΤΑΓΜΑ ΔΙΑ ΤΩΝ ΚΟΝΔΥΛΩΝ): ΑΝΟΙΚΤΗ ΑΝΑΤΑΞΗ ΚΑΙ ΟΣΤΕΟΣΥΝΘΕΣΗ (ΕΣΩΤΕΡΙΚΗ Ή ΕΞΩΤΕΡΙΚΗ);;;;;
1488;X631813;ΔΙΑΥΠΕΡΚΟΝΔΥΛΙΟ ΚΑΤΑΓΜΑ ΒΡΑΧΙΟΝΙΟΥ: ΚΛΕΙΣΤΗ ΑΝΑΤΑΞΗ (ΜΕ Ή ΧΩΡΙΣ ΣΚΕΛΕΤΙΚΗ ΕΛΞΗ);;;;;
1489;X631817;ΔΙΑΥΠΕΡΚΟΝΔΥΛΙΟ ΚΑΤΑΓΜΑ ΒΡΑΧΙΟΝΙΟΥ: ΚΛΕΙΣΤΗ ΑΝΑΤΑΞΗ ΚΑΙ ΔΙΑΔΕΡΜΙΚΗ ΟΣΤΕΟΣΥΝΘΕΣΗ;;;;;
1490;X631821;ΔΙΑΥΠΕΡΚΟΝΔΥΛΙΟ ΚΑΤΑΓΜΑ ΒΡΑΧΙΟΝΙΟΥ: ΑΝΟΙΚΤΗ ΑΝΑΤΑΞΗ ΚΑΙ ΟΣΤΕΟΣΥΝΘΕΣΗ (ΕΣΩΤΕΡΙΚΗ Ή ΕΞΩΤΕΡΙΚΗ), ΠΕΡΙΛΑΜΒΑΝΕΙ ΚΑΙ ΤΗ ΧΡΗΣΗ ΟΣΤΙΚΟΥ ΜΟΣΧΕΥΜΑΤΟΣ;;;;;
1491;X631957;ΜΗ ΚΑΤΑΓΕΓΡΑΜΜΕΝΗ ΔΙΑΔΙΚΑΣΙΑ, ΑΝΤΙΒΡΑΧΙΟΥ Ή ΚΑΡΠΟΥ;;;;;
1492;X631957.1;ΚΑΤΑΓΜΑ ΠΕΡΙΦΕΡΙΚΟΥ ΤΜΗΜΑΤΟΣ ΚΕΡΚΙΔΟΣ ΜΕ Ή ΧΩΡΙΣ ΚΑΤΑΓΜΑ ΣΤΥΛΟΕΙΔΟΥΣ ΑΠΟΦΥΣΗΣ ΩΛΕΝΗΣ: ΚΛΕΙΣΤΗ ΑΝΑΤΑΞΗ ΚΑΙ ΕΞΩΤΕΡΙΚΗ ΟΣΤΕΟΣΥΝΘΕΣΗ ΜΕ Ή ΧΩΡΙΣ ΔΙΑΔΕΡΜΙΚΗ ΟΣΤΕΟΣΥΝΘΕΣΗ;;;;;
1493;X631957.2;ΕΞΩ-ΑΡΘΡΙΚΟ ΚΑΤΑΓΜΑ ΠΕΡΙΦΕΡΙΚΟΥ ΤΜΗΜΑΤΟΣ ΚΕΡΚΙΔΟΣ ΜΕ Ή ΧΩΡΙΣ ΚΑΤΑΓΜΑ ΣΤΥΛΟΕΙΔΟΥΣ ΑΠΟΦΥΣΗΣ ΩΛΕΝΗΣ: ΑΝΟΙΚΤΗ ΑΝΑΤΑΞΗ ΜΕ Ή ΧΩΡΙΣ ΟΣΤΕΟΣΥΝΘΕΣΗ (ΕΣΩΤΕΡΙΚΗ Ή/ΚΑΙ ΕΞΩΤΕΡΙΚΗ), ΠΕΡΙΛΑΜΒΑΝΕΙ ΤΗ ΧΡΗΣΗ ΟΣΤΙΚΟΥ ΜΟΣΧΕΥΜΑΤΟΣ;;;;;
1494;X631957.3;ΕΝΔΑΡΘΡΙΚΟ ΚΑΤΑΓΜΑ ΠΕΡΙΦΕΡΙΚΟΥ ΤΜΗΜΑΤΟΣ ΚΕΡΚΙΔΟΣ ΜΕ Ή ΧΩΡΙΣ ΚΑΤΑΓΜΑ ΣΤΥΛΟΕΙΔΟΥΣ ΑΠΟΦΥΣΗΣ ΩΛΕΝΗΣ: ΑΝΟΙΚΤΗ ΑΝΑΤΑΞΗ ΚΑΙ ΟΣΤΕΟΣΥΝΘΕΣΗ (ΕΣΩΤΕΡΙΚΗ Ή/ΚΑΙ ΕΞΩΤΕΡΙΚΗ), ΠΕΡΙΛΑΜΒΑΝΕΙ ΤΗ ΧΡΗΣΗ ΟΣΤΙΚΟΥ ΜΟΣΧΕΥΜΑΤΟΣ;;;;;
1495;X631957.4;ΚΑΤΑΓΜΑ ΣΚΑΦΟΕΙΔΟΥΣ: ΚΛΕΙΣΤΗ ΑΝΑΤΑΞΗ;;;;;
1496;X631957.5;ΚΑΤΑΓΜΑ ΣΚΑΦΟΕΙΔΟΥΣ: ΑΝΟΙΚΤΗ ΑΝΑΤΑΞΗ ΜΕ Ή ΧΩΡΙΣ ΟΣΤΕΟΣΥΝΘΕΣΗ (ΕΣΩΤΕΡΙΚΗ Ή ΕΞΩΤΕΡΙΚΗ);;;;;
1497;X631957.6;ΚΑΤΑΓΜΑ ΜΕΜΟΝΩΜΕΝΟΥ ΟΣΤΟΥ ΤΟΥ ΚΑΡΠΟΥ ΕΚΤΟΣ ΤΟΥ ΣΚΑΦΟΕΙΔΟΥΣ: ΚΛΕΙΣΤΗ ΑΝΑΤΑΞΗ ;;;;;
1498;X631957.7;ΚΑΤΑΓΜΑ ΜΕΜΟΝΩΜΕΝΟΥ ΟΣΤΟΥ ΤΟΥ ΚΑΡΠΟΥ ΕΚΤΟΣ ΤΟΥ ΣΚΑΦΟΕΙΔΟΥΣ: ΚΛΕΙΣΤΗ ΑΝΑΤΑΞΗ ΚΑΙ ΔΙΑΔΕΜΙΚΗ ΟΣΤΕΟΣΥΝΘΕΣΗ;;;;;
1499;X631957.8;ΚΑΤΑΓΜΑ ΜΕΜΟΝΩΜΕΝΟΥ ΟΣΤΟΥ ΤΟΥ ΚΑΡΠΟΥ ΕΚΤΟΣ ΤΟΥ ΣΚΑΦΟΕΙΔΟΥΣ: ΑΝΟΙΚΤΗ ΑΝΑΤΑΞΗ ΚΑΙ ΕΣΩΤΕΡΙΚΗ ΟΣΤΕΟΣΥΝΘΕΣΗ;;;;;
1500;X631957.9;ΚΑΤΑΓΜΑ ΣΤΥΛΟΕΙΔΟΥΣ ΑΠΟΦΥΣΗΣ ΩΛΕΝΗΣ (ΜΕΜΟΝΩΜΕΝΟ): ΚΛΕΙΣΤΗ ΑΝΑΤΑΞΗ;;;;;
1501;X631957.10;ΚΑΤΑΓΜΑ ΣΤΥΛΟΕΙΔΟΥΣ ΑΠΟΦΥΣΗΣ ΩΛΕΝΗΣ (ΜΕΜΟΝΩΜΕΝΟ): ΚΛΕΙΣΤΗ ΑΝΑΤΑΞΗ ΚΑΙ ΔΙΑΔΕΡΜΙΚΗ ΟΣΤΕΟΣΥΝΘΕΣΗ;;;;;
1502;X631957.11;ΚΑΤΑΓΜΑ ΣΤΥΛΟΕΙΔΟΥΣ ΑΠΟΦΥΣΗΣ ΩΛΕΝΗΣ (ΜΕΜΟΝΩΜΕΝΟ): ΑΝΟΙΚΤΗ ΑΝΑΤΑΞΗ ΚΑΙ ΕΣΩΤΕΡΙΚΗ Ή ΔΙΑΔΕΡΜΙΚΗ ΟΣΤΕΟΣΥΝΘΕΣΗ;;;;;
1503;X631957.12;ΕΞΑΡΘΡΗΜΑ ΚΕΡΚΙΔΟΚΑΡΠΙΚΗΣ ΑΡΘΡΩΣΗΣ Ή ΜΕΣΟΚΑΡΠΙΑΣ ΔΙΑΡΘΡΩΣΗΣ: ΚΛΕΙΣΤΗ ΑΝΑΤΑΞΗ;;;;;
1504;X631957.13;ΕΞΑΡΘΡΗΜΑ ΚΕΡΚΙΔΟΚΑΡΠΙΚΗΣ ΑΡΘΡΩΣΗΣ Ή ΜΕΣΟΚΑΡΠΙΑΣ ΔΙΑΡΘΡΩΣΗΣ: ΚΛΕΙΣΤΗ ΑΝΑΤΑΞΗ ΚΑΙ ΟΣΤΕΟΣΥΝΘΕΣΗ;;;;;
1505;X631957.14;ΕΞΑΡΘΡΗΜΑ ΚΕΡΚΙΔΟΚΑΡΠΙΚΗΣ ΑΡΘΡΩΣΗΣ Ή ΜΕΣΟΚΑΡΠΙΑΣ ΔΙΑΡΘΡΩΣΗΣ: ΑΝΟΙΚΤΗ ΑΝΑΤΑΞΗ ΚΑΙ ΟΣΤΕΟΣΥΝΘΕΣΗ, ΠΕΡΙΛΑΜΒΑΝΕΙ ΣΥΡΡΑΦΗ ΣΥΝΔΕΣΜΩΝ;;;;;
1506;X631957.15;ΑΞΟΝΙΚΟ ΕΞΑΡΘΡΗΜΑ ΚΑΡΠΟΥ ΜΕ Ή ΧΩΡΙΣ ΚΑΤΑΓΜΑ: ΚΛΕΙΣΤΗ ΑΝΑΤΑΞΗ;;;;;
1507;X631957.16;ΑΞΟΝΙΚΟ ΕΞΑΡΘΡΗΜΑ ΚΑΡΠΟΥ ΜΕ Ή ΧΩΡΙΣ ΚΑΤΑΓΜΑ: ΚΛΕΙΣΤΗ ΑΝΑΤΑΞΗ ΚΑΙ ΟΣΤΕΟΣΥΝΘΕΣΗ (ΔΙΑΔΕΡΜΙΚΗ Ή/ΚΙΑ ΕΞΩΤΕΡΙΚΗ);;;;;
1508;X631957.17;ΑΞΟΝΙΚΟ ΕΞΑΡΘΡΗΜΑ ΚΑΡΠΟΥ ΜΕ Ή ΧΩΡΙΣ ΚΑΤΑΓΜΑ: ΑΝΟΙΚΤΗ ΑΝΑΤΑΞΗ ΚΑΙ ΟΣΤΕΟΣΥΝΘΕΣΗ (ΕΣΩΤΕΡΙΚΗ Ή/ΚΑΙ ΕΞΩΤΕΡΙΚΗ);;;;;
1509;X631957.18;ΕΞΑΡΘΡΗΜΑ ΑΠΩ ΚΕΡΚΙΔΟΩΛΕΝΙΚΗΣ ΔΙΑΡΘΡΩΣΗΣ: ΚΛΕΙΣΤΗ ΑΝΑΤΑΞΗ;;;;;
1510;X631957.19;ΕΞΑΡΘΡΗΜΑ ΑΠΩ ΚΕΡΚΙΔΟΩΛΕΝΙΚΗΣ ΔΙΑΡΘΡΩΣΗΣ: ΚΛΕΙΣΤΗ ΑΝΑΤΑΞΗ ΚΑΙ ΔΙΑΔΕΡΜΙΚΗ ΣΤΑΘΕΡΟΠΟΙΗΣΗ;;;;;
1511;X631957.20;ΕΞΑΡΘΡΗΜΑ ΑΠΩ ΚΕΡΚΙΔΟΩΛΕΝΙΚΗΣ ΔΙΑΡΘΡΩΣΗΣ: ΑΝΟΙΚΤΗ ΑΝΑΤΑΞΗ ΚΑΙ ΟΣΤΕΟΣΥΝΘΕΣΗ;;;;;
1512;X631957.21;ΠΑΛΑΜΙΑΙΟ ΕΞΑΡΘΡΗΜΑ ΜΗΝΟΕΙΔΟΥΣ: ΚΛΕΙΣΤΗ ΑΝΑΤΑΞΗ;;;;;
1513;X631957.22;ΠΑΛΑΜΙΑΙΟ ΕΞΑΡΘΡΗΜΑ ΜΗΝΟΕΙΔΟΥΣ: ΚΛΕΙΣΤΗ ΑΝΑΤΑΞΗ ΚΑΙ ΟΣΤΕΟΣΥΝΘΕΣΗ (ΔΙΑΔΕΡΜΙΚΗ Ή/ΚΑΙ ΕΞΩΤΕΡΙΚΗ);;;;;
1514;X631957.23;ΠΑΛΑΜΙΑΙΟ ΕΞΑΡΘΡΗΜΑ ΜΗΝΟΕΙΔΟΥΣ: ΑΝΟΙΚΤΗ ΑΝΑΤΑΞΗ ΚΑΙ ΟΣΤΕΟΣΥΝΘΕΣΗ (ΕΣΩΤΕΡΙΚΗ Ή/ΚΑΙ ΕΞΩΤΕΡΙΚΗ);;;;;
1515;X631957.24;ΠΕΡΙΜΗΝΟΕΙΔΕΣ ΕΞΑΡΘΡΗΜΑ: ΚΛΕΙΣΤΗ ΑΝΑΤΑΞΗ;;;;;
1516;X631957.25;ΠΕΡΙΜΗΝΟΕΙΔΕΣ ΕΞΑΡΘΡΗΜΑ: ΚΛΕΙΣΤΗ ΑΝΑΤΑΞΗ ΚΑΙ ΟΣΤΕΟΣΥΝΘΕΣΗ (ΔΙΑΔΕΡΜΙΚΗ Ή/ΚΑΙ ΕΞΩΤΕΡΙΚΗ);;;;;
1517;X631957.26;ΠΕΡΙΜΗΝΟΕΙΔΕΣ ΕΞΑΡΘΡΗΜΑ: ΚΛΕΙΣΤΗ ΑΝΑΤΑΞΗ ΚΑΙ ΟΣΤΕΟΣΥΝΘΕΣΗ (ΕΣΩΤΕΡΙΚΗ Ή/ΚΑΙ ΕΞΩΤΕΡΙΚΗ);;;;;
1518;X631957.27;ΠΕΡΙΜΗΝΟΕΙΔΕΣ ΕΞΑΡΘΡΗΜΑ ΜΕ ΚΑΤΑΓΜΑ ΣΚΑΦΟΕΙΔΟΥΣ Ή/ΚΑΙ ΑΛΛΩΝ ΟΣΤΑΡΙΩΝ ΤΟΥ ΚΑΡΠΟΥ: ΚΛΕΙΣΤΗ ΑΝΑΤΑΞΗ;;;;;
1519;X631957.28;ΠΕΡΙΜΗΝΟΕΙΔΕΣ ΕΞΑΡΘΡΗΜΑ ΜΕ ΚΑΤΑΓΜΑ ΣΚΑΦΟΕΙΔΟΥΣ Ή/ΚΑΙ ΑΛΛΩΝ ΟΣΤΑΡΙΩΝ ΤΟΥ ΚΑΡΠΟΥ: ΚΛΕΙΣΤΗ ΑΝΑΤΑΞΗ ΚΑΙ ΟΣΤΕΟΣΥΝΘΕΣΗ (ΔΙΑΔΕΡΜΙΚΗ Ή/ΚΑΙ ΕΞΩΤΕΡΙΚΗ);;;;;
1520;X631957.29;ΠΕΡΙΜΗΝΟΕΙΔΕΣ ΕΞΑΡΘΡΗΜΑ ΜΕ ΚΑΤΑΓΜΑ ΣΚΑΦΟΕΙΔΟΥΣ Ή/ΚΑΙ ΑΛΛΩΝ ΟΣΤΑΡΙΩΝ ΤΟΥ ΚΑΡΠΟΥ: ΑΝΟΙΚΤΗ ΑΝΑΤΑΞΗ ΚΑΙ ΟΣΤΕΟΣΥΝΘΕΣΗ (ΕΣΩΤΕΡΙΚΗ Ή/ΚΑΙ ΕΞΩΤΕΡΙΚΗ);;;;;
1521;X631957.30;ΠΛΗΜΜΕΛΗΣ ΠΩΡΩΣΗ ΚΑΤΑΓΜΑΤΟΣ ΔΙΑΦΥΣΗΣ ΚΕΡΚΙΔΑΣ Ή ΩΛΕΝΗΣ: ΑΝΟΙΚΤΗ ΑΝΑΤΑΞΗ ΚΑΙ ΟΣΤΕΟΣΥΝΘΕΣΗ, ΜΕ Ή ΧΩΡΙΣ ΤΟΠΟΘΕΤΗΣΗ ΟΣΤΙΚΟΥ ΜΟΣΧΕΥΜΑΤΟΣ (ΑΥΤΟΛΟΓΟΥ Ή ΑΛΛΟΜΟΣΧΕΥΜΑΤΟΣ);;;;;
1522;X631957.31;ΠΛΗΜΜΕΛΗΣ ΠΩΡΩΣΗ ΚΑΤΑΓΜΑΤΟΣ ΔΙΑΦΥΣΗΣ ΚΕΡΚΙΔΑΣ ΚΑΙ ΩΛΕΝΗΣ: ΑΝΟΙΚΤΗ ΑΝΑΤΑΞΗ ΚΑΙ ΟΣΤΕΟΣΥΝΘΕΣΗ, ΜΕ Ή ΧΩΡΙΣ ΤΟΠΟΘΕΤΗΣΗ ΟΣΤΙΚΟΥ ΜΟΣΧΕΥΜΑΤΟΣ (ΑΥΤΟΛΟΓΟΥ Ή ΑΛΛΟΜΟΣΧΕΥΜΑΤΟΣ);;;;;
1523;X631957.32;ΠΛΗΜΜΕΛΗΣ ΠΩΡΩΣΗ ΚΑΤΑΓΜΑΤΟΣ ΠΕΡΙΦΕΡΙΚΟΥ ΑΚΡΟΥ ΩΛΕΝΗΣ: ΑΝΟΙΚΤΗ ΑΝΑΤΑΞΗ ΚΑΙ ΟΣΤΕΟΣΥΝΘΕΣΗ, ΜΕ Ή ΧΩΡΙΣ ΤΟΠΟΘΕΤΗΣΗ ΟΣΤΙΚΟΥ ΜΟΣΧΕΥΜΑΤΟΣ (ΑΥΤΟΛΟΓΟΥ Ή ΑΛΛΟΜΟΣΧΕΥΜΑΤΟΣ);;;;;
1524;X631957.33;ΠΛΗΜΜΕΛΗΣ ΠΩΡΩΣΗ ΚΑΤΑΓΜΑΤΟΣ ΠΕΡΙΦΕΡΙΚΟΥ ΑΚΡΟΥ ΩΛΕΝΗΣ: ΑΡΘΡΟΠΛΑΣΤΙΚΗ ΠΕΡΙΦΕΡΙΚΟΥ ΑΚΡΟΥ ΩΛΕΝΗΣ;;;;;
1525;X631957.34;ΠΛΗΜΜΕΛΗΣ ΠΩΡΩΣΗ ΚΑΤΑΓΜΑΤΟΣ ΠΕΡΙΦΕΡΙΚΟΥ ΑΚΡΟΥ ΚΕΡΚΙΔΑΣ: ΑΝΟΙΚΤΗ ΑΝΑΤΑΞΗ ΚΑΙ ΟΣΤΕΟΣΥΝΘΕΣΗ, ΜΕ Ή ΧΩΡΙΣ ΤΟΠΟΘΕΤΗΣΗ ΟΣΤΙΚΟΥ ΜΟΣΧΕΥΜΑΤΟΣ (ΑΥΤΟΛΟΓΟΥ Ή ΑΛΛΟΜΟΣΧΕΥΜΑΤΟΣ);;;;;
1526;X631957.35;ΠΛΗΜΜΕΛΗΣ ΠΩΡΩΣΗ ΚΑΤΑΓΜΑΤΟΣ ΠΕΡΙΦΕΡΙΚΟΥ ΑΚΡΟΥ ΚΕΡΚΙΔΑΣ: ΑΡΘΡΟΔΕΣΗ ΠΗΧΕΟΚΑΡΠΙΚΗΣ, ΜΕ Ή ΧΩΡΙΣ ΤΟΠΟΘΕΤΗΣΗ ΟΣΤΙΚΟΥ ΜΟΣΧΕΥΜΑΤΟΣ (ΑΥΤΟΛΟΓΟΥ Ή ΑΛΛΟΜΟΣΧΕΥΜΑΤΟΣ);;;;;
1527;X631957.36;ΠΛΗΜΜΕΛΗΣ ΠΩΡΩΣΗ ΚΑΤΑΓΜΑΤΟΣ ΣΚΑΦΟΕΙΔΟΥΣ: ΑΝΟΙΚΤΗ ΑΝΑΤΑΞΗ ΚΑΙ ΟΣΤΕΟΣΥΝΘΕΣΗ, ΜΕ Ή ΧΩΡΙΣ ΤΟΠΟΘΕΤΗΣΗ ΟΣΤΙΚΟΥ ΜΟΣΧΕΥΜΑΤΟΣ (ΑΥΤΟΛΟΓΟΥ Ή ΑΛΛΟΜΟΣΧΕΥΜΑΤΟΣ);;;;;
1528;X631957.37;ΠΛΗΜΜΕΛΗΣ ΠΩΡΩΣΗ ΚΑΤΑΓΜΑΤΟΣ Ή ΚΑΤΑΓΜΑΤΩΝ ΟΣΤΑΡΙΩΝ ΤΟΥ ΚΑΡΠΟΥ: ΜΕΡΙΚΗ ΑΡΘΡΟΔΕΣΗ ΟΣΤΑΡΙΩΝ ΤΟΥ ΚΑΡΠΟΥ, ΜΕ Ή ΧΩΡΙΣ ΤΟΠΟΘΕΤΗΣΗ ΟΣΤΙΚΟΥ ΜΟΣΧΕΥΜΑΤΟΣ (ΑΥΤΟΛΟΓΟΥ Ή ΑΛΛΟΜΟΣΧΕΥΜΑΤΟΣ);;;;;
1529;X631957.38;ΠΛΗΜΜΕΛΗΣ ΠΩΡΩΣΗ ΚΑΤΑΓΜΑΤΟΣ Ή ΚΑΤΑΓΜΑΤΩΝ ΟΣΤΑΡΙΩΝ ΤΟΥ ΚΑΡΠΟΥ: ΑΦΑΙΡΕΣΗ ΤΟΥ ΚΕΝΤΡΙΚΟΥ ΣΤΙΧΟΥ ΤΟΥ ΚΑΡΠΟΥ;;;;;
1530;X631957.39;ΠΛΗΜΜΕΛΗΣ ΠΩΡΩΣΗ ΚΑΤΑΓΜΑΤΟΣ Ή ΚΑΤΑΓΜΑΤΩΝ ΟΣΤΑΡΙΩΝ ΤΟΥ ΚΑΡΠΟΥ: ΑΡΘΡΟΠΛΑΣΤΙΚΗ ΜΕΜΟΝΩΜΕΝΟΥ ΟΣΤΑΡΙΟΥ ΤΟΥ ΚΑΡΠΟΥ;;;;;
1531;X631957.40;ΠΛΗΜΜΕΛΗΣ ΠΩΡΩΣΗ ΚΑΤΑΓΜΑΤΟΣ Ή ΚΑΤΑΓΜΑΤΩΝ ΟΣΤΑΡΙΩΝ ΤΟΥ ΚΑΡΠΟΥ: ΑΡΘΡΟΔΕΣΗ ΠΗΧΕΟΚΑΡΠΙΚΗΣ, ΜΕ Ή ΧΩΡΙΣ ΤΟΠΟΘΕΤΗΣΗ ΟΣΤΙΚΟΥ ΜΟΣΧΕΥΜΑΤΟΣ (ΑΥΤΟΛΟΓΟΥ Ή ΑΛΛΟΜΟΣΧΕΥΜΑΤΟΣ);;;;;
1532;X631957.41;ΨΕΥΔΑΡΘΡΩΣΗ ΚΑΤΑΓΜΑΤΟΣ ΔΙΑΦΥΣΗΣ ΚΕΡΚΙΔΑΣ Ή ΩΛΕΝΗΣ: ΑΝΟΙΚΤΗ ΑΝΑΤΑΞΗ ΚΑΙ ΟΣΤΕΟΣΥΝΘΕΣΗ, ΜΕ Ή ΧΩΡΙΣ ΤΟΠΟΘΕΤΗΣΗ ΟΣΤΙΚΟΥ ΜΟΣΧΕΥΜΑΤΟΣ (ΑΥΤΟΛΟΓΟΥ Ή ΑΛΛΟΜΟΣΧΕΥΜΑΤΟΣ), ΠΕΡΙΛΑΜΒΑΝΕΙ ΚΑΙ ΤΗ ΛΗΨΗ ΤΟΥ ΟΣΤΙΚΟΥ ΜΟΣΧΕΥΜΑΤΟΣ ;;;;;
1533;X631957.42;ΨΕΥΔΑΡΘΡΩΣΗ ΚΑΤΑΓΜΑΤΟΣ ΔΙΑΦΥΣΗΣ ΚΕΡΚΙΔΑΣ ΚΑΙ ΩΛΕΝΗΣ: ΑΝΟΙΚΤΗ ΑΝΑΤΑΞΗ ΚΑΙ ΟΣΤΕΟΣΥΝΘΕΣΗ, ΜΕ Ή ΧΩΡΙΣ ΤΟΠΟΘΕΤΗΣΗ ΟΣΤΙΚΟΥ ΜΟΣΧΕΥΜΑΤΟΣ (ΑΥΤΟΛΟΓΟΥ Ή ΑΛΛΟΜΟΣΧΕΥΜΑΤΟΣ), ΠΕΡΙΛΑΜΒΑΝΕΙ ΚΑΙ ΤΗ ΛΗΨΗ ΤΟΥ ΟΣΤΙΚΟΥ ΜΟΣΧΕΥΜΑΤΟΣ ;;;;;
1534;X631957.43;ΨΕΥΔΑΡΘΡΩΣΗ ΚΑΤΑΓΜΑΤΟΣ ΠΕΡΙΦΕΡΙΚΟΥ ΑΚΡΟΥ ΩΛΕΝΗΣ: ΑΝΟΙΚΤΗ ΑΝΑΤΑΞΗ ΚΑΙ ΟΣΤΕΟΣΥΝΘΕΣΗ, ΜΕ Ή ΧΩΡΙΣ ΤΟΠΟΘΕΤΗΣΗ ΟΣΤΙΚΟΥ ΜΟΣΧΕΥΜΑΤΟΣ (ΑΥΤΟΛΟΓΟΥ Ή ΑΛΛΟΜΟΣΧΕΥΜΑΤΟΣ), ΠΕΡΙΛΑΜΒΑΝΕΙ ΚΑΙ ΤΗ ΛΗΨΗ ΤΟΥ ΟΣΤΙΚΟΥ ΜΟΣΧΕΥΜΑΤΟΣ ;;;;;
1535;X631957.44;ΨΕΥΔΑΡΘΡΩΣΗ ΚΑΤΑΓΜΑΤΟΣ ΠΕΡΙΦΕΡΙΚΟΥ ΑΚΡΟΥ ΩΛΕΝΗΣ: ΑΡΘΡΟΠΛΑΣΤΙΚΗ ΠΕΡΙΦΕΡΙΚΟΥ ΑΚΡΟΥ ΩΛΕΝΗΣ;;;;;
1536;X631957.45;ΨΕΥΔΑΡΘΡΩΣΗ ΚΑΤΑΓΜΑΤΟΣ ΠΕΡΙΦΕΡΙΚΟΥ ΑΚΡΟΥ ΚΕΡΚΙΔΑΣ: ΑΝΟΙΚΤΗ ΑΝΑΤΑΞΗ ΚΑΙ ΟΣΤΕΟΣΥΝΘΕΣΗ, ΜΕ Ή ΧΩΡΙΣ ΤΟΠΟΘΕΤΗΣΗ ΟΣΤΙΚΟΥ ΜΟΣΧΕΥΜΑΤΟΣ (ΑΥΤΟΛΟΓΟΥ Ή ΑΛΛΟΜΟΣΧΕΥΜΑΤΟΣ), ΠΕΡΙΛΑΜΒΑΝΕΙ ΚΑΙ ΤΗ ΛΗΨΗ ΤΟΥ ΟΣΤΙΚΟΥ ΜΟΣΧΕΥΜΑΤΟΣ ;;;;;
1537;X631957.46;ΨΕΥΔΑΡΘΡΩΣΗ ΠΩΡΩΣΗ ΚΑΤΑΓΜΑΤΟΣ ΠΕΡΙΦΕΡΙΚΟΥ ΑΚΡΟΥ ΚΕΡΚΙΔΑΣ: ΑΡΘΡΟΔΕΣΗ ΠΗΧΕΟΚΑΡΠΙΚΗΣ, ΜΕ Ή ΧΩΡΙΣ ΤΟΠΟΘΕΤΗΣΗ ΟΣΤΙΚΟΥ ΜΟΣΧΕΥΜΑΤΟΣ (ΑΥΤΟΛΟΓΟΥ Ή ΑΛΛΟΜΟΣΧΕΥΜΑΤΟΣ);;;;;
1538;X631957.47;ΨΕΥΔΑΡΘΡΩΣΗ ΚΑΤΑΓΜΑΤΟΣ ΣΚΑΦΟΕΙΔΟΥΣ: ΑΝΟΙΚΤΗ ΑΝΑΤΑΞΗ ΚΑΙ ΟΣΤΕΟΣΥΝΘΕΣΗ, ΜΕ Ή ΧΩΡΙΣ ΤΟΠΟΘΕΤΗΣΗ ΟΣΤΙΚΟΥ ΜΟΣΧΕΥΜΑΤΟΣ (ΑΥΤΟΛΟΓΟΥ Ή ΑΛΛΟΜΟΣΧΕΥΜΑΤΟΣ);;;;;
1539;X631957.48;ΨΕΥΔΑΡΘΡΩΣΗ ΚΑΤΑΓΜΑΤΟΣ ΣΚΑΦΟΕΙΔΟΥΣ: ΑΝΟΙΚΤΗ ΑΝΑΤΑΞΗ ΚΑΙ ΟΣΤΕΟΣΥΝΘΕΣΗ, ΜΕ ΤΟΠΟΘΕΤΗΣΗ ΜΙΣΧΩΤΟΥ ΑΓΓΕΙΟΥΜΕΝΟΥ ΟΣΤΙΚΟΥ ΜΟΣΧΕΥΜΑΤΟΣ, ΠΕΡΙΛΑΜΒΑΝΕΙ ΚΑΙ ΤΗ ΛΗΨΗ ΤΟΥ ΟΣΤΙΚΟΥ ΜΟΣΧΕΥΜΑΤΟΣ;;;;;
1540;X631957.49;ΨΕΥΔΑΡΘΡΩΣΗ ΚΑΤΑΓΜΑΤΟΣ ΣΚΑΦΟΕΙΔΟΥΣ: ΑΝΟΙΚΤΗ ΑΝΑΤΑΞΗ ΚΑΙ ΟΣΤΕΟΣΥΝΘΕΣΗ, ΜΕ ΤΟΠΟΘΕΤΗΣΗ ΕΛΕΥΘΕΡΟΥ ΑΓΓΕΙΟΥΜΕΝΟΥ ΟΣΤΙΚΟΥ ΜΟΣΧΕΥΜΑΤΟΣ;;;;;
1541;X631957.50;ΨΕΥΔΑΡΘΡΩΣΗ ΚΑΤΑΓΜΑΤΟΣ ΣΚΑΦΟΕΙΔΟΥΣ: ΑΝΟΙΚΤΗ ΕΚΤΟΜΗ ΣΤΥΛΟΕΙΔΟΥΣ ΑΠΟΦΥΣΗΣ ΚΕΡΚΙΔΑΣ ΚΑΙ ΠΕΡΙΦΕΡΙΚΟΥ ΤΜΗΜΑΤΟΣ ΣΚΑΦΟΕΙΔΟΥΣ;;;;;
1542;X631957.51;ΨΕΥΔΑΡΘΡΩΣΗ ΚΑΤΑΓΜΑΤΟΣ Ή ΚΑΤΑΓΜΑΤΩΝ ΟΣΤΑΡΙΩΝ ΤΟΥ ΚΑΡΠΟΥ: ΜΕΡΙΚΗ ΑΡΘΡΟΔΕΣΗ ΟΣΤΑΡΙΩΝ ΤΟΥ ΚΑΡΠΟΥ, ΜΕ Ή ΧΩΡΙΣ ΤΟΠΟΘΕΤΗΣΗ ΟΣΤΙΚΟΥ ΜΟΣΧΕΥΜΑΤΟΣ (ΑΥΤΟΛΟΓΟΥ Ή ΑΛΛΟΜΟΣΧΕΥΜΑΤΟΣ);;;;;
1543;X631957.52;ΨΕΥΔΑΡΘΡΩΣΗ ΠΩΡΩΣΗ ΚΑΤΑΓΜΑΤΟΣ Ή ΚΑΤΑΓΜΑΤΩΝ ΟΣΤΑΡΙΩΝ ΤΟΥ ΚΑΡΠΟΥ: ΑΦΑΙΡΕΣΗ ΤΟΥ ΚΕΝΤΡΙΚΟΥ ΣΤΙΧΟΥ ΤΟΥ ΚΑΡΠΟΥ;;;;;
1544;X631957.53;ΨΕΥΔΑΡΘΡΩΣΗ ΠΩΡΩΣΗ ΚΑΤΑΓΜΑΤΟΣ Ή ΚΑΤΑΓΜΑΤΩΝ ΟΣΤΑΡΙΩΝ ΤΟΥ ΚΑΡΠΟΥ: ΑΡΘΡΟΠΛΑΣΤΙΚΗ ΜΕΜΟΝΩΜΕΝΟΥ ΟΣΤΑΡΙΟΥ ΤΟΥ ΚΑΡΠΟΥ;;;;;
1545;X631957.54;ΨΕΥΔΑΡΘΡΩΣΗ ΠΩΡΩΣΗ ΚΑΤΑΓΜΑΤΟΣ Ή ΚΑΤΑΓΜΑΤΩΝ ΟΣΤΑΡΙΩΝ ΤΟΥ ΚΑΡΠΟΥ: ΑΡΘΡΟΔΕΣΗ ΠΗΧΕΟΚΑΡΠΙΚΗΣ, ΜΕ Ή ΧΩΡΙΣ ΤΟΠΟΘΕΤΗΣΗ ΟΣΤΙΚΟΥ ΜΟΣΧΕΥΜΑΤΟΣ (ΑΥΤΟΛΟΓΟΥ Ή ΑΛΛΟΜΟΣΧΕΥΜΑΤΟΣ);;;;;
1546;X631957.55;ΑΦΑΙΡΕΣΗ ΕΞΩΤΕΡΙΚΗΣ ΟΣΤΕΟΣΥΝΘΕΣΗΣ ΑΝΤΙΒΡΑΧΙΟΥ Ή ΠΗΧΕΟΚΑΡΠΙΚΗΣ;;;;;
1547;X631957.56;ΑΝΑΘΕΩΡΗΣΗ Ή ΔΙΟΡΘΩΣΗ ΕΞΩΤΕΡΙΚΗΣ ΟΣΤΕΟΣΥΝΘΕΣΗΣ ΑΝΤΙΒΡΑΧΙΟΥ Ή ΠΗΧΕΟΚΑΡΠΙΚΗΣ;;;;;
1548;X631957.57;ΑΦΑΙΡΕΣΗ ΥΛΙΚΩΝ ΟΣΤΕΟΣΥΝΘΕΣΗΣ ΔΙΑΦΥΣΗΣ ΚΕΡΚΙΔΟΣ;;;;;
1549;X631957.58;ΑΦΑΙΡΕΣΗ ΥΛΙΚΩΝ ΟΣΤΕΟΣΥΝΘΕΣΗΣ ΔΙΑΦΥΣΗΣ ΩΛΕΝΗΣ;;;;;
1550;X631957.59;ΑΦΑΙΡΕΣΗ ΥΛΙΚΩΝ ΟΣΤΕΟΣΥΝΘΕΣΗΣ ΔΙΑΦΥΣΗΣ ΚΕΡΚΙΔΟΣ ΚΑΙ ΩΛΕΝΗΣ;;;;;
1551;X631957.60;ΑΦΑΙΡΕΣΗ ΥΛΙΚΩΝ ΟΣΤΕΟΣΥΝΘΕΣΗΣ ΠΕΡΙΦΕΡΙΚΟΥ ΑΚΡΟΥ ΚΕΡΚΙΔΟΣ;;;;;
1552;X631957.61;ΑΦΑΙΡΕΣΗ ΥΛΙΚΩΝ ΟΣΤΕΟΣΥΝΘΕΣΗΣ ΠΕΡΙΦΕΡΙΚΟΥ ΑΚΡΟΥ ΩΛΕΝΗΣ;;;;;
1553;X631957.62;ΑΦΑΙΡΕΣΗ ΥΛΙΚΩΝ ΟΣΤΕΟΣΥΝΘΕΣΗΣ ΟΣΤΩΝ ΚΑΡΠΟΥ;;;;;
1554;X631957.63;ΑΚΡΩΤΗΡΙΑΣΜΟΣ, ΑΝΤΙΒΡΑΧΙΟΥ, ΔΙΑ ΚΕΡΚΙΔΑΣ ΚΑΙ ΩΛΕΝΗΣ , ΠΡΩΤΟΠΑΘΗΣ ΣΥΓΚΛΕΙΣΗ ΚΟΛΟΒΩΜΑΤΟΣ;;;;;
1555;X631957.64;ΑΚΡΩΤΗΡΙΑΣΜΟΣ, ΑΝΤΙΒΡΑΧΙΟΥ, ΔΙΑ ΚΕΡΚΙΔΑΣ ΚΑΙ ΩΛΕΝΗΣ. ΔΕΥΤΕΡΟΠΑΘΗΣ ΣΥΓΚΛΕΙΣΗ ΚΟΛΟΒΩΜΑΤΟΣ Η ΔΙΟΡΘΩΣΗ ΚΟΛΟΒΩΜΑΤΟΣ;;;;;
1556;X631957.65;ΑΚΡΩΤΗΡΙΑΣΜΟΣ, ΑΝΤΙΒΡΑΧΙΟΥ, ΔΙΑ ΚΕΡΚΙΔΑΣ ΚΑΙ ΩΛΕΝΗΣ. ΕΠΑΝΑΚΡΩΤΗΡΙΑΣΜΟΣ;;;;;
1557;X631957.66;ΔΙΑΔΙΚΑΣΙΑ KRUKENBERG;;;;;
1558;X631957.67;ΑΠΕΞΑΡΘΡΩΣΗ ΤΟΥ ΚΑΡΠΟΥ. ΠΡΩΤΟΠΑΘΗΣ ΣΥΓΚΛΕΙΣΗ ΚΟΛΟΒΩΜΑΤΟΣ;;;;;
1559;X631957.68;ΑΠΕΞΑΡΘΡΩΣΗ ΤΟΥ ΚΑΡΠΟΥ. ΔΕΥΤΕΡΟΠΑΘΗΣ ΣΥΓΚΛΕΙΣΗ ΚΟΛΟΒΩΜΑΤΟΣ Η ΔΙΟΡΘΩΣΗ ΚΟΛΟΒΩΜΑΤΟΣ;;;;;
1560;X631957.69;ΑΠΕΞΑΡΘΡΩΣΗ ΤΟΥ ΚΑΡΠΟΥ. ΕΠΑΝΑΚΡΩΤΗΡΙΑΣΜΟΣ;;;;;
1561;X631957.70;ΘΛΑΣΙΚΟ ΤΡΑΥΜΑ ΑΝΤΙΒΡΑΧΙΟΥ: ΔΙΕΡΕΥΝΗΣΗ, ΠΕΡΙΛΑΜΒΑΝΕΙ ΤΗΝ ΑΦΑΙΡΕΣΗ ΞΕΝΩΝ ΣΩΜΑΤΩΝ;;;;;
1562;X631957.71;ΘΛΑΣΤΙΚΟ ΤΡΑΥΜΑ ΠΗΧΕΟΚΑΡΠΙΚΗΣ: ΔΙΕΡΕΥΝΗΣΗ, ΠΕΡΙΛΑΜΒΑΝΕΙ ΤΗΝ ΑΦΑΙΡΕΣΗ ΞΕΝΩΝ ΣΩΜΑΤΩΝ;;;;;
1563;X631957.72;ΤΡΑΥΜΑΤΙΚΟΣ ΠΛΗΡΗΣ ΑΚΡΩΤΗΡΙΑΣΜΟΣ, ΑΝΩ ΚΑΙ ΜΕΣΟ ΤΡΙΤΗΜΟΡΙΟ ΑΝΤΙΒΡΑΧΙΟΥ . ΕΠΑΝΑΣΥΓΚΟΛΛΗΣΗ ΜΕ ΜΕΘΟΔΟΥΣ ΜΙΚΡΟΧΕΙΡΟΥΡΓΙΚΗΣ. ΣΥΡΡΑΦΗ ΑΓΓΕΙΩΝ ΑΜΕΣΗ Η ΜΕ ΠΑΡΕΜΒΟΛΗ ΦΛΕΒΙΚΟΥ ΜΟΣΧΕΥΜΑΤΟΣ. ΕΣΩΤΕΡΙΚΗ Η ΕΞΩΤΕΡΙΚΗ ΟΣΤΕΟΣΥΝΘΕΣΗ ΚΕΡΚΙΔΟΣ ΚΑΙ ΩΛΕΝΗΣ . ΣΥΡΡΑΦΗ-ΑΠΟΚΑΤΑΣΤΑΣΗ ΜΥΙΚΩΝ ΜΑΖΩΝ. ΠΡΩΤΟΠΑΘΗΣ ΣΥΡΡΑΦΗ -  ΑΠΟΚΑΤΑΣΤΑΣΗ ΤΩΝ ΝΕΥΡΩΝ (ΜΕΣΟ - ΩΛΕΝΙΟ - ΕΝ ΤΩ ΒΑΘΕΙ ΚΑΙ ΕΠΙΠΟΛΗΣ ΚΛΑΔΟΣ ΤΟΥ ΚΕΡΚΙΔΙΚΟΥ).;;;;;
1564;X631957.73;ΤΡΑΥΜΑΤΙΚΟΣ ΠΛΗΡΗΣ ΑΚΡΩΤΗΡΙΑΣΜΟΣ, ΑΝΩ ΚΑΙ ΜΕΣΟ ΑΝΤΙΒΡΑΧΙΟΥ . ΕΠΑΝΑΣΥΓΚΟΛΛΗΣΗ ΜΕ ΜΕΘΟΔΟΥΣ ΜΙΚΡΟΧΕΙΡΟΥΡΓΙΚΗΣ. ΔΕΥΤΕΡΟΠΑΘΗΣ ΣΥΡΡΑΦΗ -  ΑΠΟΚΑΤΑΣΤΑΣΗ ΤΩΝ ΝΕΥΡΩΝ ΜΕ ΠΑΡΕΜΒΟΛΗ ΝΕΥΡΙΚΩΝ ΜΟΣΧΕΥΜΑΤΩΝ Η ΝΕΥΡΟΑΓΩΓΩΝ.;;;;;
1565;X631957.74;ΤΡΑΥΜΑΤΙΚΟΣ ΠΛΗΡΗΣ ΑΚΡΩΤΗΡΙΑΣΜΟΣ, ΚΑΤΩ ΤΡΙΤΗΜΟΡΙΟ ΑΝΤΙΒΡΑΧΙΟΥ .  ΕΠΑΝΑΣΥΓΚΟΛΛΗΣΗ ΜΕ ΜΕΘΟΔΟΥΣ ΜΙΚΡΟΧΕΙΡΟΥΡΓΙΚΗΣ. ΣΥΡΡΑΦΗ ΑΓΓΕΙΩΝ ΑΜΕΣΗ Η ΜΕ ΠΑΡΕΜΒΟΛΗ ΦΛΕΒΙΚΟΥ ΜΟΣΧΕΥΜΑΤΟΣ. ΕΣΩΤΕΡΙΚΗ Η/ ΚΑΙ ΕΞΩΤΕΡΙΚΗ ΟΣΤΕΟΣΥΝΘΕΣΗ ΚΕΡΚΙΔΟΣ ΚΑΙ ΩΛΕΝΗΣ . ΣΥΡΡΑΦΗ-ΑΠΟΚΑΤΑΣΤΑΣΗ ΚΑΜΠΤΗΡΩΝ ΚΑΙ ΕΚΤΕΙΝΟΝΤΩΝ ΤΕΝΟΝΤΩΝ. ΠΡΩΤΟΠΑΘΗΣ ΣΥΡΡΑΦΗ -  ΑΠΟΚΑΤΑΣΤΑΣΗ ΤΩΝ ΝΕΥΡΩΝ (ΜΕΣΟ - ΩΛΕΝΙΟ - ΕΠΙΠΟΛΗΣ ΚΛΑΔΟΣ ΤΟΥ ΚΕΡΚΙΔΙΚΟΥ).;;;;;
1566;X631957.75;ΤΡΑΥΜΑΤΙΚΟΣ ΠΛΗΡΗΣ ΑΚΡΩΤΗΡΙΑΣΜΟΣ , ΚΑΤΩ ΤΡΙΤΗΜΟΡΙΟ ΑΝΤΙΒΡΑΧΙΟΥ .  ΕΠΑΝΑΣΥΓΚΟΛΛΗΣΗ ΜΕ ΜΕΘΟΔΟΥΣ ΜΙΚΡΟΧΕΙΡΟΥΡΓΙΚΗΣ. ΨΕΥΔΑΡΘΡΩΣΗ Η ΚΑΘΥΣΤΕΡΗΜΕΝΗ ΠΩΡΩΣΗ ΚΕΡΚΙΔΟΣ Η /ΚΑΙ ΩΛΕΝΗΣ , ΟΣΤΕΟΣΥΝΘΕΣΗ  ΜΕ ΕΙΔΙΚΕΣ ΠΛΑΚΕΣ ΚΑΙ ΚΟΧΛΙΕΣ ΜΕ ΑΥΤΟ Η ΑΛΛΟΜΟΣΧΕΥΜΑΤΑ;;;;;
1567;X631957.76;ΤΡΑΥΜΑΤΙΚΟΣ ΠΛΗΡΗΣ ΑΚΡΩΤΗΡΙΑΣΜΟΣ, ΚΑΤΩ ΤΡΙΤΗΜΟΡΙΟ ΑΝΤΙΒΡΑΧΙΟΥ . ΕΠΑΝΑΣΥΓΚΟΛΛΗΣΗ ΜΕ ΜΕΘΟΔΟΥΣ ΜΙΚΡΟΧΕΙΡΟΥΡΓΙΚΗΣ. ΔΕΥΤΕΡΟΠΑΘΗΣ ΣΥΡΡΑΦΗ -  ΑΠΟΚΑΤΑΣΤΑΣΗ ΤΩΝ ΝΕΥΡΩΝ (ΜΕΣΟ - ΩΛΕΝΙΟ - ΕΠΙΠΟΛΗΣ ΚΛΑΔΟΣ ΤΟΥ ΚΕΡΚΙΔΙΚΟΥ)ΜΕ ΠΑΡΕΜΒΟΛΗ ΝΕΥΡΙΚΩΝ ΜΟΣΧΕΥΜΑΤΩΝ Η ΝΕΥΡΟΑΓΩΓΩΝ.;;;;;
1568;X631957.77;ΤΡΑΥΜΑΤΙΚΟΣ ΠΛΗΡΗΣ ΑΚΡΩΤΗΡΙΑΣΜΟΣ, ΚΑΤΩ ΤΡΙΤΗΜΟΡΙΟ ΑΝΤΙΒΡΑΧΙΟΥ . ΕΠΑΝΑΣΥΓΚΟΛΛΗΣΗ ΜΕ ΜΕΘΟΔΟΥΣ ΜΙΚΡΟΧΕΙΡΟΥΡΓΙΚΗΣ. ΔΕΥΤΕΡΟΠΑΘΗΣ ΑΠΟΚΑΤΑΣΤΑΣΗ  Η ΑΛΛΕΣ ΕΠΕΜΒΑΣΕΙΣ ΠΟΥ ΑΦΟΡΟΥΝ ΤΕΝΟΝΤΕΣ.;;;;;
1569;X631957.78;ΤΡΑΥΜΑΤΙΚΟΣ ΠΛΗΡΗΣ ΑΚΡΩΤΗΡΙΑΣΜΟΣ, ΚΑΡΠΟΣ  . ΕΠΑΝΑΣΥΓΚΟΛΛΗΣΗ ΜΕ ΜΕΘΟΔΟΥΣ ΜΙΚΡΟΧΕΙΡΟΥΡΓΙΚΗΣ. ΣΥΡΡΑΦΗ ΑΓΓΕΙΩΝ ΑΜΕΣΗ Η ΜΕ ΠΑΡΕΜΒΟΛΗ ΦΛΕΒΙΚΟΥ ΜΟΣΧΕΥΜΑΤΟΣ. ΟΣΤΕΟΣΥΝΘΕΣΗ - ΣΥΓΚΡΑΤΗΣΗ ΤΩΝ ΟΣΤΩΝ ΤΟΥ ΚΑΡΠΟΥ ΜΕ ΒΕΛΟΝΕΣ KIRSCHNER, ΕΙΔΙΚΟΥΣ ΚΟΧΛΙΕΣ Η/ ΚΑΙ ΕΞΩΤΕΡΙΚΗ ΟΣΤΕΟΣΥΝΘΕΣΗ . ΣΥΡΡΑΦΗ-ΑΠΟΚΑΤΑΣΤΑΣΗ ΚΑΜΠΤΗΡΩΝ ΚΑΙ ΕΚΤΕΙΝΟΝΤΩΝ ΤΕΝΟΝΤΩΝ. ΠΡΩΤΟΠΑΘΗΣ ΣΥΡΡΑΦΗ -  ΑΠΟΚΑΤΑΣΤΑΣΗ ΤΩΝ ΝΕΥΡΩΝ (ΜΕΣΟ - ΩΛΕΝΙΟ - ΕΠΙΠΟΛΗΣ ΚΛΑΔΟΣ ΤΟΥ ΚΕΡΚΙΔΙΚΟΥ).;;;;;
1570;X631957.79;ΤΡΑΥΜΑΤΙΚΟΣ ΠΛΗΡΗΣ ΑΚΡΩΤΗΡΙΑΣΜΟΣ, ΚΑΡΠΟΣ  . ΕΠΑΝΑΣΥΓΚΟΛΛΗΣΗ ΜΕ ΜΕΘΟΔΟΥΣ ΜΙΚΡΟΧΕΙΡΟΥΡΓΙΚΗΣ. ΔΕΥΤΕΡΟΠΑΘΗΣ ΣΥΡΡΑΦΗ -  ΑΠΟΚΑΤΑΣΤΑΣΗ ΤΩΝ ΝΕΥΡΩΝ (ΜΕΣΟ - ΩΛΕΝΙΟ - ΕΠΙΠΟΛΗΣ ΚΛΑΔΟΣ ΤΟΥ ΚΕΡΚΙΔΙΚΟΥ) ΜΕ ΠΑΡΕΜΒΟΛΗ ΝΕΥΡΙΚΩΝ ΜΟΣΧΕΥΜΑΤΩΝ Η ΝΕΥΡΟΑΓΩΓΩΝ.;;;;;
1571;X631957.80;ΤΡΑΥΜΑΤΙΚΟΣ ΠΛΗΡΗΣ ΑΚΡΩΤΗΡΙΑΣΜΟΣ, ΚΑΡΠΟΣ  . ΕΠΑΝΑΣΥΓΚΟΛΛΗΣΗ ΜΕ ΜΕΘΟΔΟΥΣ ΜΙΚΡΟΧΕΙΡΟΥΡΓΙΚΗΣ. ΔΕΥΤΕΡΟΠΑΘΗΣ ΑΠΟΚΑΤΑΣΤΑΣΗ  Η ΑΛΛΕΣ ΕΠΕΜΒΑΣΕΙΣ ΠΟΥ ΑΦΟΡΟΥΝ ΤΕΝΟΝΤΕΣ.;;;;;
1572;X631957.81;ΤΡΑΥΜΑ, ΔΙΕΡΕΥΝΗΣΗ ΒΛΑΒΗΣ ΜΕΣΟΥ ΝΕΥΡΟΥ ΣΤΟ ΑΝΤΙΒΡΑΧΙΟ;;;;;
1573;X631957.82;ΤΡΑΥΜΑ , ΣΥΡΡΑΦΗ ΜΕΣΟΥ ΝΕΥΡΟΥ  -ΤΕΛΙΚΟ ΤΕΛΙΚΗ ΣΥΡΡΑΦΗ;;;;;
1574;X631957.83;ΤΡΑΥΜΑ , ΣΥΡΡΑΦΗ ΜΕΣΟΥ ΝΕΥΡΟΥ ΜΕ ΠΑΡΕΜΒΟΛΗ ΝΕΥΡΙΚΩΝ ΜΟΣΧΕΥΜΑΤΩΝ;;;;;
1575;X631957.84;ΤΡΑΥΜΑ , ΣΥΡΡΑΦΗ ΜΕΣΟΥ ΝΕΥΡΟΥ ΜΕ ΠΑΡΕΜΒΟΛΗ ΣΥΝΘΕΤΙΚΩΝ ΝΕΥΡΟΑΓΩΓΩΝ;;;;;
1576;X631957.85;ΑΠΟΚΑΤΑΣΤΑΣΗ - ΣΥΡΡΑΦΗ ΜΕΣΟΥ ΝΕΥΡΟΥ ΜΕΤΑ ΑΠΟ ΑΦΑΙΡΕΣΗ ΟΓΚΟΥ  ΜΕ ΠΑΡΕΜΒΟΛΗ ΝΕΥΡΙΚΩΝ ΜΟΣΧΕΥΜΑΤΩΝ;;;;;
1577;X631957.86;ΑΠΟΚΑΤΑΣΤΑΣΗ - ΣΥΡΡΑΦΗ ΜΕΣΟΥ ΝΕΥΡΟΥ ΜΕΤΑ ΑΠΟ ΑΦΑΙΡΕΣΗ ΝΕΥΡΩΜΑΤΟΣ ΜΕ ΠΑΡΕΜΒΟΛΗ ΝΕΥΡΙΚΩΝ ΜΟΣΧΕΥΜΑΤΩΝ;;;;;
1578;X631957.87;ΤΡΑΥΜΑ , ΔΙΕΡΕΥΝΗΣΗ ΒΛΑΒΗΣ ΩΛΕΝΙΟΥ ΝΕΥΡΟΥ ΣΤΟ ΑΝΤΙΒΡΑΧΙΟ ;;;;;
1579;X631957.88;ΤΡΑΥΜΑ, ΣΥΡΡΑΦΗ ΩΛΕΝΙΟΥ ΝΕΥΡΟΥ  - ΤΕΛΙΚΟΤΕΛΙΚΗ ΣΥΡΡΑΦΗ;;;;;
1580;X631957.89;ΤΡΑΥΜΑ, ΣΥΡΡΑΦΗ ΩΛΕΝΙΟΥ ΝΕΥΡΟΥ  ΜΕ ΤΗΝ ΠΑΡΕΜΒΟΛΗ ΝΕΥΡΙΚΩΝ ΜΟΣΧΕΥΜΑΤΩΝ;;;;;
1581;X631957.90;ΤΡΑΥΜΑ, ΣΥΡΡΑΦΗ ΩΛΕΝΙΟΥ ΝΕΥΡΟΥ  ΜΕ ΤΗΝ ΠΑΡΕΜΒΟΛΗ ΣΥΝΘΕΤΙΚΩΝ ΝΕΥΡΟΑΓΩΓΩΝ;;;;;
1582;X631957.91;ΑΠΟΚΑΤΑΣΤΑΣΗ - ΣΥΡΡΑΦΗ ΩΛΕΝΙΟΥ ΝΕΥΡΟΥ ΜΕΤΑ ΑΠΟ ΑΦΑΙΡΕΣΗ ΟΓΚΟΥ  ΜΕ ΠΑΡΕΜΒΟΛΗ ΝΕΥΡΙΚΩΝ ΜΟΣΧΕΥΜΑΤΩΝ;;;;;
1583;X631957.92;ΑΠΟΚΑΤΑΣΤΑΣΗ - ΣΥΡΡΑΦΗ ΩΛΕΝΙΟΥ ΝΕΥΡΟΥ ΜΕΤΑ ΑΠΟ ΑΦΑΙΡΕΣΗ ΝΕΥΡΩΜΑΤΟΣ ΜΕ ΠΑΡΕΜΒΟΛΗ ΝΕΥΡΙΚΩΝ ΜΟΣΧΕΥΜΑΤΩΝ;;;;;
1584;X631957.93;ΤΡΑΥΜΑ, ΔΙΕΡΕΥΝΗΣΗ ΒΛΑΒΗΣ ΚΕΡΚΙΔΙΚΟΥ ΝΕΥΡΟΥ ΣΤΟ ΑΝΤΙΒΡΑΧΙΟ;;;;;
1585;X631957.94;ΤΡΑΥΜΑ, ΣΥΡΡΑΦΗ ΚΕΡΚΙΔΙΚΟΥ ΝΕΥΡΟΥ -ΤΕΛΙΚΟΤΕΛΙΚΗ ΣΥΡΡΑΦΗ;;;;;
1586;X631957.95;ΤΡΑΥΜΑ, ΣΥΡΡΑΦΗ ΚΕΡΚΙΔΙΚΟΥ ΝΕΥΡΟΥ ΜΕ ΠΑΡΕΜΒΟΛΗ ΝΕΥΡΙΚΩΝ ΜΟΣΧΕΥΜΑΤΩΝ;;;;;
1587;X631957.96;ΤΡΑΥΜΑ, ΣΥΡΡΑΦΗ ΚΕΡΚΙΔΙΚΟΥ ΝΕΥΡΟΥ ΜΕ ΠΑΡΕΜΒΟΛΗ ΣΥΝΘΕΤΙΚΩΝ ΝΕΥΡΟΑΓΩΓΩΝ;;;;;
1588;X631957.97;ΑΠΟΚΑΤΑΣΤΑΣΗ - ΣΥΡΡΑΦΗ ΚΕΡΚΙΔΙΚΟΥ ΝΕΥΡΟΥ ΜΕΤΑ ΑΠΟ ΑΦΑΙΡΕΣΗ ΟΓΚΟΥ  ΜΕ ΠΑΡΕΜΒΟΛΗ ΝΕΥΡΙΚΩΝ ΜΟΣΧΕΥΜΑΤΩΝ;;;;;
1589;X631957.98;ΑΠΟΚΑΤΑΣΤΑΣΗ - ΣΥΡΡΑΦΗ ΚΕΡΚΙΔΙΚΟΥ ΝΕΥΡΟΥ ΜΕΤΑ ΑΠΟ ΑΦΑΙΡΕΣΗ ΝΕΥΡΩΜΑΤΟΣ ΜΕ ΠΑΡΕΜΒΟΛΗ ΝΕΥΡΙΚΩΝ ΜΟΣΧΕΥΜΑΤΩΝ;;;;;
1590;X631957.99;ΤΡΑΥΜΑ, ΔΙΕΡΕΥΝΗΣΗ ΒΛΑΒΗΣ  ΕΠΙΠΟΛΗΣ ΚΕΡΚΙΔΙΚΟΥ ΝΕΥΡΟΥ ;;;;;
1591;X631957.100;ΤΡΑΥΜΑ, ΣΥΡΡΑΦΗ ΕΠΙΠΟΛΗΣ ΚΕΡΚΙΔΙΚΟΥ ΝΕΥΡΟΥ - ΤΕΛΙΚΟΤΕΛΙΚΗ ΣΥΡΡΑΦΗ;;;;;
1592;X631957.101;ΤΡΑΥΜΑ, ΣΥΡΡΑΦΗ ΕΠΙΠΟΛΗΣ ΚΕΡΚΙΔΙΚΟΥ ΝΕΥΡΟΥ ΜΕ ΠΑΡΕΜΒΟΛΗ ΝΕΥΡΙΚΩΝ ΜΟΣΧΕΥΜΑΤΩΝ;;;;;
1593;X631957.102;ΤΡΑΥΜΑ, ΣΥΡΡΑΦΗ ΕΠΙΠΟΛΗΣ ΚΕΡΚΙΔΙΚΟΥ ΝΕΥΡΟΥ ΜΕ ΠΑΡΕΜΒΟΛΗ ΣΥΝΘΕΤΙΚΟΥ ΝΕΥΡΟΑΓΩΓΟΥ;;;;;
1594;X631957.103;ΑΠΟΚΑΤΑΣΤΑΣΗ - ΣΥΡΡΑΦΗ ΕΠΙΠΟΛΗΣ ΚΕΡΚΙΔΙΚΟΥ ΝΕΥΡΟΥ ΜΕΤΑ ΑΠΟ ΑΦΑΙΡΕΣΗ ΝΕΥΡΩΜΑΤΟΣ ΜΕ ΠΑΡΕΜΒΟΛΗ ΝΕΥΡΙΚΩΝ ΜΟΣΧΕΥΜΑΤΩΝ;;;;;
1595;X631957.104;ΑΠΟΣΥΜΠΙΕΣΗ ΚΑΙ ΔΙΕΡΕΥΝΗΣΗ ΤΟΥ ΩΛΕΝΙΟΥ ΝΕΥΡΟΥ ΣΤΟΝ ΑΓΚΩΝΑ ;;;;;
1596;X631957.105;ΑΠΟΣΥΜΠΙΕΣΗ ΚΑΙ ΔΙΕΡΕΥΝΗΣΗ ΤΟΥ ΩΛΕΝΙΟΥ ΝΕΥΡΟΥ ΣΤΟΝ ΑΓΚΩΝΑ KAI ΠΡΟΣΘΙΑ ΥΠΟΔΟΡΙΑ ΜΕΤΑΘΕΣΗ ΤΟΥ;;;;;
1597;X631957.106;ΑΠΟΣΥΜΠΙΕΣΗ ΚΑΙ ΔΙΕΡΕΥΝΗΣΗ ΤΟΥ ΩΛΕΝΙΟΥ ΝΕΥΡΟΥ ΣΤΟΝ ΑΓΚΩΝΑ KAI ΠΡΟΣΘΙΑ ΜΕΤΑΘΕΣΗ ΤΟΥ ΥΠΟΠΕΡΙΤΟΝΙΑΚΑ;;;;;
1598;X631957.107;ΑΠΟΣΥΜΠΙΕΣΗ ΚΑΙ ΔΙΕΡΕΥΝΗΣΗ ΤΟΥ ΩΛΕΝΙΟΥ ΝΕΥΡΟΥ ΣΤΟΝ ΑΓΚΩΝΑ KAI ΠΡΟΣΘΙΑ ΜΕΤΑΘΕΣΗ ΤΟΥ ΕΝΔΟΜΥΙΚΑ;;;;;
1599;X631957.108;ΑΠΟΣΥΜΠΙΕΣΗ ΚΑΙ ΔΙΕΡΕΥΝΗΣΗ ΤΟΥ ΩΛΕΝΙΟΥ ΝΕΥΡΟΥ ΣΤΟΝ ΑΓΚΩΝΑ KAI ΠΡΟΣΘΙΑ ΜΕΤΑΘΕΣΗ ΤΟΥ ΚΑΤΩ ΑΠΟ ΤΟ ΕΠΙΠΕΔΟ ΤΩΝ ΜΥΩΝ;;;;;
1600;X631957.109;ΕΝΔΟΣΚΟΠΙΚΗ ΑΠΟΣΥΜΠΙΕΣΗ ΩΛΕΝΙΟΥ ΝΕΥΡΟΥ ΣΤΟΝ ΑΓΚΩΝΑ;;;;;
1601;X631957.110;ΑΝΑΘΕΩΡΗΣΗ ΑΠΟΣΥΜΠΙΕΣΗΣ ΚΑΙ ΔΙΕΡΕΥΝΗΣΗΣ ΤΟΥ ΩΛΕΝΙΟΥ ΝΕΥΡΟΥ ΣΤΟΝ ΑΓΚΩΝΑ;;;;;
1602;X631957.111;ΑΠΟΣΥΜΠΙΕΣΗ ΚΑΙ ΔΙΕΡΕΥΝΗΣΗ ΤΟΥ ΜΕΣΟΥ ΝΕΥΡΟΥ ΣΤΟ ΑΝΤΙΒΡΑΧΙΟ;;;;;
1603;X631957.112;ΑΝΑΘΕΩΡΗΣΗ ΑΠΟΣΥΜΠΙΕΣΗΣ ΚΑΙ ΔΙΕΡΕΥΝΗΣΗΣ ΤΟΥ ΜΕΣΟΥ ΝΕΥΡΟΥ ΣΤΟ ΑΝΤΙΒΡΑΧΙΟ;;;;;
1604;X631957.113;ΑΠΟΣΥΜΠΙΕΣΗ ΚΑΙ ΔΙΕΡΕΥΝΗΣΗ ΤΟΥ ΜΕΣΟΥ ΝΕΥΡΟΥ ΣΤΟΝ ΚΑΡΠΙΑΙΟ ΣΩΛΗΝΑ ;;;;;
1605;X631957.114;ΕΝΔΟΣΚΟΠΙΚΗ ΑΠΟΣΥΜΠΙΕΣΗ ΜΕΣΟΥ ΝΕΥΡΟΥ ΣΤΟΝ ΚΑΡΠΙΑΙΟ ΣΩΛΗΝΑ;;;;;
1606;X631957.115;ΑΝΑΘΕΩΡΗΣΗ ΤΗΣ ΑΠΟΣΥΜΠΙΕΣΗΣ ΚΑΙ ΔΙΕΡΕΥΝΗΣΗΣ ΤΟΥ ΜΕΣΟΥ ΝΕΥΡΟΥ ΣΤΟΝ ΚΑΡΠΙΑΙΟ ΣΩΛΗΝΑ ΜΕ Η ΧΩΡΙΣ ΚΑΛΥΨΗ ΤΟΥ ΝΕΥΡΟΥ ΜΕ ΠΑΡΑΚΕΙΜΕΝΟΥΣ ΑΓΓΕΙΟΥΜΕΝΟΥΣ ΚΡΗΜΝΟΥΣ ;;;;;
1607;X631957.116;ΑΝΑΘΕΩΡΗΣΗ ΤΗΣ ΑΠΟΣΥΜΠΙΕΣΗΣ ΚΑΙ ΔΙΕΡΕΥΝΗΣΗΣ ΤΟΥ ΜΕΣΟΥ ΝΕΥΡΟΥ ΣΤΟΝ ΚΑΡΠΙΑΙΟ ΣΩΛΗΝΑ ΚΑΙ ΠΕΡΙΤΥΛΙΞΗ ΜΕ ΦΛΕΒΙΚΟ ΜΟΣΧΕΥΜΑ;;;;;
1608;X631957.117;ΑΠΟΣΥΜΠΙΕΣΗ ΚΑΙ ΔΙΕΡΕΥΝΗΣΗ ΤΟΥ ΩΛΕΝΙΟΥ ΝΕΥΡΟΥ ΣΤΟ ΣΩΛΗΝΑ ΤΟΥ GUYON ;;;;;
1609;X631957.118;ΑΝΑΘΕΩΡΗΣΗ ΑΠΟΣΥΜΠΙΕΣΗΣ ΚΑΙ ΔΙΕΡΕΥΝΗΣΗΣ ΤΟΥ ΩΛΕΝΙΟΥ ΝΕΥΡΟΥ ΣΤΟ ΣΩΛΗΝΑ ΤΟΥ GUYON ;;;;;
1610;X631957.119;ΑΠΟΣΥΜΠΙΕΣΗ ΚΑΙ ΔΙΕΡΕΥΝΗΣΗ ΤΟΥ ΚΕΡΚΙΔΙΚΟΥ ΝΕΥΡΟΥ ΣΤΟ ΑΝΤΙΒΡΑΧΙΟ;;;;;
1611;X631957.120;ΑΝΑΘΕΩΡΗΣΗ ΑΠΟΣΥΜΠΙΕΣΗΣ ΚΑΙ ΔΙΕΡΕΥΝΗΣΗΣ ΤΟΥ ΚΕΡΚΙΔΙΚΟΥ ΝΕΥΡΟΥ ΣΤΟ ΑΝΤΙΒΡΑΧΙΟ;;;;;
1612;X631957.121;ΑΠΟΣΥΜΠΙΕΣΗ ΚΑΙ ΔΙΕΡΕΥΝΗΣΗ ΤΟΥ ΕΠΙΠΟΛΗΣ ΚΕΡΚΙΔΙΚΟΥ ΝΕΥΡΟΥ;;;;;
1613;X631957.122;ΑΝΑΘΕΩΡΗΣΗ ΑΠΟΣΥΜΠΙΕΣΗΣ ΚΑΙ ΔΙΕΡΕΥΝΗΣΗΣ ΤΟΥ ΕΠΙΠΟΛΗΣ ΚΕΡΚΙΔΙΚΟΥ ΝΕΥΡΟΥ;;;;;
1614;X631957.123;ΤΡΑΥΜΑΤΙΚΗ ΔΙΑΤΟΜΗ ΚΕΡΚΙΔΙΚΗΣ ΑΡΤΗΡΙΑΣ  - ΑΜΕΣΗ ΤΕΛΙΚΟΤΕΛΙΚΗ ΣΥΡΡΑΦΗ;;;;;
1615;X631957.124;ΤΡΑΥΜΑΤΙΚΗ ΔΙΑΤΟΜΗ ΚΕΡΚΙΔΙΚΗΣ ΑΡΤΗΡΙΑΣ .ΑΜΕΣΗ ΑΠΟΚΑΤΑΣΤΑΣΗ - ΣΥΡΡΑΦΗ ΜΕ ΠΑΡΕΜΒΟΛΗ ΦΛΕΒΙΚΟΥ ΜΟΣΧΕΥΜΑΤΟΣ;;;;;
1616;X631957.125;ΠΕΡΙΑΡΤΗΡΙΑΚΗ ΣΥΜΠΑΘΕΚΤΟΜΗ ΚΕΡΚΙΔΙΚΗΣ ΑΡΤΗΡΙΑΣ;;;;;
1617;X631957.126;ΤΡΑΥΜΑΤΙΚΟ ΑΝΕΥΡΥΣΜΑ ΚΕΡΚΙΔΙΚΗΣ  ΑΡΤΗΡΙΑΣ. ΑΜΕΣΗ ΑΠΟΚΑΤΑΣΤΑΣΗ -  ΣΥΡΡΑΦΗ ΜΕ ΠΑΡΕΜΒΟΛΗ ΦΛΕΒΙΚΟΥ ΜΟΣΧΕΥΜΑΤΟΣ;;;;;
1618;X631957.127;ΤΡΑΥΜΑΤΙΚΗ ΔΙΑΤΟΜΗ ΩΛΕΝΙΟΥ ΑΡΤΗΡΙΑΣ  - ΑΜΕΣΗ ΤΕΛΙΚΟΤΕΛΙΚΗ ΣΥΡΡΑΦΗ;;;;;
1619;X631957.128;ΤΡΑΥΜΑΤΙΚΗ ΔΙΑΤΟΜΗ ΩΛΕΝΙΟΥ ΑΡΤΗΡΙΑΣ . ΑΜΕΣΗ ΑΠΟΚΑΤΑΣΤΑΣΗ - ΣΥΡΡΑΦΗ ΜΕ ΠΑΡΕΜΒΟΛΗ ΦΛΕΒΙΚΟΥ ΜΟΣΧΕΥΜΑΤΟΣ;;;;;
1620;X631957.129;ΤΡΑΥΜΑΤΙΚΟ ΑΝΕΥΡΥΣΜΑ ΩΛΕΝΙΟΥ  ΑΡΤΗΡΙΑΣ. ΑΜΕΣΗ ΑΠΟΚΑΤΑΣΤΑΣΗ -  ΣΥΡΡΑΦΗ ΜΕ ΠΑΡΕΜΒΟΛΗ ΦΛΕΒΙΚΟΥ ΜΟΣΧΕΥΜΑΤΟΣ;;;;;
1621;X631957.130;ΠΕΡΙΑΡΤΗΡΙΑΚΗ ΣΥΜΠΑΘΕΚΤΟΜΗ ΩΛΕΝΙΟΥ ΑΡΤΗΡΙΑΣ;;;;;
1622;X631957.131;ΔΙΑΓΝΩΣΤΙΚΗ ΑΡΘΡΟΣΚΟΠΗΣΗ ΠΗΧΕΟΚΑΡΠΙΚΗΣ ΚΑΙ ΜΕΣΟΚΑΡΠΙΑΣ ΔΙΑΡΘΡΩΣΗΣ;;;;;
1623;X631957.132;ΑΡΘΡΟΣΚΟΠΙΚΗ ΑΡΘΡΟΛΥΣΗ ΠΗΧΕΟΚΑΡΠΙΚΗΣ ΚΑΙ ΜΕΣΟΚΑΡΠΙΑΣ ΔΙΑΡΘΡΩΣΗΣ;;;;;
1624;X631957.133;ΑΡΘΡΟΣΚΟΠΙΚΗ ΥΜΕΝΕΚΤΟΜΗ ΠΗΧΕΟΚΑΡΠΙΚΗΣ ΚΑΙ ΜΕΣΟΚΑΡΠΙΑΣ ΔΙΑΡΘΡΩΣΗΣ;;;;;
1625;X631957.134;ΑΡΘΡΟΣΚΟΠΙΚΗ ΟΣΤΕΟΣΥΝΘΕΣΗ ΚΑΤΑΓΜΑΤΟΣ ΠΕΡΙΦΕΡΙΚΟΥ ΑΚΡΟΥ ΚΕΡΚΙΔΑΣ;;;;;
1626;X631957.135;ΑΡΘΡΟΣΚΟΠΙΚΗ ΟΣΤΕΟΣΥΝΘΕΣΗ ΚΑΤΑΓΜΑΤΟΣ ΟΣΤΑΡΙΩΝ ΤΟΥ ΚΑΡΠΟΥ (ΣΚΑΦΟΕΙΔΕΣ ΚΠΛ);;;;;
1627;X631957.136;ΑΡΘΡΟΣΚΟΠΙΚΗ ΑΠΟΚΑΤΑΣΤΑΣΗ ΤΡΙΓΩΝΟΥ ΙΝΟΧΟΝΔΡΙΝΟΥ ΣΥΜΠΛΕΓΜΑΤΟΣ;;;;;
1628;X631957.137;ΑΡΘΡΟΣΚΟΠΙΚΗ ΑΠΟΚΑΤΑΣΤΑΣΗ ΤΗΣ ΑΣΤΑΘΕΙΑΣ ΤΟΥ ΚΑΡΠΟΥ;;;;;
1629;X631957.138;ΑΡΘΡΟΣΚΟΠΙΚΗ ΑΠΟΚΑΤΑΣΤΑΣΗ ΤΟΥ ΣΥΝΔΡΟΜΟΥ ΠΡΟΣΚΡΟΥΣΗΣ ΤΟΥ ΚΑΡΠΟΥ ΣΤΗΝ ΩΛΕΝΗ (ULNAR IMPACTION SYNDROME);;;;;
1630;X631957.139;ΑΡΘΡΟΣΚΟΠΙΚΗ ΑΦΑΙΡΕΣΗ ΤΗΣ ΣΤΥΛΟΕΙΔΟΥΣ ΤΗΣ ΚΕΡΚΙΔΑΣ;;;;;
1631;X631957.140;ΑΡΘΡΟΣΚΟΠΙΚΗ ΑΦΑΙΡΕΣΗ ΤΟΥ ΠΡΩΤΟΥ ΣΤΙΧΟΥ ΤΟΥ ΚΑΡΠΟΥ;;;;;
1632;X631957.141;ΑΡΘΡΟΣΚΟΠΙΚΗ ΑΦΑΙΡΕΣΗ ΤΟΥ ΜΕΙΖΩΝΟΣ ΠΟΛΥΓΩΝΟΥ;;;;;
1633;X631957.142;ΑΡΘΡΟΣΚΟΠΗΣΗ ΚΑΡΠΟΥ: ΑΡΘΡΟΣΚΟΠΙΚΟΣ ΚΑΘΑΡΙΣΜΟΣ ΣΕ ΣΥΠΤΙΚΗ ΑΡΘΡΙΤΙΔΑ ΚΑΡΠΟΥ;;;;;
1634;X631957.143;ΑΡΘΡΟΣΚΟΠΗΣΗ ΚΑΡΠΟΥ: ΑΡΘΡΟΣΚΟΠΙΚΗ ΑΦΑΙΡΕΣΗ ΞΕΝΩΝ ΣΩΜΑΤΩΝ;;;;;
1635;X631957.144;ΑΡΘΡΟΣΚΟΠΙΚΗ ΑΠΟΚΑΤΑΣΤΑΣΗ ΤΗΣ ΑΡΘΡΙΤΙΔΑΣ ΤΗΣ ΠΕΡΙΦΕΡΙΚΗΣ ΚΕΡΚΙΔΩΛΕΝΙΚΗΣ ΑΡΘΡΩΣΗΣ;;;;;
1636;X631957.145;ΑΡΘΡΟΣΚΟΠΙΚΗ ΑΦΑΙΡΕΣΗ ΓΑΓΓΛΙΟΥ ΤΟΥ ΚΑΡΠΟΥ;;;;;
1637;X631957.146;ΑΡΘΡΟΣΚΟΠΙΚΗ ΕΚΤΟΜΗ ΣΤΥΛΟΕΙΔΟΥΣ ΑΠΟΦΥΣΗΣ ΚΕΡΚΙΔΑΣ ΚΑΙ ΠΕΡΙΦΕΡΙΚΟΥ ΤΜΗΜΑΤΟΣ ΣΚΑΦΟΕΙΔΟΥΣ ΓΙΑ ΨΕΥΔΑΡΘΡΩΣΗ ΣΚΑΦΟΕΙΔΟΥΣ;;;;;
1638;X631957.147;ΑΡΘΡΟΠΛΑΣΤΙΚΗ ΜΕ ΠΡΟΣΘΕΤΙΚΗ ΑΝΤΙΚΑΤΑΣΤΑΣΗ  ΠΕΡΙΦΕΡΙΚΗΣ ΚΕΡΚΙΔΑΣ;;;;;
1639;X631957.148;ΑΡΘΡΟΠΛΑΣΤΙΚΗ ΜΕ ΠΡΟΣΘΕΤΙΚΗ ΑΝΤΙΚΑΤΑΣΤΑΣΗ  ΠΕΡΙΦΕΡΙΚΗΣ ΩΛΕΝΗΣ;;;;;
1640;X631957.149;ΑΡΘΡΟΠΛΑΣΤΙΚΗ ΜΕ ΠΡΟΣΘΕΤΙΚΗ ΑΝΤΙΚΑΤΑΣΤΑΣΗ  ΣΚΑΦΟΕΙΔΟΥΣ ΚΑΡΠΙΑΙΟΥ;;;;;
1641;X631957.150;ΑΡΘΡΟΠΛΑΣΤΙΚΗ ΜΕ ΠΡΟΣΘΕΤΙΚΗ ΑΝΤΙΚΑΤΑΣΤΑΣΗ  MΗΝΟΕΙΔΟΥΣ;;;;;
1642;X631957.151;ΑΡΘΡΟΠΛΑΣΤΙΚΗ ΜΕ ΠΡΟΣΘΕΤΙΚΗ ΑΝΤΙΚΑΤΑΣΤΑΣΗ  ΠΕΡΙΦΕΡΙΚΗΣ ΚΕΡΚΙΔΑΣ ΚΑΙ ΜΕΡΙΚΗ Ή  ΟΛΙΚΗ ΚΑΡΠOY;;;;;
1643;X631957.152;ΑΡΘΡΟΠΛΑΣΤΙΚΗ ΕΠΕΜΒΑΣΗ, ΕΝΔΟΚΑΡΠΙΚΕΣ Ή ΚΑΡΠΟΜΕΤΑΚΑΡΠΙΑΣ ΑΡΘΡΩΣΕΙΣ;;;;;
1644;X631957.153;ΑΠΟΚΑΤΑΣΤΑΣΗ ΑΡΘΡΟΠΛΑΣΤΙΚΗΣ, ΠΕΡΙΛΑΜΒΑΝΟΜΕΝΗΣ ΑΦΑΙΡΕΣΗΣ ΕΜΦΥΤΕΥΜΑΤΟΣ ΑΡΘΡΩΣΗΣ ΚΑΡΠΟΥ;;;;;
1645;X631957.154;ΑΡΘΡΟΠΛΑΣΤΙΚΗ ΕΠΕΜΒΑΣΗ ΠΑΡΕΜΒΟΛΗΣ ΚΑΡΠΟΥ ΜΕ ΤΗΝ ΧΡΗΣΗ ΑΛΛΟΜΟΣΧΕΥΜΑΤΟΣ ;;;;;
1646;X631957.155;ΟΛΙΚΗ ΑΡΘΡΟΠΛΑΣΤΙΚΗ ΚΑΡΠΟΥ;;;;;
1647;X631957.156;ΑΝΑΘΕΩΡΗΣΗ ΟΛΙΚΗΣ ΑΡΘΡΟΠΛΑΣΤΙΚΗΣ ΚΑΡΠΟΥ;;;;;
1648;X631957.157;ΑΡΘΡΟΠΛΑΣΤΙΚΗ, ΚΑΡΠΟΥ, ΜΕ Ή ΧΩΡΙΣ ΔΙΑΜΕΣΟΛΑΒΗΣΗ, ΜΕ Ή ΧΩΡΙΣ ΕΞΩΤΕΡΙΚΗ Ή ΕΣΩΤΕΡΙΚΗ  ΟΣΤΕΟΣΥΝΘΕΣΗ;;;;;
1649;X631957.158;ΑΝΑΘΕΩΡΗΣΗ ΑΡΘΡΟΠΛΑΣΤΙΚΗΣ ΟΣΤΑΡΙΩΝ ΚΑΡΠΟΥ;;;;;
1650;X631957.159;ΑΡΘΡΟΔΕΣΗ, ΚΑΡΠΟΥ. ΠΛΗΡΗΣ, ΧΩΡΙΣ ΟΣΤΙΚΟ ΜΟΣΧΕΥΜΑ (ΠΕΡΙΛΑΜΒΑΝΕΙ ΚΕΡΚΙΔΟΚΑΡΠΙΚΗ  ΚΑΙ/Ή ΜΕΣΟΚΑΡΠΙΑ ΚΑΙ/Ή ΚΑΡΠΟΜΕΤΑΚΑΡΠΙΑ ΔΙΑΡΘΡΩΣΗ);;;;;
1651;X631957.160;ΑΡΘΡΟΔΕΣΗ, ΚΑΡΠΟΥ. ΜΕ ΟΛΙΣΘΑΙΝΩΝ ΜΟΣΧΕΥΜΑ;;;;;
1652;X631957.161;ΑΡΘΡΟΔΕΣΗ, ΚΑΡΠΟΥ. ΜΕ ΛΑΓΟΝΙΟ Ή ΑΛΛΟ ΑΥΤΟΜΟΣΧΕΥΜΑ (ΠΕΡΙΛΑΜΒΑΝΕΙ ΛΗΨΗ ΜΟΣΧΕΥΜΑΤΟΣ);;;;;
1653;X631957.162;ΑΡΘΡΟΔΕΣΗ, ΚΑΡΠΟΥ. ΠΕΡΙΟΡΙΣΜΕΝΗ, ΧΩΡΙΣ ΟΣΤΙΚΟ ΜΟΣΧΕΥΜΑ (Π.Χ., ΜΕΣΟΚΑΡΠΙΑ Ή  ΚΕΡΚΙΔΟΚΑΡΠΙΚΗ);;;;;
1654;X631957.163;ΑΡΘΡΟΔΕΣΗ, ΚΑΡΠΟΥ. ΜΕ ΑΥΤΟΜΟΣΧΕΥΜΑ (ΠΕΡΙΛΑΜΒΑΝΕΙ ΛΗΨΗ ΜΟΣΧΕΥΜΑΤΟΣ);;;;;
1655;X631957.164;ΜΕΡΙΚΗ ΑΡΘΡΟΔΕΣΗ ΤΩΝ ΟΣΤΑΡΙΩΝ ΤΟΥ ΚΑΡΠΟΥ ΜΕ Η΄ΧΩΡΙΣ ΧΡΗΣΗ ΑΛΛΟΜΟΣΧΕΥΜΑΤΟΣ;;;;;
1656;X631957.165;ΑΡΘΡΟΔΕΣΗ, ΚΑΤΩ ΚΕΡΚΙΔΩΛΕΝΙΚΗΣ ΑΡΘΡΩΣΗΣ ΜΕ ΤΜΗΜΑΤΙΚΗ ΕΚΤΟΜΗ ΩΛΕΝΗΣ, ΜΕ Ή ΧΩΡΙΣ ΜΟΣΧΕΥΜΑ (Π.Χ., ΔΙΑΔΙΚΑΣΙΑ SAUVE-KAPANDJI);;;;;
1657;X631957.166;ΚΑΡΠΕΚΤΟΜΗ. ΕΝΑ ΟΣΤΟ;;;;;
1658;X631957.167;ΚΑΡΠΕΚΤΟΜΗ. ΟΛΑ ΤΑ ΟΣΤΑ ΕΓΓΥΣ ΣΕΙΡΑΣ;;;;;
1659;X631957.168;ΣΥΝΔΡΟΜΟ ΩΛΕΝΙΑΣ ΠΡΟΣΚΡΟΥΣΗΣ: ΟΣΤΕΟΤΟΜΙΑ ΒΡΑΧΥΝΣΗΣ ΠΕΡΙΦΕΡΙΚΟΥ ΤΜΗΜΑΤΟΣ ΩΛΕΝΗΣ;;;;;
1660;X631957.169;ΑΝΟΙΚΤΗ ΧΕΙΡΟΥΡΓΙΚΗ ΕΚΤΟΜΗ ΣΤΥΛΟΕΙΔΟΥΣ ΑΠΟΦΥΣΗΣ ΚΕΡΚΙΔΟΣ;;;;;
1661;X631957.170;ΜΕΡΙΚΗ Ή ΠΛΗΡΗΣ ΕΚΤΟΜΗ ΠΕΡΙΦΕΡΙΚΟΥ ΑΚΡΟΥ ΩΛΕΝΗΣ (Π.Χ., ΤΥΠΟΥ DARRACH Ή ΑΝΤΙΣΤΟΙΧΗ  ΕΚΤΟΜΗ);;;;;
1662;X631957.171;ΑΦΑΙΡΕΣΗ ΠΡΟΘΕΣΗΣ ΚΑΡΠΟΥ (ΞΕΧΩΡΙΣΤΗ ΔΙΑΔΙΚΑΣΙΑ);;;;;
1663;X631957.172;ΑΦΑΙΡΕΣΗ ΠΡΟΘΕΣΗΣ ΚΑΡΠΟΥ, ΣΥΝΘΕΤΗ, ΠΕΡΙΛΑΜΒΑΝΟΜΕΝΟΥ ΟΛΙΚΗΣ;;;;;
1664;X631957.173;ΑΝΑΚΑΤΑΣΚΕΥΗ ΓΙΑ ΚΑΘΗΛΩΣΗ ΑΣΤΑΘΟΥΣ ΠΕΡΙΦΕΡΙΚΟΥ ΑΚΡΟΥ ΩΛΕΝΗΣ Η ΠΕΡΙΦΕΡΙΚΗΣ ΚΕΡΚΙΔΩΛΕΝΙΚΗΣ ΑΡΘΡΩΣΗΣ, ΔΕΥΤΕΡΟΓΕΝΩΣ ΜΕ ΣΤΑΘΕΡΟΠΟΙΗΣΗ ΜΑΛΑΚΩΝ ΜΟΡΙΩΝ (Π.Χ.ΤΕΝΟΝΤΟΜΕΤΑΦΟΡΑ ΤΕΝΟΝΤΙΟ ΜΟΣΧΕΥΜΑ, Η ΤΕΝΟΝΤΟΔΕΣΗ) ΜΕ Η ΧΩΡΙΣ ΑΝΟΙΚΤΗ ΑΝΑΤΑΞΗ ΠΕΡΙΦΕΡΙΚΗΣ ΚΕΡΚΙΔΩΛΕΝΙΚΗΣ ΑΡΘΡΩΣΗΣ;;;;;
1665;X631957.174;ΟΣΤΕΟΤΟΜΙΑ ΠΕΡΙΦΕΡΙΚΟΥ ΤΡΙΤΗΜΟΡΙΟΥ ΚΕΡΚΙΔΑΣ;;;;;
1666;X631957.175;ΟΣΤΕΟΤΟΜΙΑ ΕΓΓΥΣ Ή ΚΕΝΤΡΙΚΟΥ ΤΡΙΤΗΜΟΡΙΟΥ ΚΕΡΚΙΔΑΣ;;;;;
1667;X631957.176;ΟΣΤΕΟΤΟΜΙΑ ΩΛΕΝΗ;;;;;
1668;X631957.177;ΟΣΤΕΟΤΟΜΙΑ ΚΕΡΚΙΔΑ ΚΑΙ ΩΛΕΝΗ;;;;;
1669;X631957.178;ΟΣΤΕΟΠΛΑΣΤΙΚΗ, ΚΕΡΚΙΔΑ Ή ΩΛΕΝΗ. ΒΡΑΧΥΝΣΗ;;;;;
1670;X631957.179;ΟΣΤΕΟΠΛΑΣΤΙΚΗ, ΚΕΡΚΙΔΑ Ή ΩΛΕΝΗ.  ΕΠΙΜΗΚΥΝΣΗ ΜΕ ΑΥΤΟΜΟΣΧΕΥΜΑ;;;;;
1671;X631957.180;ΟΣΤΕΟΠΛΑΣΤΙΚΗ, ΚΕΡΚΙΔΑ ΚΑΙ ΩΛΕΝΗ. ΕΠΙΜΗΚΥΝΣΗ ΜΕ ΑΥΤΟΜΟΣΧΕΥΜΑ;;;;;
1672;X631957.181;ΟΣΤΕΟΠΛΑΣΤΙΚΗ, ΟΣΤΟΥ ΚΑΡΠΟΥ, ΒΡΑΧΥΝΣΗ;;;;;
1673;X631957.182;ΑΠΟΚΑΤΑΣΤΑΣΗ  ΕΛΕΙΜΜΑΤΟΣ ΜΕ ΑΥΤΟΜΟΣΧΕΥΜΑ. ΚΕΡΚΙΔΑ Ή ΩΛΕΝΗ;;;;;
1674;X631957.183;ΑΠΟΚΑΤΑΣΤΑΣΗ  ΕΛΕΙΜΜΑΤΟΣ ΜΕ ΑΥΤΟΜΟΣΧΕΥΜΑ. ΚΕΡΚΙΔΑ ΚΑΙ ΩΛΕΝΗ;;;;;
1675;X631957.184;ΣΥΝΔΕΣΜΙΚΗ ΑΣΤΑΘΕΙΑ ΚΑΡΠΟΥ: ΑΝΟΙΚΤΗ ΣΥΝΔΕΣΜΟΠΛΑΣΤΙΚΗ ΜΕ ΤΟΠΙΚΟΥΣ ΙΣΤΟΥΣ;;;;;
1676;X631957.185;ΣΥΝΔΕΣΜΙΚΗ ΑΣΤΑΘΕΙΑ ΚΑΡΠΟΥ: ΑΝΟΙΚΤΗ ΑΠΛΗ ΣΥΝΔΕΣΜΟΠΛΑΣΤΙΚΗ ΜΕ ΤΕΝΟΝΤΙΟ ΜΟΣΧΕΥΜΑ (ΠΕΡΙΛΑΜΒΑΝΕΙ ΚΑΙ ΤΗ ΛΗΨΗ ΤΟΥ ΜΟΣΧΕΥΜΑΤΟΣ);;;;;
1677;X631957.186;ΣΥΝΔΕΣΜΙΚΗ ΑΣΤΑΘΕΙΑ ΚΑΡΠΟΥ: ΑΝΟΙΚΤΗ ΣΥΝΘΕΤΗ ΣΥΝΔΕΣΜΟΠΛΑΣΤΙΚΗ ΜΕ ΤΕΝΟΝΤΙΟ ΜΟΣΧΕΥΜΑ (ΠΕΡΙΛΑΜΒΑΝΕΙ ΚΑΙ ΤΗ ΛΗΨΗ ΤΟΥ ΜΟΣΧΕΥΜΑΤΟΣ);;;;;
1678;X631957.187;ΑΡΘΡΟΤΟΜΗ ΚΕΡΚΙΔΟΚΑΡΠΙΚΗΣ Ή ΜΕΣΟΚΑΡΠΙΑΣ ΑΡΘΡΩΣΗΣ: ΑΝΟΙΚΤΗ ΥΜΕΝΕΚΤΟΜΗ;;;;;
1679;X631957.188;ΑΝΟΙΚΤΗ ΑΦΑΙΡΕΣΗ ΞΕΝΩΝ Ή ΕΛΕΥΘΕΡΩΝ ΤΕΜΑΧΙΩΝ ΑΠΟ ΤΗΝ ΚΕΡΚΙΔΟΚΑΡΠΙΚΗΉ ΜΕΣΟΚΑΡΠΙΑ ΑΡΘΡΩΣΗ;;;;;
1680;X631957.189;ΑΝΟΙΚΤΗ ΒΙΟΨΙΑ ΥΜΕΝΟΣ ΚΕΡΚΙΔΟΚΑΡΠΙΚΗΣ Η ΜΕΣΟΚΑΡΠΙΑΣ ΑΡΘΡΩΣΗΣ;;;;;
1681;X631957.190;ΑΝΟΙΚΤΗ ΧΕΙΡΟΥΡΓΙΚΗ ΑΠΟΚΑΤΑΣΤΑΣΗ ΣΥΜΠΛΕΓΜΑΤΟΣ ΤΡΙΓΩΝΟΥ ΧΟΝΔΡΟΥ;;;;;
1682;X631957.191;ΑΝΟΙΚΤΗ ΧΕΙΡΟΥΡΓΙΚΗ ΕΚΤΟΜΗ ΓΑΓΓΛΙΟΥ ΠΗΧΕΟΚΑΡΠΙΚΗΣ (ΠΡΩΤΟΠΑΘΗΣ);;;;;
1683;X631957.192;ΑΝΟΙΚΤΗ ΧΕΙΡΟΥΡΓΙΚΗ ΕΚΤΟΜΗ ΓΑΓΓΛΙΟΥ ΠΗΧΕΟΚΑΡΠΙΚΗΣ (ΥΠΟΤΡΟΠΗ);;;;;
1684;X631957.193;ΑΝΟΙΚΤΗ ΑΠΟΚΑΤΑΣΤΑΣΗ ΜΕΣΟΣΤΕΟΥ ΥΜΕΝΑ ΑΝΤΙΒΡΑΧΙΟΥ ΜΕ ΤΕΝΟΝΤΙΟ ΜΟΣΧΕΥΜΑ;;;;;
1685;X631957.194;ΑΣΗΠΤΗ ΝΕΚΡΩΣΗ ΣΚΑΦΟΕΙΔΟΥΣ (ΝΟΣΟΣ PREISER).ΤΡΥΠΑΝΙΣΜΟΣ  ΚΑΙ  ΜΕΤΑΦΟΡΑ ΑΓΓΕΙΑΚΟΥ ΜΙΣΧΟΥ ΕΝΤΟΣ ΤΟΥ ΣΚΑΦΟΕΙΔΟΥΣ.;;;;;
1686;X631957.195;ΑΣΗΠΤΗ ΝΕΚΡΩΣΗ ΣΚΑΦΟΕΙΔΟΥΣ (ΝΟΣΟΣ PREISER).ΤΡΥΠΑΝΙΣΜΟΣ ,  ΑΦΑΙΡΕΣΗ ΤΟΥ ΝΕΚΡΩΤΙΚΟΥ ΟΣΤΟΥ ΚΑΙ ΜΕΤΑΦΟΡΑ ΕΜΜΙΣΧΟΥ ΑΓΓΕΙΟΥΜΕΝΟΥ ΟΣΤΙΚΟΥ ΜΟΣΧΕΥΜΑΤΟΣ ΑΠΟ ΤΗΝ ΡΑΧΙΑΙΑ ΕΠΙΦΑΝΕΙΑ ΤΗΣ ΚΕΡΚΙΔΟΣ (ΑΓΓΕΙΟ ΑΠΟ ΤΟ  1Ο , 2Ο   ΔΙΑΜΕΡΙΣΜΑ ΤΩΝ ΕΚΤΕΙΝΟΝΤΩΝ);;;;;
1687;X631957.196;ΑΣΗΠΤΗ ΝΕΚΡΩΣΗ ΣΚΑΦΟΕΙΔΟΥΣ (ΝΟΣΟΣ PREISER).ΑΦΑΙΡΕΣΗ ΤΟΥ ΣΚΑΦΟΕΙΔΟΥΣ ΚΑΙ ΤΟΠΟΘΕΤΗΣΗ ΠΡΟΘΕΜΑΤΟΣ;;;;;
1688;X631957.197;ΑΣΗΠΤΗ ΝΕΚΡΩΣΗ ΤΟΥ ΜΗΝΟΕΙΔΟΥΣ (ΝΟΣΟΣ KIENBOCK). ΟΣΤΕΟΤΟΜΙΑ ΒΡΑΧΥΝΣΗΣ ΤΗΣ ΚΕΡΚΙΔΟΣ;;;;;
1689;X631957.198;ΑΣΗΠΤΗ ΝΕΚΡΩΣΗ ΤΟΥ ΜΗΝΟΕΙΔΟΥΣ (ΝΟΣΟΣ KIENBOCK). ΟΣΤΕΟΤΟΜΙΑ ΕΠΙΜΗΚΥΝΣΗ  ΤΗΣ ΩΛΕΝΗΣ;;;;;
1690;X631957.199;ΑΣΗΠΤΗ ΝΕΚΡΩΣΗ ΤΟΥ ΜΗΝΟΕΙΔΟΥΣ (ΝΟΣΟΣ KIENBOCK). ΑΠΟΣΥΜΠΙΕΣΗ (CORE DECOMPRESSION)ΤΗΣ ΜΕΤΑΦΥΣΗΣ ΤΗΣ ΚΕΡΚΙΔΟΣ;;;;;
1691;X631957.200;ΑΣΗΠΤΗ ΝΕΚΡΩΣΗ ΤΟΥ ΜΗΝΟΕΙΔΟΥΣ (ΝΟΣΟΣ KIENBOCK). ΟΣΤΕΟΤΟΜΙΑ ΒΡΑΧΥΝΣΗΣ ΤΟΥ ΚΕΦΑΛΩΤΟΥ;;;;;
1692;X631957.201;ΑΣΗΠΤΗ ΝΕΚΡΩΣΗ ΤΟΥ ΜΗΝΟΕΙΔΟΥΣ (ΝΟΣΟΣ KIENBOCK).ΑΦΑΙΡΕΣΗ ΤΟΥ ΜΗΝΟΕΙΔΟΥΣ .ΟΣΤΕΟΤΟΜΙΑ ΚΑΙ ΕΠΙΜΗΚΥΝΣΗ ΤΟΥ ΚΕΦΑΛΩΤΟΥ ΜΕ ΣΥΣΤΗΜΑ ΕΞΩΤΕΡΙΚΗΣ ΟΣΤΕΟΣΥΝΘΕΣΗΣ;;;;;
1693;X631957.202;ΑΣΗΠΤΗ ΝΕΚΡΩΣΗ ΤΟΥ ΜΗΝΟΕΙΔΟΥΣ (ΝΟΣΟΣ KIENBOCK).ΤΡΥΠΑΝΙΣΜΟΣ  ΚΑΙ  ΜΕΤΑΦΟΡΑ ΑΓΓΕΙΑΚΟΥ ΜΙΣΧΟΥ ΕΝΤΟΣ ΤΟΥ ΜΗΝΟΕΙΔΟΥΣ (ΜΕΤΑΚΑΡΠΙΑ ΑΡΤΗΡΙΑ);;;;;
1694;X631957.203;ΑΣΗΠΤΗ ΝΕΚΡΩΣΗ ΤΟΥ ΜΗΝΟΕΙΔΟΥΣ (ΝΟΣΟΣ KIENBOCK).ΟΣΤΕΟΤΟΜΙΑ ΒΡΑΧΥΝΣΗΣ ΤΗΣ ΚΕΡΚΙΔΟΣ ΜΕ  ΤΡΥΠΑΝΙΣΜΟ  ΚΑΙ  ΜΕΤΑΦΟΡΑ ΑΓΓΕΙΑΚΟΥ ΜΙΣΧΟΥ ΕΝΤΟΣ ΤΟΥ ΜΗΝΟΕΙΔΟΥΣ (ΜΕΤΑΚΑΡΠΙΑ ΑΡΤΗΡΙΑ);;;;;
1695;X631957.204;ΑΣΗΠΤΗ ΝΕΚΡΩΣΗ ΤΟΥ ΜΗΝΟΕΙΔΟΥΣ (ΝΟΣΟΣ KIENBOCK).ΤΡΥΠΑΝΙΣΜΟΣ, ΑΦΑΙΡΕΣΗ ΤΟΥ ΝΕΚΡΩΤΙΚΟΥ ΟΣΤΟΥ ΚΑΙ ΜΕΤΑΦΟΡΑ ΕΜΜΙΣΧΟΥ ΑΓΓΕΙΟΥΜΕΝΟΥ ΟΣΤΙΚΟΥ ΜΟΣΧΕΥΜΑΤΟΣ ΑΠΟ ΤΗΝ ΡΑΧΙΑΙΑ ΕΠΙΦΑΝΕΙΑ ΤΗΣ ΚΕΡΚΙΔΟΣ (ΑΓΓΕΙΟ ΑΠΟ ΤΟ 4,5 ο  ΔΙΑΜΕΡΙΣΜΑ ΤΩΝ ΕΚΤΕΙΝΟΝΤΩΝ);;;;;
1696;X631957.205;ΑΣΗΠΤΗ ΝΕΚΡΩΣΗ ΤΟΥ ΜΗΝΟΕΙΔΟΥΣ (ΝΟΣΟΣ KIENBOCK).ΤΡΥΠΑΝΙΣΜΟΣ, ΑΦΑΙΡΕΣΗ ΤΟΥ ΝΕΚΡΩΤΙΚΟΥ ΟΣΤΟΥ ΚΑΙ ΜΕΤΑΦΟΡΑ ΕΜΜΙΣΧΟΥ ΑΓΓΕΙΟΥΜΕΝΟΥ ΟΣΤΙΚΟΥ ΜΟΣΧΕΥΜΑΤΟΣ ΑΠΟ ΤΗΝ ΠΑΛΑΜΙΑΙΑ ΕΠΙΦΑΝΕΙΑ ΤΗΣ ΚΕΡΚΙΔΟΣ ;;;;;
1697;X631957.206;ΑΣΗΠΤΗ ΝΕΚΡΩΣΗ ΤΟΥ ΜΗΝΟΕΙΔΟΥΣ (ΝΟΣΟΣ KIENBOCK).ΤΡΥΠΑΝΙΣΜΟΣ, ΑΦΑΙΡΕΣΗ ΤΟΥ ΝΕΚΡΩΤΙΚΟΥ ΟΣΤΟΥ ΚΑΙ ΜΕΤΑΦΟΡΑ ΕΜΜΙΣΧΟΥ ΑΓΓΕΙΟΥΜΕΝΟΥ ΟΣΤΙΚΟΥ ΜΟΣΧΕΥΜΑΤΟΣ ΑΠΟ ΠΙΣΣΟΕΙΔΕΣ ΟΣΤΟΥΝ;;;;;
1698;X631957.207;ΑΣΗΠΤΗ ΝΕΚΡΩΣΗ ΤΟΥ ΜΗΝΟΕΙΔΟΥΣ (ΝΟΣΟΣ KIENBOCK).ΠΕΡΙΟΡΙΣΜΕΝΕΣ ΑΡΘΡΟΔΕΣΕΙΣ ΤΩΝ ΟΣΤΑΡΙΩΝ ΤΟΥ ΚΑΡΠΟΥ (ΣΚΑΦΟ-ΜΕΙΖΟΝΟ-ΕΛΑΣΣΟ ΠΟΛΥΓΩΝΙΚΗ) ΑΡΘΡΟΔΕΣΗ ) ΜΕ ΕΙΔΙΚΕΣ  ΠΛΑΚΕΣ - ΒΙΔΕΣ ΚΑΙ ΧΡΗΣΗ ΟΜΟΙΟ Η ΑΛΛΟΜΟΣΧΕΥΜΑΤΟΣ.;;;;;
1699;X631957.208;ΑΣΗΠΤΗ ΝΕΚΡΩΣΗ ΤΟΥ ΜΗΝΟΕΙΔΟΥΣ (ΝΟΣΟΣ KIENBOCK).ΠΕΡΙΟΡΙΣΜΕΝΕΣ ΑΡΘΡΟΔΕΣΕΙΣ ΤΩΝ ΟΣΤΑΡΙΩΝ ΤΟΥ ΚΑΡΠΟΥ (ΑΡΘΡΟΔΕΣΗ ΚΕΦΑΛΩΤΟΥ - ΑΓΚΙΣΤΡΩΤΟΥ)ΜΕ ΕΙΔΙΚΕΣ  ΠΛΑΚΕΣ - ΒΙΔΕΣ ΚΑΙ ΧΡΗΣΗ ΟΜΟΙΟ Η ΑΛΛΟΜΟΣΧΕΥΜΑΤΟΣ.;;;;;
1700;X631957.209;ΑΣΗΠΤΗ ΝΕΚΡΩΣΗ ΤΟΥ ΜΗΝΟΕΙΔΟΥΣ (ΝΟΣΟΣ KIENBOCK). ΑΦΑΙΡΕΣΗ ΤΩΝ ΟΣΤΑΡΙΩΝ ΤΟΥ ΕΓΓΥΣ ΣΤΟΙΧΟΥ ΤΟΥ ΚΑΡΠΟΥ (PROXIMAL ROW CARPECTOMY);;;;;
1701;X631957.210;ΑΣΗΠΤΗ ΝΕΚΡΩΣΗ ΤΟΥ ΜΗΝΟΕΙΔΟΥΣ (ΝΟΣΟΣ KIENBOCK). ΓΕΝΙΚΕΥΜΕΝΗ ΑΡΘΡΙΤΙΔΑ ΤΟΥ ΚΑΡΠΟΥ, ΚΕΡΚΙΔΟΚΑΡΠΙΚΗ ΑΡΘΡΟΔΕΣΗ ΜΕ ΕΙΔΙΚΕΣ  ΠΛΑΚΕΣ - ΒΙΔΕΣ ΚΑΙ ΧΡΗΣΗ ΟΜΟΙΟ Η ΑΛΛΟΜΟΣΧΕΥΜΑΤΟΣ.;;;;;
1702;X631957.211;ΣΥΓΚΑΜΨΗ ΠΗΧΕΟΚΑΡΠΙΚΗΣ: ΚΙΝΗΤΟΠΟΙΗΣΗ ΑΡΘΡΩΣΗΣ ΥΠΟ ΑΝΑΙΣΘΗΣΙΑ;;;;;
1703;X631957.212;ΣΥΓΚΑΜΨΗ ΠΗΧΕΟΚΑΡΠΙΚΗΣ: ΑΝΟΙΚΤΗ ΘΥΛΑΚΟΤΟΜΗ Ή ΘΥΛΑΚΕΚΤΟΜΗ;;;;;
1704;X631957.213;ΣΥΓΚΑΜΨΗ ΠΗΧΕΟΚΑΡΠΙΚΗΣ: ΑΡΘΡΟΣΚΟΠΙΚΗ ΘΥΛΑΚΟΤΟΜΗ Ή ΘΥΛΑΚΕΚΤΟΜΗ;;;;;
1705;X631957.214;ΣΥΓΚΑΜΨΗ ΠΗΧΕΟΚΑΡΠΙΚΗΣ: ΑΝΟΙΚΤΗ ΕΚΤΟΜΗ ΘΥΛΑΚΟΥ, ΜΑΛΑΚΩΝ ΜΟΡΙΩΝ, Ή/ΚΑΙ ΕΚΤΟΠΗΣ ΟΣΤΕΟΠΟΙΗΣΗΣ;;;;;
1706;X631957.215;ΣΥΓΚΑΜΨΗ ΠΗΧΕΟΚΑΡΠΙΚΗΣ: ΧΕΙΡΟΥΡΓΙΚΗ ΑΦΑΙΡΕΣΗ ΕΓΓΥΣ ΣΤΙΧΟΥ ΚΑΡΠΟΥ;;;;;
1707;X631957.216;ΑΠΟΣΥΜΠΙΕΣΗ ΕΚΤΕΙΝΟΝΤΑ ΣΤΟΝ ΚΑΡΠΟ ΜΕ ΔΙΑΤΟΜΗ ΕΛΥΤΡΟΥ  ΕΚΤΕΙΝΟΝΤΑ ΤΕΝΟΝΤΑ ΣΤΟΝ ΚΑΡΠΟ (Π.Χ. ΤΕΝΟΝΤΟΕΛΥΤΡΙΤΙΔΑ DE QUERVAIN);;;;;
1708;X631957.217;ΑΠΟΣΥΜΠΙΕΣΗ ΚΑΜΠΤΗΡΑ ΣΤΟΝ ΚΑΡΠΟ ΜΕ ΔΙΑΤΟΜΗ ΕΛΥΤΡΟΥ  ΚΑΜΠΤΗΡΑ ΤΕΝΟΝΤΑ ΣΤΟΝ ΚΑΡΠΟ (Π.Χ. ΚΕΡΚΙΔΙΚΟΣ ΚΑΜΠΤΗΡΑΣ ΚΑΡΠΟΥ);;;;;
1709;X631957.218;ΔΙΑΤΟΜΗ ΠΕΡΙΤΟΝΙΑΣ ΓΙΑ ΑΠΟΣΥΜΠΙΕΣΗ ΜΥΩΝ ΣΤΟ ΑΝΤΙΒΡΑΧΙΟ  (ΚΑΜΠΤΗΡΩΝ ΚΑΙ  ΕΚΤΕΙΝΟΝΤΩΝ ) ΣΕ ΣΥΝΔΡΟΜΟ  ΔΙΑΜΕΡΙΣΜΑΤΟΣ. ΧΩΡΙΣ ΚΑΘΑΡΙΣΜΟ ΜΗ ΒΙΩΣΙΜΩΝ ΜΥΩΝ;;;;;
1710;X631957.219;ΔΙΑΤΟΜΗ ΠΕΡΙΤΟΝΙΑΣ ΓΙΑ ΑΠΟΣΥΜΠΙΕΣΗ ΜΥΩΝ ΣΤΟ ΑΝΤΙΒΡΑΧΙΟ  (ΚΑΜΠΤΗΡΩΝ ΚΑΙ ΕΚΤΕΙΝΟΝΤΩΝ ) ΣΕ ΣΥΝΔΡΟΜΟ  ΔΙΑΜΕΡΙΣΜΑΤΟΣ. ΜΕ ΚΑΘΑΡΙΣΜΟ ΜΗ ΒΙΩΣΙΜΩΝ ΜΥΩΝ;;;;;
1711;X631957.220;ΔΙΑΤΟΜΗ ΤΕΝΟΝΤΑ, ΑΝΤΙΒΡΑΧΙΟΥ ΚΑΙ/Ή ΚΑΡΠΟΥ, ΚΑΜΠΤΗΡΑΣ Ή ΕΚΤΕΙΝΩΝ, ΚΑΘΕ ΔΙΑΤΟΜΗ;;;;;
1712;X631957.221;ΑΦΑΙΡΕΣΗ ΒΛΑΒΗ ΕΛΥΤΡΟΥ ΤΕΝΟΝΤΑ, ΑΝΤΙΒΡΑΧΙΟΥ ΚΑΙ/Ή ΚΑΡΠΟΥ, ΚΑΘΕ ΔΙΑΜΕΡΙΣΜΑΤΟΣ;;;;;
1713;X631957.222;ΡΙΖΙΚΗ ΑΦΑΙΡΕΣΗ ΘΥΛΑΚΟΥ, ΥΜΕΝΑ ΚΑΡΠΟΥ Ή ΤΕΝΟΝΤΙΩΝ ΕΛΥΤΡΩΝ ΑΝΤΙΒΡΑΧΙΟΥ,   (Π.Χ., ΤΕΝΟΝΤΟΕΛΥΤΡΙΤΙΔΑ, ΜΗΚΥΤΕΣ, TBC, Ή ΑΛΛΑ ΚΟΚΚΙΩΜΑΤΑ, ΡΕΥΜΑΤΟΕΙΔΗΣ ΑΡΘΡΙΤΙΔΑ) ΚΑΙ ΚΑΘΑΡΙΣΜΟΣ ΚΑΜΠΤΗΡΩΝ ΤΕΝΟΝΤΩΝ;;;;;
1714;X631957.223;ΡΙΖΙΚΗ ΑΦΑΙΡΕΣΗ ΘΥΛΑΚΟΥ, ΥΜΕΝΑ ΚΑΡΠΟΥ Ή ΤΕΝΟΝΤΙΩΝ ΕΛΥΤΡΩΝ ΑΝΤΙΒΡΑΧΙΟΥ,   (Π.Χ., ΤΕΝΟΝΤΟΕΛΥΤΡΙΤΙΔΑ, ΜΗΚΥΤΕΣ, TBC, Ή ΑΛΛΑ ΚΟΚΚΙΩΜΑΤΑ, ΡΕΥΜΑΤΟΕΙΔΗΣ ΑΡΘΡΙΤΙΔΑ) ΚΑΙ ΚΑΘΑΡΙΣΜΟΣ ΕΚΤΕΙΝΟΝΤΩΝ ΤΕΝΟΝΤΩΝ - ΜΕ Ή ΧΩΡΙΣ ΠΛΑΣΤΙΚΗ ΡΑΧΙΑΙΟΥ  ΚΑΘΕΚΤΙΚΟΥ ΣΥΝΔΕΣΜΟΥ;;;;;
1715;X631957.224;ΥΜΕΝΕΚΤΟΜΗ,  ΕΛΥΤΡΟ ΕΚΤΕΙΝΟΝΤΟΣ ΤΕΝΟΝΤΑ, ΚΑΡΠΟΣ, ΜΟΝΗΡΕΣ ΔΙΑΜΕΡΙΣΜΑ.;;;;;
1716;X631957.225;ΑΠΟΚΑΤΑΣΤΑΣΗ ΚΑΜΠΤΗΡΑ ΤΕΝΟΝΤΑ Ή ΜΥ, ΑΝΤΙΒΡΑΧΙΟΥ Η ΚΑΡΠΟΥ ΜΕ ΣΥΡΡΑΦΗ-ΠΡΩΤΟΓΕΝΗΣ. ΜΟΝΗΡΗΣ, ΚΑΘΕ ΤΕΝΟΝΤΑΣ Ή ΜΥΣ;;;;;
1717;X631957.226;ΑΠΟΚΑΤΑΣΤΑΣΗ ΚΑΜΠΤΗΡΑ ΤΕΝΟΝΤΑ Ή ΜΥ, ΑΝΤΙΒΡΑΧΙΟΥ Η ΚΑΡΠΟΥ ΜΕ ΣΥΡΡΑΦΗ- ΔΕΥΤΕΡΟΓΕΝΗΣ. ΜΟΝΗΡΗΣ, ΚΑΘΕ ΤΕΝΟΝΤΑΣ Ή ΜΥΣ;;;;;
1718;X631957.227;ΑΠΟΚΑΤΑΣΤΑΣΗ ΚΑΜΠΤΗΡΑ ΤΕΝΟΝΤΑ Ή ΜΥ, ΑΝΤΙΒΡΑΧΙΟΥ Η ΚΑΡΠΟΥ. ΔΕΥΤΕΡΟΓΕΝΗΣ, ΜΕ ΕΛΕΥΘΕΡΟ ΜΟΣΧΕΥΜΑ (ΠΕΡΙΛΑΜΒΑΝΕΙ ΛΗΨΗ ΜΟΣΧΕΥΜΑΤΟΣ), ΚΑΘΕ ΤΕΝΟΝΤΑΣ Ή ΜΥΣ;;;;;
1719;X631957.228;ΑΠΟΚΑΤΑΣΤΑΣΗ ΕΚΤΕΙΝΟΝΤΑ ΤΕΝΟΝΤΑ Ή ΜΥ, ΑΝΤΙΒΡΑΧΙΟΥ Η ΚΑΡΠΟΥ ΜΕ ΣΥΡΡΑΦΗ-ΠΡΩΤΟΓΕΝΗΣ. ΜΟΝΗΡΗΣ, ΚΑΘΕ ΤΕΝΟΝΤΑΣ Ή ΜΥΣ;;;;;
1720;X631957.229;ΑΠΟΚΑΤΑΣΤΑΣΗ ΕΚΤΕΙΝΟΝΤΑ ΤΕΝΟΝΤΑ Ή ΜΥ, ΑΝΤΙΒΡΑΧΙΟΥ Η ΚΑΡΠΟΥ ΜΕ ΣΥΡΡΑΦΗ- ΔΕΥΤΕΡΟΓΕΝΗΣ. ΜΟΝΗΡΗΣ, ΚΑΘΕ ΤΕΝΟΝΤΑΣ Ή ΜΥΣ;;;;;
1721;X631957.230;ΑΠΟΚΑΤΑΣΤΑΣΗ ΕΚΤΕΙΝΟΝΤΑ ΤΕΝΟΝΤΑ Ή ΜΥ, ΑΝΤΙΒΡΑΧΙΟΥ Η ΚΑΡΠΟΥ. ΔΕΥΤΕΡΟΓΕΝΗΣ, ΜΕ ΕΛΕΥΘΕΡΟ ΜΟΣΧΕΥΜΑ (ΠΕΡΙΛΑΜΒΑΝΕΙ ΛΗΨΗ ΜΟΣΧΕΥΜΑΤΟΣ), ΚΑΘΕ ΤΕΝΟΝΤΑΣ Ή ΜΥΣ;;;;;
1722;X631957.231;ΑΠΟΚΑΤΑΣΤΑΣΗ ΕΛΥΤΡΟΥ ΕΚΤΕΙΝΟΝΤΑ ΤΕΝΟΝΤΑ, ΑΝΤΒΡΑΧΙΟΥ Ή ΚΑΡΠΟΥ, ΜΕ ΕΛΕΥΘΕΡΟ ΜΟΣΧΕΥΜΑ (ΠΕΡΙΛΑΜΒΑΝΕΙ ΤΗ ΛΗΨΗ ΜΟΣΧΕΥΜΑΤΟΣ) (Π.Χ. ΥΠΕΡΕΞΑΡΘΡΗΜΑ ΩΛΕΝΙΟΥ ΕΚΤΕΙΝΟΝΤΑ ΤΟΝ ΚΑΡΠΟ);;;;;
1723;X631957.232;ΕΠΙΜΗΚΥΝΣΗ Ή ΒΡΑΧΥΝΣΗ, ΚΑΜΠΤΗΡΑ Ή ΕΚΤΕΙΝΟΝΤΑ ΤΕΝΟΝΤΑ, ΑΝΤΙΒΡΑΧΙΟΥ Ή ΚΑΡΠΟΥ, ΜΟΝΗΡΗΣ, ΚΑΘΕ ΤΕΝΟΝΤΑΣ;;;;;
1724;X631957.233;ΤΕΝΟΤΟΜΗ ΑΝΟΙΚΤΗ, ΚΑΜΠΤΗΡΑ Ή ΕΚΤΕΙΝΟΝΤΑ ΤΕΝΟΝΤΑ, ΑΝΤΙΒΡΑΧΙΟΥ Ή ΚΑΡΠΟΥ,  ΜΟΝΗΡΗΣ, ΚΑΘΕ ΤΕΝΟΝΤΑΣ;;;;;
1725;X631957.234;ΤΕΝΟΛΥΣΗ ΚΑΜΠΤΗΡΑ Ή ΕΚΤΕΙΝΟΝΤΑ ΤΕΝΟΝΤΑ, ΑΝΤΙΒΡΑΧΙΟΥ Ή ΚΑΡΠΟΥ, ΜΟΝΗΡΗΣ, ΚΑΘΕ ΤΕΝΟΝΤΑΣ;;;;;
1726;X631957.235;ΤΕΝΟΔΕΣΗ ΣΤΟΝ ΚΑΡΠΟ. ΚΑΜΠΤΗΡΕΣ ΔΑΚΤΥΛΩΝ;;;;;
1727;X631957.236;ΤΕΝΟΔΕΣΗ ΣΤΟΝ ΚΑΡΠΟ. ΕΚΤΕΙΝΟΝΤΕΣ ΔΑΚΤΥΛΩΝ;;;;;
1728;X631957.237;ΤΕΝΟΝΤΟΜΕΤΑΦΟΡΑ, ΚΑΜΠΤΗΡΑ Ή ΕΚΤΕΙΝΟΝΤΑ, ΥΠΤΙΑΣΤΗ Η ΠΡΗΝΙΣΤΗ, ΑΝΤΙΒΡΑΧΙΟΥ Ή ΚΑΡΠΟΥ, ΜΟΝΗΡΗΣ, ΚΑΘΕ ΤΕΝΟΝΤΑ;;;;;
1729;X631957.238;ΤΕΝΟΝΤΟΜΕΤΑΦΟΡΑ, ΚΑΜΠΤΗΡΑ Ή ΕΚΤΕΙΝΟΝΤΑ, ΥΠΤΙΑΣΤΗ Η ΠΡΗΝΙΣΤΗ, ΑΝΤΙΒΡΑΧΙΟΥ Ή ΚΑΡΠΟΥ, ΜΟΝΗΡΗΣ. ΜΕ ΜΟΣΧΕΥΜΑΤΑ ΤΕΝΟΝΤΑ (ΠΕΡΙΛΑΜΒΑΝΕΙ ΤΗΝ ΛΗΨΗ ΜΟΣΧΕΥΜΑΤΟΣ),  ΚΑΘΕ ΤΕΝΟΝΤΑΣ;;;;;
1730;X631957.239;ΜΕΤΑΘΕΣΗ  ΕΚΦΥΣΗΣ ΚΑΜΠΤΗΡΑ (Π.Χ. ΡΙΚΝΩΣΗ VOLKMANN) ΑΝΤΙΒΡΑΧΙΟΥ ;;;;;
1731;X631957.240;ΜΕΤΑΘΕΣΗ  ΕΚΦΥΣΗΣ ΚΑΜΠΤΗΡΑ (Π.Χ. ΡΙΚΝΩΣΗ VOLKMANN) ΑΝΤΙΒΡΑΧΙΟΥ ΜΕ ΜΕΤΑΦΟΡΑ ΤΕΝΟΝΤΑ/ΩΝ;;;;;
1732;X631957.241;ΜΕΤΑΘΕΣΗ  ΕΚΦΥΣΗΣ ΚΑΜΠΤΗΡΑ (Π.Χ. ΡΙΚΝΩΣΗ VOLKMANN) ΑΝΤΙΒΡΑΧΙΟΥ ΜΕ ΜΕΤΑΦΟΡΑ ΤΕΝΟΝΤΑ/ΩΝ ΚΑΙ ΜΕΤΑΘΕΣΗ ΕΚΦΥΣΗΣ ΕΚΤΕΙΝΟΝΤΩΝ;;;;;
1733;X631957.242;ΜΕΤΑΦΟΡΑ ΕΛΕΥΘΕΡΟΥ ΛΕΙΤΟΥΡΓΙΚΟΥ ΜΥΟΣ ΑΝΤΙΒΡΑΧΙΟΥ-1ο ΣΤΑΔΙΟ ΜΕΤΑΦΟΡΑ ΝΕΥΡΩΝ ΚΑΙ ΝΕΥΡΙΚΩΝ ΜΟΣΧΕΥΜΑΤΩΝ;;;;;
1734;X631957.243;ΜΕΤΑΦΟΡΑ ΕΛΕΥΘΕΡΟΥ ΛΕΙΤΟΥΡΓΙΚΟΥ ΜΥΟΣ ΑΝΤΙΒΡΑΧΙΟΥ-2ο ΣΤΑΔΙΟ ΛΗΨΗ ΕΛΕΥΘΕΡΟΥ ΜΥΟΣ ΚΑΙ ΤΟΠΟΘΕΤΗΣΗ ΣΤΟ ΑΝΤΙΒΡΑΧΙΟ ΜΕ ΣΥΡΡΑΦΗ ΤΕΝΟΝΤΩΝ ΚΑΙ ΑΓΓΕΙΑΚΗ ΑΝΑΣΤΟΜΩΣΗ;;;;;
1735;X631957.244;ΑΠΟΚΑΤΆΣΤΑΣΗ ΑΝΕΠΆΡΚΕΙΑΣ Ή ΈΛΛΕΙΨΗΣ ΤΗΣ ΚΕΡΚΊΔΑΣ (RADIAL DEFICIENCY);;;;;
1736;X631957.245;ΔΙΌΡΘΩΣΗ ΠΑΡΑΜΌΡΦΩΣΗΣ MADELUNG ΜΕ ΑΠΕΛΕΥΘΈΡΩΣΗ ΣΥΝΔΈΣΜΩΝ ΚΑΙ ΘΟΛΩΤΉ ΟΣΤΕΟΤΟΜΊΑ ΚΕΡΚΊΔΑΣ;;;;;
1737;X631957.246;ΑΠΟΚΑΤΆΣΤΑΣΗ ΑΝΕΠΆΡΚΕΙΑΣ Ή ΈΛΛΕΙΨΗΣ ΩΛΈΝΗΣ (ULNAR DEFICIENCY);;;;;
1738;X631957.247;ΔΙΑΚΟΠΗ ΕΠΙΦΥΣΙΑΚΗΣ ΑΝΑΠΤΥΞΗΣ ΚΕΡΚΙΔΑΣ Ή ΩΛΕΝΗΣ;;;;;
1739;X631957.248;ΔΙΑΚΟΠΗ ΕΠΙΦΥΣΙΑΚΗΣ ΑΝΑΠΤΥΞΗΣ ΚΕΡΚΙΔΑΣ ΚΑΙ ΩΛΕΝΗΣ;;;;;
1740;X631957.249;ΒΙΟΨΙΑ, ΜΑΛΑΚΩΝ ΜΟΡΙΩΝ ΑΝΤΙΒΡΑΧΙΟΥ ΚΑΙ/Ή ΚΑΡΠΟΥ. ΕΠΙΦΑΝΕΙΑΚΗ . ΑΝΟΙΚΤΉ Ή ΔΙΑ ΒΕΛΟΝΗΣ CORE BIOPSY;;;;;
1741;X631957.250;ΒΙΟΨΙΑ, ΜΑΛΑΚΩΝ ΜΟΡΙΩΝ ΑΝΤΙΒΡΑΧΙΟΥ ΚΑΙ/Ή ΚΑΡΠΟΥ. ΕΝ ΤΩ ΒΑΘΕΙ (ΥΠΟΠΕΡΙΤΟΝΙΑΚΗ Ή ΕΝΔΟΜΥΪΚΗ )ΑΝΟΙΚΤΉ Ή ΔΙΑ ΒΕΛΟΝΗΣ CORE BIOPSY;;;;;
1742;X631957.251;ΑΦΑΙΡΕΣΗ, ΟΓΚΟΥ, ΜΑΛΑΚΩΝ ΜΟΡΙΩΝ ΑΝΤΙΒΡΑΧΙΟΥ ΚΑΙ/Ή ΚΑΡΠΟΥ. ΥΠΟΔΟΡΙΑ;;;;;
1743;X631957.252;ΑΦΑΙΡΕΣΗ, ΟΓΚΟΥ, ΜΑΛΑΚΩΝ ΜΟΡΙΩΝ ΑΝΤΙΒΡΑΧΙΟΥ ΚΑΙ/Ή ΚΑΡΠΟΥ. ΕΝ ΤΩ ΒΑΘΕΙ (ΥΠΟΠΕΡΙΤΟΝΙΑΚΗ Ή ΕΝΔΟΜΥΪΚΗ);;;;;
1744;X631957.253;ΡΙΖΙΚΗ ΕΚΤΟΜΗ ΟΓΚΟΥ (Π.Χ. ΚΑΚΟΗΘΕΣ ΝΕΟΠΛΑΣΜΑ), ΜΑΛΑΚΑ ΜΟΡΙΑ ΑΝΤΙΒΡΑΧΙΟΥ ΚΑΙ/Ή ΚΑΡΠΟΥ;;;;;
1745;X631957.254;ΑΦΑΙΡΕΣΗ Ή ΑΠΟΞΕΣΗ ΚΥΣΤΗΣ ΟΣΤΟΥ Ή ΚΑΛΟΗΘΟΥΣ ΟΓΚΟΥ, ΚΕΡΚΙΔΑΣ Ή ΩΛΕΝΗΣ ΕΚΤΟΣ ΤΗΣ ΚΕΦΑΛΗΣ Ή ΤΟΥ ΑΥΧΕΝΑ ΚΕΡΚΙΔΑΣ ΚΑΙ ΤΗΝ ΑΠΟΦΥΣΗ ΩΛΕΚΡΑΝΟΥ).;;;;;
1746;X631957.255;ΑΦΑΙΡΕΣΗ Ή ΑΠΟΞΕΣΗ ΚΥΣΤΗΣ ΟΣΤΟΥ Ή ΚΑΛΟΗΘΟΥΣ ΟΓΚΟΥ, ΚΕΡΚΙΔΑΣ Ή ΩΛΕΝΗΣ ΕΚΤΟΣ ΤΗΣ ΚΕΦΑΛΗΣ Ή  ΑΥΧΕΝΑ ΚΕΡΚΙΔΑΣ  ΚΑΙ ΤΗΝ ΑΠΟΦΥΣΗ ΩΛΕΚΡΑΝΟΥ).ΜΕ ΑΝΑΓΓΕΙΟ ΟΣΤΙΚΟ ΑΥΤΟΜΟΣΧΕΥΜΑ (ΠΕΡΙΛΑΜΒΑΝΕΙ ΤΗΝ ΛΗΨΗ ΜΟΣΧΕΥΜΑΤΟΣ);;;;;
1747;X631957.256;ΑΦΑΙΡΕΣΗ Ή ΑΠΟΞΕΣΗ ΚΥΣΤΗΣ ΟΣΤΟΥ Ή ΚΑΛΟΗΘΟΥΣ ΟΓΚΟΥ, ΚΕΡΚΙΔΑΣ Ή ΩΛΕΝΗΣ ΕΚΤΟΣ ΤΗΣ ΚΕΦΑΛΗΣ Ή  ΑΥΧΕΝΑ ΚΕΡΚΙΔΑΣ  ΚΑΙ ΤΗΝ ΑΠΟΦΥΣΗ ΩΛΕΚΡΑΝΟΥ).ΜΕ ΑΓΓΕΙΟΥΜΕΝΟ ΟΣΤΙΚΟ ΑΥΤΟΜΟΣΧΕΥΜΑ (ΠΕΡΙΛΑΜΒΑΝΕΙ ΤΗΝ ΛΗΨΗ ΜΟΣΧΕΥΜΑΤΟΣ ΚΑΙ ΤΗ ΔΗΜΙΟΥΡΓΙΑ ΑΓΓΕΙΑΚΩΝ ΑΝΑΣΤΟΜΟΣΕΩΝ );;;;;
1748;X631957.257;ΑΦΑΙΡΕΣΗ Ή ΑΠΟΞΕΣΗ ΚΥΣΤΗΣ ΟΣΤΟΥ Ή ΚΑΛΟΗΘΟΥΣ ΟΓΚΟΥ, ΚΕΡΚΙΔΑΣ Ή ΩΛΕΝΗΣ ΕΚΤΟΣ ΤΗΣ ΚΕΦΑΛΗΣ Ή  ΑΥΧΕΝΑ ΚΕΡΚΙΔΑΣ  ΚΑΙ ΤΗΝ ΑΠΟΦΥΣΗ ΩΛΕΚΡΑΝΟΥ).ΜΕ ΑΓΓΕΙΟΥΜΕΝΟ ΚΡΗΜΝΟ  ΤΟΠΙΚΟ Ή ΕΛΕΥΘΕΡΟ (ΠΕΡΙΛΑΜΒΑΝΕΙ ΤΗΝ ΛΗΨΗ ΜΟΣΧΕΥΜΑΤΟΣ ΚΑΙ ΤΗ ΔΗΜΙΟΥΡΓΙΑ ΑΓΓΕΙΑΚΩΝ ΑΝΑΣΤΟΜΟΣΕΩΝ );;;;;
1749;X631957.258;ΑΦΑΙΡΕΣΗ Ή ΑΠΟΞΕΣΗ ΚΥΣΤΗΣ ΟΣΤΟΥ Ή ΚΑΛΟΗΘΟΥΣ ΟΓΚΟΥ, ΚΕΡΚΙΔΑΣ Ή ΩΛΕΝΗΣ ΕΚΤΟΣ ΤΗΣ ΚΕΦΑΛΗΣ Ή  ΑΥΧΕΝΑ ΚΕΡΚΙΔΑΣ  ΚΑΙ ΤΗΝ ΑΠΟΦΥΣΗ ΩΛΕΚΡΑΝΟΥ).ΜΕ ΑΛΛΟΜΟΣΧΕΥΜΑ;;;;;
1750;X631957.259;ΑΦΑΙΡΕΣΗ Ή ΑΠΟΞΕΣΗ ΚΥΣΤΗΣ Ή ΚΑΥΤΗΡΙΑΣΜΟΣ ΧΗΜΙΚΟΣ  ΟΣΤΟΥ Ή ΚΑΛΟΗΘΟΥΣ ΟΓΚΟΥ ΟΣΤΩΝ ΤΟΥ ΚΑΡΠΟΥ.;;;;;
1751;X631957.260;ΑΦΑΙΡΕΣΗ Ή ΑΠΟΞΕΣΗ ΚΥΣΤΗΣ ΟΣΤΟΥ Ή ΚΑΛΟΗΘΟΥΣ ΟΓΚΟΥ  ΟΣΤΩΝ ΤΟΥ ΚΑΡΠΟΥ. ΜΕ ΑΥΤΟΜΟΣΧΕΥΜΑ (ΠΕΡΙΛΑΜΒΑΝΕΙ ΤΗΝ ΛΗΨΗ ΜΟΣΧΕΥΜΑΤΟΣ);;;;;
1752;X631957.261;ΑΦΑΙΡΕΣΗ Ή ΑΠΟΞΕΣΗ ΚΥΣΤΗΣ ΟΣΤΟΥ Ή ΚΑΛΟΗΘΟΥΣ ΟΓΚΟΥ ΟΣΤΩΝ ΤΟΥ ΚΑΡΠΟΥ. ΜΕ ΑΛΛΟΜΟΣΧΕΥΜΑ;;;;;
1753;X631957.262;ΑΦΑΙΡΕΣΗ Ή ΑΠΟΞΕΣΗ ΚΥΣΤΗΣ ΟΣΤΟΥ Ή ΚΑΛΟΗΘΟΥΣ ΟΓΚΟΥ ΟΣΤΩΝ ΤΟΥ ΚΑΡΠΟΥ. ΜΕ ΤΣΙΜΕΝΤΟ PMMA ;;;;;
1754;X631957.263;ΑΦΑΙΡΕΣΗ ΟΓΚΟΥ ΝΕΥΡΙΚΉΣ ΑΡΧΗΣ  ΣΤΟ ΑΝΤΙΒΡΑΧΙΟ Ή ΚΑΡΠΟ ΜΕ Ή ΧΩΡΙΣ ΑΠΟΚΑΤΑΣΤΑΣΗ ΜΕ ΝΕΥΡΙΚΌ ΜΟΣΧΕΥΜΑ ΦΛΕΒΙΚΌ ΜΟΣΧΕΥΜΑ Ή ΝΕΥΡΟ-ΣΩΛΗΝΑ;;;;;
1755;X631979;ΚΑΤΑΓΜΑ ΒΡΑΧΙΟΝΙΟΥ ΚΟΝΔΥΛΟΥ (ΕΣΩ Ή ΕΞΩ): ΚΛΕΙΣΤΗ ΑΝΑΤΑΞΗ;;;;;
1756;X631981;ΚΑΤΑΓΜΑ ΒΡΑΧΙΟΝΙΟΥ ΚΟΝΔΥΛΟΥ (ΕΣΩ Ή ΕΞΩ): ΚΛΕΙΣΤΗ ΑΝΑΤΑΞΗ ΚΑΙ ΔΙΑΔΕΡΜΙΚΗ ΟΣΤΕΟΣΥΝΘΕΣΗ;;;;;
1757;X631999;ΚΑΤΑΓΜΑ ΒΡΑΧΙΟΝΙΟΥ ΚΟΝΔΥΛΟΥ (ΕΣΩ Ή ΕΞΩ): ΑΝΟΙΚΤΗ ΑΝΑΤΑΞΗ ΚΑΙ ΟΣΤΕΟΣΥΝΘΕΣΗ (ΕΣΩΤΕΡΙΚΗ Ή ΕΞΩΤΕΡΙΚΗ);;;;;
1758;X632009;ΚΑΤΑΓΜΑ ΠΑΡΑΤΡΟΧΙΛΙΑΣ Ή ΠΑΡΑΚΟΝΔΥΛΙΑΣ ΑΠΟΦΥΣΗΣ: ΚΛΕΙΣΤΗ ΑΝΑΤΑΞΗ;;;;;
1759;X632019;ΚΑΤΑΓΜΑ ΠΑΡΑΤΡΟΧΙΛΙΑΣ Ή ΠΑΡΑΚΟΝΔΥΛΙΑΣ ΑΠΟΦΥΣΗΣ: ΚΛΕΙΣΤΗ ΑΝΑΤΑΞΗ ΚΑΙ ΔΙΑΔΕΡΜΙΚΗ ΟΣΤΕΟΣΥΝΘΕΣΗ;;;;;
1760;X632027;ΚΑΤΑΓΜΑ ΠΑΡΑΤΡΟΧΙΛΙΑΣ Ή ΠΑΡΑΚΟΝΔΥΛΙΑΣ ΑΠΟΦΥΣΗΣ: ΑΝΟΙΚΤΗ ΑΝΑΤΑΞΗ ΚΑΙ ΟΣΤΕΟΣΥΝΘΕΣΗ (ΕΣΩΤΕΡΙΚΗ Ή ΕΞΩΤΕΡΙΚΗ);;;;;
1761;X632029;ΕΝΔΑΡΘΡΙΚΟ ΚΑΤΑΓΜΑ ΠΕΡΙΦΕΡΙΚΟΥ ΑΚΡΟΥ ΒΡΑΧΙΟΝΙΟΥ (CAPITELLUM Ή ΤΡΟΧΙΛΙΑΣ): ΚΛΕΙΣΤΗ ΑΝΑΤΑΞΗ;;;;;
1762;X632033;ΕΝΔΑΡΘΡΙΚΟ ΚΑΤΑΓΜΑ ΠΕΡΙΦΕΡΙΚΟΥ ΑΚΡΟΥ ΒΡΑΧΙΟΝΙΟΥ (CAPITELLUM Ή ΤΡΟΧΙΛΙΑΣ): ΑΦΙΑΡΕΣΗ ΟΣΤΙΚΩΝ ΤΕΜΑΧΙΩΝ;;;;;
1763;X632039;ΕΝΔΑΡΘΡΙΚΟ ΚΑΤΑΓΜΑ ΠΕΡΙΦΕΡΙΚΟΥ ΑΚΡΟΥ ΒΡΑΧΙΟΝΙΟΥ (CAPITELLUM Ή ΤΡΟΧΙΛΙΑΣ): ΑΝΟΙΚΤΗ ΑΝΑΤΑΞΗ ΚΑΙ ΕΣΩΤΕΡΙΚΗ ΟΣΤΕΟΣΥΝΘΕΣΗ;;;;;
1764;X632049;ΕΞΑΡΘΡΗΜΑ ΑΓΚΩΝΑ: ΚΛΕΙΣΤΗ ΑΝΑΤΑΞΗ;;;;;
1765;X632069;ΕΞΑΡΘΡΗΜΑ ΑΓΚΩΝΑ: ΚΛΕΙΣΤΗ ΑΝΑΤΑΞΗ ΚΑΙ ΤΟΠΟΘΕΤΗΣΗ ΕΞΩΤΕΡΙΚΗΣ ΟΣΤΕΟΣΥΝΘΕΣΗΣ;;;;;
1766;X632079;ΕΞΑΡΘΡΗΜΑ ΑΓΚΩΝΑ: ΑΝΟΙΚΤΗ ΑΝΑΤΑΞΗ;;;;;
1767;X632099;ΕΞΑΡΘΡΗΜΑ ΑΓΚΩΝΑ: ΑΝΟΙΚΤΗ ΑΝΑΤΑΞΗ ΚΑΙ ΤΟΠΟΘΕΤΗΣΗ ΕΞΩΤΕΡΙΚΗΣ ΟΣΤΕΟΣΥΝΘΕΣΗΣ;;;;;
1768;X632109;ΚΑΤΑΓΜΑ ΚΕΦΑΛΗΣ ΚΕΡΚΙΔΟΣ ΜΕ ΚΑΤΑΓΜΑ ΚΟΡΩΝΟΕΙΔΟΥΣ ΑΠΟΦΥΣΗΣ ΜΕ Ή ΧΩΡΙΣ ΕΞΑΡΘΡΗΜΑ ΑΓΚΩΝΟΣ : ΑΝΟΙΚΤΗ ΑΝΑΤΑΞΗ ΚΑΙ ΕΣΩΤΕΡΙΚΗ ΟΣΤΕΟΣΥΝΘΕΣΗ (ΠΕΡΙΛΑΜΒΑΝΕΙ ΚΑΙ ΔΙΕΚΠΡΙΣΗ ΚΕΦΑΛΗΣ ΚΕΡΚΙΔΟΣ);;;;;
1769;X632119;ΚΑΤΑΓΜΑ ΚΕΦΑΛΗΣ ΚΕΡΚΙΔΟΣ ΜΕ ΚΑΤΑΓΜΑ ΚΟΡΩΝΟΕΙΔΟΥΣ ΑΠΟΦΥΣΗΣ ΜΕ Ή ΧΩΡΙΣ ΕΞΑΡΘΡΗΜΑ ΑΓΚΩΝΟΣ : ΑΝΟΙΚΤΗ ΑΝΑΤΑΞΗ ΚΑΙ ΕΣΩΤΕΡΙΚΗ ΟΣΤΕΟΣΥΝΘΕΣΗ ΚΑΙ ΑΡΘΡΟΠΛΑΣΤΙΚΗ ΚΕΦΑΛΗΣ ΚΕΡΚΙΔΟΣ;;;;;
1770;X632159;ΠΕΡΙΑΡΘΡΙΚΟ ΚΑΤΑΓΜΑ ΑΓΚΩΝΟΣ ΜΕ Ή ΧΩΡΙΣ ΕΞΑΡΘΡΗΜΑ ΑΓΚΩΝΟΣ (ΚΑΤΑΓΜΑ ΠΕΡΙΦΕΡΙΚΟΥ ΑΚΡΟΥ ΒΡΑΧΙΟΝΙΟΥ ΚΑΙ ΚΑΤΑΓΜΑ ΚΕΝΤΡΙΚΟΥ ΤΜΗΜΑΤΟΣ ΩΛΕΝΗΣ Ή/ΚΑΙ ΚΑΤΑΓΜΑ ΚΕΝΤΡΙΚΟΥ ΤΜΗΜΑΤΟΣ ΚΕΡΚΙΔΟΣ): ΑΝΟΙΚΤΗ ΑΝΑΤΑΞΗ ΚΑΙ ΟΣΤΕΟΣΥΝΘΕΣΗ (ΕΣΩΤΕΡΙΚΗ Ή/ΚΑΙ ΕΞΩΤΕΡΙΚΗ ΟΣΤΕΟΣΥΝΘΕΣΗ);;;;;
1771;X632169;ΠΕΡΙΑΡΘΡΙΚΟ ΚΑΤΑΓΜΑ ΑΓΚΩΝΟΣ ΜΕ Ή ΧΩΡΙΣ ΕΞΑΡΘΡΗΜΑ ΑΓΚΩΝΟΣ (ΚΑΤΑΓΜΑ ΠΕΡΙΦΕΡΙΚΟΥ ΑΚΡΟΥ ΒΡΑΧΙΟΝΙΟΥ ΚΑΙ ΚΑΤΑΓΜΑ ΚΕΝΤΡΙΚΟΥ ΤΜΗΜΑΤΟΣ ΩΛΕΝΗΣ Ή/ΚΑΙ ΚΑΤΑΓΜΑ ΚΕΝΤΡΙΚΟΥ ΤΜΗΜΑΤΟΣ ΚΕΡΚΙΔΟΣ): ΟΛΙΚΗ ΑΡΘΡΟΠΛΑΣΤΙΚΗ ΑΓΚΩΝΟΣ;;;;;
1772;X632179;ΚΑΤΑΓΜΑ MONTEGGIA (ΚΑΤΑΓΜΑ ΚΕΝΤΡΙΚΟΥ ΤΜΗΜΑΤΟΣ ΩΛΕΝΗΣ ΚΑΙ ΕΞΑΡΘΡΗΜΑ ΤΗΣ ΚΕΦΑΛΗΣ ΚΕΡΚΙΔΟΣ): ΚΛΕΙΣΤΗ ΑΝΑΤΑΞΗ;;;;;
1773;X632189;ΚΑΤΑΓΜΑ MONTEGGIA (ΚΑΤΑΓΜΑ ΚΕΝΤΡΙΚΟΥ ΤΜΗΜΑΤΟΣ ΩΛΕΝΗΣ ΚΑΙ ΕΞΑΡΘΡΗΜΑ ΤΗΣ ΚΕΦΑΛΗΣ ΚΕΡΚΙΔΟΣ): ΑΝΟΙΚΤΗ ΑΝΑΤΑΞΗ ΚΑΙ ΟΣΤΕΟΣΥΝΘΕΣΗ (ΕΣΩΤΕΡΙΚΗ Ή ΕΞΩΤΕΡΙΚΗ);;;;;
1774;X632191;ΥΠΕΞΑΡΘΡΗΜΑ ΚΕΦΑΛΗΣ ΚΕΡΚΙΔΟΣ ΣΕ ΠΑΙΔΙ: ΚΛΕΙΣΤΗ ΑΝΑΤΑΞΗ;;;;;
1775;X632193;ΚΑΤΑΓΜΑ ΚΕΦΑΛΗΣ ΚΕΡΚΙΔΟΣ Ή /ΚΑΙ ΚΕΡΚΙΔΙΚΟΥ ΑΥΧΕΝΑ: ΚΛΕΙΣΤΗ ΑΝΑΤΑΞΗ;;;;;
1776;X632201;ΚΑΤΑΓΜΑ ΚΕΦΑΛΗΣ ΚΕΡΚΙΔΟΣ Ή /ΚΑΙ ΚΕΡΚΙΔΙΚΟΥ ΑΥΧΕΝΑ: ΑΝΟΙΚΤΗ ΑΝΑΤΑΞΗ ΚΑΙ ΕΣΩΤΕΡΙΚΗ ΟΣΤΕΟΣΥΝΘΕΣΗ;;;;;
1777;X632205;ΚΑΤΑΓΜΑ ΚΕΦΑΛΗΣ ΚΕΡΚΙΔΟΣ Ή /ΚΑΙ ΚΕΡΚΙΔΙΚΟΥ ΑΥΧΕΝΑ: ΔΙΕΚΠΡΙΣΗ ΚΕΦΑΛΗΣ ΚΕΡΚΙΔΟΣ;;;;;
1778;X632209;ΚΑΤΑΓΜΑ ΚΕΦΑΛΗΣ ΚΕΡΚΙΔΟΣ Ή /ΚΑΙ ΚΕΡΚΙΔΙΚΟΥ ΑΥΧΕΝΑ: ΑΡΘΡΟΠΛΑΣΤΙΚΗ ΚΕΦΑΛΗΣ ΚΕΡΚΙΔΟΣ;;;;;
1779;X632219;ΚΑΤΑΓΜΑ ΩΛΕΚΡΑΝΟΥ: ΚΛΕΙΣΤΗ ΑΝΑΤΑΞΗ;;;;;
1780;X632229;ΚΑΤΑΓΜΑ ΩΛΕΚΡΑΝΟΥ: ΑΝΟΙΚΤΗ ΑΝΑΤΑΞΗ ΚΑΙ ΟΣΤΕΟΣΥΝΘΕΣΗ (ΕΣΩΤΕΡΙΚΗ Ή ΕΞΩΤΕΡΙΚΗ);;;;;
1781;X632239;ΚΑΤΑΓΜΑ ΚΟΡΩΝΟΕΙΔΟΥΣ ΑΠΟΦΥΣΗΣ: ΑΝΟΙΚΤΗ ΑΝΑΤΑΞΗ ΚΑΙ ΕΣΩΤΕΡΙΚΗ ΟΣΤΕΟΣΥΝΘΕΣΗ;;;;;
1782;X632249;ΡΗΞΗ ΕΞΩ ΠΛΑΓΙΟΥ ΣΥΝΔΕΣΜΟΥ ΑΓΚΩΝΟΣ: ΣΥΝΔΕΣΜΟΠΛΑΣΤΙΚΗ ΜΕ ΤΟΠΙΚΟΥΣ ΙΣΤΟΥΣ;;;;;
1783;X632279;ΡΗΞΗ ΕΞΩ ΠΛΑΓΙΟΥ ΣΥΝΔΕΣΜΟΥ ΑΓΚΩΝΟΣ: ΣΥΝΔΕΣΜΟΠΛΑΣΤΙΚΗ ΜΕ ΤΕΝΟΝΤΙΟ ΜΟΣΧΕΥΜΑ (ΠΕΡΙΛΑΜΒΑΝΕΙ ΚΑΙ ΤΗ ΛΗΨΗ ΜΟΣΧΕΥΜΑΤΟΣ);;;;;
1784;X632299;ΡΗΞΗ ΕΣΩ ΠΛΑΓΙΟΥ ΣΥΝΔΕΣΜΟΥ ΑΓΚΩΝΟΣ: ΣΥΝΔΕΣΜΟΠΛΑΣΤΙΚΗ ΜΕ ΤΟΠΙΚΟΥΣ ΙΣΤΟΥΣ;;;;;
1785;X632319;ΡΗΞΗ ΕΣΩ ΠΛΑΓΙΟΥ ΣΥΝΔΕΣΜΟΥ ΑΓΚΩΝΟΣ: ΣΥΝΔΕΣΜΟΠΛΑΣΤΙΚΗ ΜΕ ΤΕΝΟΝΤΙΟ ΜΟΣΧΕΥΜΑ (ΠΕΡΙΛΑΜΒΑΝΕΙ ΚΑΙ ΤΗ ΛΗΨΗ ΜΟΣΧΕΥΜΑΤΟΣ);;;;;
1786;X632329;ΑΦΑΙΡΕΣΗ ΕΞΩΤΕΡΙΚΗΣ ΟΣΤΕΟΣΥΝΘΕΣΗΣ ΒΡΑΧΙΟΝΙΟΥ Ή ΑΓΚΩΝΟΣ;;;;;
1787;X632359;ΑΝΑΘΕΩΡΗΣΗ Ή ΔΙΟΡΘΩΣΗ ΕΞΩΤΕΡΙΚΗΣ ΟΣΤΕΟΣΥΝΘΕΣΗΣ ΒΡΑΧΙΟΝΙΟΥ Ή ΑΓΚΩΝΟΣ;;;;;
1788;X632369;ΑΦΑΙΡΕΣΗ ΥΛΙΚΩΝ ΟΣΤΕΟΣΥΝΘΕΣΗΣ ΔΙΑΦΥΣΗΣ ΒΡΑΧΙΟΝΙΟΥ;;;;;
1789;X632379;ΑΦΑΙΡΕΣΗ ΥΛΙΚΩΝ ΟΣΤΕΟΣΥΝΘΕΣΗΣ ΠΕΡΙΦΕΡΙΚΟΥ ΑΚΡΟΥ ΒΡΑΧΙΟΝΙΟΥ;;;;;
1790;X632389;ΑΦΑΙΡΕΣΗ ΥΛΙΚΩΝ ΟΣΤΕΟΣΥΝΘΕΣΗΣ ΩΛΕΚΡΑΝΟΥ;;;;;
1791;X632419;ΑΦΑΙΡΕΣΗ ΥΛΙΚΩΝ ΟΣΤΕΟΣΥΝΘΕΣΗΣ ΚΟΡΩΝΟΕΙΔΟΥΣ ΑΠΟΦΥΣΗΣ;;;;;
1792;X632429;ΑΦΑΙΡΕΣΗ ΥΛΙΚΩΝ ΟΣΤΕΟΣΥΝΘΕΣΗΣ ΚΕΦΑΛΗΣ ΚΕΡΚΙΔΟΣ;;;;;
1793;X632431;ΠΛΗΜΜΕΛΗΣ ΠΩΡΩΣΗ ΚΑΤΑΓΜΑΤΟΣ ΔΙΑΦΥΣΗΣ ΒΡΑΧΙΟΝΙΟΥ: ΑΝΟΙΚΤΗ ΑΝΑΤΑΞΗ ΚΑΙ ΟΣΤΕΟΣΥΝΘΕΣΗ, ΜΕ Ή ΧΩΡΙΣ ΤΟΠΟΘΕΤΗΣΗ ΟΣΤΙΚΟΥ ΜΟΣΧΕΥΜΑΤΟΣ (ΑΥΤΟΛΟΓΟΥ Ή ΑΛΛΟΜΟΣΧΕΥΜΑΤΟΣ);;;;;
1794;X632459;ΠΛΗΜΜΕΛΗΣ ΠΩΡΩΣΗ ΚΑΤΑΓΜΑΤΟΣ ΠΕΡΙΦΕΡΙΚΟΥ ΑΚΡΟΥ ΒΡΑΧΙΟΝΙΟΥ: ΑΝΟΙΚΤΗ ΑΝΑΤΑΞΗ ΚΑΙ ΟΣΤΕΟΣΥΝΘΕΣΗ, ΜΕ Ή ΧΩΡΙΣ ΤΟΠΟΘΕΤΗΣΗ ΟΣΤΙΚΟΥ ΜΟΣΧΕΥΜΑΤΟΣ (ΑΥΤΟΛΟΓΟΥ Ή ΑΛΛΟΜΟΣΧΕΥΜΑΤΟΣ);;;;;
1795;X632469;ΠΛΗΜΜΕΛΗΣ ΠΩΡΩΣΗ ΚΑΤΑΓΜΑΤΟΣ ΚΕΝΤΡΙΚΟΥ ΑΚΡΟΥ ΩΛΕΝΗΣ (ΟΠΩΣ ΩΛΕΚΡΑΝΟΥ): ΑΝΟΙΚΤΗ ΑΝΤΑΞΗ ΚΑΙ ΟΣΤΕΟΣΥΝΘΕΣΗ, ΜΕ Ή ΧΩΡΙΣ ΤΟΠΟΘΕΤΗΣΗ ΟΣΤΙΚΟΥ ΜΟΣΧΕΥΜΑΤΟΣ (ΑΥΤΟΛΟΓΟΥ Ή ΑΛΛΟΜΟΣΧΕΥΜΑΤΟΣ);;;;;
1796;X632479;ΠΛΗΜΜΕΛΗΣ ΠΩΡΩΣΗ ΚΑΤΑΓΜΑΤΟΣ ΚΕΝΤΡΙΚΟΥ ΤΜΗΜΑΤΟΣ ΚΕΡΚΙΔΟΣ: ΑΝΟΙΚΤΗ ΑΝΑΤΑΞΗ ΚΑΙ ΟΣΤΕΟΣΥΝΘΕΣΗ, ΜΕ Ή ΧΩΡΙΣ ΤΟΠΟΘΕΤΗΣΗ ΟΣΤΙΚΟΥ ΜΟΣΧΕΥΜΑΤΟΣ (ΑΥΤΟΛΟΓΟΥ Ή ΑΛΛΟΜΟΣΧΕΥΜΑΤΟΣ);;;;;
1797;X632481;ΠΛΗΜΜΕΛΗΣ ΠΩΡΩΣΗ ΚΑΤΑΓΜΑΤΟΣ ΚΕΦΑΛΗΣ ΚΕΡΚΙΔΟΣ: ΑΡΘΡΟΠΛΑΣΤΙΚΗ ΚΕΦΑΛΗΣ ΚΕΡΚΙΔΟΣ;;;;;
1798;X632483;ΨΕΥΔΑΡΘΡΩΣΗ ΚΑΤΑΓΜΑΤΟΣ ΔΙΑΦΥΣΗΣ ΒΡΑΧΙΟΝΙΟΥ: ΑΝΟΙΚΤΗ ΑΝΑΤΑΞΗ ΚΑΙ ΟΣΤΕΟΣΥΝΘΕΣΗ, ΜΕ Ή ΧΩΡΙΣ ΤΟΠΟΘΕΤΗΣΗ ΟΣΤΙΚΟΥ ΜΟΣΧΕΥΜΑΤΟΣ (ΑΥΤΟΛΟΓΟΥ Ή ΑΛΛΟΜΟΣΧΕΥΜΑΤΟΣ);;;;;
1799;X632599;ΨΕΥΔΑΡΘΡΩΣΗ ΚΑΤΑΓΜΑΤΟΣ ΠΕΡΙΦΕΡΙΚΟΥ ΑΚΡΟΥ ΒΡΑΧΙΟΝΙΟΥ: ΑΝΟΙΚΤΗ ΑΝΑΤΑΞΗ ΚΑΙ ΟΣΤΕΟΣΥΝΘΕΣΗ, ΜΕ Ή ΧΩΡΙΣ ΤΟΠΟΘΕΤΗΣΗ ΟΣΤΙΚΟΥ ΜΟΣΧΕΥΜΑΤΟΣ (ΑΥΤΟΛΟΓΟΥ Ή ΑΛΛΟΜΟΣΧΕΥΜΑΤΟΣ);;;;;
1800;X632639;ΨΕΥΔΑΡΘΡΩΣΗ ΚΑΤΑΓΜΑΤΟΣ ΚΕΝΤΡΙΚΟΥ ΑΚΡΟΥ ΩΛΕΝΗΣ (ΟΠΩΣ ΩΛΕΚΡΑΝΟΥ): ΑΝΟΙΚΤΗ ΑΝΤΑΞΗ ΚΑΙ ΟΣΤΕΟΣΥΝΘΕΣΗ, ΜΕ Ή ΧΩΡΙΣ ΤΟΠΟΘΕΤΗΣΗ ΟΣΤΙΚΟΥ ΜΟΣΧΕΥΜΑΤΟΣ (ΑΥΤΟΛΟΓΟΥ Ή ΑΛΛΟΜΟΣΧΕΥΜΑΤΟΣ);;;;;
1801;X632659;ΨΕΥΔΑΡΘΡΩΣΗ ΚΑΤΑΓΜΑΤΟΣ ΚΕΝΤΡΙΚΟΥ ΤΜΗΜΑΤΟΣ ΚΕΡΚΙΔΟΣ: ΑΝΟΙΚΤΗ ΑΝΑΤΑΞΗ ΚΑΙ ΟΣΤΕΟΣΥΝΘΕΣΗ, ΜΕ Ή ΧΩΡΙΣ ΤΟΠΟΘΕΤΗΣΗ ΟΣΤΙΚΟΥ ΜΟΣΧΕΥΜΑΤΟΣ (ΑΥΤΟΛΟΓΟΥ Ή ΑΛΛΟΜΟΣΧΕΥΜΑΤΟΣ);;;;;
1802;X632663;ΨΕΥΔΑΡΘΡΩΣΗ ΚΑΤΑΓΜΑΤΟΣ ΚΕΦΑΛΗΣ ΚΕΡΚΙΔΟΣ: ΑΡΘΡΟΠΛΑΣΤΙΚΗ ΚΕΦΑΛΗΣ ΚΕΡΚΙΔΟΣ;;;;;
1803;X632671;ΑΚΡΩΤΗΡΙΑΣΜΟΣ, ΒΡΑΧΙΟΝΙΟ, ΠΡΩΤΟΠΑΘΗΣ ΣΥΓΚΛΕΙΣΗ ΚΟΛΟΒΩΜΑΤΟΣ;;;;;
1804;X632673;ΑΚΡΩΤΗΡΙΑΣΜΟΣ, ΒΡΑΧΙΟΝΙΟ, ΔΕΥΤΕΡΟΠΑΘΗΣ  ΣΥΓΚΛΕΙΣΗ ΚΟΛΟΒΩΜΑΤΟΣ, Η ΔΙΟΡΘΩΣΗ ΚΟΛΟΒΩΜΑΤΟΣ;;;;;
1805;X632675;ΑΚΡΩΤΗΡΙΑΣΜΟΣ, ΒΡΑΧΙΟΝΙΟ. ΕΠΩΔΥΝΟ ΝΕΥΡΩΜΑ, ΔΙΟΡΘΩΣΗ ΚΟΛΟΒΩΜΑΤΟΣ;;;;;
1806;X632699;ΑΚΡΩΤΗΡΙΑΣΜΟΣ, ΒΡΑΧΙΟΝΙΟ. ΦΛΕΓΜΟΝΗ,  ΧΕΙΡΟΥΡΓΙΚΟΙ ΚΑΘΑΡΙΣΜΟΙ, ΔΕΥΤΕΡΟΠΑΘΗΣ ΣΥΓΚΛΕΙΣΗ ΚΟΛΟΒΩΜΑΤΟΣ;;;;;
1807;X632703;ΑΚΡΩΤΗΡΙΑΣΜΟΣ, ΒΡΑΧΙΟΝΙΟ,  ΔΙΟΡΘΩΣΗ ΚΟΛΟΒΩΜΑΤΟΣ ΜΕ ΑΚΡΩΤΗΡΙΑΣΜΟ ΣΕ ΥΨΗΛΟΤΕΡΟ ΕΠΙΠΕΔΟ;;;;;
1808;X632705;ΑΚΡΩΤΗΡΙΑΣΜΟΣ, ΒΡΑΧΙΟΝΙΟ,  ΔΙΑΜΟΡΦΩΣΗ ΚΟΛΟΒΩΜΑΤΟΣ ΜΕ ΤΟΠΙΚΗ ΜΕΤΑΦΟΡΑ ΜΥΟΣ;;;;;
1809;X632739;ΑΚΡΩΤΗΡΙΑΣΜΟΣ, ΒΡΑΧΙΟΝΙΟ,  ΔΙΑΜΟΡΦΩΣΗ ΚΟΛΟΒΩΜΑΤΟΣ ΜΕ ΤΟΠΙΚΗ ΜΕΤΑΦΟΡΑ ΜΥΟΣ ΚΑΙ ΕΦΑΡΜΟΓΗ ΤΕΧΝΗΤΗΣ ΠΡΟΘΕΣΗΣ;;;;;
1810;X632743;ΑΚΡΩΤΗΡΙΑΣΜΟΣ, ΒΡΑΧΙΟΝΙΟ,  ΕΠΙΜΥΚΗΝΣΗ ΟΣΤΙΚΟΥ ΚΟΛΟΒΩΜΑΤΟΣ ΜΕ ΔΙΑΤΑΤΙΚΗ ΟΣΤΕΟΓΕΝΕΣΗ;;;;;
1811;X632779;ΘΛΑΣΤΙΚΟ ΤΡΑΥΜΑ ΒΡΑΧΙΟΝΙΟΥ: ΔΙΕΡΕΥΝΗΣΗ, ΠΕΡΙΛΑΜΒΑΝΕΙ ΤΗΝ ΑΦΑΙΡΕΣΗ ΞΕΝΩΝ ΣΩΜΑΤΩΝ;;;;;
1812;X632783;ΘΛΑΣΤΙΚΟ ΤΡΑΥΜΑ ΑΓΚΩΝΟΣ: ΔΙΕΡΕΥΝΗΣΗ, ΠΕΡΙΛΑΜΒΑΝΕΙ ΤΗΝ ΑΦΑΙΡΕΣΗ ΞΕΝΩΝ ΣΩΜΑΤΩΝ;;;;;
1813;X632789;ΤΡΑΥΜΑΤΙΚΟΣ ΠΛΗΡΗΣ ΑΚΡΩΤΗΡΙΑΣΜΟΣ, ΒΡΑΧΙΟΝΙΟ. ΕΠΑΝΑΣΥΓΚΟΛΛΗΣΗ  ΜΕ ΜΕΘΟΔΟΥΣ ΜΙΚΡΟΧΕΙΡΟΥΡΓΙΚΗΣ. ΣΥΡΡΑΦΗ ΑΓΓΕΙΩΝ ΑΜΕΣΗ Η ΜΕ ΠΑΡΕΜΒΟΛΗ ΦΛΕΒΙΚΟΥ ΜΟΣΧΕΥΜΑΤΟΣ. ΕΣΩΤΕΡΙΚΗ Η ΕΞΩΤΕΡΙΚΗ ΟΣΤΕΟΣΥΝΘΕΣΗ ΟΣΤΟΥ. ΣΥΡΡΑΦΗ-ΑΠΟΚΑΤΑΣΤΑΣΗ ΜΥΙΚΩΝ ΜΑΖΩΝ. ΠΡΩΤΟΠΑΘΗΣ ΣΥΡΡΑΦΗ  ΑΠΟΚΑΤΑΣΤΑΣΗ ΤΩΝ ΝΕΥΡΩΝ (ΜΕΣΟ - ΩΛΕΝΙΟ - ΚΕΡΚΙΔΙΚΟ - ΜΥΟΔΕΡΜΑΤΙΚΟ).;;;;;
1814;X632791;ΤΡΑΥΜΑΤΙΚΟΣ ΠΛΗΡΗΣ ΑΚΡΩΤΗΡΙΑΣΜΟΣ, ΒΡΑΧΙΟΝΙΟ. ΕΠΑΝΑΣΥΓΚΟΛΛΗΣΗ ΜΕ ΜΕΘΟΔΟΥΣ ΜΙΚΡΟΧΕΙΡΟΥΡΓΙΚΗΣ.  ΔΕΥΤΕΡΟΠΑΘΗΣ ΑΠΟΚΑΤΑΣΤΑΣΗ ΤΩΝ ΝΕΥΡΩΝ  (ΜΕΣΟ - ΩΛΕΝΙΟ - ΚΕΡΚΙΔΙΚΟ - ΜΥΟΔΕΡΜΑΤΙΚΟ) ΜΕ ΠΑΡΕΜΒΟΛΗ ΝΕΥΡΙΚΩΝ ΜΟΣΧΕΥΜΑΤΩΝ Η ΝΕΥΡΟΑΓΩΓΩΝ.;;;;;
1815;X632795;ΤΡΑΥΜΑΤΙΚΟΣ ΠΛΗΡΗΣ ΑΚΡΩΤΗΡΙΑΣΜΟΣ, ΒΡΑΧΙΟΝΙΟ. ΕΠΑΝΑΣΥΓΚΟΛΛΗΣΗ ΜΕ ΜΕΘΟΔΟΥΣ ΜΙΚΡΟΧΕΙΡΟΥΡΓΙΚΗΣ.  ΨΕΥΔΑΡΘΡΩΣΗ Η ΚΑΘΥΣΤΕΡΗΜΕΝΗ ΠΩΡΩΣΗ ΒΡΑΧΙΟΝΙΟΥ, ΕΣΩΤΕΡΙΚΗ ΟΣΤΕΟΣΥΝΘΕΣΗ ΕΙΔΙΚΕΣ ΠΛΑΚΕΣ ΚΑΙ ΚΟΧΛΙΕΣ  ΜΕ  ΑΥΤΟ Η ΑΛΛΟΜΟΣΧΕΥΜΑΤΑ;;;;;
1816;X632799;ΤΡΑΥΜΑ, ΔΙΕΡΕΥΝΗΣΗ ΒΛΑΒΗΣ ΚΕΡΚΙΔΙΚΟΥ ΝΕΥΡΟΥ ΣΤΟ ΒΡΑΧΙΟΝΙΟ;;;;;
1817;X632811;ΤΡΑΥΜΑ , ΣΥΡΡΑΦΗ ΚΕΡΚΙΔΙΚΟΥ ΝΕΥΡΟΥ  -ΤΕΛΙΚΟ ΤΕΛΙΚΗ ΣΥΡΡΑΦΗ;;;;;
1818;X632815;ΤΡΑΥΜΑ , ΣΥΡΡΑΦΗ ΚΕΡΚΙΔΙΚΟΥ ΝΕΥΡΟΥ ΜΕ ΠΑΡΕΜΒΟΛΗ ΝΕΥΡΙΚΩΝ ΜΟΣΧΕΥΜΑΤΩΝ;;;;;
1819;X632823;ΤΡΑΥΜΑ , ΣΥΡΡΑΦΗ ΚΕΡΚΙΔΙΚΟΥ ΝΕΥΡΟΥ ΜΕ ΠΑΡΕΜΒΟΛΗ ΣΥΝΘΕΤΙΚΩΝ ΝΕΥΡΟΑΓΩΓΩΝ;;;;;
1820;X632825;ΑΠΟΚΑΤΑΣΤΑΣΗ - ΣΥΡΡΑΦΗ ΚΕΡΚΙΔΙΚΟΥ ΝΕΥΡΟΥ ΜΕΤΑ ΑΠΟ ΑΦΑΙΡΕΣΗ ΟΓΚΟΥ  ΜΕ ΠΑΡΕΜΒΟΛΗ ΝΕΥΡΙΚΩΝ ΜΟΣΧΕΥΜΑΤΩΝ;;;;;
1821;X632827;ΑΠΟΚΑΤΑΣΤΑΣΗ - ΣΥΡΡΑΦΗ ΚΕΡΚΙΔΙΚΟΥ ΝΕΥΡΟΥ ΜΕΤΑ ΑΠΟ ΑΦΑΙΡΕΣΗ ΝΕΥΡΩΜΑΤΟΣ ΜΕ ΠΑΡΕΜΒΟΛΗ ΝΕΥΡΙΚΩΝ ΜΟΣΧΕΥΜΑΤΩΝ;;;;;
1822;X632833;ΤΡΑΥΜΑ, ΔΙΕΡΕΥΝΗΣΗ ΒΛΑΒΗΣ ΠΕΡΙΦΕΡΙΚΩΝ ΝΕΥΡΩΝ (ΠΛΗΝ ΤΟΥ ΚΕΡΚΙΔΙΚΟΥ ΝΕΥΡΟΥ) ΣΤΟ ΒΡΑΧΙΟΝΙΟ;;;;;
1823;X632839;ΤΡΑΥΜΑ , ΣΥΡΡΑΦΗ ΠΕΡΙΦΕΡΙΚΩΝ ΝΕΥΡΩΝ (ΠΛΗΝ ΤΟΥ ΚΕΡΚΙΔΙΚΟΥ ΝΕΥΡΟΥ)  -ΤΕΛΙΚΟ ΤΕΛΙΚΗ ΣΥΡΡΑΦΗ, ΚΑΘΕ ΝΕΥΡΟ;;;;;
1824;X632843;ΤΡΑΥΜΑ , ΣΥΡΡΑΦΗ ΠΕΡΙΦΕΡΙΚΩΝ ΝΕΥΡΩΝ (ΠΛΗΝ ΤΟΥ ΚΕΡΚΙΔΙΚΟΥ ΝΕΥΡΟΥ) ΜΕ ΠΑΡΕΜΒΟΛΗ ΝΕΥΡΙΚΩΝ ΜΟΣΧΕΥΜΑΤΩΝ, ΚΑΘΕ ΝΕΥΡΟ;;;;;
1825;X632849;ΤΡΑΥΜΑ , ΣΥΡΡΑΦΗ ΠΕΡΙΦΕΡΙΚΩΝ ΝΕΥΡΩΝ (ΠΛΗΝ ΤΟΥ ΚΕΡΚΙΔΙΚΟΥ ΝΕΥΡΟΥ) ΜΕ ΠΑΡΕΜΒΟΛΗ ΣΥΝΘΕΤΙΚΩΝ ΝΕΥΡΟΑΓΩΓΩΝ, ΚΑΘΕ ΝΕΥΡΟ;;;;;
1826;X632857;ΑΠΟΚΑΤΑΣΤΑΣΗ - ΣΥΡΡΑΦΗ ΠΕΡΙΦΕΡΙΚΩΝ ΝΕΥΡΩΝ (ΠΛΗΝ ΤΟΥ ΚΕΡΚΙΔΙΚΟΥ ΝΕΥΡΟΥ) ΜΕΤΑ ΑΠΟ ΑΦΑΙΡΕΣΗ ΟΓΚΟΥ  ΜΕ ΠΑΡΕΜΒΟΛΗ ΝΕΥΡΙΚΩΝ ΜΟΣΧΕΥΜΑΤΩΝ, ΚΑΘΕ ΝΕΥΡΟ;;;;;
1827;X632859;ΑΠΟΚΑΤΑΣΤΑΣΗ - ΣΥΡΡΑΦΗ ΠΕΡΙΦΕΡΙΚΩΝ ΝΕΥΡΩΝ (ΠΛΗΝ ΤΟΥ ΚΕΡΚΙΔΙΚΟΥ ΝΕΥΡΟΥ) ΜΕΤΑ ΑΠΟ ΑΦΑΙΡΕΣΗ ΝΕΥΡΩΜΑΤΟΣ ΜΕ ΠΑΡΕΜΒΟΛΗ ΝΕΥΡΙΚΩΝ ΜΟΣΧΕΥΜΑΤΩΝ, ΚΑΘΕ ΝΕΥΡΟ;;;;;
1828;X632869;ΤΡΑΥΜΑΤΙΚΗ ΔΙΑΤΟΜΗ ΜΑΣΧΑΛΙΑΙΑΣ ΑΡΤΗΡΙΑΣ - ΑΜΕΣΗ ΤΕΛΙΚΟΤΕΛΙΚΗ ΣΥΡΡΑΦΗ;;;;;
1829;X632879;ΤΡΑΥΜΑΤΙΚΗ ΔΙΑΤΟΜΗ ΜΑΣΧΑΛΙΑΙΑΣ ΑΡΤΗΡΙΑΣ - ΑΜΕΣΗ ΑΠΟΚΑΤΑΣΤΑΣΗ -  ΣΥΡΡΑΦΗ ΜΕ ΠΑΡΕΜΒΟΛΗ ΦΛΕΒΙΚΟΥ ΜΟΣΧΕΥΜΑΤΟΣ;;;;;
1830;X632901;ΤΡΑΥΜΑΤΙΚΗ ΔΙΑΤΟΜΗ ΜΑΣΧΑΛΙΑΙΑΣ ΦΛΕΒΑΣ- ΑΜΕΣΗ ΤΕΛΙΚΟΤΕΛΙΚΗ ΣΥΡΡΑΦΗ;;;;;
1831;X632907;ΤΡΑΥΜΑΤΙΚΗ ΔΙΑΤΟΜΗ ΜΑΣΧΑΛΙΑΙΑΣ ΦΛΕΒΑΣ  ΑΜΕΣΗ ΤΕΛΙΚΟΤΕΛΙΚΗ ΣΥΡΡΑΦΗ ΜΕ ΠΑΡΕΜΒΟΛΗ ΦΛΕΒΙΚΟΥ ΜΟΣΧΕΥΜΑΤΟΣ;;;;;
1832;X632911;ΤΡΑΥΜΑΤΙΚΟ ΑΝΕΥΡΥΣΜΑ ΜΑΣΧΑΛΙΑΙΑΣ ΑΡΤΗΡΙΑΣ - ΑΜΕΣΗ ΑΠΟΚΑΤΑΣΤΑΣΗ -  ΣΥΡΡΑΦΗ ΜΕ ΠΑΡΕΜΒΟΛΗ ΦΛΕΒΙΚΟΥ ΜΟΣΧΕΥΜΑΤΟΣ;;;;;
1833;X632913;ΤΡΑΥΜΑΤΙΚΗ ΔΙΑΤΟΜΗ ΒΡΑΧΙΟΝΙΟΥ ΑΡΤΗΡΙΑΣ ΚΑΙ ΦΛΕΒΑΣ  - ΑΜΕΣΗ ΤΕΛΙΚΟΤΕΛΙΚΗ ΣΥΡΡΑΦΗ;;;;;
1834;X632915;ΤΡΑΥΜΑΤΙΚΗ ΔΙΑΤΟΜΗ ΒΡΑΧΙΟΝΙΟΥ ΑΡΤΗΡΙΑΣ ΚΑΙ  ΦΛΕΒΑΣ . ΑΜΕΣΗ ΑΠΟΚΑΤΑΣΤΑΣΗ -  ΣΥΡΡΑΦΗ ΜΕ ΠΑΡΕΜΒΟΛΗ ΦΛΕΒΙΚΟΥ ΜΟΣΧΕΥΜΑΤΟΣ;;;;;
1835;X632917;ΤΡΑΥΜΑΤΙΚΟ ΑΝΕΥΡΥΣΜΑ ΒΡΑΧΙΟΝΙΟΥ ΑΡΤΗΡΙΑΣ - ΑΜΕΣΗ ΑΠΟΚΑΤΑΣΤΑΣΗ -  ΣΥΡΡΑΦΗ ΜΕ ΠΑΡΕΜΒΟΛΗ ΦΛΕΒΙΚΟΥ ΜΟΣΧΕΥΜΑΤΟΣ;;;;;
1836;X632919;ΑΡΘΡΟΠΛΑΣΤΙΚΗ ΑΓΚΩΝΑ: ΜΕ ΠΑΡΕΜΒΑΛΛΟΜΕΝΗ ΠΕΡΙΤΟΝΙΑ Ή ΥΜΕΝΑ;;;;;
1837;X632925;ΑΡΘΡΟΠΛΑΣΤΙΚΗ ΑΓΚΩΝΑ: ΟΛΙΚΗ ΑΡΘΡΟΠΛΑΣΤΙΚΗ;;;;;
1838;X632929;ΑΡΘΡΟΠΛΑΣΤΙΚΗ ΑΓΚΩΝΑ: ΑΡΘΡΟΠΛΑΣΤΙΚΗ ΤΟΥ ΠΕΡΙΦΕΡΙΚΟΥ ΤΜΗΜΑΤΟΣ ΤΟΥ ΒΡΑΧΙΟΝΙΟΥ;;;;;
1839;X632937;ΑΡΘΡΟΠΛΑΣΤΙΚΗ ΑΓΚΩΝΑ: ΟΛΙΚΗ ΑΡΘΡΟΠΛΑΣΤΙΚΗ ΚΑΙ ΑΝΑΚΑΤΑΣΚΕΥΗ ΠΛΑΓΙΩΝ ΣΥΝΔΕΣΜΩΝ ΜΕ ΤΕΝΟΝΤΙΟ ΜΟΣΧΕΥΜΑ;;;;;
1840;X632939;ΑΝΑΘΕΩΡΗΣΗ ΟΛΙΚΗΣ ΑΡΘΡΟΠΛΑΣΤΙΚΗΣ ΑΓΚΩΝΑ;;;;;
1841;X632943;ΑΦΑΙΡΕΣΗ ΑΡΘΡΟΠΛΑΣΤΙΚΗΣ ΚΕΦΑΛΗΣ ΚΕΡΚΙΔΟΣ;;;;;
1842;X632947;ΑΦΑΙΡΕΣΗ ΥΛΙΚΩΝ ΟΛΙΚΗΣ ΑΡΘΡΟΠΛΑΣΤΙΚΗΣ ΑΓΚΩΝΑ;;;;;
1843;X632951;ΑΡΘΡΟΔΕΣΗ ΑΓΚΩΝΑ ΜΕ Ή ΧΩΡΙΣ ΟΣΤΙΚΟ ΜΟΣΧΕΥΜΑ (ΑΥΤΟΛΟΓΟ Ή ΑΛΛΟΜΟΣΧΕΥΜΑ);;;;;
1844;X632953;ΔΙΑΓΝΩΣΤΙΚΗ ΑΡΘΡΟΣΚΟΠΗΣΗ ΑΓΚΩΝΟΣ;;;;;
1845;X632955;ΑΡΘΡΟΣΚΟΠΗΣΗ ΑΓΚΩΝΑ: ΑΡΘΡΟΣΚΟΠΙΚΗ ΔΙΑΤΟΜΗ ΕΚΦΥΣΗΣ ΕΚΤΕΙΝΟΝΤΩΝ ΓΙΑ ΕΠΙΚΟΝΔΥΛΙΔΑ ΑΓΚΩΝΑ (TENNIS ELBOW);;;;;
1846;X632957;ΑΡΘΡΟΣΚΟΠΗΣΗ ΑΓΚΩΝΑ: ΒΙΟΨΙΑ ΥΜΕΝΟΣ;;;;;
1847;X632959;ΑΡΘΡΟΣΚΟΠΙΚΗ ΥΜΕΝΕΚΤΟΜΗ ΑΓΚΩΝΟΣ;;;;;
1848;X632963;ΑΡΘΡΟΣΚΟΠΗΣΗ ΑΓΚΩΝΑ: ΑΡΘΡΟΣΚΟΠΙΚΗ ΑΦΑΙΡΕΣΗ ΥΜΕΝΙΚΩΝ ΠΤΥΧΩΝ;;;;;
1849;X632975;ΑΡΘΡΟΣΚΟΠΗΣΗ ΑΓΚΩΝΑ: ΑΡΘΡΟΣΚΟΠΙΚΗ ΑΠΟΚΑΤΑΣΤΑΣΗ ΤΗΣ ΑΡΘΡΙΤΙΔΑΣ ΤΗΣ ΒΡΑΧΙΟΝΟΚΕΡΚΙΔΙΚΗΣ ΑΡΘΡΩΣΗΣ;;;;;
1850;X632979;ΑΡΘΡΟΣΚΟΠΗΣΗ ΑΓΚΩΝΑ: ΑΡΘΡΟΣΚΟΠΙΚΗ ΑΠΟΚΑΤΑΣΤΑΣΗ ΠΡΟΣΚΡΟΥΣΗΣ ΣΤΗΝ ΑΡΘΡΩΣΗ ΤΟΥ ΑΓΚΩΝΑ ΛΟΓΩ ΑΡΘΡΙΤΙΔΑΣ;;;;;
1851;X632991;ΑΡΘΡΟΣΚΟΠΗΣΗ ΑΓΚΩΝΑ: ΑΡΘΡΟΣΚΟΠΙΚΗ ΟΣΤΕΟΣΥΝΘΕΣΗ ΕΝΔΑΡΘΡΙΚΩΝ ΚΑΤΑΓΜΑΤΩΝ ΑΓΚΩΝΑ;;;;;
1852;X632993;ΑΡΘΡΟΣΚΟΠΗΣΗ ΑΓΚΩΝΑ: ΑΡΘΡΟΣΚΟΠΙΚΗ ΑΠΟΚΑΤΑΣΤΑΣΗ ΔΙΑΧΩΡΙΣΤΙΚΗΣ ΟΣΤΕΟΧΟΝΔΡΙΤΙΔΑΣ;;;;;
1853;X632995;ΑΡΘΡΟΣΚΟΠΗΣΗ ΑΓΚΩΝΑ: ΑΡΘΡΟΣΚΟΠΙΚΟΣ ΚΑΘΑΡΙΣΜΟΣ ΣΕ ΣΗΠΤΙΚΗ ΑΡΘΡΙΤΙΔΑ ΚΑΡΠΟΥ;;;;;
1854;X632999;ΑΡΘΡΟΣΚΟΠΗΣΗ ΑΓΚΩΝΑ: ΑΡΘΡΟΣΚΟΠΙΚΗ ΑΦΑΙΡΕΣΗ ΞΕΝΩΝ ΚΑΙ ΕΛΕΥΘΕΡΩΝ ΣΩΜΑΤΩΝ;;;;;
1855;X633009;ΑΡΘΡΟΤΟΜΗ ΑΓΚΩΝΑ: ΒΙΟΨΙΑ ΥΜΕΝΟΣ;;;;;
1856;X633019;ΑΝΟΙΚΤΗ ΥΜΕΝΕΚΤΟΜΗ ΑΓΚΩΝΟΣ;;;;;
1857;X633021;ΑΝΟΙΚΤΗ ΑΠΟΚΑΤΑΣΤΑΣΗ ΔΙΑΧΩΡΙΣΤΙΚΗΣ ΟΣΤΕΟΧΟΝΔΡΙΤΙΔΑΣ ΑΓΚΩΝΑ;;;;;
1858;X633029;ΑΝΟΙΚΤΗ ΧΕΙΡΟΥΡΓΙΚΗ ΑΠΟΚΑΤΑΣΤΑΣΗ ΠΡΟΣΚΡΟΥΣΗΣ ΑΓΚΩΝΑ ΛΟΓΩ ΑΡΘΡΙΤΙΔΑΣ (ΟΠΩΣ OUTERBRIDGE-KASHIWAGI);;;;;
1859;X633031;ΑΝΟΙΚΤΗ ΧΕΙΡΟΥΡΓΙΚΗ ΑΠΟΚΑΤΑΣΤΑΣΗ ΑΡΘΡΙΤΙΔΑΣ ΒΡΑΧΙΟΝΟΚΕΡΚΙΔΙΚΗΣ ΑΡΘΡΩΣΗΣ;;;;;
1860;X633039;ΑΝΟΙΚΤΗ ΑΦΑΙΡΕΣΗ ΞΕΝΩΝ Ή ΕΛΕΥΘΕΡΩΝ ΤΕΜΑΧΙΩΝ ΑΠΟ ΤΗΝ ΑΡΘΡΩΣΗ ΤΟΥ ΑΓΚΩΝΑ;;;;;
1861;X633041;ΑΝΟΙΚΤΗ ΕΚΤΟΜΗ ΥΜΕΝΙΚΗΣ ΠΤΥΧΗΣ ΤΗΣ ΑΡΘΡΩΣΗΣ ΤΟΥ ΑΓΚΩΝΑ;;;;;
1862;X633043;ΟΡΟΓΟΝΟΘΥΛΑΚΙΤΙΔΑ ΑΓΚΩΝΑ: ΕΚΤΟΜΗ ΟΡΟΓΟΝΟΥ ΘΥΛΑΚΟΥ;;;;;
1863;X633049;ΣΥΓΚΑΜΨΗ ΑΓΚΩΝΑ: ΚΙΝΗΤΟΠΟΙΗΣΗ ΥΠΟ ΑΝΑΙΣΘΗΣΙΑ;;;;;
1864;X633051;ΣΥΓΚΑΜΨΗ ΑΡΘΡΩΣΗΣ ΑΓΚΩΝΑ: ΑΡΘΡΟΣΚΟΠΙΚΗ ΑΡΘΡΟΛΥΣΗ;;;;;
1865;X633055;ΣΥΓΚΑΜΨΗ ΑΡΘΡΩΣΗΣ ΑΓΚΩΝΑ: ΑΝΟΙΚΤΗ ΑΡΘΡΟΛΥΣΗ;;;;;
1866;X633059;ΣΥΓΚΑΜΨΗ ΑΡΘΡΩΣΗΣ ΑΓΚΩΝΑ: ΑΝΟΙΚΤΗ ΑΡΘΡΟΛΥΣΗ ΚΑΙ ΤΟΠΟΘΕΤΗΣΗ ΕΞΩΤΕΡΙΚΗΣ ΟΣΤΕΟΣΥΝΘΕΣΗΣ ΑΓΚΩΝΟΣ;;;;;
1867;X633061;ΣΥΓΚΑΜΨΗ ΑΡΘΡΩΣΗΣ ΑΓΚΩΝΑ: ΑΝΟΙΚΤΗ ΘΥΛΑΚΟΤΟΜΗ Ή ΘΥΛΑΚΕΚΤΟΜΗ, ΑΦΑΙΡΕΣΗ ΕΚΤΟΠΗΣ ΟΣΤΕΟΠΟΙΗΣΗΣ;;;;;
1868;X633065;ΣΥΓΚΑΜΨΗ ΑΡΘΡΩΣΗΣ ΑΓΚΩΝΑ: ΑΝΟΙΚΤΗ ΘΥΛΑΚΟΤΟΜΗ Ή ΘΥΛΑΚΕΚΤΟΜΗ, ΑΦΑΙΡΕΣΗ ΕΚΤΟΠΗΣ ΟΣΤΕΟΠΟΙΗΣΗΣ, ΣΥΝΔΕΣΜΟΠΛΑΣΤΙΚΗ ΠΛΑΓΙΩΝ ΣΥΝΔΕΣΜΩΝ, ΑΡΘΡΟΠΛΑΣΤΙΚΗ;;;;;
1869;X633067;ΤΕΝΟΤΟΜΗ ΑΝΟΙΚΤΗ, ΚΑΜΠΤΗΡΑ Ή ΕΚΤΕΙΝΟΝΤΑ ΤΕΝΟΝΤΑ, ΒΡΑΧΙΟΝΙΟΥ Ή ΑΓΚΩΝΟΣ,  ΜΟΝΗΡΗΣ, ΚΑΘΕ ΤΕΝΟΝΤΑΣ;;;;;
1870;X633069;ΕΠΙΜΗΚΥΝΣΗ Ή ΒΡΑΧΥΝΣΗ, ΒΡΑΧΙΟΝΙΟΥ Ή ΑΓΚΩΝΟΣ, ΜΟΝΗΡΗΣ, ΚΑΘΕ ΤΕΝΟΝΤΑΣ;;;;;
1871;X633071;ΤΕΝΟΝΤΟΜΕΤΑΦΟΡΑ,ΒΡΑΧΙΟΝΙΟΥ Ή ΑΓΚΩΝΟΣ, ΜΟΝΗΡΗΣ, ΚΑΘΕ ΤΕΝΟΝΤΑ;;;;;
1872;X633079;ΡΗΞΗ ΜΑΚΡΑΣ ΚΕΦΑΛΗΣ ΔΙΚΕΦΑΛΟΥ: ΠΡΩΤΟΠΑΘΗΣ ΣΥΡΡΑΦΗ - ΚΑΘΗΛΩΣΗ ΜΕ ΔΙΟΣΤΙΚΕΣ ΑΓΚΥΡΕΣ Ή ΜΕ ΑΛΛΗ ΤΕΧΝΙΚΗ;;;;;
1873;X633081;ΡΗΞΗ ΜΑΚΡΑΣ ΚΕΦΑΛΗΣ ΔΙΚΕΦΑΛΟΥ: ΔΕΥΤΕΡΟΠΑΘΗΣ ΣΥΡΡΑΦΗ - ΔΕΥΤΕΡΟΠΑΘΗΣ ΣΥΡΡΑΦΗ - ΚΑΘΗΛΩΣΗ ΜΕ ΔΙΟΣΤΙΚΑ ΡΑΜΜΑΤΑ Ή ΔΙΟΣΤΙΚΕΣ ΑΓΚΥΡΕΣ Ή ΑΛΛΗ ΤΕΧΝΙΚΗ, ΜΕ Ή ΧΩΡΙΣ ΤΕΝΟΝΤΙΟ ΜΟΣΧΕΥΜΑ;;;;;
1874;X633083;ΡΗΞΗ ΚΑΤΑΦΥΣΗΣ ΔΙΚΕΦΑΛΟΥ ΒΡΑΧΙΟΝΙΟΥ ΜΥΟΣ: ΠΡΩΤΟΠΑΘΗΣ ΣΥΡΡΑΦΗ - ΚΑΘΗΛΩΣΗ ΜΕ ΔΙΟΣΤΙΚΑ ΡΑΜΜΑΤΑ Ή ΔΙΟΣΤΙΚΕΣ ΑΓΚΥΡΕΣ Ή ΑΛΛΗ ΤΕΧΝΙΚΗ;;;;;
1875;X633089;ΡΗΞΗ ΚΑΤΑΦΥΣΗΣ ΔΙΚΕΦΑΛΟΥ ΒΡΑΧΙΟΝΙΟΥ ΜΥΟΣ: ΔΕΥΤΕΡΟΠΑΘΗΣ ΣΥΡΡΑΦΗ - ΚΑΘΗΛΩΣΗ ΜΕ ΔΙΟΣΤΙΚΑ ΡΑΜΜΑΤΑ Ή ΔΙΟΣΤΙΚΕΣ ΑΓΚΥΡΕΣ Ή ΑΛΛΗ ΤΕΧΝΙΚΗ, ΜΕ Ή ΧΩΡΙΣ ΤΕΝΟΝΤΙΟ ΜΟΣΧΕΥΜΑ;;;;;
1876;X633093;ΡΗΞΗ ΚΑΤΑΦΥΣΗΣ ΤΡΙΚΕΦΑΛΟΥ ΒΡΑΧΙΟΝΙΟΥ ΜΥΟΣ: ΠΡΩΤΟΠΑΘΗΣ ΣΥΡΡΑΦΗ - ΚΑΘΗΛΩΣΗ ΜΕ ΔΙΟΣΤΙΚΑ ΡΑΜΜΑΤΑ Ή ΔΙΟΣΤΙΚΕΣ ΑΓΚΥΡΕΣ Ή ΑΛΛΗ ΤΕΧΝΙΚΗ;;;;;
1877;X633095;ΡΗΞΗ ΚΑΤΑΦΥΣΗΣ ΤΡΙΚΕΦΑΛΟΥ ΒΡΑΧΙΟΝΙΟΥ ΜΥΟΣ: ΔΕΥΤΕΡΟΠΑΘΗΣ ΣΥΡΡΑΦΗ - ΚΑΘΗΛΩΣΗ ΜΕ ΔΙΟΣΤΙΚΑ ΡΑΜΜΑΤΑ Ή ΔΙΟΣΤΙΚΕΣ ΑΓΚΥΡΕΣ Ή ΑΛΛΗ ΤΕΧΝΙΚΗ, ΜΕ Ή ΧΩΡΙΣ ΤΕΝΟΝΤΙΟ ΜΟΣΧΕΥΜΑ;;;;;
1878;X633119;ΤΕΝΟΝΤΟΔΕΣΗ ΤΕΝΟΝΤΑ ΔΙΚΕΦΑΛΟΥ ΒΡΑΧΙΟΝΙΟΥ ΜΥΟΣ ΣΤΟΝ ΑΓΚΩΝΑ;;;;;
1879;X633133;ΔΙΑΔΕΡΜΙΚΗ ΤΕΝΟΤΟΜΗ ΠΑΡΑΚΟΝΔΥΛΙΑΣ Ή ΠΑΡΑΤΡΟΧΙΛΙΑΣ ΑΠΟΦΥΣΗΣ;;;;;
1880;X633139;ΒΙΟΨΙΑ, ΜΑΛΑΚΩΝ ΜΟΡΙΩΝ ΒΡΑΧΙΟΝΙΟΥ ΚΑΙ/Ή ΑΓΚΩΝΟΣ. ΕΠΙΦΑΝΕΙΑΚΗ . ΑΝΟΙΚΤΉ Ή ΔΙΑ ΒΕΛΟΝΗΣ CORE BIOPSY;;;;;
1881;X633141;ΒΙΟΨΙΑ, ΜΑΛΑΚΩΝ ΜΟΡΙΩΝ ΒΡΑΧΙΟΝΙΟΥ ΚΑΙ/Ή ΑΓΚΩΝΟΣ. ΕΝ ΤΩ ΒΑΘΕΙ (ΥΠΟΠΕΡΙΤΟΝΙΑΚΗ Ή ΕΝΔΟΜΥΪΚΗ )ΑΝΟΙΚΤΉ Ή ΔΙΑ ΒΕΛΟΝΗΣ CORE BIOPSY;;;;;
1882;X633145;ΑΦΑΙΡΕΣΗ, ΟΓΚΟΥ, ΜΑΛΑΚΩΝ ΜΟΡΙΩΝ ΒΡΑΧΙΟΝΙΟΥ ΚΑΙ/Ή ΑΓΚΩΝΟΣ. ΥΠΟΔΟΡΙΑ;;;;;
1883;X633151;ΑΦΑΙΡΕΣΗ, ΟΓΚΟΥ, ΜΑΛΑΚΩΝ ΜΟΡΙΩΝ ΒΡΑΧΙΟΝΙΟΥ ΚΑΙ/Ή ΑΓΚΩΝΟΣ. ΕΝ ΤΩ ΒΑΘΕΙ (ΥΠΟΠΕΡΙΤΟΝΙΑΚΗ Ή ΕΝΔΟΜΥΪΚΗ);;;;;
1884;X633159;ΡΙΖΙΚΗ ΕΚΤΟΜΗ ΟΓΚΟΥ (Π.Χ. ΚΑΚΟΗΘΕΣ ΝΕΟΠΛΑΣΜΑ), ΜΑΛΑΚΑ ΜΟΡΙΑ ΒΡΑΧΙΟΝΙΟΥ ΚΑΙ/Ή ΑΓΚΩΝΟΣ;;;;;
1885;X633169;ΑΦΑΙΡΕΣΗ Ή ΑΠΟΞΕΣΗ ΚΥΣΤΗΣ ΟΣΤΟΥ Ή ΚΑΛΟΗΘΟΥΣ ΟΓΚΟΥ ΒΡΑΧΙΟΝΙΟΥ.;;;;;
1886;X633173;ΑΦΑΙΡΕΣΗ Ή ΑΠΟΞΕΣΗ ΚΥΣΤΗΣ ΟΣΤΟΥ Ή ΚΑΛΟΗΘΟΥΣ ΟΓΚΟΥ ΒΡΑΧΙΟΝΙΟΥ.ΜΕ ΑΝΑΓΓΕΙΟ ΟΣΤΙΚΟ ΑΥΤΟΜΟΣΧΕΥΜΑ (ΠΕΡΙΛΑΜΒΑΝΕΙ ΤΗΝ ΛΗΨΗ ΜΟΣΧΕΥΜΑΤΟΣ);;;;;
1887;X633175;ΑΦΑΙΡΕΣΗ Ή ΑΠΟΞΕΣΗ ΚΥΣΤΗΣ ΟΣΤΟΥ Ή ΚΑΛΟΗΘΟΥΣ ΟΓΚΟΥ ΒΡΑΧΙΟΝΙΟΥ.ΜΕ ΑΓΓΕΙΟΥΜΕΝΟ ΟΣΤΙΚΟ ΑΥΤΟΜΟΣΧΕΥΜΑ (ΠΕΡΙΛΑΜΒΑΝΕΙ ΤΗΝ ΛΗΨΗ ΜΟΣΧΕΥΜΑΤΟΣ ΚΑΙ ΤΗ ΔΗΜΙΟΥΡΓΙΑ ΑΓΓΕΙΑΚΩΝ ΑΝΑΣΤΟΜΟΣΕΩΝ );;;;;
1888;X633189;ΑΦΑΙΡΕΣΗ Ή ΑΠΟΞΕΣΗ ΚΥΣΤΗΣ ΟΣΤΟΥ Ή ΚΑΛΟΗΘΟΥΣ ΟΓΚΟΥ ΒΡΑΧΙΟΝΙΟΥ.ΜΕ ΑΓΓΕΙΟΥΜΕΝΟ ΚΡΗΜΝΟ  ΤΟΠΙΚΟ Ή ΕΛΕΥΘΕΡΟ (ΠΕΡΙΛΑΜΒΑΝΕΙ ΤΗΝ ΛΗΨΗ ΜΟΣΧΕΥΜΑΤΟΣ ΚΑΙ ΤΗ ΔΗΜΙΟΥΡΓΙΑ ΑΓΓΕΙΑΚΩΝ ΑΝΑΣΤΟΜΟΣΕΩΝ );;;;;
1889;X633241;ΑΦΑΙΡΕΣΗ Ή ΑΠΟΞΕΣΗ ΚΥΣΤΗΣ ΟΣΤΟΥ Ή ΚΑΛΟΗΘΟΥΣ ΟΓΚΟΥ ΒΡΑΧΙΟΝΙΟΥ.ΜΕ ΑΛΛΟΜΟΣΧΕΥΜΑ;;;;;
1890;X633249;ΑΦΑΙΡΕΣΗ Ή ΑΠΟΞΕΣΗ ΚΥΣΤΗΣ ΟΣΤΟΥ Ή ΚΑΛΟΗΘΟΥΣ ΟΓΚΟΥ ΑΓΚΩΝΟΣ (ΠΕΡΙΦΕΡΙΚΟΥ ΑΚΡΟΥ ΒΡΑΧΙΟΝΙΟΥ Ή ΚΕΝΤΡΙΚΟΥ ΤΜΗΜΑΤΟΣ ΚΕΡΚΙΔΑΣ Ή ΩΛΕΝΗΣ).;;;;;
1891;X633259;ΑΦΑΙΡΕΣΗ Ή ΑΠΟΞΕΣΗ ΚΥΣΤΗΣ ΟΣΤΟΥ Ή ΚΑΛΟΗΘΟΥΣ ΟΓΚΟΥ ΑΓΚΩΝΟΣ (ΠΕΡΙΦΕΡΙΚΟΥ ΑΚΡΟΥ ΒΡΑΧΙΟΝΙΟΥ Ή ΚΕΝΤΡΙΚΟΥ ΤΜΗΜΑΤΟΣ ΚΕΡΚΙΔΑΣ Ή ΩΛΕΝΗΣ). ΑΡΘΡΟΠΛΑΣΤΙΚΗ ΑΓΚΩΝΑ;;;;;
1892;X633289;ΑΦΑΙΡΕΣΗ Ή ΑΠΟΞΕΣΗ ΚΥΣΤΗΣ ΟΣΤΟΥ Ή ΚΑΛΟΗΘΟΥΣ ΟΓΚΟΥ ΑΓΚΩΝΟΣ (ΠΕΡΙΦΕΡΙΚΟΥ ΑΚΡΟΥ ΒΡΑΧΙΟΝΙΟΥ Ή ΚΕΝΤΡΙΚΟΥ ΤΜΗΜΑΤΟΣ ΚΕΡΚΙΔΑΣ Ή ΩΛΕΝΗΣ). ΜΕ ΑΝΑΓΓΕΙΟ ΟΣΤΙΚΟ ΑΥΤΟΜΟΣΧΕΥΜΑ (ΠΕΡΙΛΑΜΒΑΝΕΙ ΤΗΝ ΛΗΨΗ ΜΟΣΧΕΥΜΑΤΟΣ);;;;;
1893;X633299;ΑΦΑΙΡΕΣΗ Ή ΑΠΟΞΕΣΗ ΚΥΣΤΗΣ ΟΣΤΟΥ Ή ΚΑΛΟΗΘΟΥΣ ΟΓΚΟΥ ΑΓΚΩΝΟΣ (ΠΕΡΙΦΕΡΙΚΟΥ ΑΚΡΟΥ ΒΡΑΧΙΟΝΙΟΥ Ή ΚΕΝΤΡΙΚΟΥ ΤΜΗΜΑΤΟΣ ΚΕΡΚΙΔΑΣ Ή ΩΛΕΝΗΣ). ΜΕ ΑΝΑΓΓΕΙΟ ΟΣΤΙΚΟ ΑΥΤΟΜΟΣΧΕΥΜΑ (ΠΕΡΙΛΑΜΒΑΝΕΙ ΤΗΝ ΛΗΨΗ ΜΟΣΧΕΥΜΑΤΟΣ). ΑΡΘΡΟΠΛΑΣΤΙΚΗ ΑΓΚΩΝΑ;;;;;
1894;X633309;ΑΦΑΙΡΕΣΗ Ή ΑΠΟΞΕΣΗ ΚΥΣΤΗΣ ΟΣΤΟΥ Ή ΚΑΛΟΗΘΟΥΣ ΟΓΚΟΥ ΑΓΚΩΝΟΣ (ΠΕΡΙΦΕΡΙΚΟΥ ΑΚΡΟΥ ΒΡΑΧΙΟΝΙΟΥ Ή ΚΕΝΤΡΙΚΟΥ ΤΜΗΜΑΤΟΣ ΚΕΡΚΙΔΑΣ Ή ΩΛΕΝΗΣ).ΜΕ ΑΓΓΕΙΟΥΜΕΝΟ ΟΣΤΙΚΟ ΑΥΤΟΜΟΣΧΕΥΜΑ (ΠΕΡΙΛΑΜΒΑΝΕΙ ΤΗΝ ΛΗΨΗ ΜΟΣΧΕΥΜΑΤΟΣ ΚΑΙ ΤΗ ΔΗΜΙΟΥΡΓΙΑ ΑΓΓΕΙΑΚΩΝ ΑΝΑΣΤΟΜΟΣΕΩΝ );;;;;
1895;X633311;ΑΦΑΙΡΕΣΗ Ή ΑΠΟΞΕΣΗ ΚΥΣΤΗΣ ΟΣΤΟΥ Ή ΚΑΛΟΗΘΟΥΣ ΟΓΚΟΥ ΑΓΚΩΝΟΣ (ΠΕΡΙΦΕΡΙΚΟΥ ΑΚΡΟΥ ΒΡΑΧΙΟΝΙΟΥ Ή ΚΕΝΤΡΙΚΟΥ ΤΜΗΜΑΤΟΣ ΚΕΡΚΙΔΑΣ Ή ΩΛΕΝΗΣ).ΜΕ ΑΓΓΕΙΟΥΜΕΝΟ ΟΣΤΙΚΟ ΑΥΤΟΜΟΣΧΕΥΜΑ (ΠΕΡΙΛΑΜΒΑΝΕΙ ΤΗΝ ΛΗΨΗ ΜΟΣΧΕΥΜΑΤΟΣ ΚΑΙ ΤΗ ΔΗΜΙΟΥΡΓΙΑ ΑΓΓΕΙΑΚΩΝ ΑΝΑΣΤΟΜΟΣΕΩΝ ) ΑΡΘΡΟΠΛΑΣΤΙΚΗ ΑΓΚΩΝΑ;;;;;
1896;X633329;ΑΦΑΙΡΕΣΗ Ή ΑΠΟΞΕΣΗ ΚΥΣΤΗΣ ΟΣΤΟΥ Ή ΚΑΛΟΗΘΟΥΣ ΟΓΚΟΥ ΑΓΚΩΝΟΣ (ΠΕΡΙΦΕΡΙΚΟΥ ΑΚΡΟΥ ΒΡΑΧΙΟΝΙΟΥ Ή ΚΕΝΤΡΙΚΟΥ ΤΜΗΜΑΤΟΣ ΚΕΡΚΙΔΑΣ Ή ΩΛΕΝΗΣ).ΜΕ ΑΓΓΕΙΟΥΜΕΝΟ ΚΡΗΜΝΟ  ΤΟΠΙΚΟ Ή ΕΛΕΥΘΕΡΟ (ΠΕΡΙΛΑΜΒΑΝΕΙ ΤΗΝ ΛΗΨΗ ΜΟΣΧΕΥΜΑΤΟΣ ΚΑΙ ΤΗ ΔΗΜΙΟΥΡΓΙΑ ΑΓΓΕΙΑΚΩΝ ΑΝΑΣΤΟΜΟΣΕΩΝ );;;;;
1897;X633331;ΑΦΑΙΡΕΣΗ Ή ΑΠΟΞΕΣΗ ΚΥΣΤΗΣ ΟΣΤΟΥ Ή ΚΑΛΟΗΘΟΥΣ ΟΓΚΟΥ ΑΓΚΩΝΟΣ (ΠΕΡΙΦΕΡΙΚΟΥ ΑΚΡΟΥ ΒΡΑΧΙΟΝΙΟΥ Ή ΚΕΝΤΡΙΚΟΥ ΤΜΗΜΑΤΟΣ ΚΕΡΚΙΔΑΣ Ή ΩΛΕΝΗΣ).ΜΕ ΑΓΓΕΙΟΥΜΕΝΟ ΚΡΗΜΝΟ  ΤΟΠΙΚΟ Ή ΕΛΕΥΘΕΡΟ (ΠΕΡΙΛΑΜΒΑΝΕΙ ΤΗΝ ΛΗΨΗ ΜΟΣΧΕΥΜΑΤΟΣ ΚΑΙ ΤΗ ΔΗΜΙΟΥΡΓΙΑ ΑΓΓΕΙΑΚΩΝ ΑΝΑΣΤΟΜΟΣΕΩΝ ) ΑΡΘΡΟΠΛΑΣΤΙΚΗ ΑΓΚΩΝΑ;;;;;
1898;X633359;ΑΦΑΙΡΕΣΗ Ή ΑΠΟΞΕΣΗ ΚΥΣΤΗΣ ΟΣΤΟΥ Ή ΚΑΛΟΗΘΟΥΣ ΟΓΚΟΥ ΑΓΚΩΝΟΣ (ΠΕΡΙΦΕΡΙΚΟΥ ΑΚΡΟΥ ΒΡΑΧΙΟΝΙΟΥ Ή ΚΕΝΤΡΙΚΟΥ ΤΜΗΜΑΤΟΣ ΚΕΡΚΙΔΑΣ Ή ΩΛΕΝΗΣ).ΜΕ ΑΛΛΟΜΟΣΧΕΥΜΑ;;;;;
1899;X633369;ΑΦΑΙΡΕΣΗ Ή ΑΠΟΞΕΣΗ ΚΥΣΤΗΣ ΟΣΤΟΥ Ή ΚΑΛΟΗΘΟΥΣ ΟΓΚΟΥ ΑΓΚΩΝΟΣ (ΠΕΡΙΦΕΡΙΚΟΥ ΑΚΡΟΥ ΒΡΑΧΙΟΝΙΟΥ Ή ΚΕΝΤΡΙΚΟΥ ΤΜΗΜΑΤΟΣ ΚΕΡΚΙΔΑΣ Ή ΩΛΕΝΗΣ).ΜΕ ΑΛΛΟΜΟΣΧΕΥΜΑ. ΑΡΘΡΟΠΛΑΣΤΙΚΗ ΑΓΚΩΝΑ;;;;;
1900;X633371;ΑΦΑΙΡΕΣΗ ΟΓΚΟΥ ΝΕΥΡΙΚΉΣ ΑΡΧΗΣ  ΣΤΟ ΒΡΑΧΙΟΝΙΟ Ή ΑΓΚΩΝΑ ΜΕ Ή ΧΩΡΙΣ ΑΠΟΚΑΤΑΣΤΑΣΗ ΜΕ ΝΕΥΡΙΚΌ ΜΟΣΧΕΥΜΑ ΦΛΕΒΙΚΌ ΜΟΣΧΕΥΜΑ Ή ΝΕΥΡΟ-ΣΩΛΗΝΑ;;;;;
1901;X633389;ΑΝΟΙΚΤΗ ΘΕΡΑΠΕΙΑ ΜΕΤΑΚΑΡΠΙΟΦΑΛΑΓΓΙΚΗΣ ΕΞΑΡΘΡΩΣΗΣ, ΜΟΝΗΡΗΣ, ΠΕΡΙΛΑΜΒΑΝΕΙ ΕΣΩΤΕΡΙΚΗ ΚΑΘΗΛΩΣΗ, ΟΤΑΝ ΕΚΤΕΛΕΙΤΑΙ;;;;;
1902;X633399;ΟΞΕΙΑ ΟΣΤΕΟΜΥΕΛΙΤΙΔΑ ΟΣΤΩΝ ΑΝΤΙΒΡΑΧΙΟΥ  - ΔΙΑΝΟΙΞΗ ΠΑΡΟΧΕΤΕΥΣΗ;;;;;
1903;X633409;ΧΡΟΝΙΑ ΟΣΤΕΟΜΥΕΛΙΤΙΔΑ ΟΣΤΩΝ ΑΝΤΙΒΡΑΧΙΟΥ  - ΔΙΑΝΟΙΞΗ ΠΑΡΟΧΕΤΕΥΣΗ, ΑΦΑΙΡΕΣΗ ΑΠΟΛΥΜΑΤΩΝ;;;;;
1904;X633413;ΧΡΟΝΙΑ ΟΣΤΕΟΜΥΕΛΙΤΙΔΑ ΟΣΤΩΝ ΑΝΤΙΒΡΑΧΙΟΥ  - ΔΙΑΝΟΙΞΗ ΠΑΡΟΧΕΤΕΥΣΗ, ΑΦΑΙΡΕΣΗ ΑΠΟΛΥΜΑΤΩΝ;;;;;
1905;X633429;ΧΡΟΝΙΑ ΟΣΤΕΟΜΥΕΛΙΤΙΔΑ ΟΣΤΩΝ ΑΝΤΙΒΡΑΧΙΟΥ  - ΔΕΥΤΕΡΟΓΕΝΕΙΣ ΕΠΕΜΒΑΣΕΙΣ  ΑΠΟΚΑΤΑΣΤΑΣΗΣ ΟΣΤΙΚΩΝ ΕΛΛΕΙΜΜΑΤΩΝ;;;;;
1906;X633439;ΤΡΑΥΜΑ, ΠΥΩΔΗΣ ΣΥΛΛΟΓΗ ΜΑΛΑΚΩΝ ΜΟΡΙΩΝ  - ΔΙΑΝΟΙΞΗ ΠΑΡΟΧΕΤΕΥΣΗ;;;;;
1907;X633443;ΜΕΤΕΓΧΕΙΡΗΤΙΚΗ ΠΥΩΔΗΣ ΣΥΛΛΟΓΗ ΜΑΛΑΚΩΝ ΜΟΡΙΩΝ - ΔΙΑΝΟΙΞΗ ΠΑΡΟΧΕΤΕΥΣΗ;;;;;
1908;X633451;ΔΗΓΜΑ, ΠΥΩΔΗΣ ΣΥΛΛΟΓΗ ΜΑΛΑΚΩΝ ΜΟΡΙΩΝ  - ΔΙΑΝΟΙΞΗ ΠΑΡΟΧΕΤΕΥΣΗ;;;;;
1909;X633459;ΕΙΔΙΚΕΣ ΦΛΕΓΜΟΝΕΣ ΤΟΥ ΑΝΤΙΒΡΑΧΙΟΥ (TBC, ΜΥΚΗΤΕΣ ΚΛΠ) - ΔΙΑΝΟΙΞΗ , ΚΑΘΑΡΙΣΜΟΣ , ΥΜΕΝΕΚΤΟΜΕΣ, ΕΚΤΟΜΕΣ ΤΕΝΟΝΤΙΩΝ ΕΛΥΤΡΩΝ;;;;;
1910;X633469;ΟΞΕΙΑ ΟΣΤΕΟΜΥΕΛΙΤΙΔΑ ΟΣΤΩΝ ΤΟΥ ΚΑΡΠΟΥ  - ΔΙΑΝΟΙΞΗ ΠΑΡΟΧΕΤΕΥΣΗ;;;;;
1911;X633471;ΤΡΑΥΜΑ, ΟΞΕΙΑ ΟΣΤΕΟΜΥΕΛΙΤΙΔΑ ΟΣΤΩΝ ΤΟΥ ΚΑΡΠΟΥ  - ΔΙΑΝΟΙΞΗ ΠΑΡΟΧΕΤΕΥΣΗ;;;;;
1912;X633489;ΕΙΔΙΚΕΣ ΦΛΕΓΜΟΝΕΣ ΤΟΥ ΚΑΡΠΟΥ (TBC, ΜΥΚΗΤΕΣ ΚΛΠ) - ΔΙΑΝΟΙΞΗ , ΘΥΛΑΚΟΤΟΜΗ, ΥΜΕΝΕΚΤΟΜΗ;;;;;
1913;X633499;ΔΗΓΜΑ, ΠΥΩΔΗΣ ΣΥΛΛΟΓΗ ΜΑΛΑΚΩΝ ΜΟΡΙΩΝ  - ΔΙΑΝΟΙΞΗ ΠΑΡΟΧΕΤΕΥΣΗ;;;;;
1914;X633509;ΚΑΤΑΓΜΑ ΔΙΑΦΥΣΗΣ ΚΕΡΚΙΔΟΣ: ΚΛΕΙΣΤΗ ΑΝΑΤΑΞΗ;;;;;
1915;X633511;ΚΑΤΑΓΜΑ ΔΙΑΦΥΣΗΣ ΚΕΡΚΙΔΟΣ: ΚΛΕΙΣΤΗ ΑΝΑΤΑΞΗ ΚΑΙ ΕΞΩΤΕΡΙΚΗ ΟΣΤΕΟΣΥΝΘΕΣΗ;;;;;
1916;X633529;ΚΑΤΑΓΜΑ ΔΙΑΦΥΣΗΣ ΚΕΡΚΙΔΟΣ: ΚΛΕΙΣΤΗ ΑΝΑΤΑΞΗ ΚΑΙ ΕΝΔΟΜΥΕΛΙΚΗ ΗΛΩΣΗ;;;;;
1917;X633599;ΚΑΤΑΓΜΑ ΔΙΑΦΥΣΗΣ ΚΕΡΚΙΔΟΣ: ΑΝΟΙΚΤΗ ΑΝΑΤΑΞΗ ΚΑΙ ΟΣΤΕΟΣΥΝΘΕΣΗ (ΕΣΩΤΕΡΙΚΗ Ή ΕΞΩΤΕΡΙΚΗ);;;;;
1918;X633641;ΚΑΤΑΓΜΑ ΔΙΑΦΥΣΗΣ ΚΕΡΚΙΔΟΣ ΜΕ ΕΞΑΡΘΡΗΜΑ ΑΠΩ ΚΕΡΚΙΔΟΩΛΕΝΙΚΗΣ ΔΙΑΡΘΡΩΣΗΣ (ΚΑΤΑΓΜΑ GALEAZZI): ΚΛΕΙΣΤΗ ΑΝΑΤΑΞΗ;;;;;
1919;X633643;ΚΑΤΑΓΜΑ ΔΙΑΦΥΣΗΣ ΚΕΡΚΙΔΟΣ ΜΕ ΕΞΑΡΘΡΗΜΑ ΑΠΩ ΚΕΡΚΙΔΟΩΛΕΝΙΚΗΣ ΔΙΑΡΘΡΩΣΗΣ (ΚΑΤΑΓΜΑ GALEAZZI): ΑΝΟΙΚΤΗ ΑΝΑΤΑΞΗ ΚΑΙ ΟΣΤΕΟΣΥΝΘΕΣΗ (ΕΣΩΤΕΡΙΚΗ Ή ΕΞΩΤΕΡΙΚΗ) ΚΑΙ ΚΛΕΙΣΤΗ ΑΝΑΤΑΞΗ ΤΟΥ ΕΞΑΡΘΡΗΜΑΤΟΣ ΤΗΣ ΚΕΡΚΙΔΟΩΛΕΝΙΚΗΣ ΑΡΘΡΩΣΗΣ ΜΕ Ή ΧΩΡΙΣ ΔΙΑΔΕΡΜΙΚΗ ΣΤΑΘΕΡΟΠΟΙΗΣΗ;;;;;
1920;X633645;ΚΑΤΑΓΜΑ ΔΙΑΦΥΣΗΣ ΚΕΡΚΙΔΟΣ ΜΕ ΕΞΑΡΘΡΗΜΑ ΑΠΩ ΚΕΡΚΙΔΟΩΛΕΝΙΚΗΣ ΔΙΑΡΘΡΩΣΗΣ (ΚΑΤΑΓΜΑ GALEAZZI): ΑΝΟΙΚΤΗ ΑΝΑΤΑΞΗ ΚΑΙ ΟΣΤΕΟΣΥΝΘΕΣΗ (ΕΣΩΤΕΡΙΚΗ Ή ΕΞΩΤΕΡΙΚΗ) ΚΑΙ ΑΝΟΙΚΤΗ ΑΝΑΤΑΞΗ ΤΟΥ ΕΞΑΡΘΡΗΜΑΤΟΣ ΤΗΣ ΚΕΡΚΙΔΟΩΛΕΝΙΚΗΣ ΑΡΘΡΩΣΗΣ ΚΑΙ ΟΣΤΕΟΣΥΝΘΕΣΗ (ΕΣΩΤΕΡΙΚΗ Ή ΕΞΩΤΕΡΙΚΗ) ΚΑΙ ΠΙΘΑΝΗ ΧΕΙΡΟΥΡΓΙΚΗ ΑΠΟΚΑΤΑΣΤΑΣΗ ΤΟΥ ΣΥΜΠΛΕΓΜΑΤΟΣ ΤΟΥ ΤΡΙΓΩΝΟΥ ΧΟΝΔΡΟΥ;;;;;
1921;X633647;ΚΑΤΑΓΜΑ ΔΙΑΦΥΣΗΣ ΩΛΕΝΗΣ: ΚΛΕΙΣΤΗ ΑΝΑΤΑΞΗ;;;;;
1922;X633659;ΚΑΤΑΓΜΑ ΔΙΑΦΥΣΗΣ ΩΛΕΝΗΣ: ΚΛΕΙΣΤΗ ΑΝΑΤΑΞΗ ΚΑΙ ΕΞΩΤΕΡΙΚΗ ΟΣΤΕΟΣΥΝΘΕΣΗ;;;;;
1923;X633663;ΚΑΤΑΓΜΑ ΔΙΑΦΥΣΗΣ ΩΛΕΝΗΣ: ΚΛΕΙΣΤΗ ΑΝΑΤΑΞΗ ΚΑΙ ΕΝΔΟΜΥΕΛΙΚΗ ΗΛΩΣΗ;;;;;
1924;X633679;ΚΑΤΑΓΜΑ ΔΙΑΦΥΣΗΣ ΩΛΕΝΗΣ: ΑΝΟΙΚΤΗ ΑΝΑΤΑΞΗ ΚΑΙ ΟΣΤΕΟΣΥΝΘΕΣΗ (ΕΣΩΤΕΡΙΚΗ Ή ΕΞΩΤΕΡΙΚΗ);;;;;
1925;X633681;ΚΑΤΑΓΜΑΤΑ ΔΙΑΦΥΣΗΣ ΚΕΡΚΙΔΑΣ ΚΑΙ ΩΛΕΝΗΣ: ΚΛΕΙΣΤΗ ΑΝΑΤΑΞΗ;;;;;
1926;X633683;ΚΑΤΑΓΜΑΤΑ ΔΙΑΦΥΣΗΣ ΚΕΡΚΙΔΑΣ ΚΑΙ ΩΛΕΝΗΣ: ΚΛΕΙΣΤΗ ΑΝΑΤΑΞΗ ΚΑΙ ΕΝΔΟΜΥΕΛΙΚΗ ΗΛΩΣΗ;;;;;
1927;X633685;ΚΑΤΑΓΜΑΤΑ ΔΙΑΦΥΣΗΣ ΚΕΡΚΙΔΑΣ ΚΑΙ ΩΛΕΝΗΣ: ΑΝΟΙΚΤΗ ΑΝΑΤΑΞΗ ΚΑΙ ΟΣΤΕΟΣΥΝΘΕΣΗ (ΕΣΩΤΕΡΙΚΗ Ή ΕΞΩΤΕΡΙΚΗ) ΤΗΣ ΚΕΡΚΙΔΑΣ Ή ΤΗΣ ΩΛΕΝΗΣ;;;;;
1928;X633779;ΚΑΤΑΓΜΑΤΑ ΔΙΑΦΥΣΗΣ ΚΕΡΚΙΔΑΣ ΚΑΙ ΩΛΕΝΗΣ: ΑΝΟΙΚΤΗ ΑΝΑΤΑΞΗ ΚΑΙ ΟΣΤΕΟΣΥΝΘΕΣΗ (ΕΣΩΤΕΡΙΚΗ Ή ΕΞΩΤΕΡΙΚΗ) ΤΗΣ ΚΕΡΚΙΔΑΣ ΚΑΙ ΤΗΣ ΩΛΕΝΗΣ;;;;;
1929;X633861;ΚΑΤΑΓΜΑ ΠΕΡΙΦΕΡΙΚΟΥ ΤΜΗΜΑΤΟΣ ΚΕΡΚΙΔΟΣ ΜΕ Ή ΧΩΡΙΣ ΚΑΤΑΓΜΑ ΣΤΥΛΟΕΙΔΟΥΣ ΑΠΟΦΥΣΗΣ ΩΛΕΝΗΣ: ΚΛΕΙΣΤΗ ΑΝΑΤΑΞΗ;;;;;
1930;X633863;ΚΑΤΑΓΜΑ ΠΕΡΙΦΕΡΙΚΟΥ ΤΜΗΜΑΤΟΣ ΚΕΡΚΙΔΟΣ ΜΕ Ή ΧΩΡΙΣ ΚΑΤΑΓΜΑ ΣΤΥΛΟΕΙΔΟΥΣ ΑΠΟΦΥΣΗΣ ΩΛΕΝΗΣ: ΚΛΕΙΣΤΗ ΑΝΑΤΑΞΗ ΚΑΙ ΔΙΑΔΕΡΜΙΚΗ ΟΣΤΕΟΣΥΝΘΕΣΗ;;;;;
1931;X633937;ΜΗ ΚΑΤΑΓΕΓΡΑΜΜΕΝΗ ΔΙΑΔΙΚΑΣΙΑ, ΧΕΡΙΑ Ή ΔΑΚΤΥΛΑ;;;;;
1932;X633937.1;ΦΛΕΓΜΟΝΗ, ΔΙΑΠΥΗΣΗ ΡΑΧΙΑΙΑΣ ΕΠΙΦΑΝΕΙΑΣ ΑΚΡΑΣ ΧΕΙΡΑΣ   - ΔΙΑΝΟΙΞΗ ,ΠΑΡΟΧΕΤΕΥΣΗ;;;;;
1933;X633937.2;ΦΛΕΓΜΟΝΗ, ΔΙΑΠΥΗΣΗ ΤΩΝ ΧΩΡΩΝ ΤΗΣ ΠΑΛΑΜΗΣ  - ΔΙΑΝΟΙΞΗ ,ΠΑΡΟΧΕΤΕΥΣΗ;;;;;
1934;X633937.3;ΔΗΓΜΑ, ΠΥΩΔΗΣ ΣΥΛΛΟΓΗ ΜΑΛΑΚΩΝ ΜΟΡΙΩΝ ΡΑΧΙΑΙΑΣ Η ΠΑΛΑΜΙΑΙΑΣ ΕΠΙΦΑΝΕΙΑΣ ΑΚΡΑΣ ΧΕΙΡΑΣ  - ΔΙΑΝΟΙΞΗ ΠΑΡΟΧΕΤΕΥΣΗ;;;;;
1935;X633937.4;ΟΞΕΙΑ ΟΣΤΕΟΜΥΕΛΙΤΙΔΑ ΜΕΤΑΚΑΡΠΙΩΝ - ΔΙΑΝΟΙΞΗ ΠΑΡΟΧΕΤΕΥΣΗ;;;;;
1936;X633937.5;ΧΡΟΝΙΑ ΟΣΤΕΟΜΥΕΛΙΤΙΔΑ ΜΕΤΑΚΑΡΠΙΩΝ  - ΔΙΑΝΟΙΞΗ ΠΑΡΟΧΕΤΕΥΣΗ, ΑΦΑΙΡΕΣΗ ΑΠΟΛΥΜΑΤΩΝ;;;;;
1937;X633937.6;ΧΡΟΝΙΑ ΟΣΤΕΟΜΥΕΛΙΤΙΔΑ ΜΕΤΑΚΑΡΠΙΩΝ  - ΔΕΥΤΕΡΟΓΕΝΕΙΣ ΕΠΕΜΒΑΣΕΙΣ  ΑΠΟΚΑΤΑΣΤΑΣΗΣ ΟΣΤΙΚΩΝ ΕΛΛΕΙΜΜΑΤΩΝ;;;;;
1938;X633937.7;ΧΡΟΝΙΑ ΟΣΤΕΟΜΥΕΛΙΤΙΔΑ ΦΑΛΑΓΓΩΝ - ΔΙΑΝΟΙΞΗ ΠΑΡΟΧΕΤΕΥΣΗ, ΑΦΑΙΡΕΣΗ ΑΠΟΛΥΜΑΤΩΝ;;;;;
1939;X633937.8;ΧΡΟΝΙΑ ΟΣΤΕΟΜΥΕΛΙΤΙΔΑ ΦΑΛΑΓΓΩΝ  - ΔΕΥΤΕΡΟΓΕΝΕΙΣ ΕΠΕΜΒΑΣΕΙΣ  ΑΠΟΚΑΤΑΣΤΑΣΗΣ ΟΣΤΙΚΩΝ ΕΛΛΕΙΜΜΑΤΩΝ;;;;;
1940;X633937.9;ΦΛΕΓΜΟΝΗ, ΣΗΠΤΙΚΗ ΤΕΝΟΝΤΟΕΛΥΤΡΙΤΙΔΑ ΚΑΜΠΤΗΡΩΝ ΔΑΚΤΥΛΟΥ Η ΔΑΚΤΥΛΩΝ - ΔΙΑΝΟΙΞΗ, ΠΑΡΟΧΕΤΕΥΣΗ;;;;;
1941;X633937.10;ΦΛΕΓΜΟΝΗ, ΣΗΠΤΙΚΗ ΤΕΝΟΝΤΟΕΛΥΤΡΙΤΙΔΑ ΚΑΜΠΤΗΡΩΝ ΔΑΚΤΥΛΟΥ Η ΔΑΚΤΥΛΩΝ - ΔΙΑΝΟΙΞΗ, ΠΑΡΟΧΕΤΕΥΣΗ, ΤΟΠΟΘΕΤΗΣΗ ΚΑΘΕΤΗΡΑ ΣΥΝΕΧΟΥΣ ΕΚΠΛΥΣΗΣ;;;;;
1942;X633937.11;ΦΛΕΓΜΟΝΗ, ΣΗΠΤΙΚΗ ΤΕΝΟΝΤΟΕΛΥΤΡΙΤΙΔΑ ΚΑΜΠΤΗΡΩΝ ΔΑΚΤΥΛΟΥ Η ΔΑΚΤΥΛΩΝ - ΔΕΥΤΕΡΟΓΕΝΗΣ ΤΕΝΟΝΤΟΛΥΣΗ;;;;;
1943;X633937.12;ΦΛΕΓΜΟΝΗ, ΔΙΑΠΥΗΣΗ ,ΥΠΟΔΟΡΙΑ ΣΥΛΛΟΓΗ ΡΑΧΙΑΙΑΣ Η ΠΑΛΑΜΙΑΙΑΣ ΕΠΙΦΑΝΕΙΑΣ ΔΑΚΤΥΛΟΥ - ΔΙΑΝΟΙΞΗ ,ΠΑΡΟΧΕΤΕΥΣΗ;;;;;
1944;X633937.13;ΔΗΓΜΑ, ΔΙΑΠΥΗΣΗ ,ΥΠΟΔΟΡΙΑ ΣΥΛΛΟΓΗ ΡΑΧΙΑΙΑΣ Η ΠΑΛΑΜΙΑΙΑΣ ΕΠΙΦΑΝΕΙΑΣ ΔΑΚΤΥΛΟΥ - ΔΙΑΝΟΙΞΗ ,ΠΑΡΟΧΕΤΕΥΣΗ;;;;;
1945;X633937.14;ΦΛΕΓΜΟΝΗ, ΔΙΑΠΥΗΣΗ ΠΟΛΦΟΥ ΔΑΚΤΥΛΟΥ - ΔΙΑΝΟΙΞΗ ,ΠΑΡΟΧΕΤΕΥΣΗ;;;;;
1946;X633937.15;ΠΑΡΩΝΥΧΙΑ, ΔΙΑΠΥΗΣΗ - ΔΙΑΝΟΙΞΗ, ΠΑΡΟΧΕΤΕΥΣΗ;;;;;
1947;X633937.16;ΠΑΡΩΝΥΧΙΑ, ΔΙΑΠΥΗΣΗ - ΔΙΑΝΟΙΞΗ, ΠΑΡΟΧΕΤΕΥΣΗ, ΜΕΡΙΚΗ ΟΝΥΧΕΚΤΟΜΗ;;;;;
1948;X633937.17;ΚΑΤΑΓΜΑ ΜΕΤΑΚΑΡΠΙΟΥ:ΚΛΕΙΣΤΗ ΑΝΑΤΑΞΗ ΚΑΤΑΓΜΑΤΟΣ;;;;;
1949;X633937.18;ΚΑΤΑΓΜΑ ΜΕΤΑΚΑΡΠΙΟΥ:ΚΛΕΙΣΤΗ ΑΝΑΤΑΞΗ ΚΑΤΑΓΜΑΤΟΣ ΚΑΙ ΔΙΑΔΕΡΜΙΚΗ ΟΣΤΕΟΣΥΝΘΕΣΗ;;;;;
1950;X633937.19;ΚΑΤΑΓΜΑ ΜΕΤΑΚΑΡΠΙΟΥ:ΚΛΕΙΣΤΗ ΑΝΑΤΑΞΗ ΚΑΤΑΓΜΑΤΟΣ ΚΑΙ ΕΞΩΤΕΡΙΚΗ ΟΣΤΕΟΣΥΝΘΕΣΗ ;;;;;
1951;X633937.20;ΚΑΤΑΓΜΑ ΜΕΤΑΚΑΡΠΙΟΥ:ΑΝΟΙΚΤΗ ΑΝΑΤΑΞΗ ΚΑΤΑΓΜΑΤΟΣ ΚΑΙ ΕΣΩΤΕΡΙΚΗ Ή ΕΞΩΤΕΡΙΚΗ ΟΣΤΕΟΣΥΝΘΕΣΗ (ΠΕΡΙΛΑΜΒΑΝΕΙ ΤΗ ΧΡΗΣΗ ΟΣΤΙΚΟΥ ΜΟΣΧΕΥΜΑΤΟΣ);;;;;
1952;X633937.21;ΕΞΑΡΘΡΗΜΑ ΚΑΡΠΟΜΕΤΑΚΑΡΠΙΑΣ ΑΡΘΡΩΣΗΣ ΑΝΤΙΧΕΙΡΑ: ΚΛΕΙΣΤΗ ΑΝΑΤΑΞΗ;;;;;
1953;X633937.22;ΕΞΑΡΘΡΗΜΑ ΚΑΡΠΟΜΕΤΑΚΑΡΠΙΑΣ ΑΡΘΡΩΣΗΣ ΑΝΤΙΧΕΙΡΑ: ΚΛΕΙΣΤΗ ΑΝΑΤΑΞΗ ΚΑΙ ΟΣΤΕΟΣΥΝΘΕΣΗ (ΔΙΑΔΕΡΜΙΚΗ Ή/ΚΑΙ ΕΞΩΤΕΡΙΚΗ);;;;;
1954;X633937.23;ΕΞΑΡΘΡΗΜΑ ΚΑΡΠΟΜΕΤΑΚΑΡΠΙΑΣ ΑΡΘΡΩΣΗΣ ΑΝΤΙΧΕΙΡΑ: ΑΝΟΙΚΤΗ ΑΝΑΤΑΞΗ ΚΑΙ ΟΣΤΕΟΣΥΝΘΕΣΗ (ΕΣΩΤΕΡΙΚΗ Ή ΕΞΩΤΕΡΙΚΗ);;;;;
1955;X633937.24;ΚΑΤΑΓΜΑ - ΕΞΑΡΘΡΗΜΑ ΚΑΡΠΟΜΕΤΑΚΑΡΠΙΑΣ ΑΡΘΡΩΣΗΣ ΑΝΤΙΧΕΙΡΑ: ΚΛΕΙΣΤΗ ΑΝΑΤΑΞΗ;;;;;
1956;X633937.25;ΚΑΤΑΓΜΑ - ΕΞΑΡΘΡΗΜΑ ΚΑΡΠΟΜΕΤΑΚΑΡΠΙΑΣ ΑΡΘΡΩΣΗΣ ΑΝΤΙΧΕΙΡΑ: ΚΛΕΙΣΤΗ ΑΝΑΤΑΞΗ ΚΑΙ ΟΣΤΕΟΣΥΝΘΕΣΗ (ΔΙΑΔΕΡΜΙΚΗ Ή/ΚΑΙ ΕΞΩΤΕΡΙΚΗ);;;;;
1957;X633937.26;ΚΑΤΑΓΜΑ - ΕΞΑΡΘΡΗΜΑ ΚΑΡΠΟΜΕΤΑΚΑΡΠΙΑΣ ΑΡΘΡΩΣΗΣ ΑΝΤΙΧΕΙΡΑ: ΑΝΟΙΚΤΗ ΑΝΑΤΑΞΗ ΚΑΙ  ΟΣΤΕΟΣΥΝΘΕΣΗ (ΕΣΩΤΕΡΙΚΗ Ή ΕΞΩΤΕΡΙΚΗ);;;;;
1958;X633937.27;ΚΑΤΑΓΜΑ - ΕΞΑΡΘΡΗΜΑ ΚΑΡΠΟΜΕΤΑΚΑΡΠΙΑΣ ΑΡΘΡΩΣΗΣ ΑΝΤΙΧΕΙΡΑ: ΑΡΘΡΟΔΕΣΗ;;;;;
1959;X633937.28;ΕΝΔΑΡΘΡΙΚΟ ΚΑΤΑΓΜΑ ΒΑΣΕΩΣ ΠΡΩΤΟΥ ΜΕΤΑΚΑΡΠΙΟΥ: ΚΛΕΙΣΤΗ ΑΝΑΤΑΞΗ;;;;;
1960;X633937.29;ΕΝΔΑΡΘΡΙΚΟ ΚΑΤΑΓΜΑ ΒΑΣΕΩΣ ΠΡΩΤΟΥ ΜΕΤΑΚΑΡΠΙΟΥ: ΚΛΕΙΣΤΗ ΑΝΑΤΑΞΗ ΚΑΙ ΟΣΤΕΟΣΥΝΘΕΣΗ (ΔΙΑΔΕΡΜΙΚΗ Ή/ΚΑΙ ΕΞΩΤΕΡΙΚΗ);;;;;
1961;X633937.30;ΕΝΔΑΡΘΡΙΚΟ ΚΑΤΑΓΜΑ ΒΑΣΕΩΣ ΠΡΩΤΟΥ ΜΕΤΑΚΑΡΠΙΟΥ: ΑΝΟΙΚΤΗ ΑΝΑΤΑΞΗ ΚΑΙ ΟΣΤΕΟΣΥΝΘΕΣΗ (ΕΣΩΤΕΡΙΚΗ Ή ΕΞΩΤΕΡΙΚΗ);;;;;
1962;X633937.31;ΕΞΑΡΘΡΗΜΑ ΚΑΡΠΟΜΕΤΑΚΑΡΠΙΑΣ ΑΡΘΡΩΣΗΣ (ΕΚΤΟΣ ΑΝΤΙΧΕΙΡΑ) ΜΕ Ή ΧΩΡΙΣ ΚΑΤΑΓΜΑ: ΚΛΕΙΣΤΗ ΑΝΑΤΑΞΗ;;;;;
1963;X633937.32;ΕΞΑΡΘΡΗΜΑ ΚΑΡΠΟΜΕΤΑΚΑΡΠΙΑΣ ΑΡΘΡΩΣΗΣ (ΕΚΤΟΣ ΑΝΤΙΧΕΙΡΑ) ΜΕ Ή ΧΩΡΙΣ ΚΑΤΑΓΜΑ: ΚΛΕΙΣΤΗ ΑΝΑΤΑΞΗ ΚΑΙ ΟΣΤΕΟΣΥΝΘΕΣΗ (ΔΙΑΔΕΡΜΙΚΗ Ή/ΚΑΙ ΕΞΩΤΕΡΙΚΗ);;;;;
1964;X633937.33;ΕΞΑΡΘΡΗΜΑ ΚΑΡΠΟΜΕΤΑΚΑΡΠΙΑΣ ΑΡΘΡΩΣΗΣ (ΕΚΤΟΣ ΑΝΤΙΧΕΙΡΑ) ΜΕ Ή ΧΩΡΙΣ ΚΑΤΑΓΜΑ: ΑΝΟΙΚΤΗ ΑΝΑΤΑΞΗ ΚΑΙ ΟΣΤΕΟΣΥΝΘΕΣΗ (ΕΣΩΤΕΡΙΚΗ Ή ΕΞΩΤΕΡΙΚΗ);;;;;
1965;X633937.34;ΕΞΑΡΘΡΗΜΑ ΚΑΡΠΟΜΕΤΑΚΑΡΠΙΑΣ ΑΡΘΡΩΣΗΣ (ΕΚΤΟΣ ΑΝΤΙΧΕΙΡΑ) ΜΕ ΚΑΤΑΓΜΑ: ΑΡΘΡΟΔΕΣΗ;;;;;
1966;X633937.35;ΕΝΔΑΡΘΡΙΚΟ ΚΑΤΑΓΜΑ ΒΑΣΕΩΣ ΜΕΤΑΚΑΡΠΙΟΥ (ΕΚΤΟΣ ΑΝΤΙΧΕΙΡΑ): ΚΛΕΙΣΤΗ ΑΝΑΤΑΞΗ;;;;;
1967;X633937.36;ΕΝΔΑΡΘΡΙΚΟ ΚΑΤΑΓΜΑ ΒΑΣΕΩΣ ΜΕΤΑΚΑΡΠΙΟΥ (ΕΚΤΟΣ ΑΝΤΙΧΕΙΡΑ): ΚΛΕΙΣΤΗ ΑΝΑΤΑΞΗ ΚΑΙ ΟΣΤΕΟΣΥΝΘΕΣΗ (ΔΙΑΔΕΡΜΙΚΗ Ή/ΚΑΙ ΕΞΩΤΕΡΙΚΗ);;;;;
1968;X633937.37;ΕΝΔΑΡΘΡΙΚΟ ΚΑΤΑΓΜΑ ΒΑΣΕΩΣ ΜΕΤΑΚΑΡΠΙΟΥ (ΕΚΤΟΣ ΑΝΤΙΧΕΙΡΑ): ΑΝΟΙΚΤΗ ΑΝΑΤΑΞΗ ΚΑΙ ΟΣΤΕΟΣΥΝΘΕΣΗ (ΕΣΩΤΕΡΙΚΗ Ή ΕΞΩΤΕΡΙΚΗ);;;;;
1969;X633937.38;ΕΞΑΡΘΡΗΜΑ ΜΕΤΑΚΑΡΠΟΦΑΛΑΓΓΙΚΗΣ Ή ΜΕΣΟΦΑΛΓΓΙΚΗΣ ΑΡΘΡΩΣΗΣ: ΚΛΕΙΣΤΗ ΑΝΑΤΑΞΗ;;;;;
1970;X633937.39;ΕΞΑΡΘΡΗΜΑ ΜΕΤΑΚΑΡΠΟΦΑΛΑΓΓΙΚΗΣ Ή ΜΕΣΟΦΑΛΓΓΙΚΗΣ ΑΡΘΡΩΣΗΣ ΜΕ Ή ΧΩΡΙΣ ΚΑΤΑΓΜΑ: ΚΛΕΙΣΤΗ ΑΝΑΤΑΞΗ ΚΑΙ ΟΣΤΕΟΣΥΝΘΕΣΗ (ΔΙΑΔΕΡΜΙΚΗ Ή/ΚΑΙ ΕΞΩΤΕΡΙΚΗ);;;;;
1971;X633937.40;ΕΞΑΡΘΡΗΜΑ ΜΕΤΑΚΑΡΠΟΦΑΛΑΓΓΙΚΗΣ Ή ΜΕΣΟΦΑΛΓΓΙΚΗΣ ΑΡΘΡΩΣΗΣ ΜΕ Ή ΧΩΡΙΣ ΚΑΤΑΓΜΑ: ΑΝΟΙΚΤΗ ΑΝΑΤΑΞΗ ΚΑΙ ΟΣΤΕΟΣΥΝΘΕΣΗ (ΕΣΩΤΕΡΙΚΗ Ή ΕΞΩΤΕΡΙΚΗ);;;;;
1972;X633937.41;ΕΝΔΑΡΘΡΙΚΟ ΚΑΤΑΓΜΑ ΜΕΤΑΚΑΡΠΟΦΑΛΑΓΓΙΚΗΣ Ή ΜΕΣΟΦΑΛΓΓΙΚΗΣ ΑΡΘΡΩΣΗΣ: ΚΛΕΙΣΤΗ ΑΝΑΤΑΞΗ;;;;;
1973;X633937.42;ΕΝΔΑΡΘΡΙΚΟ ΚΑΤΑΓΜΑ ΜΕΤΑΚΑΡΠΟΦΑΛΑΓΓΙΚΗΣ Ή ΜΕΣΟΦΑΛΓΓΙΚΗΣ ΑΡΘΡΩΣΗΣ: ΚΛΕΙΣΤΗ ΑΝΑΤΑΞΗ ΚΑΙ ΟΣΤΕΟΣΥΝΘΕΣΗ (ΔΙΑΔΕΡΜΙΚΗ Ή/ΚΑΙ ΕΞΩΤΕΡΙΚΗ);;;;;
1974;X633937.43;ΕΝΔΑΡΘΡΙΚΟ ΚΑΤΑΓΜΑ ΜΕΤΑΚΑΡΠΟΦΑΛΑΓΓΙΚΗΣ Ή ΜΕΣΟΦΑΛΓΓΙΚΗΣ ΑΡΘΡΩΣΗΣ: ΑΝΟΙΚΤΗ ΑΝΑΤΑΞΗ ΚΑΙ ΟΣΤΕΟΣΥΝΘΕΣΗ (ΕΣΩΤΕΡΙΚΗ Ή ΕΞΩΤΕΡΙΚΗ);;;;;
1975;X633937.44;ΕΝΔΑΡΘΡΙΚΟ ΚΑΤΑΓΜΑ ΜΕΤΑΚΑΡΠΟΦΑΛΑΓΓΙΚΗΣ Ή ΜΕΣΟΦΑΛΓΓΙΚΗΣ ΑΡΘΡΩΣΗΣ: ΑΡΘΡΟΔΕΣΗ;;;;;
1976;X633937.45;ΕΝΔΑΡΘΡΙΚΟ ΚΑΤΑΓΜΑ ΜΕΤΑΚΑΡΠΟΦΑΛΑΓΓΙΚΗΣ Ή ΜΕΣΟΦΑΛΓΓΙΚΗΣ ΑΡΘΡΩΣΗΣ: ΟΛΙΚΗ ΑΡΘΡΟΠΛΑΣΤΙΚΗ;;;;;
1977;X633937.46;ΚΑΤΑΓΜΑ ΔΙΑΦΥΣΗΣ ΜΕΣΗΣ Ή ΕΓΓΥΣ ΦΑΛΑΓΓΟΣ: ΚΛΕΙΣΤΗ ΑΝΑΤΑΞΗ;;;;;
1978;X633937.47;ΚΑΤΑΓΜΑ ΔΙΑΦΥΣΗΣ ΜΕΣΗΣ Ή ΕΓΓΥΣ ΦΑΛΑΓΓΟΣ: ΚΛΕΙΣΤΗ ΑΝΑΤΑΞΗ ΚΑΙ ΟΣΤΕΟΣΥΝΘΕΣΗ (ΔΙΑΔΕΡΜΙΚΗ Ή/ΚΑΙ ΕΞΩΤΕΡΙΚΗ);;;;;
1979;X633937.48;ΚΑΤΑΓΜΑ ΔΙΑΦΥΣΗΣ ΜΕΣΗΣ Ή ΕΓΓΥΣ ΦΑΛΑΓΓΟΣ: ΑΝΟΙΚΤΗ ΑΝΑΤΑΞΗ ΚΑΙ ΟΣΤΕΟΣΥΝΘΕΣΗ (ΕΣΩΤΕΡΙΚΗ Ή ΕΞΩΤΕΡΙΚΗ), (ΠΕΡΙΛΑΜΒΑΝΕΙ ΤΗ ΧΡΗΣΗ ΟΣΤΙΚΟΥ ΜΟΣΧΕΥΜΑΤΟΣ);;;;;
1980;X633937.49;ΚΑΤΑΓΜΑ ΠΕΡΙΦΕΡΙΚΗΣ ΦΑΛΑΓΓΟΣ: ΚΛΕΙΣΤΗ ΑΝΑΤΑΞΗ;;;;;
1981;X633937.50;ΚΑΤΑΓΜΑ ΠΕΡΙΦΕΡΙΚΗΣ ΦΑΛΑΓΓΟΣ: ΚΛΕΙΣΤΗ ΑΝΑΤΑΞΗ ΚΑΙ ΔΙΑΔΕΡΜΙΚΗ ΟΣΤΕΟΣΥΝΘΕΣΗ;;;;;
1982;X633937.51;ΚΑΤΑΓΜΑ ΠΕΡΙΦΕΡΙΚΗΣ ΦΑΛΑΓΓΟΣ: ΑΝΟΙΚΤΗ ΑΝΑΤΑΞΗ ΚΑΙ ΕΣΩΤΕΡΙΚΗ ΟΣΤΕΟΣΥΝΘΕΣΗ;;;;;
1983;X633937.52;ΠΑΡΟΧΕΤΕΥΣΗ ΥΠΟΝΥΧΙΟΥ ΑΙΜΑΤΩΜΑΤΟΣ;;;;;
1984;X633937.53;ΠΡΩΤΟΠΑΘΗΣ ΧΕΙΡΟΥΡΓΙΚΗ ΑΠΟΚΑΤΑΣΤΑΣΗ ΤΗΣ ΚΟΙΤΗΣ ΤΟΥ ΝΥΧΙΟΥ;;;;;
1985;X633937.54;ΔΕΥΤΕΡΟΠΑΘΗΣ ΧΕΙΡΟΥΡΓΙΚΗ ΑΠΟΚΑΤΑΣΤΑΣΗ ΤΗΣ ΚΟΙΤΗΣ ΤΟΥ ΝΥΧΙΟΥ ΜΕ ΑΥΤΟΛΟΓΟ ΜΟΣΧΕΥΜΑ;;;;;
1986;X633937.55;ΕΚΤΟΜΗ ΟΝΥΧΟΣ ΚΑΙ ΜΗΤΡΑΣ ΟΝΥΧΟΣ (ΜΕΡΙΚΗ Ή ΟΛΙΚΗ), ΜΕ Ή ΧΩΡΙΣ ΑΚΡΩΤΗΡΙΑΣΜΟ ΤΟΥ ΤΕΛΙΚΟΥ ΤΜΗΜΑΤΟΣ ΤΗΣ ΟΝΥΧΟΦΟΡΟΥ ΦΑΛΑΓΓΟΣ;;;;;
1987;X633937.56;ΡΗΞΗ ΩΛΕΝΙΟΥ ΠΛΑΓΙΟΥ ΣΥΝΔΕΣΜΟΥ ΤΟΥ ΑΝΤΙΧΕΙΡΑ (ΜΕΤΑΚΑΡΠΙΟ ΦΑΛΑΓΓΙΚΗ ΑΡΘΡΩΣΗ ΑΝΤΙΧΕΙΡΑ). ΠΡΩΤΟΠΑΘΗΣ ΣΥΡΡΑΦΗ;;;;;
1988;X633937.57;ΡΗΞΗ ΩΛΕΝΙΟΥ ΠΛΑΓΙΟΥ ΣΥΝΔΕΣΜΟΥ ΤΟΥ ΑΝΤΙΧΕΙΡΑ (ΜΕΤΑΚΑΡΠΙΟ ΦΑΛΑΓΓΙΚΗ ΑΡΘΡΩΣΗ ΑΝΤΙΧΕΙΡΑ). ΔΕΥΤΕΡΟΠΑΘΗΣ ΣΥΡΡΑΦΗ - ΣΥΝΔΕΣΜΟΠΛΑΣΤΙΚΗ ;;;;;
1989;X633937.58;ΡΗΞΗ ΩΛΕΝΙΟΥ ΠΛΑΓΙΟΥ ΣΥΝΔΕΣΜΟΥ ΤΟΥ ΑΝΤΙΧΕΙΡΑ (ΜΕΤΑΚΑΡΠΙΟ ΦΑΛΑΓΓΙΚΗ ΑΡΘΡΩΣΗ ΑΝΤΙΧΕΙΡΑ). ΔΕΥΤΕΡΟΠΑΘΗΣ ΣΥΡΡΑΦΗ - ΣΥΝΔΕΣΜΟΠΛΑΣΤΙΚΗ ΜΕ ΤΕΝΟΝΤΙΟ ΜΟΣΧΕΥΜΑ (ΠΕΡΙΛΑΜΒΑΝΕΙ ΚΑΙ ΤΗ ΛΗΨΗ ΜΟΣΧΕΥΜΑΤΟΣ);;;;;
1990;X633937.59;ΡΗΞΗ ΠΛΑΓΙΟΥ ΣΥΝΔΕΣΜΟΥ ΜΕΤΑΚΑΡΠΟΦΑΛΑΓΓΙΚΗΣ ΑΡΘΡΩΣΗΣ: ΠΡΩΤΟΠΑΘΗΣ ΣΥΡΡΑΦΗ Ή ΚΑΘΗΛΩΣΗ;;;;;
1991;X633937.60;ΡΗΞΗ ΠΛΑΓΙΟΥ ΣΥΝΔΕΣΜΟΥ ΜΕΤΑΚΑΡΠΟΦΑΛΑΓΓΙΚΗΣ ΑΡΘΡΩΣΗΣ: ΔΕΥΤΕΡΟΠΑΘΗΣ ΣΥΡΡΑΦΗ - ΣΥΝΔΕΣΜΟΠΛΑΣΤΙΚΗ ΜΕ ΤΟΠΙΚΟΥΣ ΙΣΤΟΥΣ;;;;;
1992;X633937.61;ΡΗΞΗ ΠΛΑΓΙΟΥ ΣΥΝΔΕΣΜΟΥ ΜΕΤΑΚΑΡΠΟΦΑΛΑΓΓΙΚΗΣ ΑΡΘΡΩΣΗΣ: ΔΕΥΤΕΡΟΠΑΘΗΣ ΣΥΡΡΑΦΗ - ΣΥΝΔΕΣΜΟΠΛΑΣΤΙΚΗ ΜΕ ΤΕΝΟΝΤΙΟ ΜΟΣΧΕΥΜΑ (ΠΕΡΙΛΑΜΒΑΝΕΙ ΚΑΙ ΤΗ ΛΗΨΗ ΜΟΣΧΕΥΜΑΤΟΣ);;;;;
1993;X633937.62;ΡΗΞΗ ΠΛΑΓΙΟΥ ΣΥΝΔΕΣΜΟΥ ΜΕΣΟΦΑΛΑΓΓΙΚΗΣ ΑΡΘΡΩΣΗΣ: ΠΡΩΤΟΠΑΘΗΣ ΣΥΡΡΑΦΗ Ή ΚΑΘΗΛΩΣΗ;;;;;
1994;X633937.63;ΡΗΞΗ ΠΛΑΓΙΟΥ ΣΥΝΔΕΣΜΟΥ ΜΕΣΟΦΑΛΑΓΓΙΚΗΣ ΑΡΘΡΩΣΗΣ: ΔΕΥΤΕΡΟΠΑΘΗΣ ΣΥΡΡΑΦΗ - ΣΥΝΔΕΣΜΟΠΛΑΣΤΙΚΗ ΜΕ Ή ΧΩΡΙΣ ΤΕΝΟΝΤΙΟ ΜΟΣΧΕΥΜΑ (ΠΕΡΙΛΑΜΒΑΝΕΙ ΚΑΙ ΤΗ ΛΗΨΗ ΜΟΣΧΕΥΜΑΤΟΣ);;;;;
1995;X633937.64;"ΠΑΡΑΜΟΡΦΩΣΗ ""ΛΑΙΜΟΥ ΚΥΚΝΟΥ"" (SWAN NECK DEFORMITY): ΑΡΘΡΟΔΕΣΗ ΑΠΩ ΜΕΣΟΦΑΛΑΓΓΙΚΗΣ ΑΡΘΡΩΣΗΣ";;;;;
1996;X633937.65;"ΠΑΡΑΜΟΡΦΩΣΗ ""ΛΑΙΜΟΥ ΚΥΚΝΟΥ"" (SWAN NECK DEFORMITY): ΤΕΝΟΝΤΟΔΕΣΗ ΚΑΜΠΤΗΡΩΝ ΔΑΚΤΥΛΩΝ (ΟΠΩΣ ΤΕΝΟΝΤΟΔΕΣΗ ΤΟΥ ΠΕΡΙΦΕΡΙΚΟΥ ΤΜΗΜΑΤΟΣ ΤΟΥ ΕΠΙΠΟΛΗΣ ΚΑΜΠΤΗΡΑ)";;;;;
1997;X633937.66;"ΠΑΡΑΜΟΡΦΩΣΗ ""ΛΑΙΜΟΥ ΚΥΚΝΟΥ"" (SWAN NECK DEFORMITY): ΑΠΕΛΕΥΘΕΡΩΣΗ ΑΥΤΟΧΘΟΝΩΝ ΜΥΩΝ";;;;;
1998;X633937.67;"ΠΑΡΑΜΟΡΦΩΣΗ ""ΛΑΙΜΟΥ ΚΥΚΝΟΥ"" (SWAN NECK DEFORMITY): ΑΡΘΡΟΔΕΣΗ ΕΓΓΥΣ ΜΕΣΟΦΑΛΑΓΓΙΚΗΣ ΑΡΘΡΩΣΗΣ";;;;;
1999;X633937.68;"ΠΑΡΑΜΟΡΦΩΣΗ ""ΛΑΙΜΟΥ ΚΥΚΝΟΥ"" (SWAN NECK DEFORMITY): ΚΙΝΗΤΟΠΟΙΗΣΗ ΠΛΑΓΙΩΝ ΤΑΙΝΙΩΝ, ΤΕΝΟΝΤΟΛΥΣΗ ΕΚΤΕΙΝΟΝΤΩΝ, ΘΥΛΑΚΕΚΤΟΜΗ ΜΕ /Ή ΧΩΡΙΣ ΜΕΡΙΚΗ ΔΙΑΤΟΜΗ ΠΛΑΓΙΩΝ ΣΥΝΔΕΣΜΩΝ ΤΗΣ ΕΓΓΥΣ ΜΕΣΟΦΑΛΑΓΓΙΚΗΣ ΑΡΘΡΩΣΗΣ";;;;;
2000;X633937.69;"ΠΑΡΑΜΟΡΦΩΣΗ ""ΛΑΙΜΟΥ ΚΥΚΝΟΥ"" (SWAN NECK DEFORMITY): ΟΛΙΚΗ ΑΡΘΡΟΠΛΑΣΤΙΚΗ ΕΓΓΥΣ ΜΕΣΟΦΑΛΑΓΓΙΚΗΣ ΑΡΘΡΩΣΗΣ";;;;;
2001;X633937.70;ΑΦΑΙΡΕΣΗ ΥΛΙΚΩΝ ΟΣΤΕΟΣΥΝΘΕΣΗΣ ΜΕΤΑΚΑΡΠΙΩΝ Ή ΦΑΛΑΓΓΩΝ;;;;;
2002;X633937.71;ΑΦΑΙΡΕΣΗ ΕΞΩΤΕΡΙΚΗΣ ΟΣΤΕΟΣΥΝΘΕΣΗΣ ΑΚΡΑΣ ΧΕΙΡΟΣ;;;;;
2003;X633937.72;ΑΝΑΘΕΩΡΗΣΗ Ή ΔΙΟΡΘΩΣΗ ΕΞΩΤΕΡΙΚΗΣ ΟΣΤΕΟΣΥΝΘΕΣΗΣ ΑΚΡΑΣ ΧΕΙΡΟΣ;;;;;
2004;X633937.73;ΠΛΗΜΜΕΛΗΣ ΠΩΡΩΣΗ ΚΑΤΑΓΜΑΤΟΣ ΜΕΤΑΚΑΡΠΙΟΥ: ΑΝΟΙΚΤΗ ΑΝΑΤΑΞΗ ΚΑΙ ΟΣΤΕΟΣΥΝΘΕΣΗ, ΜΕ ΤΟΠΟΘΕΤΗΣΗ ΟΣΤΙΚΟΥ ΜΟΣΧΕΥΜΑΤΟΣ (ΑΥΤΟΛΟΓΟΥ Ή ΑΛΛΟΜΟΣΧΕΥΜΑΤΟΣ);;;;;
2005;X633937.74;ΠΛΗΜΜΕΛΗΣ ΠΩΡΩΣΗ ΚΑΤΑΓΜΑΤΟΣ ΦΑΛΑΓΓΟΣ: ΑΝΟΙΚΤΗ ΑΝΑΤΑΞΗ ΚΑΙ ΟΣΤΕΟΣΥΝΘΕΣΗ, ΜΕ ΤΟΠΟΘΕΤΗΣΗ ΟΣΤΙΚΟΥ ΜΟΣΧΕΥΜΑΤΟΣ (ΑΥΤΟΛΟΓΟΥ Ή ΑΛΛΟΜΟΣΧΕΥΜΑΤΟΣ);;;;;
2006;X633937.75;ΠΛΗΜΜΕΛΗΣ ΠΩΡΩΣΗ ΚΑΤΑΓΜΑΤΟΣ ΕΝΔΑΡΘΡΙΚΟΥ ΚΑΤΑΓΜΑΤΟΣ ΟΣΤΟΥ Ή ΟΣΤΩΝ ΤΗΣ ΜΕΤΑΚΑΡΠΟΦΑΛΑΓΓΙΚΗΣ ΑΡΘΡΩΣΗΣ: ΑΝΟΙΚΤΗ ΑΝΑΤΑΞΗ ΚΑΙ ΟΣΤΕΟΣΥΝΘΕΣΗ, ΜΕ ΤΟΠΟΘΕΤΗΣΗ ΟΣΤΙΚΟΥ ΜΟΣΧΕΥΜΑΤΟΣ (ΑΥΤΟΛΟΓΟΥ Ή ΑΛΛΟΜΟΣΧΕΥΜΑΤΟΣ);;;;;
2007;X633937.76;ΠΛΗΜΜΕΛΗΣ ΠΩΡΩΣΗ ΚΑΤΑΓΜΑΤΟΣ ΕΝΔΑΡΘΡΙΚΟΥ ΚΑΤΑΓΜΑΤΟΣ ΟΣΤΟΥ Ή ΟΣΤΩΝ ΤΗΣ ΜΕΤΑΚΑΡΠΟΦΑΛΑΓΓΙΚΗΣ ΑΡΘΡΩΣΗΣ: ΑΡΘΡΟΔΕΣΗ ΜΕΤΑΚΑΡΠΟΦΑΛΑΓΓΙΚΗΣ ΑΡΘΡΩΣΗΣ;;;;;
2008;X633937.77;ΠΛΗΜΜΕΛΗΣ ΠΩΡΩΣΗ ΚΑΤΑΓΜΑΤΟΣ ΕΝΔΑΡΘΡΙΚΟΥ ΚΑΤΑΓΜΑΤΟΣ ΟΣΤΟΥ Ή ΟΣΤΩΝ ΤΗΣ ΜΕΤΑΚΑΡΠΟΦΑΛΑΓΓΙΚΗΣ ΑΡΘΡΩΣΗΣ: ΑΡΘΡΟΠΛΑΣΤΙΚΗ ΜΕΤΑΚΑΡΠΟΦΑΛΑΓΓΙΚΗΣ ΑΡΘΡΩΣΗΣ;;;;;
2009;X633937.78;ΠΛΗΜΜΕΛΗΣ ΠΩΡΩΣΗ ΚΑΤΑΓΜΑΤΟΣ ΕΝΔΑΡΘΡΙΚΟΥ ΚΑΤΑΓΜΑΤΟΣ ΟΣΤΟΥ Ή ΟΣΤΩΝ ΤΗΣ ΜΕΣΟΦΑΛΑΓΓΙΚΗΣ ΑΡΘΡΩΣΗΣ: ΑΝΟΙΚΤΗ ΑΝΑΤΑΞΗ ΚΑΙ ΟΣΤΕΟΣΥΝΘΕΣΗ, ΜΕ ΤΟΠΟΘΕΤΗΣΗ ΟΣΤΙΚΟΥ ΜΟΣΧΕΥΜΑΤΟΣ (ΑΥΤΟΛΟΓΟΥ Ή ΑΛΛΟΜΟΣΧΕΥΜΑΤΟΣ);;;;;
2010;X633937.79;ΠΛΗΜΜΕΛΗΣ ΠΩΡΩΣΗ ΚΑΤΑΓΜΑΤΟΣ ΕΝΔΑΡΘΡΙΚΟΥ ΚΑΤΑΓΜΑΤΟΣ ΟΣΤΟΥ Ή ΟΣΤΩΝ ΤΗΣ ΜΕΣΟΦΑΛΑΓΓΙΚΗΣ ΑΡΘΡΩΣΗΣ: ΑΡΘΡΟΔΕΣΗ ΜΕΣΟΦΑΛΑΓΓΙΚΗΣ ΑΡΘΡΩΣΗΣ;;;;;
2011;X633937.80;ΠΛΗΜΜΕΛΗΣ ΠΩΡΩΣΗ ΚΑΤΑΓΜΑΤΟΣ ΕΝΔΑΡΘΡΙΚΟΥ ΚΑΤΑΓΜΑΤΟΣ ΟΣΤΟΥ Ή ΟΣΤΩΝ ΤΗΣ ΜΕΣΟΦΑΛΑΓΓΙΚΗΣ ΑΡΘΡΩΣΗΣ: ΑΡΘΡΟΠΛΑΣΤΙΚΗ ΜΕΣΟΦΑΛΑΓΓΙΚΗΣ ΑΡΘΡΩΣΗΣ;;;;;
2012;X633937.81;ΨΕΥΔΑΡΘΡΩΣΗ ΚΑΤΑΓΜΑΤΟΣ ΜΕΤΑΚΑΡΠΙΟΥ: ΑΝΟΙΚΤΗ ΑΝΑΤΑΞΗ ΚΑΙ ΟΣΤΕΟΣΥΝΘΕΣΗ, ΜΕ ΤΟΠΟΘΕΤΗΣΗ ΟΣΤΙΚΟΥ ΜΟΣΧΕΥΜΑΤΟΣ (ΑΥΤΟΛΟΓΟΥ Ή ΑΛΛΟΜΟΣΧΕΥΜΑΤΟΣ);;;;;
2013;X633937.82;ΨΕΥΔΑΡΘΡΩΣΗ ΚΑΤΑΓΜΑΤΟΣ ΦΑΛΑΓΓΟΣ: ΑΝΟΙΚΤΗ ΑΝΑΤΑΞΗ ΚΑΙ ΟΣΤΕΟΣΥΝΘΕΣΗ, ΜΕ ΤΟΠΟΘΕΤΗΣΗ ΟΣΤΙΚΟΥ ΜΟΣΧΕΥΜΑΤΟΣ (ΑΥΤΟΛΟΓΟΥ Ή ΑΛΛΟΜΟΣΧΕΥΜΑΤΟΣ);;;;;
2014;X633937.83;ΨΕΥΔΑΡΘΡΩΣΗ ΚΑΤΑΓΜΑΤΟΣ ΕΝΔΑΡΘΡΙΚΟΥ ΚΑΤΑΓΜΑΤΟΣ ΟΣΤΟΥ Ή ΟΣΤΩΝ ΤΗΣ ΜΕΤΑΚΑΡΠΟΦΑΛΑΓΓΙΚΗΣ ΑΡΘΡΩΣΗΣ: ΑΝΟΙΚΤΗ ΑΝΑΤΑΞΗ ΚΑΙ ΟΣΤΕΟΣΥΝΘΕΣΗ, ΜΕ ΤΟΠΟΘΕΤΗΣΗ ΟΣΤΙΚΟΥ ΜΟΣΧΕΥΜΑΤΟΣ (ΑΥΤΟΛΟΓΟΥ Ή ΑΛΛΟΜΟΣΧΕΥΜΑΤΟΣ);;;;;
2015;X633937.84;ΨΕΥΔΑΡΘΡΩΣΗ ΚΑΤΑΓΜΑΤΟΣ ΕΝΔΑΡΘΡΙΚΟΥ ΚΑΤΑΓΜΑΤΟΣ ΟΣΤΟΥ Ή ΟΣΤΩΝ ΤΗΣ ΜΕΤΑΚΑΡΠΟΦΑΛΑΓΓΙΚΗΣ ΑΡΘΡΩΣΗΣ: ΑΡΘΡΟΔΕΣΗ ΜΕΤΑΚΑΡΠΟΦΑΛΑΓΓΙΚΗΣ ΑΡΘΡΩΣΗΣ;;;;;
2016;X633937.85;ΨΕΥΔΑΡΘΡΩΣΗ ΚΑΤΑΓΜΑΤΟΣ ΕΝΔΑΡΘΡΙΚΟΥ ΚΑΤΑΓΜΑΤΟΣ ΟΣΤΟΥ Ή ΟΣΤΩΝ ΤΗΣ ΜΕΤΑΚΑΡΠΟΦΑΛΑΓΓΙΚΗΣ ΑΡΘΡΩΣΗΣ: ΑΡΘΡΟΠΛΑΣΤΙΚΗ ΜΕΤΑΚΑΡΠΟΦΑΛΑΓΓΙΚΗΣ ΑΡΘΡΩΣΗΣ;;;;;
2017;X633937.86;ΨΕΥΔΑΡΘΡΩΣΗ ΚΑΤΑΓΜΑΤΟΣ ΕΝΔΑΡΘΡΙΚΟΥ ΚΑΤΑΓΜΑΤΟΣ ΟΣΤΟΥ Ή ΟΣΤΩΝ ΤΗΣ ΜΕΣΟΦΑΛΑΓΓΙΚΗΣ ΑΡΘΡΩΣΗΣ: ΑΝΟΙΚΤΗ ΑΝΑΤΑΞΗ ΚΑΙ ΟΣΤΕΟΣΥΝΘΕΣΗ, ΜΕ ΤΟΠΟΘΕΤΗΣΗ ΟΣΤΙΚΟΥ ΜΟΣΧΕΥΜΑΤΟΣ (ΑΥΤΟΛΟΓΟΥ Ή ΑΛΛΟΜΟΣΧΕΥΜΑΤΟΣ);;;;;
2018;X633937.87;ΨΕΥΔΑΡΘΡΩΣΗ ΚΑΤΑΓΜΑΤΟΣ ΕΝΔΑΡΘΡΙΚΟΥ ΚΑΤΑΓΜΑΤΟΣ ΟΣΤΟΥ Ή ΟΣΤΩΝ ΤΗΣ ΜΕΣΟΦΑΛΑΓΓΙΚΗΣ ΑΡΘΡΩΣΗΣ: ΑΡΘΡΟΔΕΣΗ ΜΕΣΟΦΑΛΑΓΓΙΚΗΣ ΑΡΘΡΩΣΗΣ;;;;;
2019;X633937.88;ΨΕΥΔΑΡΘΡΩΣΗ ΚΑΤΑΓΜΑΤΟΣ ΕΝΔΑΡΘΡΙΚΟΥ ΚΑΤΑΓΜΑΤΟΣ ΟΣΤΟΥ Ή ΟΣΤΩΝ ΤΗΣ ΜΕΣΟΦΑΛΑΓΓΙΚΗΣ ΑΡΘΡΩΣΗΣ: ΑΡΘΡΟΠΛΑΣΤΙΚΗ ΜΕΣΟΦΑΛΑΓΓΙΚΗΣ ΑΡΘΡΩΣΗΣ;;;;;
2020;X633937.89;ΘΛΑΣΤΙΚΟ ΤΡΑΥΜΑ ΑΚΡΑΣ ΧΕΙΡΟΣ: ΔΙΕΡΕΥΝΗΣΗ, ΠΕΡΙΛΑΜΒΑΝΕΙ ΤΗΝ ΑΦΑΙΡΕΣΗ ΞΕΝΩΝ ΣΩΜΑΤΩΝ;;;;;
2021;X633937.90;ΔΙΑΜΕΤΑΚΑΡΠΙΟΣ ΑΚΡΩΤΗΡΙΑΣΜΟΣ.ΠΡΩΤΟΠΑΘΗΣ ΣΥΓΚΛΕΙΣΗ ΚΟΛΟΒΩΜΑΤΟΣ;;;;;
2022;X633937.91;ΔΙΑΜΕΤΑΚΑΡΠΙΟΣ ΑΚΡΩΤΗΡΙΑΣΜΟΣ. ΔΕΥΤΕΡΟΠΑΘΗΣ ΣΥΓΚΛΕΙΣΗ ΚΟΛΟΒΩΜΑΤΟΣ Η ΔΙΟΡΘΩΣΗ ΚΟΛΟΒΩΜΑΤΟΣ;;;;;
2023;X633937.92;ΔΙΑΜΕΤΑΚΑΡΠΙΟΣ ΑΚΡΩΤΗΡΙΑΣΜΟΣ. ΕΠΑΝΑΚΡΩΤΗΡΙΑΣΜΟΣ;;;;;
2024;X633937.93;ΑΚΡΩΤΗΡΙΑΣΜΟΣ, ΑΝΤΙΧΕΙΡΑ Η ΔΑΚΤΥΛΩΝ ΣΤΟ ΕΠΙΠΕΔΟ ΑΡΘΡΩΣΗ Ή ΦΑΛΑΓΓΩΝ. ΠΡΩΤΟΠΑΘΗΣ ΣΥΓΚΛΕΙΣΗ ΚΟΛΟΒΩΜΑΤΟΣ;;;;;
2025;X633937.94;ΑΚΡΩΤΗΡΙΑΣΜΟΣ, ΑΝΤΙΧΕΙΡΑ Η ΔΑΚΤΥΛΩΝ ΣΤΟ ΕΠΙΠΕΔΟ ΑΡΘΡΩΣΗ Ή ΦΑΛΑΓΓΩΝ. ΠΡΩΤΟΠΑΘΗΣ ΣΥΓΚΛΕΙΣΗ ΚΟΛΟΒΩΜΑΤΟΣ ΜΕ ΚΙΝΗΤΟΠΟΙΗΣΗ ΤΟΠΙΚΩΝ ΑΓΓΕΙΑΚΩΝ ΚΡΗΜΝΩΝ;;;;;
2026;X633937.95;ΑΚΡΩΤΗΡΙΑΣΜΟΣ, ΑΝΤΙΧΕΙΡΑ Η ΔΑΚΤΥΛΩΝ ΣΤΟ ΕΠΙΠΕΔΟ ΑΡΘΡΩΣΗ Ή ΦΑΛΑΓΓΩΝ. ΔΕΥΤΕΡΟΠΑΘΗΣ ΣΥΓΚΛΕΙΣΗ Η ΔΙΟΡΘΩΣΗ ΚΟΛΟΒΩΜΑΤΟΣ ΜΕ ΚΙΝΗΤΟΠΟΙΗΣΗ ΑΠΟΜΑΚΡΥΣΜΕΝΩΝ Η ΕΛΕΥΘΕΡΩΝ ΑΓΓΕΙΑΚΩΝ ΚΡΗΜΝΩΝ;;;;;
2027;X633937.96;ΑΚΡΩΤΗΡΙΑΣΜΟΣ, ΑΝΤΙΧΕΙΡΑ Η ΔΑΚΤΥΛΩΝ ΣΤΟ ΕΠΙΠΕΔΟ ΑΡΘΡΩΣΗ Ή ΦΑΛΑΓΓΩΝ. ΕΠΩΔΥΝΑ ΝΕΥΡΩΜΑΤΑ , ΔΙΟΡΘΩΣΗ ΚΟΛΟΒΩΜΑΤΩΝ ;;;;;
2028;X633937.97;ΑΚΡΩΤΗΡΙΑΣΜΟΣ, ΑΝΤΙΧΕΙΡΑ Η ΔΑΚΤΥΛΩΝ , ΠΡΩΤΟΠΑΘΗΣ Η ΔΕΥΤΡΟΠΑΘΗΣ. ΑΦΑΙΡΕΣΗ ΑΚΤΙΝΑΣ ΔΑΚΤΥΛΟΥ;;;;;
2029;X633937.98;ΑΚΡΩΤΗΡΙΑΣΜΟΣ, ΑΝΤΙΧΕΙΡΑ Η ΔΑΚΤΥΛΩΝ , ΕΠΙΜΗΚΥΝΣΗ ΜΕΤΑΚΑΡΠΙΩΝ Η ΦΑΛΑΓΓΩΝ ΜΕ ΔΙΑΤΑΤΙΚΗ ΟΣΤΕΟΓΕΝΕΣΗ;;;;;
2030;X633937.99;ΤΡΑΥΜΑΤΙΚΟΣ ΠΛΗΡΗΣ ΑΚΡΩΤΗΡΙΑΣΜΟΣ, ΜΕΤΑΚΑΡΠΙΑ  . ΕΠΑΝΑΣΥΓΚΟΛΛΗΣΗ ΜΕ ΜΕΘΟΔΟΥΣ ΜΙΚΡΟΧΕΙΡΟΥΡΓΙΚΗΣ. ΣΥΡΡΑΦΗ ΑΓΓΕΙΩΝ ΑΜΕΣΗ Η ΜΕ ΠΑΡΕΜΒΟΛΗ ΦΛΕΒΙΚΟΥ ΜΟΣΧΕΥΜΑΤΟΣ. ΕΣΩΤΕΡΙΚΗ ΟΣΤΕΟΣΥΝΘΕΣΗ ΜΕΤΑΚΑΡΠΙΩΝ ΜΕ ΕΙΔΙΚΕΣ ΠΛΑΚΕΣ ΚΑΙ ΚΟΧΛΙΕΣ Η ΒΕΛΟΝΕΣ KIRSCHNER . ΣΥΡΡΑΦΗ-ΑΠΟΚΑΤΑΣΤΑΣΗ ΚΑΜΠΤΗΡΩΝ ΚΑΙ ΕΚΤΕΙΝΟΝΤΩΝ ΤΕΝΟΝΤΩΝ. ΠΡΩΤΟΠΑΘΗΣ ΣΥΡΡΑΦΗ -  ΑΠΟΚΑΤΑΣΤΑΣΗ ΤΩΝ ΚΟΙΝΩΝ ΔΑΚΤΥΛΙΚΩΝ ΝΕΥΡΩΝ.;;;;;
2031;X633937.100;ΤΡΑΥΜΑΤΙΚΟΣ ΠΛΗΡΗΣ ΑΚΡΩΤΗΡΙΑΣΜΟΣ, ΜΕΤΑΚΑΡΠΙΑ . ΕΠΑΝΑΣΥΓΚΟΛΛΗΣΗ ΜΕ ΜΕΘΟΔΟΥΣ ΜΙΚΡΟΧΕΙΡΟΥΡΓΙΚΗΣ. ΔΕΥΤΕΡΟΠΑΘΗΣ ΑΠΟΚΑΤΑΣΤΑΣΗ  Η ΑΛΛΕΣ ΕΠΕΜΒΑΣΕΙΣ ΠΟΥ ΑΦΟΡΟΥΝ ΤΕΝΟΝΤΕΣ.;;;;;
2032;X633937.101;ΤΡΑΥΜΑΤΙΚΟΣ ΠΛΗΡΗΣ ΑΚΡΩΤΗΡΙΑΣΜΟΣ, ΜΕΤΑΚΑΡΠΙΑ . ΕΠΑΝΑΣΥΓΚΟΛΛΗΣΗ ΜΕ ΜΕΘΟΔΟΥΣ ΜΙΚΡΟΧΕΙΡΟΥΡΓΙΚΗΣ. ΔΕΥΤΕΡΟΠΑΘΗΣ ΣΥΡΡΑΦΗ -  ΑΠΟΚΑΤΑΣΤΑΣΗ ΤΩΝ ΚΟΙΝΩΝ ΔΑΚΤΥΛΙΚΩΝ ΝΕΥΡΩΝ ΜΕ ΠΑΡΕΜΒΟΛΗ ΝΕΥΡΙΚΩΝ ΜΟΣΧΕΥΜΑΤΩΝ Η ΝΕΥΡΟΑΓΩΓΩΝ.;;;;;
2033;X633937.102;ΤΡΑΥΜΑΤΙΚΟΣ ΠΛΗΡΗΣ ΑΚΡΩΤΗΡΙΑΣΜΟΣ, ΜΕΤΑΚΑΡΠΙΑ . ΕΠΑΝΑΣΥΓΚΟΛΛΗΣΗ ΜΕ ΜΕΘΟΔΟΥΣ ΜΙΚΡΟΧΕΙΡΟΥΡΓΙΚΗΣ. ΨΕΥΔΑΡΘΡΩΣΗ Η ΚΑΘΥΣΤΕΡΗΜΕΝΗ ΠΩΡΩΣΗ ΜΕΤΑΚΑΡΠΙΩΝ, ΕΣΩΤΕΡΙΚΗ ΟΣΤΕΟΣΥΝΘΕΣΗ ΕΙΔΙΚΕΣ ΠΛΑΚΕΣ ΚΑΙ ΚΟΧΛΙΕΣ  ΜΕ  ΑΥΤΟ Η ΑΛΛΟΜΟΣΧΕΥΜΑΤΑ;;;;;
2034;X633937.103;ΤΡΑΥΜΑΤΙΚΟΣ ΠΛΗΡΗΣ ΑΚΡΩΤΗΡΙΑΣΜΟΣ, ΕΝΟΣ Η ΠΕΡΙΣΣΟΤΕΡΟΝ ΔΑΚΤΥΛΩΝ ΕΚΤΟΣ ΑΝΤΙΧΕΙΡΑ, ΑΠΟ ΤΗ  ΜΕΤΑΚΑΡΠΙΟΦΑΛΑΓΓΙΚΗ ΑΡΘΡΩΣΗ  ΩΣ ΤΗΝ ΚΑΤΑΦΥΣΗ ΤΟΥ ΕΠΙΠΟΛΗΣ ΚΑΜΠΤΗΡΑ. ΕΠΑΝΑΣΥΓΚΟΛΛΗΣΗ ΜΕ ΜΕΘΟΔΟΥΣ ΜΙΚΡΟΧΕΙΡΟΥΡΓΙΚΗΣ. ΣΥΡΡΑΦΗ ΑΓΓΕΙΩΝ ΑΜΕΣΗ Η ΜΕ ΠΑΡΕΜΒΟΛΗ ΦΛΕΒΙΚΟΥ ΜΟΣΧΕΥΜΑΤΟΣ. ΟΣΤΕΟΣΥΝΘΕΣΗ - ΜΕ ΕΙΔΙΚΕΣ ΜΙΝΙ ΠΛΑΚΕΣ ΚΑΙ ΚΟΧΛΙΕΣ  Η ΒΕΛΟΝΕΣ KIRSCHNER Η ΜΙΝΙ ΕΞΩΤΕΡΙΚΗ ΟΣΤΕΟΣΥΝΘΕΣΗ . ΣΥΡΡΑΦΗ-ΑΠΟΚΑΤΑΣΤΑΣΗ ΚΑΜΠΤΗΡΩΝ  ΚΑΙ ΕΚΤΕΙΝΟΝΤΩΝ ΤΕΝΟΝΤΩΝ. ΠΡΩΤΟΠΑΘΗΣ ΣΥΡΡΑΦΗ -  ΑΠΟΚΑΤΑΣΤΑΣΗ ΤΩΝ ΔΑΚΤΥΛΙΚΩΝ ΝΕΥΡΩΝ.;;;;;
2035;X633937.104;ΤΡΑΥΜΑΤΙΚΟΣ ΠΛΗΡΗΣ ΑΚΡΩΤΗΡΙΑΣΜΟΣ, ΕΝΟΣ Η ΠΕΡΙΣΣΟΤΕΡΟΝ ΔΑΚΤΥΛΩΝ ΕΚΤΟΣ ΑΝΤΙΧΕΙΡΑ, ΑΠΟ ΤΗ  ΜΕΤΑΚΑΡΠΙΟΦΑΛΑΓΓΙΚΗ ΑΡΘΡΩΣΗ  ΩΣ ΤΗΝ ΚΑΤΑΦΥΣΗ ΤΟΥ ΕΠΙΠΟΛΗΣ ΚΑΜΠΤΗΡΑ. ΕΠΑΝΑΣΥΓΚΟΛΛΗΣΗ ΜΕ ΜΕΘΟΔΟΥΣ ΜΙΚΡΟΧΕΙΡΟΥΡΓΙΚΗΣ. ΔΕΥΤΕΡΟΠΑΘΗΣ ΣΥΡΡΑΦΗ -  ΑΠΟΚΑΤΑΣΤΑΣΗ ΤΩΝ ΔΑΚΤΥΛΙΚΩΝ ΝΕΥΡΩΝ ΜΕ ΠΑΡΕΜΒΟΛΗ ΝΕΥΡΙΚΩΝ ΜΟΣΧΕΥΜΑΤΩΝ Η ΝΕΥΡΟΑΓΩΓΩΝ.;;;;;
2036;X633937.105;ΤΡΑΥΜΑΤΙΚΟΣ ΠΛΗΡΗΣ ΑΚΡΩΤΗΡΙΑΣΜΟΣ, ΕΝΟΣ Η ΠΕΡΙΣΣΟΤΕΡΟΝ ΔΑΚΤΥΛΩΝ ΕΚΤΟΣ ΑΝΤΙΧΕΙΡΑ, ΑΠΟ ΤΗ  ΜΕΤΑΚΑΡΠΙΟΦΑΛΑΓΓΙΚΗ ΑΡΘΡΩΣΗ  ΩΣ ΤΗΝ ΚΑΤΑΦΥΣΗ ΤΟΥ ΕΠΙΠΟΛΗΣ ΚΑΜΠΤΗΡΑ. ΕΠΑΝΑΣΥΓΚΟΛΛΗΣΗ ΜΕ ΜΕΘΟΔΟΥΣ ΜΙΚΡΟΧΕΙΡΟΥΡΓΙΚΗΣ.ΔΕΥΤΕΡΟΠΑΘΗΣ ΑΠΟΚΑΤΑΣΤΑΣΗ  Η ΑΛΛΕΣ ΕΠΕΜΒΑΣΕΙΣ ΠΟΥ ΑΦΟΡΟΥΝ ΤΕΝΟΝΤΕΣ.;;;;;
2037;X633937.106;ΤΡΑΥΜΑΤΙΚΟΣ ΠΛΗΡΗΣ ΑΚΡΩΤΗΡΙΑΣΜΟΣ, ΕΝΟΣ Η ΠΕΡΙΣΣΟΤΕΡΟΝ ΔΑΚΤΥΛΩΝ ΕΚΤΟΣ ΑΝΤΙΧΕΙΡΑ, ΑΠΟ ΤΗ  ΜΕΤΑΚΑΡΠΙΟΦΑΛΑΓΓΙΚΗ ΑΡΘΡΩΣΗ  ΩΣ ΤΗΝ ΚΑΤΑΦΥΣΗ ΤΟΥ ΕΠΙΠΟΛΗΣ ΚΑΜΠΤΗΡΑ. ΕΠΑΝΑΣΥΓΚΟΛΛΗΣΗ ΜΕ ΜΕΘΟΔΟΥΣ ΜΙΚΡΟΧΕΙΡΟΥΡΓΙΚΗΣ.ΨΕΥΔΑΡΘΡΩΣΗ Η ΚΑΘΥΣΤΕΡΗΜΕΝΗ ΠΩΡΩΣΗ Η ΣΤΡΟΦΙΚΗ ΠΑΡΑΜΟΡΦΩΣΗ ΦΑΛΑΓΓΩΝ, ΟΣΤΕΟΣΥΝΘΕΣΗ ΕΙΔΙΚΕΣ ΠΛΑΚΕΣ ΚΑΙ ΚΟΧΛΙΕΣ  Η ΒΕΛΟΝΕΣ KIRSCHNER H ΜΙΝΙ ΕΞΩΤΕΡΙΚΗ ΟΣΤΕΟΣΥΝΘΕΣΗ ΜΕ  ΑΥΤΟ Η ΑΛΛΟΜΟΣΧΕΥΜΑΤΑ;;;;;
2038;X633937.107;ΤΡΑΥΜΑΤΙΚΟΣ ΠΛΗΡΗΣ ΑΚΡΩΤΗΡΙΑΣΜΟΣ, ΕΝΟΣ Η ΠΕΡΙΣΣΟΤΕΡΟΝ ΔΑΚΤΥΛΩΝ ΕΚΤΟΣ ΑΝΤΙΧΕΙΡΑ, ΠΕΡΙΦΕΡΙΚΑ ΤΗΣ ΚΑΤΑΦΥΣΗΣ ΤΟΥ ΕΠΙΠΟΛΗΣ ΚΑΜΠΤΗΡΑ. ΕΠΑΝΑΣΥΓΚΟΛΛΗΣΗ ΜΕ ΜΕΘΟΔΟΥΣ ΜΙΚΡΟΧΕΙΡΟΥΡΓΙΚΗΣ. ΣΥΡΡΑΦΗ ΑΓΓΕΙΩΝ ΑΜΕΣΗ Η ΜΕ ΠΑΡΕΜΒΟΛΗ ΦΛΕΒΙΚΟΥ ΜΟΣΧΕΥΜΑΤΟΣ. ΟΣΤΕΟΣΥΝΘΕΣΗ - ΜΕ ΕΙΔΙΚΕΣ ΜΙΝΙ ΠΛΑΚΕΣ ΚΑΙ ΚΟΧΛΙΕΣ  Η ΒΕΛΟΝΕΣ KIRSCHNER . ΣΥΡΡΑΦΗ-ΑΠΟΚΑΤΑΣΤΑΣΗ ΚΑΜΠΤΗΡΩΝ  ΚΑΙ ΕΚΤΕΙΝΟΝΤΩΝ ΤΕΝΟΝΤΩΝ. ΠΡΩΤΟΠΑΘΗΣ ΣΥΡΡΑΦΗ -  ΑΠΟΚΑΤΑΣΤΑΣΗ ΤΩΝ ΔΑΚΤΥΛΙΚΩΝ ΝΕΥΡΩΝ.;;;;;
2039;X633937.108;ΤΡΑΥΜΑΤΙΚΟΣ ΠΛΗΡΗΣ ΑΚΡΩΤΗΡΙΑΣΜΟΣ, ΕΝΟΣ Η ΠΕΡΙΣΣΟΤΕΡΟΝ ΔΑΚΤΥΛΩΝ ΕΚΤΟΣ ΑΝΤΙΧΕΙΡΑ, ΠΕΡΙΦΕΡΙΚΑ ΤΗΣ ΚΑΤΑΦΥΣΗΣ ΤΟΥ ΕΠΙΠΟΛΗΣ ΚΑΜΠΤΗΡΑ. ΕΠΑΝΑΣΥΓΚΟΛΛΗΣΗ ΜΕ ΜΕΘΟΔΟΥΣ ΜΙΚΡΟΧΕΙΡΟΥΡΓΙΚΗΣ. ΔΕΥΤΕΡΟΠΑΘΗΣ ΣΥΡΡΑΦΗ -  ΑΠΟΚΑΤΑΣΤΑΣΗ ΤΩΝ ΔΑΚΤΥΛΙΚΩΝ ΝΕΥΡΩΝ ΜΕ ΠΑΡΕΜΒΟΛΗ ΝΕΥΡΙΚΩΝ ΜΟΣΧΕΥΜΑΤΩΝ Η ΝΕΥΡΟΑΓΩΓΩΝ.;;;;;
2040;X633937.109;ΤΡΑΥΜΑΤΙΚΟΣ ΠΛΗΡΗΣ ΑΚΡΩΤΗΡΙΑΣΜΟΣ, ΕΝΟΣ Η ΠΕΡΙΣΣΟΤΕΡΟΝ ΔΑΚΤΥΛΩΝ ΕΚΤΟΣ ΑΝΤΙΧΕΙΡΑ, ΠΕΡΙΦΕΡΙΚΑ ΤΗΣ ΚΑΤΑΦΥΣΗΣ ΤΟΥ ΕΠΙΠΟΛΗΣ ΚΑΜΠΤΗΡΑ. ΕΠΑΝΑΣΥΓΚΟΛΛΗΣΗ ΜΕ ΜΕΘΟΔΟΥΣ ΜΙΚΡΟΧΕΙΡΟΥΡΓΙΚΗΣ. ΔΕΥΤΕΡΟΠΑΘΗΣ ΑΠΟΚΑΤΑΣΤΑΣΗ  Η ΑΛΛΕΣ ΕΠΕΜΒΑΣΕΙΣ ΠΟΥ ΑΦΟΡΟΥΝ ΤΕΝΟΝΤΕΣ.;;;;;
2041;X633937.110;ΤΡΑΥΜΑΤΙΚΟΣ ΠΛΗΡΗΣ ΑΚΡΩΤΗΡΙΑΣΜΟΣ, ΕΝΟΣ Η ΠΕΡΙΣΣΟΤΕΡΟΝ ΔΑΚΤΥΛΩΝ ΕΚΤΟΣ ΑΝΤΙΧΕΙΡΑ, ΠΕΡΙΦΕΡΙΚΑ ΤΗΣ ΚΑΤΑΦΥΣΗΣ ΤΟΥ ΕΠΙΠΟΛΗΣ ΚΑΜΠΤΗΡΑ. ΕΠΑΝΑΣΥΓΚΟΛΛΗΣΗ ΜΕ ΜΕΘΟΔΟΥΣ ΜΙΚΡΟΧΕΙΡΟΥΡΓΙΚΗΣ. ΨΕΥΔΑΡΘΡΩΣΗ Η ΚΑΘΥΣΤΕΡΗΜΕΝΗ ΠΩΡΩΣΗ ΦΑΛΑΓΓΩΝ Η ΣΤΡΟΦΙΚΗ ΠΑΡΑΜΟΡΦΩΣΗ, ΟΣΤΕΟΣΥΝΘΕΣΗ ΕΙΔΙΚΕΣ ΠΛΑΚΕΣ ΚΑΙ ΚΟΧΛΙΕΣ Η ΒΕΛΟΝΕΣ KIRSCHNER H  ΜΙΝΙ ΕΞΩΤΕΡΙΚΗ ΟΣΤΕΟΣΥΝΘΕΣΗ ΜΕ  ΑΥΤΟ Η ΑΛΛΟΜΟΣΧΕΥΜΑΤΑ;;;;;
2042;X633937.111;ΤΡΑΥΜΑΤΙΚΟΣ ΠΛΗΡΗΣ ΑΚΡΩΤΗΡΙΑΣΜΟΣ,  ΑΝΤΙΧΕΙΡΑΣ, ΑΠΟ ΤΗΝ ΠΟΛΥΓΩΝΟ ΜΕΤΑΚΑΡΠΙΑ ΑΡΘΡΩΣΗ ΩΣ ΤΗΝ  ΜΕΤΑΚΑΡΠΙΟΦΑΛΑΓΓΙΚΗ ΑΡΘΡΩΣΗ  . ΕΠΑΝΑΣΥΓΚΟΛΛΗΣΗ ΜΕ ΜΕΘΟΔΟΥΣ ΜΙΚΡΟΧΕΙΡΟΥΡΓΙΚΗΣ. ΣΥΡΡΑΦΗ ΑΓΓΕΙΩΝ ΑΜΕΣΗ Η ΜΕ ΠΑΡΕΜΒΟΛΗ ΦΛΕΒΙΚΟΥ ΜΟΣΧΕΥΜΑΤΟΣ. ΟΣΤΕΟΣΥΝΘΕΣΗ - ΜΕ ΕΙΔΙΚΕΣ ΜΙΝΙ ΠΛΑΚΕΣ ΚΑΙ ΚΟΧΛΙΕΣ  Η ΒΕΛΟΝΕΣ KIRSCHNER  Η ΜΙΝΙ ΕΞΩΤΕΡΙΚΗ ΟΣΤΕΟΣΥΝΘΕΣΗ. ΣΥΡΡΑΦΗ-ΑΠΟΚΑΤΑΣΤΑΣΗ ΚΑΜΠΤΗΡΩΝ  ΚΑΙ ΕΚΤΕΙΝΟΝΤΩΝ ΤΕΝΟΝΤΩΝ. ΠΡΩΤΟΠΑΘΗΣ ΣΥΡΡΑΦΗ -  ΑΠΟΚΑΤΑΣΤΑΣΗ ΤΩΝ ΔΑΚΤΥΛΙΚΩΝ ΝΕΥΡΩΝ.;;;;;
2043;X633937.112;ΤΡΑΥΜΑΤΙΚΟΣ ΠΛΗΡΗΣ ΑΚΡΩΤΗΡΙΑΣΜΟΣ,  ΑΝΤΙΧΕΙΡΑΣ, ΑΠΟ ΤΗΝ ΠΟΛΥΓΩΝΟ ΜΕΤΑΚΑΡΠΙΑ ΑΡΘΡΩΣΗ ΩΣ ΤΗΝ  ΜΕΤΑΚΑΡΠΙΟΦΑΛΑΓΓΙΚΗ ΑΡΘΡΩΣΗ  . ΕΠΑΝΑΣΥΓΚΟΛΛΗΣΗ ΜΕ ΜΕΘΟΔΟΥΣ ΜΙΚΡΟΧΕΙΡΟΥΡΓΙΚΗΣ. ΔΕΥΤΕΡΟΠΑΘΗΣ ΣΥΡΡΑΦΗ -  ΑΠΟΚΑΤΑΣΤΑΣΗ ΤΩΝ ΔΑΚΤΥΛΙΚΩΝ ΝΕΥΡΩΝ ΜΕ ΠΑΡΕΜΒΟΛΗ ΝΕΥΡΙΚΩΝ ΜΟΣΧΕΥΜΑΤΩΝ Η ΝΕΥΡΟΑΓΩΓΩΝ.;;;;;
2044;X633937.113;ΤΡΑΥΜΑΤΙΚΟΣ ΠΛΗΡΗΣ ΑΚΡΩΤΗΡΙΑΣΜΟΣ,  ΑΝΤΙΧΕΙΡΑΣ, ΑΠΟ ΤΗΝ ΠΟΛΥΓΩΝΟ ΜΕΤΑΚΑΡΠΙΑ ΑΡΘΡΩΣΗ ΩΣ ΤΗΝ  ΜΕΤΑΚΑΡΠΙΟΦΑΛΑΓΓΙΚΗ ΑΡΘΡΩΣΗ  . ΕΠΑΝΑΣΥΓΚΟΛΛΗΣΗ ΜΕ ΜΕΘΟΔΟΥΣ ΜΙΚΡΟΧΕΙΡΟΥΡΓΙΚΗΣ. ΨΕΥΔΑΡΘΡΩΣΗ Η ΚΑΘΥΣΤΕΡΗΜΕΝΗ ΠΩΡΩΣΗ ΜΕΤΑΚΑΡΠΙΟΥ Η ΣΤΡΟΦΙΚΗ ΠΑΡΑΜΟΡΦΩΣΗ, ΟΣΤΕΟΣΥΝΘΕΣΗ ΕΙΔΙΚΕΣ ΠΛΑΚΕΣ ΚΑΙ ΚΟΧΛΙΕΣ Η ΒΕΛΟΝΕΣ KIRSCHNER H  ΜΙΝΙ ΕΞΩΤΕΡΙΚΗ ΟΣΤΕΟΣΥΝΘΕΣΗ ΜΕ  ΑΥΤΟ Η ΑΛΛΟΜΟΣΧΕΥΜΑΤΑ;;;;;
2045;X633937.114;ΤΡΑΥΜΑΤΙΚΟΣ ΠΛΗΡΗΣ ΑΚΡΩΤΗΡΙΑΣΜΟΣ,  ΑΝΤΙΧΕΙΡΑΣ, ΑΠΟ ΤΗΝ ΠΟΛΥΓΩΝΟ ΜΕΤΑΚΑΡΠΙΑ ΑΡΘΡΩΣΗ ΩΣ ΤΗΝ  ΜΕΤΑΚΑΡΠΙΟΦΑΛΑΓΓΙΚΗ ΑΡΘΡΩΣΗ  . ΕΠΑΝΑΣΥΓΚΟΛΛΗΣΗ ΜΕ ΜΕΘΟΔΟΥΣ ΜΙΚΡΟΧΕΙΡΟΥΡΓΙΚΗΣ. ΔΕΥΤΕΡΟΠΑΘΗΣ ΑΠΟΚΑΤΑΣΤΑΣΗ  Η ΑΛΛΕΣ ΕΠΕΜΒΑΣΕΙΣ ΠΟΥ ΑΦΟΡΟΥΝ ΤΕΝΟΝΤΕΣ.;;;;;
2046;X633937.115;ΤΡΑΥΜΑΤΙΚΟΣ ΠΛΗΡΗΣ ΑΚΡΩΤΗΡΙΑΣΜΟΣ,  ΑΝΤΙΧΕΙΡΑΣ, ΑΠΟ  ΤΗΝ  ΜΕΤΑΚΑΡΠΙΟΦΑΛΑΓΓΙΚΗ ΑΡΘΡΩΣΗ  ΚΑΙ ΠΕΡΙΦΕΡΙΚΑ . ΕΠΑΝΑΣΥΓΚΟΛΛΗΣΗ ΜΕ ΜΕΘΟΔΟΥΣ ΜΙΚΡΟΧΕΙΡΟΥΡΓΙΚΗΣ. ΣΥΡΡΑΦΗ ΑΓΓΕΙΩΝ ΑΜΕΣΗ Η ΜΕ ΠΑΡΕΜΒΟΛΗ ΦΛΕΒΙΚΟΥ ΜΟΣΧΕΥΜΑΤΟΣ. ΟΣΤΕΟΣΥΝΘΕΣΗ - ΜΕ ΕΙΔΙΚΕΣ ΜΙΝΙ ΠΛΑΚΕΣ ΚΑΙ ΚΟΧΛΙΕΣ  Η ΒΕΛΟΝΕΣ KIRSCHNER  Η ΜΙΝΙ ΕΞΩΤΕΡΙΚΗ ΟΣΤΕΟΣΥΝΘΕΣΗ. ΣΥΡΡΑΦΗ-ΑΠΟΚΑΤΑΣΤΑΣΗ ΚΑΜΠΤΗΡΩΝ  ΚΑΙ ΕΚΤΕΙΝΟΝΤΩΝ ΤΕΝΟΝΤΩΝ. ΠΡΩΤΟΠΑΘΗΣ ΣΥΡΡΑΦΗ -  ΑΠΟΚΑΤΑΣΤΑΣΗ ΤΩΝ ΔΑΚΤΥΛΙΚΩΝ ΝΕΥΡΩΝ.;;;;;
2047;X633937.116;ΤΡΑΥΜΑΤΙΚΟΣ ΠΛΗΡΗΣ ΑΚΡΩΤΗΡΙΑΣΜΟΣ,  ΑΝΤΙΧΕΙΡΑΣ, ΑΠΟ  ΤΗΝ  ΜΕΤΑΚΑΡΠΙΟΦΑΛΑΓΓΙΚΗ ΑΡΘΡΩΣΗ  ΚΑΙ ΠΕΡΙΦΕΡΙΚΑ . ΕΠΑΝΑΣΥΓΚΟΛΛΗΣΗ ΜΕ ΜΕΘΟΔΟΥΣ ΜΙΚΡΟΧΕΙΡΟΥΡΓΙΚΗΣ. ΔΕΥΤΕΡΟΠΑΘΗΣ ΣΥΡΡΑΦΗ -  ΑΠΟΚΑΤΑΣΤΑΣΗ ΤΩΝ ΔΑΚΤΥΛΙΚΩΝ ΝΕΥΡΩΝ ΜΕ ΠΑΡΕΜΒΟΛΗ ΝΕΥΡΙΚΩΝ ΜΟΣΧΕΥΜΑΤΩΝ Η ΝΕΥΡΟΑΓΩΓΩΝ.;;;;;
2048;X633937.117;ΤΡΑΥΜΑΤΙΚΟΣ ΠΛΗΡΗΣ ΑΚΡΩΤΗΡΙΑΣΜΟΣ,  ΑΝΤΙΧΕΙΡΑΣ, ΑΠΟ  ΤΗΝ  ΜΕΤΑΚΑΡΠΙΟΦΑΛΑΓΓΙΚΗ ΑΡΘΡΩΣΗ  ΚΑΙ ΠΕΡΙΦΕΡΙΚΑ . ΕΠΑΝΑΣΥΓΚΟΛΛΗΣΗ ΜΕ ΜΕΘΟΔΟΥΣ ΜΙΚΡΟΧΕΙΡΟΥΡΓΙΚΗΣ. ΨΕΥΔΑΡΘΡΩΣΗ Η ΚΑΘΥΣΤΕΡΗΜΕΝΗ ΠΩΡΩΣΗ ΦΑΛΑΓΓΩΝ Η ΣΤΡΟΦΙΚΗ ΠΑΡΑΜΟΡΦΩΣΗ, ΟΣΤΕΟΣΥΝΘΕΣΗ ΕΙΔΙΚΕΣ ΠΛΑΚΕΣ ΚΑΙ ΚΟΧΛΙΕΣ Η ΒΕΛΟΝΕΣ KIRSCHNER H  ΜΙΝΙ ΕΞΩΤΕΡΙΚΗ ΟΣΤΕΟΣΥΝΘΕΣΗ ΜΕ  ΑΥΤΟ Η ΑΛΛΟΜΟΣΧΕΥΜΑΤΑ;;;;;
2049;X633937.118;ΤΡΑΥΜΑΤΙΚΟΣ ΠΛΗΡΗΣ ΑΚΡΩΤΗΡΙΑΣΜΟΣ,  ΑΝΤΙΧΕΙΡΑΣ, ΑΠΟ  ΤΗΝ  ΜΕΤΑΚΑΡΠΙΟΦΑΛΑΓΓΙΚΗ ΑΡΘΡΩΣΗ  ΚΑΙ ΠΕΡΙΦΕΡΙΚΑ . ΕΠΑΝΑΣΥΓΚΟΛΛΗΣΗ ΜΕ ΜΕΘΟΔΟΥΣ ΜΙΚΡΟΧΕΙΡΟΥΡΓΙΚΗΣ. ΔΕΥΤΕΡΟΠΑΘΗΣ ΑΠΟΚΑΤΑΣΤΑΣΗ  Η ΑΛΛΕΣ ΕΠΕΜΒΑΣΕΙΣ ΠΟΥ ΑΦΟΡΟΥΝ ΤΕΝΟΝΤΕΣ.;;;;;
2050;X633937.119;ΤΡΑΥΜΑ , ΔΙΕΡΕΥΝΗΣΗ ΒΛΑΒΗΣ ΔΑΚΤΥΛΙΚΟΥ Η  ΔΑΚΤΥΛΙΚΩΝ ΝΕΥΡΩΝ ;;;;;
2051;X633937.120;ΤΡΑΥΜΑ, ΣΥΡΡΑΦΗ ΔΑΚΤΥΛΙΚΟΥ Η ΔΑΚΤΥΛΙΚΩΝ ΝΕΥΡΩΝ - ΤΕΛΙΚΟΤΕΛΙΚΗ ΣΥΡΡΑΦΗ;;;;;
2052;X633937.121;ΤΡΑΥΜΑ, ΣΥΡΡΑΦΗ ΔΑΚΤΥΛΙΚΟΥ Η ΔΑΚΤΥΛΙΚΩΝ ΝΕΥΡΩΝ  ΜΕ ΠΑΡΕΜΒΟΛΗ ΝΕΥΡΙΚΩΝ ΜΟΣΧΕΥΜΑΤΩΝ;;;;;
2053;X633937.122;ΤΡΑΥΜΑ, ΣΥΡΡΑΦΗ ΔΑΚΤΥΛΙΚΟΥ Η ΔΑΚΤΥΛΙΚΩΝ ΝΕΥΡΩΝ ΝΕΥΡΟΥ ΜΕ ΠΑΡΕΜΒΟΛΗ ΣΥΝΘΕΤΙΚΩΝ ΝΕΥΡΟΑΓΩΓΩΝ;;;;;
2054;X633937.123;ΑΠΟΚΑΤΑΣΤΑΣΗ - ΣΥΡΡΑΦΗ ΔΑΚΤΥΛΙΚΟΥ Η ΔΑΚΤΥΛΙΚΩΝ ΝΕΥΡΩΝ  ΜΕΤΑ ΑΠΟ ΑΦΑΙΡΕΣΗ ΝΕΥΡΩΜΑΤΟΣ ΜΕ ΠΑΡΕΜΒΟΛΗ ΝΕΥΡΙΚΩΝ ΜΟΣΧΕΥΜΑΤΩΝ;;;;;
2055;X633937.124;ΤΡΑΥΜΑΤΙΚΗ ΔΙΑΤΟΜΗ ΜΙΑΣ Η ΠΕΡΙΣΣΟΤΕΡΩΝ ΚΟΙΝΩΝ ΔΑΚΤΥΛΙΚΩΝ ΑΡΤΗΡΙΩΝ  - ΑΜΕΣΗ ΤΕΛΙΚΟΤΕΛΙΚΗ ΣΥΡΡΑΦΗ;;;;;
2056;X633937.125;ΤΡΑΥΜΑΤΙΚΗ ΔΙΑΤΟΜΗ ΜΙΑΣ Η ΠΕΡΙΣΣΟΤΕΡΩΝ ΚΟΙΝΩΝ ΔΑΚΤΥΛΙΚΩΝ ΑΡΤΗΡΙΩΝ.  ΑΜΕΣΗ ΑΠΟΚΑΤΑΣΤΑΣΗ - ΣΥΡΡΑΦΗ ΜΕ ΠΑΡΕΜΒΟΛΗ ΦΛΕΒΙΚΩΝ ΜΟΣΧΕΥΜΑΤΩΝ;;;;;
2057;X633937.126;ΠΕΡΙΑΡΤΗΡΙΑΚΗ ΣΥΜΠΑΘΕΚΤΟΜΗ ΕΠΙΠΟΛΗΣ ΠΑΛΑΜΙΚΟΥ ΑΡΤΗΡΙΑΚΟΥ ΤΟΞΟΥ;;;;;
2058;X633937.127;ΤΡΑΥΜΑΤΙΚΟ ΑΝΕΥΡΥΣΜΑ ΔΑΚΤΥΛΙΚΗΣ  ΑΡΤΗΡΙΑΣ. ΑΜΕΣΗ ΑΠΟΚΑΤΑΣΤΑΣΗ -  ΣΥΡΡΑΦΗ ΜΕ ΠΑΡΕΜΒΟΛΗ ΦΛΕΒΙΚΟΥ ΜΟΣΧΕΥΜΑΤΟΣ;;;;;
2059;X633937.128;ΤΡΑΥΜΑΤΙΚΗ ΔΙΑΤΟΜΗ ΩΛΕΝΊΟΥ Η/ΚΑΙ ΚΕΡΚΙΔΙΚΗΣ ΔΑΚΤΥΛΙΚΗΣ ΑΡΤΗΡΙΑΣ  - ΑΜΕΣΗ ΤΕΛΙΚΟΤΕΛΙΚΗ ΣΥΡΡΑΦΗ;;;;;
2060;X633937.129;ΤΡΑΥΜΑΤΙΚΗ ΔΙΑΤΟΜΗ ΩΛΕΝΙΟΥ Η/ΚΑΙ ΚΕΡΚΙΔΙΚΗΣ ΔΑΚΤΥΛΙΚΗΣ ΑΡΤΗΡΙΑΣ. ΑΜΕΣΗ ΑΠΟΚΑΤΑΣΤΑΣΗ - ΣΥΡΡΑΦΗ ΜΕ ΠΑΡΕΜΒΟΛΗ ΦΛΕΒΙΚΩΝ ΜΟΣΧΕΥΜΑΤΩΝ;;;;;
2061;X633937.130;ΠΕΡΙΑΡΤΗΡΙΑΚΗ ΣΥΜΠΑΘΕΚΤΟΜΗ ΔΑΚΤΥΛΙΚΩΝ ΑΡΤΗΡΙΩΝ;;;;;
2062;X633937.131;ΑΠΟΝΕΥΡΟΤΟΜΗ ΠΗΧΕΟΚΑΡΠΙΚΗΣ ΑΡΘΡΩΣΗΣ;;;;;
2063;X633937.132;ΡΙΚΝΩΣΗ ΠΑΛΑΜΙΑΙΑΣ ΑΠΟΝΕΥΡΩΣΗΣ(DUPUYTREN). ΚΛΕΙΣΤΗ ΔΙΑΤΟΜΗ;;;;;
2064;X633937.133;ΡΙΚΝΩΣΗ ΠΑΛΑΜΙΑΙΑΣ ΑΠΟΝΕΥΡΩΣΗΣ(DUPUYTREN). Ζ- ΠΛΑΣΤΙΚΗ ΔΕΡΜΑΤΟΣ, ΑΝΟΙΚΤΗ ΕΚΤΟΜΗ;;;;;
2065;X633937.134;ΡΙΚΝΩΣΗ ΠΑΛΑΜΙΑΙΑΣ ΑΠΟΝΕΥΡΩΣΗΣ(DUPUYTREN). Ζ- ΠΛΑΣΤΙΚΗ ΔΕΡΜΑΤΟΣ, ΑΝΟΙΚΤΗ ΕΚΤΟΜΗ. ΔΕΡΜΑΤΙΚΑ ΜΟΣΧΕΥΜΑΤΑ ΜΕΡΙΚΟΥ ΠΑΧΟΥΣ;;;;;
2066;X633937.135;ΡΙΚΝΩΣΗ ΠΑΛΑΜΙΑΙΑΣ ΑΠΟΝΕΥΡΩΣΗΣ(DUPUYTREN). ΠΕΡΙΛΑΜΒΑΝΕΙ 1-2 Η ΠΕΡΙΣΣΟΤΕΡΕΣ ΔΑΚΤΥΛΙΚΕΣ ΑΚΤΙΝΕΣ, Ζ- ΠΛΑΣΤΙΚΗ ΔΕΡΜΑΤΟΣ, ΑΝΟΙΚΤΗ ΕΚΤΟΜΗ. ;;;;;
2067;X633937.136;ΡΙΚΝΩΣΗ ΠΑΛΑΜΙΑΙΑΣ ΑΠΟΝΕΥΡΩΣΗΣ(DUPUYTREN). ΠΕΡΙΛΑΜΒΑΝΕΙ 1-2 Η ΠΕΡΙΣΣΟΤΕΡΕΣ ΔΑΚΤΥΛΙΚΕΣ ΑΚΤΙΝΕΣ, Ζ- ΠΛΑΣΤΙΚΗ ΔΕΡΜΑΤΟΣ, ΑΝΟΙΚΤΗ ΕΚΤΟΜΗ. ΔΕΡΜΑΤΙΚΑ ΜΟΣΧΕΥΜΑΤΑ ΜΕΡΙΚΟΥ ΠΑΧΟΥΣ ;;;;;
2068;X633937.137;ΑΡΘΡΟΣΚΟΠΗΣΗ ΚΑΡΠΟΜΕΤΑΚΑΡΠΙΑΣ ΑΡΘΡΩΣΗΣ ΑΝΤΙΧΕΙΡΑ: ΔΙΑΓΝΩΣΤΙΚΗ ΑΡΘΡΟΣΚΟΠΗΣΗ;;;;;
2069;X633937.138;ΑΡΘΡΟΣΚΟΠΗΣΗ ΚΑΡΠΟΜΕΤΑΚΑΡΠΙΑΣ ΑΡΘΡΩΣΗΣ ΑΝΤΙΧΕΙΡΑ: ΑΡΘΡΟΣΚΟΠΙΚΗ ΟΣΤΕΟΣΥΝΘΕΣΗ ΕΝΔΟΑΡΘΡΙΚΩΝ ΚΑΤΑΜΑΤΩΝ 1ΟΥ ΜΕΤΑΚΑΡΠΙΟΥ;;;;;
2070;X633937.139;ΑΡΘΡΟΣΚΟΠΗΣΗ ΚΑΡΠΟΜΕΤΑΚΑΡΠΙΑΣ ΑΡΘΡΩΣΗΣ ΑΝΤΙΧΕΙΡΑ: ΑΡΘΡΟΣΚΟΠΙΚΟΣ ΚΑΘΑΡΙΣΜΟΣ ΣΕ ΣΗΠΤΙΚΗ ΑΡΘΡΙΤΙΔΑ Ή ΥΜΕΝΙΤΙΔΑ;;;;;
2071;X633937.140;ΑΡΘΡΟΣΚΟΠΗΣΗ ΚΑΡΠΟΜΕΤΑΚΑΡΠΙΑΣ ΑΡΘΡΩΣΗΣ ΑΝΤΙΧΕΙΡΑ: ΑΡΘΡΟΣΚΟΠΙΚΗ ΑΦΑΙΡΕΣΗ ΞΕΝΩΝ Ή ΕΛΕΥΘΕΡΩΝ ΣΩΜΑΤΩΝ;;;;;
2072;X633937.141;ΑΡΘΡΟΣΚΟΠΙΣΗ ΜΕΤΑΚΑΡΠΙΟΦΑΛΑΓΓΙΚΩΝ-ΦΑΛΑΓΓΟΦΑΛΑΓΓΙΚΩΝ ΑΡΘΡΩΣΕΩΝ: ΔΙΑΓΝΩΣΤΙΚΗ ΑΡΘΡΟΣΚΟΠΗΣΗ ;;;;;
2073;X633937.142;ΑΡΘΡΟΣΚΟΠΙΣΗ ΜΕΤΑΚΑΡΠΙΟΦΑΛΑΓΓΙΚΩΝ-ΦΑΛΑΓΓΟΦΑΛΑΓΓΙΚΩΝ ΑΡΘΡΩΣΕΩΝ: ΑΡΘΡΟΣΚΟΠΙΚΗ ΑΦΑΙΡΕΣΗ ΞΕΝΩΝ Ή ΕΛΕΥΘΕΡΩΝ ΣΩΜΑΤΩΝ;;;;;
2074;X633937.143;ΑΡΘΡΟΣΚΟΠΙΣΗ ΜΕΤΑΚΑΡΠΙΟΦΑΛΑΓΓΙΚΩΝ-ΦΑΛΑΓΓΟΦΑΛΑΓΓΙΚΩΝ ΑΡΘΡΩΣΕΩΝ: ΑΡΘΡΟΣΚΟΠΙΚΟΣ ΚΑΘΑΡΙΣΜΟΣ ΣΕ ΣΥΠΤΙΚΗ ΑΡΘΡΙΤΙΔΑ Ή ΥΜΕΝΙΤΙΔΑ;;;;;
2075;X633937.144;ΑΣΤΑΘΕΙΑ ΚΑΡΠΟΜΕΤΑΚΑΡΠΙΑΣ ΑΡΘΡΩΣΗΣ ΑΝΤΙΧΕΙΡΑ: ΣΥΝΔΕΣΜΟΠΛΑΣΤΙΚΗ ΜΕ ΤΕΝΟΝΤΙΟ ΜΟΣΧΕΥΜΑ (ΚΕΡΚΙΔΙΚΟΣ ΚΑΜΠΤΗΡΑΣ ΤΟΥ ΚΑΡΠΟΥ);;;;;
2076;X633937.145;ΑΣΤΑΘΕΙΑ ΚΑΡΠΟΜΕΤΑΚΑΡΠΙΑΣ ΑΡΘΡΩΣΗΣ ΑΝΤΙΧΕΙΡΑ: ΣΥΝΔΕΣΜΟΠΛΑΣΤΙΚΗ ΜΕ ΤΕΝΟΝΤΙΟ ΜΟΣΧΕΥΜΑ (ΜΑΚΡΟΣ ΑΠΑΓΩΓΟΣ ΤΟΥ ΑΝΤΙΧΕΙΡΑ;;;;;
2077;X633937.146;ΑΣΤΑΘΕΙΑ ΚΑΡΠΟΜΕΤΑΚΑΡΠΙΑΣ ΑΡΘΡΩΣΗΣ ΑΝΤΙΧΕΙΡΑ: ΣΥΝΔΕΣΜΟΠΛΑΣΤΙΚΗ ΜΕ ΤΕΝΟΝΤΙΟ ΜΟΣΧΕΥΜΑ (ΑΛΛΟΣ ΤΕΝΟΝΤΙΟ ΜΟΣΧΕΥΜΑ) Ή ΤΟΠΟΘΕΤΗΣΗ ΠΑΡΕΜΒΑΛΟΜΕΝΟΥ ΥΛΙΚΟΥ;;;;;
2078;X633937.147;ΑΡΘΡΙΤΙΔΑ ΤΗΣ ΒΑΣΗΣ ΤΟΥ ΑΝΤΙΧΕΙΡΑ (ΑΡΘΡΙΤΙΔΑ ΜΕΙΖΟΝΟΣ ΠΟΛΥΓΩΝΟΥ ΒΑΣΗΣ 1ΟΥ ΜΕΤΑΚΑΡΠΙΟΥ). ΟΣΤΕΟΤΟΜΙΑ ΚΑΜΨΗΣ ΠΡΩΤΟΥ ΜΕΤΑΚΑΡΠΙΟΥ;;;;;
2079;X633937.148;ΑΡΘΡΙΤΙΔΑ ΤΗΣ ΒΑΣΗΣ ΤΟΥ ΑΝΤΙΧΕΙΡΑ (ΑΡΘΡΙΤΙΔΑ ΜΕΙΖΟΝΟΣ ΠΟΛΥΓΩΝΟΥ ΒΑΣΗΣ 1ΟΥ ΜΕΤΑΚΑΡΠΙΟΥ). ΜΕΡΙΚΗ ΕΞΑΙΡΕΣΗ ΤΟΥ ΜΕΙΖΟΝΟΣ ΠΟΛΥΓΩΝΟΥ;;;;;
2080;X633937.149;ΑΡΘΡΙΤΙΔΑ ΤΗΣ ΒΑΣΗΣ ΤΟΥ ΑΝΤΙΧΕΙΡΑ (ΑΡΘΡΙΤΙΔΑ ΜΕΙΖΟΝΟΣ ΠΟΛΥΓΩΝΟΥ ΒΑΣΗΣ 1ΟΥ ΜΕΤΑΚΑΡΠΙΟΥ). ΜΕΡΙΚΗ  Η ΟΛΙΚΗ ΕΞΑΙΡΕΣΗ ΤΟΥ ΜΕΙΖΟΝΟΣ ΠΟΛΥΓΩΝΟΥ, ΜΕ ΤΟΠΟΘΕΤΗΣΗ ΤΜΗΜΑΤΟΣ Η ΟΛΟΚΛΗΡΟΥ ΤΟΥ ΚΕΡΚΙΔΙΚΟΥ ΚΑΜΠΤΗΡΑ ΤΟΥ ΚΑΡΠΟΥ (INTERPOSITION ARTHROPLASTY),ΣΥΓΚΡΑΤΗΣΗ ΜΕ ΒΕΛΟΝΗ KIRSCHNER.;;;;;
2081;X633937.150;ΑΡΘΡΙΤΙΔΑ ΤΗΣ ΒΑΣΗΣ ΤΟΥ ΑΝΤΙΧΕΙΡΑ (ΑΡΘΡΙΤΙΔΑ ΜΕΙΖΟΝΟΣ ΠΟΛΥΓΩΝΟΥ ΒΑΣΗΣ 1ΟΥ ΜΕΤΑΚΑΡΠΙΟΥ). ΜΕΡΙΚΗ  Η ΟΛΙΚΗ ΕΞΑΙΡΕΣΗ ΤΟΥ ΜΕΙΖΟΝΟΣ ΠΟΛΥΓΩΝΟΥ, ΜΕ ΤΟΠΟΘΕΤΗΣΗ ΤΜΗΜΑΤΟΣ TΟΥ ΜΑΚΡΟΥ ΑΠΑΓΩΓΟΥ ΤΟΥ ΑΝΤΙΧΕΙΡΑ, ΜΕ Ή ΧΩΡΙΣ ΣΥΓΚΡΑΤΗΣΗ ΜΕ ΒΕΛΟΝΗ KIRSCHNER.;;;;;
2082;X633937.151;ΑΡΘΡΙΤΙΔΑ ΤΗΣ ΒΑΣΗΣ ΤΟΥ ΑΝΤΙΧΕΙΡΑ (ΑΡΘΡΙΤΙΔΑ ΜΕΙΖΟΝΟΣ ΠΟΛΥΓΩΝΟΥ ΒΑΣΗΣ 1ΟΥ ΜΕΤΑΚΑΡΠΙΟΥ). ΑΡΘΡΟΔΕΣΗ  ΜΕΙΖΟΝΟΣ ΠΟΛΥΓΩΝΟΥ ΚΑΙ ΒΑΣΗΣ 1ΟΥ ΜΕΤΑΚΑΡΠΙΟΥ ΜΕ ΕΙΔΙΚΕΣ  ΠΛΑΚΕΣ - ΒΙΔΕΣ ΚΑΙ ΧΡΗΣΗ ΟΜΟΙΟ Η ΑΛΛΟΜΟΣΧΕΥΜΑΤΟΣ.;;;;;
2083;X633937.152;ΑΡΘΡΙΤΙΔΑ ΤΗΣ ΒΑΣΗΣ ΤΟΥ ΑΝΤΙΧΕΙΡΑ (ΑΡΘΡΙΤΙΔΑ ΜΕΙΖΟΝΟΣ ΠΟΛΥΓΩΝΟΥ ΒΑΣΗΣ 1ΟΥ ΜΕΤΑΚΑΡΠΙΟΥ).ΑΡΘΡΟΠΛΑΣΤΙΚΗ -  ΕΞΑΙΡΕΣΗ ΜΕΙΖΟΝΟΣ ΠΟΛΥΓΩΝΟΥ, ΚΑΙ ΤΟΠΟΘΕΤΗΣΗ ΕΙΔΙΚΟΥ ΠΡΟΘΕΜΑΤΟΣ;;;;;
2084;X633937.153;ΑΡΘΡΙΤΙΔΑ ΤΗΣ ΒΑΣΗΣ ΤΟΥ ΑΝΤΙΧΕΙΡΑ (ΑΡΘΡΙΤΙΔΑ ΜΕΙΖΟΝΟΣ ΠΟΛΥΓΩΝΟΥ ΒΑΣΗΣ 1ΟΥ ΜΕΤΑΚΑΡΠΙΟΥ). ΑΡΘΡΟΣΚΟΠΙΚΗ ΑΠΟΚΑΤΑΣΤΑΣΗ ΑΡΘΡΙΤΙΔΑΣ ΤΗΣ 1ΗΣ ΚΑΡΠΟΜΕΤΑΚΑΡΠΙΑΣ ΑΡΘΡΩΣΗΣ ΜΕ Η΄ΧΩΡΙΣ ΤΗΝ ΧΡΗΣΗ ΑΛΛΟΜΟΣΧΕΥΜΑΤΟΣ;;;;;
2085;X633937.154;ΑΡΘΡΙΤΙΔΑ ΜΕΤΑΚΑΡΠΟΦΑΛΑΓΓΙΚΗΣ ΑΡΘΡΩΣΗΣ: ΑΡΘΡΟΠΛΑΣΤΙΚΗ. ΚΑΘΕ ΑΡΘΡΩΣΗ;;;;;
2086;X633937.155;ΑΡΘΡΙΤΙΔΑ ΜΕΤΑΚΑΡΠΟΦΑΛΑΓΓΙΚΗΣ ΑΡΘΡΩΣΗΣ: ΑΡΘΡΟΠΛΑΣΤΙΚΗ  ΜΕ ΤΟΠΟΘΕΤΗΣΗ ΕΙΔΙΚΟΥ ΠΡΟΘΕΜΑΤΟΣ, ΚΑΘΕ ΑΡΘΡΩΣΗ;;;;;
2087;X633937.156;ΑΡΘΡΙΤΙΔΑ ΜΕΣΟΦΑΛΑΓΓΙΚΗΣ ΑΡΘΡΩΣΗΣ: ΑΡΘΡΟΠΛΑΣΤΙΚΗ ΜΕ ΡΑΧΙΑΙΑ Ή ΠΛΑΓΙΑ ΠΡΟΣΠΕΛΑΣΗ, ΜΕ ΤΟΠΟΘΕΤΗΣΗ ΕΙΔΙΚΟΥ ΠΡΟΘΕΜΑΤΟΣ, ΚΑΘΕ ΑΡΘΡΩΣΗ;;;;;
2088;X633937.157;ΑΡΘΡΙΤΙΔΑ ΜΕΣΟΦΑΛΑΓΓΙΚΗΣ ΑΡΘΡΩΣΗΣ: ΑΡΘΡΟΠΛΑΣΤΙΚΗ ΜΕ ΠΑΛΑΜΙΑΙΑ ΠΡΟΣΠΕΛΑΣΗ, ΜΕ ΤΟΠΟΘΕΤΗΣΗ ΕΙΔΙΚΟΥ ΠΡΟΘΕΜΑΤΟΣ, ΚΑΘΕ ΑΡΘΡΩΣΗ;;;;;
2089;X633937.158;ΑΡΘΡΟΤΟΜΗ ΚΑΙ ΧΕΙΡΟΥΡΓΙΚΗ ΑΦΑΙΡΕΣΗ ΜΥΞΟΕΙΔΟΥΣ ΚΥΣΤΗΣ ΑΠΩ ΜΕΣΟΦΑΛΑΓΓΙΚΗΣ ΑΡΘΡΩΣΗΣ;;;;;
2090;X633937.159;ΟΣΤΕΟΤΟΜΙΑ. ΜΕΤΑΚΑΡΠΙΟΥ, ΚΑΘΕ ΜΙΑ;;;;;
2091;X633937.160;ΟΣΤΕΟΤΟΜΙΑ. ΦΑΛΑΓΓΑ Ή ΔΑΚΤΥΛΟ, ΚΑΘΕ ΜΙΑ;;;;;
2092;X633937.161;ΑΡΘΡΟΔΕΣΗ, ΚΑΡΠΟΜΕΤΑΚΑΡΠΙΑ ΑΡΘΡΩΣΗ, ΑΝΤΙΧΕΙΡΑΣ, ΜΕ Ή ΧΩΡΙΣ ΕΣΩΤΕΡΙΚΗ ΚΑΘΗΛΩΣΗ.;;;;;
2093;X633937.162;ΑΡΘΡΟΔΕΣΗ, ΚΑΡΠΟΜΕΤΑΚΑΡΠΙΑ ΑΡΘΡΩΣΗ, ΑΝΤΙΧΕΙΡΑΣ, ΜΕ Ή ΧΩΡΙΣ ΕΣΩΤΕΡΙΚΗ ΚΑΘΗΛΩΣΗ ΜΕ ΟΣΤΙΚΟ ΜΟΣΧΕΥΜΑ;;;;;
2094;X633937.163;ΑΡΘΡΟΔΕΣΗ, ΚΑΡΠΟΜΕΤΑΚΑΡΠΙΑΣ ΑΡΘΡΩΣΗΣ, ΔΑΚΤΥΛΟ, ΠΛΗΝ ΤΟΥ ΑΝΤΙΧΕΙΡΑ, ΜΕ Ή ΧΩΡΙΣ ΕΣΩΤΕΡΙΚΗ ΚΑΘΗΛΩΣΗ, ΚΑΘΕ ΑΡΘΡΩΣΗ.;;;;;
2095;X633937.164;ΑΡΘΡΟΔΕΣΗ, ΚΑΡΠΟΜΕΤΑΚΑΡΠΙΑΣ ΑΡΘΡΩΣΗΣ, ΔΑΚΤΥΛΟ, ΠΛΗΝ ΤΟΥ ΑΝΤΙΧΕΙΡΑ, ΜΕ Ή ΧΩΡΙΣ ΕΣΩΤΕΡΙΚΗ ΚΑΘΗΛΩΣΗ, ΚΑΘΕ ΑΡΘΡΩΣΗ. ΜΕ ΟΣΤΙΚΟ ΜΟΣΧΕΥΜΑ;;;;;
2096;X633937.165;ΑΡΘΡΟΔΕΣΗ, ΜΕΤΑΚΑΡΠΙΟΦΑΛΑΓΓΙΚΗ ΑΡΘΡΩΣΗ, ΜΕ Ή ΧΩΡΙΣ ΕΣΩΤΕΡΙΚΗ ΚΑΘΗΛΩΣΗ,  ΜΙΑ ΑΡΘΡΩΣΗ;;;;;
2097;X633937.166;ΑΡΘΡΟΔΕΣΗ, ΜΕΤΑΚΑΡΠΙΟΦΑΛΑΓΓΙΚΗ ΑΡΘΡΩΣΗ, ΜΕ Ή ΧΩΡΙΣ ΕΣΩΤΕΡΙΚΗ ΚΑΘΗΛΩΣΗ,  ΜΕ ΟΣΤΙΚΟ ΜΟΣΧΕΥΜΑ,  ΜΙΑ ΑΡΘΡΩΣΗ;;;;;
2098;X633937.167;ΑΡΘΡΟΔΕΣΗ, ΜΕΣΟΦΑΛΑΓΓΙΚΗ ΑΡΘΡΩΣΗ, ΜΕ Ή ΧΩΡΙΣ ΕΣΩΤΕΡΙΚΗ ΚΑΘΗΛΩΣΗ, ΜΙΑ ΑΡΘΡΩΣΗ;;;;;
2099;X633937.168;ΑΡΘΡΟΔΕΣΗ, ΜΕΣΟΦΑΛΑΓΓΙΚΗ ΑΡΘΡΩΣΗ, ΜΕ Ή ΧΩΡΙΣ ΕΣΩΤΕΡΙΚΗ ΚΑΘΗΛΩΣΗ, ΜΕ ΟΣΤΙΚΟ ΜΟΣΧΕΥΜΑ, ΜΙΑ ΑΡΘΡΩΣΗ;;;;;
2100;X633937.169;ΣΥΓΚΑΜΨΗ ΜΕΤΑΚΑΡΠΟΦΑΛΑΓΓΙΚΗΣ ΑΡΘΡΩΣΗΣ: ΚΙΝΗΤΟΠΟΙΗΣΗ ΥΠΟ ΑΝΑΙΣΘΗΣΙΑ;;;;;
2101;X633937.170;ΣΥΓΚΑΜΨΗ ΜΕΤΑΚΑΡΠΟΦΑΛΑΓΓΙΚΗΣ ΑΡΘΡΩΣΗΣ: ΑΝΟΙΚΤΗ ΘΥΛΑΚΕΚΤΟΜΗ Ή ΘΥΛΑΚΟΤΟΜΗ;;;;;
2102;X633937.171;ΣΥΓΚΑΜΨΗ ΜΕΤΑΚΑΡΠΟΦΑΛΑΓΓΙΚΗΣ ΑΡΘΡΩΣΗΣ: ΑΝΟΙΚΤΗ ΤΕΝΟΝΤΟΛΥΣΗ ΕΚΤΕΙΝΟΝΤΩΝ ΚΑΙ ΘΥΛΑΚΟΤΟΜΗ Ή ΘΥΛΑΚΕΚΤΟΜΗ;;;;;
2103;X633937.172;ΣΥΓΚΑΜΨΗ ΜΕΣΟΦΑΛΑΓΓΙΚΗΣ ΑΡΘΡΩΣΗΣ: ΚΙΝΗΤΟΠΟΙΗΣΗ ΑΡΘΡΩΣΗΣ ΥΠΟ ΑΝΑΙΣΘΗΣΙΑ;;;;;
2104;X633937.173;ΣΥΓΚΑΜΨΗ ΜΕΣΟΦΑΛΑΓΓΙΚΗΣ ΑΡΘΡΩΣΗΣ: ΑΝΟΙΚΤΗ ΑΠΟΚΟΛΛΗΣΗ ΤΗΣ ΓΛΗΝΙΑΙΑΣ ΠΛΑΚΑΣ ΜΕ Ή ΧΩΡΙΣ ΜΕΡΙΚΗ Ή ΟΛΙΚΗ ΔΙΑΤΟΜΗ ΤΩΝ ΠΛΑΓΙΩΝ ΣΥΝΔΕΣΜΩΝ;;;;;
2105;X633937.174;ΣΥΓΚΑΜΨΗ ΜΕΣΟΦΑΛΑΓΓΙΚΗΣ ΑΡΘΡΩΣΗΣ: ΘΥΛΑΚΟΤΟΜΗ/ΘΥΛΑΚΕΚΤΟΜΗ ΚΑΙ ΜΕΡΙΚΗ Ή ΟΛΙΚΗ ΔΙΑΤΟΜΗ ΤΩΝ ΠΛΑΓΙΩΝ ΣΥΝΔΕΣΜΩΝ;;;;;
2106;X633937.175;ΣΥΓΚΑΜΨΗ ΜΕΣΟΦΑΛΑΓΓΙΚΗΣ ΑΡΘΡΩΣΗΣ: ΑΝΟΙΚΤΗ ΤΕΝΟΝΤΟΛΥΣΗ ΕΚΤΕΙΝΟΝΤΩΝ ΚΑΙ ΘΥΛΑΚΟΤΟΜΗ Ή ΘΥΛΑΚΕΚΤΟΜΗ;;;;;
2107;X633937.176;ΔΙΑΤΟΜΗ ΠΕΡΙΤΟΝΙΑΣ ΓΙΑ ΑΠΟΣΥΜΠΙΕΣΗ ΜΥΩΝ ΣΤΟ  ΧΕΡΙ  ΣΕ ΣΥΝΔΡΟΜΟ  ΔΙΑΜΕΡΙΣΜΑΤΟΣ. ΧΩΡΙΣ ΚΑΘΑΡΙΣΜΟ ΜΗ ΒΙΩΣΙΜΩΝ ΜΥΩΝ;;;;;
2108;X633937.177;ΔΙΑΤΟΜΗ ΠΕΡΙΤΟΝΙΑΣ ΓΙΑ ΑΠΟΣΥΜΠΙΕΣΗ ΜΥΩΝ ΣΤΟ ΧΕΡΙ  ΣΕ ΣΥΝΔΡΟΜΟ  ΔΙΑΜΕΡΙΣΜΑΤΟΣ. ΜΕ ΚΑΘΑΡΙΣΜΟ ΜΗ ΒΙΩΣΙΜΩΝ ΜΥΩΝ;;;;;
2109;X633937.178;ΑΠΟΣΥΜΠΙΕΣΗ ΔΑΚΤΥΛΩΝ ΚΑΙ/Ή ΑΚΡΑΣ ΧΕΙΡΟΣ ΜΕΤΑ ΑΠΟ ΑΠΟ ΤΡΑΥΜΑ ΔΙΗΘΗΣΗΣ ΥΠΟ ΠΙΕΣΗ (INJECTION INJURY);;;;;
2110;X633937.179;ΤΟΜΗ ΚΑΘΕΚΤΙΚΟΥ ΣΥΝΔΕΣΜΟΥ ΤΟΥ ΕΛΥΤΡΟΥ (PULLEY) ΤΕΝΟΝΤΑ (Π.Χ. ΓΙΑ ΕΚΤΙΝΑΣΟΜΕΝΟ ΔΑΚΤΥΛΟ);;;;;
2111;X633937.180;ΤΕΝΟΝΤΟΤΟΜΗ, ΔΙΑΔΕΡΜΙΚΗ, ΜΙΑ, ΚΑΘΕ ΔΑΚΤΥΛΟ;;;;;
2112;X633937.181;ΑΠΟΚΑΤΑΣΤΑΣΗ ΚΑΜΠΤΗΡΑ ΤΕΝΟΝΤΑ ΔΑΚΤΥΛΟΥ ΣΤΗ ΖΩΝΗ Ι ΑΜΕΣΗ ΠΡΩΤΟΓΕΝΗΣ Ή ΔΕΥΤΕΡΟΓΕΝΗΣ ΜΕ ΚΑΘΗΛΩΣΗ ΤΕΝΟΝΤΑ ΣΤΗ ΦΑΛΑΓΓΑ ΜΕ ΔΙΟΣΤΙΚΑ ΡΑΜΑΤΑ Η ΑΓΚΥΡΑ;;;;;
2113;X633937.182;ΑΠΟΚΑΤΑΣΤΑΣΗ ΚΑΜΠΤΗΡΑ ΤΕΝΟΝΤΑ ΔΑΚΤΥΛΟΥ ΣΤΗ ΖΩΝΗ Ι ΑΜΕΣΗ ΠΡΩΤΟΓΕΝΗΣ Ή ΔΕΥΤΕΡΟΓΕΝΗΣ ΧΩΡΙΣ ΕΛΕΥΘΕΡΟ ΜΟΣΧΕΥΜΑ, ΚΑΘΕ ΤΕΝΟΝΤΑΣ;;;;;
2114;X633937.183;ΑΠΟΚΑΤΑΣΤΑΣΗ ΚΑΜΠΤΗΡΑ ΤΕΝΟΝΤΑ ΔΑΚΤΥΛΟΥ ΣΤΗ ΖΩΝΗ Ι  ΜΕ ΕΛΕΥΘΕΡΟ ΜΟΣΧΕΥΜΑ (ΠΕΡΙΛΑΜΒΑΝΕΙ ΛΗΨΗ ΜΟΣΧΕΥΜΑΤΟΣ), ΚΑΘΕ ΤΕΝΟΝΤΑΣ;;;;;
2115;X633937.184;ΑΠΟΚΑΤΑΣΤΑΣΗ ΚΑΜΠΤΗΡΑ ΤΕΝΟΝΤΑ ΔΑΚΤΥΛΟΥ ΣΤΗ ΖΩΝΗ ΙΙ (ΧΩΡΙΣ ΑΠΟΚΑΤΑΣΤΑΣΗ ΕΛΥΤΡΟΥ)  ΑΜΕΣΗ ΠΡΩΤΟΓΕΝΗΣ Ή ΔΕΥΤΕΡΟΓΕΝΗΣ ΧΩΡΙΣ ΕΛΕΥΘΕΡΟ ΜΟΣΧΕΥΜΑ, ΚΑΘΕ ΤΕΝΟΝΤΑΣ;;;;;
2116;X633937.185;ΑΠΟΚΑΤΑΣΤΑΣΗ ΚΑΜΠΤΗΡΑ ΤΕΝΟΝΤΑ ΔΑΚΤΥΛΟΥ ΣΤΗ ΖΩΝΗ ΙΙ (ΧΩΡΙΣ ΑΠΟΚΑΤΑΣΤΑΣΗ ΕΛΥΤΡΟΥ) ΜΕ ΕΛΕΥΘΕΡΟ ΜΟΣΧΕΥΜΑ (ΠΕΡΙΛΑΜΒΑΝΕΙ ΛΗΨΗ ΜΟΣΧΕΥΜΑΤΟΣ), ΚΑΘΕ ΤΕΝΟΝΤΑΣ;;;;;
2117;X633937.186;ΑΠΟΚΑΤΑΣΤΑΣΗ ΚΑΜΠΤΗΡΑ ΤΕΝΟΝΤΑ ΔΑΚΤΥΛΟΥ ΣΤΗ ΖΩΝΗ ΙΙ ΚΑΙ ΑΠΟΚΑΤΑΣΤΑΣΗ ΕΛΥΤΡΟΥ  ΑΜΕΣΗ ΠΡΩΤΟΓΕΝΗΣ Ή ΔΕΥΤΕΡΟΓΕΝΗΣ ΧΩΡΙΣ ΕΛΕΥΘΕΡΟ ΜΟΣΧΕΥΜΑ, ΚΑΘΕ ΤΕΝΟΝΤΑΣ;;;;;
2118;X633937.187;ΑΠΟΚΑΤΑΣΤΑΣΗ ΚΑΜΠΤΗΡΑ ΤΕΝΟΝΤΑ ΔΑΚΤΥΛΟΥ ΣΤΗ ΖΩΝΗ ΙΙ ΚΑΙ ΑΠΟΚΑΤΑΣΤΑΣΗ ΕΛΥΤΡΟΥ, ΜΕ ΕΛΕΥΘΕΡΟ ΜΟΣΧΕΥΜΑ (ΠΕΡΙΛΑΜΒΑΝΕΙ ΛΗΨΗ ΜΟΣΧΕΥΜΑΤΟΣ), ΚΑΘΕ ΤΕΝΟΝΤΑΣ;;;;;
2119;X633937.188;ΑΠΟΚΑΤΑΣΤΑΣΗ  ΕΝ ΤΩ ΒΑΘΕΙ ΤΕΝΟΝΤΑ, ΜΕ ΑΘΙΚΤΟ ΕΠΙΠΟΛΗΣ ΤΕΝΟΝΤΑ. ΑΜΕΣΗ ΠΡΩΤΟΓΕΝΗΣ Η ΔΕΥΤΕΡΟΓΕΝΗΣ, ΚΑΘΕ ΤΕΝΟΝΤΑΣ;;;;;
2120;X633937.189;ΑΠΟΚΑΤΑΣΤΑΣΗ ΕΝ ΤΩ ΒΑΘΕΙ ΤΕΝΟΝΤΑ, ΜΕ ΑΘΙΚΤΟ ΕΠΙΦΑΝΕΙΑΚΟ ΤΕΝΟΝΤΑ. ΔΕΥΤΕΡΟΓΕΝΗΣ ΜΕ ΕΛΕΥΘΕΡΟ ΜΟΣΧΕΥΜΑ (ΠΕΡΙΛΑΜΒΑΝΕΙ ΛΗΨΗ ΜΟΣΧΕΥΜΑΤΟΣ), ΚΑΘΕ ΤΕΝΟΝΤΑΣ;;;;;
2121;X633937.190;ΑΠΟΚΑΤΑΣΤΑΣΗ ΚΑΜΠΤΗΡΑ ΤΕΝΟΝΤΑ ΣΕ ΔΥΟ ΧΡΟΝΟΥΣ ΜΕ ΣΥΝΘΕΤΙΚΗ ΡΑΒΔΟ ΣΙΛΙΚΟΝΗΣ ΚΑΙ ΤΕΝΟΝΤΙΟ ΜΟΣΧΕΥΜΑ. 1ο ΣΤΑΔΙΟ:  ΕΜΦΥΤΕΥΣΗ ΣΥΝΘΕΤΙΚΗΣ ΡΑΒΔΟΥ ΣΙΛΙΚΟΝΗΣ ΚΑΙ ΑΠΟΚΑΤΑΣΤΑΣΗ ΚΑΘΕΚΤΙΚΩΝ ΣΥΝΔΕΣΜΩΝ ΕΛΥΤΡΩΝ, ΚΑΘΕ ΡΑΒΔΟΣ ;;;;;
2122;X633937.191;ΑΠΟΚΑΤΑΣΤΑΣΗ ΚΑΜΠΤΗΡΑ ΤΕΝΟΝΤΑ ΣΕ ΔΥΟ ΧΡΟΝΟΥΣ ΜΕ ΣΥΝΘΕΤΙΚΗ ΡΑΒΔΟ ΣΙΛΙΚΟΝΗΣ ΚΑΙ ΤΕΝΟΝΤΙΟ ΜΟΣΧΕΥΜΑ. 2ο ΣΤΑΔΙΟ:  ΑΦΑΙΡΕΣΗ ΣΥΝΘΕΤΙΚΗΣ ΡΑΒΔΟΥ ΣΙΛΙΚΟΝΗΣ ΚΑΙ ΕΙΣΑΓΩΓΗ ΜΟΣΧΕΥΜΑΤΟΣ ΤΕΝΟΝΤΑ ΚΑΜΠΤΗΡΑ (ΠΕΡΙΛΑΜΒΑΝΕΙ ΤΗΝ ΛΗΨΗ ΜΟΣΧΕΥΜΑΤΟΣ), ΚΑΘΕ ΤΕΝΟΝΤΑΣ;;;;;
2123;X633937.192;ΑΠΟΚΑΤΑΣΤΑΣΗ ΚΑΜΠΤΗΡΑ ΤΕΝΟΝΤΑ ΔΑΚΤΥΛΟΥ ΣΤΗ ΖΩΝΗ ΙΙΙ ή ΙV ή V  ΑΜΕΣΗ ΠΡΩΤΟΓΕΝΗΣ Ή ΔΕΥΤΕΡΟΓΕΝΗΣ ΧΩΡΙΣ ΕΛΕΥΘΕΡΟ ΜΟΣΧΕΥΜΑ, ΚΑΘΕ ΤΕΝΟΝΤΑΣ;;;;;
2124;X633937.193;ΑΠΟΚΑΤΑΣΤΑΣΗ ΚΑΜΠΤΗΡΑ ΤΕΝΟΝΤΑ ΔΑΚΤΥΛΟΥ ΣΤΗ ΖΩΝΗ ΙΙΙ ή ΙV ή V  ΜΕ ΕΛΕΥΘΕΡΟ ΜΟΣΧΕΥΜΑ (ΠΕΡΙΛΑΜΒΑΝΕΙ ΛΗΨΗ ΜΟΣΧΕΥΜΑΤΟΣ), ΚΑΘΕ ΤΕΝΟΝΤΑΣ;;;;;
2125;X633937.194;ΑΠΟΚΑΤΑΣΤΑΣΗ ΕΚΤΕΙΝΟΝΤΑ ΤΕΝΟΝΤΑ ΧΕΡΙΟΥ, ΠΡΩΤΟΓΕΝΗΣ Ή ΔΕΥΤΕΡΟΓΕΝΗΣ. ΑΜΕΣΗ ΧΩΡΙΣ ΕΛΕΥΘΕΡΟ ΜΟΣΧΕΥΜΑ, ΚΑΘΕ ΤΕΝΟΝΤΑΣ;;;;;
2126;X633937.195;ΑΠΟΚΑΤΑΣΤΑΣΗ ΕΚΤΕΙΝΟΝΤΑ ΤΕΝΟΝΤΑ ΧΕΡΙΟΥ, ΜΕ ΕΛΕΥΘΕΡΟ ΜΟΣΧΕΥΜΑ (ΠΕΡΙΛΑΜΒΑΝΕΙ ΛΗΨΗ ΜΟΣΧΕΥΜΑΤΟΣ), ΚΑΘΕ ΤΕΝΟΝΤΑΣ;;;;;
2127;X633937.196;ΑΠΟΚΑΤΑΣΤΑΣΗ ΕΚΤΕΙΝΟΝΤΑ ΤΕΝΟΝΤΑ ΣΕ 2 ΣΤΑΔΙΑ. 1ο ΣΤΑΔΙΟ:  ΕΜΦΥΤΕΥΣΗ ΣΥΝΘΕΤΙΚΗΣ ΡΑΒΔΟΥ, ΚΑΘΕ ΡΑΒΔΟΣ;;;;;
2128;X633937.197;ΑΠΟΚΑΤΑΣΤΑΣΗ ΕΚΤΕΙΝΟΝΤΑ ΤΕΝΟΝΤΑ ΣΕ 2 ΣΤΑΔΙΑ. 2ο ΣΤΑΔΙΟ:  ΑΦΑΙΡΕΣΗ ΣΥΝΘΕΤΙΚΗΣ ΡΑΒΔΟΥ ΚΑΙ ΕΙΣΑΓΩΓΗ ΜΟΣΧΕΥΜΑΤΟΣ ΕΚΤΕΙΝΟΝΤΑ ΤΕΝΟΝΤΑ (ΠΕΡΙΛΑΜΒΑΝΕΙ ΤΗΝ ΛΗΨΗ ΜΟΣΧΕΥΜΑΤΟΣ),ΚΑΘΕ ΤΕΝΟΝΤΑΣ;;;;;
2129;X633937.198;ΑΠΟΚΑΤΑΣΤΑΣΗ ΕΚΤΕΙΝΟΝΤΑ ΤΕΝΟΝΤΑ, ΚΕΝΤΡΙΚΟΣ ΚΛΑΔΟΣ, ΔΕΥΤΕΡΟΓΕΝΗΣ (Π.Χ., ΠΑΡΑΜΟΡΦΩΣΗ ΚΟΜΒΙΟΔΟΧΗΣ) ΜΕ ΤΗΝ ΧΡΗΣΗ ΤΟΠΙΚΩΝ ΙΣΤΩΝ, ΣΥΜΠΕΡΙΛΑΜΒΑΝΟΜΕΝΩΝ ΠΛΕΥΡΙΚΩΝ ΔΕΣΜΙΔΩΝ, ΚΑΘΕ ΔΑΚΤΥΛΟ;;;;;
2130;X633937.199;ΑΠΟΚΑΤΑΣΤΑΣΗ ΕΚΤΕΙΝΟΝΤΑ ΤΕΝΟΝΤΑ, ΚΕΝΤΡΙΚΟΣ ΚΛΑΔΟΣ, ΔΕΥΤΕΡΟΓΕΝΗΣ (Π.Χ., ΠΑΡΑΜΟΡΦΩΣΗ ΚΟΜΒΙΟΔΟΧΗΣ). ΜΕ ΕΛΕΥΘΕΡΟ ΜΟΣΧΕΥΜΑ (ΠΕΡΙΛΑΜΒΑΝΕΙ ΤΗΝ ΛΗΨΗ ΜΟΣΧΕΥΜΑΤΟΣ), ΚΑΘΕ ΔΑΚΤΥΛΟ;;;;;
2131;X633937.200;ΚΛΕΙΣΤΗ ΘΕΡΑΠΕΙΑ ΠΕΡΙΦΕΡΙΚΗΣ ΚΑΤΑΦΥΣΗΣ ΕΚΤΕΙΝΟΝΤΑ ΤΕΝΟΝΤΑ, ΜΕ Ή ΧΩΡΙΣ ΔΙΑΔΕΡΜΙΚΗ ΚΑΘΗΛΩΣΗ ΜΕ ΚΑΡΦΙΔΕΣ (Π.Χ. ΣΦΥΡΟΔΑΚΤΥΛΙΑ);;;;;
2132;X633937.201;ΑΠΟΚΑΤΑΣΤΑΣΗ ΠΕΡΙΦΕΡΙΚΗΣ ΚΑΤΑΦΥΣΗΣ ΕΚΤΕΙΝΟΝΤΑ ΤΕΝΟΝΤΑ, ΠΡΩΤΟΓΕΝΗΣ Ή ΔΕΥΤΕΡΟΓΕΝΗΣ ΧΩΡΙΣ ΜΟΣΧΕΥΜΑ (Π.Χ. ΣΦΥΡΟΔΑΧΤΥΛΙΑ);;;;;
2133;X633937.202;ΑΠΟΚΑΤΑΣΤΑΣΗ ΠΕΡΙΦΕΡΙΚΗΣ ΚΑΤΑΦΥΣΗΣ ΕΚΤΕΙΝΟΝΤΑ ΤΕΝΟΝΤΑ, ΠΡΩΤΟΓΕΝΗΣ Ή ΔΕΥΤΕΡΟΓΕΝΗΣ ΜΕ ΕΛΕΥΘΕΡΟ ΜΟΣΧΕΥΜΑ (ΠΕΡΙΛΑΜΒΑΝΕΙ ΤΗ ΛΗΨΗ ΜΟΣΧΕΥΜΑΤΟΣ);;;;;
2134;X633937.203;ΕΠΑΝΕΥΘΥΓΡΑΜΜΙΣΗ ΕΚΤΕΙΝΟΝΤΑ ΤΕΝΟΝΤΑ ΧΕΡΙΟΥ, ΚΑΘΕ ΤΕΝΟΝΤΑΣ;;;;;
2135;X633937.204;ΤΕΝΟΛΥΣΗ ΚΑΜΠΤΗΡΑ ΤΕΝΟΝΤΑ ΣΤΗΝ ΠΑΛΑΜΗ Ή ΤΟ ΔΑΚΤΥΛΟ, ΚΑΘΕ ΤΕΝΟΝΤΑΣ (ΜΕ Η ΧΩΡΙΣ ΧΡΗΣΗ ΑΝΤΙΣΥΜΦΥΤΙΚΩΝ ΟΥΣΙΩΝ);;;;;
2136;X633937.205;ΤΕΝΟΛΥΣΗ ΚΑΜΠΤΗΡΑ ΤΕΝΟΝΤΑ ΣΤΗΝ ΠΑΛΑΜΗ ΚΑΙ ΤΟ ΔΑΚΤΥΛΟ, ΚΑΘΕ ΤΕΝΟΝΤΑΣ (ΜΕ Η ΧΩΡΙΣ ΧΡΗΣΗ ΑΝΤΙΣΥΜΦΥΤΙΚΩΝ ΟΥΣΙΩΝ);;;;;
2137;X633937.206;ΤΕΝΟΛΥΣΗ ΕΚΤΕΙΝΟΝΤΑ ΤΕΝΟΝΤΑ. ΧΕΡΙ Ή ΔΑΚΤΥΛΟ, ΚΑΘΕ ΤΕΝΟΝΤΑΣ (ΜΕ Η ΧΩΡΙΣ ΧΡΗΣΗ ΑΝΤΙΣΥΜΦΥΤΙΚΩΝ ΟΥΣΙΩΝ);;;;;
2138;X633937.207;ΤΕΝΟΛΥΣΗ, ΣΥΝΘΕΤΗ, ΕΚΤΕΙΝΟΝΤΑ ΤΕΝΟΝΤΑ, ΣΕ ΔΑΚΤΥΛΟ, ΚΑΡΠΟ ΚΑΙ  ΑΝΤΙΒΡΑΧΙΟ, ΚΑΘΕ ΤΕΝΟΝΤΑΣ;;;;;
2139;X633937.208;ΤΕΝΟΤΟΜΗ ΚΑΜΠΤΗΡΑ, ΠΑΛΑΜΗ, ΑΝΟΙΚΤΗ, ΚΑΘΕ ΤΕΝΟΝΤΑΣ;;;;;
2140;X633937.209;ΤΕΝΟΤΟΜΗ ΚΑΜΠΤΗΡΑ, ΔΑΚΤΥΛΟ, ΑΝΟΙΚΤΗ, ΚΑΘΕ ΤΕΝΟΝΤΑΣ;;;;;
2141;X633937.210;ΤΕΝΟΤΟΜΗ ΚΑΜΠΤΗΡΑ, ΧΕΡΙ Ή ΔΑΚΤΥΛΟ, ΑΝΟΙΚΤΗ, ΚΑΘΕ ΤΕΝΟΝΤΑΣ;;;;;
2142;X633937.211;ΤΕΝΟΔΕΣΗ. ΕΓΓΥΣ ΦΑΛΑΓΓΟ-ΦΑΛΑΓΓΙΚΗ ΑΡΘΡΩΣΗ, ΚΑΘΕ ΑΡΘΡΩΣΗ;;;;;
2143;X633937.212;ΤΕΝΟΔΕΣΗ. ΑΠΩ ΦΑΛΑΓΓΟ-ΦΑΛΑΓΓΙΚΗ ΑΡΘΡΩΣΗ, ΚΑΘΕ ΑΡΘΡΩΣΗ;;;;;
2144;X633937.213;ΕΠΙΜΗΚΥΝΣΗ ΤΕΝΟΝΤΑ, ΕΚΤΕΙΝΟΝΤΑ, ΧΕΡΙ Ή ΔΑΚΤΥΛΟ, ΚΑΘΕ ΤΕΝΟΝΤΑΣ;;;;;
2145;X633937.214;ΒΡΑΧΥΝΣΗ ΤΕΝΟΝΤΑ, ΕΚΤΕΙΝΟΝΤΑ, ΧΕΡΙ Ή ΔΑΚΤΥΛΟ, ΚΑΘΕ ΤΕΝΟΝΤΑΣ;;;;;
2146;X633937.215;ΕΠΙΜΗΚΥΝΣΗ ΤΕΝΟΝΤΑ, ΚΑΜΠΤΗΡΑ, ΧΕΡΙ Ή ΔΑΚΤΥΛΟ, ΚΑΘΕ ΤΕΝΟΝΤΑ;;;;;
2147;X633937.216;ΒΡΑΧΥΝΣΗ ΤΕΝΟΝΤΑ, ΚΑΜΠΤΗΡΑ, ΧΕΡΙ Ή ΔΑΚΤΥΛΟ, ΚΑΘΕ ΤΕΝΟΝΤΑΣ;;;;;
2148;X633937.217;ΤΕΝΟΝΤΟΜΕΤΑΦΟΡΑ ΡΑΧΙΑΙΑΣ ΕΠΙΦΑΝΕΙΑΣ ΚΑΡΠΟΥ ΚΑΙ ΧΕΡΙΟΥ. ΧΩΡΙΣ ΕΛΕΥΘΕΡΟ ΜΟΣΧΕΥΜΑ, ΚΑΘΕ ΤΕΝΟΝΤΑΣ;;;;;
2149;X633937.218;ΤΕΝΟΝΤΟΜΕΤΑΦΟΡΑ ΡΑΧΙΑΙΑΣ ΕΠΙΦΑΝΕΙΑΣ ΚΑΡΠΟΥ ΚΑΙ ΧΕΡΙΟΥ. ΜΕ ΕΛΕΥΘΕΡΟ ΜΟΣΧΕΥΜΑ, ΚΑΘΕ ΤΕΝΟΝΤΑΣ (ΠΕΡΙΛΑΜΒΑΕΙ ΤΗΝ ΛΗΨΗ ΜΟΣΧΕΥΜΑΤΟΣ), ΚΑΘΕ ΤΕΝΟΝΤΑΣ;;;;;
2150;X633937.219;ΤΕΝΟΝΤΟΜΕΤΑΦΟΡΑ ΠΑΛΑΜΙΑΙΑΣ ΕΠΙΦΑΝΕΙΑΣ ΚΑΡΠΟΥ ΚΑΙ ΧΕΡΙΟΥ. ΧΩΡΙΣ ΕΛΕΥΘΕΡΟ ΜΟΣΧΕΥΜΑ, ΚΑΘΕ ΤΕΝΟΝΤΑΣ;;;;;
2151;X633937.220;ΤΕΝΟΝΤΟΜΕΤΑΦΟΡΑ ΠΑΛΑΜΙΑΙΑΣ ΕΠΙΦΑΝΕΙΑΣ ΚΑΡΠΟΥ ΚΑΙ ΧΕΡΙΟΥ. ΜΕ ΕΛΕΥΘΕΡΟ ΜΟΣΧΕΥΜΑ, ΚΑΘΕ ΤΕΝΟΝΤΑΣ (ΠΕΡΙΛΑΜΒΑΕΙ ΤΗΝ ΛΗΨΗ ΜΟΣΧΕΥΜΑΤΟΣ), ΚΑΘΕ ΤΕΝΟΝΤΑΣ;;;;;
2152;X633937.221;ΤΕΝΟΝΤΟΜΕΤΑΦΟΡΑ ΓΙΑ ΑΠΟΚΑΤΑΣΤΑΣΗ ΑΝΤΙΘΕΣΗΣ ΑΝΤΙΧΕΙΡΑ. ΜΕ ΜΕΤΑΦΟΡΑ ΕΠΙΦΑΝΕΙΑΚΟΥ ΤΕΝΟΝΤΑ, ΚΑΘΕ ΤΕΝΟΝΤΑΣ;;;;;
2153;X633937.222;ΤΕΝΟΝΤΟΜΕΤΑΦΟΡΑ ΓΙΑ ΑΠΟΚΑΤΑΣΤΑΣΗ ΑΝΤΙΘΕΣΗΣ ΑΝΤΙΧΕΙΡΑ. ΜΕ ΜΕΤΑΦΟΡΑ ΤΕΝΟΝΤΑ ΜΕ ΜΟΣΧΕΥΜΑ (ΠΕΡΙΛΑΜΒΑΝΕΙ ΛΗΨΗ ΜΟΣΧΕΥΜΑΤΟΣ), ΚΑΘΕ ΤΕΝΟΝΤΑΣ;;;;;
2154;X633937.223;ΤΕΝΟΝΤΟΜΕΤΑΦΟΡΑ ΓΙΑ ΑΠΟΚΑΤΑΣΤΑΣΗ ΑΝΤΙΘΕΣΗΣ ΑΝΤΙΧΕΙΡΑ. ΜΕ ΜΕΤΑΦΟΡΑ ΜΥΟΣ ΟΠΙΣΘΕΝΑΡΟΣ;;;;;
2155;X633937.224;ΤΕΝΟΝΤΟΜΕΤΑΦΟΡΑ ΓΙΑ ΑΠΟΚΑΤΑΣΤΑΣΗ ΑΝΤΙΘΕΣΗΣ ΑΝΤΙΧΕΙΡΑ. ΑΛΛΕΣ ΜΕΘΟΔΟΙ;;;;;
2156;X633937.225;ΤΕΝΟΝΤΟΜΕΤΑΦΟΡΑ ΓΙΑ ΤΗΝ ΑΠΟΚΑΤΑΣΤΑΣΗ ΛΕΙΤΟΥΡΓΙΑΣ ΑΥΤΟΧΘΟΝΩΝ ΜΥΩΝ. ΓΙΑ ΚΑΘΕ ΔΑΚΤΥΛΟ;;;;;
2157;X633937.226;ΑΝΑΠΛΑΣΗ ΕΛΥΤΡΟΥ ΤΕΝΟΝΤΑ, ΚΑΘΕ ΤΕΝΟΝΤΑΣ, ΜΕ ΤΟΠΙΚΟΥΣ ΙΣΤΟΥΣ (ΞΕΧΩΡΙΣΤΗ ΔΙΑΔΙΚΑΣΙΑ);;;;;
2158;X633937.227;ΑΝΑΠΛΑΣΗ ΕΛΥΤΡΟΥ ΤΕΝΟΝΤΑ, ΚΑΘΕ ΤΕΝΟΝΤΑΣ, ΜΕ ΤΕΝΟΝΤΙΟ Ή ΠΕΡΙΤΟΝΙΑΚΟ  ΜΟΣΧΕΥΜΑ (ΠΕΡΙΛΑΜΒΑΝΕΙ ΤΗ ΛΗΨΗ ΜΟΣΧΕΥΜΑΤΟΣ) (ΞΕΧΩΡΙΣΤΗ ΔΙΑΔΙΚΑΣΙΑ);;;;;
2159;X633937.228;ΑΠΕΛΕΥΘΕΡΩΣΗ ΜΥΩΝ ΘΕΝΑΡΟΣ ;;;;;
2160;X633937.229;ΑΡΘΡΟΤΟΜΗ ΜΕ ΒΙΟΨΙΑ.ΚΑΘΕ ΚΑΡΠΟΜΕΤΑΚΑΡΠΙΑ ΑΡΘΡΩΣΗ;;;;;
2161;X633937.230;ΑΡΘΡΟΤΟΜΗ ΜΕ ΒΙΟΨΙΑ.ΚΑΘΕ ΜΕΤΑΚΑΡΠΙΟΦΑΛΑΓΓΙΚΗ ΑΡΘΡΩΣΗ;;;;;
2162;X633937.231;ΑΡΘΡΟΤΟΜΗ ΜΕ ΒΙΟΨΙΑ. ΚΑΘΕ  ΜΕΣΟΦΑΛΑΓΓΙΚΗ ΑΡΘΡΩΣΗ;;;;;
2163;X633937.232;ΕΚΤΟΜΗ ΟΓΚΟΥ Ή ΑΓΓΕΙΑΚΗΣ ΔΥΣΠΛΑΣΙΑΣ, ΜΑΛΑΚΟΥ ΙΣΤΟΥ ΧΕΡΙΟΥ Ή ΔΑΚΤΥΛΟΥ. ΥΠΟΔΟΡΙΑ;;;;;
2164;X633937.233;ΕΚΤΟΜΗ ΟΓΚΟΥ Ή ΑΓΓΕΙΑΚΗΣ ΔΥΣΠΛΑΣΙΑΣ, ΜΑΛΑΚΟΥ ΙΣΤΟΥ ΧΕΡΙΟΥ Ή ΔΑΚΤΥΛΟΥ, ΜΕ ΑΓΓΕΙΑΚΗ ΑΠΟΚΑΤΑΣΤΑΣΗ;;;;;
2165;X633937.234;ΕΚΤΟΜΗ, ΟΓΚΟΥ Ή ΑΓΓΕΙΑΚΗΣ ΔΥΣΠΛΑΣΙΑΣ, ΜΑΛΑΚΟΥ ΙΣΤΟΥ ΧΕΡΙΟΥ Ή ΔΑΚΤΥΛΟΥ. ΕΝ ΤΩ ΒΑΘΕΙ (ΥΠΟΠΕΡΙΤΟΝΙΑΚΗ Ή ΕΝΔΟΜΥΪΚΗ);;;;;
2166;X633937.235;ΡΙΖΙΚΗ ΕΚΤΟΜΗ ΤΟΥ ΟΓΚΟΥ (Π.Χ. ΚΑΚΟΗΘΟΥΣ ΝΕΟΠΛΑΣΜΑΤΟΣ), ΜΑΛΑΚΟΣ ΙΣΤΟΣ ΧΕΡΙΟΥ Ή ΔΑΚΤΥΛΟΥ;;;;;
2167;X633937.236;ΕΚΤΟΜΗ Ή ΑΠΟΞΕΣΗ ΟΣΤΙΚΗΣ ΚΥΣΤΗΣ Ή ΚΑΛΟΗΘΟΥΣ ΟΓΚΟΥ ΜΕΤΑΚΑΡΠΙΟΥ.;;;;;
2168;X633937.237;ΕΚΤΟΜΗ Ή ΑΠΟΞΕΣΗ ΟΣΤΙΚΗΣ ΚΥΣΤΗΣ Ή ΚΑΛΟΗΘΟΥΣ ΟΓΚΟΥ ΜΕΤΑΚΑΡΠΙΟΥ. ΜΕ  ΑΥΤΟΜΟΣΧΕΥΜΑ (ΠΕΡΙΛΑΜΒΑΝΕΙ ΤΗ ΛΗΨΗ ΜΟΣΧΕΥΜΑΤΟΣ);;;;;
2169;X633937.238;ΕΚΤΟΜΗ Ή ΑΠΟΞΕΣΗ ΟΣΤΙΚΗΣ ΚΥΣΤΗΣ Ή ΚΑΛΟΗΘΟΥΣ ΟΓΚΟΥ, ΕΓΓΥΣ, ΜΕΣΗΣ Ή ΠΕΡΙΦΕΡΙΚΗΣ ΦΑΛΑΓΓΑΣ ΔΑΚΤΥΛΟΥ.;;;;;
2170;X633937.239;ΕΚΤΟΜΗ Ή ΑΠΟΞΕΣΗ ΟΣΤΙΚΗΣ ΚΥΣΤΗΣ Ή ΚΑΛΟΗΘΟΥΣ ΟΓΚΟΥ, ΕΓΓΥΣ, ΜΕΣΗΣ Ή ΠΕΡΙΦΕΡΙΚΗΣ ΦΑΛΑΓΓΑΣ ΔΑΚΤΥΛΟΥ. ΜΕ ΑΥΤΟΜΟΣΧΕΥΜΑ (ΠΕΡΙΛΑΜΒΑΝΕΙ ΤΗΝ ΛΗΨΗ ΜΟΣΧΕΥΜΑΤΟΣ);;;;;
2171;X633937.240;"ΡΙΖΙΚΗ ΕΚΤΟΜΗ, ΜΕΤΑΚΑΡΠΙΟΥ (Π.Χ., ΟΓΚΟΣ); ΜΕ ΑΥΤΟΜΟΣΧΕΥΜΑ (ΠΕΡΙΛΑΜΒΑΝΕΙ ΤΗ ΛΗΨΗ ΜΟΣΧΕΥΜΑΤΟΣ)";;;;;
2172;X633937.241;ΡΙΖΙΚΗ ΕΚΤΟΜΗ, ΕΓΓΥΣ Ή ΜΕΣΗ ΦΑΛΑΓΓΑ ΔΑΚΤΥΛΟΥ (Π.Χ., ΟΓΚΟΣ).;;;;;
2173;X633937.242;ΡΙΖΙΚΗ ΕΚΤΟΜΗ, ΕΓΓΥΣ Ή ΜΕΣΗ ΦΑΛΑΓΓΑ ΔΑΚΤΥΛΟΥ (Π.Χ., ΟΓΚΟΣ). ΜΕ ΑΥΤΟΜΟΣΧΕΥΜΑ (ΠΕΡΙΛΑΜΒΑΝΕΙ ΤΗ ΛΗΨΗ ΜΟΣΧΕΥΜΑΤΟΣ);;;;;
2174;X633937.243;ΡΙΖΙΚΗ ΕΚΤΟΜΗ, ΠΕΡΙΦΕΡΙΚΗ ΦΑΛΑΓΓΑ ΔΑΚΤΥΛΟΥ (Π.Χ., ΟΓΚΟΣ).;;;;;
2175;X633937.244;ΟΓΚΟΣ ΑΚΡΑΣ ΧΕΙΡΟΣ: ΡΙΖΙΚΗ ΕΚΤΟΜΗ ΑΚΤΙΝΑΣ (ΜΕΤΑΚΑΡΠΙΟ ΚΑΙ ΦΑΛΑΓΓΕΣ ) ;;;;;
2176;X633937.245;ΑΦΑΙΡΕΣΗ ΟΓΚΟΥ ΝΕΥΡΙΚΉΣ ΑΡΧΉΣ ΣΤΑ ΔΑΚΤΥΛΑ ΚΑΙ ΤΗ ΠΑΛΑΜΗ ΜΕ Ή ΧΩΡΙΣ ΑΠΟΚΑΤΑΣΤΑΣΗ ΜΕ ΝΕΥΡΙΚΌ ΜΟΣΧΕΥΜΑ ΦΛΕΒΙΚΌ ΜΟΣΧΕΥΜΑ Ή ΝΕΥΡΟ-ΣΩΛΗΝΑ;;;;;
2177;X633937.246;ΔΙΑXΩΡΙΣΜΟΣ ΑΠΛΗΣ ΣΥΝΔΑΚΤΥΛΙΑΣ ΜΕ ΠΛΑΣΤΙΚΗ ΔΕΡΜΑΤΟΣ (ΔΕΡΜΑΤΙΚΟΙ ΚΡΗΜΝΟΙ) ΚΑΙ ΧΡΗΣΗ ΔΕΡΜΑΤΙΚΟΥ ΜΟΣΧΕΥΜΑΤΟΣ;;;;;
2178;X633937.247;ΔΙΑΧΩΡΙΣΜΟΣ ΣΥΝΘΕΤΗΣ ΣΥΝΔΑΚΤΥΛΙΑΣ (ΜΕ ΟΣΤΙΚΗ ΣΥΜΜΕΤΟΧΗ Ή ΟΝΥΧΟΣ) ΧΩΡΙΣ ΧΡΗΣΗ ΔΕΡΜΑΤΙΚΟΥ ΜΟΣΧΕΥΜΑΤΟΣ;;;;;
2179;X633937.248;ΔΙΑXΩΡΙΣΜΟΣ ΣΥΝΘΕΤΗΣ ΣΥΝΔΑΚΤΥΛΙΑΣ (ΜΕ ΟΣΤΙΚΗ ΣΥΜΜΕΤΟΧΗ Ή ΟΝΥΧΟΣ) ΜΕ ΧΡΗΣΗ ΔΕΡΜΑΤΙΚΟΥ ΜΟΣΧΕΥΜΑΤΟΣ;;;;;
2180;X633937.249;ΠΛΑΣΤΙΚΗ ΔΕΡΜΑΤΟΣ ΓΙΑ ΑΠΕΛΕΥΘΕΡΩΣΗ ΡΙΚΝΩΣΗΣ ΜΕΣΟΔΑΚΤΥΛΙΑΣ ΠΤΥΧΗΣ ΧΩΡΙΣ ΧΡΗΣΗ ΔΕΡΜΑΤΙΚΟΥ ΜΟΣΧΕΥΜΑΤΟΣ;;;;;
2181;X633937.250;ΠΛΑΣΤΙΚΗ ΔΕΡΜΑΤΟΣ ΓΙΑ ΑΠΕΛΕΥΘΕΡΩΣΗ ΡΙΚΝΩΣΗΣ ΜΕΣΟΔΑΚΤΥΛΙΑΣ ΠΤΥΧΗΣ ΜΕ ΧΡΗΣΗ ΔΕΡΜΑΤΙΚΟΥ ΜΟΣΧΕΥΜΑΤΟΣ;;;;;
2182;X633937.251;ΕΠΙΜΗΚΥΝΣΗ ΜΕΤΑΚΑΡΠΙΟΥ ΜΕ ΧΡΗΣΗ ΕΞΩΤΕΡΙΚΗΣ ΟΣΤΕΟΣΥΝΘΕΣΗΣ ΓΙΑ ΒΡΑΧΥ ΜΕΤΑΚΑΡΠΙΟ;;;;;
2183;X633937.252;ΕΠΙΜΗΚΥΝΣΗ ΜΕΤΑΚΑΡΠΙΟΥ ΜΕ ΧΡΗΣΗ ΟΣΤΙΚΟΥ ΜΟΣΧΕΥΜΑΤΟΣ ΓΙΑ ΒΡΑΧΥ ΜΕΤΑΚΑΡΠΙΟ;;;;;
2184;X633937.253;ΕΚΤΟΜΗ ΥΠΕΡΑΡΙΘΜΟΥ ΔΑΚΤΥΛΟΥ ΣΕ ΠΟΛΥΔΑΚΤΥΛΙΑ ΜΕ ΠΛΑΣΤΙΚΗ ΔΕΡΜΑΤΟΣ ;;;;;
2185;X633937.254;ΕΚΤΟΜΗ ΥΠΕΡΑΡΙΘΜΩΝ ΔΑΚΤΥΛΩΝ ΚΑΙ ΠΛΑΣΤΙΚΗ ΔΕΡΜΑΤΟΣ ΣΕ ΠΟΛΥΔΑΚΤΥΛΙΑ ΧΕΡΙΟΥ ΚΑΘΡΕΠΤΗ (MIRROR HAND) ;;;;;
2186;X633937.255;ΕΚΤΟΜΗ ΔΑΚΤΥΛΩΝ ΜΕ ΑΚΤΙΝΩΤΟ ΑΚΡΩΤΗΡΙΑΣΜΟ ΣΕ ΜΑΚΡΟΔΑΚΤΥΛΙΑ;;;;;
2187;X633937.256;ΕΚΤΟΜΗ ΔΑΚΤΥΛΩΝ ΜΕ ΑΚΤΙΝΩΤΟ ΑΚΡΩΤΗΡΙΑΣΜΟ ΚΑΙ ΜΕΤΑΘΕΣΗ ΜΕΤΑΚΑΡΠΙΟΥ ΣΕ ΜΑΚΡΟΔΑΚΤΥΛΙΑ;;;;;
2188;X633937.257;ΑΝΑΠΛΑΣΗ ΠΟΛΥΔΑΚΤΥΛΙΚΟΥ ΔΑΚΤΥΛΟΥ (ΜΑΛΑΚΑ ΜΟΡΙΑ ΚΑΙ ΟΣΤΟΥΝ) ;;;;;
2189;X633937.258;ΑΡΘΡΟΔΕΣΗ ΦΑΛΑΓΓΟΦΑΛΑΓΓΙΚΗΣ ΣΕ ΚΛΙΝΟΔΑΚΤΥΛΙΑ;;;;;
2190;X633937.259;ΣΥΓΓΕΝΕΙΣ ΑΝΩΜΑΛΙΕΣ ΑΚΡΑΣ ΧΕΙΡΟΣ: ΟΣΤΕΟΤΟΜΙΑ ΜΕΤΑΚΑΡΠΙΟΥ ;;;;;
2191;X633937.260;ΣΥΓΓΕΝΕΙΣ ΑΝΩΜΑΛΙΕΣ ΑΚΡΑΣ ΧΕΙΡΟΣ: ΕΠΙΜΗΚΥΝΣΗ ΦΑΛΑΓΓΑΣ ΜΕ ΕΞΩΤΕΡΙΚΗ ΟΣΤΕΟΣΥΝΘΕΣΗ;;;;;
2192;X633937.261;ΣΥΓΓΕΝΕΙΣ ΑΝΩΜΑΛΙΕΣ ΑΚΡΑΣ ΧΕΙΡΟΣ: ΕΠΙΜΗΚΥΝΣΗ ΦΑΛΑΓΓΑΣ ΜΕ ΧΡΗΣΗ ΟΣΤΙΚΟΥ ΜΟΣΧΕΥΜΑΤΟΣ;;;;;
2193;X633937.262;ΑΠΟΚΑΤΑΣΤΑΣΗ ΣΥΝΔΡΟΜΟΥ ΕΛΛΕΙΨΗΣ ΜΕΣΑΙΩΝ ΔΑΚΤΥΛΩΝ (CLEFT HAND);;;;;
2194;X633937.263;ΕΚΤΟΜΗ ΣΥΣΦΙΚΤΙΚΟΥ ΔΑΚΤΥΛΙΟΥ ΔΑΚΤΥΛΟΥ ΜΕ ΠΛΑΣΤΙΚΕΣ ΔΕΡΜΑΤΟΣ ΤΥΠΟΥ Ζ;;;;;
2195;X633937.264;ΑΠΕΛΕΥΘΕΡΩΣΗ (RELEASE) ΑΥΤΟΧΘΟΝΩΝ ΜΥΩΝ, ;;;;;
2196;X633937.265;ΣΥΓΓΕΝΕΙΣ ΑΝΩΜΑΛΙΕΣ ΑΚΡΑΣ ΧΕΙΡΟΣ: ΜΕΤΑΦΟΡΑ ΔΑΚΤΥΛΟΥ ΜΕ ΜΙΚΡΟΧΕΙΡΟΥΡΓΙΚΗ ΤΕΧΝΙΚΗ ΑΠΟ ΤΟ ΠΟΔΙ ΣΕ ΣΥΓΓΕΝΗ Ή ΤΡΑΥΜΑΤΙΚΗ ΕΛΛΕΙΨΗ ΔΑΚΤΥΛΩΝ;;;;;
2197;X633937.266;ΑΝΤΙΧΕΙΡΟΠΟΙΗΣΗ ΔΑΚΤΥΛΟΥ ΣΕ ΣΥΓΓΕΝΗ ΕΛΛΕΙΨΗ ΑΝΤΙΧΕΙΡΑ;;;;;
2198;X633937.267;ΜΕΤΑΦΟΡΑ ΔΑΚΤΥΛΟΥ ΑΠΟ ΤΟ ΠΟΔΙ ΜΕ ΜΙΚΡΟΧΕΙΡΟΥΡΓΙΚΗ ΤΕΧΝΙΚΗ ΣΕ ΣΥΓΓΕΝΗ Η ΤΡΑΥΜΑΤΙΚΗ ΕΛΛΕΙΨΗ ΑΝΤΙΧΕΙΡΑ ;;;;;
2199;X633937.268;ΕΚΤΟΜΗ ΔΙΠΛΑΣΙΑΣΜΕΝΟΥ ΑΝΤΙΧΕΙΡΑ ΜΕ ΠΛΑΣΤΙΚΗ ΔΕΡΜΑΤΟΣ;;;;;
2200;X633937.269;ΕΚΤΟΜΗ ΔΙΠΛΑΣΙΑΣΜΕΝΟΥ ΑΝΤΙΧΕΙΡΑ ΜΕ ΣΥΝΔΕΣΜΟΠΛΑΣΤΙΚΗ, ΤΕΝΟΝΤΟΜΕΤΑΦΟΡΑ  ΚΑΙ ΠΛΑΣΤΙΚΗ ΔΕΡΜΑΤΟΣ;;;;;
Β.7;ΠΕΡΙΟΧΗ ΛΕΚΑΝΗΣ - ΚΑΤ’ ΙΣΧΙΟΝ ΑΡΘΡΩΣΕΙΣ;;;;;;
2201;X633939;XEI/KOΣ ΚΑΘΑΡΙΣΜΟΣ ΑΙΜΑΤΩΜΑΤΟΣ Ή ΑΠΟΣΤΗΜΑΤΟΣ ΠΥΕΛΟΥ Ή ΚΑΤ ΙΣΧΙΟΝ ΑΡΘΡΩΣΗΣ;;;;;
2202;X633941;XEI/KOΣ ΚΑΘΑΡΙΣΜΟΣ ΣΗΠΤΙΚΗΣ ΑΡΘΡΙΤΙΔΑΣ ΚΑΤ ΙΣΧΙΟΝ ΑΡΘΡΩΣΗΣ;;;;;
2203;X633943;XEI/KOΣ ΚΑΘΑΡΙΣΜΟΣ ΣΗΠΤΙΚΗΣ ΑΡΘΡΙΤΙΔΑΣ-ΟΣΤΕΟΜΥΕΛΙΤΙΔΑΣ ΚΑΤ ΙΣΧΙΟΝ ΑΡΘΡΩΣΗΣ;;;;;
2204;X633959;ΤΕΝΟΝΤΟΤΟΜΗ, ΠΡΟΣΑΓΩΓΟΣ ΙΣΧΙΟΥ, ΔΙΑΔΕΡΜΙΚΗ (ΞΕΧΩΡΙΣΤΗ ΔΙΑΔΙΚΑΣΙΑ);;;;;
2205;X633961;ΤΕΝΟΝΤΟΤΟΜΗ, ΠΡΟΣΑΓΩΓΟΣ ΙΣΧΙΟΥ, ΑΝΟΙΚΤΗ;;;;;
2206;X633965;ΑΝΕΝΕΡΓΟΣ;;;;;
2207;X633969;ΑΝΕΝΕΡΓΟΣ;;;;;
2208;X633971;ΤΕΝΟΝΤΟΤΟΜΗ, ΚΑΜΠΤΗΡΕΣ ΚΑΙ/Ή ΕΚΤΕΙΝΩΝ(ΤΕΣ) ΙΣΧΙΟΥ, ΑΝΟΙΚΤΗ (ΞΕΧΩΡΙΣΤΗ ΔΙΑΔΙΚΑΣΙΑ);;;;;
2209;X634009;ΠΕΡΙΤΟΝΙΟΤΟΜΗ, ΙΣΧΙΟ Ή ΜΗΡΟΣ, ΟΠΟΙΟΥΔΗΠΟΤΕ ΤΥΠΟΥ;;;;;
2210;X634013;ΠΕΡΙΤΟΝΙΟΤΟΜΗ(ΕΣ) ΑΠΟΣΥΜΠΙΕΣΗΣ, ΠΥΕΛΙΚΑ (ΓΛΟΥΤΙΑΙΑ) ΔΙΑΜΕΡΙΣΜΑΤΑ (Π.Χ. ΓΛΟΥΤΙΑΙΟΣ ΜΕΣΟΣ-ΕΛΑΣΣΩΝ, ΓΛΟΥΤΙΑΙΟΣ ΜΕΓΑΣ, ΛΑΓΟΝΟΨΟΪΤΗΣ ΚΑΙ/Ή ΕΤΕΙΝΟΝΤΑΣ ΜΥΣ ΠΛΑΤΙΑΣ ΠΕΡΙΤΟΝΙΑΣ), ΕΤΕΡΟΠΛΕΥΡΗ;;;;;
2211;X634019;XEI/KOΣ ΚΑΘΑΡΙΣΜΟΣ ΣΗΠΤΙΚΗΣ ΑΡΘΡΙΤΙΔΑΣ ΚΑΤ ΙΣΧΙΟΝ ΑΡΘΡΩΣΗΣ;;;;;
2212;X634025;XEI/KOΣ ΚΑΘΑΡΙΣΜΟΣ ΣΗΠΤΙΚΗΣ ΑΡΘΡΙΤΙΔΑΣ ΚΑΤ ΙΣΧΙΟΝ ΑΡΘΡΩΣΗΣ;;;;;
2213;X634029;ΑΝΕΝΕΡΓΟΣ;;;;;
2214;X634031;ΑΝΕΝΕΡΓΟΣ;;;;;
2215;X634039;ΒΙΟΨΙΑ, ΜΑΛΑΚΟΣ ΙΣΤΟΣ ΠΕΡΙΟΧΗΣ ΠΥΕΛΟΥ Ή ΙΣΧΙΟΥ, ΕΠΙΦΑΝΕΙΑΚΗ;;;;;
2216;X634041;ΒΙΟΨΙΑ, ΜΑΛΑΚΟΣ ΙΣΤΟΣ ΠΕΡΙΟΧΗΣ ΠΥΕΛΟΥ ΚΑΙ ΙΣΧΙΟΥ, ΕΝ ΤΩ ΒΑΘΕΙ;;;;;
2217;X634053;ΕΚΤΟΜΗ, ΟΓΚΟΣ, ΠΕΡΙΟΧΗ ΠΥΕΛΟΥ Ή ΙΣΧΙΟΥ, ΥΠΟΔΟΡΙΟΣ ΙΣΤΟΣ;;;;;
2218;X634055;ΕΚΤΟΜΗ, ΟΓΚΟΣ, ΠΕΡΙΟΧΗ ΠΥΕΛΟΥ ΚΑΙ ΙΣΧΙΟΥ. ΕΝ ΤΩ ΒΑΘΕΙ;;;;;
2219;X634057;ΡΙΖΙΚΗ ΕΚΤΟΜΗ ΟΓΚΟΥ, ΜΑΛΑΚΟΥ ΙΣΤΟΥ ΠΕΡΙΟΧΗΣ ΠΥΕΛΟΥ ΚΑΙ ΙΣΧΙΟΥ (Π.Χ., ΚΑΚΟΗΘΕΣ ΝΕΟΠΛΑΣΜΑ);;;;;
2220;X634059;ΑΡΘΡΟΤΟΜΗ, ΜΕ ΒΙΟΨΙΑ. ΙΕΡΟΛΑΓΟΝΙΑ ΑΡΘΡΩΣΗ;;;;;
2221;X634063;ΑΡΘΡΟΤΟΜΗ, ΜΕ ΒΙΟΨΙΑ. ΚΑΤ´ΙΣΧΙΟΝ ΑΡΘΡΩΣΗ;;;;;
2222;X634067;ΑΡΘΡΟΤΟΜΗ ΜΕ ΥΜΕΝΕΚΤΟΜΗ, ΚΑΤ' ΙΣΧΙΟΝ ΑΡΘΡΩΣΗ;;;;;
2223;X634073;ΠΕΡΙΤΟΝΙΟΤΟΜΗ(ΕΣ) ΑΠΟΣΥΜΠΙΕΣΗΣ, ΠΥΕΛΙΚΑ (ΓΛΟΥΤΙΑΙΑ) ΔΙΑΜΕΡΙΣΜΑΤΑ (Π.Χ. ΓΛΟΥΤΙΑΙΟΣ ΜΕΣΟΣ-ΕΛΑΣΣΩΝ, ΓΛΟΥΤΙΑΙΟΣ ΜΕΓΑΣ, ΛΑΓΟΝΟΨΟΪΤΗΣ ΚΑΙ/Ή ΤΕΙΝΟΝΤΑΣ  ΜΥΣ ΠΛΑΤΙΑΣ ΠΕΡΙΤΟΝΙΑΣ) ΜΕ ΧΕΙΡΟΥΡΓΙΚΟ ΚΑΘΑΡΙΣΜΟ ΜΗ-ΒΙΩΣΙΜΟΥ ΜΥ, ΕΤΕΡΟΠΛΕΥΡΗ;;;;;
2224;X634079;ΑΝΕΝΕΡΓΟΣ;;;;;
2225;X634083;ΕΚΤΟΜΗ. ΘΥΛΑΚΟΥ ΤΡΟΧΑΝΤΗΡΑ Ή ΑΣΒΕΣΤΟΠΟΙΗΣΗΣ;;;;;
2226;X634089;ΕΚΤΟΜΗ ΚΥΣΤΗΣ ΟΣΤΟΥ Ή ΚΑΛΟΗΘΟΥΣ ΟΓΚΟΥ. ΕΠΙΦΑΝΕΙΑΚΗ (ΠΤΕΡΥΓΑ ΛΑΓΟΝΙΟΥ ΟΣΤΟΥ,  ΗΒΙΚΗ ΣΥΜΦΥΣΗ, Ή ΜΕΙΖΩΝ ΤΡΟΧΑΝΤΗΡΑ ΜΗΡΙΑΙΟΥ) ΜΕ Ή ΧΩΡΙΣ ΑΥΤΟΜΟΣΧΕΥΜΑ;;;;;
2227;X634091;ΕΚΤΟΜΗ ΚΥΣΤΗΣ ΟΣΤΟΥ Ή ΚΑΛΟΗΘΟΥΣ ΟΓΚΟΥ. ΕΝ ΤΩ ΒΑΘΕΙ, ΜΕ Ή ΧΩΡΙΣ ΑΥΤΟΜΟΣΧΕΥΜΑ;;;;;
2228;X634093;ΕΚΤΟΜΗ ΚΥΣΤΗΣ ΟΣΤΟΥ Ή ΚΑΛΟΗΘΟΥΣ ΟΓΚΟΥ. ΜΕ ΑΥΤΟΜΟΣΧΕΥΜΑ ΠΟΥ ΑΠΑΙΤΕΙ ΞΕΧΩΡΙΣΤΗ ΕΝΤΟΜΗ;;;;;
2229;X634099;ΧΕΙ.ΚΟΣ ΚΑΘΑΡΙΣΜΟΣ ΜΕ Η ΧΩΡΙΣ ΕΚΤΟΜΗ ΟΣΤΟΥ ΣΕ ΠΕΡΙΠΤΩΣΗ ΛΟΙΜΩΞΗΣ;;;;;
2230;X634101;ΧΕΙ.ΚΟΣ ΚΑΘΑΡΙΣΜΟΣ ΜΕ Η ΧΩΡΙΣ ΕΚΤΟΜΗ ΟΣΤΟΥ ΣΕ ΠΕΡΙΠΤΩΣΗ ΛΟΙΜΩΞΗΣ;;;;;
2231;X634109;ΡΙΖΙΚΗ ΕΚΤΟΜΗ ΟΓΚΟΥ Ή ΛΟΙΜΩΞΗΣ, ΠΤΕΡΥΓΑ ΛΑΓΟΝΙΟΥ, ΕΝΑΣ ΗΒΙΚΟΣ Ή ΙΣΧΙΑΚΟΣ ΚΛΑΔΟΣ Ή ΗΒΙΚΗ ΣΥΜΦΥΣΗ;;;;;
2232;X634111;ΡΙΖΙΚΗ ΕΚΤΟΜΗ ΟΓΚΟΥ Ή ΛΟΙΜΩΞΗΣ, ΛΑΓΟΝΙΟ ΟΣΤΟΥΝ, ΠΕΡΙΛΑΜΒΑΝΟΜΕΝΗΣ ΤΗΣ ΚΟΤΥΛΗΣ, ΑΜΦΟΤΕΡΟΙ ΟΙ ΗΒΙΚΟΙ ΚΛΑΔΟΙ, Ή ΙΣΧΙΑΚΟ ΚΑΙ ΚΟΤΥΛΗ;;;;;
2233;X634113;ΡΙΖΙΚΗ ΕΚΤΟΜΗ ΟΓΚΟΥ Ή ΛΟΙΜΩΞΗΣ, ΑΝΩΝΥΜΟ ΟΣΤΟΥΝ, ΟΛΙΚΗ;;;;;
2234;X634115;ΡΙΖΙΚΗ ΕΚΤΟΜΗ ΟΓΚΟΥ Ή ΛΟΙΜΩΞΗΣ, ΙΣΧΙΑΚΟ ΚΥΡΤΩΜΑ ΚΑΙ ΜΕΙΖΩΝ ΤΡΟΧΑΝΤΗΡΑΣ ΤΟΥ ΜΗΡΙΑΙΟΥ;;;;;
2235;X634117;ΡΙΖΙΚΗ ΕΚΤΟΜΗ ΟΓΚΟΥ Ή ΛΟΙΜΩΞΗΣ, ΙΣΧΙΑΚΟ ΚΥΡΤΩΜΑ ΚΑΙ ΜΕΙΖΩΝ ΤΡΟΧΑΝΤΗΡΑΣ ΤΟΥ ΜΗΡΙΑΟΥ, ΜΕ ΔΕΡΜΑΤΙΚΟΥΣ ΚΡΗΜΝΟΥΣ;;;;;
2236;X634119;ΚΟΚΚΥΓΕΚΤΟΜΗ, ΠΡΩΤΟΠΑΘΗΣ;;;;;
2237;X634131;ΑΦΑΙΡΕΣΗ ΞΕΝΟΥ ΣΩΜΑΤΟΣ, ΛΕΚΑΝΗ Ή ΙΣΧΙΟ, ΥΠΟΔΟΡΙΟΣ ΙΣΤΟΣ;;;;;
2238;X634133;ΑΦΑΙΡΕΣΗ ΞΕΝΟΥ ΣΩΜΑΤΟΣ, ΛΕΚΑΝΗ Ή ΙΣΧΙΟ, ΕΝ ΤΩ ΒΑΘΕΙ (ΥΠΟ ΤΗΝ ΜΥΙΚΗ ΠΕΡΙΤΟΝΙΑ Ή ΕΝΔΟΜΥΙΚΑ);;;;;
2239;X634139;ΑΦΑΙΡΕΣΗ ΟΛΙΚΗΣ ΑΡΘΡΟΠΛΑΣΤΙΚΗΣ ΙΣΧΙΟΥ;;;;;
2240;X634141;ΑΦΑΙΡΕΣΗ ΟΛΙΚΗΣ ΑΡΘΡΟΠΛΑΣΤΙΚΗΣ ΙΣΧΙΟΥ ΜΕ ΤΟΠΟΘΕΤΗΣΗ `SPACER;;;;;
2241;X634145;ΔΙΑΔΙΚΑΣΙΑ ΕΓΧΥΣΗΣ ΓΙΑ ΑΡΘΡΟΓΡΑΦΙΑ ΤΗΣ ΚΑΤ' ΙΣΧΙΟΝ ΑΡΘΡΩΣΗΣ, ΧΩΡΙΣ ΑΝΑΙΣΘΗΣΙΑ;;;;;
2242;X634149;ΔΙΑΔΙΚΑΣΙΑ ΕΓΧΥΣΗΣ ΓΙΑ ΑΡΘΡΟΓΡΑΦΙΑ ΤΗΣ ΚΑΤ' ΙΣΧΙΟΝ ΑΡΘΡΩΣΗΣ, ΜΕ ΑΝΑΙΣΘΗΣΙΑ;;;;;
2243;X634151;ΔΙΑΔΙΚΑΣΙΑ ΕΓΧΥΣΗΣ ΓΙΑ ΤΗΝ ΙΕΡΟΛΑΓΟΝΙΑ ΑΡΘΡΩΣΗ, ΑΡΘΡΟΓΡΑΦΙΑ ΚΑΙ/Ή ΑΝΑΙΣΘΗΤΙΚΑ/ΣΤΕΡΟΕΙΔΗ;;;;;
2244;X634153;ΑΝΕΝΕΡΓΟΣ;;;;;
2245;X634155;ΑΝΕΝΕΡΓΟΣ;;;;;
2246;X634159;ΑΝΕΝΕΡΓΟΣ;;;;;
2247;X634169;ΑΝΕΝΕΡΓΟΣ;;;;;
2248;X634179;ΑΝΕΝΕΡΓΟΣ;;;;;
2249;X634181;ΑΝΕΝΕΡΓΟΣ;;;;;
2250;X634199;ΟΣΤΕΟΤΟΜΙΕΣ ΤΥΠΟΥ PEMBERTON BERNESE;;;;;
2251;X634203;ΠΛΑΣΤΙΚΗ ΚΟΤΥΛΗΣ, ΕΚΤΟΜΗ ΚΕΦΑΛΗΣ ΤΟΥ ΜΗΡΙΑΙΟΥ (Π.Χ. ΜΕΘΟΔΟΣ GIRDLESTONE);;;;;
2252;X634209;ΗΜΙΑΡΘΡΟΠΛΑΣΤΙΚΗ, ΙΣΧΙΟ, ΜΕΡΙΚΗ (Π.Χ. ΠΡΟΘΕΣΗ ΜΗΡΙΑΙΟΥ ΣΤΕΛΕΧΟΥΣ, ΔΙΠΟΛΙΚΗ ΑΡΘΡΟΠΛΑΣΤΙΚΗ);;;;;
2253;X634219;ΑΡΘΡΟΠΛΑΣΤΙΚΗ, ΠΡΟΣΘΕΤΙΚΗ ΑΝΤΙΚΑΤΑΣΤΑΣΗ ΚΟΤΥΛΗΣ ΚΑΙ ΕΓΓΥΣ ΜΗΡΙΑΙΟΥ (ΟΛΙΚΗ ΑΡΘΡΟΠΛΑΣΤΙΚΗ ΙΣΧΙΟΥ), ΜΕ Ή ΧΩΡΙΣ ΑΥΤΟΜΟΣΧΕΥΜΑ Ή ΑΛΛΟΜΟΣΧΕΥΜΑ;;;;;
2254;X634223;ΜΕΤΑΤΡΟΠΗ ΠΡΟΗΓΟΥΜΕΝΗΣ ΧΕΙΡΟΥΡΓΙΚΗΣ ΕΠΕΜΒΑΣΗΣ ΙΣΧΙΟΥ ΣΕ ΟΛΙΚΗ ΑΡΘΡΟΠΛΑΣΤΙΚΗ ΙΣΧΙΟΥ, ΜΕ Ή ΧΩΡΙΣ ΑΥΤΟΜΟΣΧΕΥΜΑ Ή ΑΛΛΟΜΟΣΧΕΥΜΑ;;;;;
2255;X634227;ΑΝΑΘΕΩΡΗΣΗ ΟΛΙΚΗΣ ΑΡΘΡΟΠΛΑΣΤΙΚΗΣ ΙΣΧΙΟΥ, ΑΜΦΟΤΕΡΑ ΤΑ ΣΤΟΙΧΕΙΑ, ΜΕ Ή ΧΩΡΙΣ ΑΥΤΟΜΟΣΧΕΥΜΑ Ή ΑΛΛΟΜΟΣΧΕΥΜΑ;;;;;
2256;X634233;ΑΝΑΘΕΩΡΗΣΗ ΟΛΙΚΗΣ ΑΡΘΡΟΠΛΑΣΤΙΚΗΣ ΙΣΧΙΟΥ, ΜΟΝΟ ΤΗΣ ΚΟΤΥΛΗΣ, ΜΕ Ή ΧΩΡΙΣ ΑΥΤΟΜΟΣΧΕΥΜΑ Ή ΑΛΛΟΜΟΣΧΕΥΜΑ;;;;;
2257;X634235;ΑΝΑΘΕΩΡΗΣΗ ΟΛΙΚΗΣ ΑΡΘΡΟΠΛΑΣΤΙΚΗΣ ΙΣΧΙΟΥ, ΜΟΝΟ ΤΟ ΜΗΡΙΑΙΟΥ, ΜΕ Ή ΧΩΡΙΣ ΑΛΛΟΜΟΣΧΕΥΜΑ;;;;;
2258;X634239;ΟΣΤΕΟΤΟΜΙΑ ΚΑΙ ΜΕΤΑΦΟΡΑ ΤΟΥ ΜΕΙΖΟΝΑ ΤΡΟΧΑΝΤΗΡΑ ΤΟΥ ΜΗΡΙΑΙΟΥ (ΧΩΡΙΣΤΗ ΔΙΑΔΙΚΑΣΙΑ);;;;;
2259;X634251;ΟΣΤΕΟΤΟΜΙΑ, ΛΑΓΟΝΙΟ, ΚΟΤΥΛΗ Ή ΑΝΩΝΥΜΟ ΟΣΤΟΥΝ,;;;;;
2260;X634253;ΟΣΤΕΟΤΟΜΙΕΣ ΤΥΠΟΥ PEMBERTON BERNESE;;;;;
2261;X634261;ΟΣΤΕΟΤΟΜΙΑ, ΛΑΓΟΝΙΟ, ΚΟΤΥΛΗ Ή ΑΝΩΝΥΜΟ ΟΣΤΟΥΝ, ΜΕ ΟΣΤΕΟΤΟΜΙΑ ΤΟΥ ΜΗΡΙΑΙΟΥ;;;;;
2262;X634271;ΟΣΤΕΟΤΟΜΙΑ, ΛΑΓΟΝΙΟ, ΚΟΤΥΛΗ Ή ΑΝΩΝΥΜΟ ΟΣΤΟΥΝ, ΜΕ ΟΣΤΕΟΤΟΜΙΑ ΤΟΥ ΜΗΡΙΑΙΟΥ ΚΑΙ ΜΕ ΑΝΟΙΚΤΗ ΑΠΟΚΑΤΑΣΤΑΣΗ ΤΟΥ ΙΣΧΙΟΥ;;;;;
2263;X634275;ΟΣΤΕΟΤΟΜΙΑ, ΛΕΚΑΝΗ, ΑΜΦΟΤΕΡΟΠΛΕΥΡΟΣ (Π.Χ. ΣΥΓΓΕΝΗΣ ΔΙΑΜΑΡΤΙΑ);;;;;
2264;X634281;ΑΝΕΝΕΡΓΟΣ;;;;;
2265;X634289;ΟΣΤΕΟΤΟΜΙΑ, ΔΙΑΤΡΟΧΑΝΤΗΡΙΟΣ Ή ΥΠΟΤΡΟΧΑΝΤΗΡΙΟΣ ΠΕΡΙΛΑΜΒΑΝΟΜΕΝΩΝ ΕΣΩΤΕΡΙΚΗΣ Ή ΕΞΩΤΕΡΙΚΗΣ ΚΑΘΗΛΩΣΗΣ ΚΑΙ/Ή ΠΕΡΙΒΛΗΜΑΤΟΣ;;;;;
2266;X634299;ΟΣΤΙΚΟ ΜΟΣΧΕΥΜΑ, ΚΕΦΑΛΗ ΜΗΡΙΑΙΟΥ, ΑΥΧΕΝΑΣ, ΔΙΑΤΡΟΧΑΝΤΗΡΙΟΣ Ή ΥΠΟΤΡΟΧΑΝΤΗΡΙΟΣ ΠΕΡΙΟΧΗ (ΠΕΡΙΛΑΜΒΑΝΕΙ ΤΗ ΛΗΨΗ ΟΣΤΙΚΟΥ ΜΟΣΧΕΥΜΑΤΟΣ);;;;;
2267;X634309;ΑΝΕΝΕΡΓΟΣ;;;;;
2268;X634311;ΘΕΡΑΠΕΙΑ ΜΕΤΑΤΟΠΙΣΜΕΝΗΣ ΕΠΙΦΥΣΗΣ ΜΗΡΙΑΙΟΥ, ΜΕ ΜΙΑ Ή ΠΟΛΛΑΠΛΕΣ ΤΟΠΟΘΕΤΗΣΕΙΣ ΚΑΡΦΙΔΩΝ .;;;;;
2269;X634313;ΑΝΕΝΕΡΓΟΣ;;;;;
2270;X634315;ΑΝΟΙΚΤΗ ΘΕΡΑΠΕΙΑ ΜΕΤΑΤΟΠΙΣΜΕΝΗΣ ΕΠΙΦΥΣΗΣ ΜΗΡΙΑΙΟΥ, ΚΛΕΙΣΤΟΣ ΧΕΙΡΙΣΜΟΣ ΜΕ  ΜΙΑ Ή ΠΟΛΛΑΠΛΕΣ ΤΟΠΟΘΕΤΗΣΕΙΣ ΚΑΡΦΙΔΩΝ;;;;;
2271;X634317;ΑΝΟΙΚΤΗ ΘΕΡΑΠΕΙΑ ΜΕΤΑΤΟΠΙΣΜΕΝΗΣ ΕΠΙΦΥΣΗΣ ΜΗΡΙΑΟΥ, ΟΣΤΕΟΠΛΑΣΤΙΚΗ ΤΟΥ ΑΥΧΕΝΑ ΤΟΥ ΜΗΡΙΑΙΟΥ (ΜΕΘΟΔΟΣ ΤΥΠΟΥ ΗΕΥΜΑΝ);;;;;
2272;X634321;ΑΝΟΙΚΤΗ ΘΕΡΑΠΕΙΑ ΜΕΤΑΤΟΠΙΣΜΕΝΗΣ ΕΠΙΦΥΣΗΣ ΜΗΡΙΑΟΥ, ΟΣΤΕΟΤΟΜΙΑ ΚΑΙ ΕΣΩΤΕΡΙΚΗ ΚΑΘΗΛΩΣΗ;;;;;
2273;X634329;ΑΝΕΝΕΡΓΟΣ;;;;;
2274;X634333;ΠΡΟΦΥΛΑΚΤΙΚΗ ΘΕΡΑΠΕΙΑ (ΗΛΩΣΗ, ΤΟΠΟΘΕΤΗΣΗ ΚΑΡΦΙΔΩΝ, ΤΟΠΟΘΕΤΗΣΗ ΜΕΤΑΛΛΙΚΩΝ ΠΛΑΚΩΝ Ή ΤΟΠΟΘΕΤΗΣΗ ΣΥΡΜΑΤΟΣ) ΜΕ Ή ΧΩΡΙΣ ΜΕΘΥΛΜΕΘΑΚΡΥΛΙΚΟ, ΑΥΧΕΝΑΣ ΜΗΡΙΑΙΟΥ ΚΑΙ ΕΓΓΥΣ ΜΗΡΙΑΙΟ;;;;;
2275;X634345;ΚΛΕΙΣΤΗ ΘΕΡΑΠΕΙΑ ΚΑΤΑΓΜΑΤΩΝ ΤΟΥ ΠΥΕΛΙΚΟΥ ΔΑΚΤΥΛΙΟΥ, ΠΑΡΕΚΤΟΠΙΣΗ, ΔΙΑΣΤΑΣΗ Ή ΥΠΕΞΑΡΘΡΩΣΗ, ΧΩΡΙΣ ΧΕΙΡΙΣΜΟ;;;;;
2276;X634347;ΚΛΕΙΣΤΗ ΘΕΡΑΠΕΙΑ ΚΑΤΑΓΜΑΤΩΝ ΤΟΥ ΠΥΕΛΙΚΟΥ ΔΑΚΤΥΛΙΟΥ, ΠΑΡΕΚΤΟΠΙΣΗ, ΔΙΑΣΤΑΣΗ Ή ΥΠΕΞΑΡΘΡΩΣΗ, ΜΕ ΧΕΙΡΙΣΜΟ, ΑΠΑΙΤΕΙ ΠΕΡΙΣΣΟΤΕΡΟ ΑΠΟ ΤΟΠΙΚΗ ΑΝΑΙΣΘΗΣΙΑ;;;;;
2277;X634359;ΚΛΕΙΣΤΗ ΘΕΡΑΠΕΙΑ ΚΟΚΚΥΓΙΚΟΥ ΚΑΤΑΓΜΑΤΟΣ;;;;;
2278;X634363;ΑΝΟΙΚΤΗ ΘΕΡΑΠΕΙΑ ΚΟΚΚΥΓΙΚΟΥ ΚΑΤΑΓΜΑΤΟΣ;;;;;
2279;X634389;ΑΝΟΙΚΤΗ ΘΕΡΑΠΕΙΑ ΚΑΤΑΓΜΑΤΩΝ ΛΑΓΟΝΙΟΥ ΑΚΑΝΘΑΣ(ΩΝ), ΑΠΟΣΠΑΣΗΣ ΚΥΡΤΩΜΑΤΟΣ, Ή ΠΥΕΛΙΚΟΥ ΔΑΚΤΥΛΙΟΥ, ΕΤΕΡΟΠΛΕΥΡΑ, ΓΙΑ ΚΑΤΑΓΜΑΤΑ ΟΣΤΩΝ ΤΗΣ ΛΕΚΑΝΗΣ ΠΟΥ ΔΕΝ  ΔΙΑΡΗΓΝΥΟΥΝ ΤΟΝ ΠΥΕΛΙΚΟ ΔΑΚΤΥΛΙΟ, ΠΕΡΙΛΑΜΒΑΝΕΙ ΕΣΩΤΕΡΙΚΗ ΚΑΘΗΛΩΣΗ, ΟΤΑΝ ΔΙΕΝΕΡΓΕΙΤΑΙ;;;;;
2280;X634391;ΔΙΑΔΕΡΜΙΚΗ ΟΣΤΕΟΣΥΝΘΕΣΗ;;;;;
2281;X634393;ΑΝΟΙΚΤΗ ΘΕΡΑΠΕΙΑ ΚΑΤΑΓΜΑΤΟΣ ΟΣΤΩΝ ΠΡΟΣΘΙΑΣ ΠΥΕΛΟΥ ΚΑΙ/Ή ΤΗΣ ΠΑΡΕΚΤΟΠΙΣΗΣ ΓΙΑ ΚΑΤΑΓΜΑΤΑ ΠΟΥ ΔΙΑΡΗΓΝΥΟΥΝ ΤΟΝ ΠΥΕΛΙΚΟ ΔΑΚΤΥΛΙΟ, ΕΤΕΡΟΠΛΕΥΡΑ, ΠΕΡΙΛΑΜΒΑΝΕΙ ΕΣΩΤΕΡΙΚΗ ΚΑΘΗΛΩΣΗ, ΟΤΑΝ ΔΙΕΝΕΡΓΕΙΤΑΙ (ΠΕΡΙΛΑΜΒΑΝΕΙ ΗΒΙΚΗ ΣΥΜΦΥΣΗ ΚΑΙ/Ή ΟΜΟΠΛΕΥΡΟΥΣ ΑΝΩΤΕΡΟΥΣ/ΚΑΤΩΤΕΡΟΥΣ ΚΛΑΔΟΥΣ);;;;;
2282;X634395;ΑΝΟΙΚΤΗ ΘΕΡΑΠΕΙΑ ΚΑΤΑΓΜΑΤΟΣ ΟΣΤΩΝ ΟΠΙΣΘΙΑΣ ΠΥΕΛΟΥ ΚΑΙ/Ή ΠΑΡΕΚΤΟΠΙΣΗΣ ΓΙΑ ΚΑΤΑΓΜΑΤΑ ΠΟΥ ΔΙΑΡΗΓΝΥΟΥΝ ΤΟΝ ΠΥΕΛΙΚΟ ΔΑΚΤΥΛΙΟ, ΕΤΕΡΟΠΛΕΥΡΑ, ΠΕΡΙΛΑΜΒΑΝΕΙ ΕΣΩΤΕΡΙΚΗ ΚΑΘΗΛΩΣΗ, ΟΤΑΝ ΔΙΕΝΕΡΓΕΙΤΑΙ (ΠΕΡΙΛΑΜΒΑΝΕΙ ΟΜΟΠΛΕΥΡΟ ΛΑΓΟΝΙΟ ΟΣΤΟΥΝ, ΙΕΡΟΛΑΓΟΝΙΑ ΑΡΘΡΩΣΗ ΚΑΙ/Ή ΙΕΡΟ ΟΣΤΟΥΝ);;;;;
2283;X634399;ΚΛΕΙΣΤΗ ΘΕΡΑΠΕΙΑ ΚΑΤΑΓΜΑΤΟΣ(ΩΝ) ΚΟΤΥΛΗΣ, ΧΩΡΙΣ ΧΕΙΡΙΣΜΟ;;;;;
2284;X634403;ΚΛΕΙΣΤΗ ΘΕΡΑΠΕΙΑ ΚΑΤΑΓΜΑΤΟΣ(ΩΝ) ΚΟΤΥΛΗΣ, ΜΕ ΧΕΙΡΙΣΜΟ ΜΕ Ή ΧΩΡΙΣ ΣΚΕΛΕΤΙΚΗ ΕΛΞΗ;;;;;
2285;X634411;ΑΝΟΙΚΤΗ ΘΕΡΑΠΕΙΑ ΚΑΤΑΓΜΑΤΟΣ ΤΟΥ ΟΠΙΣΘΙΟΥ Ή ΠΡΟΣΘΙΟΥ ΤΟΙΧΩΜΑΤΟΣ ΤΗΣ ΚΟΤΥΛΗΣ, ΜΕ ΕΣΩΤΕΡΙΚΗ ΚΑΘΗΛΩΣΗ-ΕΣΩΤΕΡΙΚΗ ΟΣΤΕΟΣΥΝΘΕΣΗ;;;;;
2286;X634413;ΑΝΟΙΚΤΗ ΑΝΑΤΑΞΗ ΚΑΤΑΓΜΑΤΟΣ(ΩΝ) ΤΗΣ ΚΟΤΥΛΗΣ ΠΟΥ ΠΕΡΙΛΑΜΒΑΝΕΙ ΠΡΟΣΘΙΑ Ή ΟΠΙΣΘΙΑ ΚΟΛΩΝΑ, Ή ΚΑΤΑΓΜΑ ΠΟΥ ΔΙΑΤΡΕΧΩΝ ΕΓΚΑΡΣΙΑ ΔΙΑΜΕΣΟΥ ΤΗΣ ΚΟΤΥΛΗΣ, ΜΕ ΕΣΩΤΕΡΙΚΗ ΟΣΤΕΟΣΥΝΘΕΣΗ;;;;;
2287;X634415;ΑΝΟΙΚΤΗ ΑΝΑΤΑΞΗ  ΚΑΤΑΓΜΑΤΟΣ(ΩΝ) ΤΗΣ ΚΟΤΥΛΗΣ ΠΟΥ ΕΜΠΛΕΚΕΙ ΠΡΟΣΘΙΕΣ ΚΑΙ  ΟΠΙΣΘΙΕΣ ΣΤΗΛΕΣ, ΠΕΡΙΛΑΜΒΑΝΕΙ Τ-ΚΑΤΑΓΜΑ ΚΑΙ ΚΑΤΑΓΜΑΤΑ ΑΜΦΟΤΕΡΩΝ ΤΩΝ ΚΟΛΩΝΩΝ  ΜΕ ΠΛΗΡΗ ΑΡΘΡΙΚΗ ΑΠΟΚΟΛΛΗΣΗ, Ή ΜΙΑΣ ΚΟΛΩΝΑΣ Ή ΕΓΚΑΡΣΙΟ  ΚΑΤΑΓΜΑ ΜΕ ΤΑΥΤΟΧΡΟΝΟ ΚΑΤΑΓΜΑ ΤΟΥ ΤΟΙΧΩΜΑΤΟΣ ΤΗΣ ΚΟΤΥΛΗΣ, ΜΕ ΕΣΩΤΕΡΙΚΗ ΟΣΤΕΟΣΥΝΘΕΣΗ;;;;;
2288;X634419;ΑΝΕΝΕΡΓΟΣ;;;;;
2289;X634423;ΑΝΕΝΕΡΓΟΣ;;;;;
2290;X634429;ΔΙΑΔΕΡΜΙΚΗ ΟΣΤΕΟΣΥΝΘΕΣΗ ΚΑΤΑΓΜΑΤΟΣ ΑΥΧΕΝΑ ΜΗΡΙΑΙΟΥ ΜΕ ΚΟΧΛΙΕΣ;;;;;
2291;X634431;ΑΝΟΙΧΤΗ ΑΝΑΤΑΞΗ ΚΑΙ ΕΣΩΤΕΡΙΚΗ ΟΣΤΕΟΣΥΝΘΕΣΗ ΚΑΤΑΓΜΑΤΟΣ ΑΥΧΕΝΑ ΜΗΡΙΑΙΟΥ Η ΑΡΘΡΟΠΛΑΣΤΙΚΗ;;;;;
2292;X634435;ΑΝΕΝΕΡΓΟΣ;;;;;
2293;X634439;ΑΝΕΝΕΡΓΟΣ;;;;;
2294;X634447;ΟΣΤΕΟΣΥΝΘΕΣΗ ΔΙΑΤΡΟΧΑΝΤΗΡΙΟΥ Η ΠΕΡΙΤΡΟΧΑΝΤΗΡΙΟΥ Η ΥΠΟΤΡΟΧΑΝΤΗΡΙΟΥ ΚΑΤΑΓΜΑΤΟΣ ΜΕ ΟΛΙΣΘΑΙΝΩΝ ΗΛΟ ΚΑΙ ΠΛΑΚΑ;;;;;
2295;X634449;ΘΕΡΑΠΕΙΑ ΔΙΑΤΡΟΧΑΝΤΗΡΙΟΥ, ΠΕΡΙΤΡΟΧΑΝΤΗΡΙΟΥ, Ή ΥΠΟΤΡΟΧΑΝΤΗΡΙΟΥ ΚΑΤΑΓΜΑΤΟΣ ΤΟΥ ΜΗΡΙΑΙΟΥ, ΜΕ ΕΝΔΟΜΥΕΛΙΚΟ ΗΛΟ, ΜΕ Ή ΧΩΡΙΣ  ΒΙΔΕΣ ΑΣΦΑΛΕΙΑΣ ;;;;;
2296;X634451;ΑΝΕΝΕΡΓΟΣ;;;;;
2297;X634455;ΑΝΟΙΚΤΗ ΘΕΡΑΠΕΙΑ ΚΑΤΑΓΜΑΤΟΣ ΤΟΥ ΜΕΙΖΟΝΑ ΤΡΟΧΑΝΤΗΡΑ, ΠΕΡΙΛΑΜΒΑΝΕΙ ΕΣΩΤΕΡΙΚΗ  ΟΣΤΕΟΣΥΝΘΕΣΗ;;;;;
2298;X634459;ΚΛΕΙΣΤΗ ΘΕΡΑΠΕΙΑ ΕΞΑΡΘΡΩΣΗΣ ΤΟΥ ΙΣΧΙΟΥ, ΤΡΑΥΜΑΤΙΚΗ, ΧΩΡΙΣ ΑΝΑΙΣΘΗΣΙΑ;;;;;
2299;X634463;ΚΛΕΙΣΤΗ ΘΕΡΑΠΕΙΑ ΕΞΑΡΘΡΩΣΗΣ ΤΟΥ ΙΣΧΙΟΥ, ΤΡΑΥΜΑΤΙΚΗ, ΑΠΑΙΤΕΙ ΑΝΑΙΣΘΗΣΙΑ;;;;;
2300;X634465;ΑΝΟΙΚΤΗ ΘΕΡΑΠΕΙΑ ΕΞΑΡΘΡΩΣΗΣ ΤΟΥ ΙΣΧΙΟΥ, ΤΡΑΥΜΑΤΙΚΗ, ΧΩΡΙΣ ΕΣΩΤΕΡΙΚΗ ΚΑΘΗΛΩΣΗ;;;;;
2301;X634467;ΑΝΟΙΚΤΗ ΘΕΡΑΠΕΙΑ ΕΞΑΡΘΡΩΣΗΣ ΤΟΥ ΙΣΧΙΟΥ, ΤΡΑΥΜΑΤΙΚΗ, ΜΕ ΚΑΤΑΓΜΑ ΤΟΥ ΚΟΤΥΛΙΑΙΟΥ ΤΟΙΧΩΜΑΤΟΣ ΚΑΙ ΤΗΣ ΚΕΦΑΛΗΣ ΤΟΥ ΜΗΡΙΑΙΟΥ, ΜΕ Ή ΧΩΡΙΣ ΕΣΩΤΕΡΙΚΗ Ή ΕΞΩΤΕΡΙΚΗ ΟΣΤΕΟΣΥΝΘΕΣΗ;;;;;
2302;X634471;ΘΕΡΑΠΕΙΑ  ΑΥΤΟΜΑΤΗΣ ΕΞΑΡΘΡΩΣΗΣ ΤΟΥ ΙΣΧΙΟΥ (ΑΝΑΠΤΥΞΙΑΚΗ, ΠΕΡΙΛΑΜΒΑΝΟΜΕΝΩΝ  ΣΥΓΓΕΝΟΥΣ Ή ΠΑΘΟΛΟΓΙΚΗΣ), ΜΕ ΑΠΑΓΩΓΗ, ΤΟΠΟΘΕΤΗΣΗ ΝΑΡΘΗΚΑ Ή ΕΛΞΗ, ΧΩΡΙΣ  ΑΝΑΙΣΘΗΣΙΑ, ΧΩΡΙΣ ΧΕΙΡΙΣΜΟ;;;;;
2303;X634473;ΘΕΡΑΠΕΙΑ ΤΗΣ ΑΥΤΟΜΑΤΗΣ ΕΞΑΡΘΡΩΣΗΣ ΤΟΥ ΙΣΧΙΟΥ (ΑΝΑΠΤΥΞΙΑΚΗ, ΠΕΡΙΛΑΜΒΑΝΟΜΕΝΩΝ  ΣΥΓΓΕΝΟΥΣ Ή ΠΑΘΟΛΟΓΙΚΗΣ), ΜΕ ΑΠΑΓΩΓΗ, ΤΟΠΟΘΕΤΗΣΗ ΝΑΡΘΗΚΑ Ή ΕΛΞΗ, ΜΕ ΧΕΙΡΙΣΜΟ, ΑΠΑΙΤΕΙ ΑΝΑΙΣΘΗΣΙΑ;;;;;
2304;X634475;ΑΝΟΙΚΤΗ ΘΕΡΑΠΕΙΑ ΤΗΣ ΑΥΤΟΜΑΤΗΣ ΕΞΑΡΘΡΩΣΗΣ ΤΟΥ ΙΣΧΙΟΥ (ΑΝΑΠΤΥΞΙΑΚΗ, ΠΕΡΙΛΑΜΒΑΝΟΜΕΝΩΝ ΣΥΓΓΕΝΟΥΣ Ή ΠΑΘΟΛΟΓΙΚΗΣ), ΕΠΑΝΑΤΟΠΟΘΕΤΗΣΗ ΤΗΣ ΚΕΦΑΛΗΣ ΤΟΥ ΜΗΡΙΑΙΟΥ ΣΤΗΝ ΚΟΤΥΛΗ (ΠΕΡΙΛΑΜΒΑΝΟΜΕΝΗΣ ΤΕΝΟΝΤΟΤΟΜΗΣ, ΚΛΠ),;;;;;
2305;X634477;ΑΝΟΙΚΤΗ ΘΕΡΑΠΕΙΑ ΤΗΣ ΑΥΤΟΜΑΤΗΣ ΕΞΑΡΘΡΩΣΗΣ ΤΟΥ ΙΣΧΙΟΥ (ΑΝΑΠΤΥΞΙΑΚΗ, ΠΕΡΙΛΑΜΒΑΝΟΜΕΝΩΝ ΣΥΓΓΕΝΟΥΣ Ή ΠΑΘΟΛΟΓΙΚΗΣ), ΕΠΑΝΑΤΟΠΟΘΕΤΗΣΗ ΤΗΣ ΚΕΦΑΛΗΣ ΤΟΥ ΜΗΡΙΑΙΟΥ ΣΤΗΝ ΚΟΤΥΛΗ (ΠΕΡΙΛΑΜΒΑΝΟΜΕΝΗΣ ΤΕΝΟΝΤΟΤΟΜΗΣ, ΚΛΠ), ΜΕ ΒΡΑΧΥΝΣΗ ΤΗΣ ΔΙΑΦΥΣΗΣ ΤΟΥ ΜΗΡΙΑΙΟΥ;;;;;
2306;X634489;ΚΛΕΙΣΤΗ ΘΕΡΑΠΕΙΑ ΕΞΑΡΘΡΩΣΗΣ ΤΟΥ ΙΣΧΙΟΥ ΜΕΤΑ ΑΠΟ ΑΡΘΡΟΠΛΑΣΤΙΚΗ, ΧΩΡΙΣ ΑΝΑΙΣΘΗΣΙΑ;;;;;
2307;X634491;ΚΛΕΙΣΤΗ ΘΕΡΑΠΕΙΑ ΕΞΑΡΘΡΩΣΗΣ ΤΟΥ ΙΣΧΙΟΥ ΜΕΤΑ ΑΠΟ ΑΡΘΡΟΠΛΑΣΤΙΚΗ, ΑΠΑΙΤΕΙ ΤΟΠΙΚΗ Ή ΓΕΝΙΚΗ ΑΝΑΙΣΘΗΣΙΑ;;;;;
2308;X634493;ΚΛΕΙΣΤΗ ΘΕΡΑΠΕΙΑ ΚΑΤΑΓΜΑΤΟΣ ΤΟΥ ΜΗΡΙΑΙΟΥ, ΕΓΓΥΣ ΑΚΡΟ, ΚΕΦΑΛΗ, ΧΩΡΙΣ ΧΕΙΡΙΣΜΟ-ΕΣΩΤΕΡΙΚΗ ΟΣΤΕΟΣΥΝΘΕΣΗ;;;;;
2309;X634495;ΚΛΕΙΣΤΗ ΘΕΡΑΠΕΙΑ ΚΑΤΑΓΜΑΤΟΣ ΤΟΥ ΜΗΡΙΑΙΟΥ, ΕΓΓΥΣ ΑΚΡΟ, ΚΕΦΑΛΗ, ΜΕ ΧΕΙΡΙΣΜΟ-ΕΣΩΤΕΡΙΚΗ ΟΣΤΕΟΣΥΝΘΕΣΗ;;;;;
2310;X634497;ΑΝΟΙΚΤΗ ΘΕΡΑΠΕΙΑ ΚΑΤΑΓΜΑΤΟΣ ΤΟΥ ΜΗΡΙΑΙΟΥ, ΕΓΓΥΣ ΑΚΡΟ, ΚΕΦΑΛΗ, ΠΕΡΙΛΑΜΒΑΝΕΙ ΕΣΩΤΕΡΙΚΗ ΟΣΤΕΟΣΥΝΘΕΣΗ ;;;;;
2311;X634509;ΑΝΕΝΕΡΓΟΣ;;;;;
2312;X634519;ΑΡΘΡΟΔΕΣΗ, ΙΕΡΟΛΑΓΟΝΙΟΣ ΑΡΘΡΩΣΗ (ΠΕΡΙΛΑΜΒΑΝΕΙ ΤΗ ΛΗΨΗ ΜΟΣΧΕΥΜΑΤΟΣ);;;;;
2313;X634523;ΑΡΘΡΟΔΕΣΗ, ΗΒΙΚΗ ΣΥΜΦΥΣΗ (ΠΕΡΙΛΑΜΒΑΝΕΙ ΤΗ ΛΗΨΗ ΜΟΣΧΕΥΜΑΤΟΣ);;;;;
2314;X634527;ΑΡΘΡΟΔΕΣΗ, ΚΑΤ' ΙΣΧΙΟΝ ΑΡΘΡΩΣΗ (ΠΕΡΙΛΑΜΒΑΝΕΙ ΤΗ ΛΗΨΗ ΜΟΣΧΕΥΜΑΤΟΣ);;;;;
2315;X634531;ΑΡΘΡΟΔΕΣΗ, ΚΑΤ' ΙΣΧΙΟΝ ΑΡΘΡΩΣΗ (ΠΕΡΙΛΑΜΒΑΝΕΙ ΤΗ ΛΗΨΗ ΜΟΣΧΕΥΜΑΤΟΣ), ΜΕ ΥΠΟΤΡΟΧΑΝΤΗΡΙΑ ΟΣΤΕΟΤΟΜΙΑ;;;;;
2316;X634539;ΔΙΑΠΥΕΛΟΚΟΙΛΙΑΚΟΣ ΑΚΡΩΤΗΡΙΑΣΜΟΣ (ΑΚΡΩΤΗΡΙΑΣΜΟΣ ΟΠΙΣΘΙΟΥ ΤΕΤΑΡΤΗΜΟΡΙΟΥ);;;;;
2317;X634549;ΑΠΕΞΑΡΘΡΩΣΗ ΙΣΧΙΟΥ;;;;;
2318;X634557;ΜΗ ΚΑΤΑΓΕΓΡΑΜΜΕΝΗ ΔΙΑΔΙΚΑΣΙΑ, ΛΕΚΑΝΗ Ή ΚΑΤ' ΙΣΧΙΟΝ ΑΡΘΡΩΣΗ;;;;;
2319;X634557.1;ΑΡΘΡΟΣΚΟΠΗΣΗ ΙΣΧΙΟΥ;;;;;
Β.8;ΠΕΡΙΟΧΗ ΚΑΤΩ ΑΚΡΩΝ;;;;;;
2320;X634561;ΕΚΤΟΜΗ ΚΑΙ ΠΑΡΟΧΕΤΕΥΣΗ, ΕΝ ΤΩ ΒΑΘΕΙ ΑΠΟΣΤΗΜΑ, ΘΥΛΑΚΑΣ, Ή ΑΙΜΑΤΩΜΑ, ΠΕΡΙΟΧΗ ΜΗΡΟΥ Ή ΓΟΝΑΤΟΣ;;;;;
2321;X634565;ΕΚΤΟΜΗ, ΕΝ ΤΩ ΒΑΘΕΙ, ΜΕ ΔΙΑΝΟΙΞΗ ΤΟΥ ΟΣΤΙΚΟΥ ΦΛΟΙΟΥ, ΜΗΡΙΑΙΟ Ή ΓΟΝΑΤΟ (Π.Χ. ΟΣΤΕΟΜΥΕΛΙΤΙΔΑ Ή ΟΣΤΙΚΟ ΑΠΟΣΤΗΜΑ);;;;;
2322;X634569;ΑΝΕΝΕΡΓΟΣ;;;;;
2323;X634571;ΤΕΝΟΝΤΟΤΟΜΗ, ΔΙΑΔΕΡΜΙΚΗ, ΠΡΟΣΑΓΩΓΟΣ Ή ΟΠΙΣΘΙΟΣ ΜΗΡΙΑΙΟΣ, ΕΝΑΣ ΤΕΝΟΝΤΑΣ (ΧΩΡΙΣΤΗ ΔΙΑΔΙΚΑΣΙΑ);;;;;
2324;X634573;ΑΝΕΝΕΡΓΟΣ;;;;;
2325;X634579;ΑΡΘΡΟΤΟΜΗ, ΓΟΝΑΤΟ, ΜΕ ΔΙΕΡΕΥΝΗΣΗ, ΠΑΡΟΧΕΤΕΥΣΗ, Ή ΑΦΑΙΡΕΣΗ ΞΕΝΟΥ ΣΩΜΑΤΟΣ (Π.Χ. ΛΟΙΜΩΞΗ);;;;;
2326;X634605;ΒΙΟΨΙΑ, ΜΑΛΑΚΟΣ ΙΣΤΟΣ ΤΗΣ ΠΕΡΙΟΧΗΣ ΜΗΡΟΥ Ή ΓΟΝΑΤΟΣ, ΕΠΙΠΟΛΗΣ;;;;;
2327;X634607;ΒΙΟΨΙΑ, ΜΑΛΑΚΟΣ ΙΣΤΟΣ ΤΗΣ ΠΕΡΙΟΧΗΣ ΜΗΡΟΥ Ή ΓΟΝΑΤΟΣ, ΕΝ ΤΩ ΒΑΘΕΙ (ΥΠΟ ΤΗΝ ΠΕΡΙΤΟΝΙΑ Ή ΕΝΔΟΜΥΪΚΑ);;;;;
2328;X634609;ΑΝΕΝΕΡΓΟΣ;;;;;
2329;X634611;ΑΝΕΝΕΡΓΟΣ;;;;;
2330;X634613;ΕΚΤΟΜΗ, ΟΓΚΟΣ, ΠΕΡΙΟΧΗ ΜΗΡΟΥ Ή ΓΟΝΑΤΟΣ, ΥΠΟΔΟΡΙΑ;;;;;
2331;X634615;ΕΚΤΟΜΗ, ΟΓΚΟΣ, ΠΕΡΙΟΧΗ ΜΗΡΟΥ Ή ΓΟΝΑΤΟΣ, ΕΝ ΤΩ ΒΑΘΕΙ, ΥΠΟ ΤΗΝ ΠΕΡΙΤΟΝΙΑ, Ή ΕΝΔΟΜΥΪΚΑ;;;;;
2332;X634617;ΡΙΖΙΚΗ ΕΚΤΟΜΗ ΟΓΚΟΥ (Π.Χ. ΚΑΚΟΗΘΕΣ ΝΕΟΠΛΑΣΜΑ), ΜΑΛΑΚΟΣ ΙΣΤΟΣ ΤΗΣ ΠΕΡΙΟΧΗΣ ΜΗΡΟΥ Ή ΓΟΝΑΤΟΣ;;;;;
2333;X634619;ΑΡΘΡΟΤΟΜΗ, ΓΟΝΑΤΟ, ΜΕ ΒΙΟΨΙΑ ΤΟΥ ΑΡΘΡΙΚΟΥ ΥΜΕΝΑ ΜΟΝΟ;;;;;
2334;X634621;ΑΡΘΡΟΤΟΜΗ, ΓΟΝΑΤΟ, ΠΕΡΙΛΑΜΒΑΝΟΜΕΝΗΣ ΔΙΕΡΕΥΝΗΣΗΣ ΤΗΣ ΑΡΘΡΩΣΗΣ, ΒΙΟΨΙΑΣ Ή ΑΦΑΙΡΕΣΗΣ  ΕΛΕΥΘΕΡΩΝ Ή ΞΕΝΩΝ ΣΩΜΑΤΩΝ;;;;;
2335;X634623;ΑΡΘΡΟΤΟΜΗ, ΜΕ ΕΚΤΟΜΗ ΤΟΥ ΜΗΝΟΕΙΔΟΥΣ ΧΟΝΔΡΟΥ ΤΟΥ ΓΟΝΑΤΟΣ (ΜΗΝΙΣΚΕΚΤΟΜΗ),  ΜΕΣΗ Ή ΠΛΑΓΙΑ - ΑΡΘΡΟΣΚΟΠΙΚΗ ΜΗΝΙΣΚΕΚΤΟΜΗ;;;;;
2336;X634625;ΑΡΘΡΟΤΟΜΗ, ΜΕ ΕΚΤΟΜΗ ΤΟΥ ΜΗΝΟΕΙΔΟΥΣ ΧΟΝΔΡΟΥ ΤΟΥ ΓΟΝΑΤΟΣ (ΜΗΝΙΣΚΕΚΤΟΜΗ),  ΜΕΣΗ ΚΑΙ ΠΛΑΓΙΑ -  ΑΡΘΡΟΣΚΟΠΙΚΗ ΜΗΝΙΣΚΕΚΤΟΜΗ;;;;;
2337;X634627;ΑΡΘΡΟΤΟΜΗ, ΜΕ ΕΚΤΟΜΗ ΤΟΥ ΑΡΘΡΙΚΟΥ ΥΜΕΝΑ, ΓΟΝΑΤΟ, ΠΡΟΣΘΙΑ Ή ΟΠΙΣΘΙΑ - ΑΡΘΡΟΣΚΟΠΙΚΗ ΥΜΕΝΕΚΤΟΜΗ;;;;;
2338;X634629;ΑΡΘΡΟΤΟΜΗ, ΜΕ ΕΚΤΟΜΗ ΤΟΥ ΑΡΘΡΙΚΟΥ ΥΜΕΝΑ, ΓΟΝΑΤΟ, ΠΡΟΣΘΙΑ ΚΑΙ ΟΠΙΣΘΙΑ ΠΕΡΙΛΑΜΒΑΝΟΜΕΝΗΣ ΤΗΣ ΙΓΝΥΑΚΗΣ ΠΕΡΙΟΧΗΣ - ΑΡΘΡΟΣΚΟΠΙΚΗ ΥΜΕΝΕΚΤΟΜΗ;;;;;
2339;X634639;ΕΚΤΟΜΗ, ΠΡΟΣΘΙΟΣ ΕΠΙΓΟΝΑΤΙΔΙΚΟΣ ΘΥΛΑΚΑΣ;;;;;
2340;X634649;ΑΝΕΝΕΡΓΟΣ;;;;;
2341;X634653;ΑΝΕΝΕΡΓΟΣ;;;;;
2342;X634659;ΑΝΕΝΕΡΓΟΣ;;;;;
2343;X634669;ΕΚΤΟΜΗ Ή ΑΠΟΞΕΣΗ ΟΣΤΙΚΗΣ ΚΥΣΤΗΣ Ή ΚΑΛΟΗΘΟΥΣ ΟΓΚΟΥ ΤΟΥ ΜΗΡΙΑΙΟΥ;;;;;
2344;X634671;ΕΚΤΟΜΗ Ή ΑΠΟΞΕΣΗ ΟΣΤΙΚΗΣ ΚΥΣΤΗΣ Ή ΚΑΛΟΗΘΟΥΣ ΟΓΚΟΥ ΤΟΥ ΜΗΡΙΑΙΟΥ, ΜΕ ΑΛΛΟΜΟΣΧΕΥΜΑ;;;;;
2345;X634673;ΕΚΤΟΜΗ Ή ΑΠΟΞΕΣΗ ΟΣΤΙΚΗΣ ΚΥΣΤΗΣ Ή ΚΑΛΟΗΘΟΥΣ ΟΓΚΟΥ ΤΟΥ ΜΗΡΙΑΙΟΥ. ΜΕ ΑΥΤΟΜΟΣΧΕΥΜΑ (ΠΕΡΙΛΑΜΒΑΝΕΙ ΤΗ ΛΗΨΗ ΜΟΣΧΕΥΜΑΤΟΣ);;;;;
2346;X634675;ΕΚΤΟΜΗ Ή ΑΠΟΞΕΣΗ ΟΣΤΙΚΗΣ ΚΥΣΤΗΣ Ή ΚΑΛΟΗΘΟΥΣ ΟΓΚΟΥ ΤΟΥ ΜΗΡΙΑΙΟΥ, ΜΕ ΕΣΩΤΕΡΙΚΗ ΚΑΘΗΛΩΣΗ (ΚΑΤΑΓΡΑΦΕΤΑΙ ΩΣ ΠΡΟΣΘΗΚΗ ΣΤΟΝ ΚΩΔΙΚΟ ΤΗΣ ΠΡΩΤΟΓΕΝΟΥΣ ΔΙΑΔΙΚΑΣΙΑΣ);;;;;
2347;X634679;ΜΕΡΙΚΗ ΕΚΤΟΜΗ (ΚΡΑΤΗΡΕΚΤΟΜΗ, ΔΙΣΚΕΚΤΟΜΗ, Ή ΕΚΤΟΜΗ ΔΙΑΦΥΣΗΣ) ΟΣΤΟΥ, ΜΗΡΙΑΙΟ, ΕΓΓΥΣ ΚΝΗΜΗ ΚΑΙ/Ή ΠΕΡΟΝΗ (Π.Χ. ΟΣΤΕΟΜΥΕΛΙΤΙΔΑ Ή ΟΣΤΙΚΟ ΑΠΟΣΤΗΜΑ);;;;;
2348;X634689;ΡΙΖΙΚΗ ΕΚΤΟΜΗ ΟΓΚΟΥ, ΟΣΤΟΥΝ, ΜΗΡΙΑΙΟ Ή ΓΟΝΑΤΟ;;;;;
2349;X634699;ΑΝΕΝΕΡΓΟΣ;;;;;
2350;X634703;ΑΦΑΙΡΕΣΗ ΞΕΝΟΥ ΣΩΜΑΤΟΣ, ΕΝ ΤΩ ΒΑΘΕΙ, ΠΕΡΙΟΧΗ ΜΗΡΟΥ Ή ΓΟΝΑΤΟΣ;;;;;
2351;X634719;ΣΥΡΡΑΦΗ ΤΟΥ ΕΠΙΓΟΝΑΤΙΔΙΚΟΥ ΤΕΝΟΝΤΑ, ΠΡΩΤΟΠΑΘΗΣ ΜΕ ΧΡΗΣΗ ΑΓΚΥΡΩΝ Ή ΟΧΙ;;;;;
2352;X634721;ΣΥΡΡΑΦΗ ΤΟΥ ΕΠΙΓΟΝΑΤΙΔΙΚΟΥ ΤΕΝΟΝΤΑ, ΔΕΥΤΕΡΟΠΑΘΗΣ ΑΠΟΚΑΤΑΣΤΑΣΗ, ΠΕΡΙΛΑΜΒΑΝΟΥΣΑ ΜΟΣΧΕΥΜΑ ΤΕΝΟΝΤΑ Ή ΠΕΡΙΤΟΝΙΑΣ ΜΕ ΧΡΗΣΗ ΑΓΚΥΡΩΝ Ή ΟΧΙ;;;;;
2353;X634729;ΣΥΡΡΑΦΗ ΤΗΣ ΡΗΞΗΣ ΤΟΥ ΤΕΤΡΑΚΕΦΑΛΟΥ Ή ΟΠΙΣΘΙΟΥ ΜΗΡΙΑΙΟΥ, ΠΡΩΤΟΠΑΘΗΣ ΜΕ ΧΡΗΣΗ ΑΓΚΥΡΩΝ Ή ΟΧΙ;;;;;
2354;X634731;ΣΥΡΡΑΦΗ ΤΗΣ ΡΗΞΗΣ ΤΟΥ ΤΕΤΡΑΚΕΦΑΛΟΥ Ή ΟΠΙΣΘΙΟΥ ΜΗΡΙΑΙΟΥ, ΔΕΥΤΕΡΟΠΑΘΗΣ ΑΠΟΚΑΤΑΣΤΑΣΗ, ΠΕΡΙΛΑΜΒΑΝΟΜΕΝΟΥ ΜΟΣΧΕΥΜΑΤΟΣ ΠΕΡΙΤΟΝΙΑΣ Ή ΤΕΝΟΝΤΑ ΜΕ ΧΡΗΣΗ ΑΓΚΥΡΩΝ Ή ΟΧΙ;;;;;
2355;X634739;ΤΕΝΟΝΤΟΤΟΜΙΑ, ΑΝΟΙΚΤΗ, ΟΠΙΣΘΙΟΙ ΜΗΡΙΑΙΟΙ, ΓΟΝΑΤΟ ΕΩΣ ΙΣΧΙΟ, ΕΝΑΣ ΤΕΝΟΝΤΑΣ;;;;;
2356;X634741;ΤΕΝΟΝΤΟΤΟΜΙΑ, ΑΝΟΙΚΤΗ, ΟΠΙΣΘΙΟΙ ΜΗΡΙΑΙΟΙ, ΓΟΝΑΤΟ ΕΩΣ ΙΣΧΙΟ, ΠΟΛΛΑΠΛΟΙ ΤΕΝΟΝΤΕΣ, ΕΝΑ ΣΚΕΛΟΣ;;;;;
2357;X634743;ΤΕΝΟΝΤΟΤΟΜΙΑ, ΑΝΟΙΚΤΗ, ΟΠΙΣΘΙΟΙ ΜΗΡΙΑΙΟΙ, ΓΟΝΑΤΟ ΕΩΣ ΙΣΧΙΟ, ΠΟΛΛΑΠΛΟΙ ΤΕΝΟΝΤΕΣ, ΑΜΦΟΤΕΡΟΠΛΕΥΡΑ;;;;;
2358;X634745;ΑΝΕΝΕΡΓΟΣ;;;;;
2359;X634747;ΑΝΕΝΕΡΓΟΣ;;;;;
2360;X634749;ΑΝΕΝΕΡΓΟΣ;;;;;
2361;X634751;ΑΝΕΝΕΡΓΟΣ;;;;;
2362;X634753;ΑΝΕΝΕΡΓΟΣ;;;;;
2363;X634759;ΑΝΕΝΕΡΓΟΣ;;;;;
2364;X634765;ΑΡΘΡΟΣΚΟΠΙΚΗ ΣΥΡΡΑΦΗ ΜΗΝΙΣΚΟΥ΄ΗΑΝΟΙΧΤΗ ΜΕΤΑΜΟΣΧΕΥΣΗ ΜΗΝΙΣΚΟΥ;;;;;
2365;X634769;ΑΝΕΝΕΡΓΟΣ;;;;;
2366;X634773;ΑΡΘΡΟΣΚΟΠΙΚΗ ΣΥΝΔΕΣΜΟΠΛΑΣΤΙΚΗ ΠΡΟΣΘΙΟΥ Ή ΚΑΙ ΟΠΙΣΘΙΟΥ ΧΙΑΣΤΟΥ- ΑΠΟΚΑΤΑΣΤΑΣΗ ΠΛΑΓΙΩΝ ΣΥΝΔΕΣΜΩΝ ΚΑΙ ΟΠΙΣΘΙΟΕΞΩΤΡΙΚΗΣ ΓΩΝΙΑΣ;;;;;
2367;X634777;ΑΡΘΡΟΣΚΟΠΙΚΗ ΣΥΝΔΕΣΜΟΠΛΑΣΤΙΚΗ ΠΡΟΣΘΙΟΥ Ή ΚΑΙ ΟΠΙΣΘΙΟΥ ΧΙΑΣΤΟΥ- ΑΠΟΚΑΤΑΣΤΑΣΗ ΠΛΑΓΙΩΝ ΣΥΝΔΕΣΜΩΝ ΚΑΙ ΟΠΙΣΘΙΟΕΞΩΤΡΙΚΗΣ ΓΩΝΙΑΣ;;;;;
2368;X634783;ΑΥΤΟΛΟΓΗ ΜΕΤΑΜΟΣΧΕΥΣΗ ΧΟΝΔΡΟΚΥΤΤΑΡΩΝ, ΓΟΝΑΤΟ;;;;;
2369;X634789;ΟΣΤΕΟΧΟΝΔΡΙΝΟ ΑΛΛΟΜΟΣΧΕΥΜΑ, ΓΟΝΑΤΟ, ΑΝΟΙΚΤΗ;;;;;
2370;X634791;ΟΣΤΕΟΧΟΝΔΡΙΝΟ ΑΛΛΟΜΟΣΧΕΥΜΑ(ΤΑ), ΓΟΝΑΤΟ, ΑΝΟΙΚΤΗ (Π.Χ. ΜΩΣΑΪΚΟΠΛΑΣΤΙΚΗ) (ΠΕΡΙΛΑΜΒΑΝΕΙ ΛΗΨΗ ΑΥΤΟΛΟΓΟΥ(ΩΝ) ΜΟΣΧΕΥΜΑΤΟΣ[ΩΝ]) -  ΑΡΘΡΟΣΚΟΠΙΚΗ ;;;;;
2371;X634795;ΟΣΤΕΟΤΟΜΙΑ ΚΝΗΜΙΑΙΟΥ ΚΥΡΤΩΜΑΤΟΣ;;;;;
2372;X634799;ΑΝΕΝΕΡΓΟΣ;;;;;
2373;X634803;ΑΠΟΚΑΤΑΣΤΑΣΗ ΚΑΘ ΕΞΑΡΘΡΗΜΑΤΟΣ ΕΠΙΓΟΝΑΤΙΔΟΣ ΜΕ ΑΠΟΚΑΤΑΣΤΑΣΗ ΚΑΘΕΚΤΙΚΩΝ ΣΥΝΔΕΣΜΩΝ;;;;;
2374;X634807;ΑΝΕΝΕΡΓΟΣ;;;;;
2375;X634809;ΑΠΕΛΕΥΘΕΡΩΣΗ ΠΛΑΓΙΟΥ ΚΑΘΕΚΤΙΚΟΥ ΣΥΝΔΕΣΜΟΥ, ΑΝΟΙΚΤΗ - ΑΡΘΡΟΣΚΟΠΙΚΗ ;;;;;
2376;X634813;ΑΠΟΚΑΤΑΣΤΑΣΗ ΠΛΑΓΙΩΝ ΣΥΝΔΕΣΜΩΝ ΚΑ ΟΠΙΣΘΙΟΕΞΩΤΕΡΙΚΗΣ ΓΩΝΙΑΣ;;;;;
2377;X634815;ΑΡΘΡΟΣΚΟΠΙΚΗ ΣΥΝΔΕΣΜΟΠΛΑΣΤΙΚΗ ΠΡΟΣΘΙΟΥ Ή ΚΑΙ ΟΠΙΣΘΙΟΥ ΧΙΑΣΤΟΥ-;;;;;
2378;X634817;ΑΡΘΡΟΣΚΟΠΙΚΗ ΣΥΝΔΕΣΜΟΠΛΑΣΤΙΚΗ ΠΡΟΣΘΙΟΥ Ή ΚΑΙ ΟΠΙΣΘΙΟΥ ΧΙΑΣΤΟΥ- ΑΠΟΚΑΤΑΣΤΑΣΗ ΠΛΑΓΙΩΝ ΣΥΝΔΕΣΜΩΝ ΚΑΙ ΟΠΙΣΘΙΟΕΞΩΤΡΙΚΗΣ ΓΩΝΙΑΣ;;;;;
2379;X634819;ΑΝΕΝΕΡΓΟΣ;;;;;
2380;X634829;ΑΝΕΝΕΡΓΟΣ;;;;;
2381;X634833;ΑΝΕΝΕΡΓΟΣ;;;;;
2382;X634835;ΑΡΘΡΟΠΛΑΣΤΙΚΗ, ΕΠΙΓΟΝΑΤΙΔΑ, ΜΕ ΠΡΟΘΕΣΗ;;;;;
2383;X634839;ΑΝΕΝΕΡΓΟΣ;;;;;
2384;X634841;ΑΝΕΝΕΡΓΟΣ;;;;;
2385;X634843;ΑΝΕΝΕΡΓΟΣ;;;;;
2386;X634845;ΟΛΙΚΗ ΑΡΘΡΟΠΛΑΣΤΙΚΗ ΓΟΝΑΤΟΣ ΕΠΙΦΑΝΕΙΑΣ;;;;;
2387;X634849;ΣΥΝΔΕΔΕΜΕΝΗ ΟΛΙΚΗ ΑΡΘΡΟΠΛΑΣΤΙΚΗ ΓΟΝΑΤΟΣ;;;;;
2388;X634851;ΜΟΝΟΔΙΑΜΕΡΙΣΜΑΤΙΚΗ ΑΡΘΡΟΠΛΑΣΤΙΚΗ ΓΟΝΑΤΟΣ;;;;;
2389;X634853;ΑΡΘΡΟΠΛΑΣΤΙΚΗ, ΓΟΝΑΤΟ, ΚΟΝΔΥΛΟΣ ΚΑΙ ΠΛΑΤΩ, ΜΕΣΟ ΚΑΙ ΠΛΑΓΙΟ ΤΜΗΜΑ ΜΕ Ή ΧΩΡΙΣ ΕΠΑΝΑΚΑΛΥΨΗ ΤΗΣ ΕΠΙΓΟΝΑΤΙΔΑΣ (ΟΛΙΚΗ ΑΡΘΡΟΠΛΑΣΤΙΚΗ ΓΟΝΑΤΟΣ);;;;;
2390;X634855;ΑΝΕΝΕΡΓΟΣ;;;;;
2391;X634859;ΟΣΤΕΟΤΟΜΙΑ, ΜΗΡΙΑΙΟ, ΔΙΑΦΥΣΗ Ή ΥΠΕΡΚΟΝΔΥΛΙΑ, ΜΕ ΚΑΘΗΛΩΣΗ;;;;;
2392;X634867;ΑΝΕΝΕΡΓΟΣ;;;;;
2393;X634869;ΑΝΕΝΕΡΓΟΣ;;;;;
2394;X634873;ΑΝΕΝΕΡΓΟΣ;;;;;
2395;X634889;ΑΝΕΝΕΡΓΟΣ;;;;;
2396;X634891;ΟΣΤΕΟΤΟΜΙΑ- ΕΠΙΜΗΚΥΝΣΗ ΜΗΡΙΑΙΟΥ Ή ΚΝΗΜΗΣ- ΟΣΤΕΟΜΕΤΑΦΟΡΑ ΜΕ ΕΞΩΤΡΙΚΗ ΟΣΤΕΥΝΘΕΣΗ;;;;;
2397;X634895;ΑΝΕΝΕΡΓΟΣ;;;;;
2398;X634899;ΑΝΕΝΕΡΓΟΣ;;;;;
2399;X634903;ΑΠΟΚΑΤΑΣΤΑΣΗ, ΨΕΥΔΑΡΘΡΩΣΗΣ Ή ΑΝΩΜΑΛΗΣ ΠΩΡΩΣΗΣ, ΜΗΡΙΑΙΟΥ, ΠΕΡΙΦΕΡΙΚΑ ΤΗΣ ΚΕΦΑΛΗΣ ΚΑΙ ΤΟΥ ΑΥΧΕΝΑ, ΜΕ ΜΟΣΧΕΥΜΑ ΑΠΟ ΤΟ ΛΑΓΟΝΙΟ Ή ΑΛΛΟ ΑΥΤΟΓΕΝΕΣ ΟΣΤΙΚΟ ΜΟΣΧΕΥΜΑ (ΠΕΡΙΛΑΜΒΑΝΕΙ ΤΗ ΛΗΨΗ ΜΟΣΧΕΥΜΑΤΟΣ);;;;;
2400;X634909;ΔΙΑΚΟΠΗ ΤΗΣ ΕΠΙΦΥΣΙΑΚΗΣ ΑΝΑΠΤΥΞΗΣ ΤΟΥ ΟΣΤΟΥ, ΟΠΟΙΑΔΗΠΟΤΕ ΜΕΘΟΔΟΣ (Π.Χ. ΕΠΙΦΥΣΙΟΔΕΣΗ), ΑΠΩ ΜΗΡΙΑΙΟ;;;;;
2401;X634913;ΔΙΑΚΟΠΗ ΤΗΣ ΕΠΙΦΥΣΙΑΚΗΣ ΑΝΑΠΤΥΞΗΣ ΤΟΥ ΟΣΤΟΥ, ΟΠΟΙΑΔΗΠΟΤΕ ΜΕΘΟΔΟΣ (Π.Χ. ΕΠΙΦΥΣΙΟΔΕΣΗ), ΚΝΗΜΗ ΚΑΙ ΠΕΡΟΝΗ ΕΓΓΥΣ;;;;;
2402;X634917;ΔΙΑΚΟΠΗ ΤΗΣ ΕΠΙΦΥΣΙΑΚΗΣ ΑΝΑΠΤΥΞΗΣ ΤΟΥ ΟΣΤΟΥ, ΟΠΟΙΑΔΗΠΟΤΕ ΜΕΘΟΔΟΣ (Π.Χ. ΕΠΙΦΥΣΙΟΔΕΣΗ), ΣΥΝΔΥΑΣΜΟΣ ΑΠΩ  ΜΗΡΙΑΙΟΥ, ΕΓΓΥΣ ΚΝΗΜΗΣ ΚΑΙ ΠΕΡΟΝΗΣ;;;;;
2403;X634929;ΔΙΑΚΟΠΗ ΤΗΣ ΑΝΑΠΤΥΞΗΣ ΤΟΥ ΟΣΤΟΥ, ΗΜΙΕΠΙΦΥΣΙΑΚΗ, ΑΠΩ ΜΗΡΙΑΙΟ Ή ΕΓΓΥΣ ΚΝΗΜΗ Ή ΠΕΡΟΝΗ (Π.Χ.  ΡΑΙΒΟ Ή ΒΛΑΙΣΟ ΓΟΝΑΤΟ);;;;;
2404;X634931;ΑΝΑΘΕΩΡΗΣΗ ΟΛΙΚΗΣ ΑΡΘΡΟΠΛΑΣΤΙΚΗΣ ΓΟΝΑΤΟΣ, ΜΕ Ή ΧΩΡΙΣ ΑΛΛΟΜΟΣΧΕΥΜΑ, ΕΝΑ ΤΜΗΜΑ;;;;;
2405;X634933;ΑΝΑΘΕΩΡΗΣΗ ΟΛΙΚΗΣ ΑΡΘΡΟΠΛΑΣΤΙΚΗΣ ΓΟΝΑΤΟΣ, ΜΕ Ή ΧΩΡΙΣ ΑΛΛΟΜΟΣΧΕΥΜΑ, ΜΗΡΙΑΙΟ ΚΑΙ ΟΛΟΚΛΗΡΟ ΤΟ ΚΝΗΜΙΑΙΟ ΤΜΗΜΑ;;;;;
2406;X634935;ΑΦΑΙΡΕΣΗ ΤΗΣ ΠΡΟΘΕΣΗΣ, ΠΕΡΙΛΑΜΒΑΝΟΜΕΝΗΣ ΟΛΙΚΗΣ ΠΡΟΘΕΣΗΣ ΓΟΝΑΤΟΣ ΜΕΘΥΛΜΕΘΑΚΡΥΛΙΚΟ ΜΕ Ή ΧΩΡΙΣ ΕΙΣΑΓΩΓΗ ΔΙΑΧΩΡΙΣΤΗ, ΓΟΝΑΤΟ;;;;;
2407;X634949;ΑΝΕΝΕΡΓΟΣ;;;;;
2408;X634951;ΠΕΡΙΤΟΝΙΟΤΟΜΗ ΑΠΟΣΥΜΠΙΕΣΗΣ, ΜΗΡΟΣ ΚΑΙ/Ή ΓΟΝΑΤΟ, ΕΝΑ ΤΜΗΜΑ (ΚΑΜΠΤΗΡΑΣ Ή ΕΚΤΕΙΝΩΝ Ή ΠΡΟΣΑΓΩΓΟΣ ΜΥΣ),;;;;;
2409;X634953;ΑΝΕΝΕΡΓΟΣ;;;;;
2410;X634955;ΠΕΡΙΤΟΝΙΟΤΟΜΗ ΑΠΟΣΥΜΠΙΕΣΗΣ, ΜΗΡΟΣ ΚΑΙ/Ή ΓΟΝΑΤΟ, ΠΟΛΛΑΠΛΑ ΤΜΗΜΑΤΑ;;;;;
2411;X634957;ΑΝΕΝΕΡΓΟΣ;;;;;
2412;X634959;ΑΝΕΝΕΡΓΟΣ;;;;;
2413;X634961;ΑΝΕΝΕΡΓΟΣ;;;;;
2414;X634963;ΑΝΕΝΕΡΓΟΣ;;;;;
2415;X634965;ΑΝΕΝΕΡΓΟΣ;;;;;
2416;X634971;ΑΝΟΙΚΤΗ ΑΝΑΤΑΞΗ ΚΑΤΑΓΜΑΤΟΣ ΤΗΣ ΔΙΑΦΥΣΗΣ ΤΟΥ ΜΗΡΙΑΟΥ, ΜΕ Ή ΧΩΡΙΣ ΕΞΩΤΕΡΙΚΗ  ΚΑΘΗΛΩΣΗ, ΜΕ ΕΙΣΑΓΩΓΗ ΕΝΔΟΜΥΕΛΙΚΟΥ ΜΟΣΧΕΥΜΑΤΟΣ, ΜΕ Ή ΧΩΡΙΣ  ΠΕΡΙΔΕΣΗ ΚΑΙ/Ή ΒΙΔΕΣ ΑΣΦΑΛΕΙΑΣ;;;;;
2417;X634973;ΑΝΟΙΚΤΗ ΑΝΑΤΑΞΗ ΚΑΤΑΓΜΑΤΟΣ ΤΗΣ ΔΙΑΦΥΣΗΣ ΤΟΥ ΜΗΡΙΑΙΟΥ ΜΕ ΠΛΑΚΑ/ΒΙΔΕΣ, ΜΕ Ή ΧΩΡΙΣ ΠΕΡΙΔΕΣΗ;;;;;
2418;X634975;ΑΝΕΝΕΡΓΟΣ;;;;;
2419;X634977;ΑΝΕΝΕΡΓΟΣ;;;;;
2420;X634979;ΑΝΕΝΕΡΓΟΣ;;;;;
2421;X634981;ΕΣΩΤΕΡΙΚΗ ΟΣΤΕΟΣΥΝΘΕΣΗ;;;;;
2422;X634985;ΑΝΟΙΚΤΗ ΑΝΑΤΑΞΗ ΤΟΥ ΥΠΕΡΚΟΝΔΥΛΙΟΥ Ή ΔΙΑΚΟΝΔΥΛΙΟΥ ΚΑΤΑΓΜΑΤΟΣ ΤΟΥ ΜΗΡΙΑΙΟΥ ΜΕ ΕΠΕΚΤΑΣΗ ΜΕΣΟΚΟΝΔΥΛΙΟΥ ΔΙΑΣΤΗΜΑΤΟΣ, ΠΕΡΙΛΑΜΒΑΝΕΙ ΕΣΩΤΕΡΙΚΗ ΚΑΘΗΛΩΣΗ, ΟΤΑΝ ΔΙΕΝΕΡΓΕΙΤΑΙ  -  ΕΣΩΤΕΡΙΚΗ ΟΣΤΕΣΥΝΘΕΣΗ;;;;;
2423;X634987;ΑΝΟΙΚΤΗ ΑΝΑΤΑΞΗ ΚΑΤΑΓΜΑΤΟΣ ΤΗΣ ΔΙΑΦΥΣΗΣ ΤΟΥ ΜΗΡΙΑΙΟΥ, ΑΠΩ ΑΚΡΟ, ΕΣΩ Ή ΕΞΩ ΚΟΝΔΥΛΟΣ, ΠΕΡΙΛΑΜΒΑΝΕΙ ΕΣΩΤΕΡΙΚΗ ΚΑΘΗΛΩΣΗ, ΟΤΑΝ ΔΙΕΝΕΡΓΕΙΤΑΙ  -  ΕΣΩΤΕΡΙΚΗ ΟΣΤΕΟΣΥΝΘΕΣΗ;;;;;
2424;X634991;ΑΝΕΝΕΡΓΟΣ;;;;;
2425;X634993;ΑΝΕΝΕΡΓΟΣ;;;;;
2426;X634997;ΑΝΟΙΚΤΗ ΑΝΑΤΑΞΗ ΔΙΑΧΩΡΙΣΜΟΥ ΑΠΩ ΕΠΙΦΥΣΗΣ ΜΗΡΙΑΙΟΥ, ΠΕΡΙΛΑΜΒΑΝΕΙ ΕΣΩΤΕΡΙΚΗ ΚΑΘΗΛΩΣΗ, ΟΤΑΝ ΔΙΕΝΕΡΓΕΙΤΑΙ;;;;;
2427;X634999;ΑΝΕΝΕΡΓΟΣ;;;;;
2428;X635007;ΑΝΟΙΚΤΗ ΑΝΑΤΑΞΗ  ΚΑΤΑΓΜΑΤΟΣ ΕΠΙΓΟΝΑΤΙΔΑΣ, ΜΕ ΕΣΩΤΕΡΙΚΗ ΚΑΘΗΛΩΣΗ ΚΑΙ/Ή ΜΕΡΙΚΗ Ή ΟΛΙΚΗ ΕΠΙΓΟΝΑΤΙΔΕΚΤΟΜΗ ΚΑΙ ΑΠΟΚΑΤΑΣΤΑΣΗ ΜΑΛΑΚΟΥ ΙΣΤΟΥ;;;;;
2429;X635019;ΑΝΕΝΕΡΓΟΣ;;;;;
2430;X635023;ΑΝΕΝΕΡΓΟΣ;;;;;
2431;X635029;ΑΝΟΙΚΤΗ ΑΝΑΤΑΞΗ ΚΝΗΜΙΑΙΟΥ ΚΑΤΑΓΜΑΤΟΣ, ΕΓΓΥΣ (ΚΝΗΜΙΑΙΟΥ ΠΛΑΤΩ), ΜΟΝΟΚΟΝΔΥΛΙΟΥ ΠΕΡΙΛΑΜΒΑΝΕΙ ΕΣΩΤΕΡΙΚΗ ΚΑΘΗΛΩΣΗ, ΟΤΑΝ ΔΙΕΝΕΡΓΕΙΤΑΙ;;;;;
2432;X635031;ΑΝΟΙΚΤΗ ΑΝΑΤΑΞΗ ΚΝΗΜΙΑΙΟΥ ΚΑΤΑΓΜΑΤΟΣ, ΕΓΓΥΣ (ΚΝΗΜΙΑΙΟΥ ΠΛΑΤΩ), ΔΥΟ ΚΟΝΔΥΛΩΝ, ΜΕ Ή ΧΩΡΙΣ ΕΣΩΤΕΡΙΚΗ ΚΑΘΗΛΩΣΗ;;;;;
2433;X635035;ΑΝΕΝΕΡΓΟΣ;;;;;
2434;X635039;ΑΝΟΙΚΤΗ ΑΝΑΤΑΞΗ ΚΑΤΑΓΜΑΤΟΣ(ΩΝ) ΔΙΑΚΟΝΔΥΛΙΑΣ ΑΚΑΝΘΑΣ(ΩΝ) ΚΑΙ/Ή ΚΥΡΤΩΜΑΤΟΣ ΓΟΝΑΤΟΥ, ΠΕΡΙΛΑΜΒΑΝΕΙ ΕΣΩΤΕΡΙΚΗ ΚΑΘΗΛΩΣΗ, ΟΤΑΝ ΔΙΕΝΕΡΓΕΙΤΑΙ;;;;;
2435;X635059;ΑΝΕΝΕΡΓΟΣ;;;;;
2436;X635063;ΚΛΕΙΣΤΗ ΑΝΑΤΑΞΗ ΕΞΑΡΘΡΗΜΑΤΟΣ ΓΟΝΑΤΟΣ, ΑΠΑΙΤΟΥΣΑ ΑΝΑΙΣΘΗΣΙΑ;;;;;
2437;X635071;ΤΟΠΟΘΕΤΗΣΗ ΕΞΩΤΕΡΙΚΗΣ ΟΣΤΕΟΣΥΝΘΕΣΗΣ ΜΕΤΑ ΚΛΕΙΣΤΗ ΑΝΑΤΑΞΗ ΕΞΑΡΘΡΗΜΑΤΟΣ ΓΟΝΑΤΟΣ;;;;;
2438;X635073;ΣΥΝΔΕΣΜΟΛΑΣΤΙΚΗ ΧΙΑΣΤΩΝ ΚΑΙ ΠΛΑΓΙΩΝ ΣΥΝΔΕΣΜΩΝ ΣΕ ΕΝΑΝ Ή ΔΥΟ ΧΡΟΝΟΥΣ ΜΕΤΑ ΑΝΑΤΑΞΗ ΕΞΑΡΘΡΗΜΑΤΟΣ;;;;;
2439;X635075;ΣΥΝΔΕΣΜΟΛΑΣΤΙΚΗ ΧΙΑΣΤΩΝ ΚΑΙ ΠΛΑΓΙΩΝ ΣΥΝΔΕΣΜΩΝ ΣΕ ΕΝΑΝ Ή ΔΥΟ ΧΡΟΝΟΥΣ ΜΕΤΑ ΑΝΑΤΑΞΗ ΕΞΑΡΘΡΗΜΑΤΟ;;;;;
2440;X635079;ΚΛΕΙΣΤΗ ΑΝΑΤΑΞΗ ΕΞΑΡΘΡΗΜΑΤΟΣ ΕΠΙΓΟΝΑΤΙΔΑΣ, ΧΩΡΙΣ ΑΝΑΙΣΘΗΣΙΑ;;;;;
2441;X635083;ΚΛΕΙΣΤΗ ΑΝΑΤΑΞΗ ΕΞΑΡΘΡΗΜΑΤΟΣ ΕΠΙΓΟΝΑΤΙΔΑΣ, ΑΠΑΙΤΟΥΣΑ ΑΝΑΙΣΘΗΣΙΑ;;;;;
2442;X635091;ΑΝΕΝΕΡΓΟΣ;;;;;
2443;X635099;ΑΝΕΝΕΡΓΟΣ;;;;;
2444;X635119;ΑΡΘΡΟΔΕΣΗ, ΓΟΝΑΤΟ, ΟΠΟΙΑΔΗΠΟΤΕ ΤΕΧΝΙΚΗ;;;;;
2445;X635139;ΑΚΡΩΤΗΡΙΑΣΜΟΣ, ΜΗΡΟΣ, ΔΙΑ ΤΟΥ ΜΗΡΙΑΙΟΥ, ΟΠΟΙΟΔΗΠΟΤΕ ΕΠΙΠΕΔΟ,;;;;;
2446;X635141;ΑΝΕΝΕΡΓΟΣ;;;;;
2447;X635143;ΑΝΕΝΕΡΓΟΣ;;;;;
2448;X635147;ΑΚΡΩΤΗΡΙΑΣΜΟΣ, ΜΗΡΟΣ, ΔΙΑ ΤΟΥ ΜΗΡΙΑΙΟΥ ΟΣΤΟΥ, ΟΠΟΙΟΔΗΠΟΤΕ ΕΠΙΠΕΔΟ,  ΣΥΓΚΛΕΙΣΗ Ή ΑΠΟΚΑΤΑΣΤΑΣΗ ΟΥΛΗΣ ΚΑΤΑ ΔΕΥΤΕΡΟ ΣΚΟΠΟ;;;;;
2449;X635151;ΑΚΡΩΤΗΡΙΑΣΜΟΣ, ΜΗΡΟΣ, ΔΙΑ ΤΟΥ ΜΗΡΙΑΙΟΥ ΟΣΤΟΥ, ΟΠΟΙΟΔΗΠΟΤΕ ΕΠΙΠΕΔΟ, ΕΠΑΝΑΚΡΩΤΗΡΙΑΣΜΟΣ;;;;;
2450;X635155;ΑΠΕΞΑΡΘΡΩΣΗ ΓΟΝΑΤΟΣ;;;;;
2451;X635157;ΜΗ ΚΑΤΑΓΕΓΡΑΜΜΕΝΗ ΔΙΑΔΙΚΑΣΙΑ, ΜΗΡΙΑΙΟ ΟΣΤΟ Ή ΓΟΝΑΤΟ;;;;;
2452;X635157.1;ΟΛΙΚΗ ΑΡΘΡΟΠΛΑΣΤΙΚΗ ΧΩΡΙΣ ΔΙΑΤΗΡΗΣΗ ΟΠΙΣΘΙΟΥ ΧΙΑΣΤΟΥ;;;;;
2453;X635157.2;ΕΞΩΤΕΡΙΚΗ ΟΣΤΕΟΣΥΝΘΕΣΗ ΚΑΤΑΓΜΑΤΩΝ ΜΗΡΙΑΙΟΥ- ΚΝΗΜΗΣ- ΚΝΗΜΙΑΙΟΥ ΠΛΑΤΩ;;;;;
2454;X635159;ΔΙΑΤΟΜΗ ΠΕΡΙΤΟΝΙΑΣ ΓΑΣΤΡΟΚΝΗΜΙΑΣ, ΑΠΟΣΥΜΠΙΕΣΗ ΔΙΑΜΕΡΙΣΜΑΤΩΝ;;;;;
2455;X635161;ΑΝΕΝΕΡΓΟΣ;;;;;
2456;X635163;ΑΝΕΝΕΡΓΟΣ;;;;;
2457;X635165;ΤΟΜΗ ΚΑΙ ΠΑΡΟΧΕΤΕΥΣΗ, ΣΚΕΛΟΣ Ή ΠΟΔΟΚΝΗΜΙΚΗ, ΕΝ ΤΩ ΒΑΘΕΙ ΑΠΟΣΤΗΜΑ Ή ΑΙΜΑΤΩΜΑ;;;;;
2458;X635167;ΠΑΡΟΧΕΤΕΥΣΗ ΣΗΠΤΙΚΗΣ ΑΡΘΙΤΙΔΑΣ ΠΟΔΟΚΝΗΜΙΚΗΣ;;;;;
2459;X635169;ΤΕΝΟΝΤΟΤΟΜΗ, ΔΙΑΔΕΡΜΙΚΗ, ΑΧΙΛΛΕΙΟΣ ΤΕΝΟΝΤΑΣ (ΧΩΡΙΣΤΗ ΕΠΕΜΒΑΣΗ), ΤΟΠΙΚΗ  ΑΝΑΙΣΘΗΣΙΑ;;;;;
2460;X635171;ΤΕΝΟΝΤΟΤΟΜΗ, ΔΙΑΔΕΡΜΙΚΗ, ΑΧΙΛΛΕΙΟΣ ΤΕΝΟΝΤΑΣ (ΧΩΡΙΣΤΗ ΕΠΕΜΒΑΣΗ), ΓΕΝΙΚΗ ΑΝΑΙΣΘΗΣΙΑ;;;;;
2461;X635173;ΧΕΙΡΟΥΡΓΙΚΟΣ ΚΑΘΑΡΙΣΜΟΣ ΟΣΤΕΟΜΥΕΛΙΤΙΔΑΣ;;;;;
2462;X635179;ΑΡΘΡΟΤΟΜΗ, ΠΟΔΟΚΝΗΜΙΚΗ, ΣΥΜΠΕΡΙΛΑΜΒΑΝΟΜΕΝΗΣ ΔΙΕΡΕΥΝΗΣΗΣ, ΠΑΡΟΧΕΤΕΥΣΗΣ, Ή ΑΦΑΙΡΕΣΗΣ ΞΕΝΟΥ ΣΩΜΑΤΟΣ;;;;;
2463;X635183;ΑΡΘΡΟΤΟΜΗ, ΑΠΕΛΕΥΘΕΡΩΣΗ ΟΠΙΣΘΙΑΣ ΚΑΨΑΣ, ΠΟΔΟΚΝΗΜΙΚΗ, ΜΕ Ή ΧΩΡΙΣ ΕΠΙΜΗΚΥΝΣΗ ΑΧΙΛΛΕΙΟΥ ΤΕΝΟΝΤΑ;;;;;
2464;X635185;ΒΙΟΨΙΑ, ΜΑΛΑΚΟΣ ΙΣΤΟΣ ΤΗΣ ΠΕΡΙΟΧΗΣ ΤΟΥ ΣΚΕΛΟΥΣ Ή ΤΟΥ ΠΟΔΟΚΝΗΜΙΚΗΣ, ΕΠΙΠΟΛΗΣ;;;;;
2465;X635187;ΒΙΟΨΙΑ, ΜΑΛΑΚΟΣ ΙΣΤΟΣ ΤΗΣ ΠΕΡΙΟΧΗΣ ΤΟΥ ΣΚΕΛΟΥΣ Ή ΤΗΣ ΠΟΔΟΚΝΗΜΙΚΗΣ, ΕΝ ΤΩ ΒΑΘΕΙ (ΥΠΟ ΤΗΝ ΠΕΡΙΤΟΝΙΑ Ή ΕΝΔΟΜΥΪΚΑ);;;;;
2466;X635189;ΡΙΖΙΚΗ ΕΚΤΟΜΗ  ΟΓΚΟΥ (Π.Χ. ΚΑΚΟΗΘΕΣ ΝΕΟΠΛΑΣΜΑ), ΜΑΛΑΚΟΣ ΙΣΤΟΣ ΤΗΣ ΠΕΡΙΟΧΗΣ ΤΟΥ ΣΚΕΛΟΥΣ Ή ΤΗΣ ΠΟΔΟΚΝΗΜΙΚΗΣ;;;;;
2467;X635195;ΕΚΤΟΜΗ, ΟΓΚΟΣ, ΠΕΡΙΟΧΗ ΣΚΕΛΟΥΣ Ή ΠΟΔΟΚΝΗΜΙΚΗΣ, ΥΠΟΔΟΡΙΟΣ ΙΣΤΟΣ;;;;;
2468;X635197;ΕΚΤΟΜΗ, ΟΓΚΟΣ, ΠΕΡΙΟΧΗ ΣΚΕΛΟΥΣ Ή ΠΟΔΟΚΝΗΜΙΚΗΣ, ΕΝ ΤΩ ΒΑΘΕΙ, (ΥΠΟ ΤΗΝ ΠΕΡΙΤΟΝΙΑ, Ή ΕΝΔΟΜΥΪΚΑ);;;;;
2469;X635199;ΑΡΘΡΟΤΟΜΗ, ΠΟΔΟΚΝΗΜΙΚΗ, ΜΕ ΔΙΕΡΕΥΝΗΣΗ ΑΡΘΡΩΣΗΣ, ΜΕ Ή ΧΩΡΙΣ ΒΙΟΨΙΑ, ΜΕ Ή ΧΩΡΙΣ ΑΦΑΙΡΕΣΗ ΕΛΕΥΘΕΡΟΥ Ή ΞΕΝΟΥ ΣΩΜΑΤΟΣ;;;;;
2470;X635209;ΑΡΘΡΟΤΟΜΗ, ΜΕ ΕΚΤΟΜΗ ΤΟΥ ΑΡΘΡΙΚΟΥ ΘΥΛΑΚΑ, ΠΟΔΟΚΝΗΜΙΚΗ,;;;;;
2471;X635211;ΑΝΕΝΕΡΓΟΣ;;;;;
2472;X635219;ΕΚΤΟΜΗ ΒΛΑΒΗΣ  ΕΛΥΤΡΟΥ Ή ΚΑΨΑΣ ΤΕΝΟΝΤΑ (Π.Χ. ΚΥΣΤΗ Ή ΓΑΓΓΛΙΟ),  ΣΚΕΛΟΣ ΚΑΙ/Ή ΠΟΔΟΚΝΗΜΙΚΗ;;;;;
2473;X635229;ΕΚΤΟΜΗ Ή ΑΠΟΞΕΣΗ ΟΣΤΙΚΗΣ ΚΥΣΤΗΣ Ή ΚΑΛΟΗΘΟΥΣ ΟΓΚΟΥ, ΚΝΗΜΗ Ή ΠΕΡΟΝΗ,;;;;;
2474;X635233;ΕΚΤΟΜΗ Ή ΑΠΟΞΕΣΗ ΟΣΤΙΚΗΣ ΚΥΣΤΗΣ Ή ΚΑΛΟΗΘΟΥΣ ΟΓΚΟΥ, ΚΝΗΜΗ Ή ΠΕΡΟΝΗ, ΜΕ ΑΥΤΟΜΟΣΧΕΥΜΑ (ΠΕΡΙΛΑΜΒΑΝΕΙ ΤΗ ΛΗΨΗ ΜΟΣΧΕΥΜΑΤΟΣ);;;;;
2475;X635235;ΕΚΤΟΜΗ Ή ΑΠΟΞΕΣΗ ΟΣΤΙΚΗΣ ΚΥΣΤΗΣ Ή ΚΑΛΟΗΘΟΥΣ ΟΓΚΟΥ, ΚΝΗΜΗ Ή ΠΕΡΟΝΗ, ΜΕ ΑΛΛΟΜΟΣΧΕΥΜΑ;;;;;
2476;X635239;ΜΕΡΙΚΗ ΕΚΤΟΜΗ ΚΝΗΜΗΣ;;;;;
2477;X635241;ΜΕΡΙΚΗ ΕΚΤΟΜΗ ΠΕΡΟΝΗΣ;;;;;
2478;X635249;ΡΙΖΙΚΗ ΕΚΤΟΜΗ ΟΓΚΟΥ, ΟΣΤΟ, ΚΝΗΜΗ;;;;;
2479;X635251;ΡΙΖΙΚΗ ΕΚΤΟΜΗ ΟΓΚΟΥ, ΟΣΤΟ, ΠΕΡΟΝΗ;;;;;
2480;X635253;ΡΙΖΙΚΗ ΕΚΤΟΜΗ ΟΓΚΟΥ, ΟΣΤΟ, ΑΣΤΡΑΓΑΛΟΣ Ή ΠΤΕΡΝΑ;;;;;
2481;X635255;ΕΝΕΣΗ ΓΙΑ ΑΡΘΡΟΓΡΑΦΙΑ ΠΟΔΟΚΝΗΜΙΚΗΣ;;;;;
2482;X635259;ΑΠΟΚΑΤΑΣΤΑΣΗ, ΠΡΩΤΟΠΑΘΗΣ, ΑΝΟΙΚΤΗ Ή ΔΙΑΔΕΡΜΙΚΗ, ΡΗΞΗ ΑΧΙΛΛΕΙΟΥ ΤΕΝΟΝΤΑ;;;;;
2483;X635263;ΑΠΟΚΑΤΑΣΤΑΣΗ, ΠΡΩΤΟΠΑΘΗΣ, ΑΝΟΙΚΤΗ Ή ΔΙΑΔΕΡΜΙΚΗ, ΡΗΞΗ ΑΧΙΛΛΕΙΟΥ ΤΕΝΟΝΤΑ, ΜΕ ΜΟΣΧΕΥΜΑ (ΠΕΡΙΛΑΜΒΑΝΕΙ ΤΗ ΛΗΨΗ ΜΟΣΧΕΥΜΑΤΟΣ);;;;;
2484;X635267;ΑΠΟΚΑΤΑΣΤΑΣΗ, ΔΕΥΤΕΡΟΠΑΘΗΣ, ΑΧΙΛΛΕΙΟΣ ΤΕΝΟΝΤΑΣ, ΜΕ Ή ΧΩΡΙΣ ΜΟΣΧΕΥΜΑ;;;;;
2485;X635271;ΑΝΕΝΕΡΓΟΣ;;;;;
2486;X635275;ΑΠΟΚΑΤΑΣΤΑΣΗ, ΤΕΝΟΝΤΑΣ ΚΑΜΠΤΗΡΑ, ΣΚΕΛΟΣ, ΠΡΩΤΟΠΑΘΗΣ, ΧΩΡΙΣ ΜΟΣΧΕΥΜΑ, ΚΑΘΕ ΤΕΝΟΝΤΑΣ;;;;;
2487;X635277;ΑΠΟΚΑΤΑΣΤΑΣΗ, ΤΕΝΟΝΤΑΣ ΚΑΜΠΤΗΡΑ, ΣΚΕΛΟΣ, ΔΕΥΤΕΡΟΠΑΘΗΣ, ΜΕ Ή ΧΩΡΙΣ ΜΟΣΧΕΥΜΑ, ΚΑΘΕ  ΤΕΝΟΝΤΑΣ;;;;;
2488;X635287;ΑΠΟΚΑΤΑΣΤΑΣΗ, ΤΕΝΟΝΤΑΣ ΕΚΤΕΙΝΟΝΤΟΣ, ΣΚΕΛΟΣ, ΠΡΩΤΟΠΑΘΗΣ, ΧΩΡΙΣ ΜΟΣΧΕΥΜΑ, ΚΑΘΕ ΤΕΝΟΝΤΑΣ;;;;;
2489;X635289;ΑΠΟΚΑΤΑΣΤΑΣΗ, ΤΕΝΟΝΤΑΣ ΕΚΤΕΙΝΟΝΤΟΣ, ΣΚΕΛΟΣ, ΔΕΥΤΕΡΟΠΑΘΗΣ, ΜΕ Ή ΧΩΡΙΣ ΜΟΣΧΕΥΜΑ, ΚΑΘΕ  ΤΕΝΟΝΤΑΣ;;;;;
2490;X635309;ΑΠΟΚΑΤΑΣΤΑΣΗ, ΕΞΑΡΘΡΩΜΕΝΟΙ ΠΕΡΟΝΙΑΙΟΙ ΤΕΝΟΝΤΕΣ, ΧΩΡΙΣ ΠΕΡΟΝΙΑΙΑ ΟΣΤΕΟΤΟΜΙΑ;;;;;
2491;X635311;ΑΠΟΚΑΤΑΣΤΑΣΗ, ΕΞΑΡΘΡΩΜΕΝΟΙ ΠΕΡΟΝΙΑΙΟΙ ΤΕΝΟΝΤΕΣ, ΜΕ ΠΕΡΟΝΙΑΙΑ ΟΣΤΕΟΤΟΜΙΑ;;;;;
2492;X635319;ΤΕΝΟΝΤΟΛΥΣΗ, ΚΑΜΠΤΗΡΑΣ Ή ΕΚΤΕΙΝΩΝ ΤΕΝΟΝΤΑΣ, ΣΚΕΛΟΣ ΚΑΙ/Ή ΠΟΔΟΚΝΗΜΙΚΗ, ΕΝΑΣ, ΚΑΘΕ ΤΕΝΟΝΤΑΣ;;;;;
2493;X635321;ΤΕΝΟΝΤΟΛΥΣΗ, ΚΑΜΠΤΗΡΑΣ Ή ΕΚΤΕΙΝΩΝ ΤΕΝΟΝΤΑΣ, ΣΚΕΛΟΣ ΚΑΙ/Ή ΠΟΔΟΚΝΗΜΙΚΗ, ΠΟΛΛΑΠΛΟΙ ΤΕΝΟΝΤΕΣ (ΜΕΣΩ ΧΩΡΙΣΤΗΣ ΤΟΜΗΣ[ΩΝ]);;;;;
2494;X635329;ΕΠΙΜΗΚΥΝΣΗ Ή ΒΡΑΧΥΝΣΗ ΤΕΝΟΝΤΑ, ΣΚΕΛΟΣ Ή ΠΟΔΟΚΝΗΜΙΚΗ, ΕΝΑΣ ΤΕΝΟΝΤΑΣ (ΞΕΧΩΡΙΣΤΗ ΕΠΕΜΒΑΣΗ);;;;;
2495;X635331;ΕΠΙΜΗΚΥΝΣΗ Ή ΒΡΑΧΥΝΣΗ ΤΕΝΟΝΤΑ, ΣΚΕΛΟΣ Ή ΠΟΔΟΚΝΗΜΙΚΗ, ΠΟΛΛΑΠΛΟΙ ΤΕΝΟΝΤΕΣ (ΜΕΣΩ ΤΗΣ ΙΔΙΑΣ ΤΟΜΗΣ), ΚΑΘΕ ΕΝΑΣ;;;;;
2496;X635333;ΡΙΚΝΩΣΗ ΓΑΣΤΡΟΚΝΗΜΙΟΥ;;;;;
2497;X635339;ΤΕΝΟΝΤΟΜΕΤΑΦΟΡΑ, ΕΠΙΠΟΛΗΣ (Π.Χ. ΠΡΟΣΘΙΟΙ ΚΝΗΜΙΑΙΟΙ ΕΚΤΕΙΝΟΝΤΕΣ ΜΥΕΣ ΣΤΟΝ ΜΕΣΟ ΑΚΡΟ ΠΟΔΑ);;;;;
2498;X635341;ΤΕΝΟΝΤΟΜΕΤΑΦΟΡΑ, ΕΝ ΤΩ ΒΑΘΕΙ (Π.Χ. ΠΡΟΣΘΙΟΣ Ή ΟΠΙΣΘΙΟΣ ΚΝΗΜΙΑΙΟΣ ΜΥΣ ΔΙΑ ΤΟΥ ΜΕΣΟΣΤΕΟΥ ΧΩΡΟΥ,ΜΑΚΡΟΣ ΚΑΜΤΗΡΑΣ ΜΥΣ ΤΩΝ ΔΑΚΤΥΛΩΝ, ΜΑΚΡΟΣ ΚΑΜΠΤΗΡΑΣ ΤΟΥ ΜΕΓΑΛΟΥ ΔΑΚΤΥΛΟΥ Ή ΠΕΡΟΝΙΑΙΟΣ ΤΕΝΟΝΤΑΣ ΣΤΟΝ ΜΕΣΟ Ή ΟΠΙΣΘΙΟ ΑΚΡΟ ΠΟΔΑ);;;;;
2499;X635343;ΤΕΝΟΝΤΟΜΕΤΑΦΟΡΑ, ΚΑΘΕ ΕΠΙΠΛΕΟΝ ΤΕΝΟΝΤΑΣ (ΚΑΤΑΓΡΑΦΕΤΑΙ ΧΩΡΙΣΤΑ ΩΣ ΠΡΟΣΘΗΚΗ ΣΤΟΝ ΚΩΔΙΚΟ ΤΗΣ ΚΥΡΙΑΣ ΕΠΕΜΒΑΣΗΣ);;;;;
2500;X635349;ΑΠΟΚΑΤΑΣΤΑΣΗ, ΠΡΩΤΟΠΑΘΗΣ, ΔΙΑΡΡΗΓΜΕΝΟΣ ΣΥΝΔΕΣΜΟΣ, ΠΟΔΟΚΝΗΜΙΚΗ, ΠΛΑΓΙΟΣ;;;;;
2501;X635351;ΑΠΟΚΑΤΑΣΤΑΣΗ, ΠΡΩΤΟΠΑΘΗΣ, ΔΙΑΡΡΗΓΜΕΝΟΣ ΣΥΝΔΕΣΜΟΣ, ΠΟΔΟΚΝΗΜΙΚΗ, ΑΜΦΟΤΕΡΟΙ ΠΛΑΓΙΟΙ ΣΥΝΔΕΣΜΟΙ;;;;;
2502;X635355;ΑΠΟΚΑΤΑΣΤΑΣΗ, ΔΕΥΤΕΡΟΠΑΘΗΣ, ΔΙΑΡΡΗΓΜΕΝΟΣ ΣΥΝΔΕΣΜΟΣ, ΠΟΔΟΚΝΗΜΙΚΗ, ΠΛΑΓΙΟΣ (Π.Χ.  ΜΕΘΟΔΟΣ WATSON-JONES);;;;;
2503;X635359;ΑΝΕΝΕΡΓΟΣ;;;;;
2504;X635363;ΟΛΙΚΗ ΑΡΘΡΟΠΛΑΣΤΙΚΗ ΠΟΔΟΚΝΗΜΙΚΗΣ;;;;;
2505;X635365;ΑΡΘΡΟΠΛΑΣΤΙΚΗ, ΠΟΔΟΚΝΗΜΙΚΗ, ΑΝΑΘΕΩΡΗΣΗ, ΣΥΝΟΛΟ ΠΟΔΟΚΝΗΜΙΚΗΣ;;;;;
2506;X635367;ΑΦΑΙΡΕΣΗ ΕΜΦΥΤΕΥΜΑΤΟΣ ΠΟΔΟΚΝΗΜΙΚΗΣ;;;;;
2507;X635369;ΟΣΤΕΟΤΟΜΙΑ, ΚΝΗΜΗ;;;;;
2508;X635373;ΟΣΤΕΟΤΟΜΙΑ, ΠΕΡΟΝΗ;;;;;
2509;X635377;ΟΣΤΕΟΤΟΜΙΑ, ΚΝΗΜΗ ΚΑΙ ΠΕΡΟΝΗ;;;;;
2510;X635383;ΟΣΤΕΟΤΟΜΙΑ, ΠΟΛΛΑΠΛΗ, ΜΕ ΑΝΑΔΙΑΤΑΞΗ ΣΕ ΕΝΔΟΜΥΕΛΙΚΟ ΗΛΟ (Π.Χ. ΜΕΘΟΔΟΣ ΤΥΠΟΥ SOFIELD);;;;;
2511;X635389;ΚΝΗΜΗ ΚΑΙ ΠΕΡΟΝΗ, ΕΠΙΜΗΚΥΝΣΗ Ή ΒΡΑΧΥΝΣΗ;;;;;
2512;X635399;ΑΠΟΚΑΤΑΣΤΑΣΗ ΨΕΥΔΑΡΘΡΩΣΗΣ, ΚΝΗΜΗ, ΧΩΡΙΣ ΜΟΣΧΕΥΜΑ, (Π.Χ. ΤΕΧΝΙΚΗ ΣΥΜΠΙΕΣΗΣ);;;;;
2513;X635403;ΑΠΟΚΑΤΑΣΤΑΣΗ ΨΕΥΔΑΡΘΡΩΣΗΣ, ΚΝΗΜΗ, ΜΕ ΟΛΙΣΘΑΙΝΟΝ ΜΟΣΧΕΥΜΑ;;;;;
2514;X635407;ΑΠΟΚΑΤΑΣΤΑΣΗ ΨΕΥΔΑΡΘΡΩΣΗΣ , ΚΝΗΜΗ, ΜΕ ΛΑΓΟΝΙΟ Ή ΑΛΛΟ ΑΥΤΟΜΟΣΧΕΥΜΑ (ΠΕΡΙΛΑΜΒΑΝΕΙ ΤΗ ΛΗΨΗ ΜΟΣΧΕΥΜΑΤΟΣ);;;;;
2515;X635409;ΑΠΟΚΑΤΑΣΤΑΣΗ ΨΕΥΔΑΡΘΡΩΣΗΣ, ΚΝΗΜΗ, ΔΙΑ ΣΥΝΟΣΤEΩΣΗΣ, ΜΕ ΠΕΡΟΝΗ, ΟΠΟΙΑΔΗΠΟΤΕ ΜΕΘΟΔΟΣ;;;;;
2516;X635411;ΑΠΟΚΑΤΑΣΤΑΣΗ ΑΝΩΜΑΛΗΣ ΠΩΡΩΣΗΣ Ή ΨΕΥΔΑΡΘΡΩΣΗΣ ΠΕΡΟΝΗΣ ΜΕ ΕΣΩΤΕΡΙΚΗ ΚΑΘΗΛΩΣΗ;;;;;
2517;X635413;ΑΠΟΚΑΤΑΣΤΑΣΗ ΣΥΓΓΕΝΟΥΣ ΨΕΥΔΑΡΘΡΩΣΗΣ, ΚΝΗΜΗ;;;;;
2518;X635419;ΔΙΑΚΟΠΗ ΤΗΣ ΑΝΑΠΤΥΞΗΣ ΤΟΥ ΟΣΤΟΥ, ΕΠΙΦΥΣΙΑΚΗ (ΕΠΙΦΥΣΙΟΔΕΣΗ), ΑΝΟΙΚΤΗ, ΑΠΩ ΚΝΗΜΗ;;;;;
2519;X635423;ΔΙΑΚΟΠΗ ΤΗΣ ΑΝΑΠΤΥΞΗΣ ΤΟΥ ΟΣΤΟΥ, ΕΠΙΦΥΣΙΑΚΗ (ΕΠΙΦΥΣΙΟΔΕΣΗ), ΑΝΟΙΚΤΗ, ΑΠΩ ΠΕΡΟΝΗ;;;;;
2520;X635427;ΔΙΑΚΟΠΗ ΤΗΣ ΑΝΑΠΤΥΞΗΣ ΤΟΥ ΟΣΤΟΥ, ΕΠΙΦΥΣΙΑΚΗ (ΕΠΙΦΥΣΙΟΔΕΣΗ), ΑΝΟΙΚΤΗ, ΑΠΩ ΚΝΗΜΗ ΚΑΙ ΠΕΡΟΝΗ;;;;;
2521;X635439;ΔΙΑΚΟΠΗ ΤΗΣ ΑΝΑΠΤΥΞΗΣ ΤΟΥ ΟΣΤΟΥ, ΕΠΙΦΥΣΙΑΚΗ (ΕΠΙΦΥΣΙΟΔΕΣΗ), ΟΠΟΙΑΔΗΠΟΤΕ ΜΕΘΟΔΟΣ, ΣΥΝΔΥΑΣΜΕΝΗ,  ΕΓΓΥΣ ΚΑΙ ΑΠΩ ΚΝΗΜΗ ΚΑΙ ΠΕΡΟΝΗ,;;;;;
2522;X635443;ΔΙΑΚΟΠΗ ΤΗΣ ΑΝΑΠΤΥΞΗΣ ΤΟΥ ΟΣΤΟΥ, ΕΠΙΦΥΣΙΑΚΗ (ΕΠΙΦΥΣΙΟΔΕΣΗ), ΟΠΟΙΑΔΗΠΟΤΕ ΜΕΘΟΔΟΣ, ΣΥΝΔΥΑΣΜΕΝΗΣ ΕΓΓΥΣ ΚΑΙ ΑΠΩ ΚΝΗΜΗ ΚΑΙ ΠΕΡΟΝΗ, ΚΑΙ ΑΠΩ ΜΗΡΙΑΙΟ;;;;;
2523;X635449;ΑΝΕΝΕΡΓΟΣ;;;;;
2524;X635459;ΚΛΕΙΣΤΗ ΑΝΑΤΑΞΗ ΚΑΤΑΓΜΑΤΟΣ ΤΗΣ ΔΙΑΦΥΣΗΣ ΤΗΣ ΚΝΗΜΗΣ (ΜΕ Ή ΧΩΡΙΣ ΠΕΡΟΝΙΑΙΟ ΚΑΤΑΓΜΑ), ΧΩΡΙΣ ΧΕΙΡΙΣΜΟ;;;;;
2525;X635463;ΚΛΕΙΣΤΗ ΑΝΑΤΑΞΗ ΚΑΤΑΓΜΑΤΟΣ ΤΗΣ ΔΙΑΦΥΣΗΣ ΤΗΣ ΚΝΗΜΗΣ (ΜΕ Ή ΧΩΡΙΣ  ΚΑΤΑΓΜΑ ΠΕΡΟΝΗΣ), ΜΕ ΧΕΙΡΙΣΜΟ;;;;;
2526;X635471;ΑΝΕΝΕΡΓΟΣ;;;;;
2527;X635475;ΑΝΟΙΚΤΗ ΑΝΑΤΑΞΗ ΚΑΤΑΓΜΑΤΟΣ ΤΗΣ ΔΙΑΦΥΣΗΣ ΤΗΣ ΚΝΗΜΗΣ (ΜΕ Ή ΧΩΡΙΣ  ΚΑΤΑΓΜΑ ΠΕΡΟΝΗΣ), ΚΑΙ ΟΣΤΕΟΣΥΝΘΕΣΗ ΜΕ ΠΛΑΚΑ/ΒΙΔΕΣ;;;;;
2528;X635477;ΑΝΑΤΑΞΗ ΚΑΤΑΓΜΑΤΟΣ ΤΗΣ ΔΙΑΦΥΣΗΣ ΤΗΣ ΚΝΗΜΗΣ (ΜΕ Ή ΧΩΡΙΣ  ΚΑΤΑΓΜΑ ΠΕΡΟΝΗΣ), ΚΑΙ ΟΣΤΕΟΣΥΝΘΕΣΗ ΜΕ ΕΝΔΟΜΥΕΛΙΚΟ ΗΛΟ;;;;;
2529;X635479;ΚΛΕΙΣΤΗ ΑΝΑΤΑΞΗ ΤΟΥ ΚΑΤΑΓΜΑΤΟΣ ΤΟΥ ΕΣΩ ΣΦΥΡΟΥ;;;;;
2530;X635483;ΑΝΕΝΕΡΓΟΣ;;;;;
2531;X635491;ΑΝΟΙΧΤΗ ΑΝΑΤΑΞΗ ΚΑΙ ΕΣΩΤΕΡΙΚΗ ΟΣΤΕΟΣΥΝΘΕΣΗ ΤΟΥ ΚΑΤΑΓΜΑΤΟΣ ΤΟΥ ΕΣΩ ΣΦΥΡΟΥ ;;;;;
2532;X635493;ΚΛΕΙΣΤΗ ΑΝΑΤΑΞΗ ΤΟΥ ΚΑΤΑΓΜΑΤΟΣ ΤΟΥ ΟΠΙΣΘΙΟΥ ΣΦΥΡΟΥ;;;;;
2533;X635495;ΑΝΕΝΕΡΓΟΣ;;;;;
2534;X635497;ΑΝΟΙΧΤΗ ΑΝΑΤΑΞΗ ΚΑΙ ΕΣΩΤΕΡΙΚΗ ΟΣΤΕΟΣΥΝΘΕΣΗ ΤΟΥ ΚΑΤΑΓΜΑΤΟΣ ΤΟΥ ΟΠΙΣΘΙΟΥ ΣΦΥΡΟΥ ;;;;;
2535;X635519;ΚΛΕΙΣΤΗ ΑΝΑΤΑΞΗ ΚΑΤΑΓΜΑΤΟΣ ΕΓΓΥΣ ΠΕΡΟΝΗΣ Η ΔΙΑΦΥΣΗΣ;;;;;
2536;X635521;ΑΝΕΝΕΡΓΟΣ;;;;;
2537;X635527;ΑΝΟΙΧΤΗ ΑΝΑΤΑΞΗ ΚΑΙ ΕΣΩΤΕΡΙΚΗ ΟΣΤΕΟΣΥΝΘΕΣΗ ΚΑΤΑΓΜΑΤΟΣ ΕΓΓΥΣ ΠΕΡΟΝΗΣ Η ΔΙΑΦΥΣΗΣ;;;;;
2538;X635531;ΚΛΕΙΣΤΗ ΑΝΑΤΑΞΗ ΤΟΥ ΚΑΤΑΓΜΑΤΟΣ ΤΟΥ ΕΞΩ  ΣΦΥΡΟΥ;;;;;
2539;X635535;ΑΝΕΝΕΡΓΟΣ;;;;;
2540;X635543;ΑΝΟΙΧΤΗ ΑΝΑΤΑΞΗ ΚΑΙ ΕΣΩΤΕΡΙΚΗ ΟΣΤΕΟΣΥΝΘΕΣΗ ΤΟΥ ΚΑΤΑΓΜΑΤΟΣ ΤΟΥ ΕΞΩ ΣΦΥΡΟΥ ;;;;;
2541;X635575;ΚΛΕΙΣΤΗ ΑΝΑΤΑΞΗ ΑΜΦΙΣΦΥΡΙΟΥ  ΚΑΤΑΓΜΑΤΟΣ ;;;;;
2542;X635579;ΑΝΕΝΕΡΓΟΣ;;;;;
2543;X635587;ΑΝΟΙΧΤΗ ΑΝΑΤΑΞΗ ΚΑΙ ΕΣΩΤΕΡΙΚΗ ΟΣΤΕΟΣΥΝΘΕΣΗ ΑΜΦΙΣΦΥΡΙΟΥ  ΚΑΤΑΓΜΑΤΟΣ ;;;;;
2544;X635591;ΚΛΕΙΣΤΗ ΑΝΑΤΑΞΗ ΤΡΙΣΦΥΡΙΟΥ  ΚΑΤΑΓΜΑΤΟΣ ;;;;;
2545;X635595;ΑΝΕΝΕΡΓΟΣ;;;;;
2546;X635603;ΑΝΟΙΧΤΗ ΑΝΑΤΑΞΗ ΚΑΙ ΕΣΩΤΕΡΙΚΗ ΟΣΤΕΟΣΥΝΘΕΣΗ ΤΡΙΣΦΥΡΙΟΥ  ΚΑΤΑΓΜΑΤΟΣ ΧΩΡΙΣ ΚΑΘΗΛΩΣΗ ΤΟΥ ΟΠΙΣΘΙΟΥ ΣΦΥΡΟΥ;;;;;
2547;X635605;ΑΝΟΙΧΤΗ ΑΝΑΤΑΞΗ ΚΑΙ ΕΣΩΤΕΡΙΚΗ ΟΣΤΕΟΣΥΝΘΕΣΗ ΤΡΙΣΦΥΡΙΟΥ  ΚΑΤΑΓΜΑΤΟΣ ΜΕ ΚΑΘΗΛΩΣΗ ΤΟΥ ΟΠΙΣΘΙΟΥ ΣΦΥΡΟΥ;;;;;
2548;X635607;ΑΝΕΝΕΡΓΟΣ;;;;;
2549;X635609;ΚΛΕΙΣΤΗ ΑΝΑΤΑΞΗ ΕΝΔΑΡΘΡΙΚΟΥ ΚΑΤΑΓΜΑΤΟΣ ΤΗΣ ΠΕΡΙΦΕΡΙΚΗ ΚΝΗΜΗΣ ( ΤΥΠΟΥ PILON ), ΜΕ Ή ΧΩΡΙΣ ΑΝΑΙΣΘΗΣΙΑ ;;;;;
2550;X635611;ΑΝΕΝΕΡΓΟΣ;;;;;
2551;X635613;ΑΝΕΝΕΡΓΟΣ;;;;;
2552;X635615;ΑΝΟΙΚΤΗ ΑΝΑΤΑΞΗ ΕΝΔΑΡΘΡΙΚΟΥ ΚΑΤΑΓΜΑΤΟΣ ΤΗΣ ΠΕΡΙΦΕΡΙΚΗ ΚΝΗΜΗΣ ( ΤΥΠΟΥ PILON ), ΚΑΙ ΕΣΩΤΕΡΙΚΗ Η ΕΞΩΤΕΡΙΚΗ ΟΣΤΕΟΣΥΝΘΕΣΗ ΤΗΣ ΚΝΗΜΗΣ ΜΕ Η ΧΩΡΙΣ ΟΣΤΕΟΣΥΝΘΕΣΗ ΤΗΣ ΠΕΡΟΝΗΣ;;;;;
2553;X635617;ΑΝΟΙΧΤΗ ΑΝΑΤΑΞΗ ΡΗΞΗΣ ΤΗΣ ΑΠΩ ΚΝΗΜΟΠΕΡΟΝΙΑΙΑΣ ΑΡΘΡΩΣΗΣ (ΣΥΝΔΕΣΜΩΣΗ), ΠΕΡΙΛΑΜΒΑΝΕΙ ΕΣΩΤΕΡΙΚΗ ΚΑΘΗΛΩΣΗ, ΟΤΑΝ ΕΚΤΕΛΕΙΤΑΙ;;;;;
2554;X635619;ΚΛΕΙΣΤΗ ΑΝΑΤΑΞΗ ΕΞΑΡΘΡΩΣΗΣ ΤΗΣ ΕΓΓΥΣ ΚΝΗΜΟΠΕΡΟΝΙΑΙΑΣ ΑΡΘΡΩΣΗΣ, ΧΩΡΙΣ ΑΝΑΙΣΘΗΣΙΑ;;;;;
2555;X635621;ΚΛΕΙΣΤΗ ΑΝΑΤΑΞΗ ΕΞΑΡΘΡΩΣΗΣ ΤΗΣ ΕΓΓΥΣ ΚΝΗΜΟΠΕΡΟΝΙΑΙΑΣ ΑΡΘΡΩΣΗΣ , ΑΠΑΙΤΟΥΣΑ  ΑΝΑΙΣΘΗΣΙΑ;;;;;
2556;X635623;ΑΝΟΙΧΤΗ ΑΝΑΤΑΞΗ ΕΞΑΡΘΡΩΣΗΣ ΤΗΣ ΕΓΓΥΣ ΚΝΗΜΟΠΕΡΟΝΙΑΙΑΣ ΑΡΘΡΩΣΗΣ, ΠΕΡΙΛΑΜΒΑΝΕΙ ΕΣΩΤΕΡΙΚΗ ΚΑΘΗΛΩΣΗ, ΟΤΑΝ ΕΚΤΕΛΕΙΤΑΙ, Ή ΜΕ ΕΚΤΟΜΗ ΤΗΣ ΕΓΓΥΣ ΠΕΡΟΝΗΣ;;;;;
2557;X635639;ΑΝΕΝΕΡΓΟΣ;;;;;
2558;X635643;ΚΛΕΙΣΤΗ ΑΝΑΤΑΞΗ ΕΞΑΡΘΡΗΜΑΤΟΣ ΠΟΔΟΚΝΗΜΙΚΗΣ, ΜΕ Η ΧΩΡΙΣ ΣΤΑΘΕΡΟΠΟΙΗΣΗ ΜΕ ΒΕΛΟΝΕΣ;;;;;
2559;X635651;ΑΝΕΝΕΡΓΟΣ;;;;;
2560;X635655;ΑΝΕΝΕΡΓΟΣ;;;;;
2561;X635679;ΧΕΙΡΙΣΜΟΣ ΠΟΔΟΚΝΗΜΙΚΗΣ ΥΠΟ ΟΛΙΚΗ ΑΝΑΙΣΘΗΣΙΑ (ΠΕΡΙΛΑΜΒΑΝΕΙ ΕΦΑΡΜΟΓΗ   ΕΛΞΗΣ Η ΑΛΛΩΝ ΣΥΣΚΕΥΩΝ ΚΑΘΗΛΩΣΗΣ);;;;;
2562;X635699;ΑΡΘΡΟΔΕΣΗ, ΠΟΔΟΚΝΗΜΙΚΗ, ΑΝΟΙΧΤΗ;;;;;
2563;X635701;ΑΡΘΡΟΔΕΣΗ, ΚΝΗΜΟΠΕΡΟΝΙΑΙΑ ΑΡΘΡΩΣΗ, ΕΓΓΥΣ Ή ΑΠΩ;;;;;
2564;X635719;ΑΚΡΩΤΗΡΙΑΣΜΟΣ, ΣΚΕΛΟΣ, ΔΙΑ ΤΗΣ ΚΝΗΜΗΣ ΚΑΙ ΠΕΡΟΝΗΣ;;;;;
2565;X635721;ΑΚΡΩΤΗΡΙΑΣΜΟΣ, ΣΚΕΛΟΣ, ΔΙΑ ΤΗΣ ΚΝΗΜΗΣ ΚΑΙ ΠΕΡΟΝΗΣ, ΜΕ ΤΕΧΝΙΚΗ ΑΜΕΣΗΣ ΕΦΑΡΜΟΓΗΣ ΠΟΥ ΠΕΡΙΛΑΜΒΑΝΕΙ ΤΟΠΟΘΕΤΗΣΗ ΤΟΥ ΠΡΩΤΟΥ ΟΡΘΟΠΕΔΙΚΟΥ ΓΥΨΟΥ;;;;;
2566;X635723;ΑΚΡΩΤΗΡΙΑΣΜΟΣ, ΣΚΕΛΟΣ, ΔΙΑ ΤΗΣ ΚΝΗΜΗΣ ΚΑΙ ΠΕΡΟΝΗΣ, ΑΝΟΙΧΤΗ, ΚΥΚΛΙΚΗ (ΤΥΠΟΥ GUILLOTINE);;;;;
2567;X635727;ΑΚΡΩΤΗΡΙΑΣΜΟΣ, ΣΚΕΛΟΣ, ΔΙΑ ΤΗΣ ΚΝΗΜΗΣ ΚΑΙ ΠΕΡΟΝΗΣ, ΔΕΥΤΕΡΕΥΟΥΣΑ ΣΥΓΚΛΕΙΣΗ Ή ΑΠΟΚΑΤΑΣΤΑΣΗ ΟΥΛΩΝ;;;;;
2568;X635731;ΑΚΡΩΤΗΡΙΑΣΜΟΣ, ΣΚΕΛΟΣ, ΔΙΑ ΤΗΣ ΚΝΗΜΗΣ ΚΑΙ ΠΕΡΟΝΗΣ, ΕΠΑΝAKΡΩΤΗΡΙΑΣΜΟΣ;;;;;
2569;X635735;ΑΚΡΩΤΗΡΙΑΣΜΟΣ, ΠΟΔΟΚΝΗΜΙΚΗ, ΔΙΑ ΤΩΝ ΣΦΥΡΩΝ ΚΝΗΜΗΣ ΚΑΙ ΠΕΡΟΝΗΣ (ΠΧ. ΕΠΕΜΒΑΣΕΙΣ ΤΥΠΟΥ, SYME ΚΑΙ PIROGOFF), ΜΕ ΠΛΑΣΤΙΚΗ ΣΥΓΚΛΕΙΣΗ ΚΑΙ ΑΦΑΙΡΕΣΗ ΝΕΥΡΩΝ;;;;;
2570;X635737;ΑΠΕΞΑΡΘΡΩΣΗ ΠΟΔΟΚΝΗΜΙΚΗΣ;;;;;
2571;X635743;ΔΙΑΤΟΜΗ ΠΕΡΙΤΟΝΙΑΣ ΓΑΣΤΡΟΚΝΗΜΙΑΣ, ΑΠΟΣΥΜΠΙΕΣΗ ΔΙΑΜΕΡΙΣΜΑΤΩΝ ΚΑΙ ΧΕΙΡΟΥΡΓΙΚΟΣ ΚΑΘΑΡΙΣΜΟΣ ΜΗ ΒΙΩΣΙΜΩΝ ΙΣΤΩΝ;;;;;
2572;X635745;ΑΝΕΝΕΡΓΟΣ;;;;;
2573;X635747;ΑΝΕΝΕΡΓΟΣ;;;;;
2574;X635757;ΜΗ ΚΑΤΑΓΕΓΡΑΜΕΝΗ ΔΙΑΔΙΚΑΣΙΑ, ΣΚΕΛΟΣ Ή ΠΟΔΟΚΝΗΜΙΚΗ;;;;;
2575;X635757.1;ΔΙΑΓΝΩΣΤΙΚΗ ΑΡΘΡΟΣΚΟΠΗΣΗ ΠΟΔΟΚΝΗΜΙΚΗΣ;;;;;
2576;X635757.2;ΑΡΘΡΟΣΚΟΠΙΚΗ ΑΡΘΡΟΔΕΣΗ ΠΟΔΟΚΝΗΜΙΚΗΣ;;;;;
2577;X635757.3;ΕΠΕΜΒΑΤΙΚΗ ΑΡΘΡΟΣΚΟΠΙΣΗ ΠΟΔΟΚΝΗΜΙΚΗΣ;;;;;
2578;X635757.4;ΑΝΑΤΑΞΗ ΚΑΤΑΓΜΑΤΟΣ ΤΗΣ ΔΙΑΦΥΣΗΣ ΤΗΣ ΚΝΗΜΗΣ (ΜΕ Ή ΧΩΡΙΣ  ΚΑΤΑΓΜΑ ΠΕΡΟΝΗΣ), ΚΑΙ ΕΞΩΤΕΡΙΚΗ ΟΣΤΕΟΣΥΝΘΕΣΗ ;;;;;
2579;X635961;ΤΟΜΗ ΚΑΙ ΠΑΡΟΧΕΤΕΥΣΗ, ΑΡΘΡΙΚΟΣ ΘΥΛΑΚΟΣ, ΑΚΡΟΣ ΠΟΥΣ;;;;;
2580;X635963;ΑΝΕΝΕΡΓΟΣ;;;;;
2581;X635965;ΑΝΕΝΕΡΓΟΣ;;;;;
2582;X635969;ΤΟΜΗ, ΦΛΟΙΟΣ ΟΣΤΟΥ (ΠΧ., ΟΣΤΕΟΜΥΕΛΙΤΙΔΑ Η ΑΠΟΣΤΗΜΑ ΟΣΤΟΥ), ΑΚΡΟΣ ΠΟΥΣ;;;;;
2583;X635975;ΤΟΜΗ ΠΕΡΙΤΟΝΙΑΣ, ΑΚΡΟΣ ΠΟΥΣ ΚΑΙ/Ή ΔΑΧΤΥΛΟ;;;;;
2584;X635979;ΤΕΝΟΝΤΟΤΟΜΗ, ΔΙΑΔΕΡΜΙΚΗ, ΔΑΧΤΥΛΟ, ΕΝΑΣ ΤΕΝΟΝΤΑΣ;;;;;
2585;X635981;ΤΕΝΟΝΤΟΤΟΜΗ, ΔΙΑΔΕΡΜΙΚΗ, ΔΑΧΤΥΛΟ, ΠΟΛΛΑΠΛΟΙ ΤΕΝΟΝΤΕΣ;;;;;
2586;X635999;ΑΡΘΡΟΤΟΜΗ, ΠΕΡΙΛΑΜΒΑΝΕΤΑΙ ΔΙΕΡΕΥΝΥΣΗ, ΠΑΡΟΧΕΤΕΥΣΗΣ, Ή ΑΦΑΙΡΕΣΗΣ ΕΛΕΥΘΕΡΟΥ Ή ΞΕΝΟΥ ΣΩΜΑΤΟΣ, ΕΝΔΟΤΑΡΣΙΑΣ Ή ΤΑΡΣΟΜΕΤΑΤΑΡΣΙΑΣ ΑΡΘΡΩΣΗΣ;;;;;
2587;X636003;ΑΡΘΡΟΤΟΜΗ, ΣΥΜΠΕΡΙΛΑΜΒΑΝΟΜΕΝΗΣ ΔΙΕΡΕΥΝΗΣΗΣ, ΠΑΡΟΧΕΤΕΥΣΗΣ, Ή ΑΦΑΙΡΕΣΗΣ ΕΛΕΥΘΕΡΟΥ Ή ΞΕΝΟΥ ΣΩΜΑΤΟΣ, ΜΕΤΑΤΑΡΣΙΟΦΑΛΑΓΓΙΚΗ ΑΡΘΡΩΣΗ;;;;;
2588;X636007;ΑΡΘΡΟΤΟΜΗ, ΣΥΜΠΕΡΙΛΑΜΒΑΝΟΜΕΝΗΣ ΔΙΕΡΕΥΝΗΣΗΣ, ΠΑΡΟΧΕΤΕΥΣΗΣ, Ή ΑΦΑΙΡΕΣΗΣ ΕΛΕΥΘΕΡΟΥ Ή ΞΕΝΟΥ ΣΩΜΑΤΟΣ, ΜΕΣΟΦΑΛΑΓΓΙΚΗ ΑΡΘΡΩΣΗ;;;;;
2589;X636029;ΑΠΕΛΕΥΘΕΡΩΣΗ, ΤΑΡΣIΑΙΟΣ ΣΩΛΗΝΑΣ (ΑΠΟΣΥΜΠΙΕΣΗ ΝΕΥΡΟΥ ΟΠΙΣΘΙΑΣ ΚΝΗΜΗΣ);;;;;
2590;X636045;ΕΚΤΟΜΗ, ΟΓΚΟΣ, ΚΑΤΩ ΑΚΡΟ, ΥΠΟΔΟΡΙΟΣ ΙΣΤΟΣ;;;;;
2591;X636049;ΕΚΤΟΜΗ, ΟΓΚΟΣ, ΚΑΤΩ ΑΚΡΟ, ΕΝ ΤΩ ΒΑΘΕΙ, ΥΠΟΠΕΡΙΤΟΝΙΑΚΟΣ, ΕΝΔΟΜΥΪΚΟΣ;;;;;
2592;X636051;ΡΙΖΙΚΗ ΑΦΑΙΡΕΣΗ ΟΓΚΟΥ (ΠΧ. ΚΑΚΟΗΘΟΥΣ ΝΕΟΠΛΑΣΜΑΤΟΣ), ΜΑΛΑΚΟΣ ΙΣΤΟΣ ΑΚΡΟΥ ΠΟΔΟΣ;;;;;
2593;X636059;ΑΡΘΡΟΤΟΜΗ ΜΕ ΒΙΟΨΙΑ, ΕΝΔΟΤΑΡΣΙΑ Ή ΤΑΡΣΟΜΕΤΑΤΑΡΣΙΑ ΑΡΘΡΩΣΗ;;;;;
2594;X636063;ΑΡΘΡΟΤΟΜΗ ΜΕ ΒΙΟΨΙΑ, ΜΕΤΑΤΑΡΣΙΟΦΑΛΑΓΓΙΚΗ ΑΡΘΡΩΣΗ;;;;;
2595;X636067;ΑΡΘΡΟΤΟΜΗ ΜΕ ΒΙΟΨΙΑ, ΜΕΣΟΦΑΛΑΓΓΙΚΗ ΑΡΘΡΩΣΗ;;;;;
2596;X636069;ΑΝΕΝΕΡΓΟΣ;;;;;
2597;X636079;ΕΚΤΟΜΗ ΠΕΡΙΤΟΝΙΑΣ, ΠΕΛΜΑΤΙΑΙΑ ΠΕΡΙΤΟΝΙΑ, ΜΕΡΙΚΗ (ΞΕΧΩΡΙΣΤΗ ΕΠΕΜΒΑΣΗ);;;;;
2598;X636083;ΕΚΤΟΜΗ ΠΕΡΙΤΟΝΙΑΣ, ΠΕΛΜΑΤΙΑΙΑ ΠΕΡΙΤΟΝΙΑ, ΡΙΖΙΚΗ (ΞΕΧΩΡΙΣΤΗ ΕΠΕΜΒΑΣΗ);;;;;
2599;X636099;ΘΥΛΑΚΕΚΤΟΜΗ, ΕΝΔΟΤΑΡΣΙΑ Η  ΤΑΡΣΟΜΕΤΑΤΑΡΣΙΑ ΑΡΘΡΩΣΗ, ΚΑΘΕ ΕΚΤΟΜΗ;;;;;
2600;X636103;ΘΥΛΑΚΕΚΤΟΜΗ, ΜΕΤΑΤΑΡΣΙΟΦΑΛΑΓΓΙΚΗ ΑΡΘΡΩΣΗ, ΚΑΘΕ ΕΚΤΟΜΗ;;;;;
2601;X636119;ΕΚΤΟΜΗ, ΜΕΣΟΔΑΚΤΥΛΙΟ ΝΕΥΡΙΝΩΜΑ (MORTON), ΕΝΑ, ΚΑΘΕ ΕΚΤΟΜΗ;;;;;
2602;X636131;ΘΥΛΑΚΕΚΤΟΜΗ, ΕΛΥΤΡΟ ΤΕΝΟΝΤΑ, ΑΚΡΟΣ ΠΟΥΣ, ΚΑΜΠΤΗΡΑΣ;;;;;
2603;X636135;ΘΥΛΑΚΕΚΤΟΜΗ, ΕΛΥΤΡΟ ΤΕΝΟΝΤΑ, ΑΚΡΟΣ ΠΟΥΣ, ΕΚΤΕΙΝΩΝ;;;;;
2604;X636139;ΕΚΤΟΜΗ ΒΛΑΒΗΣ, ΤΕΝΟΝΤΑΣ, ΕΛΥΤΡΟ ΤΕΝΟΝΤΑ, Η ΚΑΨΟΥΛΑ (ΣΥΜΠΕΡΙΛΑΜΒΑΝΟΜΕΝΗΣ ΤΗΣ ΘΥΛΑΚΕΚΤΟΜΗΣ) (ΠΧ. ΚΥΣΤΗ Ή ΓΑΓΓΛΙΟ), ΑΚΡΟΣ ΠΟΥΣ;;;;;
2605;X636143;ΕΚΤΟΜΗ ΒΛΑΒΗΣ, ΤΕΝΟΝΤΑ, ΕΛΥΤΡΟΥ ΤΕΝΟΝΤΑ, 'Η ΚΑΨΟΥΛΑΣ (ΣΥΜΠΕΡΙΛΑΜΒΑΝΟΜΕΝΗΣ ΤΗΣ ΘΥΛΑΚΕΚΤΟΜΗΣ) (ΠΧ. ΚΥΣΤΗ 'Η ΓΑΓΓΛΙΟ), ΔΑΧΤΥΛΟ(Α), ΚΑΘΕ ΒΛΑΒΗ;;;;;
2606;X636159;ΕΚΤΟΜΗ Ή ΑΠΟΞΕΣΗ ΟΣΤΙΚΗΣ ΚΥΣΤΗΣ 'Η ΚΑΛΟΗΘΟΥΣ ΟΓΚΟΥ, ΑΣΤΡΑΓΑΛΟΣ  Ή ΠΤΕΡΝΑ,;;;;;
2607;X636163;ΕΚΤΟΜΗ Ή ΑΠΟΞΕΣΗ ΟΣΤΙΚΗΣ ΚΥΣΤΗΣ Ή ΚΑΛΟΗΘΟΥΣ ΟΓΚΟΥ, ΑΣΤΡΑΓΑΛΟΣ Ή ΠΤΕΡΝΑ ΜΕ ΛΑΓΟΝΙΟ Η ΑΛΛΟ ΑΥΤΟΜΟΣΧΕΥΜΑ (ΠΕΡΙΛΑΜΒΑΝΕΙ ΛΗΨΗ ΜΟΣΧΕΥΜΑΤΟΣ);;;;;
2608;X636165;ΕΚΤΟΜΗ Ή ΑΠΟΞΕΣΗ ΟΣΤΙΚΗΣ ΚΥΣΤΗΣ Ή ΚΑΛΟΗΘΟΥΣ ΟΓΚΟΥ, ΑΣΤΡΑΓΑΛΟΣ  'Η ΠΤΕΡΝΑ,  ΜΕ ΑΛΛΟΜΟΣΧΕΥΜΑ;;;;;
2609;X636167;ΕΚΤΟΜΗ Ή ΑΠΟΞΕΣΗ ΟΣΤΙΚΗΣ ΚΥΣΤΗΣ Ή ΚΑΛΟΗΘΟΥΣ ΟΓΚΟΥ, ΤΑΡΣΟΥ Ή ΜΕΤΑΤΑΡΣΙΟΥ, ΕΚΤΟΣ ΑΣΤΡΑΓΑΛΟΥ  Ή  ΠΤΕΡΝΑΣ;;;;;
2610;X636171;ΕΚΤΟΜΗ Η ΑΠΟΞΕΣΗ ΟΣΤΙΚΗΣ ΚΥΣΤΗΣ Ή ΚΑΛΟΗΘΟΥΣ ΟΓΚΟΥ, ΤΑΡΣΟΥ Ή ΜΕΤΑΤΑΡΣΙΟΥ, ΕΚΤΟΣ ΑΣΤΡΑΓΑΛΟΥ Ή ΠΤΕΡΝΑΣ, ΜΕ ΛΑΓΟΝΙΟ Ή ΑΛΛΟ ΑΥΤΟΜΟΣΧΕΥΜΑ (ΠΕΡΙΛΑΜΒΑΝΕΙ ΤΗ ΛΗΨΗ ΜΟΣΧΕΥΜΑΤΟΣ);;;;;
2611;X636173;ΕΚΤΟΜΗ Η ΑΠΟΞΕΣΗ ΟΣΤΙΚΗΣ ΚΥΣΤΗΣ Η ΚΑΛΟΗΘΟΥΣ ΟΓΚΟΥ, ΤΑΡΣΟΥ Ή ΜΕΤΑΤΑΡΣΙΟΥ, ΕΚΤΟΣ ΑΣΤΡΑΓΑΛΟΥ Ή ΠΤΕΡΝΑΣ, ΜΕ ΑΛΛΟΜΟΣΧΕΥΜΑ;;;;;
2612;X636175;ΕΚΤΟΜΗ Ή ΑΠΟΞΕΣΗ ΟΣΤΙΚΗΣ ΚΥΣΤΗΣ Ή ΚΑΛΟΗΘΟΥΣ ΟΓΚΟΥ, ΦΑΛΑΓΓΕΣ ΑΚΡΟΥ ΠΟΔΟΣ;;;;;
2613;X636179;ΟΣΤΕΟΤΟΜΙΑ, ΜΕΡΙΚΗ ΕΚΤΟΜΗ, ΚΕΦΑΛΗ ΠΕΜΠΤΟΥ ΜΕΤΑΤΑΡΣΙΟΥ (ΚΟΤΣΙ ΤΟΥ ΡΑΦΤΗ) (ΞΕΧΩΡΙΣΤΗ ΕΠΕΜΒΑΣΗ);;;;;
2614;X636181;ΟΣΤΕΟΤΟΜΙΑ, ΠΛΗΡΗΣ ΕΚΤΟΜΗ, ΚΕΦΑΛΗ ΠΡΩΤΟΥ ΜΕΤΑΤΑΡΣΙΟΥ;;;;;
2615;X636183;ΟΣΤΕΟΤΟΜΙΑ, ΠΛΗΡΗΣ ΕΚΤΟΜΗ, ΚΕΦΑΛΗ ΑΛΛΟΥ ΜΕΤΑΤΑΡΣΙΟΥ (ΔΕΥΤΕΡΟΥ, ΤΡΙΤΟΥ Ή ΤΕΤΑΡΤΟΥ);;;;;
2616;X636185;ΟΣΤΕΟΤΟΜΙΑ, ΠΛΗΡΗΣ ΕΚΤΟΜΗ, ΚΕΦΑΛΗ ΠΕΜΠΤΟΥ ΜΕΤΑΤΑΡΣΙΟΥ;;;;;
2617;X636187;ΟΣΤΕΟΤΟΜΙΑ, ΠΛΗΡΗΣ ΕΚΤΟΜΗ, ΚΕΦΑΛΕΣ ΟΛΩΝ ΤΩΝ ΜΕΤΑΤΑΡΣΙΩΝ, ΜΕ ΜΕΡΙΚΗ ΕΓΓΥΣ ΦΑΛΑΓΓΕΚΤΟΜΗ, EΚΤΟΣ ΠΡΩΤΟΥ ΜΕΤΑΤΑΡΣΙΟΥ (ΠΧ. ΕΠΕΜΒΑΣΗ ΤΥΠΟΥ CLAYTON);;;;;
2618;X636191;ΟΣΤΕΟΤΟΜΙΑ, ΕΚΤΟΜΗ ΤΑΡΣΙΑΙΑΣ ΣΥΝΟΣΤΕΩΣΗΣ;;;;;
2619;X636195;ΟΣΤΕΟΤΟΜΙΑ, ΠΤΕΡΝΑ;;;;;
2620;X636197;ΟΣΤΕΟΤΟΜΙΑ, ΠΤΕΡΝΑ, ΓΙΑ ΑΚΑΝΘΑ, ΜΕ Ή ΑΝΕΥ ΑΠΟΔΕΣΜΕΥΣΗ ΠΕΛΜΑΤΙΑΙΑΣ ΠΕΡΙΤΟΝΙΑΣ;;;;;
2621;X636199;ΧΕΙΡΟΥΡΓΙΚΟΣ ΚΑΘΑΡΙΣΜΟΣ ΑΣΤΡΑΓΑΛΟΥ Η ΠΤΕΡΝΑΣ;;;;;
2622;X636203;ΧΕΙΡΟΥΡΓΙΚΟΣ ΚΑΘΑΡΙΣΜΟΣ ΟΣΤΟΥ ΤΑΡΣΟΥ Η ΜΕΤΑΤΑΡΣΙΟΥ;;;;;
2623;X636207;ΜΕΡΙΚΗ ΕΚΤΟΜΗ ΦΑΛΑΓΓΑΣ ΔΑΚΤΥΛΟΥ;;;;;
2624;X636211;ΑΦΑΙΡΕΣΗ, ΜΕΡΙΚΗ Ή ΟΛΙΚΗ, ΒΑΣΗ ΦΑΛΑΓΓΑΣ, ΚΑΘΕ ΔΑΧΤΥΛΟ ΚΑΤΩ ΑΚΡΟΥ;;;;;
2625;X636219;ΑΣΤΡΑΓΑΛΕΚΤΟΜΗ;;;;;
2626;X636239;ΑΝΕΝΕΡΓΟΣ;;;;;
2627;X636259;ΦΑΛΑΓΓΕΚΤΟΜΗ, ΔΑΧΤΥΛΟ ΚΑΤΩ ΑΚΡΟΥ, ΚΑΘΕ ΔΑΧΤΥΛΟ;;;;;
2628;X636265;ΑΦΑΙΡΕΣΗ, ΚΟΝΔΥΛΟΣ(ΟΙ), ΑΠΩ ΑΚΡΟ ΤΗΣ ΦΑΛΑΓΓΑΣ, ΚΑΘΕ ΔΑΧΤΥΛΟ ΚΑΤΩ ΑΚΡΟΥ;;;;;
2629;X636279;ΗΜΙΦΑΛΑΓΓΕΚΤΟΜΗ Ή ΕΚΤΟΜΗ ΜΕΣΟΦΑΛΑΓΓΙΚΗΣ ΑΡΘΡΩΣΗΣ, ΔΑΧΤΥΛΟ ΚΑΤΩ ΑΚΡΟΥ, ΕΓΓΥΣ ΑΚΡΟ ΦΑΛΑΓΓΑΣ, ΚΑΘΕ ΦΑΛΑΓΓΑ;;;;;
2630;X636301;ΡΙΖΙΚΗ ΑΦΑΙΡΕΣΗ ΟΓΚΟΥ, ΟΣΤΟ, ΤΑΡΣΟΣ (ΕΚΤΟΣ ΑΣΤΡΑΓΑΛΟΥ Ή ΠΤΕΡΝΑΣ);;;;;
2631;X636305;ΡΙΖΙΚΗ ΑΦΑΙΡΕΣΗ ΟΓΚΟΥ, ΟΣΤΟ,ΜΕΤΑΤΑΡΣΙΟ;;;;;
2632;X636309;ΡΙΖΙΚΗ ΑΦΑΙΡΕΣΗ ΟΓΚΟΥ, ΟΣΤΟ, ΦΑΛΑΓΓΑ ΔΑΧΤΥΛΟΥ ΚΑΤΩ ΑΚΡΟΥ;;;;;
2633;X636339;ΑΦΑΙΡΕΣΗ ΞΕΝΟΥ ΣΩΜΑΤΟΣ, ΑΚΡΟΣ ΠΟΥΣ, ΥΠΟΔΟΡΙΟ;;;;;
2634;X636343;ΑΦΑΙΡΕΣΗ ΞΕΝΟΥ ΣΩΜΑΤΟΣ, ΑΚΡΟΣ ΠΟΥΣ, ΕΝ ΤΩ ΒΑΘΕΙ;;;;;
2635;X636345;ΑΝΕΝΕΡΓΟΣ;;;;;
2636;X636359;ΑΠΟΚΑΤΑΣΤΑΣΗ, ΤΕΝΟΝΤΑΣ, ΚΑΜΠΤΗΡΑΣ, ΑΚΡΟΣ ΠΟΥΣ,  ΠΡΩΤΕΥΟΥΣΑ Ή ΔΕΥΤΕΡΕΥΟΥΣΑ, ΑΝΕΥ ΕΛΕΥΘΕΡΟΥ ΜΟΣΧΕΥΜΑΤΟΣ ΚΑΘΕ ΤΕΝΟΝΤΑΣ;;;;;
2637;X636363;ΑΠΟΚΑΤΑΣΤΑΣΗ, ΤΕΝΟΝΤΑΣ, ΚΑΜΠΤΗΡΑΣ, ΑΚΡΟΣ ΠΟΥΣ,  ΔΕΥΤΕΡΕΥΟΥΣΑ, ΜΕ ΕΛΕΥΘΕΡΟ ΜΟΣΧΕΥΜΑ, ΚΑΘΕ ΤΕΝΟΝΤΑΣ  (ΠΕΡΙΛΑΜΒΑΝΕΙ ΤΗ ΛΗΨΗ ΜΟΣΧΕΥΜΑΤΟΣ);;;;;
2638;X636375;ΑΠΟΚΑΤΑΣΤΑΣΗ, ΤΕΝΟΝΤΑΣ, ΕΚΤΕΙΝΩΝ, ΑΚΡΟΣ ΠΟΥΣ, ΠΡΩΤΕΥΟΥΣΑ Ή ΔΕΥΤΕΡΕΥΟΥΣΑ, ΚΑΘΕ ΤΕΝΟΝΤΑΣ;;;;;
2639;X636379;ΑΠΟΚΑΤΑΣΤΑΣΗ, ΤΕΝΟΝΤΑΣ, ΕΚΤΕΙΝΩΝ, ΑΚΡΟΣ ΠΟΥΣ, ΔΕΥΤΕΡΕΥΟΥΣΑ ΜΕ ΕΛΕΥΘΕΡΟ ΜΟΣΧΕΥΜΑ, ΚΑΘΕ ΤΕΝΟΝΤΑΣ  (ΠΕΡΙΛΑΜΒΑΝΕΙ ΤΗ ΛΗΨΗ ΜΟΣΧΕΥΜΑΤΟΣ);;;;;
2640;X636399;ΤΕΝΟΝΤΟΛΥΣΗ, ΚΑΜΠΤΗΡΑΣ, ΚΑΤΩ ΑΚΡΟ, ΕΝΑΣ ΤΕΝΟΝΤΑΣ;;;;;
2641;X636403;ΤΕΝΟΝΤΟΛΥΣΗ, ΚΑΜΠΤΗΡΑΣ, ΚΑΤΩ ΑΚΡΟ, ΠΟΛΛΑΠΛΟΙ ΤΕΝΟΝΤΕΣ;;;;;
2642;X636409;ΤΕΝΟΝΤΟΛΥΣΗ, ΕΚΤΕΙΝΩΝ, ΚΑΤΩ ΑΚΡΟ, ΜΟΝΟΣ ΤΕΝΟΝΤΑΣ;;;;;
2643;X636411;ΤΕΝΟΝΤΟΛΥΣΗ, ΕΚΤΕΙΝΩΝ, ΚΑΤΩ ΑΚΡΟ, ΠΟΛΛΑΠΛΟΙ ΤΕΝΟΝΤΕΣ;;;;;
2644;X636419;ΤΕΝΟΝΤΟΤΟΜΗ, ΑΝΟΙΧΤΗ, ΚΑΜΠΤΗΡΑΣ ΤΕΝΟΝΤΑΣ, ΑΚΡΟΣ ΠΟΥΣ, ΕΝΑΣ Ή ΠΟΛΛΑΠΛΟΙ ΤΕΝΟΝΤΑΣ(ΕΣ) (ΞΕΧΩΡΙΣΤΗ ΕΠΕΜΒΑΣΗ);;;;;
2645;X636423;ΑΝΕΝΕΡΓΟΣ;;;;;
2646;X636427;ΤΕΝΟΝΤΟΤΟΜΗ, ΑΝΟΙΧΤΗ, ΕΚΤΕΙΝΩΝ , ΑΚΡΟΣ ΠΟΥΣ Ή ΔΑΚΤΥΛΟ, ΚΑΘΕ ΤΕΝΟΝΤΑΣ;;;;;
2647;X636435;ΕΚΤΟΜΗ ΤΟΥ ΕΠΙΚΟΥΡΙΚΟΥ ΤΑΡΣΙΑΙΟΥ ΣΚΑΦΟΕΙΔΟΥΣ ΟΣΤΟΥ ΜΕ Η ΧΩΡΙΣ ΜΕΤΑΤΟΠΙΣΗ ΟΠΙΣΘΙΟΥ ΚΝΗΜΙΑΙΟΥ ΤΕΝΟΝΤΑ   (ΠΧ. ΕΠΕΜΒΑΣΗ ΤΥΠΟΥ KIDNER);;;;;
2648;X636439;ΤΕΝΟΝΤΟΤΟΜΗ, ΕΠΙΜΗΚΥΝΣΗ,Ή ΑΠΟΔΕΣΜΕΥΣΗ, ΑΠΑΓΩΓΟΣ ΜΥΣ  ΜΕΓΑΛΟΥ ΔΑΚΤΥΛΟΥ;;;;;
2649;X636459;ΔΙΑΙΡΕΣΗ ΠΕΛΜΑΤΙΑΙΑΣ ΠΕΡΙΤΟΝΙΑΣ ΚΑΙ ΜΥΟΣ (ΠΧ. ΔΙΑΝΟΙΞΗ ΜΕ ΤΗ ΜΕΘΟΔΟ STEINDLER) (ΞΕΧΩΡΙΣΤΗ ΕΠΕΜΒΑΣΗ);;;;;
2650;X636479;ΘΥΛΑΚΟΤΟΜΗ, ΜΕΣΟ ΠΟΔΙ, ΜΟΝΟ ΕΣΩ ΑΠΟΔΕΣΜΕΥΣΗ (ΞΕΧΩΡΙΣΤΗ ΕΠΕΜΒΑΣΗ);;;;;
2651;X636481;ΘΥΛΑΚΟΤΟΜΗ, ΜΕΣΟ ΠΟΔΙ, ΜΕ ΕΠΙΜΗΚΥΝΣΗ ΤΕΝΟΝΤΑ;;;;;
2652;X636483;ΘΥΛΑΚΟΤΟΜΗ, ΜΕΣΟ ΠΟΔΙ, ΕΚΤΕΝΗΣ, ΣΥΜΠΕΡΙΛΑΜΒΑΝΟΜΕΝΗΣ ΟΠΙΣΘΙΑΣ ΠΟΔΟΚΝΗΜΙΚΗΣ  ΘΥΛΑΚΟΤΟΜΗΣ ΚΑΙ ΕΠΙΜΗΚΥΝΣΗ ΤΕΝΟΝΤΑ(ΩΝ) (ΠΧ. ΕΠΙΜΟΝΗ ΒΛΑΙΣΟΤΗΤΑ ΑΚΡΟΥ ΠΟΔΟΣ);;;;;
2653;X636487;ΘΥΛΑΚΟΤΟΜΗ, ΜΕΣΟΤΑΡΣΙΟ (ΠΧ. ΕΠΕΜΒΑΣΗ ΤΥΠΟΥ HEYMAN);;;;;
2654;X636499;ΘΥΛΑΚΟΤΟΜΗ, ΜΕΤΑΤΑΡΣΟΦΑΛΑΓΓΙΚΗ ΑΡΘΡΩΣΗ, ΜΕ Ή ΧΩΡΙΣ ΤΕΝΟΝΤΟΡΑΦΗ ΚΑΘΕ ΑΡΘΡΩΣΗ (ΞΕΧΩΡΙΣΤΗ ΕΠΕΜΒΑΣΗ);;;;;
2655;X636503;ΘΥΛΑΚΟΤΟΜΗ, ΜΕΣΟΦΑΛΑΓΓΙΚΗ ΑΡΘΡΩΣΗ, ΚΑΘΕ ΑΡΘΡΩΣΗ (ΞΕΧΩΡΙΣΤΗ ΕΠΕΜΒΑΣΗ);;;;;
2656;X636519;ΣΥΝΔΑΚΤΥΛΙΑ, ΔΑΧΤΥΛΑ ΚΑΤΩ ΑΚΡΟΥ (ΠΧ. ΜΕ ΜΕΜΒΡΑΝΗ Ή ΕΠΕΜΒΑΣΗ ΤΥΠΟΥ KELIKIAN);;;;;
2657;X636529;ΔΙΟΡΘΩΣΗ, ΣΦΥΡΟΔΑΚΤΥΛΙΑ (ΠΧ. ΜΕΣΟΦΑΛΑΓΓΙΚΗ ΣΥΝΤΗΞΗ, ΜΕΡΙΚΗ Ή ΟΛΙΚΗ ΦΑΛΑΓΓΕΚΤΟΜΗ);;;;;
2658;X636531;ΔΙΟΡΘΩΣΗ, ΠΑΡΑΜΟΡΦΩΣΗ ΠΕΜΠΤΟΥ ΔΑΚΤΥΛΟΥ, ΜΕ ΠΛΑΣΤΙΚΗ ΣΥΓΚΛΕΙΣΗ ΔΕΡΜΑΤΟΣ (Π.Χ. ΕΠΕΜΒΑΣΗ ΤΥΠΟΥ RUIZ-MORA);;;;;
2659;X636535;ΟΣΤΕΟΤΟΜΙΑ, ΜΕΡΙΚΗ, ΕΚΤΟΜΗ ΕΞΩΣΤΟΣΗΣ Ή ΚΟΝΔΥΛΟΥ, ΚΕΦΑΛΗ ΜΕΤΑΤΑΡΣΙΟΥ, ΚΑΘΕ ΚΕΦΑΛΗ ΜΕΤΑΤΑΡΣΙΟΥ;;;;;
2660;X636537;ΔΙΟΡΘΩΣΗ ΔΥΣΚΑΜΨΙΑΣ ΜΕΓΑΛΟΥ ΔΑΧΤΥΛΟΥ ΜΕ ΕΚΤΟΜΗ ΧΕΙΛΟΥΣ, ΝΕΑΡΟΠΟΙΗΣΗ ΚΑΙ  ΑΠΟΔΕΣΜΕΥΣΗ ΚΑΨΑΣ ΤΗΣ ΠΡΩΤΗΣ ΜΕΤΑΤΑΡΣΟΦΑΛΑΓΓΙΚΗΣ ΑΡΘΡΩΣΗΣ;;;;;
2661;X636539;ΔΙΟΡΘΩΣΗ, ΒΛΑΙΣΟΣ ΜΕΓΑΛΟΣ ΔΑΚΤΥΛΟΣ  ΑΠΛΗ ΕΚΤΟΜΗ ΕΞΩΣΤΟΣΗΣ (ΠΧ. ΕΠΕΜΒΑΣΗ ΤΥΠΟΥ SILVER);;;;;
2662;X636543;ΔΙΟΡΘΩΣΗ, ΒΛΑΙΣΟΣ ΜΕΓΑΛΟΣ ΔΑΚΤΥΛΟΣ   ΕΠΕΜΒΑΣΗ ΤΥΠΟΥ KELLER, MCBRIDE Ή MAYO;;;;;
2663;X636545;ΔΙΟΡΘΩΣΗ, ΒΛΑΙΣΟΣ ΜΕΓΑΛΟΣ ΔΑΚΤΥΛΟΣ ΑΡΘΡΩΣΗΣ ΜΕ ΕΜΦΥΤΕΥΜΑ;;;;;
2664;X636547;ΔΙΟΡΘΩΣΗ, ΒΛΑΙΣΟΣ ΜΕΓΑΛΟΣ ΔΑΚΤΥΛΟΣ , ME ΜΟΣΧΕΥΜΑΤΑ ΤΕΝΟΝΤΑ (ΠΧ. ΔΙΑΔΙΚΑΣΙΑ ΤΥΠΟΥ JOPLIN);;;;;
2665;X636551;ΔΙΟΡΘΩΣΗ, ΒΛΑΙΣΟΣ ΜΕΓΑΛΟΣ ΔΑΚΤΥΛΟΣ ΜΕ ΟΣΤΕΟΤΟΜΙΑ ΜΕΤΑΤΑΡΣΙΟΥ (ΠΧ.ΕΠΕΜΒΑΣΕΙΣ ΤΥΠΟΥ MITCHELL, CHEVRON Ή  CONCENTRIC);;;;;
2666;X636553;ΔΙΟΡΘΩΣΗ, ΒΛΑΙΣΟΣ ΜΕΓΑΛΟΣ ΔΑΚΤΥΛΟΣ, ΕΠΕΜΒΑΣΗ ΤΥΠΟΥ LAPIDUS;;;;;
2667;X636555;ΔΙΟΡΘΩΣΗ, ΒΛΑΙΣΟΣ ΜΕΓΑΛΟΣ ΔΑΚΤΥΛΟΣ ΔΙΑ  ΟΣΤΕΟΤΟΜΙΑΣ ΦΑΛΑΓΓΑΣ;;;;;
2668;X636557;ΔΙΟΡΘΩΣΗ, ΒΛΑΙΣΟΣ ΜΕΓΑΛΟΣ ΔΑΚΤΥΛΟΣ ΔΙΑ  ΔΙΠΛΗΣ ΟΣΤΕΟΤΟΜΙΑΣ ;;;;;
2669;X636559;ΟΣΤΕΟΤΟΜΙΑ, ΠΤΕΡΝΑ (ΠΧ. ΔΙΑΔΙΚΑΣΙΑ ΤΥΠΟΥ DWYER Ή CHAMBERS), ΜΕ Ή ΧΩΡΙΣ ΕΣΩΤΕΡΙΚΗ ΟΣΤΕΟΣΥΝΘΕΣΗ;;;;;
2670;X636563;ΟΣΤΕΟΤΟΜΙΑ, ΑΣΤΡΑΓΑΛΟΣ;;;;;
2671;X636567;ΟΣΤΕΟΤΟΜΙΑ, ΤΑΡΣΑΙΑ ΟΣΤΑ, ΕΚΤΟΣ ΠΤΕΡΝΑΣ Η ΑΣΤΡΑΓΑΛΟΥ;;;;;
2672;X636569;ΟΣΤΕΟΤΟΜΙΑ, ΤΑΡΣΑΙΑ ΟΣΤΑ, ΕΚΤΟΣ ΠΤΕΡΝΑΣ Η ΑΣΤΡΑΓΑΛΟΥ, ΜΕ ΑΥΤΟΜΟΣΧΕΥΜΑ (ΠΕΡΙΛΑΜΒΑΝΕΙ ΛΗΨΗ ΜΟΣΧΕΥΜΑΤΟΣ) (ΠΧ. ΤΥΠΟΣ FOWLER);;;;;
2673;X636571;ΟΣΤΕΟΤΟΜΙΑ, ΜΕ Ή ΧΩΡΙΣ ΕΠΙΜΗΚΥΝΣΗ, ΒΡΑΧΥΝΣΗ Ή ΓΩΝΙΩΔΗ ΔΙΟΡΘΩΣΗ, ΜΕΤΑΤΑΡΣΙΟ, ΠΡΩΤΟ ΜΕΤΑΡΣΙΟ;;;;;
2674;X636573;ΟΣΤΕΟΤΟΜΙΑ, ΜΕ Ή ΧΩΡΙΣ ΕΠΙΜΗΚΥΝΣΗ, ΒΡΑΧΥΝΣΗ Ή ΓΩΝΙΩΔΗ ΔΙΟΡΘΩΣΗ, ΜΕΤΑΤΑΡΣΙΟ, ΠΡΩΤΟ ΜΕΤΑΡΣΙΟ ΜΕ ΑΥΤΟΜΟΣΧΕΥΜΑ (ΔΙΑΦΟΡΕΤΙΚΟ  ΤΟΥ ΠΡΩΤΟΥ ΔΑΚΤΥΛΟΥ ΑΚΡΟΥ ΠΟΔΟΣ);;;;;
2675;X636575;ΟΣΤΕΟΤΟΜΙΑ, ΜΕ Ή ΧΩΡΙΣ ΕΠΙΜΗΚΥΝΣΗ, ΒΡΑΧΥΝΣΗ Ή ΓΩΝΙΩΔΗ ΔΙΟΡΘΩΣΗ, ΜΕΤΑΤΑΡΣΙΟ, ΕΚΤΟΣ ΤΟΥ ΠΡΩΤΟΥ ΜΕΤΑΡΣΙΟΥ, ΚΑΘΕ ΟΣΤΕΟΤΟΜΙΑ;;;;;
2676;X636577;ΟΣΤΕΟΤΟΜΙΑ, ΜΕ Ή ΧΩΡΙΣ ΕΠΙΜΗΚΥΝΣΗ, ΒΡΑΧΥΝΣΗ Ή ΓΩΝΙΩΔΗ ΔΙΟΡΘΩΣΗ, ΜΕΤΑΤΑΡΣΙΟ, ΠΟΛΛΑΠΛΗ (ΠΧ. ΕΠΕΜΒΑΣΗ ΚΟΙΛΟΠΟΔΙΑΣ ΤΥΠΟΥ SWANSON);;;;;
2677;X636579;ΟΣΤΕΟΤΟΜΙΑ, ΒΡΑΧΥΝΣΗ, ΓΩΝΙΩΔΗΣ Ή ΠΕΡΙΣΤΡΟΦΙΚΗ ΔΙΟΡΘΩΣΗ, ΕΓΓΥΣ ΦΑΛΑΓΓΑ, ΠΡΩΤΟΣ ΔΑΚΤΥΛΟΣ ΑΚΡΟΥ ΠΟΔΟΣ (ΞΕΧΩΡΙΣΤΗ ΔΙΑΔΙΚΑΣΙΑ);;;;;
2678;X636583;ΟΣΤΕΟΤΟΜΙΑ, ΒΡΑΧΥΝΣΗ, ΓΩΝΙΩΔΗΣ Ή ΠΕΡΙΣΤΡΟΦΙΚΗ ΔΙΟΡΘΩΣΗ, ΑΛΛΕΣ ΦΑΛΑΓΓΕΣ, ΚΑΘΕ ΔΑΚΤΥΛΟΣ ΚΑΤΩ ΑΚΡΟΥ;;;;;
2679;X636585;ΑΝΑΚΑΤΑΣΚΕΥΗ, ΓΩΝΙΩΔΗΣ ΔΥΣΜΟΡΦΙΑ ΔΑΚΤΥΛΟΥ ΚΑΤΩ ΑΚΡΟΥ, ΜΟΝΟ ΕΠΕΜΒΑΣΕΙΣ ΕΠΙ ΜΑΛΑΚΟΥ ΙΣΤΟΥ (ΠΧ. ΥΠΕΡΕΠΙΒΙΒΑΣΗ ΔΕΥΤΕΡΟΥ ΔΑΚΤΥΛΟΥ, ΠΕΜΠΤΟΥ ΔΑΚΤΥΛΟΥ, ΔΑΚΤΥΛΟΙ ΜΕ ΔΥΣΜΟΡΦΙΕΣ ΣΤΡΟΦΗΣ ) ΚΑΤΩ ΑΚΡΟ;;;;;
2680;X636589;ΣΗΣΑΜΟΕΙΔΕΚΤΟΜΗ, ΠΡΩΤΟΣ ΔΑΚΤΥΛΟΣ (ΞΕΧΩΡΙΣΤΗ ΕΠΕΜΒΑΣΗ);;;;;
2681;X636599;ΔΙΟΡΘΩΣΗ, ΑΝΩΜΑΛΗΣ ΠΩΡΩΣΗΣ Ή ΨΕΥΔΑΡΘΡΩΣΗΣ, ΟΣΤΑ ΤΑΡΣΟΥ;;;;;
2682;X636603;ΔΙΟΡΘΩΣΗ, ΑΝΩΜΑΛΗΣ ΠΩΡΩΣΗΣ Ή ΨΕΥΔΑΡΘΡΩΣΗΣ, ΜΕΤΑΤΑΡΣΙΟ, ΜΕ Ή ΧΩΡΙΣ ΟΣΤΙΚΟ ΜΟΣΧΕΥΜΑ (ΠΕΡΙΛΑΜΒΑΝΕΙ ΤΗ ΛΗΨΗ ΜΟΣΧΕΥΜΑΤΟΣ);;;;;
2683;X636639;ΑΠΟΚΑΤΑΣΤΑΣΗ, ΔΑΚΤΥΛΟΣ ΚΑΤΩ ΑΚΡΟΥ, ΜΑΚΡΟΔΑΚΤΥΛΙΑ, ΑΦΑΙΡΕΣΗ ΜΑΛΑΚΟΥ ΙΣΤΟΥ;;;;;
2684;X636641;ΑΠΟΚΑΤΑΣΤΑΣΗ, ΔΑΚΤΥΛΟΣ ΚΑΤΩ ΑΚΡΟΥ, ΜΑΚΡΟΔΑΚΤΥΛΙΑ, ΑΠΑΙΤΟΥΣΑ ΑΦΑΙΡΕΣΗ ΟΣΤΟΥ;;;;;
2685;X636647;ΑΠΟΚΑΤΑΣΤΑΣΗ, ΔΑΚΤΥΛΟΣ(ΟΙ) ΚΑΤΩ ΑΚΡΟΥ, ΠΟΛΥΔΑΚΤΥΛΙΑ;;;;;
2686;X636649;ΑΠΟΚΑΤΑΣΤΑΣΗ ΔΑΚΤΥΛΟΣ(ΟΙ) ΚΑΤΩ ΑΚΡΟΥ, ΣΥΝΔΑΚΤΥΛΙΑ, ΜΕ Η ΧΩΡΙΣ ΜΟΣΧΕΥΜΑ(ΤΑ) ΔΕΡΜΑΤΟΣ, ΚΑΘΕ ΣΥΝΔΕΣΗ;;;;;
2687;X636679;ΑΠΟΚΑΤΑΣΤΑΣΗ, ΜΕΡΙΚΗ ΑΔΑΚΤΥΛΙΑ ΚΑΤΩ ΑΚΡΟΥ (CLEFT FOOT);;;;;
2688;X636759;ΚΛΕΙΣΤΗ ΑΝΑΤΑΞΗ ΚΑΤΑΓΜΑΤΟΣ ΠΤΕΡΝΑΣ , ΧΩΡΙΣ ΧΕΙΡΙΣΜΟ;;;;;
2689;X636769;ΑΝΕΝΕΡΓΟΣ;;;;;
2690;X636771;ΔΙΑΔΕΡΜΙΚΗ ΣΚΕΛΕΤΙΚΗ ΚΑΘΗΛΩΣΗ ΚΑΤΑΓΜΑΤΟΣ ΠΤΕΡΝΑΣ, ΜΕ ΧΕΙΡΙΣΜΟ;;;;;
2691;X636789;ΑΝΟΙΧΤΗ ΑΝΑΤΑΞΗ ΚΑΙ ΕΣΩΤΕΡΙΚΗ ΟΣΤΕΟΣΥΘΕΣΗ ΚΑΤΑΓΜΑΤΟΣ ΠΤΕΡΝΑΣ, ;;;;;
2692;X636799;ΑΝΟΙΧΤΗ ΑΝΑΤΑΞΗ ΚΑΙ ΕΣΩΤΕΡΙΚΗ ΟΣΤΕΟΣΥΘΕΣΗ ΚΑΤΑΓΜΑΤΟΣ ΠΤΕΡΝΑΣ ΚΑΙ ΤΟΠΟΘΕΤΗΣΗ ΟΣΤΙΚΟΥ ΜΟΣΧΕΥΜΑΤΟΣ ;;;;;
2693;X636819;ΚΛΕΙΣΤΗ ΑΝΑΤΑΞΗ ΚΑΤΑΓΜΑΤΟΣ ΑΣΤΡΑΓΑΛΟΥ;;;;;
2694;X636829;ΑΝΕΝΕΡΓΟΣ;;;;;
2695;X636831;ΑΝΕΝΕΡΓΟΣ;;;;;
2696;X636849;ΑΝΟΙΧΤΗ ΑΝΑΤΑΞΗ ΚΑΙ ΕΣΩΤΕΡΙΚΗ ΟΣΤΕΟΣΥΘΕΣΗ ΚΑΤΑΓΜΑΤΟΣ ΑΣΤΡΑΓΑΛΟΥ;;;;;
2697;X636851;ΑΝΟΙΧΤΟ ΟΣΤΕΟΧΟΝΔΡΙΚΟ ΑΥΤΟΜΟΣΧΕΥΜΑ, ΑΣΤΡΑΓΑΛΟΣ  (ΠΕΡΙΛΑΜΒΑΝΕΙ ΛΗΨΗ ΜΟΣΧΕΥΜΑΤΟΣ[ΩΝ]);;;;;
2698;X636859;ΚΛΕΙΣΤΗ ΑΝΑΤΑΞΗ ΚΑΤΑΓΜΑΤΟΣ ΤΑΡΣΟΥ;;;;;
2699;X636869;ΑΝΕΝΕΡΓΟΣ;;;;;
2700;X636871;ΚΛΕΙΣΤΗ ΑΝΑΤΑΞΗ ΚΑΤΑΓΜΑΤΟΣ ΤΑΡΣΟΥ, ΚΑΘΗΛΩΣΗ ΜΕ ΒΕΛΟΝΕΣ;;;;;
2701;X636889;ΑΝΟΙΧΤΗ ΑΝΑΤΑΞΗ ΚΑΙ ΕΣΩΤΕΡΙΚΗ ΟΣΤΕΟΣΥΘΕΣΗ ΚΑΤΑΓΜΑΤΟΣ ΤΑΡΣΟΥ;;;;;
2702;X636899;ΚΛΕΙΣΤΗ ΑΝΑΤΑΞΗ   ΚΑΤΑΓΜΑΤΟΣ ΜΕΤΑΤΑΡΣΙΟΥ, ΚΑΘΕ ΚΑΤΑΓΜΑ;;;;;
2703;X636909;ΑΝΕΝΕΡΓΟΣ;;;;;
2704;X636911;ΚΛΕΙΣΤΗ ΑΝΑΤΑΞΗ   ΚΑΤΑΓΜΑΤΟΣ ΜΕΤΑΤΑΡΣΙΟΥ, ΚΑΘΗΛΩΣΗ ΜΕ ΒΕΛΌΝΕΣ, ΚΑΘΕ ΚΑΤΑΓΜΑ;;;;;
2705;X636929;ΑΝΟΙΧΤΗ ΑΝΑΤΑΞΗ ΚΑΙ ΕΣΩΤΕΡΙΚΗ ΟΣΤΕΟΣΥΘΕΣΗ ΚΑΤΑΓΜΑΤΟΣ ΜΕΤΑΤΑΡΣΙΟΥ;;;;;
2706;X636939;ΚΛΕΙΣΤΗ ΑΝΑΤΑΞΗ ΚΑΤΑΓΜΑΤΟΣ ΤΟΥ ΜΕΓΑΛΟΥ ΔΑΚΤΥΛΟΥ ΚΑΤΩ ΑΚΡΟΥ, ΦΑΛΑΓΓΑ Ή ΦΑΛΑΓΓΕΣ,;;;;;
2707;X636949;ΑΝΕΝΕΡΓΟΣ;;;;;
2708;X636951;ΚΛΕΙΣΤΗ ΑΝΑΤΑΞΗ ΚΑΤΑΓΜΑΤΟΣ ΤΟΥ ΜΕΓΑΛΟΥ ΔΑΚΤΥΛΟΥ ΚΑΤΩ ΑΚΡΟΥ, ΦΑΛΑΓΓΑ Ή ΦΑΛΑΓΓΕΣ, ΣΤΑΘΕΡΟΠΟΙΗΣΗ ΜΕ ΒΕΛΟΝΕΣ;;;;;
2709;X636969;ΑΝΟΙΚΤΗ ΑΝΑΤΑΞΗ ΚΑΤΑΓΜΑΤΟΣ ΤΟΥ ΜΕΓΑΛΟΥ ΔΑΚΤΥΛΟΥ ΚΑΤΩ ΑΚΡΟΥ, ΦΑΛΑΓΓΑ Ή ΦΑΛΑΓΓΕΣ, ΣΤΑΘΕΡΟΠΟΙΗΣΗ ΜΕ ΒΕΛΟΝΕΣ;;;;;
2710;X636979;ΚΛΕΙΣΤΗ ΑΝΑΤΑΞΗ ΚΑΤΑΓΜΑΤΟΣ , ΦΑΛΑΓΓΑ Ή ΦΑΛΑΓΓΕΣ, ΕΚΤΟΣ ΜΕΓΑΛΟΥ ΔΑΚΤΥΛΟΥ,  ΚΑΘΕ ΚΑΤΑΓΜΑ, ;;;;;
2711;X636989;ΑΝΕΝΕΡΓΟΣ;;;;;
2712;X637009;ΑΝΟΙΚΤΗ ΑΝΑΤΑΞΗ ΚΑΤΑΓΜΑΤΟΣ, ΦΑΛΑΓΓΑ Ή ΦΑΛΑΓΓΕΣ, ΕΚΤΟΣ ΜΕΓΑΛΟΥ ΔΑΚΤΥΛΟΥ, ΣΤΑΘΕΡΟΠΟΙΗΣΗ ΜΕ ΒΕΛΟΝΕΣ;;;;;
2713;X637019;ΑΝΕΝΕΡΓΟΣ;;;;;
2714;X637021;ΑΝΟΙΧΤΗ ΑΝΑΤΑΞΗ ΚΑΙ ΕΣΩΤΕΡΙΚΗ ΟΣΤΕΟΣΥΘΕΣΗ ΚΑΤΑΓΜΑΤΟΣ ΣΗΣΑΜΟΕΙΔΟΥΣ;;;;;
2715;X637039;ΚΛΕΙΣΤΗ ΑΝΑΤΑΞΗ ΕΞΑΡΘΡΗΜΑΤΟΣ ΤΟΥ ΤΑΡΣΟΥ, ΕΚΤΟΣ ΤΗΣ ΧΟΠΑΡΤΕΙΟΥ;;;;;
2716;X637049;ΑΝΕΝΕΡΓΟΣ;;;;;
2717;X637051;ΚΛΕΙΣΤΗ ΑΝΑΤΑΞΗ ΕΞΑΡΘΡΗΜΑΤΟΣ ΤΟΥ ΤΑΡΣΟΥ, ΕΚΤΟΣ ΤΗΣ ΧΟΠΑΡΤΕΙΟΥ, ΚΑΙ ΣΤΑΘΕΡΟΠΟΙΗΣΗ ΜΕ ΒΕΛΟΝΕΣ ;;;;;
2718;X637069;ΑΝΟΙΚΤΗ ΑΝΑΤΑΞΗ ΕΞΑΡΘΡΗΜΑΤΟΣ ΤΟΥ ΤΑΡΣΟΥ, ΕΚΤΟΣ ΤΗΣ ΧΟΠΑΡΤΕΙΟΥ, ΚΑΙ ΣΤΑΘΕΡΟΠΟΙΗΣΗ ;;;;;
2719;X637099;ΚΛΕΙΣΤΗ ΑΝΑΤΑΞΗ ΕΞΑΡΘΡΗΜΑΤΟΣ ΤΗΣ ΧΟΠΑΡΤΕΙΟΥ;;;;;
2720;X637109;ΑΝΕΝΕΡΓΟΣ;;;;;
2721;X637111;ΚΛΕΙΣΤΗ ΑΝΑΤΑΞΗ   ΕΞΑΡΘΡΗΜΑΤΟΣ ΤΗΣ ΧΟΠΑΡΤΕΙΟΥ ΚΑΙ ΣΤΑΘΕΡΟΠΟΙΗΣΗ ΜΕ ΒΕΛΟΝΕΣ ;;;;;
2722;X637129;ΑΝΟΙΚΤΗ ΑΝΑΤΑΞΗ ΕΞΑΡΘΡΗΜΑΤΟΣ  ΤΗΣ ΧΟΠΑΡΤΕΙΟΥ ΚΑΙ ΣΤΑΘΕΡΟΠΟΙΗΣΗ ;;;;;
2723;X637159;ΚΛΕΙΣΤΗ ΑΝΑΤΑΞΗ ΤΑΡΣΟΜΕΤΑΤΑΡΣΙΟΥ ΕΞΑΡΘΡΗΜΑΤΟΣ;;;;;
2724;X637169;ΑΝΕΝΕΡΓΟΣ;;;;;
2725;X637171;ΚΛΕΙΣΤΗ ΑΝΑΤΑΞΗ  ΤΑΡΣΟΜΕΤΑΤΕΡΣΙΟΥ ΕΞΑΡΘΡΗΜΑΤΟΣ ΚΑΙ ΣΤΑΘΕΡΟΠΟΙΗΣΗ ΜΕ ΒΕΛΟΝΕΣ ;;;;;
2726;X637189;ΑΝΟΙΚΤΗ ΑΝΑΤΑΞΗ ΤΑΡΣΟΜΕΤΑΤΑΡΣΙΟΥ ΕΞΑΡΘΡΗΜΑΤΟΣ ΚΑΙ ΣΤΑΘΕΡΟΠΟΙΗΣΗ ;;;;;
2727;X637219;ΚΛΕΙΣΤΗ ΑΝΑΤΑΞΗ ΜΕΤΑΤΑΡΣΙΟΦΑΛΑΓΓΙΚΟΥ ΕΞΑΡΘΡΗΜΑΤΟΣ;;;;;
2728;X637229;ΑΝΕΝΕΡΓΟΣ;;;;;
2729;X637231;ΚΛΕΙΣΤΗ ΑΝΑΤΑΞΗ ΜΕΤΑΤΑΡΣΙΟΦΑΛΑΓΓΙΚΟΥ ΕΞΑΡΘΡΗΜΑΤΟΣ ΚΑΙ ΣΤΑΘΕΡΟΠΟΙΗΣΗ ΜΕ ΒΕΛΟΝΕΣ ;;;;;
2730;X637249;ΑΝΟΙΚΤΗ ΑΝΑΤΑΞΗ ΜΕΤΑΤΑΡΣΙΟΦΑΛΑΓΓΙΚΟΥ ΕΞΑΡΘΡΗΜΑΤΟΣ ΚΑΙ ΣΤΑΘΕΡΟΠΟΙΗΣΗ ;;;;;
2731;X637279;ΚΛΕΙΣΤΗ ΑΝΑΤΑΞΗ ΜΕΣΟΦΑΛΑΓΓΙΚΟΥ ΕΞΑΡΘΡΗΜΑΤΟΣ;;;;;
2732;X637289;ΑΝΕΝΕΡΓΟΣ;;;;;
2733;X637291;ΚΛΕΙΣΤΗ ΑΝΑΤΑΞΗ ΜΕΣΟΦΑΛΑΓΓΙΚΟΥ ΕΞΑΡΘΡΗΜΑΤΟΣ ΚΑΙ ΣΤΑΘΕΡΟΠΟΙΗΣΗ ΜΕ ΒΕΛΟΝΕΣ ;;;;;
2734;X637309;ΑΝΟΙΚΤΗ ΑΝΑΤΑΞΗ ΜΕΣΟΦΑΛΑΓΓΙΚΟΥ ΕΞΑΡΘΡΗΜΑΤΟΣ ΚΑΙ ΣΤΑΘΕΡΟΠΟΙΗΣΗ ;;;;;
2735;X637369;ΑΝΕΝΕΡΓΟΣ;;;;;
2736;X637389;ΑΡΘΡΟΔΕΣΗ, ΤΡΙΠΛΗ;;;;;
2737;X637409;ΑΡΘΡΟΔΕΣΗ, ΥΠΑΣΤΡΑΓΑΛΙΚΗ;;;;;
2738;X637419;ΑΡΘΡΟΔΕΣΗ, ΜΕΣΟΤΑΡΣΙΟΥ Ή ΤΑΡΣΟΜΕΤΑΤΑΡΣΙΟΥ, ΠΟΛΛΑΠΛΗ Ή ΕΓΚΑΡΣΙΑ;;;;;
2739;X637429;ΑΡΘΡΟΔΕΣΗ, ΜΕΣΟΤΑΡΣΙΟΥ Ή ΤΑΡΣΟΜΕΤΑΤΑΡΣΙΟΥ, ΠΟΛΛΑΠΛΗ Ή ΕΓΚΑΡΣΙΑ, ΜΕ ΟΣΤΕΟΤΟΜΙΑ (ΠΧ. ΔΙΟΡΘΩΣΗ ΠΛΑΤΥΠΟΔΙΑΣ);;;;;
2740;X637433;ΑΡΘΡΟΔΕΣΗ, ΜΕ ΕΠΙΜΗΚΥΝΣΗ ΤΕΝΟΝΤΑ ΚΑΙ ΜΕΤΑΤΟΠΙΣΗ, ΜΕΣΟΤΑΡΣΙΟΥ, ΤΑΡΣΑΙΟΥ ΣΚΑΦΟΕΙΔΟΥΣ- ΣΦΗΝΟΕΙΔΟΥΣ (ΠΧ. ΕΠΕΜΒΑΣΗ ΤΥΠΟΥ MILLER);;;;;
2741;X637439;ΑΡΘΡΟΔΕΣΗ, ΜΕΣΟΤΑΡΣΙΟΥ Η ΤΑΡΣΟΜΕΤΑΤΑΡΣΙΟΥ, ΜΙΑ ΑΡΘΡΩΣΗ;;;;;
2742;X637459;ΑΡΘΡΟΔΕΣΗ, ΜΕΓΑΛΟΣ ΔΑΚΤΥΛΟΣ, ΜΕΤΑΤΑΡΣΙΟΦΑΛΑΓΓΙΚΗ ΑΡΘΡΩΣΗ;;;;;
2743;X637469;ΑΡΘΡΟΔΕΣΗ, ΜΕΓΑΛΟΣ ΔΑΚΤΥΛΟΣ, ΚΑΤΩ ΑΚΡΟ, ΜΕΣΟΦΑΛΑΓΓΙΚΗ ΑΡΘΡΩΣΗ;;;;;
2744;X637479;ΑΡΘΡΟΔΕΣΗ, ΜΕ ΜΕΤΑΦΟΡΑ ΤΟΥ ΕΠΙΜΗΚΟΥΣ ΕΚΤΕΙΝΩΝΤΟΣ ΤΟΥ ΜΕΓΑΛΟΥ ΔΑΚΤΥΛΟΥ ΣΤΟΝ ΑΥΧΕΝΑ ΤΟΥ ΠΡΩΤΟΥ ΜΕΤΑΤΑΡΣΙΟΥ, ΜΕΓΑΛΟΣ ΔΑΚΤΥΛΟΣ, ΚΑΤΩ ΑΚΡΟ, ΜΕΣΟΦΑΛΑΓΓΙΚΗ ΑΡΘΡΩΣΗ (ΠΧ. ΕΠΕΜΒΑΣΗ ΤΥΠΟΥ JONES);;;;;
2745;X637559;ΑΚΡΩΤΗΡΙΑΣΜΟΣ, ΑΚΡΟΣ ΠΟΥΣ, ΜΕΣΟΤΑΡΣΙΟ (ΠΧ. ΕΠΕΜΒΑΣΗ ΤΥΠΟΥ CHOPART);;;;;
2746;X637569;ΑΚΡΩΤΗΡΙΑΣΜΟΣ, ΑΚΡΟΣ ΠΟΥΣ, ΔΙΑ ΤΟΥ ΜΕΤΑΤΑΡΣΙΟΥ;;;;;
2747;X637579;ΑΚΤΙΝΩΤΟΣ ΑΚΡΩΤΗΡΙΑΣΜΟΣ;;;;;
2748;X637599;ΑΚΡΩΤΗΡΙΑΣΜΟΣ, ΔΑΚΤΥΛΟΣ, ΜΕΤΑΤΑΡΣΟΦΑΛΑΓΓΙΚΗ ΑΡΘΡΩΣΗ;;;;;
2749;X637609;ΑΚΡΩΤΗΡΙΑΣΜΟΣ, ΔΑΚΤΥΛΟΣ, ΚΑΤΩ ΑΚΡΟ, ΜΕΣΟΦΑΛΑΓΓΙΚΗ ΑΡΘΡΩΣΗ;;;;;
2750;X637739;ΕΞΩΣΩΜΑΤΙΚΗ ΘΕΡΑΠΕΙΑ SHOCK WAVE, ΥΨΗΛΗΣ ΕΝΕΡΓΕΙΑΣ, ΠΟΥ ΕΚΤΕΛΕΙΤΑΙ ΑΠΟ ΙΑΤΡΟ,  ΚΑΙ ΑΠΑΙΤΕΙ  ΑΝΑΙΣΘΗΣΙΑ ΑΛΛΗ ΑΠΟ ΤΟΠΙΚΗ, ΠΕΡΙΛΑΜΒΑΝΟΥΣΑ ΥΠΕΡΗΧΟΓΡΑΦΙΚΗ ΚΑΘΟΔΗΓΗΣΗ ΚΑΙ ΑΦΟΡΑ ΤΗΝ ΠΕΛΜΑΤΙΑΙΑ ΠΕΡΙΤΟΝΙΑ;;;;;
2751;X637757;ΜΗ ΚΑΤΑΓΕΓΡΑΜΜΕΝΗ ΕΠΕΜΒΑΣΗ,ΑΚΡΟΣ ΠΟΥΣ Ή ΔΑΚΤΥΛΟΙ;;;;;
2752;X637757.1;ΤΟΠΟΘΕΤΗΣΗ ΒΙΔΑΣ ΣΤΟΝ ΤΑΡΣΙΑΙΟ ΚΟΛΠΟ;;;;;
2753;X637757.2;ΚΛΕΙΣΤΗ ΑΝΑΤΑΞΗ ΠΕΡΙΑΣΤΡΑΓΑΛΙΚΟΥ ΕΞΑΡΘΡΗΜΑΤΟΣ;;;;;
2754;X637757.3;ΚΛΕΙΣΤΗ ΑΝΑΤΑΞΗ ΠΕΡΙΑΣΤΡΑΓΑΛΙΚΟΥ ΕΞΑΡΘΡΗΜΑΤΟΣ ΚΑΙ ΣΤΑΘΕΡΟΠΟΙΗΣΗ ΜΕ ΒΕΛΟΝΕΣ;;;;;
2755;X637757.4;ΑΝΟΙΚΤΗ ΑΝΑΤΑΞΗ ΠΕΡΙΑΣΤΡΑΓΑΛΙΚΟΥ ΕΞΑΡΘΡΗΜΑΤΟΣ ΚΑΙ ΣΤΑΘΕΡΟΠΟΙΗΣΗ;;;;;
Β.9;ΕΦΑΡΜΟΓΕΣ ΓΥΨΟΥ, ΝΑΡΘΗΚΑ Κ.Λ.Π;;;;;;
2756;X637959;ΕΦΑΡΜΟΓΗ ΓΥΨΟΥ ΣΩΜΑΤΟΣ ΤΥΠΟΥ HALO (ΒΛ. 20661-20663 ΓΙΑ ΕΙΣΑΓΩΓΗ);;;;;
2757;X637979;ΕΦΑΡΜΟΓΗ  RISSER JACKET, ΕΝΤΟΠΙΣΤΗΣ, ΣΩΜΑ, ΜΟΝΟ;;;;;
2758;X637989;ΕΦΑΡΜΟΓΗ  RISSER JACKET, ΕΝΤΟΠΙΣΤΗΣ, ΣΩΜΑ, ΣΥΜΠΕΡΙΛΑΜΒΑΝΟΜΕΝΗΣ ΚΕΦΑΛΗΣ;;;;;
2759;X637999;ΕΦΑΡΜΟΓΗ TURNBUCKLE JACKET, ΣΩΜΑ, ΜΟΝΟ;;;;;
2760;X638009;ΕΦΑΡΜΟΓΗ  TURNBUCKLE JACKET, ΣΩΜΑ, ΣΥΜΠΕΡΙΛΑΜΒΑΝΟΜΕΝΗΣ ΚΕΦΑΛΗΣ;;;;;
2761;X638029;ΕΦΑΡΜΟΓΗ  ΓΥΨΟΥ ΣΩΜΑΤΟΣ,ΑΠΟ ΩΜΟΥΣ ΩΣ ΚΑΤ' ΙΣΧΙΟΝ ΑΡΘΡΩΣΕΙΣ;;;;;
2762;X638039;ΕΦΑΡΜΟΓΗ  ΓΥΨΟΥ ΣΩΜΑΤΟΣ, ΑΠΟ ΩΜΟΥΣ ΩΣ ΚΑΤ' ΙΣΧΙΟΝ ΑΡΘΡΩΣΕΙΣ, ΣΥΜΠΕΡΙΛΑΜΒΑΝΟΜΕΝΗΣ ΚΕΦΑΛΗΣ, ΤΥΠΟΣ MINERVA;;;;;
2763;X638047;ΕΦΑΡΜΟΓΗ  ΓΥΨΟΥ ΣΩΜΑΤΟΣ, ΑΠΟ ΩΜΟΥΣ ΩΣ ΚΑΤ' ΙΣΧΙΟΝ ΑΡΘΡΩΣΕΙΣ, ΣΥΜΠΕΡΙΛΑΜΒΑΝΟΜΕΝΟΥ ΕΝΟΣ ΜΗΡΟΥ;;;;;
2764;X638051;ΕΦΑΡΜΟΓΗ  ΓΥΨΟΥ ΣΩΜΑΤΟΣ, ΑΠΟ ΩΜΟΥΣ ΩΣ ΚΑΤ' ΙΣΧΙΟΝ ΑΡΘΡΩΣΕΙΣ, ΣΥΜΠΕΡΙΛΑΜΒΑΝΟΜΕΝΩΝ ΚΑΙ ΤΩΝ ΔΥΟ ΜΗΡΩΝ;;;;;
2765;X638057;ΑΝΕΝΕΡΓΟΣ;;;;;
2766;X638069;ΑΝΕΝΕΡΓΟΣ;;;;;
2767;X638075;ΕΦΑΡΜΟΓΗ, ΓΥΨΟΣ, ΛΕΥΚΟΠΛΑΣΤΗΣ;;;;;
2768;X638089;ΕΦΑΡΜΟΓΗ, ΓΥΨΟΣ, ΑΠΟ ΩΜΟ ΕΩΣ ΑΚΡΑ ΧΕΙΡ (ΜΑΚΡΥΣ);;;;;
2769;X638109;ΕΦΑΡΜΟΓΗ, ΓΥΨΟΣ, ΑΠΟ ΑΓΚΩΝΑ ΕΩΣ ΔΑΚΤΥΛΟ (ΚΟΝΤΟΣ);;;;;
2770;X638129;ΕΦΑΡΜΟΓΗ, ΓΥΨΟΣ, ΑΚΡΑ ΧΕΙΡ ΚΑΙ ΚΑΤΩΤΕΡΟ ΑΝΤΙΒΡΑΧΙΟ (ΓΑΝΤΙ);;;;;
2771;X638131;ΕΦΑΡΜΟΓΗ, ΓΥΨΟΣ, ΔΑΚΤΥΛΟΣ;;;;;
2772;X638169;ΕΦΑΡΜΟΓΗ ΜΑΚΡΟΥ ΝΑΡΘΗΚΑ ΑΠΟ ΩΜΟ ΣΕ ΑΚΡΑ ΧΕΙΡ;;;;;
2773;X638209;ΕΦΑΡΜΟΓΗ ΚΟΝΤΟΥ ΝΑΡΘΗΚΑ ΑΠΟ ΑΝΤΙΒΡΑΧΙΟ ΣΕ ΑΚΡΑ ΧΕΙΡ, ΣΤΑΤΙΚΟΣ;;;;;
2774;X638211;ΕΦΑΡΜΟΓΗ ΚΟΝΤΟΥ ΝΑΡΘΗΚΑ ΑΠΟ ΑΝΤΙΒΡΑΧΙΟ ΣΕ ΑΚΡΑ ΧΕΙΡ, ΔΥΝΑΜΙΚΟΣ;;;;;
2775;X638219;ΕΦΑΡΜΟΓΗ ΝΑΡΘΗΚΑ ΔΑΚΤΥΛΟΥ, ΣΤΑΤΙΚΟΣ;;;;;
2776;X638221;ΕΦΑΡΜΟΓΗ ΝΑΡΘΗΚΑ ΔΑΚΤΥΛΟΥ, ΔΥΝΑΜΙΚΟΣ;;;;;
2777;X638359;ΠΕΡΙΔΕΣΗ, ΘΩΡΑΚΑΣ;;;;;
2778;X638399;ΑΝΕΝΕΡΓΟΣ;;;;;
2779;X638439;ΠΕΡΙΔΕΣΗ, ΩΜΟΣ (ΠΧ. VELPEAU);;;;;
2780;X638479;ΠΕΡΙΔΕΣΗ, ΑΓΚΩΝΑΣ Ή ΚΑΡΠΟΣ;;;;;
2781;X638519;ΠΕΡΙΔΕΣΗ, ΑΚΡΑ ΧΕΙΡ Ή ΔΑΚΤΥΛΟΣ;;;;;
2782;X638569;ΕΦΑΡΜΟΓΗ ΝΑΡΘΗΚΑ ΚΑΤ' ΙΣΧΙΟΝ ΑΡΘΡΩΣΕΩΣ, ΕΝΑ ΣΚΕΛΟΣ;;;;;
2783;X638609;ΕΦΑΡΜΟΓΗ ΝΑΡΘΗΚΑ ΚΑΤ' ΙΣΧΙΟΝ ΑΡΘΡΩΣΕΩΣ, ΜΙΑΜΙΣΗ ΕΠΙΔΕΣΗ Ή ΚΑΙ ΤΑ ΔΥΟ ΣΚΕΛΗ;;;;;
2784;X638649;ΕΦΑΡΜΟΓΗ ΜΑΚΡΟΥ ΓΥΨΟΥ ΣΚΕΛΟΥΣ (ΑΠΟ ΜΗΡΟ ΕΩΣ ΔΑΚΤΥΛΟΥΣ);;;;;
2785;X638669;ΕΦΑΡΜΟΓΗ ΜΑΚΡΟΥ ΓΥΨΟΥ ΣΚΕΛΟΥΣ (ΑΠΟ ΜΗΡΟ ΕΩΣ ΔΑΚΤΥΛΟΥΣ), ΤΥΠΟΣ WALKER Ή AMBULATORY (ΠΕΡΙΠΑΤΗΤΙΚΟΣ);;;;;
2786;X638675;ΑΝΕΝΕΡΓΟΣ;;;;;
2787;X638689;ΕΦΑΡΜΟΓΗ ΚΥΛΙΝΔΡΙΚΟΥ ΓΥΨΟΥ (ΑΠΟ ΜΗΡΟ ΕΩΣ ΠΟΔΟΚΝΗΜΙΚΗ);;;;;
2788;X638769;ΚΝΗΜΟΠΟΔΙΚΟΣ ΓΥΨΟΣ;;;;;
2789;X638809;ΕΦΑΡΜΟΓΗ  ΚΟΝΤΟΥ ΓΥΨΟΥ ΣΚΕΛΟΥΣ (ΚΑΤΩ ΑΠΟ ΤΟ ΓΟΝΑΤΟ ΕΩΣ ΤΟΥΣ ΔΑΚΤΥΛΟΥΣ), ΤΥΠΟΥ WALKING Ή AMBULATORY(ΠΕΡΙΠΑΤΗΤΙΚΟΣ);;;;;
2790;X638829;ΕΦΑΡΜΟΓΗ ΓΥΨΟΥ ΕΠΙΓΟΝΑΤΙΔΙΚΟΥ ΤΕΝΟΝΤΑ  (PTB);;;;;
2791;X638839;ΠΡΟΣΘΗΚΗ WALKER ΣΕ ΠΡΟΗΓΟΥΜΕΝΗ ΕΦΑΡΜΟΓΗ ΓΥΨΟΥ;;;;;
2792;X638849;ΕΦΑΡΜΟΓΗ ΑΚΑΜΠΤΟΥ ΓΥΨΟΥ ΟΛΙΚΗΣ ΕΠΑΦΗΣ;;;;;
2793;X638859;ΕΦΑΡΜΟΓΗ ΓΥΨΟΥ ΔΙΟΡΘΩΣΗΣ ΒΛΑΙΣΟΠΟΔΙΑΣ ΜΕ ΕΚΜΑΓΕΙΟ Ή ΧΕΙΡΙΣΜΟ, ΜΑΚΡΥ Ή ΚΟΝΤΟ ΣΚΕΛΟΣ;;;;;
2794;X638969;ΕΦΑΡΜΟΓΗ ΜΑΚΡΙΟΥ ΣΚΕΛΟΥΣ ΝΑΡΘΗΚΑ (ΜΗΡΟΣ ΕΩΣ ΠΟΔΟΚΝΗΜΙΚΗ Ή ΔΑΚΤΥΛΟΥΣ);;;;;
2795;X638989;ΚΝΗΜΟΠΟΔΙΚΟΣ ΝΑΡΘΗΚΑΣ;;;;;
2796;X638999;ΕΠΙΔΕΣΗ, ΚΑΤ' ΙΣΧΙΟΝ ΑΡΘΡΩΣΗ;;;;;
2797;X639019;ΕΠΙΔΕΣΗ, ΓΟΝΑΤΟ;;;;;
2798;X639039;ΕΠΙΔΕΣΗ, ΠΟΔΟΚΝΗΜΙΚΗ ΚΑΙ/'Η ΑΚΡΟΣ ΠΟΥΣ;;;;;
2799;X639059;ΕΠΙΔΕΣΗ, ΔΑΚΤΥΛΟΙ, ΚΑΤΩ ΑΚΡΟ;;;;;
2800;X639119;ΕΠΙΔΕΣΗ, UNNA BOOT;;;;;
2801;X639139;ΕΠΙΔΕΣΗ ΜΕ ΝΑΡΘΗΚΑ DENIS-BROWNE;;;;;
2802;X639359;ΑΦΑΙΡΕΣΗ Ή ΕΦΑΡΜΟΓΗ ΔΥΟ ΒΑΛΒΙΔΩΝ, ΓΑΝΤΙ, ΜΠΟΤΑ Ή ΓΥΨΟΣ ΣΩΜΑΤΟΣ;;;;;
2803;X639369;ΑΦΑΙΡΕΣΗ Ή ΕΦΑΡΜΟΓΗ ΔΥΟ ΒΑΛΒΙΔΩΝ, ΓΥΨΟΣ ΣΕ ΟΛΟ ΤΟ ΒΡΑΧΙΟΝΑ Ή ΣΕ ΟΛΟ ΤΟ ΣΚΕΛΟΣ;;;;;
2804;X639379;ΑΦΑΙΡΕΣΗ Ή ΕΦΑΡΜΟΓΗ ΔΥΟ ΒΑΛΒΙΔΩΝ, ΧΕΙΡΟΥΡΓΙΚΟΣ ΕΠΙΔΕΣΜΟΣ ΩΜΟΥ Ή ΚΑΤ' ΙΣΧΙΟΝ ΑΡΘΡΩΣΕΩΣ, ΤΥΠΟΥ MINERVA, Ή ΤΥΠΟΥ RISSER  ΚΛΠ.;;;;;
2805;X639389;ΑΦΑΙΡΕΣΗ Ή ΕΦΑΡΜΟΓΗ ΔΥΟ ΒΑΛΒΙΔΩΝ, ΤΥΠΟΥ TURNBUCKLE;;;;;
2806;X639399;ΔΙΟΡΘΩΣΗ ΤΟΥ ΧΕΙΡΟΥΡΓΙΚΟΥ ΕΠΙΔΕΣΜΟΥ, ΓΥΨΟΥ ΣΩΜΑΤΟΣ Ή JACKET;;;;;
2807;X639419;"ΓΥΨΟ£̠Μ̠ΣΥΣΤΗΜ ""ΠΑΡΑΘΥΡΩΝ""";;;;;
2808;X639439;ΣΤΕΡΕΩΣΗ ΓΥΨΟΥ (ΕΞΑΙΡΕΙΤΑΙ Ο ΓΥΨΟΣ ΓΙΑ ΒΛΑΙΣΟΠΟΔΙΑ);;;;;
2809;X639459;ΣΤΕΡΕΩΣΗ ΓΥΨΟΥ ΔΙΟΡΘΩΣΗΣ ΒΛΑΙΣΟΠΟΔΙΑΣ;;;;;
2810;X639557;ΜΗ ΚΑΤΑΓΕΓΡΑΜΜΕΝΗ ΔΙΑΔΙΚΑΣΙΑ, ΕΦΑΡΜΟΓΗ ΓΥΨΟΥ Ή ΕΠΙΔΕΣΗ;;;;;
2811;Χ639557.1;ΕΦΑΡΜΟΓΗ ΝΑΡΘΗΚΑ ΩΜΟΥ - ΑΠΑΓΩΓΗΣ;;;;;
2812;Χ639557.2;ΕΦΑΡΜΟΓΗ ΚΗΔΕΜΟΝΑ ΩΜΟΥ-ΟΚΤΩΕΙΔΗΣ;;;;;
2813;Χ639557.3;ΕΦΑΡΜΟΓΗ ΝΑΡΘΗΚΑ U-SLAB;;;;;
Β.10;ΑΡΘΡΟΣΚΟΠΗΣΕΙΣ;;;;;;
2814;X639559;ΑΡΘΡΟΣΚΟΠΗΣΗ, ΚΡΟΤΑΦΟΓΝΑΘΙΚΗ ΑΡΘΡΩΣΗ, ΔΙΑΓΝΩΣΤΙΚΗ, ΜΕ Ή ΧΩΡΙΣ ΑΡΘΡΙΚΗ ΒΙΟΨΙΑ (ΞΕΧΩΡΙΣΤΗ ΕΠΕΜΒΑΣΗ);;;;;
2815;X639567;ΑΡΘΡΟΣΚΟΠΗΣΗ, ΚΡΟΤΑΦΟΓΝΑΘΙΚΗ ΑΡΘΡΩΣΗ, ΧΕΙΡΟΥΡΙΚΗ;;;;;
2816;X639569;ΑΡΘΡΟΣΚΟΠΗΣΗ, ΩΜΟΣ, ΔΙΑΓΝΩΣΤΙΚΗ, ΜΕ Ή ΧΩΡΙΣ ΑΡΘΡΙΚΗ ΒΙΟΨΙΑ (ΞΕΧΩΡΙΣΤΗ ΕΠΕΜΒΑΣΗ);;;;;
2817;X639571;ΑΡΘΡΟΣΚΟΠΗΣΗ, ΩΜΟΣ, ΧΕΙΡΟΥΡΓΙΚΗ, ΡΑΦΗ ΑΡΘΡΙΚΟΥ ΘΥΛΑΚΟΥ;;;;;
2818;X639573;ΑΡΘΡΟΣΚΟΠΗΣΗ, ΩΜΟΣ, ΧΕΙΡΟΥΡΓΙΚΗ, ΑΠΟΚΑΤΑΣΤΑΣΗ ΡΗΞΗΣ ΕΠΙΧΕΙΛΙΟΥ ΧΟΝΔΡΟΥ;;;;;
2819;X639597;"ΑΡΘΡΟΣΚΟΠΗΣΗ, ΩΜΟΣ, ΧΕΙΡΟΥΡΓΙΚΗ; ΜΕ ΑΦΑΙΡΕΣΗ ΕΛΕΥΘΕΡΟΥ Ή ΞΕΝΟΥ ΣΩΜΑΤΟΣ";;;;;
2820;X639599;ΑΝΕΝΕΡΓΟΣ;;;;;
2821;X639601;ΑΡΘΡΟΣΚΟΠΗΣΗ, ΩΜΟΣ, ΧΕΙΡΟΥΡΓΙΚΗ, ΕΚΤΟΜΗ ΑΡΘΡΙΚΟΥ ΘΥΛΑΚΑ, ΠΛΗΡΗΣ;;;;;
2822;X639603;ΑΡΘΡΟΣΚΟΠΗΣΗ, ΩΜΟΣ, ΧΕΙΡΟΥΡΓΙΚΗ, ΧΕΙΡΟΥΡΓΙΚΟΣ ΚΑΘΑΡΙΣΜΟΣ, ΠΕΡΙΟΡΙΣΜΕΝΟΣ;;;;;
2823;X639605;ΑΡΘΡΟΣΚΟΠΗΣΗ, ΩΜΟΣ, ΧΕΙΡΟΥΡΓΙΚΗ, ΧΕΙΡΟΥΡΓΙΚΟΣ ΚΑΘΑΡΙΣΜΟΣ, ΕΚΤΕΤΑΜΕΝΟΣ;;;;;
2824;X639607;ΑΡΘΡΟΣΚΟΠΗΣΗ, ΩΜΟΣ, ΧΕΙΡΟΥΡΓΙΚΗ, ΠΕΡΙΦΕΡΙΚΗ ΚΛΕΙΔΕΚΤΟΜΗ ΣΥΜΠΕΡΙΛΑΜΒΑΝΟΜΕΝΗΣ ΑΠΩ  ΑΡΘΡΙΚΗΣ ΕΠΙΦΑΝΕΙΑΣ (ΕΠΕΜΒΑΣΗ MUMFORD);;;;;
2825;X639609;ΑΡΘΡΟΣΚΟΠΗΣΗ, ΩΜΟΣ, ΧΕΙΡΟΥΡΓΙΚΗ, ΜΕ ΛΥΣΗ ΚΑΙ ΑΦΑΙΡΕΣΗ ΣΥΜΦΥΣΕΩΝ  ΜΕ Ή ΧΩΡΙΣ ΧΕΙΡΙΣΜΟ;;;;;
2826;X639611;ΑΡΘΡΟΣΚΟΠΗΣΗ, ΩΜΟΣ, ΧΕΙΡΟΥΡΓΙΚΗ, ΑΠΟΣΥΜΠΙΕΣΗ ΤΟΥ ΥΠΑΚΡΩΜΙΑΚΟΥ ΧΩΡΟΥ ΜΕ ΜΕΡΙΚΗ ΑΚΡΩΜΙΟΠΛΑΣΤΙΚΗ, ΜΕ Ή ΧΩΡΙΣ ΚΟΡΑΚΟΑΚΡΩΜΙΑΚΗ ΑΠΟΔΕΣΜΕΥΣΗ;;;;;
2827;X639613;ΑΡΘΡΟΣΚΟΠΗΣΗ, ΩΜΟΣ, ΧΕΙΡΟΥΡΓΙΚΗ, ΜΕ ΑΠΟΚΑΤΑΣΤΑΣΗ ΤΟΥ ΣΤΡΟΦΙΚΟΥ (ΤΕΝΟΝΤΙΑΙΟΥ) ΠΕΤΑΛΟΥ;;;;;
2828;X639615;ΑΡΘΡΟΣΚΟΠΗΣΗ, ΩΜΟΣ,ΧΕΙΡΟΥΡΓΙΚΗ, ΤΕΝΟΝΤΟΔΕΣΗ ΤΟΥ ΔΙΚΕΦΑΛΟΥ ΜΥΟΣ;;;;;
2829;X639619;ΑΡΘΡΟΣΚΟΠΗΣΗ, ΑΓΚΩΝΑΣ, ΔΙΑΓΝΩΣΤΙΚΗ, ΜΕ Ή ΧΩΡΙΣ ΑΡΘΡΙΚΗ ΒΙΟΨΙΑ  (ΞΕΧΩΡΙΣΤΗ ΕΠΕΜΒΑΣΗ);;;;;
2830;X639627;"ΑΡΘΡΟΣΚΟΠΗΣΗ, ΑΓΚΩΝΑΣ, ΧΕΙΡΟΥΡΓΙΚΗ; ΜΕ ΑΦΑΙΡΕΣΗ  ΕΛΕΥΘΕΡΟΥ Ή ΞΕΝΟΥ ΣΩΜΑΤΟΣ";;;;;
2831;X639629;ΑΝΕΝΕΡΓΟΣ;;;;;
2832;X639631;ΑΡΘΡΟΣΚΟΠΗΣΗ, ΑΓΚΩΝΑΣ, ΧΕΙΡΟΥΡΓΙΚΗ, ΕΚΤΟΜΗ ΑΡΘΡΙΚΟΥ ΘΥΛΑΚΟΥ, ΠΛΗΡΗΣ;;;;;
2833;X639633;ΑΝΕΝΕΡΓΟΣ;;;;;
2834;X639635;ΑΡΘΡΟΣΚΟΠΗΣΗ, ΑΓΚΩΝΑΣ, ΧΕΙΡΟΥΡΓΙΚΗ, ΧΕΙΡΟΥΡΓΙΚΟΣ ΚΑΘΑΡΙΣΜΟΣ, ΕΚΤΕΤΑΜΕΝΟΣ;;;;;
2835;X639639;ΑΡΘΡΟΣΚΟΠΗΣΗ, ΚΑΡΠΟΣ, ΔΙΑΓΝΩΣΤΙΚΗ, ΜΕ Ή ΧΩΡΙΣ ΑΡΘΡΙΚΗ ΒΙΟΨΙΑ  (ΞΕΧΩΡΙΣΤΗ ΕΠΕΜΒΑΣΗ);;;;;
2836;X639645;ΑΡΘΡΟΣΚΟΠΙΚΟΣ ΚΑΘΑΡΙΣΜΟΣ ΕΚΠΛΥΣΗ;;;;;
2837;X639647;ΑΡΘΡΟΣΚΟΠΗΣΗ, ΚΑΡΠΟΣ, ΧΕΙΡΟΥΡΓΙΚΗ, ΕΚΤΟΜΗ ΑΡΘΡΙΚΟΥ ΘΥΛΑΚΑ, ΜΕΡΙΚΗ;;;;;
2838;X639649;ΑΡΘΡΟΣΚΟΠΗΣΗ, ΚΑΡΠΟΣ, ΧΕΙΡΟΥΡΓΙΚΗ, ΕΚΤΟΜΗ ΑΡΘΡΙΚΟΥ ΘΥΛΑΚΑ, ΠΛΗΡΗΣ;;;;;
2839;X639651;ΑΡΘΡΟΣΚΟΠΗΣΗ, ΚΑΡΠΟΣ, ΧΕΙΡΟΥΡΓΙΚΗ, ΕΚΤΟΜΗ ΚΑΙ/Ή ΑΠΟΚΑΤΑΣΤΑΣΗ ΤΟΥ ΤΡΙΓΩΝΙΚΟΥ ΙΝΩΔΟΥΣ ΧΟΝΔΡΟΥ ΚΑΙ/Ή ΧΕΙΡΟΥΡΓΙΚΟΣ ΚΑΘΑΡΙΣΜΟΣ;;;;;
2840;X639653;ΑΡΘΡΟΣΚΟΠΗΣΗ, ΚΑΡΠΟΣ, ΧΕΙΡΟΥΡΓΙΚΗ, ΕΣΩΤΕΡΙΚΗ ΚΑΘΗΛΩΣΗ ΓΙΑ ΚΑΤΑΓΜΑ Ή ΑΣΤΑΘΕΙΑ;;;;;
2841;X639655;ΕΝΔΟΣΚΟΠΗΣΗ, ΚΑΡΠΟΣ, ΧΕΙΡΟΥΡΓΙΚΗ, ΜΕ ΑΠΟΔΕΣΜΕΥΣΗ ΤΟΥ ΕΓΚΑΡΣΙΟΥ ΚΑΡΠΙΑΙΟΥ ΣΥΝΔΕΣΜΟΥ;;;;;
2842;X639659;ΑΡΘΡΟΣΚΟΠΙΚΑ ΥΠΟΒΟΗΘΟΥΜΕΝΗ ΑΝΑΤΑΞΗ  ΜΕΣΟΚΟΝΔΥΛΙΑΣ ΑΚΑΝΘΑΣ(ΩΝ) ΚΑΙ/Ή  ΚΑΤΑΓΜΑΤΟΣ(ΤΩΝ) ΚΥΡΤΩΜΑΤΟΣ ΓΟΝΑΤΟΣ, ΜΕ Ή ΧΩΡΙΣ ΧΕΙΡΙΣΜΟ  ΑΝΕΥ ΕΣΩΤΕΡΙΚΗΣ Ή ΕΞΩΤΕΡΙΚΗΣ ΚΑΘΗΛΩΣΗΣ (ΠΕΡΙΛΑΜΒΑΝΕΙ ΑΡΘΡΟΣΚΟΠΗΣΗ);;;;;
2843;X639661;ΑΡΘΡΟΣΚΟΠΙΚΑ ΥΠΟΒΟΗΘΟΥΜΕΝΗ ΑΝΑΤΑΞΗ  ΜΕΣΟΚΟΝΔΥΛΙΑΣ ΑΚΑΝΘΑΣ(ΩΝ) ΚΑΙ/Ή  ΚΑΤΑΓΜΑΤΟΣ(ΤΩΝ) ΚΥΡΤΩΜΑΤΟΣ ΓΟΝΑΤΟΣ, ΜΕ Ή ΧΩΡΙΣ ΧΕΙΡΙΣΜΟ. ΜΕ ΕΣΩΤΕΡΙΚΗ Ή ΕΞΩΤΕΡΙΚΗ ΚΑΘΗΛΩΣΗ (ΠΕΡΙΛΑΜΒΑΝΕΙ ΑΡΘΡΟΣΚΟΠΗΣΗ);;;;;
2844;X639669;ΑΡΘΡΟΣΚΟΠΙΚΑ ΥΠΟΒΟΗΘΟΥΜΕΝΗ ΑΝΑΤΑΞΗ ΚΝΗΜΙΑΙΟΥ ΚΑΤΑΓΜΑΤΟΣ, ΕΓΓΥΣ (ΚΝΗΜΙΑΙΟΥ ΠΛΑΤΩ) ΜΟΝΟΚΟΝΔΥΛΙΟ, ΠΕΡΙΛΑΜΒΑΝΕΙ ΕΣΩΤΕΡΙΚΗ ΚΑΘΗΛΩΣΗ, ΟΤΑΝ ΕΚΤΕΛΕΙΤΑΙ (ΠΕΡΙΛΑΜΒΑΝΕΙ ΑΡΘΡΟΣΚΟΠΗΣΗ);;;;;
2845;X639671;ΑΡΘΡΟΣΚΟΠΙΚΑ ΥΠΟΒΟΗΘΟΥΜΕΝΗ ΑΝΑΤΑΞΗ ΤΟΥ ΚΝΗΜΙΑΙΟΥ ΚΑΤΑΓΜΑΤΟΣ, ΕΓΓΥΣ (ΚΝΗΜΙΑΙΟΥ ΠΛΑΤΩ).  ΔΙΚΟΝΔΥΛΙΟ, ΠΕΡΙΛΑΜΒΑΝΕΙ ΕΣΩΤΕΡΙΚΗ ΚΑΘΗΛΩΣΗ, ΟΤΑΝ ΕΚΤΕΛΕΙΤΑΙ (ΠΕΡΙΛΑΜΒΑΝΕΙ  ΑΡΘΡΟΣΚΟΠΗΣΗ);;;;;
2846;X639679;ΑΡΘΡΟΣΚΟΠΗΣΗ, ΚΑΤ' ΙΣΧΙΟΝ ΑΡΘΡΩΣΗ, ΔΙΑΓΝΩΣΤΙΚΗ, ΜΕ Ή ΧΩΡΙΣ ΑΡΘΡΙΚΗ ΒΙΟΨΙΑ (ΞΕΧΩΡΙΣΤΗ  ΔΙΑΔΙΚΑΣΙΑ);;;;;
2847;X639681;"ΑΡΘΡΟΣΚΟΠΗΣΗ, ΚΑΤ' ΙΣΧΙΟΝ ΑΡΘΡΩΣΗ, ΧΕΙΡΟΥΡΓΙΚΗ; ΜΕ ΑΦΑΙΡΕΣΗ ΕΛΕΥΘΕΡΟΥ Ή ΞΕΝΟΥ ΣΩΜΑΤΟΣ";;;;;
2848;X639683;"ΑΡΘΡΟΣΚΟΠΗΣΗ, ΚΑΤ' ΙΣΧΙΟΝ ΑΡΘΡΩΣΗ, ΧΕΙΡΟΥΡΓΙΚΗ; ΜΕ ΧΕΙΡΟΥΡΓΙΚΟ ΚΑΘΑΡΙΣΜΟ/ΑΠΟΞΕΣΗ ΤΟΥ ΑΡΘΡΙΚΟΥ ΧΟΝΔΡΟΥ (ΠΛΑΣΤΙΚΗ ΧΟΝΔΡΟΥ), ΑΡΘΡΟΠΛΑΣΤΙΚΗ ΑΠΟΞΕΣΗ, ΚΑΙ/ Ή ΑΦΑΙΡΕΣΗ ΤΟΥ ΧΕΙΛΟΥΣ";;;;;
2849;X639685;"ΑΡΘΡΟΣΚΟΠΗΣΗ, ΚΑΤ' ΙΣΧΙΟΝ ΑΡΘΡΩΣΗ, ΧΕΙΡΟΥΡΓΙΚΗ; ΜΕ ΕΚΤΟΜΗ ΑΡΘΡΙΚΟΥ ΘΥΛΑΚΑ";;;;;
2850;X639691;ΑΡΘΡΟΣΚΟΠΗΣΗ, ΓΟΝΑΤΟ, ΧΕΙΡΟΥΡΓΙΚΗ. ΟΣΤΕΟΧΟΝΔΡΙΝΟ ΜΟΣΧΕΥΜΑ(ΤΑ) (ΠΧ. ΜΩΣΑΪΚΟΠΛΑΣΤΙΚΗ) (ΠΕΡΙΛΑΜΒΑΝΕΙ ΣΥΛΛΟΓΗ ΤΟΥ ΑΥΤΟΜΟΣΧΕΥΜΑΤΟΣ(ΤΩΝ);;;;;
2851;X639693;ΑΡΘΡΟΣΚΟΠΗΣΗ, ΓΟΝΑΤΟ, ΧΕΙΡΟΥΡΓΙΚΗ. ΟΣΤΕΟΧΟΝΔΡΙΚΟ ΑΛΛΟΜΟΣΧΕΥΜΑ(ΤΑ) (ΠΧ. ΜΩΣΑΪΚΟΠΛΑΣΤΙΚΗ);;;;;
2852;X639695;ΑΡΘΡΟΣΚΟΠΗΣΗ, ΓΟΝΑΤΟ, ΧΕΙΡΟΥΡΓΙΚΗ. ΜΕΤΑΜΟΣΧΕΥΣΗ ΜΗΝΙΣΚΟΥ (ΠΕΡΙΛΑΜΒΑΝΕΙ  ΑΡΘΡΟΤΟΜΗ ΓΙΑ ΕΙΣΑΓΩΓΗ ΜΗΝΙΣΚΟΥ), ΕΣΩ Ή ΕΞΩ;;;;;
2853;X639699;ΑΡΘΡΟΣΚΟΠΗΣΗ, ΓΟΝΑΤΟ, ΔΙΑΓΝΩΣΤΙΚΗ, ΜΕ Ή ΧΩΡΙΣ ΑΡΘΡΙΚΗ ΒΙΟΨΙΑ (ΞΕΧΩΡΙΣΤΗ  ΔΙΑΔΙΚΑΣΙΑ);;;;;
2854;X639701;ΑΡΘΡΟΣΚΟΠΗΣΗ, ΓΟΝΑΤΟ, ΧΕΙΡΟΥΡΓΙΚΗ, ΓΙΑ ΜΟΛΥΝΣΗ, ΕΚΠΛΥΣΗ ΚΑΙ ΠΑΡΟΧΕΤΕΥΣΗ;;;;;
2855;X639705;ΑΡΘΡΟΣΚΟΠΙΚΗ ΑΠΟΚΑΤΑΣΤΑΣΗ ΕΞΑΡΘΡΗΜΑΤΟΣ ΕΠΙΓΟΝΑΤΙΔΟΣ (LATERAL RELEASE);;;;;
2856;X639707;"ΑΡΘΡΟΣΚΟΠΗΣΗ, ΓΟΝΑΤΟ, ΧΕΙΡΟΥΡΓΙΚΗ; ΓΙΑ ΑΦΑΙΡΕΣΗ  ΕΛΕΥΘΕΡΟΥ Ή ΞΕΝΟΥ ΣΩΜΑΤΟΣ (ΠΧ. ΘΡΥΜΜΑΤΙΣΜΟΣ ΔΙΑΧΩΡΙΣΤΙΚΗΣ ΟΣΤΕΟΧΟΝΔΡΙΤΙΔΑΣ, ΘΡΥΜΜΑΤΙΣΜΟΣ ΧΟΝΔΡΟΥ)";;;;;
2857;X639709;ΑΡΘΡΟΣΚΟΠΗΣΗ, ΓΟΝΑΤΟ, ΧΕΙΡΟΥΡΓΙΚΗ. ΕΚΤΟΜΗ ΑΡΘΡΙΚΟΥ ΘΥΛΑΚΑ, ΠΕΡΙΟΡΙΣΜΕΝΗ (ΠΧ. ΠΤΥΧΗΣ Ή ΑΥΤΟ ΑΦΑΙΡΕΣΗ) (ΞΕΧΩΡΙΣΤΗ ΔΙΑΔΙΚΑΣΙΑ);;;;;
2858;X639711;ΑΡΘΡΟΣΚΟΠΗΣΗ, ΓΟΝΑΤΟ, ΧΕΙΡΟΥΡΓΙΚΗ. ΕΚΤΟΜΗ ΑΡΘΡΙΚΟΥ ΘΥΛΑΚΑ, ΜΕΓΑΛΗ, ΔΥΟ Ή ΠΕΡΙΣΣΟΤΕΡΑ ΔΙΑΜΕΡΙΣΜΑΤΑ (ΠΧ. ΕΣΩ Ή ΕΞΩ);;;;;
2859;X639713;"ΑΡΘΡΟΣΚΟΠΗΣΗ, ΓΟΝΑΤΟ, ΧΕΙΡΟΥΡΓΙΚΗ; ΧΕΙΡΟΥΡΓΙΚΟΣ ΚΑΘΑΡΙΣΜΟΣ/ΑΠΟΞΕΣΗ ΑΡΘΡΙΚΟΥ ΧΟΝΔΡΟΥ  (ΧΟΝΔΡΟΠΛΑΣΤΙΚΗ)";;;;;
2860;X639717;ΑΡΘΡΟΣΚΟΠΗΣΗ, ΓΟΝΑΤΟ, ΧΕΙΡΟΥΡΓΙΚΗ. ΑΡΘΡΟΠΛΑΣΤΙΚΗ ΑΠΟΞΕΣΗ (ΠΕΡΙΛΑΜΒΑΝΕΙ ΧΟΝΔΡΟΠΛΑΣΤΙΚΗ, ΟΠΟΥ ΧΡΕΙΑΖΕΤΑΙ) Ή ΠΟΛΛΑΠΛΕΣ ΟΠΕΣ (ΤΡΥΠΑΝΙΣΜΟΥΣ) Ή ΜΙΚΡΟΚΑΤΑΓΜΑ;;;;;
2861;X639719;ΑΡΘΡΟΣΚΟΠΗΣΗ, ΓΟΝΑΤΟ, ΧΕΙΡΟΥΡΓΙΚΗ. ΜΕ ΕΚΤΟΜΗ ΜΗΝΙΣΚΟΥ (ΕΣΩ ΚΑΙ ΕΞΩ ΣΥΜΠΕΡΙΛΑΜΒΑΝΟΜΕΝΗΣ ΑΠΟΞΕΣΗΣ ΜΗΝΙΣΚΟΥ);;;;;
2862;X639721;ΑΡΘΡΟΣΚΟΠΗΣΗ, ΓΟΝΑΤΟ, ΧΕΙΡΟΥΡΓΙΚΗ. ΜΕ ΕΚΤΟΜΗ ΜΗΝΙΣΚΟΥ (ΕΣΩ Ή ΕΞΩ,  ΣΥΜΠΕΡΙΛΑΜΒΑΝΟΜΕΝΗΣ ΑΠΟΞΕΣΗΣ ΜΗΝΙΣΚΟΥ);;;;;
2863;X639723;ΑΡΘΡΟΣΚΟΠΙΚΗ ΣΥΡΡΑΦΗ ΜΗΝΙΣΚΩΝ ΜΕ ΒΙΟΑΠΟΡΡΟΦΗΣΙΜΑ ΥΛΙΚΑ Η' ΜΕ (INSIDE OUT )TEXNIKH;;;;;
2864;X639725;ΑΝΕΝΕΡΓΟΣ;;;;;
2865;X639727;ΑΡΘΡΟΣΚΟΠΗΣΗ, ΓΟΝΑΤΟ, ΧΕΙΡΟΥΡΓΙΚΗ. ΜΕ ΛΥΣΗ ΣΥΜΦΥΣΕΩΝ, ΜΕ Ή ΧΩΡΙΣ  ΧΕΙΡΙΣΜΟ (ΞΕΧΩΡΙΣΤΗ ΔΙΑΔΙΚΑΣΙΑ);;;;;
2866;X639729;ΑΡΘΡΟΣΚΟΠΗΣΗ, ΓΟΝΑΤΟ, ΧΕΙΡΟΥΡΓΙΚΗ. ΜΕ ΤΟΜΗ (ΤΡΥΠΑΝΙΣΜΟ) ΓΙΑ ΔΙΑΧΩΡΙΣΤΙΚΗ ΟΣΤΕΟΧΟΝΔΡΙΤΙΔΑ ΜΕ ΟΣΤΙΚΟ ΜΟΣΧΕΥΜΑ, ΜΕ Ή ΧΩΡΙΣ ΕΣΩΤΕΡΙΚΗ ΚΑΘΗΛΩΣΗ (ΣΥΜΠΕΡΙΛΑΜΒΑΝΟΜΕΝΟΥ ΤΟΥ ΧΕΙΡΟΥΡΓΙΚΟΥ ΚΑΘΑΡΙΣΜΟΥ  ΤΗΣ ΒΑΣΗΣ ΤΗΣ ΒΛΑΒΗΣ);;;;;
2867;X639731;ΑΡΘΡΟΣΚΟΠΗΣΗ, ΓΟΝΑΤΟ, ΤΡΥΠΑΝΙΣΜΟΣ ΓΙΑ ΜΗ ΕΠΙΠΛΕΓΜΕΝΗ ΔΙΑΧΩΡΙΣΤΙΚΗ ΟΣΤΕΟΧΟΝΔΡΙΤΙΔΑ;;;;;
2868;X639733;ΑΡΘΡΟΣΚΟΠΗΣΗ, ΓΟΝΑΤΟ, ΤΡΥΠΑΝΙΣΜΟΣ ΓΙΑ ΜΗ ΕΠΙΠΛΕΓΜΕΝΗ ΔΙΑΧΩΡΙΣΤΙΚΗ ΟΣΤΕΟΧΟΝΔΡΙΤΙΔΑ ΜΕ ΕΣΩΤΕΡΙΚΗ ΚΑΘΗΛΩΣΗ;;;;;
2869;X639735;ΑΡΘΡΟΣΚΟΠΙΚΑ ΥΠΟΒΟΗΘΟΥΜΕΝΗ ΑΠΟΚΑΤΑΣΤΑΣΗ/ΕΝΙΣΧΥΣΗ  ΠΡΟΣΘΙΟΥ ΧΙΑΣΤΟΥ ΣΥΝΔΕΣΜΟΥ Ή  ΑΝΑΚΑΤΑΣΚΕΥΗ;;;;;
2870;X639737;ΑΡΘΡΟΣΚΟΠΙΚΑ ΥΠΟΒΟΗΘΟΥΜΕΝΗ ΑΠΟΚΑΤΑΣΤΑΣΗ/ΕΝΙΣΧΥΣΗ ΟΠΙΣΘΙΟΥ ΧΙΑΣΤΟΥ ΣΥΝΔΕΣΜΟΥ Ή  Ή ΑΝΑΠΛΑΣΗ;;;;;
2871;X639741;ΑΡΘΡΟΣΚΟΠΗΣΗ, ΠΟΔΟΚΝΗΜΙΚΗ, ΧΕΙΡΟΥΡΓΙΚΗ, ΕΚΤΟΜΗ ΟΣΤΕΟΧΟΝΔΡΙΝΗΣ ΒΛΑΒΗΣ ΑΣΤΡΑΓΑΛΟΥ ΚΑΙ/Ή ΚΝΗΜΗΣ, ΣΥΜΠΕΡΙΛΑΜΒΑΝΟΜΕΝΟΥ ΤΡΥΠΑΝΙΣΜΟΥ ΤΗΣ ΒΛΑΒΗΣ;;;;;
2872;X639743;ΑΡΘΡΟΣΚΟΠΙΚΑ ΥΠΟΒΟΗΘΟΥΜΕΝΗ ΑΠΟΚΑΤΑΣΤΑΣΗ ΜΕΓΑΛΗΣ ΒΛΑΒΗΣ ΔΙΑΧΩΡΙΣΤΙΚΗΣ ΟΣΤΕΟΧΟΝΔΡΙΤΙΔΑΣ, ΚΑΤΑΓΜΑΤΟΣ ΘΟΛΟΥ ΑΣΤΡΑΓΑΛΟΥ, Ή ΚΝΗΜΙΑΙΟΥ ΚΑΤΑΓΜΑΤΟΣ ΤΥΠΟΥ PLAFOND, ΜΕ ΄Η ΧΩΡΙΣ ΕΣΩΤΕΡΙΚΗ ΚΑΘΗΛΩΣΗ (ΠΕΡΙΛΑΜΒΑΝΕΙ ΑΡΘΡΟΣΚΟΠΗΣΗ);;;;;
2873;X639745;ΕΝΔΟΣΚΟΠΙΚΗ ΤΟΜΗ ΠΕΛΜΑΤΙΑΙΑΣ ΠΕΡΙΤΟΝΙΑΣ;;;;;
2874;X639747;ΑΡΘΡΟΣΚΟΠΗΣΗ, ΠΟΔΟΚΝΗΜΙΚΗ (ΑΣΤΡΑΓΑΛΟΚΝΗΜΙΑΙΕΣ ΚΑΙ ΑΣΤΡΑΓΑΛΟΠΕΡΟΝΙΑΙΕΣ ΑΡΘΡΩΣΕΙΣ), ΧΕΙΡΟΥΡΓΙΚΗ. ΜΕ ΑΦΑΙΡΕΣΗ ΕΛΕΥΘΕΡΟΥ Ή ΞΕΝΟΥ ΣΩΜΑΤΟΣ;;;;;
2875;X639749;ΑΡΘΡΟΣΚΟΠΗΣΗ, ΠΟΔΟΚΝΗΜΙΚΗ (ΑΣΤΡΑΓΑΛΟΚΝΗΜΙΑΙΕΣ ΚΑΙ ΑΣΤΡΑΓΑΛΟΠΕΡΟΝΙΑΙΕΣ ΑΡΘΡΩΣΕΙΣ), ΧΕΙΡΟΥΡΓΙΚΗ ΕΚΤΟΜΗ ΑΡΘΡΙΚΟΥ ΘΥΛΑΚΑ, ΜΕΡΙΚΗ;;;;;
2876;X639753;ΑΝΕΝΕΡΓΟΣ;;;;;
2877;X639755;ΑΡΘΡΟΣΚΟΠΗΣΗ, ΠΟΔΟΚΝΗΜΙΚΗ (ΑΣΤΡΑΓΑΛΟΚΝΗΜΙΑΙΕΣ ΚΑΙ ΑΣΤΡΑΓΑΛΟΠΕΡΟΝΙΑΙΕΣ ΑΡΘΡΩΣΕΙΣ), ΧΕΙΡΟΥΡΓΙΚΗ ΧΕΙΡΟΥΡΓΙΚΟΣ ΚΑΘΑΡΙΣΜΟΣ, ΕΚΤΕΤΑΜΕΝΟΣ;;;;;
2878;X639757;ΑΡΘΡΟΣΚΟΠΗΣΗ, ΠΟΔΟΚΝΗΜΙΚΗ (ΑΣΤΡΑΓΑΛΟΚΝΗΜΙΑΙΕΣ ΚΑΙ ΑΣΤΡΑΓΑΛΟΠΕΡΟΝΙΑΙΕΣ ΑΡΘΡΩΣΕΙΣ), ΧΕΙΡΟΥΡΓΙΚΗ. ΜΕ ΑΡΘΡΟΔΕΣΗ ΠΟΔΟΚΝΗΜΙΚΗΣ;;;;;
2879;X639759;ΑΝΕΝΕΡΓΟΣ;;;;;
2880;X639761;ΑΡΘΡΟΣΚΟΠΗΣΗ ΜΕΤΑΤΑΡΣΟΦΑΛΑΓΓΙΚΗΣ ΑΡΘΡΟΣΚΟΠΙΚΟΣ ΚΑΘΑΡΙΣΜΟΣ-ΒΙΟΨΙΑ-ΑΠΟΚΑΤΑΣΤΑΣΗ ΣΥΝΔΕΣΜΙΚΩΝ ΒΛΑΒΩΝ;;;;;
2881;X639763;ΑΡΘΡΟΣΚΟΠΗΣH, ΜΕΤΑΚΑΡΠΙΟΦΑΛΑΓΓΙΚΗ ΔΙΑΡΘΡΩΣΗ, ΧΕΙΡΟΥΡΓΙΚΗ. ΜΕ ΜΕΙΩΣΗ ΜΕΤΑΤΟΠΙΣΜΕΝΟΥ ΩΛΕΝΙΟΥ ΠΑΡΑΠΛΕΥΡΟΥ ΣΥΝΔΕΣΜΟΥ (ΠΧ. ΒΛΑΒΗ STENAR);;;;;
2882;X639767;ΑΡΘΡΟΣΚΟΠΗΣΗ,ΥΠΑΣΤΡΑΓΑΛΙΚΗ ΑΡΘΡΩΣΗ, ΧΕΙΡΟΥΡΓΙΚΗ. ΜΕ ΑΦΑΙΡΕΣΗ ΕΛΕΥΘΕΡΟΥ Ή ΞΕΝΟΥ ΣΩΜΑΤΟΣ;;;;;
2883;X639769;ΑΡΘΡΟΣΚΟΠΗΣΗ, ΥΠΑΣΤΡΑΓΑΛΙΚΗ ΑΡΘΡΩΣΗ, ΧΕΙΡΟΥΡΓΙΚΗ. ΜΕ ΕΚΤΟΜΗ ΑΡΘΡΙΚΟΥ ΘΥΛΑΚΑ;;;;;
2884;X639771;ΑΡΘΡΟΣΚΟΠΗΣΗ, ΥΠΑΣΤΡΑΓΑΛΙΚΗ ΑΡΘΡΩΣΗ, ΧΕΙΡΟΥΡΓΙΚΗ. ΜΕ ΧΕΙΡΟΥΡΓΙΚΟ ΚΑΘΑΡΙΣΜΟ;;;;;
2885;X639773;ΑΡΘΡΟΣΚΟΠΗΣΗ, ΥΠΑΣΤΡΑΓΑΛΙΚΗ ΑΡΘΡΩΣΗ, ΧΕΙΡΟΥΡΓΙΚΗ. ΜΕ ΥΠΑΣΤΡΑΓΑΛΙΚΗ ΑΡΘΡΟΔΕΣΗ;;;;;
2886;X639957;ΜΗ ΚΑΤΑΓΕΓΡΑΜΜΕΝΗ ΔΙΑΔΙΚΑΣΙΑ, ΑΡΘΡΟΣΚΟΠΗΣΗ;;;;;
2887;X639957.1;ΑΡΘΡΟΣΚΟΠΙΚΗ ΑΠΟΣΥΜΠΙΕΣΗ ΝΕΥΡΩΝ ΕΠΙ ΩΜΟΠΛΑΤΙΑΙΩΝ ΠΑΓΙΔΕΥΣΕΩΝ ;;;;;
2888;Χ639957.2;ΑΡΘΡΟΣΚΟΠΙΚΑ ΥΠΟΒΟΗΘΟΥΜΕΝΕΣ ΑΠΟΚΑΤΑΣΤΑΣΕΙΣ ΚΑΤΑΓΜΑΤΩΝ ΩΜΟΠΛΑΤΗΣ ΚΑΙ ΚΕΦΑΛΗΣ ΒΡΑΧΙΟΝΙΟΥ;;;;;
2889;Χ639957.3;ΑΡΘΡΟΣΚΟΠΙΚΗ ΚΑΘΗΛΩΣΗ ΧΟΝΔΡΙΝΩΝ ΚΑΙ ΟΣΤΕΟΧΟΝΔΡΙΝΩΝ ΒΛΑΒΩΝ.ΑΓΚΩΝΑ;;;;;
2890;Χ639957.4;ΑΡΘΡΟΣΚΟΠΙΚΑ ΥΠΟΒΟΗΘΟΥΜΕΝΕΣ ΑΠΟΚΑΤΑΣΤΑΣΕΙΣ ΚΑΤΑΓΜΑΤΩΝ  ΑΓΚΩΝΑ ;;;;;
2891;Χ639957.5;ΑΡΘΡΟΣΚΟΠΙΚΗ ΑΝΤΙΜΕΤΩΠΙΣΗ  ΧΟΝΔΡΙΝΩΝ ΚΑΙ ΟΣΤΕΟΧΟΝΔΡΙΝΩΝ ΒΛΑΒΩΝ  ΚΑΙ ΚΑΘΗΛΩΣΗ ΑΥΤΩΝ ΜΕ ΒΙΟΑΠΟΡΡΟΦΗΣΙΜΑ ΥΛΙΚΑ ΚΑΘΗΛΩΣΗΣ, ΠΟΔΟΚΝΗΜΙΚΗΣ ;;;;;
2892;Χ639957.6;ΑΡΘΡΟΣΚΟΠΙΚΗ ΑΝΤΙΜΕΤΩΠΙΣΗ  ΧΟΝΔΡΙΝΩΝ ΚΑΙ ΟΣΤΕΟΧΟΝΔΡΙΝΩΝ ΒΛΑΒΩΝ ΠΟΔΟΚΝΗΜΙΚΗΣ -ΑΝΤΙΜΕΤΩΠΙΣΗ  ΕΛΛΕΙΜΜΑΤΩΝ ΜΕ ΜΕΤΑΜΟΣΧΕΥΣΗ ΧΟΝΔΡΟΚΥΤΤΑΡΩΝ.;;;;;
2893;Χ63997.7;ΑΡΘΡΟΣΚΟΠΙΚΗ ΑΝΤΙΜΕΤΩΠΙΣΗ  ΧΟΝΔΡΙΝΩΝ ΚΑΙ ΟΣΤΕΟΧΟΝΔΡΙΝΩΝ ΒΛΑΒΩΝ ΓΟΝΑΤΟΣ  -ΑΝΤΙΜΕΤΩΠΙΣΗ  ΕΛΛΕΙΜΜΑΤΩΝ ΜΕ ΜΕΤΑΜΟΣΧΕΥΣΗ ΧΟΝΔΡΟΚΥΤΤΑΡΩΝ.;;;;;
2894;Χ63997.8;ΑΡΘΡΟΣΚΟΠΗΣΗ ΣΠΟΝΔΥΛΙΚΗΣ ΣΤΗΛΗΣ -ΕΚΠΛΥΣΗ -ΑΝΤΙΜΕΤΩΠΙΣΗ ΦΛΕΓΜΩΝΗΣ ;;;;;
2895;Χ63997.9;ΑΡΘΡΟΣΚΟΠΗΣΗ ΣΠΟΝΔΥΛΙΚΗΣ ΣΤΗΛΗΣ - ΑΝΤΙΜΕΤΩΠΙΣΗ ΚΗΛΗΣ ΔΙΣΚΟΥ-ΣΠΟΝΔΥΛΙΚΗΣ ΣΤΕΝΩΣΗΣ ;;;;;
Β.11;ΠΕΡΙΟΧΗ ΡΙΝΟΣ – ΠΑΡΑΡΡΙΝΙΩΝ - ΛΑΡΥΓΓΑ;;;;;;
2896;X639959;ΠΑΡΟΧΕΤΕΥΣΗ ΑΠΟΣΤΗΜΑΤΟΣ Ή ΑΙΜΑΤΩΜΑΤΟΣ, ΡΙΝΙΚΟ, ΕΣΩΤΕΡΙΚΗ ΠΡΟΣΠΕΛΑΣΗ;;;;;
2897;X639999;ΠΑΡΟΧΕΤΕΥΣΗ ΑΠΟΣΤΗΜΑΤΟΣ Ή ΑΙΜΑΤΩΜΑΤΟΣ, ΡΙΝΙΚΟ ΔΙΑΦΡΑΓΜΑ;;;;;
2898;X640159;ΒΙΟΨΙΑ, ΕΝΔΟΡΙΝΙΚΗ;;;;;
2899;X640179;ΕΚΤΟΜΗ, ΡΙΝΙΚΟΣ ΠΟΛΥΠΟΔΑΣ(ΕΣ), ΑΠΛΗ;;;;;
2900;X640189;ΕΚΤΟΜΗ, ΡΙΝΙΚΟΣ ΠΟΛΥΠΟΔΑΣ(ΕΣ), ΕΥΡΕΙΑ;;;;;
2901;X640193;ΕΚΤΟΜΗ Ή ΚΑΤΑΣΤΡΟΦΗ (ΠΧ. ΛΕΪΖΕΡ Ή ΡΑΔΙΟΣΥΧΝΟΤΗΤΕΣ), ΕΝΔΟΡΙΝΙΚΗ ΒΛΑΒΗ. ΕΣΩΤΕΡΙΚΗ ΠΡΟΣΠΕΛΑΣΗ;;;;;
2902;X640195;ΕΚΤΟΜΗ Ή ΚΑΤΑΣΤΡΟΦΗ (ΠΧ. ΛΕΪΖΕΡ), ΕΝΔΟΡΙΝΙΚΗ ΒΛΑΒΗ. ΕΞΩΤΕΡΙΚΗ ΠΡΟΣΠΕΛΑΣΗ (ΠΛΑΓΙΑ ΡΙΝΟΤΟΜΙΑ);;;;;
2903;X640199;ΑΝΤΙΜΕΤΩΠΙΣΗ ΡΙΝΟΦΥΜΑΤΟς ΜΕ ΧΡΗΣΗ ΔΕΡΜΟΑΠΟΞΕΣΗΣ, ΛΕΙΖΕΡ, ΗΛΕΚΡΟΧΕΙΡΟΥΡΓΙΚΗ, ΚΡΥΟΘΕΡΑΠΕΙΑ ΚΛΠ.;;;;;
2904;X640207;ΕΚΤΟΜΗ ΔΕΡΜΟΕΙΔΟΥΣ ΚΥΣΤΗΣ, ΡΙΣ. ΑΠΛΗ, ΔΕΡΜΑ, ΥΠΟΔΟΡΙΑ;;;;;
2905;X640209;ΕΚΤΟΜΗ ΔΕΡΜΟΕΙΔΟΥΣ ΚΥΣΤΗΣ, ΡΙΣ. ΣΥΝΘΕΤΗ, ΚΑΤΩ ΑΠΟ ΟΣΤΟ Ή ΧΟΝΔΡΟ;;;;;
2906;X640219;ΕΚΤΟΜΗ ΚΑΤΩ ΡΙΝΙΚΗΣ ΚΟΓΧΗΣ, ΜΕΡΙΚΗ Ή ΟΛΙΚΗ, ΚΑΘΕ ΜΕΘΟΔΟΣ;;;;;
2907;X640239;ΥΠΟΒΛΕΝΝΟΓΟΝΟΣ ΕΚΤΟΜΗ ΚΑΤΩ ΡΙΝΙΚΗΣ ΚΟΓΧΗΣ, ΜΕΡΙΚΗ Ή ΟΛΙΚΗ, ΚΑΘΕ ΜΕΘΟΔΟΣ;;;;;
2908;X640259;ΡΙΝΕΚΤΟΜΗ. ΜΕΡΙΚΗ;;;;;
2909;X640279;ΡΙΝΕΚΤΟΜΗ. ΟΛΙΚΗ;;;;;
2910;X640359;ΕΝΕΣΗ ΣΤΗΝ ΡΙΝΙΚΗ(ΕΣ) ΚΟΓΧΗ(ΕΣ), ΘΕΡΑΠΕΥΤΙΚΗ;;;;;
2911;X640379;ΘΕΡΑΠΕΙΑ ΠΑΡΕΚΤΟΠΗΣΗΣ (ΤΥΠΟΣ PROETZ);;;;;
2912;X640399;ΕΙΣΑΓΩΓΗ, ΡΙΝΙΚΗ ΔΙΑΦΡΑΓΜΑΤΙΚΗ ΠΡΟΘΕΣΗ (ΟΠΗ);;;;;
2913;X640559;ΑΦΑΙΡΕΣΗ ΞΕΝΟΥ ΣΩΜΑΤΟΣ, ΕΝΔΟΡΙΝΙΚΗ, ΔΙΑΔΙΚΑΣΙΑ ΙΑΤΡΕΙΟΥ;;;;;
2914;X640579;ΑΦΑΙΡΕΣΗ ΞΕΝΟΥ ΣΩΜΑΤΟΣ, ΕΝΔΟΡΙΝΙΚΗ. ΑΠΑΙΤΕΙ ΓΕΝΙΚΗ ΑΝΑΙΣΘΗΣΙΑ;;;;;
2915;X640599;ΑΦΑΙΡΕΣΗ ΞΕΝΟΥ ΣΩΜΑΤΟΣ, ΕΝΔΟΡΙΝΙΚΗ. ΜΕΣΩ ΠΛΑΓΙΑΣ ΡΙΝΟΤΟΜΙΑΣ;;;;;
2916;X640759;ΡΙΝΟΠΛΑΣΤΙΚΗ, ΒΑΣΙΚΗ. ΠΛΕΥΡΙΚΟΙ ΚΑΙ ΠΤΕΡΥΓΟΕΙΔΕΙΣ ΧΟΝΔΡΟΙ ΚΑΙ/Ή ΑΝΥΨΩΣΗ ΤΗΣ  ΡΙΝΙΚΗΣ ΚΟΡΥΦΗΣ;;;;;
2917;X640779;ΡΙΝΟΠΛΑΣΤΙΚΗ, ΒΑΣΙΚΗ. ΠΛΗΡΗΣ, ΕΞΩΤΕΡΙΚΑ ΜΕΡΗ ΣΥΜΠΕΡΙΛΑΜΒΑΝΟΜΕΝΗΣ ΤΗΣ ΟΣΤΕΪΝΗΣ ΠΥΡΑΜΙΔΑΣ  ΠΛΕΥΡΙΚΟΙ ΚΑΙ ΠΤΕΡΥΓΟΕΙΔΕΙΣ ΧΟΝΔΡΟΙ, ΚΑΙ/Ή ΑΝΥΨΩΣΗ ΤΗΣ ΡΙΝΙΚΗΣ ΚΟΡΥΦΗΣ;;;;;
2918;X640799;ΡΙΝΟΠΛΑΣΤΙΚΗ, ΒΑΣΙΚΗ. ΣΥΜΠΕΡΙΛΑΜΒΑΝΟΜΕΝΗΣ ΕΚΤΕΤΑΜΕΝΗΣ ΑΠΟΚΑΤΑΣΤΑΣΗΣ ΔΙΑΦΡΑΓΜΑΤΟΣ;;;;;
2919;X640819;ΡΙΝΟΠΛΑΣΤΙΚΗ, ΔΕΥΤΕΡΕΥΟΥΣΑ. ΕΛΑΣΣΩΝ ΑΝΑΘΕΩΡΗΣΗ (ΠΕΡΙΟΡΙΣΜΕΝΗ ΕΡΓΑΣΙΑ ΡΙΝΙΚΗΣ ΚΟΡΥΦΗΣ);;;;;
2920;X640829;ΡΙΝΟΠΛΑΣΤΙΚΗ, ΔΕΥΤΕΡΕΥΟΥΣΑ. ΕΝΔΙΑΜΕΣΗ ΑΝΑΘΕΩΡΗΣΗ ( ΕΡΓΑΣΙΑ ΣΤΑ ΟΣΤΑ ΜΕ  ΟΣΤΕΟΤΟΜΕΣ);;;;;
2921;X640859;ΡΙΝΟΠΛΑΣΤΙΚΗ, ΔΕΥΤΕΡΕΥΟΥΣΑ, ΕΚΤΕΤΑΜΕΝΗ ΑΝΑΘΕΩΡΗΣΗ (ΕΡΓΑΣΙΑ ΡΙΝΙΚΗΣ ΚΟΡΥΦΗΣ ΚΑΙ ΟΣΤΕΟΤΟΜΕΣ);;;;;
2922;X640879;ΡΙΝΟΠΛΑΣΤΙΚΗ ΓΙΑ ΡΙΝΙΚΗ ΔΥΣΜΟΡΦΙΑ ΔΕΥΤΕΡΟΓΕΝΗΣ ΣΕ ΣΥΓΓΕΝΕΣ ΛΑΓΩΧΕΙΛΟ ΚΑΙ/Ή  ΛΥΚΟΣΤΟΜΑ, ΣΥΜΠΕΡΙΛΑΜΒΑΝΟΜΕΝΗΣ ΑΞΟΝΙΚΗΣ ΕΠΙΜΗΚΥΝΣΗΣ. ΜΟΝΟ ΚΟΡΥΦΗ;;;;;
2923;X640883;ΡΙΝΟΠΛΑΣΤΙΚΗ ΓΙΑ ΡΙΝΙΚΗ ΔΥΣΜΟΡΦΙΑ ΔΕΥΤΕΡΟΓΕΝΗΣ ΣΕ ΣΥΓΓΕΝΕΣ ΛΑΓΩΧΕΙΛΟ ΚΑΙ/Ή  ΛΥΚΟΣΤΟΜΑ, ΣΥΜΠΕΡΙΛΑΜΒΑΝΟΜΕΝΗΣ ΑΞΟΝΙΚΗΣ ΕΠΙΜΗΚΥΝΣΗΣ. ΚΟΡΥΦΗ, ΔΙΑΦΡΑΓΜΑ, ΟΣΤΕΟΤΟΜΕΣ;;;;;
2924;X640889;ΑΠΟΚΑΤΑΣΤΑΣΗ ΣΤΕΝΩΣΗΣ ΡΙΝΙΚΗΣ ΑΙΘΟΥΣΑΣ (ΠΧ. ΕΚΤΕΤΑΜΕΝΗ ΜΕΤΑΜΟΣΧΕΥΣΗ, ΑΠΟΚΑΤΑΣΤΑΣΗ ΠΛΕΥΡΙΚΟΥ ΡΙΝΙΚΟΥ ΤΟΙΧΩΜΑΤΟΣ);;;;;
2925;X640999;ΠΛΑΣΤΙΚΗ ΔΙΑΦΡΑΓΜΑΤΟΣ Ή ΥΠΟΒΛΕΝΝΟΓΟΝΟΣ ΕΚΤΟΜΗ, ΜΕ Ή ΧΩΡΙΣ ΧΑΡΑΞΗ ΧΟΝΔΡΟΥ ΔΙΑΜΟΡΦΩΣΗ ΤΟΥ ΠΕΡΙΓΡΑΜΜΑΤΟΣ Ή ΑΝΤΙΚΑΤΑΣΤΑΣΗ ΜΕ ΜΟΣΧΕΥΜΑ;;;;;
2926;X641039;ΑΠΟΚΑΤΑΣΤΑΣΗ  ΑΤΡΗΣΙΑΣ ΡΙΝΙΚΩΝ ΧΟΑΝΩΝ. ΔΙΑΡΙΝΙΚΗ;;;;;
2927;X641049;ΑΠΟΚΑΤΑΣΤΑΣΗ ΑΤΡΗΣΙΑΣ ΡΙΝΙΚΩΝ ΧΟΝΔΡΩΝ. ΔΙΑΫΠΕΡΩΙΚΗ;;;;;
2928;X641079;ΛΥΣΙΣ ΕΝΔΟΡΙΝΙΚΗΣ ΣΥΜΦΥΣΗΣ;;;;;
2929;X641119;ΑΠΟΚΑΤΑΣΤΑΣΗ ΣΥΡΙΓΓΙΟΥ. ΣΤΟΜΑΤΟΓΝΑΘΙΚΟ (ΣΥΝΔΥΑΣΜΟΣ ΜΕ ΑΛΛΟΟ ΚΩΔΙΚΟ ΕΑΝ ΠΕΡΙΛΑΜΒΑΝΕΤΑΙ ΑΝΤΡΟΤΟΜΗ);;;;;
2930;X641159;ΑΠΟΚΑΤΑΣΤΑΣΗ ΣΥΡΙΓΓΙΟΥ. ΣΤΟΜΑΤΟΡΙΝΙΚΟ;;;;;
2931;X641199;ΔΙΑΦΡΑΓΜΑΤΙΚΗ Ή ΑΛΛΗ ΕΝΔΟΡΙΝΙΚΗ ΔΕΡΜΑΤΟΠΛΑΣΤΙΚΗ (ΔΕΝ ΣΥΜΠΕΡΙΛΑΜΒΑΝΕΙ Η ΛΗΨΗ ΜΟΣΧΕΥΜΑΤΟΣ);;;;;
2932;X641219;ΑΠΟΚΑΤΑΣΤΑΣΗ ΡΙΝΙΚΩΝ ΔΙΑΦΡΑΓΜΑΤΙΚΩΝ ΔΙΑΤΡΗΣΕΩΝ;;;;;
2933;X641561;ΚΑΥΤΗΡΙΑΣΜΟΣ ΚΑΙ/Ή ΑΦΑΙΡΕΣΗ ΒΛΕΝΝΟΓΟΝΟΥ ΤΩΝ ΚΑΤΩ ΡΙΝΙΚΩΝ ΚΟΓΧΩΝ, ΕΤΕΡΟΠΛΕΥΡΑ Ή  ΑΜΦΙΠΛΕΥΡΑ, ΟΠΟΙΑΔΗΠΟΤΕ ΜΕΘΟΔΟΣ. ΕΠΙΦΑΝΕΙΑΚΗ;;;;;
2934;X641563;ΚΑΥΤΗΡΙΑΣΜΟΣ ΚΑΙ/Ή ΑΦΑΙΡΕΣΗ ΒΛΕΝΝΟΓΟΝΟΥ ΤΩΝ ΚΑΤΩ ΡΙΝΙΚΩΝ ΚΟΓΧΩΝ, ΕΤΕΡΟΠΛΕΥΡΑ Ή  ΑΜΦΙΠΛΕΥΡΑ, ΟΠΟΙΑΔΗΠΟΤΕ ΜΕΘΟΔΟΣ. ΕΝΔΟΤΟΙΧΩΜΑΤΙΚΗ;;;;;
2935;X641761;ΕΛΕΓΧΟΣ ΡΙΝΙΚΗΣ ΑΙΜΟΡΡΑΓΙΑΣ, ΠΡΟΣΘΙΑ, ΑΠΛΗ (ΠΕΡΙΟΡΙΣΜΕΝΟΣ ΚΑΥΤΗΡΙΑΣΜΟΣ ΚΑΙ/Ή ΕΠΙΠΩΜΑΤΙΣΜΟΣ) ΟΠΟΙΑΔΗΠΟΤΕ ΜΕΘΟΔΟΣ;;;;;
2936;X641765;ΕΛΕΓΧΟΣ ΡΙΝΙΚΗΣ ΑΙΜΟΡΡΑΓΙΑΣ, ΠΡΟΣΘΙΑ, ΣΥΝΘΕΤΟΣ (ΕΚΤΕΤΑΜΕΝΟΣ ΚΑΥΤΗΡΙΑΣΜΟΣ ΚΑΙ/Ή ΕΠΙΠΩΜΑΤΙΣΜΟΣ) ΟΠΟΙΑΔΗΠΟΤΕ ΜΕΘΟΔΟΣ;;;;;
2937;X641769;ΕΛΕΓΧΟΣ ΡΙΝΙΚΗΣ ΑΙΜΟΡΡΑΓΙΑΣ, ΟΠΙΣΘΙΑ, ΜΕ ΟΠΙΣΘΙΟ ΡΙΝΙΚΟ ΕΠΙΠΩΜΑΤΙΣΜΟ ΚΑΙ/Ή  ΚΑΥΤΗΡΙΑΣΜΟ, ΟΠΟΙΑΔΗΠΟΤΕ ΜΕΘΟΔΟΣ. ΑΡΧΙΚΗ;;;;;
2938;X641771;ΕΛΕΓΧΟΣ ΡΙΝΙΚΗΣ ΑΙΜΟΡΡΑΓΙΑΣ, ΟΠΙΣΘΙΑ, ΜΕ ΟΠΙΣΘΙΟ ΡΙΝΙΚΟ ΕΠΙΠΩΜΑΤΙΣΜΟ ΚΑΙ/Ή  ΚΑΥΤΗΡΙΑΣΜΟ, ΟΠΟΙΑΔΗΠΟΤΕ ΜΕΘΟΔΟΣ. ΕΠΑΚΟΛΟΥΘΗ;;;;;
2939;X641789;ΑΠΟΛΙΝΩΣΗ ΑΡΤΗΡΙΩΝ. ΗΘΜΟΕΙΔΩΝ;;;;;
2940;X641799;ΑΠΟΛΙΝΩΣΗ ΑΡΤΗΡΙΩΝ. ΕΣΩ ΓΝΑΘΙΚΗ ΑΡΤΗΡΙΑ, ΔΙΑ ΤΟΥ ΙΓΜΟΡΕΙΟΥ ΑΝΤΡΟΥ;;;;;
2941;X641819;ΚΑΤΑΓΜΑ ΚΑΤΩ ΡΙΝΙΚΗΣ (ΩΝ) ΚΟΓΧΗΣ (ΩΝ), ΘΕΡΑΠΕΥΤΙΚΗ;;;;;
2942;X641957;ΜΗ ΚΑΤΑΓΕΓΡΑΜΜΕΝΗ ΔΙΑΔΙΚΑΣΙΑ, ΡΙΣ;;;;;
2943;X641957.1;ΠΛΥΣΕΙΣ ΜΕ ΧΡΗΣΗ ΑΝΑΡΡΟΦΗΤΗΡΑ ΡΙΝΟΣ;;;;;
2944;X641959;ΕΚΠΛΥΣΗ ΜΕΣΩ ΔΙΑΣΩΛΗΝΩΣΗΣ. ΙΓΜΟΡΙΟ ΑΝΤΡΟ (ΠΑΡΑΚΕΝΤΗΣΗ ΙΓΜΟΡΕΙΟΥ ΑΝΤΡΟΥ Ή ΜΕΣΩ ΦΥΣΙΚΗΣ ΟΠΗΣ);;;;;
2945;X641963;ΕΚΠΛΥΣΗ ΜΕΣΩ ΔΙΑΣΩΛΗΝΩΣΗΣ. ΣΦΗΝΟΕΙΔΗΣ ΚΟΛΠΟΣ;;;;;
2946;X641999;ΤΟΜΗ ΙΓΜΟΡΕΙΟΥ ΑΝΤΡΟΥ (ΑΝΤΡΟΣΤΟΜΙΑ Ή ΑΝΑΤΡΗΣΗ ΙΓΜΟΡΕΙΟΥ). ΕΝΔΟΡΙΝΙΚΗ;;;;;
2947;X642019;ΤΟΜΗ ΙΓΜΟΡΕΙΟΥ ΑΝΤΡΟΥ (ΑΝΤΡΟΣΤΟΜΙΑ Ή ΑΝΑΤΡΗΣΗ ΙΓΜΟΡΕΙΟΥ). ΡΙΖΙΚΗ (CALDWELL-LUC) ΧΩΡΙΣ  ΑΦΑΙΡΕΣΗ ΠΟΛΥΠΟΔΩΝ ΡΙΝΙΚΗΣ ΧΟΑΝΗΣ ΚΑΙ ΑΝΤΡΟΥ;;;;;
2948;X642023;ΤΟΜΗ ΙΓΜΟΡΕΙΟΥ ΑΝΤΡΟΥ (ΑΝΤΡΟΣΤΟΜΙΑ Ή ΑΝΑΤΡΗΣΗ ΙΓΜΟΡΕΙΟΥ). ΡΙΖΙΚΗ (CALDWELL-LUC) ΜΕ ΑΦΑΙΡΕΣΗ ΑΦΑΙΡΕΣΗ ΠΟΛΥΠΟΔΩΝ ΡΙΝΙΚΗΣ ΧΟΑΝΗΣ ΚΑΙ ΑΝΤΡΟΥ;;;;;
2949;X642039;ΧΕΙΡΟΥΡΓΙΚΗ ΕΠΕΜΒΑΣΗ ΣΤΟ ΠΤΕΡΥΓΟΓΝΑΘΙΑΙΟ ΒΟΘΡΙΟ, ΟΠΟΙΑΔΗΠΟΤΕ ΠΡΟΣΠΕΛΑΣΗ;;;;;
2950;X642059;ΤΟΜΗ ΠΑΡΑΡΡΙΝΙΟΥ ΚΟΛΠΟΥ, ΣΦΗΝΟΕΙΔΗΣ, ΜΕ 'Η ΧΩΡΙΣ ΒΙΟΨΙΑ;;;;;
2951;X642061;ΤΟΜΗ ΠΑΡΑΡΡΙΝΙΟΥ ΚΟΛΠΟΥ, ΣΦΗΝΟΕΙΔΗΣ, ΜΕ Ή ΧΩΡΙΣ ΒΙΟΨΙΑ. ΜΕ ΑΠΟΞΕΣΗ ΒΛΕΝΝΟΓΟΝΟΥ Ή ΑΦΑΙΡΕΣΗ ΤΟΥ ΠΟΛΥΠΟΔΑ(ΩΝ);;;;;
2952;X642099;ΤΟΜΗ ΠΑΡΑΡΡΙΝΙΟΥ ΚΟΛΠΟΥ, ΜΕΤΩΠΙΑΙΟΣ. ΕΞΩΤΕΡΙΚΗ, ΑΠΛΗ (ΤΡΥΠΑΝΙΣΜΟΣ);;;;;
2953;X642109;ΤΟΜΗ ΠΑΡΑΡΡΙΝΙΟΥ ΚΟΛΠΟΥ, ΜΕΤΩΠΙΑΙΟΣ. ΔΙΑΚΟΓΧΙΚΗ, ΕΤΕΡΟΠΛΕΥΡΗ (ΓΙΑ ΒΛΕΝΝΟΚΗΛΗ Ή ΟΣΤΕΩΜΑ, ΤΥΠΟΥ LYNCH);;;;;
2954;X642119;ΤΟΜΗ ΠΑΡΑΡΡΙΝΙΟΥ ΚΟΛΠΟΥ, ΜΕΤΩΠΙΑΙΟΣ. ΑΦΑΙΡΕΣΗ ΧΩΡΙΣ ΟΣΤΙΚΟ ΚΡΗΜΝΟ, ΜΕΤΩΠΙΑΙΑ ΤΟΜΗ (ΣΥΜΠΕΡΙΛΑΜΒΑΝΕΙ EKTOMH);;;;;
2955;X642121;ΤΟΜΗ ΠΑΡΑΡΡΙΝΙΟΥ ΚΟΛΠΟΥ, ΜΕΤΩΠΙΑΙΟΣ. ΑΦΑΙΡΕΣΗ ΧΩΡΙΣ ΟΣΤΙΚΟ ΚΡΗΜΝΟ, ΣΤΕΦΑΝΙΑΙΑ ΤΟΜΗ (ΣΥΜΠΕΡΙΛΑΜΒΑΝΕΙ ΑΠΟΚΟΛΛΗΣΗ);;;;;
2956;X642127;ΤΟΜΗ ΠΑΡΑΡΡΙΝΙΟΥ ΚΟΛΠΟΥ ΕΜΠΡΟΣΘΙΑ. ΑΦΑΙΡΕΣΗ ΜΕ ΟΣΤΙΚΟ ΚΡΗΜΝΟ, ΜΕΤΩΠΙΑΙΑ ΤΟΜΗ;;;;;
2957;X642129;ΤΟΜΗ ΠΑΡΑΡΡΙΝΙΟΥ ΚΟΛΠΟΥ ΕΜΠΡΟΣΘΙΑ. ΑΦΑΙΡΕΣΗ ΜΕ ΟΣΤΙΚΟ ΚΡΗΜΝΟ, ΣΤΕΦΑΝΙΑΙΑ ΤΟΜΗ;;;;;
2958;X642131;ΤΟΜΗ ΠΑΡΑΡΡΙΝΙΟΥ ΚΟΛΠΟΥ ΕΜΠΡΟΣΘΙΑ. ΧΩΡΙΣ ΑΦΑΙΡΕΣΗ ΜΕ ΟΣΤΙΚΟ ΚΡΗΜΝΟ, ΜΕΤΩΠΙΑΙΑ ΤΟΜΗ;;;;;
2959;X642133;ΤΟΜΗ ΠΑΡΑΡΡΙΝΙΟΥ ΚΟΛΠΟΥ ΕΜΠΡΟΣΘΙΑ. ΧΩΡΙΣ ΑΦΑΙΡΕΣΗ ΜΕ ΟΣΤΙΚΟ ΚΡΗΜΝΟ, ΣΤΕΦΑΝΙΑΙΑ ΤΟΜΗ;;;;;
2960;X642139;ΤΟΜΗ ΠΑΡΑΡΡΙΝΙΟΥ ΚΟΛΠΟΥ, ΕΤΕΡΟΠΛΕΥΡΗ, ΤΡΕΙΣ Ή ΠΕΡΙΣΣΟΤΕΡΟΙ ΚΟΛΠΟΙ (ΜΕΤΩΠΙΑΙΟΣ, ΙΓΜΟΡΕΙΟ, ΗΘΜΟΕΙΔΗΣ, ΣΦΗΝΟΕΙΔΗΣ);;;;;
2961;X642359;ΗΘΜΟΕΙΔΕΚΤΟΜΗ. ΕΝΔΟΡΙΝΙΚΗ, ΠΡΟΣΘΙΑ;;;;;
2962;X642361;ΗΘΜΟΕΙΔΕΚΤΟΜΗ. ΕΝΔΟΡΙΝΙΚΗ, ΟΛΙΚΗ;;;;;
2963;X642369;ΗΘΜΟΕΙΔΕΚΤΟΜΗ. ΕΞΩΡΙΝΙΚΗ, ΟΛΙΚΗ;;;;;
2964;X642409;ΓΝΑΘΕΚΤΟΜΗ. ΧΩΡΙΣ ΚΟΓΧΙΚΗ ΕΞΕΝΤΕΡΩΣΗ;;;;;
2965;X642419;ΓΝΑΘΕΚΤΟΜΗ. ΜΕ ΚΟΓΧΙΚΗ ΕΞΕΝΤΕΡΩΣΗ (EN BLOCK);;;;;
2966;X642421;ΡΙΝΙΚΗ ΕΝΔΟΣΚΟΠΗΣΗ, ΔΙΑΓΝΩΣΤΙΚΗ, ΕΤΕΡΟΠΛΕΥΡΗ Ή ΑΜΦΙΛΕΥΡΗ (ΞΕΧΩΡΙΣΤΗ ΔΙΑΔΙΚΑΣΙΑ);;;;;
2967;X642425;ΡΙΝΙΚΗ/ΚΟΛΠΙΚΗ ΕΝΔΟΣΚΟΠΗΣΗ, ΔΙΑΓΝΩΣΤΙΚΗ ΜΕ ΕΝΔΟΣΚΟΠΗΣΗ ΙΓΜΟΡΕΙΟΥ (ΜΕΣΩ ΚΑΤΩ ΣΤΟΜΙΟΥ Ή ΜΕ ΠΑΡΑΚΕΝΤΗΣΗ ΤΟΥ ΒΟΘΡΙΟΥ ΤΟΥ ΚΥΝΟΔΟΝΤΑ);;;;;
2968;X642429;ΡΙΝΙΚΗ/ΚΟΛΠΙΚΗ ΕΝΔΟΣΚΟΠΗΣΗ, ΔΙΑΓΝΩΣΤΙΚΗ ΜΕ ΕΝΔΟΣΚΟΠΗΣΗ ΣΦΗΝΟΕΙΔΟΥΣ (ΜΕΣΩ ΠΑΡΑΚΕΝΤΗΣΗΣ ΤΟΥ ΣΦΗΝΟΕΙΔΟΥΣ Ή ΔΙΑΣΩΛΗΝΩΣΗΣ ΤΗΣ ΕΙΣΟΔΟΥ);;;;;
2969;X642433;ΡΙΝΙΚΗ/ΚΟΛΠΙΚΗ ΕΝΔΟΣΚΟΠΗΣΗ, ΧΕΙΡΟΥΡΓΙΚΗ. ΜΕ ΒΙΟΨΙΑ, ΠΟΛΥΠΕΚΤΟΜΗ Ή ΧΕΙΡΟΥΡΓΙΚΟ ΚΑΘΑΡΙΣΜΟ (ΞΕΧΩΡΙΣΤΗ ΔΙΑΔΙΚΑΣΙΑ);;;;;
2970;X642435;ΡΙΝΙΚΗ/ΚΟΛΠΙΚΗ ΕΝΔΟΣΚΟΠΗΣΗ, ΧΕΙΡΟΥΡΓΙΚΗ. ΜΕ ΕΛΕΓΧΟ ΡΙΝΙΚΗΣ ΑΙΜΟΡΡΑΓΙΑΣ -ΑΠΟΛΙΝΩΣΗ ΣΦΗΝΟΥΠΕΡΩΙΑΣ ΑΡΤΗΡΙΑΣ);;;;;
2971;X642437;ΡΙΝΙΚΗ/ΚΟΛΠΙΚΗ ΕΝΔΟΣΚΟΠΗΣΗ, ΧΕΙΡΟΥΡΓΙΚΗ. ΜΕ ΔΑΚΡΥΟΚΥΣΤΟΡΙΝΟΣΤΟΜΙΑ;;;;;
2972;X642439;ΡΙΝΙΚΗ/ΚΟΛΠΙΚΗ ΕΝΔΟΣΚΟΠΗΣΗ, ΧΕΙΡΟΥΡΓΙΚΗ. ΜΕ ΚΟΓΧΟΤΟΜΗ;;;;;
2973;X642467;ΡΙΝΙΚΗ/ΚΟΛΠΙΚΗ ΕΝΔΟΣΚΟΠΗΣΗ, ΧΕΙΡΟΥΡΓΙΚΗ. ΜΕ ΗΘΜΟΕΙΔΕΚΤΟΜΗ, ΜΕΡΙΚΗ (ΠΡΟΣΘΙΑ);;;;;
2974;X642469;ΡΙΝΙΚΗ/ΚΟΛΠΙΚΗ ΕΝΔΟΣΚΟΠΗΣΗ, ΧΕΙΡΟΥΡΓΙΚΗ. ΜΕ ΗΘΜΟΕΙΔΕΚΤΟΜΗ, ΟΛΙΚΗ (ΠΡΟΣΘΙΑ ΚΑΙ ΟΠΙΣΘΙΑ);;;;;
2975;X642471;ΡΙΝΙΚΗ/ΚΟΛΠΙΚΗ ΕΝΔΟΣΚΟΠΗΣΗ, ΧΕΙΡΟΥΡΓΙΚΗ. ΜΕ ΡΙΝΟΑΝΤΡΟΣΤΟΜΙΑ;;;;;
2976;X642493;ΡΙΝΙΚΗ/ΚΟΛΠΙΚΗ ΕΝΔΟΣΚΟΠΗΣΗ, ΧΕΙΡΟΥΡΓΙΚΗ. ΜΕ ΡΙΝΟΑΝΤΡΟΣΤΟΜΙΑ. ΜΕ ΑΦΑΙΡΕΣΗ ΙΣΤΟΥ ΑΠΟ ΤΟ ΙΓΜΟΡΕΙΟ;;;;;
2977;X642511;ΡΙΝΙΚΗ/ΚΟΛΠΙΚΗ ΕΝΔΟΣΚΟΠΗΣΗ, ΧΕΙΡΟΥΡΓΙΚΗ ΜΕ ΔΙΕΡΕΥΝΗΣΗ ΤΟΥ ΜΕΤΩΠΙΑΙΟΥ ΚΟΛΠΟΥ, ΜΕ Ή ΧΩΡΙΣ ΑΦΑΙΡΕΣΗ ΙΣΤΟΥ ΑΠΟ ΤΟΝ ΜΕΤΩΠΙΑΙΟ ΚΟΛΠΟ;;;;;
2978;X642533;ΡΙΝΙΚΗ/ΚΟΛΠΙΚΗ ΕΝΔΟΣΚΟΠΗΣΗ, ΧΕΙΡΟΥΡΓΙΚΗ. ΜΕ ΔΙΑΝΟΙΞΗ ΣΦΗΝΟΕΙΔΟΥΣ;;;;;
2979;X642535;ΡΙΝΙΚΗ/ΚΟΛΠΙΚΗ ΕΝΔΟΣΚΟΠΗΣΗ, ΧΕΙΡΟΥΡΓΙΚΗ. ΜΕ ΔΙΑΝΟΙΞΗ ΣΦΗΝΟΕΙΔΟΥΣ. ΜΕ ΑΦΑΙΡΕΣΗ ΙΣΤΟΥ ΑΠΟ ΤΟΝ ΣΦΗΝΟΕΙΔΗ ΚΟΛΠΟ;;;;;
2980;X642539;ΡΙΝΙΚΗ/ΚΟΛΠΙΚΗ ΕΝΔΟΣΚΟΠΗΣΗ, ΧΕΙΡΟΥΡΓΙΚΗ, ΜΕ ΑΠΟΚΑΤΑΣΤΑΣΗ ΕΓΚΕΦΑΛΟΝΩΤΙΑΙΑΣ ΡΙΝΟΡΡΟΙΑΣ. ΠΕΡΙΟΧΗ ΗΘΜΟΕΙΔΟΥΣ;;;;;
2981;X642541;ΡΙΝΙΚΗ/ΚΟΛΠΙΚΗ ΕΝΔΟΣΚΟΠΗΣΗ, ΧΕΙΡΟΥΡΓΙΚΗ, ΜΕ ΑΠΟΚΑΤΑΣΤΑΣΗ ΕΓΚΕΦΑΛΟΝΩΤΙΑΙΑΣ ΡΙΝΟΡΡΟΙΑΣ. ΠΕΡΙΟΧΗ ΣΦΗΝΟΕΙΔΟΥΣ;;;;;
2982;X642543;ΡΙΝΙΚΗ/ΚΟΛΠΙΚΗ ΕΝΔΟΣΚΟΠΗΣΗ, ΧΕΙΡΟΥΡΓΙΚΗ. ΜΕ ΑΠΟΣΥΜΠΙΕΣΗ ΤΟΥ ΜΕΣΟΥ Ή ΚΑΤΩ ΤΟΙΧΩΜΑΤΟΣ ΟΦΘΑΛΜΙΚΟΥ ΚΟΓΧΟΥ;;;;;
2983;X642545;ΡΙΝΙΚΗ/ΚΟΛΠΙΚΗ ΕΝΔΟΣΚΟΠΗΣΗ, ΧΕΙΡΟΥΡΓΙΚΗ. ΜΕ ΑΠΟΣΥΜΠΙΕΣΗ ΤΟΥ ΜΕΣΟΥ ΚΑΙ ΚΑΤΩ ΤΟΙΧΩΜΑΤΟΣ ΚΟΓΧΙΚΟΥ ΤΟΙΧΩΜΑΤΟΣ;;;;;
2984;X642547;ΡΙΝΙΚΗ/ΚΟΛΠΙΚΗ ΕΝΔΟΣΚΟΠΗΣΗ, ΧΕΙΡΟΥΡΓΙΚΗ. ΜΕ ΑΠΟΣΥΜΠΙΕΣΗ ΤΟΥ ΟΠΤΙΚΟΥ ΝΕΥΡΟΥ;;;;;
2985;X642557;ΜΗ ΚΑΤΑΓΕΓΡΑΜΜΕΝΗ ΔΙΑΔΙΚΑΣΙΑ, ΠΑΡΑΡΡΙΝΙΕΣ ΚΟΙΛΟΤΗΤΕΣ;;;;;
2986;X642557.1;ΡΙΝΙΚΗ/ΚΟΛΠΙΚΗ ΕΝΔΟΣΚΟΠΗΣΗ, ΧΕΙΡΟΥΡΓΙΚΗ. ΜΕ  ΛΗΨΗ ΒΙΟΨΙΩΝ;;;;;
2987;X642559;ΛΑΡΥΓΓΟΤΟΜΙΑ (ΘΥΡΕΟΤΟΜΗ, ΜΕΣΗ ΛΑΡΥΓΓΟΤΟΜΙΑ). ΜΕ ΑΦΑΙΡΕΣΗ ΟΓΚΟΥ Ή ΛΑΡΥΓΓΟΚΗΛΗΣ, ΧΟΡΔΕΚΤΟΜΗ;;;;;
2988;X642599;ΛΑΡΥΓΓΟΤΟΜΙΑ (ΘΥΡΕΟΤΟΜΗ, ΜΕΣΗ ΛΑΡΥΓΓΟΤΟΜΙΑ). ΔΙΑΓΝΩΣΤΙΚΗ;;;;;
2989;X642679;ΛΑΡΥΓΓΕΚΤΟΜΗ. ΟΛΙΚΗ, ΧΩΡΙΣ ΡΙΖΙΚΟ ΛΕΜΦΑΔΕΝΙΚΟ ΚΑΘΑΡΙΣΜΟ ΤΡΑΧΗΛΟΥ;;;;;
2990;X642689;ΛΑΡΥΓΓΕΚΤΟΜΗ. ΟΛΙΚΗ, ΜΕ ΡΙΖΙΚΟ ΛΕΜΦΑΔΕΝΙΚΟ ΚΑΘΑΡΙΣΜΟ ΤΡΑΧΗΛΟΥ;;;;;
2991;X642693;ΛΑΡΥΓΓΕΚΤΟΜΗ. ΥΦΟΛΙΚΗ ΥΠΕΡΓΛΩΤΤΙΔΙΚΗ, ΧΩΡΙΣ ΡΙΖΙΚΟ ΛΕΜΦΑΔΕΝΙΚΟ ΚΑΘΑΡΙΣΜΟ ΤΡΑΧΗΛΟΥ;;;;;
2992;X642695;ΛΑΡΥΓΓΕΚΤΟΜΗ. ΥΦΟΛΙΚΗ ΥΠΕΡΓΛΩΤΤΙΔΙΚΗ, ΜΕ ΡΙΖΙΚΟ ΛΕΜΦΑΔΕΝΙΚΟ ΚΑΘΑΡΙΣΜΟ ΤΡΑΧΗΛΟΥ;;;;;
2993;X642699;ΜΕΡΙΚΗ ΛΑΡΥΓΓΕΚΤΟΜΗ (ΗΜΙΛΑΡΥΓΓΕΚΤΟΜΗ). ΟΡΙΖΟΝΤΙΑ;;;;;
2994;X642709;ΜΕΡΙΚΗ ΛΑΡΥΓΓΕΚΤΟΜΗ (ΗΜΙΛΑΡΥΓΓΕΚΤΟΜΗ). ΠΛΑΓΙΟ ΚΑΙ ΚΑΘΕΤΗ;;;;;
2995;X642719;ΜΕΡΙΚΗ ΛΑΡΥΓΓΕΚΤΟΜΗ (ΗΜΙΛΑΡΥΓΓΕΚΤΟΜΗ). ΠΡΟΣΘΙΑ ΚΑΙ ΚΑΘΕΤΗ;;;;;
2996;X642723;ΜΕΡΙΚΗ ΛΑΡΥΓΓΕΚΤΟΜΗ (ΗΜΙΛΑΡΥΓΓΕΚΤΟΜΗ). ΠΡΟΣΘΙΑ,ΠΛΑΓΙΑ ΚΑΙ ΚΑΘΕΤΗ;;;;;
2997;X642739;ΦΑΡΥΓΓΟΛΑΡΥΓΓΕΚΤΟΜΗ. ΜΕ ΡΙΖΙΚΟ ΛΕΜΦΑΔΕΝΙΚΟ ΚΑΘΑΡΙΣΜΟ ΤΡΑΧΗΛΟΥ. ΧΩΡΙΣ ΑΠΟΚΑΤΑΣΤΑΣΗ;;;;;
2998;X642749;ΦΑΡΥΓΓΟΛΑΡΥΓΓΕΚΤΟΜΗ. ΜΕ ΡΙΖΙΚΟ ΛΕΜΦΑΔΕΝΙΚΟ ΚΑΘΑΡΙΣΜΟ ΤΡΑΧΗΛΟΥ. ΜΕ ΑΠΟΚΑΤΑΣΤΑΣΗ;;;;;
2999;X642759;ΑΡΥΤΑΙΝΟΪΔΕΚΤΟΜΗ, ΑΡΥΤΑΙΝΟΕΙΔΟΠΗΞΙΑ, ΕΞΩΤΕΡΙΚΗ ΠΡΟΣΠΕΛΑΣΗ;;;;;
3000;X642799;ΕΠΙΓΛΩΤΙΔΕΚΤΟΜΗ;;;;;
3001;X642959;ΔΙΑΣΩΛΗΝΩΣΗ, ΕΝΔΟΤΡΑΧΕΙΑΚΗ, ΕΠΕΙΓΟΥΣΑ ΔΙΑΔΙΚΑΣΙΑ;;;;;
3002;X642963;ΑΛΛΑΓΗ ΣΩΛΗΝΑ ΤΡΑΧΕΙΟΤΟΜΙΑΣ, ΠΡΟ ΤΗΣ ΕΜΦΑΝΙΣΗΣ ΣΥΡΙΓΙΟΥ;;;;;
3003;X642969;ΛΑΡΥΓΓΟΣΚΟΠΗΣΗ, ΕΜΜΕΣΗ. ΔΙΑΓΝΩΣΤΙΚΗ (ΞΕΧΩΡΙΣΤΗ ΔΙΑΔΙΚΑΣΙΑ);;;;;
3004;X642979;ΛΑΡΥΓΓΟΣΚΟΠΗΣΗ, ΕΜΜΕΣΗ. ΜΕ ΒΙΟΨΙΑ;;;;;
3005;X642981;ΛΑΡΥΓΓΟΣΚΟΠΗΣΗ, ΕΜΜΕΣΗ. ΜΕ ΑΦΑΙΡΕΣΗ ΞΕΝΟΥ ΣΩΜΑΤΟΣ;;;;;
3006;X642983;ΛΑΡΥΓΓΟΣΚΟΠΗΣΗ, ΕΜΜΕΣΗ. ΜΕ ΑΦΑΙΡΕΣΗ ΒΛΑΒΗΣ;;;;;
3007;X642985;ΛΑΡΥΓΓΟΣΚΟΠΗΣΗ, ΕΜΜΕΣΗ. ΜΕ ΕΝΕΣΗ ΣΤΙΣ ΦΩΝΗΤΙΚΕΣ ΧΟΡΔΕΣ;;;;;
3008;X642989;ΛΑΡΥΓΓΟΣΚΟΠΗΣΗ ΑΜΕΣΗ, ΜΕ Ή ΧΩΡΙΣ ΤΡΑΧΕΙΟΣΚΟΠΗΣΗ. ΓΙΑ ΑΝΑΡΡΟΦΗΣΗ;;;;;
3009;X642999;ΛΑΡΥΓΓΟΣΚΟΠΗΣΗ ΑΜΕΣΗ, ΜΕ Ή ΧΩΡΙΣ ΤΡΑΧΕΙΟΣΚΟΠΗΣΗ. ΔΙΑΓΝΩΣΤΙΚΗ, ΝΕΟΓΝΟ;;;;;
3010;X643009;ΛΑΡΥΓΓΟΣΚΟΠΗΣΗ ΑΜΕΣΗ, ΜΕ Ή ΧΩΡΙΣ ΤΡΑΧΕΙΟΣΚΟΠΗΣΗ. ΔΙΑΓΝΩΣΤΙΚΗ, ΕΝΗΛΙΚΑ;;;;;
3011;X643011;ΛΑΡΥΓΓΟΣΚΟΠΗΣΗ ΑΜΕΣΗ, ΜΕ Ή ΧΩΡΙΣ ΤΡΑΧΕΙΟΣΚΟΠΗΣΗ. ΔΙΑΓΝΩΣΤΙΚΗ, ΜΕ ΧΕΙΡΟΥΡΓΙΚΟ ΜΙΚΡΟΣΚΟΠΙΟ Ή  ΕΝΔΟΣΚΟΠΙΟ;;;;;
3012;X643013;ΛΑΡΥΓΓΟΣΚΟΠΗΣΗ ΑΜΕΣΗ, ΜΕ Ή ΧΩΡΙΣ ΤΡΑΧΕΙΟΣΚΟΠΗΣΗ. ΜΕ ΕΙΣΑΓΩΓΗ ΑΠΟΦΡΑΚΤΗ;;;;;
3013;X643015;ΛΑΡΥΓΓΟΣΚΟΠΗΣΗ ΑΜΕΣΗ, ΜΕ Ή ΧΩΡΙΣ ΤΡΑΧΕΙΟΣΚΟΠΗΣΗ. ΜΕ ΔΙΑΣΤΟΛΗ, ΑΡΧΙΚΗ;;;;;
3014;X643017;ΛΑΡΥΓΓΟΣΚΟΠΗΣΗ ΑΜΕΣΗ, ΜΕ Ή ΧΩΡΙΣ ΤΡΑΧΕΙΟΣΚΟΠΗΣΗ. ΜΕ ΔΙΑΣΤΟΛΗ  ΕΠΑΚΟΛΟΥΘΗ;;;;;
3015;X643019;ΛΑΡΥΓΓΟΣΚΟΠΗΣΗ, ΑΜΕΣΗ, ΕΓΧΕΙΡΗΤΙΚΗ, ΜΕ ΑΦΑΙΡΕΣΗ ΞΕΝΟΥ ΣΩΜΑΤΟΣ.;;;;;
3016;X643021;ΛΑΡΥΓΓΟΣΚΟΠΗΣΗ ΑΜΕΣΗ, ΕΓΧΕΙΡΗΤΙΚΗ, ΜΕ ΑΦΑΙΡΕΣΗ ΞΕΝΟΥ ΣΩΜΑΤΟΣ. ΜΕ ΧΡΗΣΗ ΧΕΙΡΟΥΡΓΙΚΟΥ ΜΙΚΡΟΣΚΟΠΙΟΥ Ή ΕΝΔΟΣΚΟΠΙΟ;;;;;
3017;X643029;ΛΑΡΥΓΓΟΣΚΟΠΗΣΗ, ΑΜΕΣΗ, ΧΕΙΡΟΥΡΓΙΚΗ, ΜΕ ΒΙΟΨΙΑ.;;;;;
3018;X643031;ΛΑΡΥΓΓΟΣΚΟΠΗΣΗ, ΑΜΕΣΗ, ΧΕΙΡΟΥΡΓΙΚΗ, ΜΕ ΒΙΟΨΙΑ. ΜΕ ΧΕΙΡΟΥΡΓΙΚΟ ΜΙΚΡΟΣΚΟΠΙΟ Ή ΕΝΔΟΣΚΟΠΙΟ;;;;;
3019;X643039;ΛΑΡΥΓΓΟΣΚΟΠΗΣΗ, ΑΜΕΣΗ, ΧΕΙΡΟΥΡΓΙΚΗ, ΜΕ ΕΚΤΟΜΗ ΤΟΥ ΟΓΚΟΥ ΚΑΙ/Ή ΑΠΟΞΕΣΗ ΤΩΝ ΦΩΝΗΤΙΚΩΝ ΧΟΡΔΩΝ Ή ΤΗΣ ΕΠΙΓΛΩΤΤΙΔΑΣ.;;;;;
3020;X643041;ΛΑΡΥΓΓΟΣΚΟΠΗΣΗ, ΑΜΕΣΗ, ΧΕΙΡΟΥΡΓΙΚΗ, ΜΕ ΕΚΤΟΜΗ ΤΟΥ ΟΓΚΟΥ ΚΑΙ/Ή ΑΠΟΞΕΣΗ ΤΩΝ ΦΩΝΗΤΙΚΩΝ ΧΟΡΔΩΝ Ή ΤΗΣ ΕΠΙΓΛΩΤΤΙΔΑΣ. ΜΕ ΧΡΗΣΗ ΧΕΙΡΟΥΡΓΙΚΟΥ ΜΙΚΡΟΣΚΟΠΙΟΥ Ή ΕΝΔΟΣΚΟΠΙΟ;;;;;
3021;X643049;ΛΑΡΥΓΓΟΣΚΟΠΗΣΗ, ΑΜΕΣΗ, ΧΕΙΡΟΥΡΓΙΚΗ, ΜΕ ΧΡΗΣΗ ΧΕΙΡΟΥΡΓΙΚΟΥ ΜΙΚΡΟΣΚΟΠΙΟΥ Ή ΕΝΔΟΣΚΟΠΙΟΥ, ΜΕ ΥΠΟΒΛΕΝΝΟΓΟΝΙΑ ΑΦΑΙΡΕΣΗ ΜΗ-ΝΕΟΠΛΑΣΜΑΤΙΚΗΣ ΑΛΛΟΙΩΣΗΣ(ΕΩΝ) ΦΩΝΗΤΙΚΗΣ ΧΟΡΔΗΣ. ΑΝΑΠΛΑΣΗ ΜΕ ΤΟΠΙΚΟ ΙΣΤΙΚΟ ΚΡΗΜΝΟ(ΟΥΣ);;;;;
3022;X643051;ΛΑΡΥΓΓΟΣΚΟΠΗΣΗ, ΑΜΕΣΗ, ΧΕΙΡΟΥΡΓΙΚΗ, ΜΕ ΧΡΗΣΗ ΧΕΙΡΟΥΡΓΙΚΟΥ ΜΙΚΡΟΣΚΟΠΙΟΥ Ή ΕΝΔΟΣΚΟΠΙΟΥ, ΜΕ ΥΠΟΒΛΕΝΝΟΓΟΝΙΑ ΑΦΑΙΡΕΣΗ ΜΗ-ΝΕΟΠΛΑΣΜΑΤΙΚΗΣ ΑΛΛΟΙΩΣΗΣ(ΕΩΝ) ΦΩΝΗΤΙΚΗΣ ΧΟΡΔΗΣ. ΑΠΟΚΑΤΑΣΤΑΣΗ ΜΕ ΜΟΣΧΕΥΜΑ(ΤΑ) (ΠΕΡΙΛΑΜΒΑΝΕΙ ΤΗ ΛΗΨΗ ΑΥΤΟΜΟΣΧΕΥΜΑΤΟΣ);;;;;
3023;X643079;ΛΑΡΥΓΓΟΣΚΟΠΗΣΗ, ΑΜΕΣΗ, ΧΕΙΡΟΥΡΓΙΚΗ, ΜΕ ΑΡΥΤΑΙΝΟΪΔΕΚΤΟΜΗ.;;;;;
3024;X643081;ΛΑΡΥΓΓΟΣΚΟΠΗΣΗ, ΑΜΕΣΗ, ΧΕΙΡΟΥΡΓΙΚΗ, ΜΕ ΑΡΥΤΑΙΝΟΪΔΕΚΤΟΜΗ. ΜΕ ΧΡΗΣΗ ΧΕΙΡΟΥΡΓΙΚΟΥ ΜΙΚΡΟΣΚΟΠΙΟΥ Ή ΕΝΔΟΣΚΟΠΙΟΥ;;;;;
3025;X643099;ΛΑΡΥΓΓΟΣΚΟΠΗΣΗ, ΑΜΕΣΗ, ΜΕ ΕΝΕΣΗ ΣΤΗ ΦΩΝΗΤΙΚΗ ΧΟΡΔΗ(ΕΣ), ΘΕΡΑΠΕΥΤΙΚΗ.;;;;;
3026;X643101;ΛΑΡΥΓΓΟΣΚΟΠΗΣΗ, ΑΜΕΣΗ, ΜΕ ΕΝΕΣΗ ΣΤΗ ΦΩΝΗΤΙΚΗ ΧΟΡΔΗ(ΕΣ), ΘΕΡΑΠΕΥΤΙΚΗ. ΜΕ ΧΡΗΣΗ ΧΕΙΡΟΥΡΓΙΚΟΥ ΜΙΚΡΟΣΚΟΠΙΟΥ Ή ΕΝΔΟΣΚΟΠΙΟΥ;;;;;
3027;X643109;ΛΑΡΥΓΓΟΣΚΟΠΗΣΗ, ΕΥΚΑΜΠΤΟ ΕΝΔΟΣΚΟΠΙΟ. ΔΙΑΓΝΩΣΤΙΚΗ;;;;;
3028;X643111;ΛΑΡΥΓΓΟΣΚΟΠΗΣΗ, ΕΥΚΑΜΠΤΟ ΕΝΔΟΣΚΟΠΙΟ. ΜΕ ΒΙΟΨΙΑ;;;;;
3029;X643113;ΛΑΡΥΓΓΟΣΚΟΠΗΣΗ, ΕΥΚΑΜΠΤΟ ΕΝΔΟΣΚΟΠΙΟ. ΜΕ ΑΦΑΙΡΕΣΗ ΞΕΝΟΥ ΣΩΜΑΤΟΣ;;;;;
3030;X643115;ΛΑΡΥΓΓΟΣΚΟΠΗΣΗ, ΕΥΚΑΜΠΤΟ ΕΝΔΟΣΚΟΠΙΟ. ΜΕ ΑΦΑΙΡΕΣΗ ΒΛΑΒΗΣ;;;;;
3031;X643117;ΛΑΡΥΓΓΟΣΚΟΠΗΣΗ, ΕΥΚΑΜΠΤΟ Ή ΑΚΑΜΠΤΟ ΕΝΔΟΣΚΟΠΙΟ, ΜΕ ΣΤΡΟΒΟΣΚΟΠΗΣΗ Η ΜΕ ΔΟΚΙΜΑΣΙΑ MULLER;;;;;
3032;X643119;ΛΑΡΥΓΓΟΠΛΑΣΤΙΚΗ. ΓΙΑ ΣΥΓΓΕΝΗ ΣΤΕΝΩΣΗ ΛΑΡΥΓΓΑ (WEB), ΔΥΟ ΣΤΑΔΙΑ, ΜΕ ΕΙΣΑΓΩΓΗ ΤΡΟΠΙΔΑΣ ΚΑΙ  ΑΦΑΙΡΕΣΗ;;;;;
3033;X643123;ΛΑΡΥΓΓΟΠΛΑΣΤΙΚΗ. ΓΙΑ ΛΑΡΥΓΓΙΚΗ ΣΤΕΝΩΣΗ, ΜΕ ΜΟΣΧΕΥΜΑ Ή ΣΤΕΝΤ ΣΥΜΠΕΡΙΛΑΜΒΑΝΟΜΕΝΗΣ ΤΡΑΧΕΙΟΤΟΜΗΣ;;;;;
3034;X643127;ΛΑΡΥΓΓΟΠΛΑΣΤΙΚΗ. ΜΕ ΑΝΟΙΚΤΗ ΑΠΟΚΑΤΑΣΤΑΣΗ ΚΑΤΑΓΜΑΤΟΣ;;;;;
3035;X643133;ΛΑΡΥΓΓΟΠΛΑΣΤΙΚΗ, ΚΡΙΚΟΕΙΔΙΚΗ ΡΗΞΗ;;;;;
3036;X643135;ΛΑΡΥΓΓΟΠΛΑΣΤΙΚΗ, ΜΗ ΚΑΘΟΡΙΣΜΕΝΗ ΑΛΛΟΥ (ΠΧ. ΓΙΑ ΕΓΚΑΥΜΑΤΑ, ΑΠΟΚΑΤΑΣΤΑΣΗ ΜΕΤΑ ΑΠΟ ΜΕΡΙΚΗ ΛΑΡΥΓΓΕΚΤΟΜΗ);;;;;
3037;X643139;ΛΑΡΥΓΓΙΚΗ ΕΠΑΝΑΝΕΥΡΩΣΗ ΜΕΣΩ ΝΕΥΡΟΜΥΪΚΟΥ ΜΙΣΧΟΥ;;;;;
3038;X643149;ΔΙΑΤΟΜΗ ΠΑΛΛΙΝΔΡΟΜΟΥ ΛΑΡΥΓΓΙΚΟΥ ΝΕΥΡΟΥ, ΘΕΡΑΠΕΥΤΙΚΗ (ΞΕΧΩΡΙΣΤΗ ΔΙΑΔΙΚΑΣΙΑ) ΕΤΕΡΟΠΛΕΥΡΗ;;;;;
3039;X643157;ΜΗ ΚΑΤΑΓΕΓΡΑΜΜΕΝΗ ΔΙΑΔΙΚΑΣΙΑ, ΛΑΡΥΓΓΑΣ;;;;;
Β.12;ΠΕΡΙΟΧΗ ΤΡΑΧΕΙΑΣ – ΒΡΟΓΧΩΝ – ΠΝΕΥΜΟΝΩΝ - ΚΑΡΔΙΑΣ;;;;;;
3040;X643159;ΤΡΑΧΕΙΟΣΤΟΜΙΑ, ΠΡΟΓΡΑΜΜΑΤΙΣΜΕΝΗ, ΑΝΟΙΚΤΗ (ΞΕΧΩΡΙΣΤΗ ΔΙΑΔΙΚΑΣΙΑ).;;;;;
3041;X643161;ΤΡΑΧΕΙΟΣΤΟΜΙΑ, ΠΡΟΓΡΑΜΜΑΤΙΣΜΕΝΗ, ΑΝΟΙΚΤΗ (ΞΕΧΩΡΙΣΤΗ ΔΙΑΔΙΚΑΣΙΑ). ΝΕΟΤΕΡΗ ΑΠΟ ΔΥΟ ΧΡΟΝΙΑ;;;;;
3042;X643165;ΤΡΑΧΕΙΟΣΤΟΜΙΑ ΕΠΕΙΓΟΥΣΑ;;;;;
3043;X643169;ΤΡΑΧΕΙΟΣΤΟΜΙΑ, ΕΠΕΙΓΟΥΣΑ ΠΡΟΣΠΕΛΑΣΗ, ΚΡΙΚΟΘΥΡΕΟΕΙΔΗΣ ΜΕΜΒΡΑΝΗ;;;;;
3044;X643179;ΤΡΑΧΕΙΟΣΤΟΜΙΑ, ΔΙΑΔΙΚΑΣΙΑ ΘΥΡΙΔΟΠΟΙΗΣΗΣ ΜΕ ΔΕΡΜΑΤΙΚΟΥΣ ΚΡΗΜΝΟΥΣ;;;;;
3045;X643181;ΚΑΤΑΣΚΕΥΗ ΤΡΑΧΕΙΟΟΙΣΟΦΑΓΙΚΟΥ ΣΥΡΙΓΓΙΟΥ ΚΑΙ ΕΠΑΚΟΛΟΥΘΗ ΕΙΣΑΓΩΓΗ ΕΝΟΣ ΜΗ ΛΑΡΥΓΓΙΚΟΥ ΕΜΦΥΤΕΥΜΑΤΟΣ ΟΜΙΛΙΑΣ (ΠΧ. ΦΩΝΗΤΙΚΟ ΚΟΜΒΙΟ, ΒΑΛΒΙΔΑ BLOM-SINGER);;;;;
3046;X643183;ΤΡΑΧΕΙΑΚΗ ΠΑΡΑΚΕΝΤΗΣΗ, ΔΙΑΔΕΡΜΙΚΗ ΜΕ ΔΙΑΤΡΑΧΕΙΑΚΗ ΑΝΑΡΡΟΦΗΣΗ ΚΑΙ/Ή ΕΝΕΣΗ;;;;;
3047;X643185;ΕΠΑΝΕΠΕΜΒΑΣΗ ΤΡΑΧΕΙΟΣΤΟΜΙΑΣ. ΑΠΛΗ, ΧΩΡΙΣ ΠΕΡΙΣΤΡΟΦΗ ΚΡΗΜΝΟΥ;;;;;
3048;X643187;ΕΠΑΝΕΠΕΜΒΑΣΗ ΤΡΑΧΕΙΟΣΤΟΜΙΑΣ. ΣΥΝΘΕΤΗ, ΜΕ ΠΕΡΙΣΤΡΟΦΗ ΚΡΗΜΝΟΥ;;;;;
3049;X643189;ΤΡΑΧΕΙΟΒΡΟΓΧΟΣΚΟΠΗΣΗ ΔΙΑΜΕΣΩ ΕΓΚΑΤΕΣΤΗΜΕΝΗΣ ΤΡΑΧΕΙΟΣΤΟΜΙΑΣ;;;;;
3050;X643199;ΕΝΔΟΒΡΟΓΧΙΚΟ ΥΠΕΡΗΧΟΓΡΑΦΗΜΑ (EBUS) ΚΑΤΑ ΤΗ ΔΙΑΡΚΕΙΑ ΒΡΟΓΧΟΣΚΟΠΙΚΗΣ ΔΙΑΓΝΩΣΤΙΚΗΣ Ή ΘΕΡΑΠΕΥΤΙΚΗΣ ΕΠΕΜΒΑΣΗΣ(ΕΙΣ) (ΚΑΤΑΓΡΑΦΕΤΑΙ ΞΕΧΩΡΙΣΤΑ ΜΑΖΙ ΜΕ ΤΟΥΣ ΚΩΔΙΚΟΥΣ ΓΙΑ ΤΗΝ ΑΡΧΙΚΗ ΔΙΑΔΙΚΑΣΙΑ[ΕΣ]);;;;;
3051;X643203;ΒΡΟΓΧΟΣΚΟΠΗΣΗ, ΜΕ ΑΚΑΜΠΤΟ Ή ΕΥΚΑΜΠΤΟ ΒΡΟΓΧΟΣΚΟΠΙΟ, ΜΕ Ή ΧΩΡΙΣ ΑΚΤΙΝΟΣΚΟΠΙΚΗ ΚΑΘΟΔΗΓΗΣΗ. ΔΙΑΓΝΩΣΤΙΚΗ, ΜΕ 'Η ΧΩΡΙΣ ΛΗΨΗ ΚΥΤΤΑΡΩΝ ΜΕ ΕΚΠΛΥΣΗ (WASHING) (ΞΕΧΩΡΙΣΤΗ ΔΙΑΔΙΚΑΣΙΑ);;;;;
3052;X643205;ΒΡΟΓΧΟΣΚΟΠΗΣΗ, ΜΕ ΑΚΑΜΠΤΟ Ή ΕΥΚΑΜΠΤΟ ΒΡΟΓΧΟΣΚΟΠΙΟ, ΜΕ Ή ΧΩΡΙΣ ΑΚΤΙΝΟΣΚΟΠΙΚΗ ΚΑΘΟΔΗΓΗΣΗ. ΜΕ ΒΟΥΡΤΣΙΣΜΑ (BRUSHING) Ή ΠΡΟΣΤΑΤΕΥMENO ΒΟΥΡΤΣΙΣΜΑ (BRUSHING);;;;;
3053;X643207;ΒΡΟΓΧΟΣΚΟΠΗΣΗ, ΜΕ ΑΚΑΜΠΤΟ Ή ΕΥΚΑΜΠΤΟ ΒΡΟΓΧΟΣΚΟΠΙΟ, ΜΕ Ή ΧΩΡΙΣ ΑΚΤΙΝΟΣΚΟΠΙΚΗ ΚΑΘΟΔΗΓΗΣΗ. ΜΕ ΒΡΟΓΧΙΚΗ ΚΥΨΕΛΙΔΙΚΗ ΕΚΠΛΥΣΗ (LAVAGE);;;;;
3054;X643209;ΒΡΟΓΧΟΣΚΟΠΗΣΗ, ΜΕ ΑΚΑΜΠΤΟ Ή ΕΥΚΑΜΠΤΟ ΒΡΟΓΧΟΣΚΟΠΙΟ, ΜΕ Ή ΧΩΡΙΣ ΑΚΤΙΝΟΣΚΟΠΙΚΗ ΚΑΘΟΔΗΓΗΣΗ. ΜΕ ΒΡΟΓΧΙΚΗ Ή ΕΝΔΟΒΡΟΓΧΙΚΗ ΒΙΟΨΙΑ(ΕΣ), ΕΝΑ Ή ΠΟΛΛΠΛΑ ΣΗΜΕΙΑ;;;;;
3055;X643215;ΒΡΟΓΧΟΣΚΟΠΗΣΗ, ΜΕ ΑΚΑΜΠΤΟ Ή ΕΥΚΑΜΠΤΟ ΒΡΟΓΧΟΣΚΟΠΙΟ, ΜΕ Ή ΧΩΡΙΣ ΑΚΤΙΝΟΣΚΟΠΙΚΗ ΚΑΘΟΔΗΓΗΣΗ. ΜΕ ΔΙΑΒΡΟΓΧΙΚΗ ΒΙΟΨΙΑ(ΕΣ) ΠΝΕΥΜΟΝΑ, ΕΝΑΣ ΛΟΒΟΣ;;;;;
3056;X643217;ΒΡΟΓΧΟΣΚΟΠΗΣΗ, ΜΕ ΑΚΑΜΠΤΟ Ή ΕΥΚΑΜΠΤΟ ΒΡΟΓΧΟΣΚΟΠΙΟ, ΜΕ Ή ΧΩΡΙΣ ΑΚΤΙΝΟΣΚΟΠΙΚΗ ΚΑΘΟΔΗΓΗΣΗ. ΜΕ ΔΙΑΒΡΟΓΧΙΚΗ ΒΙΟΨΙΑ(ΕΣ) ΜΕ ΒΕΛΟΝΗ ΑΝΑΡΡΟΦΗΣΗΣ, ΤΡΑΧΕΙΑ, ΚΥΡΙΟ ΣΤΕΛΕΧΟΣ ΚΑΙ/Ή ΛΟΒΑΙΟΣ ΒΡΟΓΧΟΣ(ΟΙ);;;;;
3057;X643219;ΔΙΑΣΤΟΛΗ  ΒΡΟΓΧΟΥ ΜΕ  ΜΠΑΛΟΝΙ;;;;;
3058;X643221;ΤΟΠΟΘΕΤΗΣΗ ΕΝΔΟΠΡΟΣΘΕΣΗΣ (STENT) ΜΕ ΤΟ ΕΥΚΑΜΠΤΟ ΒΡΟΓΧΟΣΚΟΠΙΟ;;;;;
3059;X643223;ΒΡΟΓΧΟΣΚΟΠΗΣΗ, ΜΕ ΑΚΑΜΠΤΟ Ή ΕΥΚΑΜΠΤΟ ΒΡΟΓΧΟΣΚΟΠΙΟ, ΜΕ Ή ΧΩΡΙΣ ΑΚΤΙΝΟΣΚΟΠΙΚΗ ΚΑΘΟΔΗΓΗΣΗ. ΜΕ ΔΙΑΒΡΟΓΧΙΚΗ ΒΙΟΨΙΑ(ΕΣ) ΠΝΕΥΜΟΝΑ, ΚΑΘΕ ΕΠΙΠΛΕΟΝ ΛΟΒΟΣ (ΚΑΤΑΓΡΑΦΕΤΑΙ ΞΕΧΩΡΙΣΤΑ ΕΠΙΠΛΕΟΝ ΤΟΥ ΚΩΔΙΚΟΥ ΤΗΣ ΑΡΧΙΚΗΣ ΔΙΑΔΙΚΑΣΙΑΣ);;;;;
3060;X643225;ΒΡΟΓΧΟΣΚΟΠΗΣΗ, ΜΕ ΑΚΑΜΠΤΟ Ή ΕΥΚΑΜΠΤΟ ΒΡΟΓΧΟΣΚΟΠΙΟ, ΜΕ Ή ΧΩΡΙΣ ΑΚΤΙΝΟΣΚΟΠΙΚΗ ΚΑΘΟΔΗΓΗΣΗ. ΜΕ ΔΙΑΒΡΟΓΧΙΚΗ ΒΙΟΨΙΑ(ΕΣ) ΜΕ ΒΕΛΟΝΗ ΑΝΑΡΡΟΦΗΣΗΣ, ΚΑΘΕ ΕΠΙΠΛΕΟΝ ΛΟΒΟΣ (ΚΑΤΑΓΡΑΦΕΤΑΙ ΞΕΧΩΡΙΣΤΑ ΕΠΙΠΛΕΟΝ ΤΟΥ ΚΩΔΙΚΟΥ ΤΗΣ ΑΡΧΙΚΗΣ ΔΙΑΔΙΚΑΣΙΑΣ);;;;;
3061;X643229;ΒΡΟΓΧΟΣΚΟΠΗΣΗ, ΜΕ ΑΚΑΜΠΤΟ Ή ΕΥΚΑΜΠΤΟ ΒΡΟΓΧΟΣΚΟΠΙΟ, ΜΕ Ή ΧΩΡΙΣ ΑΚΤΙΝΟΣΚΟΠΙΚΗ ΚΑΘΟΔΗΓΗΣΗ. ΜΕ ΑΦΑΙΡΕΣΗ ΞΕΝΟΥ ΣΩΜΑΤΟΣ;;;;;
3062;X643231;ΒΡΟΓΧΟΣΚΟΠΗΣΗ, ΜΕ ΑΚΑΜΠΤΟ Ή ΕΥΚΑΜΠΤΟ ΒΡΟΓΧΟΣΚΟΠΙΟ, ΜΕ Ή ΧΩΡΙΣ ΑΚΤΙΝΟΣΚΟΠΙΚΗ ΚΑΘΟΔΗΓΗΣΗ. ΜΕ ΤΟΠΟΘΕΤΗΣΗ ΒΡΟΓΧΙΚΟΥ(ΩΝ) ΣΤΕΝΤ(Σ) (ΣΥΜΠΕΡΙΛΑΜΒΑΝΕΙ ΤΡΑΧΕΙΑΚΗ/ΒΡΟΓΧΙΚΗ ΔΙΑΣΤΟΛΗ ΟΤΑΝ ΑΠΑΙΤΕΙΤΑΙ), ΚΥΡΙΟΣ ΒΡΟΓΧΟΣ,ΤΡΑΧΕΙΑ, ΤΡΟΠΙΔΑ;;;;;
3063;X643233;ΒΡΟΓΧΟΣΚΟΠΗΣΗ, ΜΕ ΑΚΑΜΠΤΟ Ή ΕΥΚΑΜΠΤΟ ΒΡΟΓΧΟΣΚΟΠΙΟ, ΜΕ Ή ΧΩΡΙΣ ΑΚΤΙΝΟΣΚΟΠΙΚΗ ΚΑΘΟΔΗΓΗΣΗ. ΚΑΘΕ ΕΠΙΠΛΕΟΝ ΚΥΡΙΟΣ ΒΡΟΓΧΟΣ ΣΤΟΝ ΟΠΟΙΟ ΤΟΠΟΘΕΤΕΙΤΑΙ ΣΤΕΝΤ (ΚΑΤΑΓΡΑΦΕΤΑΙ ΞΕΧΩΡΙΣΤΑ ΩΣ ΠΡΟΣΘΗΚΗ ΣΤΟΝ  ΚΩΔΙΚΟ ΤΗΣ ΑΡΧΙΚΗΣ ΔΙΑΔΙΚΑΣΙΑΣ);;;;;
3064;X643235;ΒΡΟΓΧΟΣΚΟΠΗΣΗ, ΜΕ ΑΚΑΜΠΤΟ Ή ΕΥΚΑΜΠΤΟ ΒΡΟΓΧΟΣΚΟΠΙΟ, ΜΕ Ή ΧΩΡΙΣ ΑΚΤΙΝΟΣΚΟΠΙΚΗ ΚΑΘΟΔΗΓΗΣΗ. ΜΕ ΑΝΑΘΕΩΡΗΣΗ ΤΡΑΧΕΙΑΚΟΥ Ή ΒΡΟΓΧΙΚΟΥ ΣΤΕΝΤ ΠΟΥ ΕΙΣΗΧΘΗ ΣΤΕ ΠΡΟΗΓΟΥΜΕΝΗ ΣΥΝΕΔΡΙΑ (ΣΥΜΠΕΡΙΛΑΜΒΑΝΕΙ ΤΡΑΧΕΙΑΚΗ/ΒΡΟΓΧΙΚΗ ΔΙΑΣΤΟΛΗ ΟΤΑΝ ΑΠΑΙΤΕΙΤΑΙ);;;;;
3065;X643239;ΒΡΟΓΧΟΣΚΟΠΗΣΗ, ΜΕ ΑΚΑΜΠΤΟ Ή ΕΥΚΑΜΠΤΟ ΒΡΟΓΧΟΣΚΟΠΙΟ, ΜΕ Ή ΧΩΡΙΣ ΑΚΤΙΝΟΣΚΟΠΙΚΗ ΚΑΘΟΔΗΓΗΣΗ. ΜΕ ΕΚΤΟΜΗ ΤΟΥ ΟΓΚΟΥ;;;;;
3066;X643241;LASER ΓΙΑ ΚΑΛΟΗΘΕΙΣ Ή ΚΑΚΟΗΘΕΙΣ ΒΛΑΒΕΣ ΜΕ ΕΥΚΑΜΠΤΟ ΒΡΟΓΧΟΣΚΟΠΙΟ;;;;;
3067;X643245;ΒΡΟΓΧΟΣΚΟΠΗΣΗ (ΜΕ ΑΚΑΜΠΤΟ Ή ΕΥΚΑΜΠΤΟ ΒΡΟΓΧΟΣΚΟΠΙΟ). ΜΕ ΤΟΠΟΘΕΤΗΣΗ ΚΑΘΕΤΗΡΑ(ΩΝ) ΓΙΑ  ΕΝΔΟΚΟΙΛΟΤΙΚΗ ΕΦΑΡΜΟΓΗ ΑΚΤΙΝΟΘΕΡΑΠΕΥΤΙΚΗΣ ΟΥΣΙΑΣ;;;;;
3068;X643249;ΒΡΟΓΧΟΣΚΟΠΗΣΗ (ΜΕ ΑΚΑΜΠΤΟ Ή ΕΥΚΑΜΠΤΟ ΒΡΟΓΧΟΣΚΟΠΙΟ). ΜΕ ΘΕΡΑΠΕΥΤΙΚΗ ΑΝΑΡΡΟΦΗΣΗ ΤΟΥ  ΤΡΑΧΕΙΟΒΡΟΓΧΙΚΟΥ ΔΕΝΤΡΟΥ, ΑΡΧΙΚΗ (ΠΧ. ΠΑΡΟΧΕΤΕΥΣΗ ΠΝΕΥΜΟΝΙΚΟΥ ΑΠΟΣΤΗΜΑΤΟΣ);;;;;
3069;X643251;ΒΡΟΓΧΟΣΚΟΠΗΣΗ (ΜΕ ΑΚΑΜΠΤΟ Ή ΕΥΚΑΜΠΤΟ ΒΡΟΓΧΟΣΚΟΠΙΟ). ΜΕ ΘΕΡΑΠΕΥΤΙΚΗ ΑΝΑΡΡΟΦΗΣΗ ΤΟΥ  ΤΡΑΧΕΙΟΒΡΟΓΧΙΚΟΥ ΔΕΝΤΡΟΥ, ΑΚΟΛΟΥΘΗ;;;;;
3070;X643271;ΒΡΟΓΧΟΣΚΟΠΗΣΗ (ΜΕ ΑΚΑΜΠΤΟ Ή ΕΥΚΑΜΠΤΟ ΒΡΟΓΧΟΣΚΟΠΙΟ). ΜΕ ΕΓΧΥΣΗ ΣΚΙΑΓΡΑΦΙΚΟΥ ΥΛΙΚΟΥ ΓΙΑ ΤΜΗΜΑΤΙΚΗ ΒΡΟΓΧΟΓΡΑΦΙΑ (ΕΝΔΟΣΚΟΠΙΚΗ ΜΟΝΟ);;;;;
3071;X643389;ΔΙΑΤΡΑΧΕΙΑΚΗ ΕΓΧΥΣΗ ΓΙΑ ΒΡΟΓΧΟΓΡΑΦΙΑ;;;;;
3072;X643393;ΚΑΘΕΤΗΡΙΑΣΜΟΣ ΜΕ ΒΡΟΓΧΙΚΗ ΒΙΟΨΙΑ ΜΕ ΒΟΥΡΤΣΑ;;;;;
3073;X643399;ΑΝΑΡΡΟΦΗΣΗ ΜΕ ΚΑΘΕΤΗΡΑ (ΞΕΧΩΡΙΣΤΗ ΔΙΑΔΙΚΑΣΙΑ). ΡΙΝΟΤΡΑΧΕΙΑΚΗ;;;;;
3074;X643409;ΑΝΑΡΡΟΦΗΣΗ ΜΕ ΚΑΘΕΤΗΡΑ (ΞΕΧΩΡΙΣΤΗ ΔΙΑΔΙΚΑΣΙΑ). ΤΡΑΧΕΙΟΒΡΟΓΧΙΚΗ ΜΕ ΒΡΟΓΧΟΣΚΟΠΗΣΗ, ΠΑΡΑ ΤΗΝ ΚΛΙΝΗ;;;;;
3075;X643419;ΔΙΑΤΡΑΧΕΙΑΚΗ (ΔΙΑΔΕΡΜΙΚΗ) ΕΙΣΑΓΩΓΗ ΒΕΛΟΝΗΣ, ΣΥΡΜΑΤΟΣ, ΔΙΑΣΤΟΛΕΑ/ΣΤΕΝΤ Ή ΜΟΝΙΜΟΥ ΣΩΛΗΝΑ ΓΙΑ ΟΞΥΓΟΝΟΘΕΡΑΠΕΙΑ;;;;;
3076;X643459;ΤΡΑΧΕΙΟΠΛΑΣΤΙΚΗ, ΤΡΑΧΗΛΙΚΗ ΠΡΟΣΠΕΛΑΣΗ;;;;;
3077;X643469;ΤΡΑΧΕΙΟΠΛΑΣΤΙΚΗ, ΤΡΑΧΕΙΟΦΑΡΥΓΓΙΚΟ ΣΥΡΙΓΓΙΟ, ΚΑΘΕ ΣΤΑΔΙΟ;;;;;
3078;X643479;ΤΡΑΧΕΙΟΠΛΑΣΤΙΚΗ, ΕΝΔΟΘΩΡΑΚΙΚΗ ΠΡΟΣΠΕΛΑΣΗ;;;;;
3079;X643491;ΑΠΟΚΑΤΑΣΤΑΣΗ ΤΡΟΠΙΔΑΣ;;;;;
3080;X643499;ΒΡΟΓΧΟΠΛΑΣΤΙΚΗ. ΑΠΟΚΑΤΑΣΤΑΣΗ ΜΕ ΜΟΣΧΕΥΜΑ;;;;;
3081;X643509;ΒΡΟΓΧΟΠΛΑΣΤΙΚΗ. ΕΚΤΟΜΗ ΣΤΕΝΩΣΗΣ ΚΑΙ ΑΝΑΣΤΟΜΩΣΗΣ;;;;;
3082;X643519;ΕΚΤΟΜΗ ΤΡΑΧΕΙΑΚΗΣ ΣΤΕΝΩΣΗΣ ΚΑΙ ΑΝΑΣΤΟΜΩΣΗ, ΤΡΑΧΗΛΙΚΗ ΠΡΟΣΠΕΛΑΣΗ;;;;;
3083;X643521;ΕΚΤΟΜΗ ΤΡΑΧΕΙΑΚΗΣ ΣΤΕΝΩΣΗΣ ΚΑΙ ΑΝΑΣΤΟΜΩΣΗ, ΣΥΝΔΥΑΣΜΟΣ ΤΡΑΧΗΛΙΚΗΣ ΚΑΙ ΘΩΡΑΚΙΚΗΣ ΠΡΟΣΠΕΛΑΣΗΣ;;;;;
3084;X643529;ΕΚΤΟΜΗ ΤΡΑΧΕΙΑΚΟΥ ΟΓΚΟΥ Ή ΚΑΡΚΙΝΩΜΑΤΟΣ, ΤΡΑΧΗΛΙΚΗ ΠΡΟΣΠΕΛΑΣΗ;;;;;
3085;X643531;ΕΚΤΟΜΗ ΤΡΑΧΕΙΑΚΟΥ ΟΓΚΟΥ Ή ΚΑΡΚΙΝΩΜΑΤΟΣ, ΘΩΡΑΚΙΚΗ ΠΡΟΣΠΕΛΑΣΗ;;;;;
3086;X643559;ΑΠΟΚΑΤΑΣΤΑΣΗ ΤΡΑΥΜΑΤΟΣ ΤΗΣ ΤΡΑΧΕΙΑΣ, ΤΡΑΧΗΛΙΚΗ ΠΡΟΣΠΕΛΑΣΗ;;;;;
3087;X643569;ΑΠΟΚΑΤΑΣΤΑΣΗ ΤΡΑΥΜΑΤΟΣ ΤΗΣ ΤΡΑΧΕΙΑΣ, ΠΡΟΣΠΕΛΑΣΗ ΜΕ ΘΩΡΑΚΟΤΟΜΗ;;;;;
3088;X643599;ΧΕΙΡΟΥΡΓΙΚΗ ΣΥΓΚΛΕΙΣΗ ΤΡΑΧΕΙΟΣΤΟΜΙΑΣ Ή ΣΥΡΙΓΓΙΟΥ. ΧΩΡΙΣ ΠΛΑΣΤΙΚΗ ΑΠΟΚΑΤΑΣΤΑΣΗ;;;;;
3089;X643609;ΧΕΙΡΟΥΡΓΙΚΗ ΣΥΓΚΛΕΙΣΗ ΤΡΑΧΕΙΟΣΤΟΜΙΑΣ Ή ΣΥΡΙΓΓΙΟΥ. ΜΕ ΠΛΑΣΤΙΚΗ ΑΠΟΚΑΤΑΣΤΑΣΗ;;;;;
3090;X643619;ΕΠΑΝΕΠΕΜΒΑΣΗ ΕΠΙ ΟΥΛΗΣ ΤΡΑΧΕΙΟΣΤΟΜΙΑΣ;;;;;
3091;X643757;ΜΗ ΚΑΤΑΓΕΓΡΑΜΜΕΝΗ ΔΙΑΔΙΚΑΣΙΑ, ΤΡΑΧΕΙΑ, ΒΡΟΓΧΟΙ;;;;;
3092;X643757.1;ΤΡΑΧΕΙΟΒΡΟΓΧΙΚΟ ΥΠΕΡΗΧΟΓΡΑΦΗΜΑ (EBUS) ΚΑΙ ΛΗΨΗ ΒΙΟΨΙΑΣ ΜΕ ΒΕΛΟΝΗ;;;;;
3093;X643757.2;ΠΛΗΡΗΣ ΣΤΑΔΙΟΠΟΙΗΣΗ ΜΕΣΟΘΩΡΑΚΙΟΥ EBUS/EUS ΓΙΑ ΝΕΟΠΛΑΣΜΑΤΑ;;;;;
3094;X643757.3;ΤΟΠΟΘΕΤΗΣΗ ΑΝΤΙΝΟΣΚΙΕΡΩΝ ΟΔΗΓΩΝ ΜΕ ΥΠΕΡΗΧΟΥΣ;;;;;
3095;X643757.4;ΕΠΑΝΕΚΤΙΜΙΣΗ ΜΕ ΕΝΔΟΒΡΟΓΧΙΚΟ ΥΠΕΡΗΧΟΓΡΑΦΗΜΑ (EBUS);;;;;
3096;X643757.5;ΔΙΑΣΤΟΛΗ ΤΡΑΧΕΙΑΣ - ΒΡΟΓΧΩΝ ΜΕ ΤΟ ΑΚΑΜΠΤΟ ΒΡΟΓΧΟΣΚΟΠΙΟ;;;;;
3097;X643757.6;ΤΟΠΟΘΕΤΗΣΗ ΕΝΔΟΠΡΟΣΘΕΣΗΣ (STENT) ΣΤΟ ΧΕΙΡΟΥΡΓΙΟ ΜΕ ΤΟ ΑΚΑΜΠΤΟ ΒΡΟΓΧΟΣΚΟΠΙΟ;;;;;
3098;X643757.7;LASER ΓΙΑ ΚΑΛΟΗΘΕΙΣ Η ΚΑΚΟΗΘΕΙΣ ΒΛΑΒΕΣ ΣΤΟ ΧΕΙΡΟΥΡΓΕΙΟ ΜΕ ΑΚΑΜΠΤΟ ΒΡΟΓΧΟΣΚΟΠΙΟ;;;;;
3099;X643757.8;ΔΙΑΘΕΡΜΙΑ ΓΙΑ ΚΑΛΟΗΘΕΙΣ Ή ΚΑΚΟΗΘΕΙΣ ΒΛΑΒΕΣ ΜΕ ΕΥΚΑΜΠΤΟ ΒΡΟΓΧΟΣΚΟΠΙΟ;;;;;
3100;X643757.9;ΔΙΑΘΕΡΜΙΑ ΓΙΑ ΚΑΛΟΗΘΕΙΣ Ή ΚΑΚΟΗΘΕΙΣ ΒΛΑΒΕΣ ΣΤΟ ΧΕΙΡΟΥΡΓΕΙΟ ΜΕ ΑΚΑΜΠΤΟ ΒΡΟΓΧΟΣΚΟΠΙΟ;;;;;
3101;X643757.10;ΚΡΥΟΘΕΡΑΠΕΙΑ ΜΕ ΕΥΚΑΜΠΤΟ ΒΡΟΓΧΟΣΚΟΠΙΟ;;;;;
3102;X643757.11;ΚΡΥΟΘΕΡΑΠΕΙΑ ΜΕ ΑΚΑΜΠΤΟ ΒΡΟΓΧΟΣΚΟΠΙΟ;;;;;
3103;X643757.12;ΔΙΑΘΕΡΜΙΑ ARGON PLASMA COAGULATION ΜΕ ΕΥΚΑΜΠΤΟ ΒΡΟΓΧΟΣΚΟΠΙΟ;;;;;
3104;X643757.13;ΔΙΑΘΕΡΜΙΑ ARGON PLASMA COAGULATION ΣΤΟ ΧΕΙΡΟΥΡΓΙΟ ΜΕ AΚΑΜΠΤΟ ΒΡΟΓΧΟΣΚΟΠΙΟ;;;;;
3105;X643757.14;"ΒΡΟΓΧΟΣΚΟΠΗΣΗ, ΑΚΑΜΠΤΟ Ή ΕΥΚΑΜΠΤΟ ΌΡΓΑΝΟ, ΛΗΨΗ ΚΑΛΛΙΕΡΓΕΙΑΣ ΑΠΌ ΤΟ ΒΡΟΓΧΙΚΟ ΔΕΝΔΡΟ ΜΕ ΚΑΘΕΤΗΡΑ ΠΟΥ ΈΧΕΙ ""ΠΡΟΣΤΑΤΕΥΜΕΝΟ"" ΑΚΡΟ";;;;;
3106;X643757.15;"ΤΟΠΟΘΕΤΗΣΗ ΤΡΑΧΕΙΑΚΟΥ ΝΑΡΘΗΚΑ ΤΥΠΟΥ ""Τ"" (ΞΕΧΩΡΙΣΤΗ ΔΙΑΔΙΚΑΣΙΑ)";;;;;
3107;X643757.16;ΜΕΣΟΘΩΡΑΚΙΚΗ ΤΡΑΧΕΙΟΣΤΟΜΙΑ;;;;;
3108;X643757.17;ΑΠΟΚΑΤΑΣΤΑΣΗ ΤΡΑΥΜΑΤΟΣ ΤΗΣ ΤΡΑΧΕΙΑΣ, ΣΥΝΔΥΑΣΜΕΝΗ ΤΡΑΧΗΛΙΚΗ ΚΑΙ ΘΩΡΑΚΙΚΗ ΠΡΟΣΠΕΛΑΣΗ (ΜΕΣΗ ΣΤΕΡΝΟΤΟΜΗ Ή ΘΩΡΑΚΟΤΟΜΗ);;;;;
3109;X644029;ΘΩΡΑΚΟΣΤΟΜΙΑ. ΜΕ ΕΚΤΟΜΗ ΠΛΕΥΡΩΝ ΓΙΑ ΕΜΠΥΗΜΑ;;;;;
3110;X644031;ΘΩΡΑΚΟΣΤΟΜΙΑ ΜΕ ΔΗΜΙΟΥΡΓΙΑ ΤΟΠΙΚΟΥ ΜΥΟΔΕΡΜΑΤΙΚΟΥ  ΚΡΗΜΝΟΥ ΓΙΑ ΠΑΡΟΧΕΤΕΥΣΗ ΕΜΠΥΗΜΑΤΟΣ;;;;;
3111;X644149;ΘΩΡΑΚΟΤΟΜΗ, ΜΙΚΡΗ, ΓΙΑ ΑΝΟΙΚΤΗ ΒΙΟΨΙΑ ΠΝΕΥΜΟΝΑ Ή ΥΠΕΖΩΚΟΤΑ;;;;;
3112;X644159;ΘΩΡΑΚΟΤΟΜΗ, ΕΥΡΕΙΑ, ΜΕ ΔΙΕΡΕΥΝΗΣΗ ΚΑΙ ΒΙΟΨΙΑ;;;;;
3113;X644179;ΘΩΡΑΚΟΤΟΜΗ, ΜΕΓΑΛΗ. ΜΕ ΕΛΕΓΧΟ ΤΗΣ ΤΡΑΥΜΑΤΙΚΗΣ ΑΙΜΟΡΡΑΓΙΑΣ ΚΑΙ/Ή ΑΠΟΚΑΤΑΣΤΑΣΗ  ΡΗΞΗΣ ΤΟΥ ΠΝΕΥΜΟΝΑ;;;;;
3114;X644199;ΘΩΡΑΚΟΤΟΜΗ, ΕΥΡΕΙΑ, (ΕΠΑΝΑΔΙΑΝΟΙΞΗ Η ΑΡΧΙΚΗ) ΓΙΑ ΑΠΟΚΑΤΑΣΤΑΣΗ ΜΕΤΕΓΧΕΙΡΗΤΙΚΩΝ ΕΠΙΠΛΟΚΩΝ;;;;;
3115;X644207;ΘΩΡΑΚΟΤΟΜΗ, ΕΥΡΕΙΑ,  ΜΕ ΑΝΟΙΧΤΗ ΕΝΔΟΫΠΕΖΩΚΟΤΙΚΗ ΠΝΕΥΜΟΝΟΛΥΣΗ;;;;;
3116;X644239;ΘΩΡΑΚΟΤΟΜΗ, ΕΥΡΕΙΑ, ΜΕ ΕΚΤΟΜΗ ΑΕΡΩΔΩΝ ΚΑΙ ΑΛΛΩΝ ΚΥΣΤΕΩΝ ΠΝΕΥΜΟΝΑ, ΜΕ Ή ΧΩΡΙΣ ΥΠΕΖΩΚΟΤΙΚΗ ΕΠΕΜΒΑΣΗ;;;;;
3117;X644241;ΘΩΡΑΚΟΤΟΜΗ, ΕΥΡΕΙΑ, ΜΕ ΕΚΤΟΜΗ - ΠΤΥΧΩΣΗ ΤΗΣ ΚΥΣΤΗΣ, ΜΕ Ή ΧΩΡΙΣ ΥΠΕΖΩΚΟΤΙΚΗ ΕΠΕΜΒΑΣΗ;;;;;
3118;X644259;ΘΩΡΑΚΟΤΟΜΗ, ΕΥΡΕΙΑ, ΠΑΡΟΧΕΤΕΥΣΗ ΕΜΠΥΗΜΑΤΟΣ ΚΑΙ ΕΠΙΠΛΕΓΜΕΝΗΣ ΠΑΡΑΠΝΕΥΜΟΝΙΚΗΣ ΣΥΛΛΟΓΗΣ;;;;;
3119;X644261;ΘΩΡΑΚΟΤΟΜΗ, ΜΕΓΑΛΗ. ΜΕ ΑΦΑΙΡΕΣΗ ΑΠΟ ΤΗΝ ΥΠΕΖΩΚΟΤΙΚΗ ΚΟΙΛΟΤΗΤΑ ΞΕΝΟΥ ΣΩΜΑΤΟΣ;;;;;
3120;X644279;ΑΝΑΖΩΟΓΟΝΗΤΙΚΗ ΕΠΕΙΓΟΥΣΑ ΘΩΡΑΚΟΤΟΜΗ,  ΜΕ ΚΑΡΔΙΑΚΕΣ ΜΑΛΑΞΕΙΣ;;;;;
3121;X644359;ΠΝΕΥΜΟΝΟΣΤΟΜΙΑ, ΜΕ ΑΝΟΙΚΤΗ ΠΑΡΟΧΕΤΕΥΣΗ ΤΟΥ ΑΠΟΣΤΗΜΑΤΟΣ Ή ΤΗΣ ΚΥΣΤΗΣ ΜΕ ΘΩΡΑΚΟΤΟΜΗ;;;;;
3122;X644361;ΠΝΕΥΜΟΝΟΣΤΟΜΙΑ. ΜΕ ΔΙΑΔΕΡΜΙΚΗ ΠΑΡΟΧΕΤΕΥΣΗ ΤΟΥ ΑΠΟΣΤΗΜΑΤΟΣ Ή ΤΗΣ ΚΥΣΤΗΣ;;;;;
3123;X644389;ΜΗΧΑΝΙΚΗ ΠΛΕΥΡΟΔΕΣΙΑ ΓΙΑ ΑΝΤΙΜΕΤΩΠΙΣΗ ΕΠΑΝΕΙΛΗΜΕΝΩΝ ΕΠΕΙΣΟΔΙΩΝ ΠΝΕΥΜΟΘΩΡΑΚΑ;;;;;
3124;X644399;ΑΠΟΦΛΟΙΩΣΗ ΠΝΕΥΜΟΝΑ (ΞΕΧΩΡΙΣΤΗ ΔΙΑΔΙΚΑΣΙΑ), ΠΛΗΡΗΣ;;;;;
3125;X644409;ΑΠΟΦΛΟΙΩΣΗ ΠΝΕΥΜΟΝΑ (ΞΕΧΩΡΙΣΤΗ ΔΙΑΔΙΚΑΣΙΑ), ΜΕΡΙΚΗ;;;;;
3126;X644579;ΕΚΤΟΜΗ ΤΟΙΧΩΜΑΤΙΚΟΥ ΠΕΤΑΛΟΥ ΤΟΥ ΥΠΕΖΩΚΟΤΟΣ (ΞΕΧΩΡΙΣΤΗ ΔΙΑΔΙΚΑΣΙΑ);;;;;
3127;X644599;ΑΠΟΦΛΟΙΩΣΗ ΠΝΕΥΜΟΝΑ ΚΑΙ ΕΚΤΟΜΗ ΤΟΙΧΩΜΑΤΙΚΟΥ ΠΕΤΑΛΟΥ ΥΠΕΖΩΚΟΤΟΣ ;;;;;
3128;X644759;ΒΙΟΨΙΑ, ΥΠΕΖΩΚΩΣ , ΔΙΑΔΕΡΜΙΚΗ ΒΕΛΟΝΗ;;;;;
3129;X644763;ΒΙΟΨΙΑ ΥΠΕΖΩΚΟΤΟΣ, ΘΩΡΑΚΟΤΟΜΗ ΜΙΚΡΗ;;;;;
3130;X644769;ΒΙΟΨΙΑ ΠΝΕΥΜΟΝΑ Η ΒΛΑΒΗΣ ΜΕΣΟΘΩΡΑΚΙΟΥ, ΔΙΑΔΕΡΜΙΚΗ ΒΕΛΟΝΗ;;;;;
3131;X644799;ΠΑΡΑΚΕΝΤΗΣΗ ΤΟΥ ΠΝΕΥΜΟΝΑ ΓΙΑ ΑΝΑΡΡΟΦΗΣΗ;;;;;
3132;X644801;ΠΑΡΑΚΕΝΤΗΣΗ ΤΟΥ ΘΩΡΑΚΑ, ΠΑΡΑΚΕΝΤΗΣΗ ΥΠΕΖΩΚΟΤΙΚΗΣ ΚΟΙΛΟΤΗΤΑΣ ΓΙΑ ΑΝΑΡΡΟΦΗΣΗ, ΑΡΧΙΚΗ Ή  ΕΠΑΚΟΛΟΥΘΗ;;;;;
3133;X644803;ΠΑΡΑΚΕΝΤΗΣΗ ΤΟΥ ΘΩΡΑΚΑ ΜΕ ΕΙΣΑΓΩΓΗ ΘΩΡΑΚΙΚΟΥ ΣΩΛΗΝΑ, ΠΕΡΙΛΑΜΒΑΝΕΙ ΠΛΕΥΡΟΔΕΣΙΑ (ΠΧ. ΓΙΑ ΠΝΕΥΜΟΘΩΡΑΚΑ Η ΥΠΟΤΡΟΠΙΑΖΟΥΣΑ ΠΛΕΥΡΙΤΙΚΗ ΣΥΛΛΟΓΗ), ΟΤΑΝ ΔΙΕΝΕΡΓΕΙΤΑΙ (ΞΕΧΩΡΙΣΤΗ ΔΙΑΔΙΚΑΣΙΑ);;;;;
3134;X644839;ΕΚΤΟΜΗ ΠΝΕΥΜΟΝΙΚΟΥ ΠΑΡΕΓΧΥΜΑΤΟΣ, ΠΝΕΥΜΟΝΕΚΤΟΜΗ ΔΕΞΙΑ - ΑΡΙΣΤΕΡΑ;;;;;
3135;X644843;ΕΚΤΟΜΗ ΠΝΕΥΜΟΝΙΚΟΥ ΠΑΡΕΓΧΥΜΑΤΟΣ, ΠΝΕΥΜΟΝΕΚΤΟΜΗ, ΜΕ ΑΦΑΙΡΕΣΗ ΤΜΗΜΑΤΟΣ ΤΗΣ  ΤΡΑΧΕΙΑΣ ΠΟΥ ΣΥΝΟΔΕΥΕΤΑΙ ΑΠΟ ΒΡΟΓΧΟ-ΤΡΑΧΕΙΑΚΗ ΑΝΑΣΤΟΜΩΣΗ (ΠΝΕΥΜΟΝΕΚΤΟΜΗ ΔΙΚΗΝ ΜΑΝΙΚΙΟΥ);;;;;
3136;X644849;ΕΚΤΟΜΗ ΠΝΕΥΜΟΝΙΚΟΥ ΠΑΡΕΓΧΥΜΑΤΟΣ, ΕΞΩΥΠΕΖΟΚΩΤΙΚΗ  ΠΝΕΥΜΟΝΕΚΤΟΜΗ ;;;;;
3137;X644919;ΕΚΤΟΜΗ ΠΝΕΥΜΟΝΙΚΟΥ ΠΑΡΕΓΧΥΜΑΤΟΣ, ΕΝΑΣ ΛΟΒΟΣ (ΛΟΒΕΚΤΟΜΗ);;;;;
3138;X644923;ΕΚΤΟΜΗ ΠΝΕΥΜΟΝΙΚΟΥ ΠΑΡΕΓΧΥΜΑΤΟΣ, ΔΥΟ ΛΟΒΟΙ (ΔΙΛΟΒΕΚΤΟΜΗ);;;;;
3139;X644927;ΕΚΤΟΜΗ ΤΟΥ ΠΝΕΥΜΟΝΙΚΟΥ ΠΑΡΕΓΧΥΜΑΤΟΣ, ΕΝΑ ΤΜΗΜΑ (ΤΥΠΙΚΗ ΤΜΗΜΑΤΕΚΤΟΜΗ);;;;;
3140;X644931;ΕΚΤΟΜΗ ΠΝΕΥΜΟΝΙΚΟΥ ΠΑΡΕΓΧΥΜΑΤΟΣ ΜΕ KYKΛIKH ΑΦΑΙΡΕΣΗ ΤΜΗΜΑΤΟΣ ΒΡΟΓΧΟΥ ΠΟΥ ΣΥΝΟΔΕΥΕΤΑΙ ΑΠΟ ΒΡΟΓΧΟ-ΒΡΟΓΧΙΚΗ  ΑΝΑΣΤΟΜΩΣΗ (ΛΟΒΕΚΤΟΜΗ ΔΙΚΗΝ ΜΑΝΙΚΙΟΥ);;;;;
3141;X644935;ΕΚΤΟΜΗ ΠΝΕΥΜΟΝΙΚΟΥ ΠΑΡΕΓΧΥΜΑΤΟΣ, ΕΚΤΟΜΗ ΕΝΑΠΟΜΕΙΝΑΝΤΑ ΠΝΕΥΜΟΝΑ ΑΠΟ ΠΡΟΗΓΟΥΜΕΝΗ ΕΠΕΜΒΑΣΗ (ΟΛΟΚΛΗΡΩΣΗ ΠΝΕΥΜΟΝΕΚΤΟΜΗΣ Ή ΣΥΜΠΛΗΡΩΜΑΤΙΚΗ ΠΝΕΥΜΟΝΕΚΤΟΜΗ);;;;;
3142;X644941;ΕΚΤΟΜΗ ΠΝΕΥΜΟΝΙΚΟΥ ΠΑΡΕΓΧΥΜΑΤΟΣ, ΑΝΟΙΧΤΗ ΕΚΤΟΜΗ ΤΟΥ  ΕΜΦΥΣΗΜΑΤΙΚΟΥ ΠΝΕΥΜΟΝΙΚΟΥ ΠΑΡΕΓΧΥΜΑΤΟΣ (ΜΕ ΚΑΙ ΧΩΡΙΣ ΦΥΣΑΛΙΔΕΣ) ΜΕ ΠΟΛΛΑΠΛΕΣ ΣΦΗΝΟΕΙΔΕΙΣ ΕΚΤΟΜΕΣ, ΓΙΑ ΜΕΙΩΣΗ ΤΟΥ ΟΓΚΟΥ ΤΟΥ ΠΝΕΥΜΟΝΑ,  ΔΙΑΣΤΕΡΝΙΚΗ Ή ΔΙΑΘΩΡΑΚΙΚΗ ΠΡΟΣΠΕΛΑΣΗ, ΜΕ Ή ΧΩΡΙΣ ΟΠΟΙΑΔΗΠΟΤΕ  ΥΠΕΖΩΚ.;;;;;
3143;X644959;ΕΚΤΟΜΗ ΠΝΕΥΜΟΝΙΚΟΥ ΠΑΡΕΓΧΥΜΑΤΟΣ, ΣΦΗΝΟΕΙΔΗΣ ΕΚΤΟΜΗ, ΜΟΝΗΡΗΣ Ή ΠΟΛΛΑΠΛΗ;;;;;
3144;X644961;ΕΚΤΟΜΗ ΚΑΙ ΑΠΟΚΑΤΑΣΤΑΣΗ ΤΜΗΜΑΤΟΣ ΤΟΥ ΒΡΟΓΧΟΥ (ΒΡΟΓΧΟΠΛΑΣΤΙΚΗ) ΟΤΑΝ ΔΙΕΝΕΡΓΕΙΤΑΙ ΤΗΝ ΩΡΑ ΤΗΣ ΛΟΒΕΚΤΟΜΗΣ Ή ΤΗΣ ΤΜΗΜΑΤΕΚΤΟΜΗΣ (ΝΑ ΚΑΤΑΓΡΑΦΕΤΑΙ ΞΕΧΩΡΙΣΤΑ ΕΠΙΠΛΕΟΝ ΤΟΥ ΚΩΔΙΚΟΥ ΤΗΣ ΑΡΧΙΚΗΣ ΔΙΑΔΙΚΑΣΙΑΣ);;;;;
3145;X644965;ΕΚΤΟΜΗ ΟΓΚΟΥ ΤΗΣ ΚΟΡΥΦΗΣ ΤΟΥ ΠΝΕΥΜΟΝΑ (ΟΓΚΟΣ PANCOAST), ΠΟΥ ΣΥΜΠΕΡΙΛΑΜΒΑΝΕΙ  ΕΚΤΟΜΗ ΘΩΡΑΚΙΚΟΥ ΤΟΙΧΩΜΑΤΟΣ, ΕΚΤΟΜΗ(ΕΣ) ΠΛΕΥΡΟΥ(ΩΝ), ΝΕΥΡΟΑΓΓΕΙΑΚΗ ΔΙΑΤΟΜΗ, ΟΤΑΝ  ΔΙΕΝΕΡΓΕΙΤΑΙ. ΧΩΡΙΣ ΑΠΟΚΑΤΑΣΤΑΣΗ(ΕΙΣ) ΘΩΡΑΚΙΚΟΥ ΤΟΙΧΩΜΑΤΟΣ;;;;;
3146;X644967;ΕΚΤΟΜΗ ΟΓΚΟΥ ΤΗΣ ΚΟΡΥΦΗΣ ΤΟΥ ΠΝΕΥΜΟΝΑ (ΟΓΚΟΣ PANCOAST), ΠΟΥ ΣΥΜΠΕΡΙΛΑΜΒΑΝΕΙ  ΕΚΤΟΜΗ ΘΩΡΑΚΙΚΟΥ ΤΟΙΧΩΜΑΤΟΣ, ΕΚΤΟΜΗ(ΕΣ) ΠΛΕΥΡΟΥ(ΩΝ), ΝΕΥΡΟΑΓΓΕΙΑΚΗ ΔΙΑΤΟΜΗ, ΟΤΑΝ  ΔΙΕΝΕΡΓΕΙΤΑΙ. ΜΕ ΑΠΟΚΑΤΑΣΤΑΣΗ ΘΩΡΑΚΙΚΟΥ ΤΟΙΧΩΜΑΤΟΣ;;;;;
3147;X645039;ΕΞΩΥΠΕΖΩΚΟΤΙΚΗ ΕΚΠΥΡΗΝΥΣΗ ΕΜΠΥΗΜΑΤΟΣ (ΕΚΤΟΜΗ ΕΜΠΥΗΜΑΤΙΚΟΥ ΣΑΚΚΟΥ);;;;;
3148;X645059;ΕΙΣΑΓΩΓΗ ΜΟΝΙΜΟΥ ΥΠΕΖΩΚΟΤΙΚΟΥ ΚΑΘΕΤΗΡΑ ΠΑΡΟΧΕΤΕΥΣΗΣ ΜΕ ΜΑΝΙΚΙ (CUFF);;;;;
3149;X645061;ΘΩΡΑΚΟΣΤΟΜΙΑ ΜΕ ΣΩΛΗΝΑ, ΠΟΥ ΠΕΡΙΛΑΜΒΑΝΕΙ ΠΛΕΥΡΟΔΕΣΙΑ ΟΤΑΝ ΔΙΕΝΕΡΓΕΙΤΑΙ (ΞΕΧΩΡΙΣΤΗ ΔΙΑΔΙΚΑΣΙΑ);;;;;
3150;X645079;ΧΗΜΙΚΗ ΠΛΕΥΡΟΔΕΣΗ (ΠΧ. ΓΙΑ ΥΠΟΤΡΟΠΙΑΖΟΝΤΑ Ή ΕΜΜΕΝΟΝΤΑ ΠΝΕΥΜΟΘΩΡΑΚΑ);;;;;
3151;X645161;ΘΩΡΑΚΟΣΚΟΠΗΣΗ, ΔΙΑΓΝΩΣΤΙΚΗ (ΞΕΧΩΡΙΣΤΗ ΔΙΑΔΙΚΑΣΙΑ). ΠΝΕΥΜΟΝΕΣ ΚΑΙ ΥΠΕΖΩΚΟΤΙΚΗ ΚΟΙΛΟΤΗΤΑ,  ΧΩΡΙΣ ΒΙΟΨΙΑ;;;;;
3152;X645163;ΘΩΡΑΚΟΣΚΟΠΗΣΗ, ΔΙΑΓΝΩΣΤΙΚΗ (ΞΕΧΩΡΙΣΤΗ ΔΙΑΔΙΚΑΣΙΑ). ΠΝΕΥΜΟΝΕΣ ΚΑΙ ΥΠΕΖΩΚΟΤΙΚΗ ΚΟΙΛΟΤΗΤΑ,  ΜΕ ΒΙΟΨΙΑ;;;;;
3153;X645165;ΘΩΡΑΚΟΣΚΟΠΗΣΗ, ΔΙΑΓΝΩΣΤΙΚΗ (ΞΕΧΩΡΙΣΤΗ ΔΙΑΔΙΚΑΣΙΑ), ΠΕΡΙΚΑΡΔΙΑΚΗ ΚΟΙΛΟΤΗΤΑ, ΧΩΡΙΣ ΒΙΟΨΙΑ;;;;;
3154;X645167;ΘΩΡΑΚΟΣΚΟΠΗΣΗ, ΔΙΑΓΝΩΣΤΙΚΗ (ΞΕΧΩΡΙΣΤΗ ΔΙΑΔΙΚΑΣΙΑ), ΠΕΡΙΚΑΡΔΙΑΚΗ ΚΟΙΛΟΤΗΤΑ, ΜΕ ΒΙΟΨΙΑ;;;;;
3155;X645169;ΘΩΡΑΚΟΣΚΟΠΗΣΗ, ΔΙΑΓΝΩΣΤΙΚΗ (ΞΕΧΩΡΙΣΤΗ ΔΙΑΔΙΚΑΣΙΑ). ΜΕΣΟΘΩΡΑΚΙΟ, ΧΩΡΙΣ ΒΙΟΨΙΑ;;;;;
3156;X645171;ΘΩΡΑΚΟΣΚΟΠΗΣΗ, ΔΙΑΓΝΩΣΤΙΚΗ (ΞΕΧΩΡΙΣΤΗ ΔΙΑΔΙΚΑΣΙΑ). ΜΕΣΟΘΩΡΑΚΙΟ, ΜΕ ΒΙΟΨΙΑ;;;;;
3157;X645259;ΘΩΡΑΚΟΣΚΟΠΗΣΗ, ΘΕΡΑΠΕΥΤΙΚΗ, ΓΙΑ ΠΛΕΥΡΟΔΕΣΙΑ (ΜΗΧΑΝΙΚΗ Ή ΧΗΜΙΚΗ);;;;;
3158;X645261;ΘΩΡΑΚΟΣΚΟΠΗΣΗ, ΘΕΡΑΠΕΥΤΙΚΗ ΜΕ ΜΕΡΙΚΗ ΑΠΟΦΛΟΙΩΣΗ ΠΝΕΥΜΟΝΑ, ΠΕΡΙΛΑΜΒΑΝΕΙ ΕΝΔΟΫΠΕΖΩΚΟΤΙΚΗ ΠΝΕΥΜΟNOΛΥΣΗ;;;;;
3159;X645263;ΘΩΡΑΚΟΣΚΟΠΗΣΗ, ΘΕΡΑΠΕΥΤΙΚΗ, ΜΕ ΠΛΗΡΗ ΑΠΟΦΛΟΙΩΣΗ ΠΝΕΥΜΟΝΑ, ΠΕΡΙΛΑΜΒΑΝΕΙ ΕΝΔΟΫΠΕΖΩΚΟΤΙΚΗ ΠΝΕΥΜΟNOΛΥΣΗ;;;;;
3160;X645265;ΘΩΡΑΚΟΣΚΟΠΗΣΗ, ΘΕΡΑΠΕΥΤΙΚΗ, ΜΕ ΑΦΑΙΡΕΣΗ ΑΠΟ ΤΗΝ ΥΠΕΖΩΚΟΤΙΚΗ ΚΟΙΛΟΤΗΤΑ ΞΕΝΟΥ ΣΩΜΑΤΟΣ Ή ΠΑΡΟΧΕΤΕΥΣΗ ΕΠΙΠΛΕΓΜΕΝΗΣ ΠΑΡΑΠΝΕΥΜΟΝΙΚΗΣ ΣΥΛΛΟΓΗΣ Ή ΕΜΠΥΗΜΑΤΟΣ Ή ΘΡΟΜΒΩΝ ΑΙΜΑΤΟΣ (ΌΧΙ ΕΝΕΡΓΟΣ ΑΙΜΟΡΡΑΓΙΑ);;;;;
3161;X645267;ΘΩΡΑΚΟΣΚΟΠΗΣΗ, ΘΕΡΑΠΕΥΤΙΚΗ, ΜΕ ΕΛΕΓΧΟ ΤΗΣ ΕΝΕΡΓΟΥ ΤΡΑΥΜΑΤΙΚΗΣ ΑΙΜΟΡΡΑΓΙΑΣ;;;;;
3162;X645269;ΘΩΡΑΚΟΣΚΟΠΗΣΗ, ΘΕΡΑΠΕΥΤΙΚΗ, ΜΕ ΕΚΤΟΜΗ Η ΠΤΥΧΩΣΗ ΑΕΡΩΔΟΥΣ ΚΥΣΤΗΣ, ΣΥΜΠΕΡΙΛΑΜΒΑΝΟΜΕΝΗΣ ΟΠΟΙΑΣΔΗΠΟΤΕ  ΥΠΕΖΩΚΟΤΙΚΗΣ ΕΠΕΜΒΑΣΗΣ;;;;;
3163;X645271;ΘΩΡΑΚΟΣΚΟΠΗΣΗ, ΘΕΡΑΠΕΥΤΙΚΗ, ΜΕ ΕΚΤΟΜΗ ΤΟΙΧΩΜΑΤΙΚΟΥ ΥΠΕΖΩΚΟΤΟΣ;;;;;
3164;X645273;ΘΩΡΑΚΟΣΚΟΠΗΣΗ, ΘΕΡΑΠΕΥΤΙΚΗ, ΜΕ ΣΦΗΝΟΕΙΔΗ ΕΚΤΟΜΗ ΤΟΥ ΠΝΕΥΜΟΝΑ, ΜΟΝΗΡΗΣ Ή ΠΟΛΛΑΠΛΗ;;;;;
3165;X645275;ΘΩΡΑΚΟΣΚΟΠΗΣΗ, ΘΕΡΑΠΕΥΤΙΚΗ. ΜΕ ΑΦΑΙΡΕΣΗ ΘΡΟΜΒΟΥ Ή ΞΕΝΟΥ ΣΩΜΑΤΟΣ ΑΠΟ ΤΗΝ ΠΕΡΙΚΑΡΔΙΑΚΗ ΚΟΙΛΟΤΗΤΑ;;;;;
3166;X645277;ΘΩΡΑΚΟΣΚΟΠΗΣΗ, ΘΕΡΑΠΕΥΤΙΚΗ ΜΕ ΔΗΜΙΟΥΡΓΙΑ ΠΕΡΙΚΑΡΔΙΑΚΟΥ ΠΑΡΑΘΥΡΟΥ Ή ΜΕΡΙΚΗ ΕΚΤΟΜΗ ΤΟΥ ΠΕΡΙΚΑΡΔΙΟΥ ΓΙΑ ΠΑΡΟΧΕΤΕΥΣΗ;;;;;
3167;X645279;ΘΩΡΑΚΟΣΚΟΠΗΣΗ, ΘΕΡΑΠΕΥΤΙΚΗ ΜΕ ΥΦΟΛΙΚΗ ΠΕΡΙΚΑΡΔΙΕΚΤΟΜΗ;;;;;
3168;X645281;ΘΩΡΑΚΟΣΚΟΠΗΣΗ, ΘΕΡΑΠΕΥΤΙΚΗ. ΜΕ ΕΚΤΟΜΗ ΠΕΡΙΚΑΡΔΙΑΚΗΣ ΚΥΣΤΗΣ;;;;;
3169;X645283;ΘΩΡΑΚΟΣΚΟΠΗΣΗ, ΘΕΡΑΠΕΥΤΙΚΗ, ΜΕ ΑΦΑΙΡΕΣΗ ΜΕΣΟΘΩΡΑΚΙΚΗΣ ΚΥΣΤΗΣ Ή ΌΓΚΟΥ;;;;;
3170;X645285;ΘΩΡΑΚΟΣΚΟΠΗΣΗ, ΘΕΡΑΠΕΥΤΙΚΗ, ΜΕ ΛΟΒΕΚΤΟΜΗ Ή ΤΥΠΙΚΗ ΤΜΗΜΑΤΕΚΤΟΜΗ;;;;;
3171;X645287;ΘΩΡΑΚΟΣΚΟΠΗΣΗ, ΘΕΡΑΠΕΥΤΙΚΗ, ΜΕ ΘΩΡΑΚΙΚΗ ΣΥΜΠΑΘΕΚΤΟΜΗ;;;;;
3172;X645289;ΘΩΡΑΚΟΣΚΟΠΗΣΗ, ΘΕΡΑΠΕΥΤΙΚΗ, ΜΕ ΟΙΣΟΦΑΓΟΜΥΟΤΟΜΗ (ΤΥΠΟΥ HELLER);;;;;
3173;X645559;ΑΠΟΚΑΤΑΣΤΑΣΗ ΚΗΛΗΣ ΠΝΕΥΜΟΝΙΚΟΥ ΙΣΤΟΥ ΔΙΑ ΤΟΥ ΘΩΡΑΚΙΚΟΥ ΤΟΙΧΩΜΑΤΟΣ, ΜΕΤΑΤΡΑΥΜΑΤΙΚΗ Ή ΜΕΤΕΓΧΕΙΡΗΤΙΚΗ;;;;;
3174;X645579;ΧΕΙΡΟΥΡΓΙΚΗ ΣΥΓΚΛΕΙΣΗ ΤΟΥ ΘΩΡΑΚΙΚΟΥ ΤΟΙΧΩΜΑΤΟΣ ΜΕΤΑ ΑΠΟ ΠΑΡΟΧΕΤΕΥΣΗ ΕΜΠΥΗΜΑΤΟΣ ΜΕΣΩ ΑΝΟΙΚΤΟΥ ΚΡΗΜΝΟΥ (ΔΙΑΔΙΚΑΣΙΑ ΤΥΠΟΥ CLAGETT);;;;;
3175;X645589;ΧΕΙΡΟΥΡΓΙΚΗ ΣΥΓΚΛΕΙΣΗ ΣΥΡΙΓΓΙΟΥ ΤΟΥ ΚΥΡΙΟΥ ΒΡΟΓΧΟΥ, ΠΡΟΣΠΕΛΑΣΗ ΜΕ ΘΩΡΑΚΟΤΟΜΗ, ΜΕ Ή ΧΩΡΙΣ ΜΥΟΠΛΑΣΤΙΚΗ Ή ΕΠΙΠΛΟΟΠΛΑΣΤΙΚΗ;;;;;
3176;X645599;ΜΕΙΖΩΝ ΑΠΟΚΑΤΑΣΤΑΣΗ ΘΩΡΑΚΙΚΟΥ ΤΟΙΧΩΜΑΤΟΣ (ΜΕΤΑΤΡΑΥΜΑΤΙΚΗ), ΧΡΗΣΗ ΣΥΝΘΕΤΙΚΟΥ ΠΛΕΓΜΑΤΟΣ;;;;;
3177;X645659;ΕΚΤΟΜΗ ΠΝΕΥΜΟΝΑ ΔΟΤΗ (ΣΥΜΠΕΡΙΛΑΒΑΝΟΜΕΝΗΣ ΣΥΝΤΗΡΗΣΗΣ), ΑΠΟ ΠΤΩΜΑΤΙΚΟ ΔΟΤΗ;;;;;
3178;X645661;ΜΕΤΑΜΟΣΧΕΥΣΗ ΕΝΟΣ ΠΝΕΥΜΟΝΑ, ΧΩΡΙΣ ΕΞΩΣΩΜΑΤΙΚΗ ΚΥΚΛΟΦΟΡΙΑ;;;;;
3179;X645663;ΜΕΤΑΜΟΣΧΕΥΣΗ ΕΝΟΣ ΠΝΕΥΜΟΝΑ,ΜΕ ΕΞΩΣΩΜΑΤΙΚΗ ΚΥΚΛΟΦΟΡΙΑ;;;;;
3180;X645665;ΜΕΤΑΜΟΣΧΕΥΣΗ ΠΝΕΥΜΟΝΑ, ΔΙΠΛΗ (ΑΜΦΙΠΛΕΥΡΗ ΔΙΑΔΟΧΙΚΗ Ή ΣΥΝΟΛΙΚΗ (EN BLOCK). ΧΩΡΙΣ ΕΞΩΣΩΜΑΤΙΚΗ ΚΥΚΛΟΦΟΡΙΑ;;;;;
3181;X645667;ΜΕΤΑΜΟΣΧΕΥΣΗ ΠΝΕΥΜΟΝΑ, ΔΙΠΛΗ (ΑΜΦΙΠΛΕΥΡΗ ΔΙΑΔΟΧΙΚΗ Ή ΣΥΝΟΛΙΚΗ (EN BLOCK). ΜΕ ΕΞΩΣΩΜΑΤΙΚΗ ΚΥΚΛΟΦΟΡΙΑ;;;;;
3182;X645669;ΤΥΠΙΚΗ ΠΡΟΕΤΟΙΜΑΣΙΑ ΑΛΛΟΜΟΣΧΕΥΜΑΤΟΣ ΠΝΕΥΜΟΝΑ ΑΠΟ ΠΤΩΜΑΤΙΚΟ ΔΟΤΗ ΠΡΙΝ ΑΠΟ ΤΗ ΜΕΤΑΜΟΣΧΕΥΣΗ, ΣΥΜΠΕΡΙΛΑΜΒΑΝΟΜΕΝΗΣ ΑΝΑΤΟΜΗΣ ΤΟΥ ΑΛΛΟΜΟΣΧΕΥΜΑΤΟΣ ΑΠΟ ΤΟΥΣ ΠΕΡΙΒΑΛΛΟΝΤΕΣ ΜΑΛΑΚΟΥΣ ΙΣΤΟΥΣ ΩΣΤΕ ΝΑ ΠΡΟΕΤΟΙΜΑΣΤΕΙ ΤΟ ΠΝΕΥΜΟΝΙΚΟ ΦΛΕΒΙΚΟ/ΚΟΛΠΙΚΟ ΚΟΛΑΡΟ, Η ΠΝΕΥΜΟΝΙΚΗ ΑΡΤΗΡΙΑ, ΚΑΙ Ο ΒΡΟΓΧΟΣ, ΕΤΕΡΟΠΛΕΥΡΗ;;;;;
3183;X645671;ΤΥΠΙΚΗ ΠΡΟΕΤΟΙΜΑΣΙΑ ΑΛΛΟΜΟΣΧΕΥΜΑΤΟΣ ΠΝΕΥΜΟΝΑ ΑΠΟ ΠΤΩΜΑΤΙΚΟ ΔΟΤΗ ΠΡΙΝ ΑΠΟ ΤΗ ΜΕΤΑΜΟΣΧΕΥΣΗ, ΣΥΜΠΕΡΙΛΑΜΒΑΝΟΜΕΝΗΣ ΑΝΑΤΟΜΗΣ ΤΟΥ ΑΛΛΟΜΟΣΧΕΥΜΑΤΟΣ ΑΠΟ ΤΟΥΣ ΠΕΡΙΒΑΛΛΟΝΤΕΣ ΜΑΛΑΚΟΥΣ ΙΣΤΟΥΣ ΩΣΤΕ ΝΑ ΠΡΟΕΤΟΙΜΑΣΤΕΙ ΤΟ ΠΝΕΥΜΟΝΙΚΟ ΦΛΕΒΙΚΟ/ΚΟΛΠΙΚΟ ΚΟΛΑΡΟ, Η ΠΝΕΥΜΟΝΙΚΗ ΑΡΤΗΡΙΑ, ΚΑΙ Ο ΒΡΟΓΧΟΣ, ΑΜΦΙΠΛΕΥΡΗ;;;;;
3184;X645759;ΕΚΤΟΜΗ ΤΩΝ ΠΛΕΥΡΩΝ, ΕΞΩΥΠΕΖΩΚΟΤΙΚΗ, ΟΛΑ ΤΑ ΣΤΑΔΙΑ;;;;;
3185;X645769;ΘΩΡΑΚΟΠΛΑΣΤΙΚΗ, ΤΥΠΟΥ SCHEDE Ή ΕΞΩΥΠΕΖΩΚΟΤΙΚΗ (ΟΛΑ ΤΑ ΣΤΑΔΙΑ).;;;;;
3186;X645771;ΘΩΡΑΚΟΠΛΑΣΤΙΚΗ, ΤΥΠΟΥ SCHEDE Ή ΕΞΩΥΠΕΖΩΚΟΤΙΚΗ (ΟΛΑ ΤΑ ΣΤΑΔΙΑ). ΜΕ ΣΥΓΚΛΕΙΣΗ ΒΡΟΓΧΟΫΠΕΖΩΚΟΤΙΚΟΥ ΣΥΡΙΓΓΙΟΥ;;;;;
3187;X645839;ΠΝΕΥΜΟΝΟΛΥΣΗ, ΕΞΩΠΕΡΙΟΣΤΙΚΗ, ΣΥΜΠΕΡΙΛΑΜΒΑΝΟΜΕΝΩΝ ΔΙΑΔΙΚΑΣΙΩΝ ΠΛΗΡΩΣΗΣ Ή ΕΠΙΔΕΣΗΣ;;;;;
3188;X645879;ΠΝΕΥΜΟΘΩΡΑΚΑΣ ΘΕΡΑΠΕΥΤΙΚΟΣ, ΕΝΔΟΫΠΕΖΩΚΟΤΙΚΗ ΕΝΕΣΗ ΑΕΡΑ;;;;;
3189;X645953;ΘΕΡΑΠΕΥΤΙΚΗ ΕΚΠΛΥΣΗ (LAVAGE) ΠΝΕΥΜΟΝΑ (ΕΤΕΡΟΠΛΕΥΡΗ);;;;;
3190;X645955;ΑΦΑΙΡΕΣΗ ΜΕ ΥΨΙΣΥΧΝΟ ΡΕΥΜΑ ΓΙΑ ΜΕΙΩΣΗ Ή ΕΚΡΙΖΩΣΗ ΕΝΟΣ Ή ΠΕΡΙΣΣΟΤΕΡΩΝ ΟΓΚΟΥ(ΩΝ) ΣΤΟΝ ΠΝΕΥΜΟΝΑ  ΣΥΜΠΕΡΙΛΑΜΒΑΝΟΜΕΝΟΥ ΤΟΥ ΥΠΕΖΩΚΟΤΑ Ή ΤΟΥ ΘΩΡΑΚΙΚΟΥ ΤΟΙΧΩΜΑΤΟΣ, ΟΤΑΝ ΔΙΗΘΟΥΝΤΑΙ ΚΑΤΑ ΤΗΝ  ΕΠΕΚΤΑΣΗ ΤΟΥ ΟΓΚΟΥ, ΔΙΑΔΕΡΜΙΚΗ, ΡΑΔΙΟΣΥΧΝΟΤΗΤΑ, ΕΤΕΡΟΠΛΕΥΡΗ;;;;;
3191;X645957;ΜΗ ΚΑΤΑΓΕΓΡΑΜΜΕΝΗ ΔΙΑΔΙΚΑΣΙΑ, ΠΝΕΥΜΟΝΕΣ ΚΑΙ ΥΠΕΖΩΚΟΣ;;;;;
3192;X645957.1;ΕΚΤΟΜΗ ΠΝΕΥΜΟΝΙΚΟΥ ΠΑΡΕΓΧΥΜΑΤΟΣ, ΠΝΕΥΜΟΝΕΚΤΟΜΗ, ΜΕ ΕΝΔΟΠΕΡΙΚΑΡΔΙΑΚΗ ΑΠΟΛΙΝΩΣΗ ΤΩΝ ΑΓΓΕΙΩΝ, ΧΩΡΙΣ ΑΠΟΚΑΤΑΣΤΑΣΗ ΤΟΥ ΠΕΡΙΚΑΡΔΙΑΚΟΥ ΕΛΛΕΙΜΜΑΤΟΣ;;;;;
3193;X645957.2;ΕΚΤΟΜΗ ΠΝΕΥΜΟΝΙΚΟΥ ΠΑΡΕΓΧΥΜΑΤΟΣ, ΠΝΕΥΜΟΝΕΚΤΟΜΗ, ΜΕ ΕΝΔΟΠΕΡΙΚΑΡΔΙΑΚΗ ΑΠΟΛΙΝΩΣΗ ΤΩΝ ΑΓΓΕΙΩΝ, ΜΕ ΑΠΟΚΑΤΑΣΤΑΣΗ ΤΟΥ ΠΕΡΙΚΑΡΔΙΑΚΟΥ ΕΛΛΕΙΜΜΑΤΟΣ ΜΕ ΣΥΝΘΕΤΙΚΟ ΠΛΕΓΜΑ;;;;;
3194;X645957.3;ΕΚΤΟΜΗ ΠΝΕΥΜΟΝΙΚΟΥ ΠΑΡΕΓΧΥΜΑΤΟΣ, ΕΞΩΥΠΕΖΩΚΟΤΙΚΗ ΠΝΕΥΜΟΝΕΚΤΟΜΗ, ΜΕ ΣΥΝΑΦΑΙΡΕΣΗ ΗΜΙΔΙΑΦΡΑΓΜΑΤΟΣ ΚΑΙ ΠΕΡΙΚΑΡΔΙΟΥ ΓΙΑ ΜΕΣΟΘΗΛΙΩΜΑ ΚΑΙ ΑΠΟΚΑΤΑΣΤΑΣΗ ΗΜΙΔΙΑΦΡΑΓΜΑΤΟΣ ΚΑΙ ΠΕΡΙΚΑΡΔΙΟΥ ΜΕ ΣΥΝΘΕΤΙΚΟ ΠΛΕΓΜΑ;;;;;
3195;X645957.4;ΕΚΤΟΜΗ ΠΝΕΥΜΟΝΙΚΟΥ ΠΑΡΤΕΓΧΥΜΑΤΟΣ, ΠΝΕΥΜΟΝΕΚΤΟΜΗ, ΜΕ ΣΥΝΑΦΑΙΡΕΣΗ ΘΩΡΑΚΙΚΟΥ ΤΟΙΧΩΜΑΤΟΣ, ΧΩΡΙΣ ΑΠΟΚΑΤΑΣΤΑΣΗ ΤΟΥ ΕΛΛΕΙΜΑΤΟΣ ΤΟΥ ΘΩΡΑΚΙΚΟΥ ΤΟΙΧΩΜΑΤΟΣ;;;;;
3196;X645957.5;ΕΚΤΟΜΗ ΠΝΕΥΜΟΝΙΚΟΥ ΠΑΡΕΓΧΥΜΑΤΟΣ, ΠΝΕΥΜΟΝΕΚΤΟΜΗ ΜΕ ΣΥΝΑΦΑΙΡΕΣΗ ΘΩΡΑΚΙΚΟΥ ΤΟΙΧΩΜΑΤΟΣ, ΜΕ ΑΠΟΚΑΤΑΣΤΑΣΗ ΤΟΥ ΕΛΛΕΙΜΑΤΟΣ ΤΟΥ ΘΩΡΑΚΙΚΟΥ ΤΟΙΧΩΜΑΤΟΣ ΜΕ ΣΥΝΘΕΤΙΚΟ ΠΛΕΓΜΑ Ή ΣΥΝΔΥΑΣΜΟ ΣΥΝΘΕΤΙΚΟΥ ΠΛΕΓΜΑΤΟΣ ΚΑΙ ΤΣΙΜΕΝΤΟΥ;;;;;
3197;X645957.6;ΕΚΤΟΜΗ ΠΝΕΥΜΟΝΙΚΟΥ ΠΑΡΕΓΧΥΜΑΤΟΣ, ΛΟΒΕΚΤΟΜΗ Ή ΔΙΛΟΒΕΚΤΟΜΗ, ΜΕ ΣΥΝΑΦΑΙΡΕΣΗ ΘΩΡΑΚΙΚΟΥ ΤΟΙΧΩΜΑΤΟΣ, ΧΩΡΙΣ ΑΠΟΚΑΤΑΣΤΑΣΗ ΤΟΥ ΕΛΛΕΙΜΑΤΟΣ ΤΟΥ ΘΩΡΑΚΙΚΟΥ ΤΟΙΧΩΜΑΤΟΣ;;;;;
3198;X645957.7;ΕΚΤΟΜΗ ΠΝΕΥΜΟΝΙΚΟΥ ΠΑΡΕΓΧΥΜΑΤΟΣ, ΛΟΒΕΚΤΟΜΗ Ή ΔΙΛΟΒΕΚΤΟΜΗ ΜΕ ΣΥΝΑΦΑΙΡΕΣΗ ΘΩΡΑΚΙΚΟΥ ΤΟΙΧΩΜΑΤΟΣ, ΜΕ ΑΠΟΚΑΤΑΣΤΑΣΗ ΤΟΥ ΕΛΛΕΙΜΑΤΟΣ ΤΟΥ ΘΩΡΑΚΙΚΟΥ ΤΟΙΧΩΜΑΤΟΣ ΜΕ ΣΥΝΘΕΤΙΚΟ ΠΛΕΓΜΑ Ή ΣΥΝΔΥΑΣΜΟ ΣΥΝΘΕΤΙΚΟΥ ΠΛΕΓΜΑΤΟΣ ΚΑΙ ΤΣΙΜΕΝΤΟΥ;;;;;
3199;X645957.8;ΕΚΤΟΜΗ ΠΝΕΥΜΟΝΙΚΟΥ ΠΑΡΕΓΧΥΜΑΤΟΣ, ΘΩΡΑΚΟΣΚΟΠΙΚΗ ΕΚΤΟΜΗ ΤΟΥ  ΕΜΦΥΣΗΜΑΤΙΚΟΥ ΠΝΕΥΜΟΝΙΚΟΥ ΠΑΡΕΓΧΥΜΑΤΟΣ (ΜΕ ΚΑΙ ΧΩΡΙΣ ΦΥΣΑΛΙΔΕΣ) ΜΕ ΠΟΛΛΑΠΛΕΣ ΣΦΗΝΟΕΙΔΕΙΣ ΕΚΤΟΜΕΣ, ΓΙΑ ΜΕΙΩΣΗ ΤΟΥ ΟΓΚΟΥ ΤΟΥ ΠΝΕΥΜΟΝΑ, ΜΕ Ή ΧΩΡΙΣ ΟΠΟΙΑΔΗΠΟΤΕ  ΥΠΕΖΩΚΟΤΙΚΗ ΕΠΕΜΒΑΣΗ;;;;;
3200;X645957.9;ΜΑΣΧΑΛΙΑΙΑ ΘΩΡΑΚΟΤΟΜΗ, ΕΚΤΟΜΗ ΑΕΡΩΔΩΝ ΚΥΣΤΕΩΝ, ΜΕ Ή ΧΩΡΙΣ ΥΠΕΖΩΚΟΤΙΚΗ ΕΠΕΜΒΑΣΗ (ΞΕΧΩΡΙΣΤΗ ΔΙΑΔΙΚΑΣΙΑ);;;;;
3201;X645957.10;ΕΚΠΥΡΗΝΥΣΗ Ή ΕΚΤΟΜΗ ΠΝΕΥΜΟΝΙΚΗΣ ΒΛΑΒΗΣ, MOΝΗΡΟΥΣ Ή ΠΟΛΛΑΠΛΗΣ, ΜΕ ΤΗ ΒΟΗΘΕΙΑ ΘΕΡΜΙΚΩΝ LASERS;;;;;
3202;X645957.11;ΒΡΟΓΧΟΤΟΜΗ ΓΙΑ ΑΦΑΙΡΕΣΗ ΞΕΝΟΥ ΣΩΜΑΤΟΣ ΑΠΌ ΒΡΟΓΧΟ;;;;;
3203;X645957.12;ΠΛΕΥΡΟΔΕΣΙΑ ΜΕ ΑΥΤΟΛΟΓΟ ΑΙΜΑ ΓΙΑ ΥΠΟΤΡΟΠΙΑΖΟΝΤΑ ΑΥΤΟΜΑΤΟ ΠΝΕΥΜΟΘΩΡΑΚΑ Ή ΔΙΑΦΥΓΗ ΑΕΡΑ ΜΕΤΑ ΕΚΤΟΜΗ ΠΝΕΥΜΟΝΙΚΟΥ ΠΑΡΕΓΧΥΜΑΤΟΣ;;;;;
3204;X645957.13;ΥΠΕΖΩΚΟΤΟΠΕΡΙΤΟΝΑΙΚΗ ΠΑΡΟΧΕΤΕΥΣΗ ΜΕ ΣΩΛΗΝΑ ΠΟΥ ΦΕΡΕΙ ΒΑΛΒΙΔΑ ΜΙΑΣ ΟΔΟΥ, ΥΠΟΤΡΟΠΙΑΖΟΥΣΑ ΠΛΕΥΡΙΤΙΚΗ ΣΥΛΛΟΓΗ, ΚΑΛΟΗΘΗΣΗ Ή ΚΑΚΟΗΘΗΣ ΑΙΤΙΟΛΟΓΙΑ;;;;;
3205;X645957.14;ΠΑΡΟΧΕΤΕΥΣΗ ΘΩΡΑΚΑ, ΜΕ ΘΩΡΑΚΙΚΟ ΣΩΛΗΝΑ ΜΙΚΡΟΥ ΕΥΡΟΥΣ ΜΕ ΤΗ ΜΕΘΟΔΟ ΤΟΥ ΟΔΗΓΟΥ ΣΥΡΜΑΤΟΣ (SELDINGER);;;;;
3206;X645957.15;ΕΚΤΟΜΗ ΣΤΕΡΝΟΥ, ΜΕΡΙΚΗ Ή ΟΛΙΚΗ, ΑΠΟΚΑΤΑΣΤΑΣΗ ΜΕ ΣΥΝΘΕΤΙΚΟ ΠΛΕΓΜΑ ΚΑΙ ΤΣΙΜΕΝΤΟ, ΚΑΛΟΗΘΕΙΣ ΚΑΙ ΚΑΚΟΗΘΕΙΣ ΟΓΚΟΙ, ΧΩΡΙΣ ΜΕΤΑΘΕΣΗ ΜΥΟΔΕΡΜΑΤΙΚΩΝΚΡΗΜΝΩΝ;;;;;
3207;X645957.16;ΕΚΤΟΜΗ ΣΤΕΡΝΟΥ, ΜΕΡΙΚΗ Ή ΟΛΙΚΗ, ΑΠΟΚΑΤΑΣΤΑΣΗ ΜΕ ΣΥΝΘΕΤΙΚΟ ΠΛΕΓΜΑ ΚΑΙ ΤΣΙΜΕΝΤΟ, ΚΑΛΟΗΘΕΙΣ ΚΑΙ ΚΑΚΟΗΘΕΙΣ ΟΓΚΟΙ, ΜΕ ΜΕΤΑΘΕΣΗ ΜΥΟΔΕΡΜΑΤΙΚΩΝ ΚΡΗΜΝΩΝ;;;;;
3208;X645957.17;ΕΚΤΟΜΗ ΠΟΛΛΑΠΛΩΝ ΠΛΕΥΡΩΝ ΚΑΙ ΣΤΕΡΝΟΥ, ΑΠΟΚΑΤΑΣΤΑΣΗ ΜΕ ΣΥΝΘΕΤΙΚΟ ΠΛΕΓΜΑ ΚΑΙ ΤΣΙΜΕΝΤΟ, ΧΩΡΙΣ ΜΕΤΑΘΕΣΗ ΜΥΟΔΕΡΜΑΤΙΚΩΝ ΚΡΗΜΝΩΝ;;;;;
3209;X645957.18;ΕΚΤΟΜΗ ΠΛΕΥΡΩΝ ΚΑΙ ΣΤΕΡΝΟΥ, ΑΠΟΚΑΤΑΣΤΑΣΗ ΜΕ ΣΥΝΘΕΤΙΚΟ ΠΛΕΓΜΑ ΚΑΙ ΤΣΙΜΕΝΤΟ, ΜΕ ΜΕΤΑΘΕΣΗ ΜΥΟΔΕΡΜΑΤΙΚΩΝ ΚΡΗΜΝΩΝ;;;;;
3210;X645957.19;ΕΚΤΟΜΗ ΠΛΕΥΡΩΝ, ΑΠΟΚΑΤΑΣΤΑΣΗ ΜΕ ΣΥΝΘΕΤΙΚΟ ΠΛΕΓΜΑ ;;;;;
3211;X645957.20;ΕΚΤΟΜΗ ΠΛΕΥΡΩΝ, ΑΠΟΚΑΤΑΣΤΑΣΗ ΜΕ ΣΥΝΘΕΤΙΚΟ ΠΛΕΓΜΑ ΚΑΙ ΤΣΙΜΕΝΤΟ;;;;;
3212;X645957.21;ΕΚΤΟΜΗ ΜΙΑΣ ΠΛΕΥΡΑΣ;;;;;
3213;X645957.22;ΑΠΟΚΑΤΑΣΤΑΣΗ ΣΚΑΦΟΕΙΔΟΥΣ ΣΤΕΡΝΟΥ, ΑΝΟΙΧΤΗ, ΑΠΟΚΑΤΑΣΤΑΣΗ ΜΕ ΣΥΝΘΕΤΙΚΟ ΠΛΕΓΜΑ Η ΜΕΤΑΛΛΙΚΗ ΡΑΒΔΟ;;;;;
3214;X645957.23;ΑΠΟΚΑΤΑΣΤΑΣΗ ΣΚΑΦΟΕΙΔΟΥΣ ΣΤΕΡΝΟΥ, ΘΩΡΑΚΟΣΚΟΠΙΚΗ, ΑΠΟΚΑΤΑΣΤΑΣΗ ΜΕ ΜΕΤΑΛΛΙΚΗ ΡΑΒΔΟ;;;;;
3215;X645957.24;ΑΠΟΚΑΤΑΣΤΑΣΗ ΣΚΑΦΟΕΙΔΟΥΣ ΣΤΕΡΝΟΥ, ΑΝΟΙΧΤΗ ΠΡΟΣΠΕΛΑΣΗ, ΑΠΟΚΑΤΑΣΤΑΣΗ ΜΕ ΣΥΝΘΕΤΙΚΟ ΠΛΕΓΜΑ ΚΑΙ ΣΥΣΤΗΜΑ ΟΣΤΕΟΣΥΝΘΕΣΗΣ ΑΠΌ ΤΙΤΑΝΙΟ;;;;;
3216;X645957.25;ΑΠΟΚΑΤΑΣΤΑΣΗ ΚΑΡΙΝΟΕΙΔΟΥΣ ΣΤΕΡΝΟΥ, ΑΝΟΙΧΤΗ ΠΡΟΣΠΕΛΑΣΗ;;;;;
3217;X645957.26;ΑΠΟΚΑΤΑΣΤΑΣΗ ΚΑΡΙΝΟΕΙΔΟΥΣ ΣΤΕΡΝΟΥ, ΘΩΡΑΚΟΣΚΟΠΙΚΗ ΠΡΟΣΠΕΛΑΣΗ;;;;;
3218;X645957.27;ΕΚΤΟΜΗ ΤΗΣ 1ΗΣ ΠΛΕΥΡΑΣ ΓΙΑ ΣΥΝΔΡΟΜΟ ΕΞΟΔΟΥ ΤΟΥ ΘΩΡΑΚΑ, ΑΝΟΙΧΤΗ ΠΡΟΣΠΕΛΑΣΗ (ΜΑΣΧΑΛΙΑΙΑ ΘΩΡΑΚΟΤΟΜΗ);;;;;
3219;X645957.28;ΕΚΤΟΜΗ ΤΗΣ 1ΗΣ ΠΛΕΥΡΑΣ ΓΙΑ ΣΥΝΔΡΟΜΟ ΕΞΟΔΟΥ ΤΟΥ ΘΩΡΑΚΑ, ΘΩΡΑΚΟΣΚΟΠΙΚΗ ΠΡΟΣΠΕΛΑΣΗ;;;;;
3220;X645957.29;ΜΕΙΖΩΝ ΑΠΟΚΑΤΑΣΤΑΣΗ, ΘΩΡΑΚΙΚΟΥ ΤΟΙΧΩΜΑΤΟΣ (ΜΕΤΑΤΡΑΥΜΑΤΙΚΗ), ΧΡΗΣΗ ΣΥΣΤΗΜΑΤΟΣ ΟΣΤΕΟΣΥΝΘΕΣΗΣ ΑΠΌ ΤΙΤΑΝΙΟ;;;;;
3221;X645957.30;ΣΥΡΡΑΦΗ ΚΑΤΑΓΜΑΤΟΣ ΣΤΕΡΝΟΥ;;;;;
3222;X645957.31;ΑΠΟΚΑΤΑΣΤΑΣΗ ΨΕΥΔΑΡΘΡΩΣΗΣ ΣΤΕΡΝΟΥ;;;;;
3223;X645957.32;ΕΚΤΟΜΗ ΕΝΌΣ Η ΠΟΛΛΑΠΛΩΝ ΠΛΕΥΡΙΚΩΝ ΧΟΝΔΡΩΝ;;;;;
3224;X645957.33;ΕΚΤΟΜΗ ΤΗΣ ΞΙΦΟΕΙΔΟΥΣ ΑΠΟΦΥΣΗΣ ΤΟΥ ΣΤΕΡΝΟΥ;;;;;
3225;X645979;ΠΑΡΑΚΕΝΤΗΣΗ ΠΕΡΙΚΑΡΔΙΟΥ. ΑΡΧΙΚΗ;;;;;
3226;X645981;ΠΑΡΑΚΕΝΤΗΣΗ ΠΕΡΙΚΑΡΔΙΟΥ. ΕΠΑΝΑΛΑΜΒΑΝΟΜΕΝΗ;;;;;
3227;X645989;ΤΟΠΟΘΕΤΗΣΗ ΣΩΛΗΝΩΝ ΠΕΡΙΚΑΡΔΙΟΣΤΟΜΙΑΣ;;;;;
3228;X645999;ΠΕΡΙΚΑΡΔΙΟΤΟΜΙΑ ΓΙΑ ΑΦΑΙΡΕΣΗ ΘΡΟΜΒΟΥ Ή ΞΕΝΟΥ ΣΩΜΑΤΟΣ (ΑΡΧΙΚΗ ΔΙΑΔΙΚΑΣΙΑ);;;;;
3229;X646009;ΔΗΜΙΟΥΡΓΙΑ ΠΕΡΙΚΑΡΔΙΑΚΟΥ ΠΑΡΑΘΥΡΟΥ Ή ΜΕΡΙΚΗ ΕΚΤΟΜΗ ΤΟΥ ΠΕΡΙΚΑΡΔΙΟΥ ΓΙΑ ΠΑΡΟΧΕΤΕΥΣΗ 1. ΥΠΟΞΙΦΟΕΙΔΗΣ 2. ΜΕ ΠΡΟΣΘΙΑ ΑΡΙΣΤΕΡΑ ΘΩΡΑΚΟΤΟΜΗ 3. ΘΩΡΑΚΟΣΚΟΠΙΚΑ 4. ΔΙΑΠΕΡΙΤΟΝΑΪΚΑ;;;;;
3230;X646019;ΕΚΤΟΜΗ ΠΕΡΙΚΑΡΔΙΟΥ, ΥΦΟΛΙΚΗ Ή ΟΛΙΚΗ. ΧΩΡΙΣ ΚΑΡΔΙΟΠΝΕΥΜΟΝΙΚΗ ΠΑΡΑΚΑΜΨΗ;;;;;
3231;X646021;ΕΚΤΟΜΗΠΕΡΙΚΑΡΔΙΟΥ, ΥΦΟΛΙΚΗ Ή ΟΛΙΚΗ. ΜΕ ΚΑΡΔΙΟΠΝΕΥΜΟΝΙΚΗ ΠΑΡΑΚΑΜΨΗ;;;;;
3232;X646059;ΕΚΤΟΜΗ ΠΕΡΙΚΑΡΔΙΑΚΗΣ ΚΥΣΤΗΣ;;;;;
3233;X646199;ΕΚΤΟΜΗ ΕΝΔΟΚΑΡΔΙΑΚΟΥ ΟΓΚΟΥ ΜΕ ΚΑΡΔΙΟΠΝΕΥΜΟΝΙΚΗ ΠΑΡΑΚΑΜΨΗ;;;;;
3234;X646219;ΑΦΑΙΡΕΣΗ ΕΠΙΚΑΡΔΙΑΚΟΥ ΟΓΚΟΥ;;;;;
3235;X646239;ΔΙΑΜΥΟΚΑΡΔΙΑΚΗ ΕΠΑΝΑΓΓΕΙΩΣΗ ΜΕ ΛΕΪΖΕΡ, ΜΕΣΩ ΘΩΡΑΚΟΤΟΜΗΣ. (ΞΕΧΩΡΙΣΤΗ ΔΙΑΔΙΚΑΣΙΑ);;;;;
3236;X646241;ΔΙΑΜΥΟΚΑΡΔΙΑΚΗ ΕΠΑΝΑΓΓΕΙΩΣΗ ΜΕ ΛΕΪΖΕΡ, ΜΕΣΩ ΣΤΕΡΝΟΤΟΜΗΣ ΟΤΑΝ ΔΙΕΝΕΡΓΕΙΤΑΙ ΤΑΥΤΟΧΡΟΝΑ ΜΕ ΑΛΛΗ ΑΝΟΙΚΤΗ ΚΑΡΔΙΟΧΕΙΡΟΥΡΓΙΚΗ ΕΠΕΜΒΑΣΗΣ(ΕΙΣ) (ΝΑ ΚΑΤΑΓΡΑΦΕΤΑΙ ΞΕΧΩΡΙΣΤΑ ΕΠΙΠΛΕΟΝ ΤΟΥ ΚΩΔΙΚΟΥ ΤΗΣ ΑΡΧΙΚΗΣ ΔΙΑΔΙΚΑΣΙΑΣ);;;;;
3237;X646363;ΤΟΠΟΘΕΤΗΣΗ ΕΠΙΚΑΡΔΙΑΚΟΥ ΗΛΕΚΤΡΟΔΙΟΥ(ΩΝ). ΑΝΟΙΚΤΗ ΤΟΜΗ (ΠΧ. ΘΩΡΑΚΟΤΟΜΗ, ΜΕΣΗ ΣΤΕΡΝΟΤΟΜΗ, ΥΠΟΞΙΦΟΕΙΔΙΚΗ ΠΡΟΣΠΕΛΑΣΗ);;;;;
3238;X646365;ΤΟΠΟΘΕΤΗΣΗ ΕΠΙΚΑΡΔΙΑΚΟΥ ΗΛΕΚΤΡΟΔΙΟΥ(ΩΝ). ΕΝΔΟΣΚΟΠΙΚΗ ΠΡΟΣΠΕΛΑΣΗ (ΠΧ. ΘΩΡΑΚΟΣΚΟΠΗΣΗ, ΠΕΡΙΚΑΡΔΙΟΣΚΟΠΗΣΗ);;;;;
3239;X646371;ΤΟΠΟΘΕΤΗΣΗ Ή ΑΝΤΙΚΑΤΑΣΤΑΣΗ ΜΟΝΙΜΟΥ ΒΗΜΑΤΟΔΟΤΗ ΜΕ ΔΙΑΦΛΕΒΙΟ ΚΟΛΠΙΚΟ ΗΛΕΚΤΡΟΔΙΟ(Α);;;;;
3240;X646373;ΤΟΠΟΘΕΤΗΣΗ Ή ΑΝΤΙΚΑΤΑΣΤΑΣΗ ΜΟΝΙΜΟΥ ΒΗΜΑΤΟΔΟΤΗ ΜΕ ΔΙΑΦΛΕΒΙΟ ΚΟΙΛΙΑΚΟ ΗΛΕΚΤΡΟΔΙΟ(Α);;;;;
3241;X646375;ΤΟΠΟΘΕΤΗΣΗ Ή ΑΝΤΙΚΑΤΑΣΤΑΣΗ ΜΟΝΙΜΟΥ ΒΗΜΑΤΟΔΟΤΗ ΜΕ ΔΙΑΦΛΕΒΙΑ ΗΛΕΚΤΡΟΔΙΑ ΔΥΟ ΚΑΡΔΙΑΚΩΝ ΚΟΙΛΟΤΗΤΩΝ (ΚΟΛΠΟΚΟΙΛΙΑΚΟ);;;;;
3242;X646379;ΤΟΠΟΘΕΤΗΣΗ Ή ΑΝΤΙΚΑΤΑΣΤΑΣΗ ΠΡΟΣΩΡΙΝΟΥ ΔΙΑΦΛΕΒΙΟΥ ΗΛΕΚΤΡΟΔΙΟΥ ΔΕΞΙΑΣ ΚΟΙΛΙΑΣ (ΞΕΧΩΡΙΣΤΗ ΔΙΑΔΙΚΑΣΙΑ);;;;;
3243;X646381;ΤΟΠΟΘΕΤΗΣΗ Ή ΑΝΤΙΚΑΤΑΣΤΑΣΗ ΠΡΟΣΩΡΙΝΟΥ ΔΙΑΦΛΕΒΙΟΥ ΗΛΕΚΤΡΟΔΙΟΥ ΒΗΜΑΤΟΔΟΤΗΣΗΣ ΔΥΟ ΚΑΡΔΙΑΚΩΝ ΚΟΙΛΟΤΗΤΩΝ (ΞΕΧΩΡΙΣΤΗ ΔΙΑΔΙΚΑΣΙΑ);;;;;
3244;X646383;ΤΟΠΟΘΕΤΗΣΗ Ή ΑΝΤΙΚΑΤΑΣΤΑΣΗ ΓΕΝΝΗΤΡΙΑΣ ΒΗΜΑΤΟΔΟΤΗ ΜΙΑΣ ΚΑΡΔΙΑΚΗΣ ΚΟΙΛΟΤΗΤΑΣ;;;;;
3245;X646385;ΤΟΠΟΘΕΤΗΣΗ Ή ΑΝΤΙΚΑΤΑΣΤΑΣΗ ΓΕΝΝΗΤΡΙΑΣ ΒΗΜΑΤΟΔΟΤΗ ΔΥΟ ΚΑΡΔΙΑΚΩΝ ΚΟΙΛΟΤΗΤΩΝ;;;;;
3246;X646387;ΑΝΑΒΑΘΜΙΣΗ ΕΜΦΥΤΕΥΜΕΝΟΥ ΣΥΣΤΗΜΑΤΟΣ ΒΗΜΑΤΟΔΟΤΗ, ΜΕΤΑΤΡΟΠΗ ΣΥΣΤΗΜΑΤΟΣ ΜΙΑΣ ΚΟΙΛΟΤΗΤΑΣ ΣΕ ΣΥΣΤΗΜΑ ΔΥΟ ΚΟΙΛΟΤΗΤΩΝ (ΠΕΡΙΛΑΜΒΑΝΕΙ ΑΦΑΙΡΕΣΗ ΤΗΣ ΠΡΟΗΓΟΥΜΕΝΩΣ ΤΟΠΟΘΕΤΗΜΕΝΗΣ ΓΕΝΝΗΤΡΙΑΣ, ΔΟΚΙΜΗ ΤΗΣ ΥΠΑΡΧΟΥΣΑΣ ΑΠΑΓΩΓΗΣ, ΤΟΠΟΘΕΤΗΣΗ ΚΑΙΝΟΥΡΙΑΣ ΑΠΑΓΩΓΗΣ, ΤΟΠΟΘΕΤΗΣΗ ΚΑΙΝΟΥ;;;;;
3247;X646389;ΕΠΑΝΑΤΟΠΟΘΕΤΗΣΗ ΗΛΕΚΤΡΟΔΙΟΥ ΠΡΟΗΓΟΥΜΕΝΩΣ ΕΜΦΥΤΕΥΜΕΝΟΥ ΔΙΑΦΛΕΒΙΟΥ ΒΗΜΑΤΟΔΟΤΗ Ή ΒΗΜΑΤΟΔΟΤΗ-ΑΠΙΝΙΔΩΤΗ (ΔΕΞΙΟΣ ΚΑΡΔΙΑΚΟΣ ΚΟΛΠΟΣ Ή ΔΕΞΙΑ ΚΟΙΛΙΑ);;;;;
3248;X646391;ΤΟΠΟΘΕΤΗΣΗ ΔΙΑΦΛΕΒΙΟΥ ΗΛΕΚΤΡΟΔΙΟΥ. ΜΙΑΣ ΚΟΙΛΟΤΗΤΑΣ (ΕΝΑ ΗΛΕΚΤΡΟΔΙΟ) ΜΟΝΙΜΟΣ ΒΗΜΑΤΟΔΟΤΗΣ Ή ΜΙΑΣ ΚΟΙΛΟΤΗΤΑΣ ΒΗΜΑΤΟΔΟΤΗΣ-ΑΠΙΝΙΔΩΤΗΣ;;;;;
3249;X646393;ΤΟΠΟΘΕΤΗΣΗ ΔΙΑΦΛΕΒΙΟΥ ΗΛΕΚΤΡΟΔΙΟΥ. ΔΥΟ ΚΟΙΛΟΤΗΤΩΝ  (ΔΥΟ ΗΛΕΚΤΡΟΔΙΑ) ΜΟΝΙΜΟΣ ΒΗΜΑΤΟΔΟΤΗΣ Ή ΔΥΟ ΚΟΙΛΟΤΗΤΩΝ ΒΗΜΑΤΟΔΟΤΗΣ-ΑΠΙΝΙΔΩΤΗΣ;;;;;
3250;X646395;ΕΠΙΣΚΕΥΗ ΕΝΟΣ ΔΙΑΦΛΕΒΙΟΥ ΗΛΕΚΤΡΟΔΙΟΥ ΓΙΑ ΜΙΑΣ ΚΟΙΛΟΤΗΤΑΣ, ΜΟΝΙΜΟ ΒΗΜΑΤΟΔΟΤΗ Ή ΜΙΑΣ ΚΟΙΛΟΤΗΤΑΣ ΒΗΜΑΤΟΔΟΤΗ-ΑΠΙΝΙΔΩΤΗ;;;;;
3251;X646399;ΕΠΙΣΚΕΥΗ ΔΥΟ ΔΙΑΦΛΕΒΙΩΝ ΗΛΕΚΤΡΟΔΙΩΝ ΓΙΑ ΔΥΟ ΚΟΙΛΟΤΗΤΩΝ ΜΟΝΙΜΟ ΒΗΜΑΤΟΔΟΤΗ Ή ΔΥΟ ΚΟΙΛΟΤΗΤΩΝ ΒΗΜΑΤΟΔΟΤΗ-ΑΠΙΝΙΔΩΤΗ;;;;;
3252;X646403;ΠΕΡΙΠΟΙΗΣΗ Η ΑΛΛΑΓΗ ΘΕΣΗΣ ΤΗΣ ΘΗΚΗΣ ΤΟΥ ΒΗΜΑΤΟΔΟΤΗ ;;;;;
3253;X646405;ΠΕΡΙΠΟΙΗΣΗ Η ΑΛΛΑΓΗ ΘΕΣΗΣ ΤΗΣ ΘΗΚΗΣ ΜΟΝΟΕΣΤΙΑΚΟΥ Η ΔΙΠΛΟΕΣΤΙΑΚΟΥ ΒΗΜΑΤΟΔΟΤΗ - ΑΠΙΝΙΔΩΤΗ;;;;;
3254;X646407;ΕΙΣΑΓΩΓΗ ΗΛΕΚΤΡΟΔΙΟΥ ΒΗΜΑΤΟΔΟΤΗΣΗΣ, ΣΤΟ ΣΤΕΦΑΝΙΑΙΟ ΚΟΛΠΟ ΓΙΑ  ΒΗΜΑΤΟΔΟΤΗΣΗ ΑΡΙΣΤΕΡΗΣ ΚΟΙΛΙΑΣ, ΜΕ ΠΡΟΣΑΡΤΗΣΗ ΣΕ ΠΡΟΗΓΟΥΜΕΝΩΣ ΕΜΦΥΤΕΥΜΕΝΟ ΒΗΜΑΤΟΔΟΤΗ Ή ΓΕΝΝΗΤΡΙΑ ΠΑΛΜΟΥ ΒΗΜΑΤΟΔΟΤΗ-ΑΠΙΝΙΔΩΤΗ (ΣΥΜΠΕΡΙΛΑΜΒΑΝΕΤΑΙ Η ΑΝΑΘΕΩΡΗΣΗ ΤΗΣ ΘΗΚΗΣ, Η ΑΦΑΙΡΕΣΗ, Η ΕΙΣΑΓΩΓΗ;;;;;
3255;X646409;ΕΙΣΑΓΩΓΗ ΗΛΕΚΤΡΟΔΙΟΥ ΒΗΜΑΤΟΔΟΤΗΣΗΣ ΣΤΟ ΣΤΕΦΑΝΙΑΙΟ ΚΟΛΠΟ ΓΙΑ  ΒΗΜΑΤΟΔΟΤΗΣΗ ΑΡΙΣΤΕΡΗΣ ΚΟΙΛΙΑΣ, ΚΑΤΑ ΤΗ ΣΤΙΓΜΗ ΤΗΣ ΕΙΣΑΓΩΓΗΣ ΤΟΥ  ΒΗΜΑΤΟΔΟΤΗ-ΑΠΙΝΙΔΩΤΗ Ή ΤΗΣ ΓΕΝΝΗΤΡΙΑΣ ΠΑΛΜΩΝ ΒΗΜΑΤΟΔΟΤΗ (ΣΥΜΠΕΡΙΛΑΜΒΑΝΕΤΑΙ ΑΝΑΒΑΘΜΙΣΗ ΣΕ ΣΥΣΤΗΜΑ ΔΙΠΛΟΥ ΘΑΛΑΜΟΥ);;;;;
3256;X646411;ΕΠΑΝΑΤΟΠΟΘΕΤΗΣΗ ΠΡΟΗΓΟΥΜΕΝΩΣ ΕΜΦΥΤΕΥΜΕΝΟΥ ΗΛΕΚΤΡΟΔΙΟΥ ΣΤΟ ΣΤΕΦΑΝΙΑΙΟ ΚΟΛΠΟ (ΑΡΙΣΤΕΡΗ ΚΟΙΛΙΑ) (ΣΥΜΠΕΡΙΛΑΜΒΑΝΕΤΑΙ Η ΑΦΑΙΡΕΣΗ, Η ΕΙΣΑΓΩΓΗ ΚΑΙ/'Η ΑΝΤΙΚΑΤΑΣΤΑΣΗ ΤΗΣ ΓΕΝΝΗΤΡΙΑΣ);;;;;
3257;X646425;ΑΦΑΙΡΕΣΗ ΓΕΝΝΗΤΡΙΑΣ ΠΑΛΜΩΝ ΜΟΝΙΜΟΥ ΒΗΜΑΤΟΔΟΤΗ;;;;;
3258;X646427;ΑΦΑΙΡΕΣΗ ΔΙΑΦΛΕΒΙΩΝ ΗΛΕΚΤΡΟΔΙΩΝ ΒΗΜΑΤΟΔΟΤΗ ΣΥΣΤΗΜΑΤΟΣ ΜΟΝΟΕΣΤΙΑΚΗΣ ΒΗΜΑΤΟΔΟΤΗΣΗΣ;;;;;
3259;X646429;ΑΦΑΙΡΕΣΗ ΔΙΑΦΛΕΒΙΩΝ ΗΛΕΚΤΡΟΔΙΩΝ ΒΗΜΑΤΟΔΟΤΗ. ΣΥΣΤΗΜΑΤΟΣ ΔΙΠΛΟΕΣΤΙΑΚΗΣ ΒΗΜΑΤΟΔΟΤΗΣΗΣ;;;;;
3260;X646431;ΑΦΑΙΡΕΣΗ ΜΟΝΙΜΟΥ ΕΠΙΚΑΡΔΙΑΚΟΥ ΒΗΜΑΤΟΔΟΤΗ ΚΑΙ ΗΛΕΚΤΡΟΔΙΩΝ ΜΕ ΘΩΡΑΚΟΤΟΜΗ, ΜΟΝΟΕΣΤΙΑΚΗΣ ΒΗΜΑΤΟΔΟΤΗΣΗΣ;;;;;
3261;X646433;ΑΦΑΙΡΕΣΗ ΜΟΝΙΜΟΥ ΕΠΙΚΑΡΔΙΑΚΟΥ ΒΗΜΑΤΟΔΟΤΗ ΚΑΙ ΗΛΕΚΤΡΟΔΙΩΝ ΜΕ ΘΩΡΑΚΟΤΟΜΗ, ΔΙΠΛΟΕΣΤΙΑΚΗΣ ΒΗΜΑΤΟΔΟΤΗΣΗΣ;;;;;
3262;X646435;ΑΦΑΙΡΕΣΗ ΜΟΝΙΜΩΝ ΔΙΑΦΛΕΒΙΩΝ ΗΛΕΚΤΡΟΔΙΩΝ ΜΕ ΘΩΡΑΚΟΤΟΜΗ;;;;;
3263;X646439;ΕΙΣΑΓΩΓΗ ΓΕΝΝΗΤΡΙΑΣ ΠΑΛΜΩΝ ΒΗΜΑΤΟΔΟΤΗ-ΑΠΙΝΙΔΩΤΗ ΜΙΑΣ Η ΔΥΟ ΚΟΙΛΟΤΗΤΩΝ;;;;;
3264;X646441;ΑΦΑΙΡΕΣΗ ΓΕΝΝΗΤΡΙΑΣ ΠΑΛΜΩΝ ΜΟΝΟΥ Ή ΔΙΠΛΟΥ ΘΑΛΑΜΟΥ ΒΗΜΑΤΟΔΟΤΗ-ΑΠΙΝΙΔΩΤΗ;;;;;
3265;X646445;ΑΦΑΙΡΕΣΗ ΗΛΕΚΤΡΟΔΙΩΝ ΜΟΝΟΥ Ή ΔΙΠΛΟΥ ΘΑΛΑΜΟΥ ΒΗΜΑΤΟΔΟΤΗ-ΑΠΙΝΙΔΩΤΗ ΜΕ ΘΩΡΑΚΟΤΟΜΗ;;;;;
3266;X646447;ΑΦΑΙΡΕΣΗ ΗΛΕΚΤΡΟΔΙΩΝ ΜΟΝΟΥ Ή ΔΙΠΛΟΥ ΘΑΛΑΜΟΥ ΒΗΜΑΤΟΔΟΤΗ-ΑΠΙΝΙΔΩΤΗ ΜΕ ΔΙΑΦΛΕΒΙΑ ΤΕΧΝΙΚΗ;;;;;
3267;X646457;ΕΙΣΑΓΩΓΗ Ή ΕΠΑΝΑΤΟΠΟΘΕΤΗΣΗ ΑΠΑΓΩΓΩΝ ΗΛΕΚΤΡΟΔΙΩΝ ΓΙΑ ΒΗΜΑΤΟΔΟΤΗ-ΑΠΙΝΙΔΩΤΗ ΜΙΑΣ Η ΔΥΟ ΚΟΙΛΟΤΗΤΩΝ ΚΑΙ ΕΙΣΑΓΩΓΗ ΓΕΝΝΗΤΡΙΑΣ ΠΑΛΜΩΝ;;;;;
3268;X646459;ΕΓΧΕΙΡΗΤΙΚΗ ΚΑΤΑΛΥΣΗ ΥΠΕΡΚΟΙΛΙΑΚΗΣ ΑΡΡΥΘΜΙΟΓΟΝΟΥ ΕΣΤΙΑΣ Ή ΟΔΟΥ (Π.Χ., WOLFF-PARKINSON-WHITE, ΣΥΝΔΡΟΜΟ ΕΠΑΝΕΙΣΟΔΟΥ ΚΟΛΠΟΚΟΙΛΙΑΚΟΥ ΚΟΜΒΟΥ), ΔΕΜΑΤΙΟ(Α) ΚΑΙ/Ή ΕΣΤΙΑΣ (ΕΣΤΙΕΣ). ΧΩΡΙΣ ΚΑΡΔΙΟΠΝΕΥΜΟΝΙΚΗ ΠΑΡΑΚΑΜΨΗ;;;;;
3269;X646461;ΕΓΧΕΙΡΗΤΙΚΗ ΚΑΤΑΛΥΣΗ ΥΠΕΡΚΟΙΛΙΑΚΗΣ ΑΡΡΥΘΜΙΟΓΟΝΟΥ ΕΣΤΙΑΣ Ή ΟΔΟΥ (Π.Χ., WOLFF-PARKINSON-WHITE, ΣΥΝΔΡΟΜΟ ΕΠΑΝΕΙΣΟΔΟΥ ΚΟΛΠΟΚΟΙΛΙΑΚΟΥ ΚΟΜΒΟΥ), ΔΕΜΑΤΙΟ(Α) ΚΑΙ/Ή ΕΣΤΙΑ (ΕΣΤΙΕΣ). ΜΕ ΚΑΡΔΙΟΠΝΕΥΜΟΝΙΚΗ ΠΑΡΑΚΑΜΨΗ;;;;;
3270;X646467;ΕΓΧΕΙΡΗΤΙΚΗ ΚΑΤΑΛΥΣΗ ΑΡΡΥΘΜΙΟΓΟΝΟΥ ΕΣΤΙΑΣ (Π.Χ. ΤΡΟΠΟΠΟΙΗΜΕΝΗ ΕΠΕΜΒΑΣΗ ΚΑΤΑ ΜΑΖΕ);;;;;
3271;X646469;ΕΓΧΕΙΡΗΤΙΚΗ ΚΑΤΑΛΥΣΗ ΑΡΡΥΘΜΙΟΓΟΝΟΥ ΕΣΤΙΑΣ ΧΩΡΙΣ ΚΑΡΔΙΟΠΝΕΥΜΟΝΙΚΗ ΠΑΡΑΚΑΜΨΗ;;;;;
3272;X646471;ΕΓΧΕΙΡΗΤΙΚΗ ΚΑΤΑΛΥΣΗ ΑΡΡΥΘΜΙΟΓΟΝΟΥ ΕΣΤΙΑΣ ΜΕ ΚΑΡΔΙΟΠΝΕΥΜΟΝΙΚΗ ΠΑΡΑΚΑΜΨΗ;;;;;
3273;X646473;ΕΓΧΕΙΡΗΤΙΚΗ ΚΑΤΑΛΥΣΗ ΑΡΡΥΘΜΙΟΓΟΝΟΥ ΕΣΤΙΑΣ, ΠΡΑΓΜΑΤΟΠΟΙΟΥΜΕΝΗ ΠΑΡΑΛΛΗΛΑ ΜΕ ΑΛΛΗ(ΕΣ) ΚΑΡΔΙΟΧΕΙΡΟΥΡΓΙΚΗ(-ΕΣ) ΕΠΕΜΒΑΣΗ(ΕΙΣ), ΠΕΡΙΟΡΙΣΜΕΝΗ (Π.Χ. ΤΡΟΠΟΠΟΙΟΗΜΕΝΗ ΕΠΕΜΒΑΣΗ ΚΑΤΑ ΜΑΖΕ) (ΝΑ ΚΑΤΑΓΡΑΦΕΤΑΙ ΞΕΧΩΡΙΣΤΑ ΜΑΖΙ ΜΕ ΤΟΝ ΚΩΔΙΚΟ ΓΙΑ ΤΗ ΒΑΣΙΚΗ ΔΙΑΔΙΚΑΣΙΑ);;;;;
3274;X646475;ΕΓΧΕΙΡΗΤΙΚΗ ΚΑΤΑΛΥΣΗ ΑΡΡΥΘΜΙΟΓΟΝΟΥ ΕΣΤΙΑΣ ΠΡΑΓΜΑΤΟΠΟΙΟΥΜΕΝΗ ΠΑΡΑΛΛΗΛΑ ΜΕ ΑΛΛΗ(ΕΣ) ΚΑΡΔΙΟΧΕΙΡΟΥΡΓΙΚΗ(-ΕΣ) ΕΠΕΜΒΑΣΗ(ΣΕΙΣ), ΕΚΤΕΤΑΜΕΝΗ (Π.Χ. ΕΠΕΜΒΑΣΗ ΚΑΤΑ ΜΑΖΕ), ΧΩΡΙΣ ΚΑΡΔΙΟΠΝΕΜΟΝΙΚΗ ΠΑΡΑΚΑΜΨΗ (ΝΑ ΚΑΤΑΓΡΑΦΕΤΑΙ ΞΕΧΩΡΙΣΤΑ ΜΑΖΙ ΜΕ ΤΟΝ ΚΩΔΙΚΟ ΓΙΑ ΤΗ ΚΥΡΙΑ;;;;;
3275;X646477;ΕΓΧΕΙΡΗΤΙΚΗ ΚΑΤΑΛΥΣΗ ΑΡΡΥΘΜΙΟΓΟΝΟΥ ΕΣΤΙΑΣ ΠΡΑΓΜΑΤΟΠΟΙΟΥΜΕΝΗ ΠΑΡΑΛΛΗΛΑ ΜΕ ΑΛΛΗ(ΕΣ) ΚΑΡΔΙΟΧΕΙΡΟΥΡΓΙΚΗ(-ΕΣ) ΕΠΕΜΒΑΣΗ(ΣΕΙΣ), ΕΚΤΕΤΑΜΕΝΗ (Π.Χ. ΕΠΕΜΒΑΣΗ ΚΑΤΑ ΜΑΖΕ), ΜΕ ΚΑΡΔΙΟΠΝΕΜΟΝΙΚΗ ΠΑΡΑΚΑΜΨΗ (ΝΑ ΚΑΤΑΓΡΑΦΕΤΑΙ ΞΕΧΩΡΙΣΤΑ ΜΑΖΙ ΜΕ ΤΟΝ ΚΩΔΙΚΟ ΓΙΑ ΤΗ ΚΥΡΙΑ ΕΠ;;;;;
3276;X646481;ΕΓΧΕΙΡΗΤΙΚΗ ΚΑΤΑΛΥΣΗ ΚΟΙΛΙΑΚΗΣ ΑΡΡΥΘΜΙΟΓΟΝΟΥ ΕΣΤΙΑΣ ΜΕ ΚΑΡΔΙΟΠΝΕΥΜΟΝΙΚΗ ΠΑΡΑΚΑΜΨΗ;;;;;
3277;X646489;ΕΝΔΟΣΚΟΠΗΣΗ ΚΑΙ ΑΝΑΠΛΑΣΗ  ΚΟΙΛΙΑΣ, ΠΕΡΙΟΡΙΣΜΕΝΗ (Π.Χ. ΤΡΟΠΟΠΟΙΗΜΕΝΗ ΕΠΕΜΒΑΣΗ ΚΑΤΑ ΜΑΖΕ), ΧΩΡΙΣ ΚΑΡΔΙΟΠΝΕΥΜΟΝΙΚΗ ΠΑΡΑΚΑΜΨΗ;;;;;
3278;X646491;ΕΝΔΟΣΚΟΠΗΣΗ, ΧΕΙΡΟΥΡΓΙΚΗ. ΕΓΧΕΙΡΗΤΙΚΗ ΑΦΑΙΡΕΣΗ ΙΣΤΟΥ ΚΑΙ ΑΝΑΠΛΑΣΗ  ΚΟΙΛΙΑΣ, ΕΚΤΕΤΑΜΕΝΗ (Π.Χ. ΕΠΕΜΒΑΣΗ ΚΑΤΑ ΜΑΖΕ), ΧΩΡΙΣ ΚΑΡΔΙΟΠΝΕΥΜΟΝΙΚΗ ΠΑΡΑΚΑΜΨΗ;;;;;
3279;X646523;ΕΜΦΥΤΕΥΣΗ ΚΑΤΑΓΡΑΦΕΑ ΚΑΡΔΙΑΚΩΝ ΕΠΕΙΣΟΔΙΩΝ ΠΟΥ ΕΝΕΡΓΟΠΟΙΕΙΤΑΙ ΑΠΟ ΤΟΝ ΑΣΘΕΝΗ;;;;;
3280;X646527;ΑΦΑΙΡΕΣΗ ΕΜΦΥΤΕΥΣΙΜΟΥ ΚΑΤΑΓΡΑΦΕΑ ΚΑΡΔΙΑΚΩΝ ΕΠΕΙΣΟΔΙΩΝ ΠΟΥ ΕΝΕΡΓΟΠΟΙΕΙΤΑΙ ΑΠΟ ΤΟΝ ΑΣΘΕΝΗ;;;;;
3281;X646559;ΑΠΟΚΑΤΑΣΤΑΣΗ ΚΑΡΔΙΑΚΟΥ ΤΡΑΥΜΑΤΟΣ. ΧΩΡΙΣ ΚΑΡΔΙΟΠΝΕΥΜΟΝΙΚΗ ΠΑΡΑΚΑΜΨΗ;;;;;
3282;X646569;ΑΠΟΚΑΤΑΣΤΑΣΗ ΚΑΡΔΙΑΚΟΥ ΤΡΑΥΜΑΤΟΣ. ΜΕ ΚΑΡΔΙΟΠΝΕΥΜΟΝΙΚΗ ΠΑΡΑΚΑΜΨΗ;;;;;
3283;X646579;ΚΑΡΔΙΟΤΟΜΗ, ΔΙΕΡΕΥΝΗΤΙΚΗ (ΠΕΡΙΛΑΜΒΑΝΕΙ ΑΦΑΙΡΕΣΗ ΞΕΝΟΥ ΣΩΜΑΤΟΣ, ΘΡΟΜΒΟΥ ΚΟΛΠΟΥ Ή ΚΟΙΛΙΑΣ). ΧΩΡΙΣ ΠΑΡΑΚΑΜΨΗ;;;;;
3284;X646589;ΚΑΡΔΙΟΤΟΜΗ, ΔΙΕΡΕΥΝΗΤΙΚΗ (ΠΕΡΙΛΑΜΒΑΝΕΙ ΑΦΑΙΡΕΣΗ ΞΕΝΟΥ ΣΩΜΑΤΟΣ, ΘΡΟΜΒΟΥ ΚΟΛΠΟΥ Ή ΚΟΙΛΙΑΣ). ΜΕ ΚΑΡΔΙΟΠΝΕΥΜΟΝΙΚΗ ΠΑΡΑΚΑΜΨΗ;;;;;
3285;X646599;ΑΠΟΚΑΤΑΣΤΑΣΗ ΤΡΑΥΜΑΤΟΣ ΜΕ ΣΥΡΡΑΦΗ ΤΗΣ ΑΟΡΤΗΣ Ή ΤΩΝ ΜΕΓΑΛΩΝ ΑΓΓΕΙΩΝ. ΧΩΡΙΣ  ΚΑΡΔΙΟΠΝΕΥΜΟΝΙΚΗ Ή ΑΛΛΗ ΠΑΡΑΚΑΜΨΗ;;;;;
3286;X646601;ΑΠΟΚΑΤΑΣΤΑΣΗ ΤΡΑΥΜΑΤΟΣ ΜΕ ΣΥΡΡΑΦΗ ΤΗΣ ΑΟΡΤΗΣ Ή ΤΩΝ ΜΕΓΑΛΩΝ ΑΓΓΕΙΩΝ. ΜΕ ΑΓΓΕΙΑΚΗ  ΠΑΡΑΚΑΜΨΗ (STENT);;;;;
3287;X646603;ΑΠΟΚΑΤΑΣΤΑΣΗ ΤΡΑΥΜΑΤΟΣ ΜΕ ΣΥΡΡΑΦΗ ΤΗΣ ΑΟΡΤΗΣ Ή ΤΩΝ ΜΕΓΑΛΩΝ ΑΓΓΕΙΩΝ. ΜΕ ΚΑΡΔΙΟΠΝΕΥΜΟΝΙΚΗ ΠΑΡΑΚΑΜΨΗ;;;;;
3288;X646619;ΕΝΔΑΓΓΕΙΑΚΗ ΤΟΠΟΘΕΤΗΣΗ ΜΟΣΧΕΥΜΑΤΟΣ, ΑΟΡΤΗ Ή ΜΕΓΑΛΑ ΑΓΓΕΙΑ. ΧΩΡΙΣ  ΚΑΡΔΙΟΠΝΕΥΜΟΝΙΚΗ Ή ΑΛΛΗ ΠΑΡΑΚΑΜΨΗ;;;;;
3289;X646623;ΤΟΠΟΘΕΤΗΣΗ ΜΟΣΧΕΥΜΑΤΟΣ, ΑΟΡΤΗ Ή ΜΕΓΑΛΑ ΑΓΓΕΙΑ. ΜΕ ΠΑΡΑΚΑΜΨΗ;;;;;
3290;X646629;ΤΟΠΟΘΕΤΗΣΗ ΜΟΣΧΕΥΜΑΤΟΣ, ΑΟΡΤΗ Ή ΜΕΓΑΛΑ ΑΓΓΕΙΑ. ΜΕ ΚΑΡΔΙΟΠΝΕΥΜΟΝΙΚΗ ΠΑΡΑΚΑΜΨΗ;;;;;
3291;X646759;ΒΑΛΒΙΔΟΠΛΑΣΤΙΚΗ ΑΟΡΤΙΚΗΣ ΒΑΛΒΙΔΑΣ ΑΝΟΙΧΤΗ, ΜΕ ΚΑΡΔΙΟΠΝΕΥΜΟΝΙΚΗ ΠΑΡΑΚΑΜΨΗ;;;;;
3292;X646761;ΒΑΛΒΙΔΟΠΛΑΣΤΙΚΗ ΑΟΡΤΙΚΗΣ ΒΑΛΒΙΔΑΣ ΑΝΟΙΧΤΗ, ΜΕ ΑΠΟΚΛΕΙΣΜΟ ΦΛΕΒΙΚΗΣ ΕΠΙΣΤΡΟΦΗΣ;;;;;
3293;X646765;ΒΑΛΒΙΔΟΠΛΑΣΤΙΚΗ, ΑΟΡΤΙΚΗ ΒΑΛΒΙΔΑ. ΜΕ ΤΗ ΧΡΗΣΗ ΔΙΑΚΟΙΛΙΑΚΗΣ ΔΙΑΣΤΟΛΗΣ ΧΩΡΙΣ ΚΑΡΔΙΟΠΝΕΥΜΟΝΙΚΗ ΠΑΡΑΚΑΜΨΗ;;;;;
3294;X646767;ΤΟΠΟΘΕΤΗΣΗ ΣΩΛΗΝΩΤΟΥ ΜΟΣΧΕΥΜΑΤΟΣ ΜΕΤΑΞΥ ΚΟΡΥΦΗΣ ΑΡ. ΚΟΙΛΙΑΣ  ΚΑΙ ΑΟΡΤΗΣ;;;;;
3295;X646769;ΑΝΤΙΚΑΤΑΣΤΑΣΗ ΑΟΡΤΙΚΗΣ ΒΑΛΒΙΔΑΣ, ΜΕ ΚΑΡΔΙΟΠΝΕΥΜΟΝΙΚΗ ΠΑΡΑΚΑΜΨΗ. ΜΕ ΠΡΟΣΘΕΤΙΚΗ  ΒΑΛΒΙΔΑ ΕΚΤΟΣ ΑΠΟ ΟΜΟΙΟΜΟΣΧΕΥΜΑ Ή ΒΑΛΒΙΔΑ ΧΩΡΙΣ ΣΤΕΝΤ;;;;;
3296;X646771;ΑΝΤΙΚΑΤΑΣΤΑΣΗ ΑΟΡΤΙΚΗΣ ΒΑΛΒΙΔΑΣ ΜΕ ΚΑΡΔΙΟΠΝΕΥΜΟΝΙΚΗ ΠΑΡΑΚΑΜΨΗ. ΜΕ ΑΛΛΟΜΟΣΧΕΥΜΑΤΙΚΗ ΒΑΛΒΙΔΑ (FREEHAND);;;;;
3297;X646779;ΑΝΤΙΚΑΤΑΣΤΑΣΗ ΑΟΡΤΙΚΗΣ ΒΑΛΒΙΔΑΣ, ΜΕ ΚΑΡΔΙΟΠΝΕΥΜΟΝΙΚΗ ΠΑΡΑΚΑΜΨΗ ΜΕ ΒΙΟΛΟΓΙΚΗ ΒΑΛΒΙΔΑ ΧΩΡΙΣ ΣΤΕΝΤ;;;;;
3298;X646781;ΑΝΤΙΚΑΤΑΣΤΑΣΗ ΑΟΡΤΙΚΗΣ ΒΑΛΒΙΔΑΣ ΜΕ ΔΙΕΥΡΥΝΣΗ ΤΟΥ ΑΟΡΤΙΚΟΥ ΔΑΚΤΥΛΙΟΥ;;;;;
3299;X646783;ΑΝΤΙΚΑΤΑΣΤΑΣΗ ΑΟΡΤΙΚΗΣ ΒΑΛΒΙΔΑΣ ΜΕ ΔΙΑΚΟΙΛΙΑΚΗ ΔΙΕΥΡΥΝΣΗ ΤΟΥ ΑΟΡΤΙΚΟΥ ΔΑΚΤΥΛΙΟΥ (ΕΠΕΜΒΑΣΗ KONNO);;;;;
3300;X646785;ΑΝΤΙΚΑΤΑΣΤΑΣΗ ΑΟΡΤΙΚΗΣ ΒΑΛΒΙΔΑΣ ΜΕ ΤΟΠΟΘΕΤΗΣΗ ΤΗΣ ΑΥΤΟΛΟΓΗΣ ΠΝΕΥΜΟΝΙΚΗΣ ΒΑΛΒΙΔΑΣΚΑΙ ΑΛΛΟΜΟΣΧΕΥΜΑΤΙΚΗ ΑΝΤΙΚΑΤΑΣΤΑΣΗ ΤΗΣ ΠΝΕΥΜΟΝΙΚΗΣ ΒΑΛΒΙΔΑΣ (ΕΠΕΜΒΑΣΗ ROSS);;;;;
3301;X646787;ΑΠΟΚΑΤΑΣΤΑΣΗ ΑΠΟΦΡΑΞΗΣ ΧΩΡΟΥ ΕΚΡΟΗΣ ΑΡΙΣΤΕΡΗΣ ΚΟΙΛΙΑΣ ΜΕ ΜΕΓΕΘΥΝΣΗ ΤΟΥ ΧΩΡΟΥ ΕΚΡΟΗΣ ΜΕ ΜΟΣΧΕΥΜΑ (PATCH);;;;;
3302;X646789;ΕΚΤΟΜΗ Ή ΤΟΜΗ ΥΠΟΒΑΛΒΙΔΙΚΟΥ ΙΣΤΟΥ ΓΙΑ ΥΠΟΒΑΛΒΙΔΙΚΗ ΣΤΕΝΩΣΗ ΑΟΡΤΗΣ (DISCREET AORTIC STENOSIS);;;;;
3303;X646791;ΚΟΙΛΙΟΜΥΟΤΟΜΗ (-ΜΥΕΚΤΟΜΗ) ΓΙΑ ΙΔΙΟΠΑΘΗ ΥΠΕΡΤΡΟΦΙΚΗ ΥΠΟΑΟΡΤΙΚΗ ΣΤΕΝΩΣΗ (Π.Χ. ΑΣΥΜΜΕΤΡΗ ΥΠΕΡΤΡΟΦΙΑ ΤΟΥ ΜΕΣΟΚΟΙΛΙΑΚΟΥ ΔΙΑΦΡΑΓΜΑΤΟΣ);;;;;
3304;X646793;ΑΟΡΤΟΠΛΑΣΤΙΚΗ (GUSSET) ΓΙΑ ΥΠΕΡΒΑΛΒΙΔΙΚΗ ΣΤΕΝΩΣΗ;;;;;
3305;X646799;ΚΛΕΙΣΤΗ ΒΑΛΒΙΔΟΤΟΜΗ ΤΗΣ ΜΙΤΡΟΕΙΔΟΥΣ ΒΑΛΒΙΔΑΣ;;;;;
3306;X646803;ΑΝΟΙΚΤΗ ΒΑΛΒΙΔΟΤΟΜΗ ΤΗΣ ΜΙΤΡΟΕΙΔΟΥΣ ΒΑΛΒΙΔΑΣ ΜΕ ΚΑΡΔΙΟΠΝΕΥΜΟΝΙΚΗ ΠΑΡΑΚΑΜΨΗ;;;;;
3307;X646809;ΒΑΛΒΙΔΟΠΛΑΣΤΙΚΗ ΤΗΣ ΜΙΤΡΟΕΙΔΟΥΣ ΒΑΛΒΙΔΑΣ, ΜΕ ΚΑΡΔΙΟΠΝΕΥΜΟΝΙΚΗ ΠΑΡΑΚΑΜΨΗ;;;;;
3308;X646811;ΒΑΛΒΙΔΟΠΛΑΣΤΙΚΗ ΤΗΣ ΜΙΤΡΟΕΙΔΟΥΣ ΒΑΛΒΙΔΑΣ, ΜΕ ΚΑΡΔΙΟΠΝΕΥΜΟΝΙΚΗ ΠΑΡΑΚΑΜΨΗ ΚΑΙ ΧΡΗΣΗ ΠΡΟΣΘΕΤΙΚΟΥ ΔΑΚΤΥΛΙΟΥ;;;;;
3309;X646813;ΒΑΛΒΙΔΟΠΛΑΣΤΙΚΗ ΤΗΣ ΜΙΤΡΟΕΙΔΟΥΣ ΒΑΛΒΙΔΑΣ, ΜΕ ΚΑΡΔΙΟΠΝΕΥΜΟΝΙΚΗ ΠΑΡΑΚΑΜΨΗ. ΡΙΖΙΚΗ ΑΝΑΚΑΣΚΕΥΗ. ΜΕ Ή ΧΩΡΙΣ ΔΑΚΤΥΛΙΟ;;;;;
3310;X646819;ΑΝΤΙΚΑΤΑΣΤΑΣΗ ΤΗΣ ΜΙΤΡΟΕΙΔΟΥΣ ΒΑΛΒΙΔΑΣ, ΜΕ ΚΑΡΔΙΟΠΝΕΥΜΟΝΙΚΗ ΠΑΡΑΚΑΜΨΗ;;;;;
3311;X646879;ΕΚΤΟΜΗ ΤΡΙΓΛΩΧΙΝΑΣ ΒΑΛΒΙΔΑΣ, ΜΕ ΚΑΡΔΙΟΠΝΕΥΜΟΝΙΚΗ ΠΑΡΑΚΑΜΨΗ;;;;;
3312;X646885;ΒΑΛΒΙΔΟΠΛΑΣΤΙΚΗ ΤΡΙΓΛΩΧΙΝΑΣ ΒΑΛΒΙΔΑΣ. ΧΩΡΙΣ ΤΟΠΟΘΕΤΗΣΗ ΔΑΚΤΥΛΙΟΥ;;;;;
3313;X646887;ΒΑΛΒΙΔΟΠΛΑΣΤΙΚΗ ΤΡΙΓΛΩΧΙΝΑΣ ΒΑΛΒΙΔΑΣ  ΜΕ ΤΟΠΟΘΕΤΗΣΗ ΔΑΚΤΥΛΙΟΥ;;;;;
3314;X646889;ΑΝΤΙΚΑΤΑΣΤΑΣΗ ΤΡΙΓΛΩΧΙΝΑΣ ΒΑΛΒΙΔΑΣ, ΜΕ ΚΑΡΔΙΟΠΝΕΥΜΟΝΙΚΗ ΠΑΡΑΚΑΜΨΗ;;;;;
3315;X646895;ΕΠΑΝΑΤΟΠΟΘΕΤΗΣΗ ΤΡΙΓΛΩΧΙΝΗΣ ΒΑΛΒΙΔΑΣ ΚΑΙ ΠΤΥΧΩΣΗ ΓΙΑ ΑΝΩΜΑΛΙΑ EBSTEIN;;;;;
3316;X646899;ΚΛΕΙΣΤΗ ΔΙΑΚΟΙΛΙΑΚΗ ΒΑΛΒΙΔΟΤΟΜΗ, ΠΝΕΥΜΟΝΙΚΗΣ ΒΑΛΒΙΔΑΣ;;;;;
3317;X646901;ΚΛΕΙΣΤΗ ΒΑΛΒΙΔΟΤΟΜΗ ΠΝΕΥΜΟΝΙΚΗΣ ΒΑΛΒΙΔΑΣ ΜΕΣΩ ΠΝΕΥΜΟΝΙΚΗΣ ΑΡΤΗΡΙΑΣ;;;;;
3318;X646903;ΑΝΟΙΚΤΗ ΒΑΛΒΙΔΟΤΟΜΗ ΠΝΕΥΜΟΝΙΚΗΣ ΒΑΛΒΙΔΑΣ ΜΕ ΑΠΟΚΛΕΙΣΜΟ ΦΛΕΒΙΚΗΣ ΕΠΙΣΤΡΟΦΗΣ;;;;;
3319;X646907;ΑΝΟΚΤΗ ΒΑΛΒΙΔΟΤΟΜΗ ΠΝΕΥΜΟΝΙΚΗΣ ΒΑΛΒΙΔΑΣ ΜΕ ΚΑΡΔΙΟΠΝΕΥΜΟΝΙΚΗ ΠΑΡΑΚΑΜΨΗ;;;;;
3320;X646909;ΑΝΟΙΚΤΗ ΑΝΤΙΚΑΤΑΣΤΑΣΗ ΠΝΕΥΜΟΝΙΚΗΣ ΒΑΛΒΙΔΑΣ;;;;;
3321;X646911;ΕΚΤΟΜΗ ΔΕΞΙΑΣ ΚΟΙΛΙΑΣ ΓΙΑ ΣΤΕΝΩΣΗ ΧΟΑΝΗΣ, ΜΕ Ή ΧΩΡΙΣ ΔΙΑΤΟΜΗ ΔΙΑΓΛΩΧΙΝΙΚΩΝ ΣΥΝΔΕΣΜΩΝ;;;;;
3322;X646915;ΔΙΕΥΡΥΝΣΗ ΤΟΥ ΧΩΡΟΥ ΕΚΡΟΗΣ (GUSSET), ΜΕ Ή ΧΩΡΙΣ ΔΙΑΤΟΜΗ  ΔΙΑΓΛΩΧΙΝΙΚΩΝ ΣΥΝΔΕΣΜΩΝ Ή  ΕΚΤΟΜΗ ΤΗΣ ΧΟΑΝΗΣ;;;;;
3323;X646951;ΑΠΟΚΑΤΑΣΤΑΣΗ ΜΗ-ΔΟΜΙΚΗΣ ΔΥΣΛΕΙΤΟΥΡΓΙΑΣ ΠΡΟΣΘΕΤΙΚΗΣ ΒΑΛΒΙΔΑΣ ΜΕ ΚΑΡΔΙΟΠΝΕΥΜΟΝΙΚΗ ΠΑΡΑΚΑΜΨΗ (ΞΕΧΩΡΙΣΤΗ ΔΙΑΔΙΚΑΣΙΑ);;;;;
3324;X646959;ΧΕΙΡΟΥΡΓΙΚΗ ΔΙΟΡΘΩΣΗ ΣΤΕΦΑΝΙΑΙΑΣ ΑΡΤΗΡΙΟΦΛΕΒΙΚΗΣ ΕΠΙΚΟΙΝΩΝΙΑΣ Ή  ΑΡΤΗΡΙΑΣ ΚΑΡΔΙΑΚΗΣ ΚΟΙΛΟΤΗΤΑΣ. ΜΕ ΚΑΡΔΙΟΠΝΕΥΜΟΝΙΚΗ ΠΑΡΑΚΑΜΨΗ;;;;;
3325;X646961;ΧΕΙΡΟΥΡΓΙΚΗ ΔΙΟΡΘΩΣΗ ΣΤΕΦΑΝΙΑΙΑΣ ΑΡΤΗΡΙΟΦΛΕΒΙΚΗΣ ΕΠΙΚΟΙΝΩΝΙΑΣ Ή  ΑΡΤΗΡΙΑΣ ΚΑΡΔΙΑΚΗΣ ΚΟΙΛΟΤΗΤΑΣ.  ΧΩΡΙΣ ΚΑΡΔΙΟΠΝΕΥΜΟΝΙΚΗ ΠΑΡΑΚΑΜΨΗ;;;;;
3326;X646963;ΧΕΙΡΟΥΡΓΙΚΗ ΔΙΟΡΘΩΣΗ  ΣΤΕΦΑΝΙΑΙΑΣ  ΑΡΤΗΡΙΑΣ ΜΕ ΑΝΩΜΑΛΗ ΕΚΦΥΣΗ ΑΠΟ ΤΗΝ ΠΝΕΥΜΟΝΙΚΗ ΑΡΤΗΡΙΑ ΜΕ ΑΠΟΛΙΝΩΣΗ;;;;;
3327;X646965;ΧΕΙΡΟΥΡΓΙΚΗ ΔΙΟΡΘΩΣΗ  ΣΤΕΦΑΝΙΑΙΑΣ  ΑΡΤΗΡΙΑΣ ΜΕ ΑΝΩΜΑΛΗ ΕΚΦΥΣΗ ΑΠΟ ΤΗΝ ΠΝΕΥΜΟΝΙΚΗ ΑΡΤΗΡΙΑ ΜΕ ΜΟΣΧΕΥΜΑ, ΧΩΡΙΣ ΚΑΡΔΙΟΠΝΕΥΜΟΝΙΚΗ ΠΑΡΑΚΑΜΨΗ;;;;;
3328;X646967;ΧΕΙΡΟΥΡΓΙΚΗ ΔΙΟΡΘΩΣΗ  ΣΤΕΦΑΝΙΑΙΑΣ  ΑΡΤΗΡΙΑΣ ΜΕ ΑΝΩΜΑΛΗ ΕΚΦΥΣΗ ΑΠΟ ΤΗΝ ΠΝΕΥΜΟΝΙΚΗ ΑΡΤΗΡΙΑ ΜΕ ΜΟΣΧΕΥΜΑ, ΜΕ ΚΑΡΔΙΟΠΝΕΥΜΟΝΙΚΗ ΠΑΡΑΚΑΜΨΗ;;;;;
3329;X646969;ΧΕΙΡΟΥΡΓΙΚΗ ΔΙΟΡΘΩΣΗ  ΣΤΕΦΑΝΙΑΙΑΣ  ΑΡΤΗΡΙΑΣ ΜΕ ΑΝΩΜΑΛΗ ΕΚΦΥΣΗ ΑΠΟ ΤΗΝ ΠΝΕΥΜΟΝΙΚΗ ΑΡΤΗΡΙΑ ΜΕ ΚΑΤΑΣΚΕΥΗ ΕΝΔΟΠΝΕΥΜΟΝΙΚΗΣ ΑΡΤΗΡΙΑΚΗΣ ΣΗΡΑΓΓΑΣ (ΕΠΕΜΒΑΣΗ Α TAKEUCHI);;;;;
3330;X646971;ΧΕΙΡΟΥΡΓΙΚΗ ΔΙΟΡΘΩΣΗ  ΣΤΕΦΑΝΙΑΙΑΣ  ΑΡΤΗΡΙΑΣ ΜΕ ΑΝΩΜΑΛΗ ΕΚΦΥΣΗ ΑΠΟ ΤΗΝ ΠΝΕΥΜΟΝΙΚΗ ΑΡΤΗΡΙΑ ΜΕ ΕΠΑΝΕΜΦΥΤΕΥΣΗ ΣΤΗΝ ΑΟΡΤΗ;;;;;
3331;X646973;ΧΕΙΡΟΥΡΓΙΚΗ ΔΙΟΡΘΩΣΗ ΑΝΩΜΑΛΗΣ (Π.Χ. ΕΝΔΟΤΟΙΧΩΜΑΤΙΚΗΣ) ΑΟΡΤΙΚΗΣ ΕΚΦΥΣΗΣ ΤΗΣ ΣΤΕΦΑΝΙΑΙΑΣ ΑΡΤΗΡΙΑΣ ΜΕ ΑΠΟΚΑΛΥΨΗ Ή ΜΕΤΑΤΟΠΙΣΗ;;;;;
3332;X646975;ΕΝΔΟΣΚΟΠΗΣΗ, ΧΕΙΡΟΥΡΓΙΚΗ, ΣΥΜΠΕΡΙΛΑΜΒΑΝΟΜΕΝΗΣ ΤΗΣ ΒΙΝΤΕΟ ΥΠΟΒΟΗΘΟΥΜΕΝΗΣ ΛΗΨΗΣ ΦΛΕΒΩΝ ΓΙΑ ΕΠΕΜΒΑΣΗ ΑΟΡΤΟΣΤΕΦΑΝΙΑΙΑΣ ΠΑΡΑΚΑΜΨΗΣ (ΝΑ ΚΑΤΑΓΡΑΦΕΤΑΙ ΞΕΧΩΡΙΣΤΑ ΜΑΖΙ ΜΕ ΤΟΝ ΚΩΔΙΚΟ ΓΙΑ ΤΗ ΒΑΣΙΚΗ ΔΙΑΔΙΚΑΣΙΑ);;;;;
3333;X646979;ΠΑΡΑΚΑΜΨΗ ΣΤΕΦΑΝΙΑΙΑΣ ΑΡΤΗΡΙΑΣ, ΜΟΝΟ ΦΛΕΒΑ, ΕΝΑ ΦΛΕΒΙΚΟ ΜΟΣΧΕΥΜΑ ΣΤΕΦΑΝΙΑΙΑΣ;;;;;
3334;X646981;ΠΑΡΑΚΑΜΨΗ ΣΤΕΦΑΝΙΑΙΑΣ ΑΡΤΗΡΙΑΣ, ΜΟΝΟ ΦΛΕΒΑ. ΔΥΟ ΦΛΕΒΙΚΑ ΜΟΣΧΕΥΜΑΤΑ ΣΤΕΦΑΝΙΑΙΑΣ;;;;;
3335;X646983;ΠΑΡΑΚΑΜΨΗ ΣΤΕΦΑΝΙΑΙΑΣ ΑΡΤΗΡΙΑΣ, ΜΟΝΟ ΦΛΕΒΑ. ΤΡΙΑ ΦΛΕΒΙΚΑ ΜΟΣΧΕΥΜΑΤΑ ΣΤΕΦΑΝΙΑΙΑΣ;;;;;
3336;X646985;ΠΑΡΑΚΑΜΨΗ ΣΤΕΦΑΝΙΑΙΑΣ ΑΡΤΗΡΙΑΣ, ΜΟΝΟ ΦΛΕΒΑ. ΤΕΣΣΕΡΑ ΦΛΕΒΙΚΑ ΜΟΣΧΕΥΜΑΤΑ ΣΤΕΦΑΝΙΑΙΑΣ;;;;;
3337;X646987;ΠΑΡΑΚΑΜΨΗ ΣΤΕΦΑΝΙΑΙΑΣ ΑΡΤΗΡΙΑΣ, ΜΟΝΟ ΦΛΕΒΑ. ΠΕΝΤΕ ΦΛΕΒΙΚΑ ΜΟΣΧΕΥΜΑΤΑ ΣΤΕΦΑΝΙΑΙΑΣ;;;;;
3338;X646991;ΠΑΡΑΚΑΜΨΗ ΣΤΕΦΑΝΙΑΙΑΣ ΑΡΤΗΡΙΑΣ, ΜΟΝΟ ΦΛΕΒΑ. ΕΞΙ Ή ΠΕΡΙΣΣΟΤΕΡΑ ΦΛΕΒΙΚΑ ΜΟΣΧΕΥΜΑΤΑ ΣΤΕΦΑΝΙΑΙΑΣ;;;;;
3339;X646993;ΠΑΡΑΚΑΜΨΗ ΣΤΕΦΑΝΙΑΙΑΣ ΑΡΤΗΡΙΑΣ, ΜΕ ΤΗ ΧΡΗΣΗ ΦΛΕΒΙΚΩΝ ΚΑΙ ΑΡΤΗΡΙΑΚΩΝ ΜΟΣΧΕΥΜΑΤΩΝ ΕΝΑ ΦΛΕΒΙΚΟ ΜΟΣΧΕΥΜΑ (ΝΑ ΚΑΤΑΓΡΑΦΕΤΑΙ ΞΕΧΩΡΙΣΤΑ ΜΑΖΙ ΜΕ ΤΟΝ ΚΩΔΙΚΟ ΓΙΑ ΤΗ ΒΑΣΙΚΗ ΔΙΑΔΙΚΑΣΙΑ);;;;;
3340;X646995;ΠΑΡΑΚΑΜΨΗ ΣΤΕΦΑΝΙΑΙΑΣ ΑΡΤΗΡΙΑΣ, ΜΕ ΤΗ ΧΡΗΣΗ ΦΛΕΒΙΚΩΝ ΚΑΙ ΑΡΤΗΡΙΑΚΩΝ ΜΟΣΧΕΥΜΑΤΩΝ. ΔΥΟ ΦΛΕΒΙΚΑ ΜΟΣΧΕΥΜΑΤΑ (ΝΑ ΚΑΤΑΓΡΑΦΕΤΑΙ ΞΕΧΩΡΙΣΤΑ ΜΑΖΙ ΜΕ ΤΟΝ ΚΩΔΙΚΟ ΓΙΑ ΤΗ ΒΑΣΙΚΗ ΔΙΑΔΙΚΑΣΙΑ);;;;;
3341;X646997;ΠΑΡΑΚΑΜΨΗ ΣΤΕΦΑΝΙΑΙΑΣ ΑΡΤΗΡΙΑΣ, ΜΕ ΤΗ ΧΡΗΣΗ ΦΛΕΒΙΚΩΝ ΚΑΙ ΑΡΤΗΡΙΑΚΩΝ ΜΟΣΧΕΥΜΑΤΩΝ ΤΡΙΑ ΦΛΕΒΙΚΑ ΜΟΣΧΕΥΜΑΤΑ (ΝΑ ΚΑΤΑΓΡΑΦΕΤΑΙ ΞΕΧΩΡΙΣΤΑ ΜΑΖΙ ΜΕ ΤΟΝ ΚΩΔΙΚΟ ΓΙΑ ΤΗ ΒΑΣΙΚΗ ΔΙΑΔΙΚΑΣΙΑ);;;;;
3342;X647001;ΠΑΡΑΚΑΜΨΗ ΣΤΕΦΑΝΙΑΙΑΣ ΑΡΤΗΡΙΑΣ, ΜΕ ΤΗ ΧΡΗΣΗ ΦΛΕΒΙΚΩΝ ΚΑΙ ΑΡΤΗΡΙΑΚΩΝ ΜΟΣΧΕΥΜΑΤΩΝ ΤΕΣΣΕΡΑ ΦΛΕΒΙΚΑ ΜΟΣΧΕΥΜΑΤΑ (ΝΑ ΚΑΤΑΓΡΑΦΕΤΑΙ ΞΕΧΩΡΙΣΤΑ ΜΑΖΙ ΜΕ ΤΟΝ ΚΩΔΙΚΟ ΓΙΑ ΤΗ ΒΑΣΙΚΗ ΔΙΑΔΙΚΑΣΙΑ);;;;;
3343;X647003;ΠΑΡΑΚΑΜΨΗ ΣΤΕΦΑΝΙΑΙΑΣ ΑΡΤΗΡΙΑΣ, ΜΕ ΤΗ ΧΡΗΣΗ ΦΛΕΒΙΚΩΝ ΚΑΙ ΑΡΤΗΡΙΑΚΩΝ ΜΟΣΧΕΥΜΑΤΩΝ ΠΕΝΤΕ ΦΛΕΒΙΚΑ ΜΟΣΧΕΥΜΑΤΑ (ΝΑ ΚΑΤΑΓΡΑΦΕΤΑΙ ΞΕΧΩΡΙΣΤΑ ΜΑΖΙ ΜΕ ΤΟΝ ΚΩΔΙΚΟ ΓΙΑ ΤΗ ΒΑΣΙΚΗ ΔΙΑΔΙΚΑΣΙΑ);;;;;
3344;X647005;ΠΑΡΑΚΑΜΨΗ ΣΤΕΦΑΝΙΑΙΑΣ ΑΡΤΗΡΙΑΣ, ΜΕ ΤΗ ΧΡΗΣΗ ΦΛΕΒΙΚΩΝ ΚΑΙ ΑΡΤΗΡΙΑΚΩΝ ΜΟΣΧΕΥΜΑΤΩΝ. ΕΞΙ Ή ΠΕΡΙΣΣΟΤΕΡΑ ΦΛΕΒΙΚΑ ΜΟΣΧΕΥΜΑΤΑ (ΝΑ ΚΑΤΑΓΡΑΦΕΤΑΙ ΞΕΧΩΡΙΣΤΑ ΜΑΖΙ ΜΕ ΤΟΝ ΚΩΔΙΚΟ ΓΙΑ ΤΗ ΒΑΣΙΚΗ ΕΠΕΜΒΑΣΗ);;;;;
3345;X647019;ΕΠΑΝΕΓΧΕΙΡΙΣΗ, ΕΠΕΜΒΑΣΗ ΠΑΡΑΚΑΜΨΗΣ ΣΤΕΦΑΝΙΑΙΑΣ ΑΡΤΗΡΙΑΣ Ή ΕΠΕΜΒΑΣΗ ΒΑΛΒΙΔΑΣ, ΠΑΝΩ ΑΠΟ ΕΝΑ ΜΗΝΑ ΜΕΤΑ ΑΠΟ ΤΗΝ ΑΡΧΙΚΗ ΧΕΙΡΟΥΡΓΙΚΗ ΕΠΕΜΒΑΣΗ (ΝΑ ΚΑΤΑΓΡΑΦΕΤΑΙ ΞΕΧΩΡΙΣΤΑ ΜΑΖΙ ΜΕ ΤΟΝ  ΚΩΔΙΚΟ ΤΗΣ ΒΑΣΙΚΗΣ ΔΙΑΔΙΚΑΣΙΑΣ);;;;;
3346;X647025;ΠΑΡΑΚΑΜΨΗ ΣΤΕΦΑΝΙΑΙΑΣ ΑΡΤΗΡΙΑΣ, ΜΕ ΤΗ ΧΡΗΣΗ ΑΡΤΗΡΙΑΚΩΝ ΜΟΣΧΕΥΜΑΤΩΝ. ΕΝΑ ΑΡΤΗΡΙΑΚΟ ΜΟΣΧΕΥΜΑ;;;;;
3347;X647027;ΠΑΡΑΚΑΜΨΗ ΣΤΕΦΑΝΙΑΙΑΣ ΑΡΤΗΡΙΑΣ, ΜΕ ΤΗ ΧΡΗΣΗ ΑΡΤΗΡΙΑΚΩΝ ΜΟΣΧΕΥΜΑΤΩΝ. ΔΥΟ ΑΡΤΗΡΙΑΚΑ ΜΟΣΧΕΥΜΑΤΑ;;;;;
3348;X647029;ΠΑΡΑΚΑΜΨΗ ΣΤΕΦΑΝΙΑΙΑΣ ΑΡΤΗΡΙΑΣ, ΜΕ ΤΗ ΧΡΗΣΗ ΑΡΤΗΡΙΑΚΩΝ ΜΟΣΧΕΥΜΑΤΩΝ. ΤΡΙΑ ΑΡΤΗΡΙΑΚΑ ΜΟΣΧΕΥΜΑΤΑ;;;;;
3349;X647031;ΠΑΡΑΚΑΜΨΗ ΣΤΕΦΑΝΙΑΙΑΣ ΑΡΤΗΡΙΑΣ, ΜΕ ΤΗ ΧΡΗΣΗ ΑΡΤΗΡΙΑΚΩΝ ΜΟΣΧΕΥΜΑΤΩΝ. ΤΕΣΣΕΡΑ Ή ΠΕΡΙΣΣΟΤΕΡΑ  ΑΡΤΗΡΙΑΚΑ ΜΟΣΧΕΥΜΑΤΑ;;;;;
3350;X647043;ΕΚΤΟΜΗ ΜΥΟΚΑΡΔΙΟΥ (Π.Χ. ΕΚΤΟΜΗ ΚΟΙΛΙΑΚΟΥ ΑΝΕΥΡΥΣΜΑΤΟΣ);;;;;
3351;X647049;ΑΠΟΚΑΤΑΣΤΑΣΗ ΜΕΤΕΜΦΡΑΚΤΙΚΟΥ ΕΛΛΕΙΜΑΤΟΣ ΜΕΣΟΚΟΙΛΙΑΚΟΥ ΔΙΑΦΡΑΓΜΑΤΙΚΟΥ, ΜΕ Ή ΧΩΡΙΣ ΕΚΤΟΜΗ ΜΥΟΚΑΡΔΙΟΥ;;;;;
3352;X647055;ΧΕΙΡΟΥΡΓΙΚΗ ΕΠΕΜΒΑΣΗ ΑΝΑΔΙΑΜΟΡΦΩΣΗΣ ΤΗΣ ΚΟΙΛΙΑΣ ΣΥΜΠΕΡΙΛΑΜΒΑΝΟΜΕΝΟΥ ΠΡΟΣΘΕΤΙΚΟΥ ῾ΜΠΑΛΩΜΑΤΟΣ῾ ΟΤΑΝ ΕΦΑΡΜΟΖΕΤΑΙ (Π.Χ. ΑΝΑΔΙΑΜΟΡΦΩΣΗ ΚΟΙΛΙΑΣ, ΕΠΕΜΒΑΣΕΙΣ SVR, SAVER, DOR);;;;;
3353;X647103;ΣΤΕΦΑΝΙΑΙΑ ΕΝΔΑΡΤΗΡΙΕΚΤΟΜΗ, ΑΝΟΙΧΤΗ, ΚΑΘΕ ΜΕΘΟΔΟΣ, ΑΡΙΣΤΕΡΟΥ ΠΡΟΣΘΙΟΥ ΚΑΤΙΟΝΤΑ ΠΕΡΙΣΠΩΜΕΝΗΣ ΑΡΤΗΡΙΑΣ Ή ΔΕΞΙΑΣ ΣΤΕΦΑΝΙΑΙΑΣ ΑΡΤΗΡΙΑΣ, ΣΕ ΣΥΝΔΥΑΣΜΟ ΜΕ ΤΗ ΤΟΠΟΘΕΤΗΣΗ ΜΟΣΧΕΥΜΑΤΟΣ ΠΑΡΑΚΑΜΨΗΣ ΣΤΕΦΑΝΙΑΙΑΣ ΑΡΤΗΡΙΑΣ, ΚΑΘΕ ΑΓΓΕΙΟ (ΝΑ ΚΑΤΑΓΡΑΦΕΤΑΙ ΞΕΧΩΡΙΣΤΑ ΜΑΖΙ ΜΕ ΤΗ ΒΑΣΙΚΗ ΔΙΑΔΙΚΑΣΙΑ);;;;;
3354;X647159;"ΣΥΓΚΛΕΙΣΗ ΚΟΛΠΟΚΟΙΛΙΑΚΗΣ ΒΑΛΒΙΔΑΣ (ΜΙΤΡΟΕΙΔΟΥΣ Ή ΤΡΙΓΛΩΧΙΝΑΣ) ΜΕ ΣΥΡΡΑΦΗ Ή ""ΜΠΑΛΩΜΑ""";;;;;
3355;X647163;"ΣΥΓΚΛΕΙΣΗ ΜΗΝΟΕΙΔΟΥΣ ΒΑΛΒΙΔΑΣ (ΑΟΡΤΙΚΗΣ Ή ΠΝΕΥΜΟΝΙΚΗΣ) ΜΕ ΣΥΡΡΑΦΗ Ή ""ΜΠΑΛΩΜΑ""";;;;;
3356;X647171;ΑΝΑΣΤΟΜΩΣΗ ΠΝΕΥΜΟΝΙΚΗΣ ΑΡΤΗΡΙΑΣ ΣΤΗΝ ΑΟΡΤΗ (ΔΙΑΔΙΚΑΣΙΑ DAMUS-KAYE-STANSEL);;;;;
3357;X647175;ΧΕΙΡΟΥΡΓΙΚΗ ΔΙΟΡΘΩΣΗ ΣΥΝΘΕΤΗΣ ΚΑΡΔΙΑΚΗΣ ΑΝΩΜΑΛΙΑΣ ΕΚΤΟΣ ΑΠΟ ΤΗΝ ΠΝΕΥΜΟΝΙΚΗ ΑΤΡΗΣΙΑ ΜΕ ΜΕΣΟΚΟΙΛΙΑΚΗ ΕΠΙΚΟΙΝΩΝΙΑ ΜΕ ΚΑΤΑΣΚΕΥΗ Ή ΑΝΤΙΚΑΤΑΣΤΑΣΗ ΣΩΛΗΝΩΤΟΥ ΜΟΣΧΕΥΜΑΤΟΣ ΑΠΟ ΤΗ ΔΕΞΙΑ Ή ΑΡΙΣΤΕΡΗ ΚΟΙΛΙΑ ΣΤΗΝ ΠΝΕΥΜΟΝΙΚΗ ΑΡΤΗΡΙΑ;;;;;
3358;X647179;ΧΕΙΡΟΥΡΓΙΚΗ ΔΙΟΡΘΩΣΗ ΣΥΝΘΕΤΩΝ ΚΑΡΔΙΑΚΩΝ ΑΝΩΜΑΛΙΩΝ (Π.Χ. ΜΟΝΗ ΚΟΙΛΙΑ ΜΕ ΥΠΟΑΟΡΤΙΚΗ ΑΠΟΦΡΑΞΗ) ΜΕ ΧΕΙΡΟΥΡΓΙΚΗ ΔΙΕΥΡΥΝΣΗ ΤΟΥ ΜΕΣΟΚΟΙΛΙΑΚΟΥ ΕΛΛΕΙΜΑΤΟΣ;;;;;
3359;X647181;ΑΠΟΚΑΤΑΣΤΑΣΗ ΔΙΠΛΗΣ ΕΞΟΔΟΥ ΔΕΞΙΑΣ ΚΟΙΛΙΑΣ ΜΕ ΧΕΙΡΟΥΡΓΙΚΗ ΑΠΟΚΑΤΑΣΤΑΣΗ ΜΕΣΟΚΟΙΛΙΑΚΗΣ  ΣΗΡΑΓΓΑΣ.;;;;;
3360;X647183;ΧΕΙΡΟΥΡΓΙΚΗ ΔΙΟΡΘΩΣΗ ΔΙΠΛΗΣ ΕΞΟΔΟΥ ΔΕΞΙΑΣ ΚΟΙΛΙΑΣ ΜΕ ΑΠΟΚΑΤΑΣΤΑΣΗ ΕΝΔΟΚΟΙΛΙΑΚΗΣ ΣΗΡΑΓΓΑΣ,  ΜΕ ΑΠΟΚΑΤΑΣΤΑΣΗ ΤΗΣ ΑΠΟΦΡΑΞΗΣ ΤΟΥ ΧΩΡΟΥ ΕΚΡΟΗΣ ΤΗΣ ΔΕΞΙΑΣ ΚΟΙΛΙΑΣ;;;;;
3361;X647189;ΧΕΙΡΟΥΡΓΙΚΗ ΔΙΟΡΘΩΣΗ ΣΥΝΘΕΤΩΝ ΚΑΡΔΙΑΚΩΝ ΑΝΩΜΑΛΙΩΝ (Π.Χ. ΑΤΡΗΣΙΑ ΤΡΙΓΛΩΧΙΝΟΣ) ΜΕ ΣΥΓΚΛΕΙΣΗ ΜΕΣΟΚΟΛΠΙΚΗΣ ΕΠΙΚΟΙΝΩΝΙΑΣ ΚΑΙ ΑΝΑΣΤΟΜΩΣΗ ΤΟΥ ΚΟΛΠΟΥ Ή ΤΗΣ ΚΟΙΛΗΣ ΦΛΕΒΑΣ ΣΤΗΝ ΠΝΕΥΜΟΝΙΚΗ ΑΡΤΗΡΙΑ (ΑΠΛΗ ΕΠΕΜΒΑΣΗ FONTAN);;;;;
3362;X647193;ΧΕΙΡΟΥΡΓΙΚΗ ΑΝΤΙΜΕΤΩΠΙΣΗ ΣΥΝΘΕΤΩΝ ΚΑΡΔΙΑΚΩΝ ΑΝΩΜΑΛΙΩΝ (Π.Χ. ΜΟΝΗΡΗΣ ΚΟΙΛΙΑ) ΜΕ ΤΡΟΠΟΠΟΙΗΜΕΝΗ ΕΠΕΜΒΑΣΗ FONTAN;;;;;
3363;X647197;ΧΕΙΡΟΥΡΓΙΚΗ ΑΝΤΙΜΕΤΩΠΙΣΗ ΜΟΝΗΡΟΥΣ ΚΟΙΛΙΑΣ ΜΕ ΑΠΟΦΡΑΞΗ ΑΟΡΤΙΚΗΣ ΕΚΡΟΗΣ ΚΑΙ ΥΠΟΠΛΑΣΙΑΣ ΑΟΡΤΙΚΟΥ ΤΟΞΟΥ (ΣΥΝΔΡΟΜΟ ΥΠΟΠΛΑΣΤΙΚΗΣ ΑΡΙΣΤΕΡΗΣ ΚΟΙΛΙΑΣ) (Π.Χ. ΕΠΕΜΒΑΣΗ NORWOOD);;;;;
3364;X647241;"ΧΕΙΡΟΥΡΓΙΚΗ ΣΥΓΚΛΕΙΣΗ ΔΕΥΤΕΡΟΓΕΝΟΥΣ ΜΕΣΟΚΟΛΠΙΚΗΣ ΕΠΙΚΟΙΝΩΝΙΑΣ, ΜΕ ΚΑΡΔΙΟΠΝΕΥΜΟΝΙΚΗ ΠΑΡΑΚΑΜΨΗ, ΜΕ Ή ΧΩΡΙΣ ""ΜΠΑΛΩΜΑ"".";;;;;
3365;X647249;"ΑΜΕΣΗ ΣΥΓΚΛΕΙΣΗ Ή ΣΥΓΚΛΕΙΣΗ ΜΕ ""ΜΠΑΛΩΜΑ"" ΦΛΕΒΩΔΟΥΣ ΚΟΛΠΟΥ, ΜΕ Ή ΧΩΡΙΣ ΑΝΩΜΑΛΗ ΕΠΙΣΤΡΟΦΗ ΠΝΕΥΜΟΝΙΚΩΝ ΦΛΕΒΩΝ";;;;;
3366;X647253;"ΧΕΙΡΟΥΡΓΙΚΗ ΔΙΟΡΘΩΣΗ ΜΕΣΟΚΟΛΠΙΚΗΣ Ή ΜΕΣΟΚΟΙΛΙΑΚΗΣ ΕΠΙΚΟΙΝΩΝΙΑΣ ΜΕ ΑΜΕΣΗ ΣΥΓΚΛΕΙΣΗ Ή ΜΕ ""ΜΠΑΛΩΜΑ"".";;;;;
3367;X647279;ΧΕΙΡΟΥΡΓΙΚΗ ΑΠΟΚΑΤΑΣΤΑΣΗ ΑΤΕΛΟΥΣ Ή ΜΕΡΙΚΟΥ ΚΟΛΠΟΚΟΙΛΙΑΚΟΥ ΚΑΝΑΛΙΟΥ (ΠΡΩΤΟΓΕΝΕΣ ΜΕΣΟΚΟΛΠΙΚΟ ΕΛΛΕΙΜΑ)  ΜΕ Ή ΧΩΡΙΣ ΑΠΟΚΑΤΑΣΤΑΣΗ ΚΟΛΠΟΚΟΙΛΙΑΚΗΣ ΒΑΛΒΙΔΑΣ;;;;;
3368;X647289;ΧΕΙΡΟΥΡΓΙΚΗ ΑΠΟΚΑΤΑΣΤΑΣΗ ΜΕΡΙΚΟΥ Ή ΠΑΡΟΔΙΚΟΥ ΚΟΛΠΟΚΟΙΛΙΑΚΟΥ ΚΑΝΑΛΙΟΥ ΜΕ Ή  ΧΩΡΙΣ ΑΠΟΚΑΤΑΣΤΑΣΗ ΚΟΛΠΟΚΟΙΛΙΑΚΗΣ ΒΑΛΒΙΔΑΣ;;;;;
3369;X647299;ΧΕΙΡΟΥΡΓΙΚΗ ΑΠΟΚΑΤΑΣΤΑΣΗ ΠΛΗΡΟΥΣ ΚΟΛΠΟΚΟΙΛΙΑΚΟΥ ΚΑΝΑΛΙΟΥ, ΜΕ Ή ΧΩΡΙΣ ΠΡΟΣΘΕΤΙΚΗ ΒΑΛΒΙΔΑ;;;;;
3370;X647309;ΧΕΙΡΟΥΡΓΙΚΗ ΣΥΓΚΛΕΙΣΗ ΠΟΛΛΑΠΛΩΝ ΜΕΣΟΚΟΙΛΑΙΚΩΝ  ΕΠΙΚΟΙΝΩΝΙΩΝ;;;;;
3371;X647311;ΧΕΙΡΟΥΡΓΙΚΗ ΣΥΓΚΛΕΙΣΗ ΠΟΛΛΑΠΛΩΝ ΜΕΣΟΚΟΙΛΙΑΚΩΝ ΕΠΙΚΟΙΝΩΝΙΩΝ. ΜΕ ΠΝΕΥΜΟΝΙΚΗ ΒΑΛΒΙΔΟΤΟΜΗ  Ή ΕΚΤΟΜΗ ΧΟΑΝΗΣ ΤΗΣ ΔΕΞΙΑΣ ΚΟΙΛΙΑΣ (ΜΗ ΚΥΑΝΩΤΙΚΗ);;;;;
3372;X647313;ΧΕΙΡΟΥΡΓΙΚΗ ΣΥΓΚΛΕΙΣΗ ΠΟΛΛΑΠΛΩΝ ΜΕΣΟΚΟΙΛΙΑΚΩΝ ΕΠΙΚΟΙΝΩΝΙΩΝ  ΜΕ ΑΦΑΙΡΕΣΗ ΣΥΣΦΙΞΗΣ ΠΝΕΥΜΟΝΙΚΗΣ ΑΡΤΗΡΙΑΣ, ΜΕ Ή ΧΩΡΙΣ ΕΠΙΔΕΣΗ GUSSET;;;;;
3373;X647321;"ΧΕΙΡΟΥΡΓΙΚΗ ΣΥΓΚΛΕΙΣΗ ΜΟΝΗΡΟΥΣ ΜΕΣΟΚΟΙΛΙΑΚΗΣ ΕΠΙΚΟΙΝΩΝΙΑΣ, ΜΕ Ή ΧΩΡΙΣ ""ΜΠΑΛΩΜΑ"".";;;;;
3374;X647327;"ΧΕΙΡΟΥΡΓΙΚΗ ΣΥΓΚΛΕΙΣΗ ΜΟΝΗΡΟΥΣ ΜΕΣΟΚΟΙΛΙΑΚΗΣ ΕΠΙΚΟΙΝΩΝΙΑΣ, ΜΕ Ή ΧΩΡΙΣ ""ΜΠΑΛΩΜΑ"". ΜΕ ΠΝΕΥΜΟΝΙΚΗ ΒΑΛΒΙΔΟΤΟΜΗ Ή ΕΚΤΟΜΗ ΧΟΑΝΗΣ ΤΗΣ ΔΕΞΙΑΣ ΚΟΙΛΙΑΣ(ΜΗ ΚΥΑΝΩΤΙΚΗ)";;;;;
3375;X647335;"ΧΕΙΡΟΥΡΓΙΚΗ ΣΥΓΚΛΕΙΣΗ ΜΟΝΗΡΟΥΣ ΜΕΣΟΚΟΙΛΙΑΚΗΣ ΕΠΙΚΟΙΝΩΝΙΑΣ, ΜΕ Ή ΧΩΡΙΣ ""ΜΠΑΛΩΜΑ"". ΜΕ ΑΦΑΙΡΕΣΗ ΤΗΣ ΣΥΣΦΙΞΗΣ ΤΗΣ ΠΝΕΥΜΟΝΙΚΗΣ ΑΡΗΡΙΑΣ, ΜΕ Ή ΧΩΡΙΣ ΕΠΙΔΕΣΗ GUSSET";;;;;
3376;X647339;ΠΕΡΙΟΡΙΣΜΕΝΗ ΣΥΣΦΙΞΗ (BANDING) ΤΗΣ ΠΝΕΥΜΟΝΙΚΗΣ ΑΡΤΗΡΙΑΣ;;;;;
3377;X647343;ΠΛΗΡΗΣ ΔΙΟΡΘΩΣΗ ΤΕΤΡΑΛΟΓΙΑΣ FALLOT ΧΩΡΙΣ ΠΝΕΥΜΟΝΙΚΗ ΑΤΡΗΣΙΑ.;;;;;
3378;X647347;ΠΛΗΡΗΣ ΔΙΟΡΘΩΣΗ ΤΕΤΡΑΛΟΓΙΑΣ FALLOT ΜΕ ΠΝΕΥΜΟΝΙΚΗ ΑΤΡΗΣΙΑ, ΠΕΡΙΛΑΜΒΑΝΕΙ ΤΟΠΠΟΘΕΤΗΣΗ ΣΩΛΗΝΩΤΟΥ ΜΟΣΧΕΥΜΑΤΟΣ ΜΕΤΑΞΥ ΔΕΞΙΑΣ ΚΟΙΛΙΑΣ ΚΑΙ ΠΝΕΥΜΟΝΙΚΗΣ ΑΡΤΗΡΙΑΣ ΚΑΙ ΣΥΓΚΛΕΙΣΗ ΜΕΣΟΚΟΙΛΙΑΚΗΣ ΕΠΙΚΟΙΝΩΝΙΑΣ;;;;;
3379;X647353;ΠΛΗΡΗΣ ΔΙΟΡΘΩΣΗ ΤΕΤΡΑΛΟΓΙΑΣ  FALLOT ΜΕ ΠΝΕΥΜΟΝΙΚΗ ΑΤΡΗΣΙΑ, ΠΕΡΙΛΑΜΒΑΝΕΙ ΤΟΠΟΘΕΤΗΣΗ ΣΩΛΗΝΩΤΟΥ ΜΟΣΧΕΥΜΑΤΟΣ ΜΕΤΑΞΥ ΔΕΞΙΑΣ ΚΟΙΛΙΑΣ ΚΑΙ ΠΝΕΥΜΟΝΙΚΗΣ ΑΡΤΗΡΙΑΣ ΣΥΓΚΛΕΙΣΗ  ΜΕΣΟΚΟΙΛΙΑΚΗΣ ΕΠΙΚΟΙΝΩΝΙΑΣ;;;;;
3380;X647363;ΧΕΙΡΟΥΡΓΙΚΗ ΔΙΟΡΘΩΣΗ ΣΥΡΙΓΓΙΟΥ ΤΟΥ ΚΟΛΠΟΥ ΤΟΥ VALSALVA, ΜΕ ΚΑΡΔΙΟΠΝΕΥΜΟΝΙΚΗ ΠΑΡΑΚΑΜΨΗ.;;;;;
3381;X647379;ΧΕΙΡΟΥΡΓΙΚΗ ΔΙΟΡΘΩΣΗ ΣΥΡΙΓΓΙΟΥ ΤΟΥ ΚΟΛΠΟΥ ΤΟΥ VALSALVA, ΜΕ ΚΑΡΔΙΟΠΝΕΥΜΟΝΙΚΗ ΠΑΡΑΚΑΜΨΗ. ΜΕ ΣΥΓΚΛΕΙΣΗ ΜΕΣΟΚΟΙΛΙΑΚΗΣ  ΕΠΙΚΟΙΝΩΝΙΑΣ;;;;;
3382;X647399;ΧΕΙΡΟΥΡΓΙΚΗ ΔΙΟΡΘΩΣΗ ΣΥΡΙΓΓΙΟΥ ΤΟΥ ΚΟΛΠΟΥ ΤΟΥ VALSALVA, ΜΕ ΚΑΡΔΙΟΠΝΕΥΜΟΝΙΚΗ ΠΑΡΑΚΑΜΨΗ.;;;;;
3383;X647403;ΣΥΓΚΛΕΙΣΗ ΣΩΛΗΝΩΤΟΥ ΜΟΣΧΕΥΜΑΤΟΣ ΜΕΤΑΞΥ ΑΟΡΤΗΣ ΚΑΙ ΑΡΙΣΤΕΡΗΣ ΚΟΙΛΙΑΣ;;;;;
3384;X647407;ΧΕΙΡΟΥΡΓΙΚΗ ΔΙΟΡΘΩΣΗ ΜΕΜΟΝΩΜΕΝΗΣ ΜΕΡΙΚΗΣ ΑΝΩΜΑΛΗΣ ΕΚΒΟΛΗΣ ΠΝΕΥΜΟΝΙΚΩΝ ΦΛΕΒΩΝ (Π.Χ. ΣΥΝΔΡΟΜΟ ΓΙΑΤΑΓΑΝΙ);;;;;
3385;X647411;ΧΕΙΡΟΥΡΓΙΚΗ ΔΙΟΡΘΩΣΗ ΣΤΕΝΩΣΗΣ ΠΝΕΥΜΟΝΙΚΗΣ ΦΛΕΒΑΣ;;;;;
3386;X647419;ΠΛΗΡΗΣ ΧΕΙΡΟΥΡΓΙΚΗ ΔΙΟΡΘΩΣΗ ΑΝΩΜΑΛΗΣ ΕΚΒΟΛΗΣ ΠΝΕΥΜΟΝΙΚΩΝ ΦΛΕΒΩΝ (ΥΠΕΡΚΑΡΔΙΑΚΟΣ, ΕΝΔΟΚΑΡΔΙΑΚΟΣ Ή ΥΠΟΚΑΡΔΙΑΚΟΣ ΤΥΠΟΣ);;;;;
3387;X647423;ΧΕΙΡΟΥΡΓΙΚΗ ΔΙΟΡΘΩΣΗ  ΤΡΙΚΟΛΠΗΣ ΚΑΡΔΙΑΣ Ή ΥΠΕΡΒΑΛΒΙΔΙΚΟΥ ΔΑΚΤΥΛΙΟΥ ΤΗΣ ΜΙΤΡΟΕΙΔΟΥΣ ΒΑΛΒΙΔΟΣ ΜΕ ΕΚΤΟΜΗ ΤΗΣ ΜΕΜΒΡΑΝΗΣ ΣΤΟΝ ΑΡΙΣΤΕΡΟ ΚΟΛΠΟ;;;;;
3388;X647429;ΕΚΤΟΜΗ Ή ΔΙΑΝΟΙΞΗ ΤΟΥ ΜΕΣΟΚΟΛΠΙΚΟΥ ΔΙΑΦΡΑΓΜΑΤΟΣ. ΚΛΕΙΣΤΗ ΚΑΡΔΙΑ (ΕΓΧΕΙΡΗΣΗ ΤΥΠΟΥ BLALOCK-HANLON);;;;;
3389;X647431;ΕΚΤΟΜΗ Ή ΔΙΑΝΟΙΞΗ ΤΟΥ ΜΕΣ ΚΟΛΠΙΚΟΥ ΔΙΑΦΡΑΓΜΑΤΟΣ. ΑΝΟΙΧΤΗ ΚΑΡΔΙΑ ΜΕ ΚΑΡΔΙΟΠΝΕΥΜΟΝΙΚΗ ΠΑΡΑΚΑΜΨΗ;;;;;
3390;X647433;ΕΚΤΟΜΗ Ή ΔΙΑΝΟΙΞΗ ΤΟΥ ΜΕΣΟΚΟΛΠΙΚΟΥ ΔΙΑΦΡΑΓΜΑΤΟΣ. ΑΝΟΙΧΤΗ ΚΑΡΔΙΑ ΜΕ ΑΠΟΚΛΕΙΣΜΟ ΦΛΕΒΙΚΗΣ ΕΠΙΣΤΡΟΦΗΣ;;;;;
3391;X647459;ΤΟΠΟΘΕΤΗΣΗ ΠΑΡΑΚΑΜΨΗΣ (SHUNT)  ΜΕΤΑΞΥ ΥΠΟΚΛΕΙΔΙΑΣ ΚΑΙ ΠΝΕΥΜΟΝΙΚΗΣ ΑΡΤΗΡΙΑΣ (ΕΓΧΕΙΡΗΣΗ ΤΥΠΟΥ BLALOCK-TAUSSIG);;;;;
3392;X647469;ΤΟΠΟΘΕΤΗΣΗ ΠΑΡΑΚΑΜΨΗΣ( SHUNT)  ΜΕΤΑΞΥ ΑΝΙΟΥΣΗΣ ΑΟΡΤΗΣ ΚΑΙ  ΠΝΕΥΜΟΝΙΚΗΣ ΑΡΤΗΡΙΑΣ (ΕΓΧΕΙΡΗΣΗ ΤΥΠΟΥ WATERSTON);;;;;
3393;X647483;ΤΟΠΟΘΕΤΗΣΗ ΠΑΡΑΚΑΜΨΗΣ (SHUNT) ΜΕΤΑΞΥ ΚΑΤΙΟΥΣΗΣ ΑΟΡΤΗΣ ΚΑΙ  ΠΝΕΥΜΟΝΙΚΗΣ ΑΡΤΗΡΙΑΣ (ΕΓΧΕΙΡΗΣΗ ΤΥΠΟΥ POTTS-SMITH);;;;;
3394;X647487;ΤΟΠΟΘΕΤΗΣΗ ΚΕΝΤΡΙΚΗΣ ΠΑΡΑΚΑΜΨΗΣ (SHUNT)  ΜΕ ΠΡΟΣΘΕΤΙΚΟ ΜΟΣΧΕΥΜΑ;;;;;
3395;X647491;ΤΟΠΟΘΕΤΗΣΗ ΠΑΡΑΚΑΜΨΗΣ (SHUNT)  ΜΕΤΑΞΥ ΑΝΩ ΚΟΙΛΗΣ ΦΛΕΒΑΣ ΚΑΙ ΠΝΕΥΜΟΝΙΚΗΣ ΑΡΤΗΡΙΑΣ ΓΙΑ ΑΙΜΑΤΩΣΗ ΤΟΥ ΕΝΟΣ ΠΝΕΥΜΟΝΑ (ΚΛΑΣΙΚΗ ΕΠΕΜΒΑΣΗ GLENN);;;;;
3396;X647493;ΤΟΠΟΘΕΤΗΣΗ ΠΑΡΑΚΑΜΨΗΣ (SHUNT) ΜΕΤΑΞΥ ΑΝΩ ΚΟΙΛΗΣ ΦΛΕΒΑΣ ΚΑΙ ΠΝΕΥΜΟΝΙΚΗΣ ΑΡΤΗΡΙΑΣ  ΓΙΑ ΑΙΜΑΤΩΣΗ ΚΑΙ ΣΤΟΥΣ ΔΥΟ ΠΝΕΥΜΟΝΕΣ (ΑΜΦΟΔΡΟΜΗ ΕΠΕΜΒΑΣΗ GLENN);;;;;
3397;X647495;ΑΝΑΣΤΟΜΩΣΗ ΚΟΙΛΗΣ ΦΛΕΒΑΣ-ΠΝΕΥΜΟΝΙΚΗΣ ΑΡΤΗΡΙΑΣ  ΜΕ ΤΗ ΔΕΥΤΕΡΗ ΑΝΩ ΠΝΕΥΜΟΝΙΚΗ ΦΛΕΒΑ (ΝΑ ΚΑΤΑΓΡΑΦΕΤΑΙ ΞΕΧΩΡΙΣΤΑ ΜΑΖΙ ΜΕ ΤΗ ΒΑΣΙΚΗ ΔΙΑΔΙΚΑΣΙΑ);;;;;
3398;X647499;ΧΕΙΡΟΥΡΓΙΚΗ ΔΙΟΡΘΩΣΗ ΜΕΤΑΘΕΣΗΣ ΤΩΝ ΜΕΓΑΛΩΝ ΑΡΤΗΡΙΩΝ ΜΕ ΜΕΣΟΚΟΙΛΙΑΚΗ ΕΠΙΚΟΙΝΩΝΙΑ  ΚΑΙ ΥΠΟΒΑΛΒΙΔΙΚΗ ΣΤΕΝΩΣΗ ΤΗΣ ΠΝΕΥΜΟΝΙΚΗΣ ΒΑΛΒΙΔΑΣ. ΧΩΡΙΣ ΧΕΙΡΟΥΡΓΙΚΗ  ΔΙΕΥΡΥΝΣΗ ΤΗΣ ΜΕΣΟΚΟΙΛΙΑΚΗΣ ΕΠΙΚΟΙΝΩΝΙΑΣ;;;;;
3399;X647501;ΧΕΙΡΟΥΡΓΙΚΗ ΔΙΟΡΘΩΣΗ ΜΕΤΑΘΕΣΗΣ ΤΩΝ ΜΕΓΑΛΩΝ ΑΡΤΗΡΙΩΝ ΜΕ  ΜΕΣΟΚΟΙΛΙΑΚΗ ΕΠΙΚΟΙΝΩΝΙΑ  ΚΑΙ ΥΠΟΒΑΛΒΙΔΙΚΗ ΣΤΕΝΩΣΗ ΤΗΣ ΠΝΕΥΜΟΝΙΚΗΣ ΑΡΤΗΡΙΑΣ. ΜΕ ΧΕΙΡΟΥΡΓΙΚΗ ΔΙΕΥΡΥΝΣΗΣ ΤΗΣ ΜΕΣΟΚΟΙΛΙΑΚΗΣ ΕΠΙΚΟΙΝΩΝΙΑΣ;;;;;
3400;X647507;ΧΕΙΡΟΥΡΓΙΚΗ ΔΙΟΡΘΩΣΗ  ΤΩΝ ΜΕΓΑΛΩΝ ΑΡΤΗΡΙΩΝ, ΧΕΙΡΟΥΡΓΙΚΗ ΑΝΑΚΑΤΑΣΚΕΥΗ ΤΟΥ ΜΕΣΟΚΟΛΠΙΚΟΥ ΔΙΑΦΡΑΓΜΑΤΟΣ (Π.Χ. ΤΥΠΟΣ MUSTARD Ή SENNING) ΜΕ ΚΑΡΔΙΟΠΝΕΥΜΟΝΙΚΗ ΠΑΡΑΚΑΜΨΗ;;;;;
3401;X647509;ΧΕΙΡΟΥΡΓΙΚΗ ΔΙΟΡΘΩΣΗ  ΤΩΝ ΜΕΓΑΛΩΝ ΑΡΤΗΡΙΩΝ, ΜΕ ΑΝΑΚΑΤΑΣΚΕΥΗ ΤΟΥ ΜΕΣΟΚΟΛΠΙΚΟΥ ΔΙΑΦΡΑΓΜΑΤΟΣ (Π.Χ. ΤΥΠΟΣ MUSTARD Ή SENNING) ΜΕ ΚΑΡΔΙΟΠΝΕΥΜΟΝΙΚΗ ΠΑΡΑΚΑΜΨΗ. ΜΕ ΑΦΑΙΡΕΣΗ  ΤΗΣ ΑΤΕΛΟΥΣ ΠΕΡΙΣΦΙΞΗΣ ΤΗΣ ΠΝΕΥΜΟΝΙΚΗΣ ΑΡΤΗΡΙΑΣ;;;;;
3402;X647511;ΧΕΙΡΟΥΡΓΙΚΗ ΔΙΟΡΘΩΣΗ  ΤΩΝ ΜΕΓΑΛΩΝ ΑΡΤΗΡΙΩΝ, ΜΕ ΑΝΑΚΑΤΑΣΚΕΥΗ ΤΟΥ ΜΕΣΟΚΟΛΠΙΚΟΥ ΔΙΑΦΡΑΓΜΑΤΟΣ (Π.Χ. ΤΥΠΟΣ MUSTARD Ή SENNING) ΜΕ ΚΑΡΔΙΟΠΝΕΥΜΟΝΙΚΗ ΠΑΡΑΚΑΜΨΗ. ΜΕ ΧΕΙΡΟΥΡΓΙΚΗ ΣΥΓΚΛΕΙΣΗ ΤΗΣ ΜΕΣΟΚΟΙΛΙΑΚΗΣ ΕΠΙΚΟΙΝΩΝΙΑΣ;;;;;
3403;X647513;ΧΕΙΡΟΥΡΓΙΚΗ ΔΙΟΡΘΩΣΗ  ΤΩΝ ΜΕΓΑΛΩΝ ΑΡΤΗΡΙΩΝ, ΜΕ ΑΝΑΚΑΤΑΣΚΕΥΗ ΤΟΥ ΜΕΣΟΚΟΛΠΙΚΟΥ ΔΙΑΦΡΑΓΜΑΤΟΣ (Π.Χ. ΤΥΠΟΣ MUSTARD Ή SENNING) ΜΕ ΚΑΡΔΙΟΠΝΕΥΜΟΝΙΚΗ ΠΑΡΑΚΑΜΨΗ. ΜΕ ΔΙΟΡΘΩΣΗ ΤΗΣ ΥΠΟΒΑΛΒΙΔΙΚΗΣ ΑΠΟΦΡΑΞΗΣ ΤΗΣ ΠΝΕΥΜΟΝΙΚΗΣ ΒΑΛΒΙΔΟΣ;;;;;
3404;X647515;ΧΕΙΡΟΥΡΓΙΚΗ ΔΙΟΡΘΩΣΗ ΤΗΣ ΜΕΤΑΘΕΣΗΣ ΤΩΝ ΜΕΓΑΛΩΝ ΑΡΤΗΡΙΩΝ, ΜΕ ΑΝΤΙΜΕΤΑΘΕΣΗ ΑΟΡΤΗΣ ΚΑΙ ΠΝΕΥΜΟΝΙΚΗΣ ΑΡΤΗΡΙΑΣ (ΕΠΕΜΒΑΣΗ  JATENE);;;;;
3405;X647517;ΧΕΙΡΟΥΡΓΙΚΗ ΔΙΟΡΘΩΣΗ ΤΗΣ ΜΕΤΑΘΕΣΗΣ ΤΩΝ ΜΕΓΑΛΩΝ ΑΡΤΗΡΙΩΝ, ΜΕ ΑΝΤΙΜΕΤΑΘΕΣΗ ΑΟΡΤΗΣ ΚΑΙ ΠΝΕΥΜΟΝΙΚΗΣ ΑΡΤΗΡΙΑΣ (ΕΠΕΜΒΑΣΗ  JATENE)  ΜΕ ΑΦΑΙΡΕΣΗ ΤΗΣ ΑΤΕΛΟΥΣ ΠΕΡΙΣΦΙΞΗΣ ΤΗΣ ΠΝΕΥΜΟΝΙΚΗΣ ΑΡΤΗΡΙΑΣ;;;;;
3406;X647519;ΧΕΙΡΟΥΡΓΙΚΗ ΔΙΟΡΘΩΣΗ ΤΗΣ ΜΕΤΑΘΕΣΗΣ ΤΩΝ ΜΕΓΑΛΩΝ ΑΡΤΗΡΙΩΝ, ΜΕ ΑΝΤΙΜΕΤΑΘΕΣΗ ΑΟΡΤΗΣ ΚΑΙ ΠΝΕΥΜΟΝΙΚΗΣ ΑΡΤΗΡΙΑΣ (ΕΠΕΜΒΑΣΗ  JATENE)   ΜΕ ΣΥΓΚΛΕΙΣΗ ΤΗΣ ΜΕΣΟΚΟΙΛΙΑΚΗΣ  ΕΠΙΚΟΙΝΩΝΙΑΣ;;;;;
3407;X647521;ΧΕΙΡΟΥΡΓΙΚΗ ΔΙΟΡΘΩΣΗ ΤΗΣ ΜΕΤΑΘΕΣΗΣ ΤΩΝ ΜΕΓΑΛΩΝ ΑΡΤΗΡΙΩΝ, ΜΕ ΑΝΤΙΜΕΤΑΘΕΣΗ ΑΟΡΤΗΣ ΚΑΙ ΠΝΕΥΜΟΝΙΚΗΣ ΑΡΤΗΡΙΑΣ (ΕΠΕΜΒΑΣΗ  JATENE) ΜΕ ΑΠΟΚΑΤΑΣΤΑΣΗ ΤΗΣ ΥΠΟΒΑΛΒΙΔΙΚΗΣ ΑΠΟΦΡΑΞΗΣ ΤΗΣ ΠΝΕΥΜΟΝΙΚΗΣ   ΑΡΤΗΡΙΑΣ;;;;;
3408;X647531;ΠΛΗΡΗΣ ΧΕΙΡΟΥΡΓΙΚΗ ΔΙΟΡΘΩΣΗ , ΑΡΤΗΡΙΑΚΟΣ ΠΟΡΟΣ (ΕΓΧΕΙΡΗΣΗ ΤΥΠΟΥ RASTELLI);;;;;
3409;X647535;ΕΠΑΝΕΜΦΥΤΕΥΣΗ  ΑΝΩΜΑΛΗΣ  ΕΚΦΥΣΗΣ ΠΝΕΥΜΟΝΙΚΗΣ  ΑΡΤΗΡΙΑΣ;;;;;
3410;X647559;ΑΟΡΤΙΚΗ ΑΝΟΡΘΩΣΗ ΓΙΑ ΑΠΟΣΥΜΠΙΕΣΗ ΤΗΣ ΤΡΑΧΕΙΑΣ (Π.Χ. ΓΙΑ ΤΡΑΧΕΙΟΜΑΛΑΚΙΑ) (ΞΕΧΩΡΙΣΤΗ ΕΠΕΜΒΑΣΗ);;;;;
3411;X647563;ΔΙΑΙΡΕΣΗ ΕΚΤΟΠΟΥ ΑΓΓΕΙΟΥ (ΑΓΓΕΙΑΚΟΣ ΔΑΚΤΥΛΙΟΣ).;;;;;
3412;X647565;ΔΙΑΙΡΕΣΗ ΕΚΤΟΠΟΥ ΑΓΓΕΙΟΥ(ΑΓΓΕΙΑΚΟΣ ΔΑΚΤΥΛΙΟΣ). ΜΕ ΕΠΑΝΑΝΑΣΤΟΜΩΣΗ;;;;;
3413;X647585;ΣΥΓΚΛΕΙΣΗ ΑΟΡΤΟΠΝΕΥΜΟΝΙΚΟΥ ΔΙΑΦΡΑΓΜΑΤΙΚΟΥ ΕΛΕΙΜΑΤΟΣ . ΧΩΡΙΣ ΚΑΡΔΙΟΠΝΕΥΜΟΝΙΚΗ ΠΑΡΑΚΑΜΨΗ;;;;;
3414;X647587;ΣΥΓΚΛΕΙΣΗ ΑΟΡΤΟΠΝΕΥΜΟΝΙΚΟΥ ΔΙΑΦΡΑΓΜΑΤΙΚΟΥ ΕΛΕΙΜΑΤΟΣ. ΜΕ ΚΑΡΔΙΟΠΝΕΥΜΟΝΙΚΗ ΠΑΡΑΚΑΜΨΗ;;;;;
3415;X647599;ΧΕΙΡΟΥΡΓΙΚΗ ΑΠΟΛΙΝΩΣΗ  ΑΝΟΙΚΤΟΥ ΑΡΤΗΡΙΑΚΟΥ ΠΟΡΟΥ.;;;;;
3416;X647603;ΔΙΑΤΟΜΗ  ΑΝΟΙΚΤΟΥ ΑΡΤΗΡΙΑΚΟΥ ΠΟΡΟΥ. ΓΙΑ ΑΣΘΕΝΕΙΣ ΚΑΤΩ ΤΩΝ 18 ΕΤΩΝ;;;;;
3417;X647607;ΔΙΑΤΟΜΗ  ΑΝΟΙΚΤΟΥ ΑΡΤΗΡΙΑΚΟΥ ΠΟΡΟΥ   ΓΙΑ ΑΣΘΕΝΕΙΣ 18 ΕΤΩΝ ΚΑΙ ΑΝΩ;;;;;
3418;X647639;ΕΚΤΟΜΗ ΣΤΕΝΩΣΗΣ ΙΣΘΜΟΥ ΑΟΡΤΗΣ, ΜΕ Ή ΧΩΡΙΣ ΣΥΝΟΔΟ  ΑΝΟΙΚΤΟ  ΑΡΤΗΡΙΑΚΟ ΠΟΡΟ, ΜΕ ΤΕΛΙΚΟΤΕΛΙΚΗ  ΑΝΑΣΤΟΜΩΣΗ;;;;;
3419;X647649;ΕΚΤΟΜΗ ΣΤΕΝΩΣΗΣ ΙΣΘΜΟΥ ΑΟΡΤΗΣ, ΜΕ Ή ΧΩΡΙΣ ΣΥΝΟΔΟ ΑΝΟΙΚΤΟ  ΑΡΤΗΡΙΑΚΟ ΠΟΡΟ, ΜΕ ΤΟΠΟΘΕΤΗΣΗ ΜΟΣΧΕΥΜΑΤΟΣ;;;;;
3420;X647661;ΕΚΤΟΜΗ ΣΤΕΝΩΣΗΣ ΙΣΘΜΟΥ ΑΟΡΤΗΣ, ΜΕ Ή ΧΩΡΙΣ ΣΥΝΟΔΟ  ΑΝΟΙΚΤΟ  ΑΡΤΗΡΙΑΚΟ ΠΟΡΟ, ΧΕΙΡΟΥΡΓΙΚΗ ΔΙΟΡΘΩΣΗ ΜΕ ΤΗ ΧΡΗΣΗ ΤΗΣ ΑΡΙΣΤΕΡΗΣ ΥΠΟΚΛΕΙΔΙΑΣ ΑΡΤΗΡΙΑΣ Ή ΠΡΟΣΘΕΤΙΚΟΥ ΥΛΙΚΟΥ ΟΠΩΣ GUSSET ΓΙΑ ΔΙΕΥΡΥΝΣΗ;;;;;
3421;X647663;ΧΕΙΡΟΥΡΓΙΚΗ ΔΙΟΡΘΩΣΗ ΥΠΟΠΛΑΣΤΙΚΟΥ Ή ΔΙΑΚΕΚΟΜΜΕΝΟΥ ΑΟΡΤΙΚΟΥ ΤΟΞΟΥ ΜΕ ΤΗ ΧΡΗΣΗ ΑΥΤΟΛΟΓΟΥ Ή ΠΡΟΣΘΕΤΙΚΟΥ ΥΛΙΚΟΥ. ΧΩΡΙΣ ΚΑΡΔΙΟΠΝΕΥΜΟΝΙΚΗ ΠΑΡΑΚΑΜΨΗ;;;;;
3422;X647665;ΧΕΙΡΟΥΡΓΙΚΗ ΔΙΟΡΘΩΣΗ ΥΠΟΠΛΑΣΤΙΚΟΥ Ή ΔΙΑΚΕΚΟΜΜΕΝΟΥ ΑΟΡΤΙΚΟΥ ΤΟΞΟΥ ΜΕ ΤΗ ΧΡΗΣΗ ΑΥΤΟΛΟΓΟΥ Ή ΠΡΟΣΘΕΤΙΚΟΥ ΥΛΙΚΟΥ. ΜΕ ΚΑΡΔΙΟΠΝΕΥΜΟΝΙΚΗ ΠΑΡΑΚΑΜΨΗ;;;;;
3423;X647679;ΑΝΤΙΚΑΤΑΣΤΑΣΗ ΜΕ ΜΟΣΧΕΥΜΑ ΤΗΣ ΑΝΙΟΥΣΑΣ ΑΟΡΤΗΣ, ΜΕ ΚΑΡΔΙΟΠΝΕΥΜΟΝΙΚΗ ΠΑΡΑΚΑΜΨΗ, ΜΕ Ή ΧΩΡΙΣ ΔΙΑΤΗΡΗΣΗ ΒΑΛΒΙΔΑΣ.;;;;;
3424;X647681;ΑΝΤΙΚΑΤΑΣΤΑΣΗ ΜΕ ΜΟΣΧΕΥΜΑ ΑΝΙΟΥΣΑΣ ΑΟΡΤΗΣ, ΜΕ ΚΑΡΔΙΟΠΝΕΥΜΟΝΙΚΗ ΠΑΡΑΚΑΜΨΗ, ΜΕ Ή ΧΩΡΙΣ ΔΙΑΤΗΡΗΣΗ ΒΑΛΒΙΔΑΣ. ΜΕ ΑΟΡΤΟΣΤΕΦΑΝΙΑΙΑ ΠΑΡΑΚΑΜΨΗ;;;;;
3425;X647685;ΜΟΣΧΕΥΜΑ ΑΝΙΟΥΣΑΣ ΑΟΡΤΗΣ, ΜΕ ΚΑΡΔΙΟΠΝΕΥΜΟΝΙΚΗ ΠΑΡΑΚΑΜΨΗ, ΜΕ Ή ΧΩΡΙΣ ΑΝΑΡΤΗΣΗ ΒΑΛΒΙΔΑΣ. ΜΕ ΑΝΤΙΚΑΤΑΣΤΑΣΗ ΤΗΣ ΑΟΡΤΙΚΗΣ ΡΙΖΑΣ ΜΕ ΤΗ ΧΡΗΣΗ ΒΑΛΒΙΔΟΦΟΡΟΥ ΠΡΟΣΘΕΤΙΚΟΥ ΜΟΣΧΕΥΜΑΤΟΣ ΕΠΑΝΕΜΦΥΤΕΥΣΗ ΤΩΝ ΣΤΕΦΑΝΙΑΙΩΝ (ΕΓΧΕΙΡΗΣΗ BENTALL);;;;;
3426;X647687;ΜΟΣΧΕΥΜΑ ΑΝΙΟΥΣΑΣ ΑΟΡΤΗΣ, ΜΕ ΚΑΡΔΙΟΠΝΕΥΜΟΝΙΚΗ ΠΑΡΑΚΑΜΨΗ, ΜΕ ΔΙΑΤΗΡΗΣΗ ΒΑΛΒΙΔΑΣ, ΜΕ ΣΤΕΦΑΝΙΑΙΑ ΑΝΑΚΑΤΑΣΚΕΥΗ ΚΑΙ ΑΝΑΔΙΑΜΟΡΦΩΣΗ ΤΟΥ ΔΑΚΤΥΛΙΟΥ ΤΗΣ  ΡΙΖΑΣ ΤΗΣ ΑΟΡΤΗΣ ΜΕ ΔΙΑΤΗΡΗΣΗ ΤΗΣ ΒΑΛΒΙΔΑΣ (Π.Χ. ΔΙΑΔΙΚΑΣΙΑ DAVID, ΔΙΑΔΙΚΑΣΙΑ YACOUB);;;;;
3427;X647699;ΕΓΚΑΡΣΙΟ ΜΟΣΧΕΥΜΑ ΑΟΡΤΙΚΟΥ ΤΟΞΟΥ, ΜΕ ΚΑΡΔΙΟΠΝΕΥΜΟΝΙΚΗ ΠΑΡΑΚΑΜΨΗ;;;;;
3428;X647709;ΜΟΣΧΕΥΜΑ ΚΑΤΙΟΥΣΑΣ ΘΩΡΑΚΙΚΗΣ ΑΟΡΤΗΣ, ΜΕ Ή ΧΩΡΙΣ ΠΑΡΑΚΑΜΨΗ;;;;;
3429;X647713;ΧΕΙΡΟΥΡΓΙΚΗ ΔΙΟΡΘΩΣΗ ΘΩΡΑΚΟΚΟΙΛΙΑΚΟΥ ΑΟΡΤΙΚΟΥ ΑΝΕΥΡΥΣΜΑΤΟΣ ΜΕ ΜΟΣΧΕΥΜΑ, ΜΕ Ή ΧΩΡΙΣ ΚΑΡΔΙΟΠΝΕΥΜΟΝΙΚΗ ΠΑΡΑΚΑΜΨΗ;;;;;
3430;X647719;ΕΝΔΑΓΓΕΙΑΚΗ ΑΠΟΚΑΤΑΣΤΑΣΗ ΚΑΤΙΟΥΣΑΣ ΘΩΡΑΚΙΚΗΣ ΑΟΡΤΗΣ (Π.Χ. ΑΝΕΥΡΥΣΜΑ, ΨΕΥΔΟΑΝΕΥΡΥΣΜΑ, ΔΙΑXΩΡΙΣΜΟΣ, ΔΙΑΤΙΤΡΑΙΝΩΝ ΕΛΚΟΣ, ΕΝΔΟΤΟΙΧΩΜΑΤΙΚΟ ΑΙΜΑΤΩΜΑ, Ή ΤΡΑΥΜΑΤΙΚΗ ΡΗΞΗ). ΠΕΡΙΛΑΜΒΑΝΕΙ ΚΑΛΥΨΗ ΤΗΣ ΕΚΦΥΣΗΣ ΤΗΣ ΑΡΙΣΤΕΡΗΣ ΥΠΟΚΛΕΙΔΙΑΣ ΑΡΤΗΡΙΑΣ, ΑΡΧΙΚΗ ΕΝΔΟΠΡΟΘΕΣΗ ΚΑΙ ΕΠΕΚΤΑΣΗ(-ΕΙΣ) ΚΑΤΙΟΥΣΑΣ ΘΩΡΑΚΙΚΗΣ ΑΟΡΤΗΣ, ΑΝ ΑΠΑΙΤΕΙΤΑΙ, ΕΩΣ ΤΟ ΕΠΙΠΕΔΟ ΕΚΦΥΣΗΣ ΤΗΣ ΚΟΙΛΙΑΚΗΣ ΑΡΤΗΡΙΑΣ;;;;;
3431;X647721;ΕΝΔΑΓΓΕΙΑΚΗ ΑΠΟΚΑΤΑΣΤΑΣΗ ΚΑΤΙΟΥΣΑΣ ΘΩΡΑΚΙΚΗΣ ΑΟΡΤΗΣ (Π.Χ. ΑΝΕΥΡΥΣΜΑ, ΨΕΥΔΟΑΝΕΥΡΥΣΜΑ, ΔΙΑXΩΡΙΣΜΟΣ, ΔΙΑΤΙΤΡΑΙΝΩΝ ΕΛΚΟΣ, ΕΝΔΟΤΟΙΧΩΜΑΤΙΚΟ ΑΙΜΑΤΩΜΑ, Ή ΤΡΑΥΜΑΤΙΚΗ ΡΗΞΗ). ΔΕΝ ΠΕΡΙΛΑΜΒΑΝΕΙ ΚΑΛΥΨΗ ΤΗΣΕΚΦΥΣΗΣ ΤΗΣ ΑΡΙΣΤΕΡΗΣ ΥΠΟΚΛΕΙΔΙΑΣ ΑΡΤΗΡΙΑΣ, ΑΡΧΙΚΗ ΕΝΔΟΠΡΟΘΕΣΗ ΚΑΙ ΕΠΕΚΤΑΣΗ(-ΕΙΣ) ΚΑΤΙΟΥΣΑΣ ΘΩΡΑΚΙΚΗΣ ΑΟΡΤΗΣ, ΕΑΝ ΑΠΑΙΤΕΙΤΑΙ, ΕΩΣ ΤΟ ΕΠΙΠΕΔΟ ΕΚΦΥΣΗΣ ΤΗΣ ΚΟΙΛΙΑΚΗΣ ΑΡΤΗΡΙΑΣ;;;;;
3432;X647725;ΤΟΠΟΘΕΤΗΣΗ ΠΡΟΘΕΣΗΣ ΕΠΕΚΤΑΣΗΣ ΣΤΟ ΚΕΝΤΡΙΚΟ ΤΜΗΜΑ ΓΙΑ ΕΝΔΑΓΓΕΙΑΚΗ ΑΠΟΚΑΤΑΣΤΑΣΗ ΤΗΣ ΚΑΤΙΟΥΣΑΣ ΘΩΡΑΚΙΚΗΣ ΑΟΡΤΗΣ (Π.Χ. ΑΝΕΥΡΥΣΜΑ, ΨΕΥΔΟΑΝΕΥΡΥΣΜΑ, ΔΙΑΧΩΡΙΣΜΟΣ,  ΔΙΑΤΙΤΡΑΙΝΩΝ ΕΛΚΟΣ, ΕΝΔΟΤΟΙΧΩΜΑΤΙΚΟ ΑΙΜΑΤΩΜΑ, Ή ΤΡΑΥΜΑΤΙΚΗ ΡΗΞΗ). ΑΡΧΙΚΗ ΕΠΙΜΗΚΥΝΣΗ;;;;;
3433;X647727;ΤΟΠΟΘΕΤΗΣΗ ΠΡΟΘΕΣΗΣ ΣΤΟ ΚΕΝΤΡΙΚΟ ΤΜΗΜΑ ΓΙΑ ΕΝΔΑΓΓΕΙΑΚΗ ΑΠΟΚΑΤΑΣΤΑΣΗ ΤΗΣ ΚΑΤΙΟΥΣΑΣ ΘΩΡΑΚΙΚΗΣ ΑΟΡΤΗΣ (Π.Χ. ΑΝΕΥΡΥΣΜΑ, ΨΕΥΔΟΑΝΕΥΡΥΣΜΑ, ΔΙΑΧΩΡΙΣΜΟΣ,  ΔΙΑΤΙΤΡΑΙΝΩΝ ΕΛΚΟΣ, ΕΝΔΟΤΟΙΧΩΜΑΤΙΚΟ ΑΙΜΑΤΩΜΑ, Ή ΤΡΑΥΜΑΤΙΚΗ ΡΗΞΗ). ΚΑΘΕ ΕΠΙΠΛΕΟΝ ΚΕΝΤΡΙΚΗ  ΕΠΕΚΤΑΣΗ (ΝΑ ΚΑΤΑΓΡΑΦΕΤΑΙ ΞΕΧΩΡΙΣΤΑ ΜΑΖΙ ΜΕ ΤΟΝ ΚΩΔΙΚΟ ΓΙΑ ΤΗ ΒΑΣΙΚΗ ΔΙΑΔΙΚΑΣΙΑ);;;;;
3434;X647731;ΤΟΠΟΘΕΤΗΣΗ ΠΕΡΙΦΕΡΙΚΗΣ ΠΡΟΣΘΕΤΙΚΗΣ ΕΠΕΚΤΑΣΗΣ ΣΕ ΔΕΥΤΕΡΟ ΧΡΟΝΟ ΜΕΤΑ ΑΠΟ ΕΝΔΑΓΓΕΙΑΚΗ ΑΠΟΚΑΤΑΣΤΑΣΗ ΚΑΤΙΟΥΣΑΣ ΘΩΡΑΚΙΚΗΣ ΑΟΡΤΗΣ;;;;;
3435;X647737;ΑΝΟΙΚΤΗ ΜΕΤΑΘΕΣΗ  ΑΠΟ  ΥΠΟΚΛΕΙΔΙΑ ΣΤΗΝ ΚΑΡΩΤΙΔΙΚΗ ΑΡΤΗΡΙΑ, ΕΚΤΕΛΟΥΜΕΝΗ ΣΕ ΣΥΝΔΥΑΣΜΟ ΜΕ ΕΝΔΑΓΓΕΙΑΚΗ ΑΠΟΚΑΤΑΣΤΑΣΗ ΚΑΤΙΟΥΣΑΣ ΘΩΡΑΚΙΚΗΣ ΑΟΡΤΗΣ, ΜΕ ΤΡΑΧΗΛΙΚΗ ΤΟΜΗ, ΕΤΕΡΟΠΛΕΥΡΗ;;;;;
3436;X647741;ΜΗ ΦΛΕΒΙΚΟ ΜΟΣΧΕΥΜΑ ΠΑΡΑΚΑΜΨΗΣ. ΔΙΑΥΧΕΝΙΚΟ ΟΠΙΣΘΟΦΑΡΥΓΓΙΚΟ ΚΑΡΩΤΙΔΟ-ΚΑΡΩΤΙΔΙΚΟ, ΕΚΤΕΛΟΥΜΕΝΟ ΣΕ ΣΥΝΔΥΑΣΜΟ ΜΕ ΕΝΔΑΓΓΕΙΑΚΗ ΑΠΟΚΑΤΑΣΤΑΣΗ ΤΗΣ ΚΑΤΙΟΥΣΑΣ ΘΩΡΑΚΙΚΗΣ ΑΟΡΤΗΣ, ΜΕ ΤΡΑΧΗΛΙΚΗ ΤΟΜΗ;;;;;
3437;X647779;ΕΜΒΟΛΕΚΤΟΜΗ ΠΝΕΥΜΟΝΙΚΗΣ ΑΡΤΗΡΙΑΣ, ΜΕ ΚΑΡΔΙΟΠΝΕΥΜΟΝΙΚΗ ΠΑΡΑΚΑΜΨΗ;;;;;
3438;X647789;ΕΜΒΟΛΕΚΤΟΜΗ ΠΝΕΥΜΟΝΙΚΗΣ ΑΡΤΗΡΙΑΣ, ΧΩΡΙΣ ΚΑΡΔΙΟΠΝΕΥΜΟΝΙΚΗ ΠΑΡΑΚΑΜΨΗ;;;;;
3439;X647791;ΕΝΔΑΡΤΗΡΙΕΚΤΟΜΗ ΠΝΕΥΜΟΝΙΚΗΣ ΑΡΤΗΡΙΑΣ, ΜΕ Ή ΧΩΡΙΣ ΕΜΒΟΛΕΚΤΟΜΗ, ΜΕ ΚΑΡΔΙΟΠΝΕΥΜΟΝΙΚΗ ΠΑΡΑΚΑΜΨΗ;;;;;
3440;X647793;ΧΕΙΡΟΥΡΓΙΚΗ ΔΙΟΡΘΩΣΗ ΣΤΕΝΩΣΗΣ ΠΝΕΥΜΟΝΙΚΗΣ ΑΡΤΗΡΙΑΣ ΜΕ ΑΝΑΚΑΤΑΣΚΕΥΗ ΜΕ ΜΠΑΛΩΜΑ Ή  ΜΟΣΧΕΥΜΑ;;;;;
3441;X647799;ΑΠΟΚΑΤΑΣΤΑΣΗ  ΑΤΡΗΣΙΑΣ ΠΝΕΥΜΟΝΙΚΗΣ ΑΡΤΗΡΙΑΣ ΜΕ ΜΕΣΟΚΟΙΛΙΑΚΗ ΕΠΙΚΟΙΝΩΝΙΑ, ΜΕ ΚΑΤΑΣΚΕΥΗ Ή ΑΝΤΙΚΑΤΑΣΤΑΣΗ  ΣΩΛΗΝΩΤΟΥ ΜΟΣΧΕΥΜΑΤΟΣ  ΑΠΟ ΤΗ ΔΕΞΙΑ Ή ΤΗΝ ΑΡΙΣΤΕΡΗ ΚΟΙΛΙΑ ΣΤΗΝ ΠΝΕΥΜΟΝΙΚΗ ΑΡΤΗΡΙΑ;;;;;
3442;X647803;ΔΙΑΤΟΜΗ  ΠΝΕΥΜΟΝΙΚΗΣ ΑΡΤΗΡΙΑΣ ΜΕ ΚΑΡΔΙΟΠΝΕΥΜΟΝΙΚΗ ΠΑΡΑΚΑΜΨΗ;;;;;
3443;X647807;ΑΠΟΛΙΝΩΣΗ ΚΑΙ ΣΥΡΡΑΦΗ ΠΑΡΑΚΑΜΨΗΣ ΣΥΣΤΗΜΑΤΙΚΗΣ-ΠΡΟΣ-ΠΝΕΥΜΟΝΙΚΗ ΑΡΤΗΡΙΑ, ΕΚΤΕΛΛΟΥΜΕΝΗ ΣΕ ΣΥΝΔΥΑΣΜΟ ΜΕ ΕΠΕΜΒΑΣΗ ΣΥΓΓΕΝΟΥΣ ΚΑΡΔΙΟΠΑΘΕΙΑΣ (ΝΑ ΚΑΤΑΓΡΑΦΕΤΑΙ ΞΕΧΩΡΙΣΤΑ ΜΑΖΙ ΜΕ ΤΟΝ ΚΩΔΙΚΟ ΓΙΑ ΤΗ ΒΑΣΙΚΗ ΕΠΕΜΒΑΣΗ);;;;;
3444;X647809;ΑΠΟΚΑΤΑΣΤΑΣΗ ΑΝΩΜΑΛΙΩΝ ΤΩΝ ΤΕΛΙΚΩΝ ΚΛΑΔΩΝ ΤΗΣ ΠΝΕΥΜΟΝΙΚΗΣ ΑΡΤΗΡΙΑΣ ΜΕ ΜΟΝΟΕΣΤΙΑΚΟΠΟΙΗΣΗ ΧΩΡΙΣ ΚΑΡΔΙΟΠΝΕΥΜΟΝΙΚΗ ΠΑΡΑΚΑΜΨΗ;;;;;
3445;X647811;ΑΠΟΚΑΤΑΣΤΑΣΗ ΑΝΩΜΑΛΙΩΝ ΤΩΝ ΤΕΛΙΚΩΝ ΚΛΑΔΩΝ ΤΗΣ ΠΝΕΥΜΟΝΙΚΗΣ ΑΡΤΗΡΙΑΣ ΜΕ ΜΟΝΟΕΣΤΙΑΚΟΠΟΙΗΣΗ ΜΕ ΚΑΡΔΙΟΠΝΕΥΜΟΝΙΚΗ ΠΑΡΑΚΑΜΨΗ;;;;;
3446;X647819;ΛΗΨΗ ΚΑΡΔΙΟΠΝΕΥΜΟΝΙΚΟΥ ΜΟΣΧΕΥΜΑΤΟΣ ΓΙΑ ΜΕΤΑΜΟΣΧΕΥΣΗ (ΣΥΜΠΕΡΙΛΑΜΒΑΝΕΤΑΙ Η ΣΥΝΤΗΡΗΣΗ);;;;;
3447;X647825;ΤΥΠΙΚΗ ΠΡΟΕΤΟΙΜΑΣΙΑ ΑΛΛΟΜΟΣΧΕΥΜΑΤΟΣ ΚΑΡΔΙΑΣ/ΠΝΕΥΜΟΝΑ ΑΠΟ ΠΤΩΜΑΤΙΚΟ ΔΟΤΗ ΠΡΙΝ ΑΠΟ ΤΗ ΜΕΤΑΜΟΣΧΕΥΣΗ, ΠΟΥ ΠΕΡΙΛΑΜΒΑΝΕΙ ΕΚΤΟΜΗ ΤΟΥ ΑΛΛΟΜΟΣΧΕΥΜΑΤΟΣ ΑΠΟ ΤΟΥΣ ΠΕΡΙΒΑΛΛΟΝΤΕΣ ΜΑΛΑΚΟΥΣ ΙΣΤΟΥΣ, ΓΙΑ ΤΗΝ ΠΡΟΕΤΟΙΜΑΣΙΑ ΤΗΣ ΑΟΡΤΗΣ, ΤΗΣ ΑΝΩ ΚΟΙΛΗΣ ΦΛΕΒΑΣ, ΤΗΣ ΚΑΤΩ ΚΟΙΛΗΣ ΦΛΕΒΑΣ ΚΑΙ ΤΗΣ ΤΡΑΧΕΙΑΣ ΓΙΑ ΤΗΝ ΕΜΦΥΤΕΥΣΗ;;;;;
3448;X647829;ΜΕΤΑΜΟΣΧΕΥΣΗ ΚΑΡΔΙΑΣ-ΠΝΕΥΜΟΝΑ ΜΕ ΚΑΡΔΙΕΚΤΟΜΗ-ΠΝΕΥΜΟΝΕΚΤΟΜΗ ΤΟΥ ΔΕΚΤΗ;;;;;
3449;X647839;ΛΗΨΗ ΚΑΡΔΙΑΚΟΥ ΜΟΣΧΕΥΜΑΤΟΣ ΓΙΑ ΜΕΤΑΜΟΣΧΕΥΣΗ (ΣΥΜΠΕΡΙΛΑΜΒΑΝΕΤΑΙ Η ΣΥΝΤΗΡΗΣΗ);;;;;
3450;X647847;ΤΥΠΙΚΗ ΠΡΟΕΤΟΙΜΑΣΙΑ ΚΑΡΔΙΑΚΟΥ ΑΛΛΟΜΟΣΧΕΥΜΑΤΟΣ ΑΠΟ ΠΤΩΜΑΤΙΚΟ ΔΟΤΗ ΠΡΙΝ ΑΠΟ ΤΗ ΜΕΤΑΜΟΣΧΕΥΣΗ, ΣΥΜΠΕΡΙΛΑΜΒΑΝΟΜΕΝΗΣ ΕΚΤΟΜΗΣ ΤΟΥ ΑΛΛΟΜΟΣΧΕΥΜΑΤΟΣ ΑΠΟ ΤΟΥΣ ΠΕΡΙΒΑΛΛΟΝΤΕΣ ΜΑΛΑΚΟΥΣ ΙΣΤΟΥΣ, ΓΙΑ ΤΗΝ ΠΡΟΕΤΟΙΜΑΣΙΑ ΤΗΣ ΑΟΡΤΗΣ, ΤΗΣ ΑΝΩ ΚΟΙΛΗΣ ΦΛΕΒΑΣ, ΤΗΣ ΚΑΤΩ ΚΟΙΛΗΣ ΦΛΕΒΑΣ, ΤΗΣ ΠΝΕΥΜΟΝΙΚΗΣ ΑΡΤΗΡΙΑΣ ΚΑΙ ΤΟΥ ΑΡΙΣΤΕΡΟΥ ΚΟΛΠΟΥ ΓΙΑ ΤΗΝ ΕΜΦΥΤΕΥΣΗ;;;;;
3451;X647849;ΟΡΘΟΤΟΠΙΚΗ Η ΕΤΕΡΟΤΟΠΙΚΗ ΜΕΤΑΜΟΣΧΕΥΣΗ ΚΑΡΔΙΑΣ;;;;;
3452;X647879;ΤΟΠΟΘΕΤΗΣΗ ECMO 24 ΩΡΕΣ;;;;;
3453;X647881;ΤΟΠΟΘΕΤΗΣΗ ECMO (ΜΕΡΕΣ);;;;;
3454;X647893;ΤΟΠΟΘΕΤΗΣΗ ΣΥΣΚΕΥΗΣ ΥΠΟΣΤΗΡΙΞΗΣ ΕΝΔΟΑΟΡΤΙΚΟΥ ΑΕΡΟΘΑΛΑΜΟΥ, ΔΙΑΔΕΡΜΙΚΗ;;;;;
3455;X647895;ΑΦΑΙΡΕΣΗ ΣΥΣΚΕΥΗΣ ΥΠΟΣΤΗΡΙΞΗΣ ΕΝΔΟΑΟΡΤΙΚΟΥ ΑΕΡΟΘΑΛΑΜΟΥ, ΔΙΑΔΕΡΜΙΚΗ;;;;;
3456;X647899;ΕΙΣΑΓΩΓΗ ΣΥΣΚΕΥΗΣ ΥΠΟΣΤΗΡΙΞΗΣ ΕΝΔΟΑΟΡΤΙΚΟΥ ΑΕΡΟΘΑΛΑΜΟΥ ΜΕΣΩ ΤΗΣ ΜΗΡΙΑΙΑΣ ΑΡΤΗΡΙΑΣ, ΑΝΟΙΧΤΗ ΠΡΟΣΠΕΛΑΣΗ;;;;;
3457;X647901;ΑΦΑΙΡΕΣΗ ΣΥΣΚΕΥΗΣ ΥΠΟΣΤΗΡΙΞΗΣ ΕΝΔΟΑΟΡΤΙΚΟΥ ΑΕΡΟΘΑΛΑΜΟΥ, ΣΥΜΠΕΡΙΛΑΜΒΑΝΕΙ ΑΠΟΚΑΤΑΣΤΑΣΗ ΤΗΣ ΜΗΡΙΑΙΑΣ ΑΡΤΗΡΙΑΣ, ΜΕ Ή ΧΩΡΙΣ ΜΟΣΧΕΥΜΑ;;;;;
3458;X647905;ΕΙΣΑΓΩΓΗ  ΣΥΣΚΕΥΗΣ ΥΠΟΣΤΗΡΙΞΗΣ ΕΝΔΟΑΟΡΤΙΚΟΥ ΑΕΡΟΘΑΛΑΜΟΥ ΜΕΣΩ ΤΗΣ ΑΝΙΟΥΣΑΣ ΑΟΡΤΗΣ;;;;;
3459;X647907;ΑΦΑΙΡΕΣΗ ΣΥΣΚΕΥΗΣ ΥΠΟΣΤΗΡΙΞΗΣ ΕΝΔΟΑΟΡΤΙΚΟΥ ΑΕΡΟΘΑΛΑΜΟΥ ΜΕΣΩ ΤΗΣ ΑΝΙΟΥΣΑΣ ΑΟΡΤΗΣ ΜΕ Ή ΧΩΡΙΣ ΜΟΣΧΕΥΜΑ;;;;;
3460;X647909;ΤΟΠΟΘΕΤΗΣΗ ΣΥΣΚΕΥΗΣ ΥΠΟΣΤΗΡΙΞΗΣ ΔΕΞΙΑΣ Η ΑΡΙΣΤΕΡΗΣ ΚΟΙΛΙΑΣ, ΕΞΩΣΩΜΑΤΙΚΗ, ΜΟΝΗΣ ΚΟΙΛΙΑΣ;;;;;
3461;X647911;ΤΟΠΟΘΕΤΗΣΗ ΣΥΣΚΕΥΗΣ ΑΜΦΙΚΟΙΛΙΑΚΗΣ ΥΠΟΣΤΗΡΙΞΗΣ ΕΞΩΣΩΜΑΤΙΚΑ;;;;;
3462;X647913;ΑΦΑΙΡΕΣΗ ΣΥΣΚΕΥΗΣ ΥΠΟΣΤΗΡΙΞΗΣ ΔΕΞΙΑΣ Η ΑΡΙΣΤΕΡΗΣ ΚΟΙΛΙΑΣ, ΕΞΩΣΩΜΑΤΙΚΑ ;;;;;
3463;X647915;ΑΦΑΙΡΕΣΗ ΣΥΣΚΕΥΗΣ ΑΜΦΙΚΟΙΛΙΑΚΗΣ ΥΠΟΣΤΗΡΙΞΗΣ ΚΑΡΔΙΑΚΗΣ ΚΟΙΛΙΑΣ, ΕΞΩΣΩΜΑΤΙΚΑ;;;;;
3464;X647917;ΕΜΦΥΤΕΥΣΗ ΣΥΣΚΕΥΗΣ ΥΠΟΣΤΗΡΙΞΗΣ ΔΕΞΙΑΣ Η ΑΡΙΣΤΕΡΗΣ ΚΟΙΛΙΑΣ, ΕΜΦΥΤΕΥΣΙΜΗ ΕΝΔΟΣΩΜΑΤΙΚΑ, ΜΟΝΗΣ ΚΟΙΛΙΑΣ;;;;;
3465;X647919;ΑΦΑΙΡΕΣΗ ΕΜΦΥΤΕΥΣΙΜΗΣ ΣΥΣΚΕΥΗΣ ΥΠΟΣΤΗΡΙΞΗΣ ΔΕΞΙΑΣ Η ΑΡΙΣΤΕΡΗΣ ΚΟΙΛΙΑΣ;;;;;
3466;X647957;ΜΗ ΚΑΤΑΓΕΓΡΑΜΜΕΝΗ ΕΠΕΜΒΑΣΗ, ΕΓΧΕΙΡΗΣΗ ΚΑΡΔΙΑΣ;;;;;
3467;X647957.1;ΕΚΤΟΜΗ ΠΕΡΙΚΑΡΔΙΑΚΟΥ ΝΕΟΠΛΑΣΜΑΤΟΣ, ΠΡΩΤΟΠΑΘΟΥΣ Η ΜΕΤΑΣΤΑΤΙΚΟΥ Η ΚΑΤ΄ ΕΠΙΝΕΜΗΣΗ;;;;;
3468;X647957.2;ΔΙΑΔΕΡΜΙΚΗ ΒΑΛΒΙΔΟΠΛΑΣΤΙΚΗ (ΜΕ ΜΠΑΛΟΝΙ) ΤΗΣ ΠΝΕΥΜΟΝΙΚΗΣ ΒΑΛΒΙΔΑΣ;;;;;
3469;X647957.3;ΔΙΑΔΕΡΜΙΚΗ ΒΑΛΒΙΔΟΠΛΑΣΤΙΚΗ ΠΝΕΥΜΟΝΙΚΗΣ ΒΑΛΒΙΔΑΣ ΚΑΙ ΤΟΠΟΘΕΤΗΣΗ ΒΑΛΒΙΔΙΚΗΣ ΠΡΟΘΕΣΗΣ;;;;;
3470;X647957.4;ΑΟΡΤΙΚΟΣ ΔΙΑΧΩΡΙΣΜΟΣ ΤΥΠΟΥ Α. ΑΝΤΙΚΑΤΑΣΤΑΣΗ ΜΟΝΟ ΑΝΙΟΥΣΗΣ ΑΟΡΤΗΣ ΜΕ ΕΥΘΥ ΜΟΣΧΕΥΜΑ;;;;;
3471;X647957.5;ΑΟΡΤΙΚΟΣ ΔΙΑΧΩΡΙΣΜΟΣ ΤΥΠΟΥ Α. ΑΝΤΙΚΑΤΑΣΤΑΣΗ ΑΝΙΟΥΣΗΣ ΑΟΡΤΗΣ ΜΕ ΕΥΘΥ ΜΟΣΧΕΥΜΑ ΚΑΙ ΑΝΤΙΚΑΤΑΣΤΑΣΗ ΤΗΣ ΑΟΡΤΙΚΗΣ ΒΑΛΒΙΔΑΣ.;;;;;
3472;X647957.6; ΑΟΡΤΙΚΟΣ ΔΙΑΧΩΡΙΣΜΟΣ ΤΥΠΟΥ Α. ΑΝΤΙΚΑΤΑΣΤΑΣΗ ΑΝΙΟΥΣΗΣ ΑΟΡΤΗΣ ΜΕ ΜΟΣΧΕΥΜΑ, ΔΙΑΤΗΡΗΣΗ ΤΗΣ ΑΟΡΤΙΚΗΣ ΒΑΛΒΙΔΑΣ ΚΑΙ ΕΠΑΝΕΜΦΥΤΕΥΣΗ  ΤΩΝ ΣΤΕΦΑΝΙΑΙΩΝ (ΕΓΧΕΙΡΗΣΗ DAVID Η YACOUB);;;;;
3473;X647957.7; ΑΟΡΤΙΚΟΣ ΔΙΑΧΩΡΙΣΜΟΣ ΤΥΠΟΥ Α. ΑΝΤΙΚΑΤΑΣΤΑΣΗ ΑΝΙΟΥΣΗΣ ΑΟΡΤΗΣ ΚΑΙ ΜΕΡΙΚΗ ΑΝΤΙΚΑΤΑΣΤΑΣΗ ΤΟΥ ΑΟΡΤΙΚΟΥ ΤΟΞΟΥ (SEMI-ARCH REPLACEMENT) ΜΕ Η ΧΩΡΙΣ ΑΝΤΙΚΑΤΑΣΤΑΣΗ ΤΗΣ ΑΟΡΤΙΚΗΣ ΒΑΛΒΙΔΑΣ ΚΑΙ ΕΠΕΝΕΜΦΥΤΕΥΣΗ ΤΩΝ ΣΤΕΦΑΝΙΑΙΩΝ;;;;;
3474;X647957.8;ΑΟΡΤΙΚΟΣ ΔΙΑΧΩΡΙΣΜΟΣ ΤΥΠΟΥ Α. ΑΝΤΙΚΑΤΑΣΤΑΣΗ ΑΝΙΟΥΣΗΣ ΑΟΡΤΗΣ ΚΑΙ ΤΟΥ ΑΟΡΤΙΚΟΥ ΤΟΞΟΥ ΜΕ ΕΜΦΥΤΕΥΣΗ ΤΩΝ ΒΡΑΧΙΟΝΟΚΕΦΑΛΙΚΩΝ ΑΓΓΕΙΩΝ ΕΝ ΕΙΔΕΙ ΝΗΣΙΔΑΣ;;;;;
3475;X647957.9;ΑΟΡΤΙΚΟΣ ΔΙΑΧΩΡΙΣΜΟΣ ΤΥΠΟΥ Α. ΑΝΤΙΚΑΤΑΣΤΑΣΗ ΑΝΙΟΥΣΗΣ ΑΟΡΤΗΣ ΚΑΙ ΕΜΦΥΤΕΥΣΗ ΤΩΝ ΒΡΑΧΙΟΝΟΚΕΦΑΛΙΚΩΝ ΑΓΓΕΙΩΝ ΜΕΜΟΝΩΜΕΝΑ, ΣΤΟΥΣ ΑΝΤΙΣΤΟΙΧΟΥΣ ΚΛΑΔΟΥΣ ΤΟΥ ΑΝΑΛΟΓΟΥ ΜΟΣΧΕΥΜΑΤΟΣ;;;;;
3476;X647957.10;ΑΟΡΤΙΚΟΣ ΔΙΑΧΩΡΙΣΜΟΣ ΤΥΠΟΥ Α. ΑΝΤΙΚΑΤΑΣΤΑΣΗ ΑΝΙΟΥΣΗΣ ΑΟΡΤΗΣ ΚΑΙ ΑΟΡΤΙΚΟΥ ΤΟΞΟΥ ΜΕ ΤΟΠΟΘΕΤΗΣΗ ΜΟΣΧΕΥΜΑΤΟΣ ΣΤΗΝ ΚΑΤΙΟΥΣΑ ΘΩΡΑΚΙΚΗ ΑΟΡΤΗ (ELEPHANT TRUNK);;;;;
3477;X647957.11; ΑΟΡΤΙΚΟΣ ΔΙΑΧΩΡΙΣΜΟΣ ΤΥΠΟΥ Α. ΑΝΤΙΚΑΤΑΣΤΑΣΗ ΑΝΙΟΥΣΗΣ ΑΟΡΤΗΣ ΚΑΙ ΑΟΡΤΙΚΟΥ ΤΟΞΟΥ ΜΕ ΤΟΠΟΘΕΤΗΣΗ ΥΒΡΙΔΙΚΟΥ ΜΟΣΧΕΥΜΑΤΟΣ ΣΤΗΝ ΚΑΤΙΟΥΣΑ ΘΩΡΑΚΙΚΗ ΑΟΡΤΗ (FROZEN ELEPHANT TRUNK);;;;;
3478;X647957.12;ΑΟΡΤΙΚΟΣ ΔΙΑΧΩΡΙΣΜΟΣ ΤΥΠΟΥ Β ΜΕ ΕΠΙΠΛΟΚΕΣ. ΑΝΟΙΧΤΗ ΠΡΟΣΠΕΛΑΣΗ, ΜΕ Η ΧΩΡΙΣ ΚΑΡΔΙΟΠΝΕΥΜΟΝΙΚΗ ΠΑΡΑΚΑΜΨΗ;;;;;
3479;X647957.13;ΑΟΡΤΙΚΟΣ ΔΙΑΧΩΡΙΣΜΟΣ ΤΥΠΟΥ B ΜΕ ΣΥΝΔΡΟΜΟ ΚΑΚΗΣ ΑΙΜΑΤΩΣΗΣ ΤΩΝ ΣΠΛΑΧΝΩΝ ΚΑΙ/Η ΤΩΝ ΚΑΤΩ ΑΚΡΩΝ. ΔΙΑΔΙΚΑΣΙΑ ΘΥΡΙΔΟΠΟΙΗΣΗΣ ΤΟΥ ΨΕΥΔΟΥΣ ΑΥΛΟΥ (FENESTRATION). ;;;;;
3480;X647957.14;ΑΟΡΤΙΚΟΣ ΔΙΑΧΩΡΙΣΜΟΣ ΤΥΠΟΥ Β ΜΕ ΤΟΠΟΘΕΤΗΣΗ ΕΝΔΟΑΥΛΙΚΟΥ STENT-GRAFT;;;;;
3481;X647957.15;ΑΝΕΥΡΥΣΜΑ ΑΝΙΟΥΣΗΣ ΑΟΡΤΗΣ. ΕΚΤΟΜΗ ΜΕ ΤΟΠΟΘΕΤΗΣΗ ΕΥΘΕΟΣ ΜΟΣΧΕΥΜΑΤΟΣ ΜΕ ΕΞΩΣΩΜΑΤΙΚΗ ΚΥΚΛΟΦΟΡΙΑ.;;;;;
3482;X647957.16;ΑΝΕΥΡΥΣΜΑ ΑΟΡΤΙΚΟΥ ΤΟΞΟΥ. ΤΟΠΟΘΕΤΗΣΗ ΜΟΣΧΕΥΜΑΤΟΣ ΚΑΙ ΕΠΑΝΕΜΦΥΤΕΥΣΗ ΤΩΝ ΒΡΑΧΙΟΝΟΚΕΦΑΛΙΚΩΝ ΑΓΓΕΙΩΝ ΜΕ ΕΞΩΣΩΜΑΤΙΚΗ ΚΥΚΛΟΦΟΡΙΑ.;;;;;
3483;X647957.17;ΑΝΕΥΡΥΣΜΑ ΑΟΡΤΙΚΟΥ ΤΟΞΟΥ. ΜΕΤΑΘΕΣΗ (DEROUTING) ΤΩΝ ΒΡΑΧΙΟΝΟΚΕΦΑΛΙΚΩΝ ΑΓΓΕΙΩΝ ΚΑΙ ΤΟΠΟΘΕΤΗΣΗ ΕΝΔΟΑΓΓΕΙΑΚΟΥ ΜΟΣΧΕΥΜΑΤΟΣ ΧΩΡΙΣ ΕΞΩΣΩΜΑΤΙΚΗ ΚΥΚΛΟΦΟΡΙΑ.;;;;;
3484;X647957.18;ΑΝΕΥΡΥΣΜΑ ΚΑΤΙΟΥΣΗΣ ΘΩΡΑΚΙΚΗΣ ΑΟΡΤΗΣ. ΕΚΤΟΜΗ ΚΑΙ ΤΟΠΟΘΕΤΗΣΗ ΜΟΣΧΕΥΜΑΤΟΣ ΜΕ ΘΩΡΑΚΟΤΟΜΗ, ΧΩΡΙΣ ΕΞΩΣΩΜΑΤΙΚΗ ΚΥΚΛΟΦΟΡΙΑ;;;;;
3485;X647957.19;ΑΝΕΥΡΥΣΜΑ ΚΑΤΙΟΥΣΗΣ ΘΩΡΑΚΙΚΗΣ ΑΟΡΤΗΣ. ΕΚΤΟΜΗ ΚΑΙ ΤΟΠΟΘΕΤΗΣΗ ΜΟΣΧΕΥΜΑΤΟΣ ΜΕ ΘΩΡΑΚΟΤΟΜΗ, ΜΕ ΜΕΡΙΚΗ ΚΑΡΔΙΟΠΝΕΥΜΟΝΙΚΗ ΠΑΡΑΚΑΜΨΗ;;;;;
3486;X647957.20;ΑΝΕΥΡΥΣΜΑ ΚΑΤΙΟΥΣΗΣ ΘΩΡΑΚΙΚΗΣ ΑΟΡΤΗΣ. ΤΟΠΟΘΕΤΗΣΗ ΕΝΔΟΑΥΛΙΚΟΥ ΜΟΣΧΕΥΜΑΤΟΣ.;;;;;
3487;X647957.21; ΘΩΡΑΚΟΚΟΙΛΙΑΚΟ ΑΝΕΥΡΥΣΜΑ. ΕΚΤΟΜΗ, ΤΟΠΟΘΕΤΗΣΗ ΜΟΣΧΕΥΜΑΤΟΣ ΚΑΙ ΕΠΑΝΕΜΦΥΤΕΥΣΗ ΤΩΝ ΑΡΤΗΡΙΑΚΩΝ ΚΛΑΔΩΝ ΜΕ ΕΞΩΣΩΜΑΤΙΚΗ ΚΥΚΛΟΦΟΡΙΑ. ΠΑΡΟΧΕΤΕΥΣΗ ΕΓΚΕΦΑΛΟΝΩΤΙΑΙΟΥ ΥΓΡΟΥ.;;;;;
3488;X647957.22; ΘΩΡΑΚΟΚΟΙΛΙΑΚΟ ΑΝΕΥΡΥΣΜΑ. ΕΚΤΟΜΗ, ΤΟΠΟΘΕΤΗΣΗ ΜΟΣΧΕΥΜΑΤΟΣ ΚΑΙ ΕΠΑΝΕΜΦΥΤΕΥΣΗ ΤΩΝ ΑΡΤΗΡΙΑΚΩΝ ΚΛΑΔΩΝ ΧΩΡΙΣ ΕΞΩΣΩΜΑΤΙΚΗ ΚΥΚΛΟΦΟΡΙΑ. ΠΑΡΟΧΕΤΕΥΣΗ ΕΓΚΕΦΑΛΟΝΩΤΙΑΙΟΥ ΥΓΡΟΥ.;;;;;
3489;X647957.23;ΑΝΕΠΑΡΚΕΙΑ ΑΟΡΤΙΚΗΣ ΒΑΛΒΙΔΑΣ. ΠΛΑΣΤΙΚΗ ΔΙΟΡΘΩΣΗ ΜΕ ΕΞΩΣΩΜΑΤΙΚΗ ΚΥΚΛΟΦΟΡΙΑ;;;;;
3490;X647957.24;ΣΤΕΝΩΣΗ ΑΟΡΤΙΚΗΣ ΒΑΛΒΙΔΑΣ. ΔΙΑΚΑΘΕΤΗΡΙΑ ΕΜΦΥΤΕΥΣΗ ΜΕΣΩ ΔΙΑΔΕΡΜΙΚΗΣ ΠΑΡΑΚΕΝΤΗΣΗΣ ΑΡΤΗΡΙΑΣ.;;;;;
3491;X647957.25;ΣΤΕΝΩΣΗ ΑΟΡΤΙΚΗΣ ΒΑΛΒΙΔΑΣ. ΔΙΑΚΑΘΕΤΗΡΙΑ ΕΜΦΥΤΕΥΣΗ ΜΕ ΑΝΟΙΧΤΗ ΠΑΡΑΣΚΕΥΗ ΤΗΣ ΑΝΑΛΟΓΗΣ ΑΡΤΗΡΙΑΣ.;;;;;
3492;X647957.26;ΣΤΕΝΩΣΗ ΑΟΡΤΙΚΗΣ ΒΑΛΒΙΔΑΣ. ΔΙΑΚΟΡΥΦΑΙΑ ΕΜΦΥΤΕΥΣΗ.;;;;;
3493;X647957.27;ΑΝΕΠΑΡΚΕΙΑ ΜΙΤΡΟΕΙΔΟΥΣ ΒΑΛΒΙΔΑΣ. ΕΝΔΟΣΚΟΠΙΚΗ ΔΙΟΡΘΩΣΗ ΜΕ ΕΞΩΣΩΜΑΤΙΚΗ ΚΥΚΛΟΦΟΡΙΑ.;;;;;
3494;X647957.28;ΑΝΕΠΑΡΚΕΙΑ ΜΙΤΡΟΕΙΔΟΥΣ ΒΑΛΒΙΔΑΣ. ΔΙΑΚΑΘΕΤΗΡΙΑ ΔΙΟΡΘΩΣΗ.;;;;;
3495;X647957.29;ΧΡΟΝΙΑ ΚΟΛΠΙΚΗ ΜΑΡΜΑΡΥΓΗ. ΘΩΡΑΚΟΣΚΟΠΙΚΗ ΚΑΤΑΛΥΣΗ.;;;;;
3496;X647957.30;ΑΡΔΙΑΚΗ ΑΝΕΠΑΡΚΕΙΑ ΤΕΛΙΚΟΥ ΣΤΑΔΙΟΥ. ΤΟΠΟΘΕΤΗΣΗ ΟΛΙΚΑ ΕΜΦΥΤΕΥΣΙΜΗΣ ΤΕΧΝΗΤΗΣ ΚΑΡΔΙΑΣ (TOTAL ARTIFICIAL HEART);;;;;
Β.13;ΜΕΓΑΛΑ ΑΓΓΕΙΑ ΘΩΡΑΚΑ;;;;;;
3497;X647961;ΕΜΒΟΛΕΚΤΟΜΗ Ή ΘΡΟΜΒΕΚΤΟΜΗ, ΜΕ Ή ΧΩΡΙΣ ΚΑΘΕΤΗΡΑ, ΚΑΡΩΤΙΔΑ ΥΠΟΚΛΕΙΔΙΑ Ή ΑΝΩΝΥΜΗ ΑΡΤΗΡΙΑ, ΜΕ ΤΡΑΧΗΛΙΚΗ ΤΟΜΗ;;;;;
3498;X648061;ΕΜΒΟΛΕΚΤΟΜΗ Ή ΘΡΟΜΒΕΚΤΟΜΗ, ΜΕ Ή ΧΩΡΙΣ ΚΑΘΕΤΗΡΑ, ΑΝΩΝΥΜΗ ΥΠΟΚΛΕΙΔΙΟΣ ΑΡΤΗΡΙΑ, ΜΕ ΘΩΡΑΚΙΚΗ ΤΟΜΗ;;;;;
3499;X648161;ΕΜΒΟΛΕΚΤΟΜΗ Ή ΘΡΟΜΒΕΚΤΟΜΗ, ΜΕ Ή ΧΩΡΙΣ ΚΑΘΕΤΗΡΑ, ΜΑΣΧΑΛΙΑΙΑ, ΒΡΑΧΙΟΝΙΑ, ΑΝΩΝΥΜΗ, ΥΠΟΚΛΕΙΔΙΟΣ ΑΡΤΗΡΙΑ, ΜΕ ΤΟΜΗ ΣΤΟΝ ΒΡΑΧΙΟΝΑ;;;;;
3500;X648181;ΕΜΒΟΛΕΚΤΟΜΗ Ή ΘΡΟΜΒΕΚΤΟΜΗ, ΜΕ Ή ΧΩΡΙΣ ΚΑΘΕΤΗΡΑ, ΚΕΡΚΙΔΙΚΗ Ή ΩΛΕΝΙΑ ΑΡΤΗΡΙΑ, ΜΕ ΤΟΜΗ ΣΤΟΝ ΠΗΧΥ;;;;;
3501;X648261;ΕΜΒΟΛΕΚΤΟΜΗ Ή ΘΡΟΜΒΕΚΤΟΜΗ, ΜΕ Ή ΧΩΡΙΣ ΚΑΘΕΤΗΡΑ, ΝΕΦΡΙΚΗ, ΚΟΙΛΙΑΚΗ, ΜΕΣΕΝΤΕΡΙΑ, ΑΟΡΤΟΛΑΓΟΝΙΑ ΑΡΤΗΡΙΑ, ΜΕ ΤΟΜΗ ΣΤΗΝ ΚΟΙΛΙΑΚΗ ΧΩΡΑ;;;;;
3502;X648361;ΕΜΒΟΛΕΚΤΟΜΗ Ή ΘΡΟΜΒΕΚΤΟΜΗ, ΜΕ Ή ΧΩΡΙΣ ΚΑΘΕΤΗΡΑ, ΜΗΡΟΪΓΝΥΑΚΗ, ΑΟΡΤΟΛΑΓΟΝΙΑ ΑΡΤΗΡΙΑ, ΜΕ ΤΟΜΗ ΣΤΟ ΚΑΤΩ ΑΚΡΟ;;;;;
3503;X648365;ΕΜΒΟΛΕΚΤΟΜΗ Ή ΘΡΟΜΒΕΚΤΟΜΗ, ΜΕ Ή ΧΩΡΙΣ ΚΑΘΕΤΗΡΑ, ΙΓΝΥΑΚΗ- ΚΝΗΜΙΑΙΑ -ΠΕΡΟΝΙΑΙΑ ΑΡΤΗΡΙΑ, ΜΕ ΤΟΜΗ ΣΤΟ ΚΑΤΩ ΑΚΡΟ;;;;;
3504;X648761;ΘΡΟΜΒΕΚΤΟΜΗ, ΑΜΕΣΗ Ή ΜΕ ΚΑΘΕΤΗΡΑ.  ΚΑΤΩ ΚΟΙΛΗ ΦΛΕΒΑ, ΛΑΓΟΝΙΑ ΦΛΕΒΑ, ΜΕ ΤΟΜΗ ΣΤΗΝ ΚΟΙΛΙΑΚΗ ΧΩΡΑ;;;;;
3505;X648801;ΘΡΟΜΒΕΚΤΟΜΗ, ΑΜΕΣΗ Ή ΜΕ ΚΑΘΕΤΗΡΑ.ΚΟΙΛΗ ΦΛΕΒΑ, ΛΑΓΟΝΙΑ, ΜΗΡΟΪΓΝΥΑΚΗ ΦΛΕΒΑ, ΜΕ ΤΟΜΗ ΣΤΟ ΚΑΤΩ ΑΚΡΟ;;;;;
3506;X648861;ΘΡΟΜΒΕΚΤΟΜΗ, ΑΜΕΣΗ Ή ΜΕ ΚΑΘΕΤΗΡΑ. ΚΟΙΛΗ ΦΛΕΒΑ, ΛΑΓΟΝΙΑ, ΜΗΡΟΪΓΝΥΑΚΗ ΦΛΕΒΑ, ΜΕ ΤΟΜΗ ΣΤΗΝ ΚΟΙΛΙΑΚΗ ΧΩΡΑ ΚΑΙ ΣΤΟ ΚΑΤΩ ΑΚΡΟ;;;;;
3507;X648901;ΘΡΟΜΒΕΚΤΟΜΗ, ΑΜΕΣΗ Ή ΜΕ ΚΑΘΕΤΗΡΑ. ΥΠΟΚΛΕΙΔΙΑ ΦΛΕΒΑ, ΜΕ ΤΟΜΗ ΣΤΟΝ ΤΡΑΧΗΛΟ;;;;;
3508;X648939;ΘΡΟΜΒΕΚΤΟΜΗ, ΑΜΕΣΗ Ή ΜΕ ΚΑΘΕΤΗΡΑ. ΜΑΣΧΑΛΙΑΙΑ ΚΑΙ ΥΠΟΚΛΕΙΔΙΑ ΦΛΕΒΑ,  ΜΕ ΤΟΜΗ ΣΤΟΝ ΒΡΑΧΙΟΝΑ;;;;;
3509;X648961;ΒΑΛΒΙΔΟΠΛΑΣΤΙΚΗ, ΜΗΡΙΑΙΑ ΦΛΕΒΑ;;;;;
3510;X648963;ΑΝΑΚΑΤΑΣΚΕΥΗ ΚΟΙΛΗΣ ΦΛΕΒΑΣ, ΚΑΘΕ ΜΕΘΟΔΟΣ;;;;;
3511;X648979;ΜΕΤΑΘΕΣΗ  ΦΛΕΒΙΚΗΣ ΒΑΛΒΙΔΑΣ, ΚΑΘΕ ΦΛΕΒΑΣ ΔΟΤΗ;;;;;
3512;X648999;ΔΙΑΣΤΑΥΡΟΥΜΕΝΟ ΦΛΕΒΙΚΟ ΜΟΣΧΕΥΜΑ ΣΤΟ ΦΛΕΒΙΚΟ ΣΥΣΤΗΜΑ;;;;;
3513;X649019;ΑΝΑΣΤΟΜΩΣΗ ΣΑΦΗΝΟΪΓΝΥΑΚΗΣ ΦΛΕΒΑΣ;;;;;
3514;X649559;ΕΝΔΑΓΓΕΙΑΚΗ ΑΠΟΚΑΤΑΣΤΑΣΗ ΑΝΕΥΡΥΣΜΑΤΟΣ ΚΟΙΛΙΑΚΗΣ ΑΟΡΤΗΣ ΚΑΤΩ ΑΠΟ ΤΟ ΕΠΙΠΕΔΟ ΤΩΝ ΝΕΦΡΙΚΩΝ ΑΡΤΗΡΙΩΝ Ή ΔΙΑΤΟΜΗ, ΜΕ ΤΗ ΣΥΡΑΦΗ ΠΡΟΣΘΕΤΙΚΟΥ ΑΟΡΤΟ-ΑΟΡΤΙΚΟΥ ΣΩΛΗΝΩΤΟΥ ΜΟΣΧΕΥΜΑΤΟΣ;;;;;
3515;X649563;ΕΝΔΑΓΓΕΙΑΚΗ ΑΠΟΚΑΤΑΣΤΑΣΗ ΑΝΕΥΡΥΣΜΑΤΟΣ ΚΟΙΛΙΑΚΗΣ ΑΟΡΤΗΣ ΚΑΤΩ ΑΠΟ ΤΟ ΕΠΙΠΕΔΟ ΤΩΝ ΝΕΦΡΙΚΩΝ ΑΡΤΗΡΙΩΝ Ή ΔΙΑΧΩΡΙΣΜΟΥ, ΜΕ ΧΡΗΣΗ ΔΙΧΑΛΩΤΟΥ ΜΟΣΧΕΥΜΑΤΟΣ (ΕΝΑ ΜΕΛΟΣ ΠΡΟΣΔΕΣΗΣ);;;;;
3516;X649565;ΕΝΔΑΓΓΕΙΑΚΗ ΑΠΟΚΑΤΑΣΤΑΣΗ ΑΝΕΥΡΥΣΜΑΤΟΣ ΚΟΙΛΙΑΚΗΣ ΑΟΡΤΗΣ ΚΑΤΩ ΑΠΟ ΤΟ ΕΠΙΠΕΔΟ ΤΩΝ ΝΕΦΡΙΚΩΝ ΑΡΤΗΡΙΩΝ Ή ΔΙΑΧΩΡΙΣΜΟΥ, ΜΕ ΧΡΗΣΗ ΔΙΧΑΛΩΤΟΥ ΜΟΣΧΕΥΜΑΤΟΣ (ΔΥΟ  ΜΕΛΗ ΠΡΟΣΔΕΣΗΣ);;;;;
3517;X649567;ΕΝΔΑΓΓΕΙΑΚΗ ΑΠΟΚΑΤΑΣΤΑΣΗ ΑΝΕΥΡΥΣΜΑΤΟΣ ΚΟΙΛΙΑΚΗΣ ΑΟΡΤΗΣ ΚΑΤΩ ΑΠΟ ΤΟ ΕΠΙΠΕΔΟ ΤΩΝ ΝΕΦΡΙΚΩΝ ΑΡΤΗΡΙΩΝ Ή ΔΙΑΧΩΡΙΣΜΟΥ, ΜΕ ΧΡΗΣΗ ΔΙΧΑΛΩΤΟΥ ΜΟΣΧΕΥΜΑΤΟΣ  ΕΝΙΑΙΟΥ ΣΩΜΑΤΟΣ;;;;;
3518;X649569;ΕΝΔΑΓΓΕΙΑΚΗ ΑΠΟΚΑΤΑΣΤΑΣΗ ΑΝΕΥΡΥΣΜΑΤΟΣ ΚΟΙΛΙΑΚΗΣ ΑΟΡΤΗΣ ΚΑΤΩ ΑΠΟ ΤΟ ΕΠΙΠΕΔΟ ΤΩΝ ΝΕΦΡΙΚΩΝ ΑΡΤΗΡΙΩΝ Ή ΔΙΑΧΩΡΙΣΜΟΥ, ΜΕ ΧΡΗΣΗ ΑΟΡΤΟ-ΛΑΓΟΝΙΟΥ Ή ΑΟΡΤΟ-ΜΗΡΙΑΙΟΥ ΜΟΣΧΕΥΜΑΤΟΣ;;;;;
3519;X649571;ΔΙΑΚΑΘΕΤΗΡΙΑΚΗ ΤΟΠΟΘΕΤΗΣΗ ΑΣΥΡΜΑΤΟΥ ΦΥΣΙΟΛΟΓΙΚΟΥ ΑΙΣΘΗΤΗΡΑ ΣΕ ΑΝΕΥΡΥΣΜΑΤΙΚΟ ΣΑΚΟ ΚΑΤΑ ΤΗΝ ΕΝΔΑΓΓΕΙΑΚΗ ΑΠΟΚΑΤΑΣΤΑΣΗ, ΠΕΡΙΛΑΜΒΑΝΕΙ ΑΚΤΙΝΟΛΟΓΙΚΗ ΕΠΙΒΛΕΨΗ ΚΑΙ ΕΡΜΗΝΕΙΑ, ΒΑΘΜΟΝΟΜΗΣΗ ΟΡΓΑΝΩΝ ΚΑΙ ΣΥΛΛΟΓΗ ΔΕΔΟΜΕΝΩΝ ΠΙΕΣΗΣ (ΝΑ ΚΑΤΑΓΡΑΦΕΤΑΙ ΞΕΧΩΡΙΣΤΑ ΜΑΖΙ ΜΕ ΤΟΝ ΚΩΔΙΚΟ ΓΙΑ ΤΗ ΒΑΣΙΚΗ ΕΠΕΜΒΑΣΗ);;;;;
3520;X649575;ΕΝΔΑΓΓΕΙΑΚΗ ΤΟΠΟΘΕΤΗΣΗ ΣΥΣΚΕΥΗΣ ΑΠΟΦΡΑΞΗΣ ΛΑΓΟΝΙΑΣ ΑΡΤΗΡΙΑΣ (ΝΑ ΚΑΤΑΓΡΑΦΕΤΑΙ ΞΕΧΩΡΙΣΤΑ ΜΑΖΙ ΜΕ ΤΟΝ ΚΩΔΙΚΟ ΓΙΑ ΤΗ ΒΑΣΙΚΗ ΕΠΕΜΒΑΣΗ);;;;;
3521;X649583;ΑΠΟΚΑΛΥΨΗ ΜΗΡΙΑΙΑΣ ΑΡΤΗΡΙΑΣ ΓΙΑ ΕΙΣΑΓΩΓΗ  ΕΝΔΑΓΓΕΙΑΚΗΣ ΠΡΟΘΕΣΗΣ,  ΜΕ ΒΟΥΒΩΝΙΚΗ ΤΟΜΗ, ΕΤΕΡΟΠΛΕΥΡΗ;;;;;
3522;X649585;ΤΟΠΟΘΕΤΗΣΗ ΜΗΡΟ-ΜΗΡΙΑΙΟΥ ΠΡΟΣΘΕΤΙΚΟΥ ΜΟΣΧΕΥΜΑΤΟΣ ΚΑΤΑ ΤΗΝ ΑΠΟΚΑΤΑΣΤΑΣΗ  ΕΝΔΑΓΓΕΙΑΚΟΥ ΑΟΡΤΙΚΟΥ ΑΝΕΥΡΥΣΜΑΤΟΣ (ΝΑ ΚΑΤΑΓΡΑΦΕΤΑΙ ΞΕΧΩΡΙΣΤΑ ΜΑΖΙ ΜΕ ΤΟΝ ΚΩΔΙΚΟ ΓΙΑ ΤΗ ΒΑΣΙΚΗ ΕΠΕΜΒΑΣΗ);;;;;
3523;X649599;ΑΠΟΚΑΛΥΨΗ ΛΑΓΟΝΙΑΣ ΑΡΤΗΡΙΑΣ ΓΙΑ ΕΙΣΑΓΩΓΗ ΕΝΔΑΓΓΕΙΑΚΗΣ ΠΡΟΘΕΣΗΣ Ή ΑΠΟΦΡΑΞΗ ΤΗΣ ΛΑΓΟΝΙΑΣ ΑΡΤΗΡΙΑΣ ΚΑΤΑ ΤΗ ΔΙΑΡΚΕΙΑ ΕΝΔΑΓΓΕΙΑΚΗΣ ΘΕΡΑΠΕΙΑΣ, ΜΕ ΚΟΙΛΙΑΚΗ Ή ΟΠΙΣΘΟΠΕΡΙΤΟΝΑΪΚΗ  ΤΟΜΗ, ΕΤΕΡΟΠΛΕΥΡΗ;;;;;
3524;X649609;ΤΟΠΟΘΕΤΗΣΗ  ΕΓΓΥΣ Ή ΠΕΡΙΦΕΡΙΚΗΣ  ΠΡΟΣΘΕΤΙΚΗΣ ΕΠΕΚΤΑΣΗΣ ΓΙΑ ΕΝΔΑΓΓΕΙΑΚΗ ΑΠΟΚΑΤΑΣΤΑΣΗ ΑΝΕΥΡΥΣΜΑΤΟΣ ΚΟΙΛΙΑΚΗΣ ΑΟΡΤΗΣ Η ΛΑΓΟΝΙΑΣ ΑΡΤΗΡΙΑΣ ΚΑΤΩ ΑΠΟ ΤΟ ΕΠΙΠΕΔΟ ΤΩΝ ΝΕΦΡΙΚΩΝ ΑΡΤΗΡΙΩΝ, ΨΕΥΔΟΑΝΕΥΡΥΣΜΑΤΟΣ,  Ή ΔΙΑΧΩΡΙΣΜΟΥ, ΑΡΧΙΚΟ ΑΓΓΕΙΟ;;;;;
3525;X649611;ΤΟΠΟΘΕΤΗΣΗ  ΕΓΓΥΣ Ή ΠΕΡΙΦΕΡΙΚΗΣ ΠΡΟΣΘΕΤΙΚΗΣ ΕΠΕΚΤΑΣΗΣ ΓΙΑ ΕΝΔΑΓΓΕΙΑΚΗ ΑΠΟΚΑΤΑΣΤΑΣΗ ΑΝΕΥΡΥΣΜΑΤΟΣ ΚΟΙΛΙΑΚΗΣ ΑΟΡΤΗΣ Ή ΛΑΓΟΝΙΑΣ ΑΡΤΗΡΙΑΣ ΚΑΤΩ ΑΠΟ ΤΟ ΕΠΙΠΕΔΟ ΤΩΝ ΝΕΦΡΙΚΩΝ ΑΡΤΗΡΙΩΝ, ΨΕΥΔΟΑΝΕΥΡΥΣΜΑΤΟΣ,  Ή ΔΙΑΧΩΡΙΣΜΟΥ, ΚΑΘΕ ΕΠΙΠΛΕΟΝ ΑΓΓΕΙΟ (ΝΑ ΚΑΤΑΓΡΑΦΕΤΑΙ ΞΕΧΩΡΙΣΤΑ ΜΑΖΙ ΜΕ ΤΟΝ ΚΩΔΙΚΟ ΓΙΑ ΤΗ ΒΑΣΙΚΗ ΔΙΑΔΙΚΑΣΙΑ);;;;;
3526;X649619;ΑΝΟΙΧΤΗ ΑΠΟΚΑΤΑΣΤΑΣΗ  ΑΝΕΥΡΥΣΜΑΤΟΣ Ή ΔΙΑΧΩΡΙΣΜΟΥ ΚΟΙΛΙΑΚΗΣ ΑΟΡΤΗΣ ΚΑΤΩ ΑΠΟ ΤΟ ΕΠΙΠΕΔΟ ΤΩΝ ΝΕΦΡΙΚΩΝ ΑΡΤΗΡΙΩΝ, ΚΑΙ ΑΠΟΚΑΤΑΣΤΑΣΗ ΠΑΡΑΛΛΗΛΟΥ ΑΡΤΗΡΙΑΚΟΥ ΤΡΑΥΜΑΤΟΣ, ΜΕΤΑ ΑΠΟ ΑΝΕΠΙΤΥΧΗ ΕΝΔΑΓΓΕΙΑΚΗ ΑΠΟΚΑΤΑΣΤΑΣΗ ΣΩΛΗΝΩΤΟ ΜΟΣΧΕΥΜΑ;;;;;
3527;X649621;ΑΝΟΙΧΤΗ ΑΠΟΚΑΤΑΣΤΑΣΗ  ΑΝΕΥΡΥΣΜΑΤΟΣ Ή ΔΙΑΧΩΡΙΣΜΟΥ ΚΟΙΛΙΑΚΗΣ ΑΟΡΤΗΣ ΚΑΤΩ ΑΠΟ ΤΟ ΕΠΙΠΕΔΟ ΤΩΝ ΝΕΦΡΙΚΩΝ ΑΡΤΗΡΙΩΝ, ΚΑΙ ΑΠΟΚΑΤΑΣΤΑΣΗ ΠΑΡΑΛΛΗΛΟΥ ΑΡΤΗΡΙΑΚΟΥ ΤΡΑΥΜΑΤΟΣ, ΜΕΤΑ ΑΠΟ ΑΝΕΠΙΤΥΧΗ ΕΝΔΑΓΓΕΙΑΚΗ ΑΠΟΚΑΤΑΣΤΑΣΗ ΔΙΧΑΛΩΤΟ ΑΟΡΤΟ-ΛΑΓΟΝΙΟ ΜΟΣΧΕΥΜΑ;;;;;
3528;X649623;ΑΝΟΙΧΤΗ ΑΠΟΚΑΤΑΣΤΑΣΗ  ΑΝΕΥΡΥΣΜΑΤΟΣ Ή ΔΙΑΧΩΡΙΣΜΟΥ ΚΟΙΛΙΑΚΗΣ ΑΟΡΤΗΣ ΚΑΤΩ ΑΠΟ ΤΟ ΕΠΙΠΕΔΟ ΤΩΝ ΝΕΦΡΙΚΩΝ ΑΡΤΗΡΙΩΝ, ΚΑΙ ΑΠΟΚΑΤΑΣΤΑΣΗ ΠΑΡΑΛΛΗΛΟΥ ΑΡΤΗΡΙΑΚΟΥ ΤΡΑΥΜΑΤΟΣ, ΜΕΤΑ ΑΠΟ ΑΝΕΠΙΤΥΧΗ ΕΝΔΑΓΓΕΙΑΚΗ ΑΠΟΚΑΤΑΣΤΑΣΗ ΔΙΧΑΛΩΤΟ ΑΟΡΤΟ-ΔΙ-ΜΗΡΙΑΙΟ ΜΟΣΧΕΥΜΑ;;;;;
3529;X649625;ΑΠΟΚΑΛΥΨΗ ΛΑΓΟΝΙΑΣ ΑΡΤΗΡΙΑΣ ΜΕ ΔΗΜΙΟΥΡΓΙΑ ΑΓΩΓΟΥ ΓΙΑ ΑΟΡΤΙΚΗ Ή ΛΑΓΟΝΙΑ ΕΝΔΑΓΓΕΙΑΚΗ ΠΡΟΘΕΣΗ, ΜΕ ΚΟΙΛΙΑΚΗ Ή ΟΠΙΣΘΟΠΕΡΙΤΟΝΑΪΚΗ ΤΟΜΗ, ΕΤΕΡΟΠΛΕΥΡΗ;;;;;
3530;X649627;ΧΕΙΡΟΥΡΓΙΚΗ ΑΠΟΚΑΛΥΨΗ ΒΡΑΧΙΟΝΙΑΣ ΑΡΤΗΡΙΑΣ ΓΙΑ ΤΗΝ ΥΠΟΣΤΗΡΙΞΗ ΑΝΑΠΤΥΞΗΣ ΑΟΡΤΙΚΗΣ Ή ΛΑΓΟΝΙΑΣ ΕΝΔΑΓΓΕΙΑΚΗΣ ΠΡΟΘΕΣΗΣ, ΜΕ ΤΟΜΗ ΣΤΟΝ ΒΡΑΧΙΟΝΑ, ΕΤΕΡΟΠΛΕΥΡΗ;;;;;
3531;X649759;ΕΝΔΑΓΓΕΙΑΚΗ ΤΟΠΟΘΕΤΗΣΗ ΜΟΣΧΕΥΜΑΤΟΣ ΓΙΑ ΤΗΝ ΑΠΟΚΑΤΑΣΤΑΣΗ ΛΑΓΟΝΙΑΣ ΑΡΤΗΡΙΑΣ (Π.Χ. ΑΝΕΥΡΥΣΜΑ, ΨΕΥΔΟΑΝΕΥΡΥΣΜΑ, ΑΡΤΗΡΙΟΦΛΕΒΙΚΗ ΑΝΩΜΑΛΙΑ, ΤΡΑΥΜΑ);;;;;
3532;X649961;ΑΜΕΣΗ ΑΠΟΚΑΤΑΣΤΑΣΗ ΑΝΕΥΡΥΣΜΑΤΟΣ, ΨΕΥΔΟΑΝΕΥΡΥΣΜΑΤΟΣ, 'Η ΕΚΤΟΜΗ (ΜΕΡΙΚΗ Ή ΟΛΙΚΗ) ΚΑΙ ΕΙΣΑΓΩΓΗ ΜΟΣΧΕΥΜΑΤΟΣ ΜΕ 'Η ΧΩΡΙΣ ΕΜΒΑΛΩΜΑΤΙΚΟ ΜΟΣΧΕΥΜΑ. ΓΙΑ ΑΝΕΥΡΥΣΜΑ  ΚΑΙ ΣΧΕTIZOMENH ΑΠΟΦΡΑΚΤΙΚΗ ΝΟΣΟ, ΚΑΡΩΤΙΔΑ, ΥΠΟΚΛΕΙΔΙΑ ΑΡΤΗΡΙΑ, ΜΕ ΤΡΑΧΗΛΙΚΗ ΤΟΜΗ;;;;;
3533;X649963;ΑΜΕΣΗ ΑΠΟΚΑΤΑΣΤΑΣΗ ΑΝΕΥΡΥΣΜΑΤΟΣ, ΨΕΥΔΟΑΝΕΥΡΥΣΜΑΤΟΣ, 'Η ΕΚΤΟΜΗ (ΜΕΡΙΚΗ Ή ΟΛΙΚΗ) ΚΑΙ ΕΙΣΑΓΩΓΗ ΜΟΣΧΕΥΜΑΤΟΣ ΜΕ Ή ΧΩΡΙΣ ΕΜΒΑΛΩΜΑΤΙΚΟ ΜΟΣΧΕΥΜΑ. ΓΙΑ ΔΙΑΡΡΗΓΜΕΝΟ ΑΝΕΥΡΥΣΜΑ, ΚΑΡΩΤΙΔΑ, ΥΠΟΚΛΕΙΔΙΟΣ ΑΡΤΗΡΙΑ, ΜΕ ΤΡΑΧΗΛΙΚΗ ΤΟΜΗ;;;;;
3534;X649969;ΑΜΕΣΗ ΑΠΟΚΑΤΑΣΤΑΣΗ ΑΝΕΥΡΥΣΜΑΤΟΣ, ΨΕΥΔΟΑΝΕΥΡΥΣΜΑΤΟΣ, 'Η ΕΚΤΟΜΗ (ΜΕΡΙΚΗ Ή ΟΛΙΚΗ) ΚΑΙ ΕΙΣΑΓΩΓΗ ΜΟΣΧΕΥΜΑΤΟΣ ΜΕ 'Η ΧΩΡΙΣ ΕΜΒΑΛΩΜΑΤΙΚΟ ΜΟΣΧΕΥΜΑ. ΓΙΑ ΑΝΕΥΡΥΣΜΑ,  ΨΕΥΔΟΑΝΕΥΡΥΣΜΑ ΚΑΙ ΣΧΕΤΙΖΟΜΕΝΗ ΑΠΟΦΡΑΚΤΙΚΗ ΝΟΣΟ, ΣΠΟΝΔΥΛΙΚΗ ΑΡΤΗΡΙΑ;;;;;
3535;X649981;ΑΜΕΣΗ ΑΠΟΚΑΤΑΣΤΑΣΗ ΑΝΕΥΡΥΣΜΑΤΟΣ, ΨΕΥΔΟΑΝΕΥΡΥΣΜΑΤΟΣ, 'Η ΕΚΤΟΜΗ (ΜΕΡΙΚΗ Ή ΟΛΙΚΗ) ΚΑΙ ΕΙΣΑΓΩΓΗ ΜΟΣΧΕΥΜΑΤΟΣ ΜΕ 'Η ΧΩΡΙΣ ΕΜΒΑΛΩΜΑΤΙΚΟ ΜΟΣΧΕΥΜΑ. ΓΙΑ ΑΝΕΥΡΥΣΜΑ  ΚΑΙ ΣΧΕΤΙΖΟΜΕΝΗ ΑΠΟΦΡΑΚΤΙΚΗ ΝΟΣΟ, ΜΑΣΧΑΛΙΑΙΑ-ΒΡΑΧΙΟΝΙΑ ΑΡΤΗΡΙΑ, ΜΕ ΤΟΜΗ ΣΤΟΝ ΒΡΑΧΙΟΝΑ;;;;;
3536;X649985;ΑΜΕΣΗ ΑΠΟΚΑΤΑΣΤΑΣΗ ΑΝΕΥΡΥΣΜΑΤΟΣ, ΨΕΥΔΟΑΝΕΥΡΥΣΜΑΤΟΣ, 'Η ΕΚΤΟΜΗ (ΜΕΡΙΚΗ Ή ΟΛΙΚΗ) ΚΑΙ ΕΙΣΑΓΩΓΗ ΜΟΣΧΕΥΜΑΤΟΣ ΜΕ Ή ΧΩΡΙΣ ΕΜΒΑΛΩΜΑΤΙΚΟ ΜΟΣΧΕΥΜΑ ΓΙΑ ΔΙΑΡΡΗΓΜΕΝΟ ΑΝΕΥΡΥΣΜΑ, ΜΑΣΧΑΛΙΑΙΑ - ΒΡΑΧΙΟΝΙΑ ΑΡΤΗΡΙΑ, ΜΕ ΤΟΜΗ ΣΤΟΝ ΒΡΑΧΙΟΝΑ;;;;;
3537;X650001;ΑΜΕΣΗ ΑΠΟΚΑΤΑΣΤΑΣΗ ΑΝΕΥΡΥΣΜΑΤΟΣ, ΨΕΥΔΟΑΝΕΥΡΥΣΜΑΤΟΣ, 'Η ΕΚΤΟΜΗ (ΜΕΡΙΚΗ Ή ΟΛΙΚΗ) ΚΑΙ ΕΙΣΑΓΩΓΗ ΜΟΣΧΕΥΜΑΤΟΣ ΜΕ 'Η ΧΩΡΙΣ ΕΜΒΑΛΩΜΑΤΙΚΟ ΜΟΣΧΕΥΜΑ. ΓΙΑ ΑΝΕΥΡΥΣΜΑ  ΨΕΥΔΟΑΝΕΥΡΥΣΜΑ, ΚΑΙ ΣΧΕΤΙΖΟΜΕΝΗ ΑΠΟΦΡΑΚΤΙΚΗ ΝΟΣΟ. ΑΝΩΝΥΜΗ, ΥΠΟΚΛΕΙΔΙΟΣ ΑΡΤΗΡΙΑ, ΜΕ ΤΟΜΗ ΣΤΟ ΘΩΡΑΚΙΚΟ ΤΟΙΧΩΜΑ;;;;;
3538;X650003;ΑΜΕΣΗ ΑΠΟΚΑΤΑΣΤΑΣΗ ΑΝΕΥΡΥΣΜΑΤΟΣ, ΨΕΥΔΟΑΝΕΥΡΥΣΜΑΤΟΣ, Ή ΕΚΤΟΜΗ (ΜΕΡΙΚΗ Ή ΟΛΙΚΗ) ΚΑΙ ΕΙΣΑΓΩΓΗ ΜΟΣΧΕΥΜΑΤΟΣ ΜΕ Ή ΧΩΡΙΣ ΕΜΒΑΛΩΜΑΤΙΚΟ ΜΟΣΧΕΥΜΑ. ΓΙΑ ΔΙΑΡΡΗΓΜΕΝΟ ΑΝΕΥΡΥΣΜΑ, ΑΝΩΝΥΜΗ, ΥΠΟΚΛΕΙΔΙΟΣ ΑΡΤΗΡΙΑ, ΜΕ ΤΟΜΗ ΣΤΟ ΘΩΡΑΚΙΚΟ ΤΟΙΧΩΜΑ;;;;;
3539;X650049;ΑΜΕΣΗ ΑΠΟΚΑΤΑΣΤΑΣΗ ΑΝΕΥΡΥΣΜΑΤΟΣ, ΨΕΥΔΟΑΝΕΥΡΥΣΜΑΤΟΣ, Ή ΕΚΤΟΜΗ (ΜΕΡΙΚΗ Ή  ΟΛΙΚΗ) ΚΑΙ ΕΙΣΑΓΩΓΗ ΜΟΣΧΕΥΜΑΤΟΣ ΜΕ Ή ΧΩΡΙΣ ΕΜΒΑΛΩΜΑΤΙΚΟ ΜΟΣΧΕΥΜΑ. ΓΙΑ ΑΝΕΥΡΥΣΜΑ  ΨΕΥΔΟΑΝΕΥΡΥΣΜΑ, ΚΑΙ ΣΧΕΤΙΖΟΜΕΝΗ ΑΠΟΦΡΑΚΤΙΚΗ ΝΟΣΟ, ΚΕΡΚΙΔΙΚΗΣ Η ΩΛΕΝΙΑΣ ΑΡΤΗΡΙΑΣ;;;;;
3540;X650121;ΑΜΕΣΗ ΑΠΟΚΑΤΑΣΤΑΣΗ ΑΝΕΥΡΥΣΜΑΤΟΣ, ΨΕΥΔΟΑΝΕΥΡΥΣΜΑΤΟΣ, Ή ΕΚΤΟΜΗ (ΜΕΡΙΚΗ Ή ΟΛΙΚΗ) ΚΑΙ ΕΙΣΑΓΩΓΗ ΜΟΣΧΕΥΜΑΤΟΣ ΜΕ Ή ΧΩΡΙΣ ΕΜΒΑΛΩΜΑΤΙΚΟ ΜΟΣΧΕΥΜΑ ΓΙΑ ΑΝΕΥΡΥΣΜΑ  ΨΕΥΔΟΑΝΕΥΡΥΣΜΑ, ΚΑΙ ΣΧΕΤΙΖΟΜΕΝΗ ΑΠΟΦΡΑΚΤΙΚΗ  ΝΟΣΟ, ΚΟΙΛΙΑΚΗ ΑΟΡΤΗ;;;;;
3541;X650123;ΑΜΕΣΗ ΑΠΟΚΑΤΑΣΤΑΣΗ ΑΝΕΥΡΥΣΜΑΤΟΣ, ΨΕΥΔΟΑΝΕΥΡΥΣΜΑΤΟΣ, Ή ΕΚΤΟΜΗ (ΜΕΡΙΚΗ Ή ΟΛΙΚΗ) ΚΑΙ ΕΙΣΑΓΩΓΗ ΜΟΣΧΕΥΜΑΤΟΣ ΜΕ Ή ΧΩΡΙΣ ΕΜΒΑΛΩΜΑΤΙΚΟ ΜΟΣΧΕΥΜΑ. ΓΙΑ ΔΙΑΡΡΗΓΜΕΝΟ ΑΝΕΥΡΥΣΜΑ, ΚΟΙΛΙΑΚΗ ΑΟΡΤΗ;;;;;
3542;X650141;ΑΜΕΣΗ ΑΠΟΚΑΤΑΣΤΑΣΗ ΑΝΕΥΡΥΣΜΑΤΟΣ, ΨΕΥΔΟΑΝΕΥΡΥΣΜΑΤΟΣ, Ή ΕΚΤΟΜΗ (ΜΕΡΙΚΗ Ή  ΟΛΙΚΗ) ΚΑΙ ΕΙΣΑΓΩΓΗ ΜΟΣΧΕΥΜΑΤΟΣ ΜΕ Ή ΧΩΡΙΣ ΕΜΒΑΛΩΜΑΤΙΚΟ  ΜΟΣΧΕΥΜΑ. ΓΙΑ ΑΝΕΥΡΥΣΜΑ  ΨΕΥΔΟΑΝΕΥΡΥΣΜΑ,ΚΑΙ ΣΧΕΤΙΖΟΜΕΝΗ ΑΠΟΦΡΑΚΤΙΚΗ ΝΟΣΟ, ΚΟΙΛΙΑΚΗ ΑΟΡΤΗ  ΠΟΥ ΠΕΡΙΛΑΜΒΑΝΕΙ ΣΠΛΑΧΝΙΚΑ ΑΓΓΕΙΑ (ΜΕΣΕΝΤΕΡΙΑ , ΚΟΙΛΙΑΚΗ,  ΝΕΦΡΙΚΗ);;;;;
3543;X650143;ΑΜΕΣΗ ΑΠΟΚΑΤΑΣΤΑΣΗ ΑΝΕΥΡΥΣΜΑΤΟΣ, ΨΕΥΔΟΑΝΕΥΡΥΣΜΑΤΟΣ, Ή ΕΚΤΟΜΗ (ΜΕΡΙΚΗ Ή  ΟΛΙΚΗ) ΚΑΙ ΕΙΣΑΓΩΓΗ ΜΟΣΧΕΥΜΑΤΟΣ ΜΕ Ή ΧΩΡΙΣ ΕΜΒΑΛΩΜΑΤΙΚΟ ΜΟΣΧΕΥΜΑ. ΓΙΑ ΔΙΑΡΡΗΓΜΕΝΟ  ΑΝΕΥΡΥΣΜΑ, ΚΟΙΛΙΑΚΗ ΑΟΡΤΗ ΠΟΥ ΠΕΡΙΛΑΜΒΑΝΕΙ ΣΠΛΑΧΝΙΚΑ ΑΓΓΕΙΑ (ΜΕΣΕΝΤΕΡΙΑ, ΚΟΙΛΙΑΚΗ , ΝΕΦΡΙΚΗ);;;;;
3544;X650163;ΑΜΕΣΗ ΑΠΟΚΑΤΑΣΤΑΣΗ ΑΝΕΥΡΥΣΜΑΤΟΣ, ΨΕΥΔΟΑΝΕΥΡΥΣΜΑΤΟΣ, Ή ΕΚΤΟΜΗ (ΜΕΡΙΚΗ Ή  ΟΛΙΚΗ) ΚΑΙ ΕΙΣΑΓΩΓΗ  ΜΟΣΧΕΥΜΑΤΟΣ ΜΕ Ή ΧΩΡΙΣ ΕΜΒΑΛΩΜΑΤΙΚΟ  ΜΟΣΧΕΥΜΑ. ΓΙΑ ΑΝΕΥΡΥΣΜΑ  ΨΕΥΔΟΑΝΕΥΡΥΣΜΑ, ΚΑΙ ΣΧΕΤΙΖΟΜΕΝΗ ΑΠΟΦΡΑΚΤΙΚΗ ΝΟΣΟ, ΚΟΙΛΙΑΚΗ ΑΟΡΤΗ  ΠΟΥ ΠΕΡΙΛΑΜΒΑΝΕΙ ΛΑΓΟΝΙΑ ΑΓΓΕΙΑ (ΚΟΙΝΗ ΛΑΓΟΝΙΑ, ΥΠΟΓΑΣΤΡΙΚΗ , ΕΞΩ ΛΑΓΟΝΙΑ);;;;;
3545;X650165;ΑΜΕΣΗ ΑΠΟΚΑΤΑΣΤΑΣΗ ΑΝΕΥΡΥΣΜΑΤΟΣ, ΨΕΥΔΟΑΝΕΥΡΥΣΜΑΤΟΣ, Ή ΕΚΤΟΜΗ (ΜΕΡΙΚΗ Ή  ΟΛΙΚΗ) ΚΑΙ ΕΙΣΑΓΩΓΗ  ΜΟΣΧΕΥΜΑΤΟΣ ΜΕ Ή ΧΩΡΙΣ ΕΜΒΑΛΩΜΑΤΙΚΟ ΜΟΣΧΕΥΜΑ. ΓΙΑ ΔΙΑΡΡΗΓΜΕΝΟ  ΑΝΕΥΡΥΣΜΑ, ΚΟΙΛΙΑΚΗ ΑΟΡΤΗ ΠΟΥ ΕΜΠΛΕΚΕΙ ΛΑΓΟΝΙΑ ΑΓΓΕΙΑ (ΚΟΙΝΗ ΛΑΓΟΝΙΑ, ΥΠΟΓΑΣΤΡΙΚΗ,  ΕΞΩ ΛΑΓΟΝΙΑ);;;;;
3546;X650181;ΑΜΕΣΗ ΑΠΟΚΑΤΑΣΤΑΣΗ ΑΝΕΥΡΥΣΜΑΤΟΣ, ΨΕΥΔΟΑΝΕΥΡΥΣΜΑΤΟΣ, Ή ΕΚΤΟΜΗ (ΜΕΡΙΚΗ Ή ΟΛΙΚΗ) ΚΑΙ ΕΙΣΑΓΩΓΗ ΜΟΣΧΕΥΜΑΤΟΣ ΜΕ Ή ΧΩΡΙΣ ΕΜΒΑΛΩΜΑΤΙΚΟ ΜΟΣΧΕΥΜΑ. ΓΙΑ ΑΝΕΥΡΥΣΜΑ  ΨΕΥΔΟΑΝΕΥΡΥΣΜΑ, ΚΑΙ ΣΧΕΤΙΖΟΜΕΝΗ ΑΠΟΦΡΑΚΤΙΚΗ ΝΟΣΟ, ΣΠΛΗΝΙΚΗ ΑΡΤΗΡΙΑ;;;;;
3547;X650183;ΑΜΕΣΗ ΑΠΟΚΑΤΑΣΤΑΣΗ ΑΝΕΥΡΥΣΜΑΤΟΣ, ΨΕΥΔΟΑΝΕΥΡΥΣΜΑΤΟΣ, Ή ΕΚΤΟΜΗ (ΜΕΡΙΚΗ Ή  ΟΛΙΚΗ) ΚΑΙ ΕΙΣΑΓΩΓΗ ΜΟΣΧΕΥΜΑΤΟΣ ΜΕ Ή ΧΩΡΙΣ ΕΜΒΑΛΩΜΑΤΙΚΟ ΜΟΣΧΕΥΜΑ ΓΙΑ ΔΙΑΡΡΗΓΜΕΝΟ ΑΝΕΥΡΥΣΜΑ, ΣΠΛΗΝΙΚΗ ΑΡΤΗΡΙΑ;;;;;
3548;X650201;ΑΜΕΣΗ ΑΠΟΚΑΤΑΣΤΑΣΗ ΑΝΕΥΡΥΣΜΑΤΟΣ, ΨΕΥΔΟΑΝΕΥΡΥΣΜΑΤΟΣ, Ή ΕΚΤΟΜΗ (ΜΕΡΙΚΗ Ή  ΟΛΙΚΗ)ΚΑΙ ΕΙΣΑΓΩΓΗ ΜΟΣΧΕΥΜΑΤΟΣ ΜΕ Ή ΧΩΡΙΣ ΕΜΒΑΛΩΜΑΤΙΚΟ ΜΟΣΧΕΥΜΑ. ΓΙΑ ΑΝΕΥΡΥΣΜΑ, ΨΕΥΔΟΑΝΕΥΡΥΣΜΑ, ΚΑΙ ΣΧΕΤΙΖΟΜΕΝΗ ΑΠΟΦΡΑΚΤΙΚΗ ΝΟΣΟ, ΗΠΑΤΙΚΗ, ΚΟΙΛΙΑΚΗ ΝΕΦΡΙΚΗ, Ή ΜΕΣΕΝΤΕΡΙΑ ΑΡΤΗΡΙΑ;;;;;
3549;X650203;ΑΜΕΣΗ ΑΠΟΚΑΤΑΣΤΑΣΗ ΑΝΕΥΡΥΣΜΑΤΟΣ, ΨΕΥΔΟΑΝΕΥΡΥΣΜΑΤΟΣ, Ή ΕΚΤΟΜΗ (ΜΕΡΙΚΗ Ή  ΟΛΙΚΗ)ΚΑΙ ΕΙΣΑΓΩΓΗ ΜΟΣΧΕΥΜΑΤΟΣ ΜΕ Ή ΧΩΡΙΣ ΕΜΒΑΛΩΜΑΤΙΚΟ ΜΟΣΧΕΥΜΑ. ΓΙΑ ΔΙΑΡΡΗΓΜΕΝΟ ΑΝΕΥΡΥΣΜΑ, ΗΠΑΤΙΚΗ, ΚΟΙΛΙΑΚΗ, ΝΕΦΡΙΚΗ ΚΑΙ ΜΕΣΕΝΤΕΡΙΑ ΑΡΤΗΡΙΑ;;;;;
3550;X650221;ΑΜΕΣΗ ΑΠΟΚΑΤΑΣΤΑΣΗ ΑΝΕΥΡΥΣΜΑΤΟΣ, ΨΕΥΔΟΑΝΕΥΡΥΣΜΑΤΟΣ, Ή ΕΚΤΟΜΗ (ΜΕΡΙΚΗ Ή  ΟΛΙΚΗ)ΚΑΙ ΕΙΣΑΓΩΓΗ ΜΟΣΧΕΥΜΑΤΟΣ ΜΕ Ή ΧΩΡΙΣ ΕΜΒΑΛΩΜΑΤΙΚΟ  ΜΟΣΧΕΥΜΑ. ΓΙΑ ΑΝΕΥΡΥΣΜΑ,  ΨΕΥΔΟΑΝΕΥΡΥΣΜΑ, ΚΑΙ ΣΧΕΤΙΖΟΜΕΝΗ ΑΠΟΦΡΑΚΤΙΚΗ ΝΟΣΟ, ΛΑΓΟΝΙΑ ΑΡΤΗΡΙΑ (ΚΟΙΝΗ ΛΑΓΟΝΙΑ, ΥΠΟΓΑΣΤΡΙΚΗ, ΕΞΩ ΛΑΓΟΝΙΑ);;;;;
3551;X650223;ΑΜΕΣΗ ΑΠΟΚΑΤΑΣΤΑΣΗ ΑΝΕΥΡΥΣΜΑΤΟΣ, ΨΕΥΔΟΑΝΕΥΡΥΣΜΑΤΟΣ, Ή ΕΚΤΟΜΗ (ΜΕΡΙΚΗ Ή  ΟΛΙΚΗ) ΚΑΙ ΕΙΣΑΓΩΓΗ ΜΟΣΧΕΥΜΑΤΟΣ ΜΕ Ή ΧΩΡΙΣ ΕΜΒΑΛΩΜΑΤΙΚΟ  ΜΟΣΧΕΥΜΑ. ΓΙΑ ΔΙΑΡΡΗΓΜΕΝΟ  ΑΝΕΥΡΥΣΜΑ, ΛΑΓΟΝΙΑ ΑΡΤΗΡΙΑ (ΚΟΙΝΗ ΛΑΓΟΝΙΑ, ΥΠΟΓΑΣΤΡΙΚΗ, ΕΞΩ ΛΑΓΟΝΙΑ);;;;;
3552;X650241;ΑΜΕΣΗ ΑΠΟΚΑΤΑΣΤΑΣΗ ΑΝΕΥΡΥΣΜΑΤΟΣ, ΨΕΥΔΟΑΝΕΥΡΥΣΜΑΤΟΣ, Ή ΕΚΤΟΜΗ (ΜΕΡΙΚΗ Ή  ΟΛΙΚΗ) ΚΑΙ ΕΙΣΑΓΩΓΗ ΜΟΣΧΕΥΜΑΤΟΣ ΜΕ Ή ΧΩΡΙΣ ΕΜΒΑΛΩΜΑΤΙΚΟ ΜΟΣΧΕΥΜΑ. ΓΙΑ ΑΝΕΥΡΥΣΜΑ  ΨΕΥΔΟΑΝΕΥΡΥΣΜΑ, ΚΑΙ ΣΥΝΟΔΟ  ΑΠΟΦΡΑΚΤΙΚΗ  ΝΟΣΟ, ΚΟΙΝΗ ΜΗΡΙΑΙΑ ΑΡΤΗΡΙΑ  ΕΝ ΤΩ ΒΑΘΕΙ ΚΑΙ ΕΠΙΠΟΛΗΣ ΜΗΡΙΑΙΑ);;;;;
3553;X650243;ΑΜΕΣΗ ΑΠΟΚΑΤΑΣΤΑΣΗ ΑΝΕΥΡΥΣΜΑΤΟΣ, ΨΕΥΔΟΑΝΕΥΡΥΣΜΑΤΟΣ, Ή ΕΚΤΟΜΗ (ΜΕΡΙΚΗ Ή  ΟΛΙΚΗ) ΚΑΙ ΕΙΣΑΓΩΓΗ ΜΟΣΧΕΥΜΑΤΟΣ ΜΕ Ή ΧΩΡΙΣ ΕΜΒΑΛΩΜΑΤΙΚΟ ΜΟΣΧΕΥΜΑ. ΓΙΑ ΔΙΑΡΡΗΓΜΕΝΟ ΑΝΕΥΡΥΣΜΑ, ΚΟΙΝΗ ΜΗΡΙΑΙΑ ΑΡΤΗΡΙΑ (ΕΝ ΤΩ ΒΑΘΕΙ ΜΗΡΙΑΙΑ ΚΑΙ ΕΠΙΠΟΛΗΣ ΜΗΡΙΑΙΑ);;;;;
3554;X650261;ΑΜΕΣΗ ΑΠΟΚΑΤΑΣΤΑΣΗ ΑΝΕΥΡΥΣΜΑΤΟΣ, ΨΕΥΔΟΑΝΕΥΡΥΣΜΑΤΟΣ, Ή ΕΚΤΟΜΗ (ΜΕΡΙΚΗ Ή  ΟΛΙΚΗ) ΚΑΙ ΕΙΣΑΓΩΓΗ ΜΟΣΧΕΥΜΑΤΟΣ ΜΕ Ή ΧΩΡΙΣ ΕΜΒΑΛΩΜΑΤΙΚΟ  ΜΟΣΧΕΥΜΑ. ΓΙΑ ΑΝΕΥΡΥΣΜΑ  ΨΕΥΔΟΑΝΕΥΡΥΣΜΑ, ΚΑΙ ΣΥΝΟΔΟ ΑΠΟΦΡΑΚΤΙΚΗ  ΝΟΣΟ, ΙΓΝΥΑΚΗ ΑΡΤΗΡΙΑ;;;;;
3555;X650263;ΑΜΕΣΗ ΑΠΟΚΑΤΑΣΤΑΣΗ ΑΝΕΥΡΥΣΜΑΤΟΣ, ΨΕΥΔΟΑΝΕΥΡΥΣΜΑΤΟΣ, Ή ΕΚΤΟΜΗ (ΜΕΡΙΚΗ Ή  ΟΛΙΚΗ) ΚΑΙ ΕΙΣΑΓΩΓΗ ΜΟΣΧΕΥΜΑΤΟΣ ΜΕ Ή ΧΩΡΙΣ ΕΜΒΑΛΩΜΑΤΙΚΟ  ΜΟΣΧΕΥΜΑ. ΓΙΑ ΔΙΑΡΡΗΓΜΕΝΟ  ΑΝΕΥΡΥΣΜΑ, ΙΓΝΥΑΚΗ ΑΡΤΗΡΙΑ;;;;;
3556;X650319;ΑΠΟΚΑΤΑΣΤΑΣΗ, ΣΥΓΓΕΝΕΣ ΑΡΤΗΡΙΟΦΛΕΒΙΚΟ ΣΥΡΙΓΓΙΟ. ΚΕΦΑΛΗ ΚΑΙ ΤΡΑΧΗΛΟΣ;;;;;
3557;X650323;ΑΠΟΚΑΤΑΣΤΑΣΗ, ΣΥΓΓΕΝΕΣ ΑΡΤΗΡΙΟΦΛΕΒΙΚΟ ΣΥΡΙΓΓΙΟ. ΘΩΡΑΚΑΣ ΚΑΙ ΚΟΙΛΙΑΚΗ ΧΩΡΑ;;;;;
3558;X650327;ΑΠΟΚΑΤΑΣΤΑΣΗ, ΣΥΓΓΕΝΕΣ ΑΡΤΗΡΙΟΦΛΕΒΙΚΟ ΣΥΡΙΓΓΙΟ. ΑΚΡΑ;;;;;
3559;X650335;ΑΠΟΚΑΤΑΣΤΑΣΗ, ΕΠΙΚΤΗΤΟ Ή ΤΡΑΥΜΑΤΙΚΟ ΑΡΤΗΡΙΟΦΛΕΒΙΚΟ ΣΥΡΙΓΓΙΟ. ΚΕΦΑΛΗ ΚΑΙ ΤΡΑΧΗΛΟΣ;;;;;
3560;X650337;ΑΠΟΚΑΤΑΣΤΑΣΗ, ΕΠΙΚΤΗΤΟ Ή ΤΡΑΥΜΑΤΙΚΟ ΑΡΤΗΡΙΟΦΛΕΒΙΚΟ ΣΥΡΙΓΓΙΟ. ΘΩΡΑΚΑΣ ΚΑΙ ΚΟΙΛΙΑΚΗ ΧΩΡΑ;;;;;
3561;X650339;ΑΠΟΚΑΤΑΣΤΑΣΗ, ΕΠΙΚΤΗΤΟ Ή ΤΡΑΥΜΑΤΙΚΟ ΑΡΤΗΡΙΟΦΛΕΒΙΚΟ ΣΥΡΙΓΓΙΟ.ΑΚΡΑ;;;;;
3562;X650361;ΑΠΟΚΑΤΑΣΤΑΣΗ ΑΙΜΟΦΟΡΟΥ ΑΓΓΕΙΟΥ, ΑΜΕΣΗ. ΤΡΑΧΗΛΟΣ;;;;;
3563;X650371;ΑΠΟΚΑΤΑΣΤΑΣΗ ΑΙΜΟΦΟΡΟΥ ΑΓΓΕΙΟΥ, ΑΜΕΣΗ. ΑΝΩ ΑΚΡΟ;;;;;
3564;X650373;ΑΠΟΚΑΤΑΣΤΑΣΗ ΑΙΜΟΦΟΡΟΥ ΑΓΓΕΙΟΥ. ΑΜΕΣΗ. ΑΚΡΑ ΧΕΙΡ, ΔΑΚΤΥΛΟΣ;;;;;
3565;X650381;ΑΠΟΚΑΤΑΣΤΑΣΗ ΑΙΜΟΦΟΡΟΥ ΑΓΓΕΙΟΥ, ΑΜΕΣΗ. ΕΝΔΟΘΩΡΑΚΙΚΗ, ΜΕ ΠΑΡΑΚΑΜΨΗ;;;;;
3566;X650391;ΑΠΟΚΑΤΑΣΤΑΣΗ ΑΙΜΟΦΟΡΟΥ ΑΓΓΕΙΟΥ, ΑΜΕΣΗ. ΕΝΔΟΘΩΡΑΚΙΚΗ, ΧΩΡΙΣ ΠΑΡΑΚΑΜΨΗ;;;;;
3567;X650401;ΑΠΟΚΑΤΑΣΤΑΣΗ ΑΙΜΟΦΟΡΟΥ ΑΓΓΕΙΟΥ, ΑΜΕΣΗ. ΕΝΔΟΚΟΙΛΙΑΚΗ;;;;;
3568;X650411;ΑΠΟΚΑΤΑΣΤΑΣΗ ΑΙΜΟΦΟΡΟΥ ΑΓΓΕΙΟΥ, ΑΜΕΣΗ. ΚΑΤΩ ΑΚΡΟ;;;;;
3569;X650421;ΑΠΟΚΑΤΑΣΤΑΣΗ ΑΙΜΟΦΟΡΟΥ ΑΓΓΕΙΟΥ ΜΕ ΦΛΕΒΙΚΟ ΜΟΣΧΕΥΜΑ. ΤΡΑΧΗΛΟΣ;;;;;
3570;X650431;ΑΠΟΚΑΤΑΣΤΑΣΗ ΑΙΜΟΦΟΡΟΥ ΑΓΓΕΙΟΥ ΜΕ ΦΛΕΒΙΚΟ ΜΟΣΧΕΥΜΑ. ΑΝΩ ΑΚΡΟ;;;;;
3571;X650441;ΑΠΟΚΑΤΑΣΤΑΣΗ ΑΙΜΟΦΟΡΟΥ ΑΓΓΕΙΟΥ ΜΕ ΦΛΕΒΙΚΟ ΜΟΣΧΕΥΜΑ. ΕΝΔΟΘΩΡΑΚΙΚΗ, ΜΕ ΠΑΡΑΚΑΜΨΗ;;;;;
3572;X650451;ΑΠΟΚΑΤΑΣΤΑΣΗ ΑΙΜΟΦΟΡΟΥ ΑΓΓΕΙΟΥ ΜΕ ΦΛΕΒΙΚΟ ΜΟΣΧΕΥΜΑ. ΕΝΔΟΘΩΡΑΚΙΚΗ, ΧΩΡΙΣ ΠΑΡΑΚΑΜΨΗ;;;;;
3573;X650461;ΑΠΟΚΑΤΑΣΤΑΣΗ ΑΙΜΟΦΟΡΟΥ ΑΓΓΕΙΟΥ ΜΕ ΦΛΕΒΙΚΟ ΜΟΣΧΕΥΜΑ. ΕΝΔΟΚΟΙΛΙΑΚΗ;;;;;
3574;X650471;ΑΠΟΚΑΤΑΣΤΑΣΗ ΑΙΜΟΦΟΡΟΥ ΑΓΓΕΙΟΥ ΜΕ ΦΛΕΒΙΚΟ ΜΟΣΧΕΥΜΑ. ΚΑΤΩ ΑΚΡΟ;;;;;
3575;X650481;ΑΠΟΚΑΤΑΣΤΑΣΗ ΑΙΜΟΦΟΡΟΥ ΑΓΓΕΙΟΥ ΜΕ ΜΟΣΧΕΥΜΑ ΕΚΤΟΣ ΦΛΕΒΙΚΟΥ. ΤΡΑΧΗΛΟΣ;;;;;
3576;X650491;ΑΠΟΚΑΤΑΣΤΑΣΗ ΑΙΜΟΦΟΡΟΥ ΑΓΓΕΙΟΥ ΜΕ ΜΟΣΧΕΥΜΑ ΕΚΤΟΣ ΦΛΕΒΙΚΟΥ. ΑΝΩ ΑΚΡΟ;;;;;
3577;X650501;ΑΠΟΚΑΤΑΣΤΑΣΗ ΑΙΜΟΦΟΡΟΥ ΑΓΓΕΙΟΥ ΜΕ ΜΟΣΧΕΥΜΑ ΕΚΤΟΣ ΦΛΕΒΙΚΟΥ. ΕΝΔΟΘΩΡΑΚΙΚΗ, ΜΕ  ΠΑΡΑΚΑΜΨΗ;;;;;
3578;X650511;ΑΠΟΚΑΤΑΣΤΑΣΗ ΑΙΜΟΦΟΡΟΥ ΑΓΓΕΙΟΥ ΜΕ ΜΟΣΧΕΥΜΑ ΕΚΤΟΣ ΦΛΕΒΙΚΟΥ. ΕΝΔΟΘΩΡΑΚΙΚΗ, ΧΩΡΙΣ ΠΑΡΑΚΑΜΨΗ;;;;;
3579;X650521;ΑΠΟΚΑΤΑΣΤΑΣΗ ΑΙΜΟΦΟΡΟΥ ΑΓΓΕΙΟΥ ΜΕ ΜΟΣΧΕΥΜΑ ΕΚΤΟΣ ΦΛΕΒΙΚΟΥ. ΕΝΔΟΚΟΙΛΙΑΚΗ;;;;;
3580;X650531;ΑΠΟΚΑΤΑΣΤΑΣΗ ΑΙΜΟΦΟΡΟΥ ΑΓΓΕΙΟΥ ΜΕ ΜΟΣΧΕΥΜΑ ΕΚΤΟΣ ΦΛΕΒΙΚΟΥ. ΚΑΤΩ ΑΚΡΟ;;;;;
3581;X650561;ΘΡΟΜΒΟΕΝΔΑΡΤΗΡΕΚΤΟΜΗ, ΠΕΡΙΛΑΜΒΑΝΕΙ ΕΜΒΑΛΩΜΑΤΙΚΟ  ΜΟΣΧΕΥΜΑ, ΕΑΝ ΕΚΤΕΛΕΙΤΑΙ. ΚΑΡΩΤΙΔΑ ΣΠΟΝΔΥΛΙΚΗ, ΥΠΟΚΛΕΙΔΙΟΣ ΑΡΤΗΡΙΑ ΜΕ  ΤΟΜΗ ΣΤΟΝ ΤΡΑΧΗΛΟ;;;;;
3582;X650563;ΘΡΟΜΒΟΕΝΔΑΡΤΗΡΕΚΤΟΜΗ, ΠΕΡΙΛΑΜΒΑΝΕΙ ΕΜΒΑΛΩΜΑΤΙΚΟ  ΜΟΣΧΕΥΜΑ, ΕΑΝ ΕΚΤΕΛΕΙΤΑΙ. ΕΠΙΠΟΛΗΣ ΜΗΡΙΑΙΑ ΑΡΤΗΡΙΑ;;;;;
3583;X650565;ΘΡΟΜΒΟΕΝΔΑΡΤΗΡΕΚΤΟΜΗ, ΠΕΡΙΛΑΜΒΑΝΕΙ ΕΜΒΑΛΩΜΑΤΙΚΟ ΜΟΣΧΕΥΜΑ, ΕΑΝ ΕΚΤΕΛΕΙΤΑΙ. ΙΓΝΥΑΚΗ  ΑΡΤΗΡΙΑ;;;;;
3584;X650567;ΘΡΟΜΒΟΕΝΔΑΡΤΗΡΕΚΤΟΜΗ, ΠΕΡΙΛΑΜΒΑΝΕΙ ΕΜΒΑΛΩΜΑΤΙΚΟ ΜΟΣΧΕΥΜΑ, ΕΑΝ ΕΚΤΕΛΕΙΤΑΙ.  ΣΤΕΛΕΧΟΣ ΤΗΣ ΚΝΗΜΙΟΠΕΡΟΝΙΑΙΑΣ ΑΡΤΗΡΙΑΣ;;;;;
3585;X650569;ΘΡΟΜΒΟΕΝΔΑΡΤΗΡΕΚΤΟΜΗ, ΠΕΡΙΛΑΜΒΑΝΕΙ ΕΜΒΑΛΩΜΑΤΙΚΟ ΜΟΣΧΕΥΜΑ, ΕΑΝ ΕΚΤΕΛΕΙΤΑΙ. ΚΝΗΜΙΑΙΑ Ή ΠΕΡΟΝΙΑΙΑ ΑΡΤΗΡΙΑ, ΑΡΧΙΚΟ ΑΓΓΕΙΟ;;;;;
3586;X650571;ΘΡΟΜΒΟΕΝΔΑΡΤΗΡΕΚΤΟΜΗ, ΠΕΡΙΛΑΜΒΑΝΕΙ ΕΜΒΑΛΩΜΑΤΙΚΟ ΜΟΣΧΕΥΜΑ, ΕΑΝ ΕΚΤΕΛΕΙΤΑΙ. ΚΑΘΕ ΕΠΙΠΛΕΟΝ ΚΝΗΜΙΑΙΑ Ή ΠΕΡΟΝΙΑΙΑ ΑΡΤΗΡΙΑ (ΚΑΤΑΓΡΑΦΕΤΑΙ ΞΕΧΩΡΙΣΤΑ ΕΠΙΠΛΕΟΝ ΤΟΥ ΚΩΔΙΚΟΥ ΤΗΣ ΒΑΣΙΚΗΣ ΕΠΕΜΒΑΣΗΣ);;;;;
3587;X650581;ΘΡΟΜΒΟΕΝΔΑΡΤΗΡΕΚΤΟΜΗ, ΠΕΡΙΛΑΜΒΑΝΕΙ ΕΜΒΑΛΩΜΑΤΙΚΟ ΜΟΣΧΕΥΜΑ, ΕΑΝ ΕΚΤΕΛΕΙΤΑΙ. ΥΠΟΚΛΕΙΔΙΑ, ΑΝΩΝΥΜΗ ΑΡΤΗΡΙΑ, ΔΙΑ ΘΩΡΑΚΙΚΗΣ ΤΟΜΗΣ;;;;;
3588;X650601;ΘΡΟΜΒΟΕΝΔΑΡΤΗΡΕΚΤΟΜΗ, ΠΕΡΙΛΑΜΒΑΝΕΙ ΕΜΒΑΛΩΜΑΤΙΚΟ ΜΟΣΧΕΥΜΑ, ΕΑΝ ΕΚΤΕΛΕΙΤΑΙ.  ΜΑΣΧΑΛΙΑΙΑ-ΒΡΑΧΙΟΝΙΑ;;;;;
3589;X650621;ΘΡΟΜΒΟΕΝΔΑΡΤΗΡΕΚΤΟΜΗ, ΠΕΡΙΛΑΜΒΑΝΕΙ ΕΜΒΑΛΩΜΑΤΙΚΟ ΜΟΣΧΕΥΜΑ, ΕΑΝ ΕΚΤΕΛΕΙΤΑΙ.  ΚΟΙΛΙΑΚΗ ΑΟΡΤΗ;;;;;
3590;X650641;ΘΡΟΜΒΟΕΝΔΑΡΤΗΡΕΚΤΟΜΗ, ΠΕΡΙΛΑΜΒΑΝΕΙ ΕΜΒΑΛΩΜΑΤΙΚΟ ΜΟΣΧΕΥΜΑ, ΕΑΝ ΕΚΤΕΛΕΙΤΑΙ. ΜΕΣΕΝΤΕΡΙΑ ΚΟΙΛΙΑΚΗ, Η ΝΕΦΡΙΚΗ;;;;;
3591;X650661;ΘΡΟΜΒΟΕΝΔΑΡΤΗΡΕΚΤΟΜΗ, ΠΕΡΙΛΑΜΒΑΝΕΙ ΕΜΒΑΛΩΜΑΤΙΚΟ ΜΟΣΧΕΥΜΑ, ΕΑΝ ΕΚΤΕΛΕΙΤΑΙ. ΛΑΓΟΝΙΑ;;;;;
3592;X650669;ΘΡΟΜΒΟΕΝΔΑΡΤΗΡΕΚΤΟΜΗ, ΠΕΡΙΛΑΜΒΑΝΕΙ ΕΜΒΑΛΩΜΑΤΙΚΟ ΜΟΣΧΕΥΜΑ, ΕΑΝ ΕΚΤΕΛΕΙΤΑΙ. ΛΑΓΟΝΟΜΗΡΙΑΙΑ;;;;;
3593;X650681;ΘΡΟΜΒΟΕΝΔΑΡΤΗΡΕΚΤΟΜΗ, ΠΕΡΙΛΑΜΒΑΝΕΙ ΕΜΒΑΛΩΜΑΤΙΚΟ ΜΟΣΧΕΥΜΑ, ΕΑΝ ΕΚΤΕΛΕΙΤΑΙ. ΣΥΝΔΥΑΣΜΕΝΗ ΑΟΡΤΟΛΑΓΟΝΙΑ;;;;;
3594;X650685;ΘΡΟΜΒΟΕΝΔΑΡΤΗΡΕΚΤΟΜΗ, ΠΕΡΙΛΑΜΒΑΝΕΙ ΕΜΒΑΛΩΜΑΤΙΚΟ ΜΟΣΧΕΥΜΑ, ΕΑΝ ΕΚΤΕΛΕΙΤΑΙ. ΣΥΝΔΥΑΣΜΕΝΗ ΑΟΡΤΟΛΑΓΟΝΟΜΗΡΙΑΙΑ;;;;;
3595;X650701;ΘΡΟΜΒΟΕΝΔΑΡΤΗΡΕΚΤΟΜΗ, ΠΕΡΙΛΑΜΒΑΝΕΙ ΕΜΒΑΛΩΜΑΤΙΚΟ ΜΟΣΧΕΥΜΑ, ΕΑΝ ΕΚΤΕΛΕΙΤΑΙ.  ΚΟΙΝΗ ΜΗΡΙΑΙΑ;;;;;
3596;X650703;ΘΡΟΜΒΟΕΝΔΑΡΤΗΡΕΚΤΟΜΗ, ΠΕΡΙΛΑΜΒΑΝΕΙ ΕΜΒΑΛΩΜΑΤΙΚΟ ΜΟΣΧΕΥΜΑ, ΕΑΝ ΕΚΤΕΛΕΙΤΑΙ. ΕΝ ΤΩ ΒΑΘΕΙ ΜΗΡΙΑΙΑ;;;;;
3597;X650739;ΕΠΑΝΕΓΧΕΙΡΗΣΗ, ΚΑΡΩΤΙΔΙΚΗ, ΘΡΟΜΒΟΕΝΔΑΡΤΗΡΕΚΤΟΜΗ, ΣΕ ΜΕΓΑΛΥΤΕΡΟ ΤΟΥ ΜΗΝΟΣ ΧΡΟΝΙΚΟ ΔΙΑΣΤΗΜΑ ΜΕΤΑ ΑΠΟ ΤΗΝ ΑΡΧΙΚΗ ΕΠΕΜΒΑΣΗ (ΚΑΤΑΓΡΑΦΕΤΑΙ ΞΕΧΩΡΙΣΤΑ ΜΑΖΙ ΜΕ ΤΟΝ ΚΩΔΙΚΟ ΓΙΑ ΤΗ ΒΑΣΙΚΗ ΕΠΕΜΒΑΣΗ);;;;;
3598;X650759;ΑΓΓΕΙΟΣΚΟΠΗΣΗ (ΜΗ-ΣΤΕΦΑΝΙΑΙΑ ΑΓΓΕΙΑ Ή ΜΟΣΧΕΥΜΑΤΑ) ΚΑΤΑ ΤΗ ΔΙΑΡΚΕΙΑ ΘΕΡΑΠΕΥΤΙΚΗΣ ΕΠΕΜΒΑΣΗΣ (ΚΑΤΑΓΡΑΦΕΤΑΙ ΞΕΧΩΡΙΣΤΑ ΜΑΖΙ ΜΕ ΤΟΝ ΚΩΔΙΚΟ ΓΙΑ ΤΗ ΒΑΣΙΚΗ ΕΠΕΜΒΑΣΗ);;;;;
3599;X650859;ΔΙΑΥΛΙΚΗ ΑΓΓΕΙΟΠΛΑΣΤΙΚΗ ΜΕ ΑΕΡΟΘΑΛΑΜΟ, ΑΝΟΙΧΤΗ. ΝΕΦΡΙΚΗ, Ή ΑΛΛΗ ΣΠΛΑΧΝΙΚΗ ΑΡΤΗΡΙΑ;;;;;
3600;X650863;ΔΙΑΥΛΙΚΗ ΑΓΓΕΙΟΠΛΑΣΤΙΚΗ ΜΕ ΑΕΡΟΘΑΛΑΜΟ, ΑΝΟΙΧΤΗ. ΑΟΡΤΗ;;;;;
3601;X650867;ΔΙΑΥΛΙΚΗ ΑΓΓΕΙΟΠΛΑΣΤΙΚΗ ΜΕ ΑΕΡΟΘΑΛΑΜΟ, ΑΝΟΙΧΤΗ. ΛΑΓΟΝΙΟΣ ΑΡΤΗΡΙΑ;;;;;
3602;X650871;ΔΙΑΥΛΙΚΗ ΑΓΓΕΙΟΠΛΑΣΤΙΚΗ ΜΕ ΑΕΡΟΘΑΛΑΜΟ, ΑΝΟΙΧΤΗ. ΜΗΡΟ-ΙΓΝΥΑΚΗ;;;;;
3603;X650875;ΔΙΑΥΛΙΚΗ ΑΓΓΕΙΟΠΛΑΣΤΙΚΗ ΜΕ ΑΕΡΟΘΑΛΑΜΟ, ΑΝΟΙΧΤΗ. ΣΤΕΛΕΧΟΣ  ΒΡΑΧΙΟΚΕΦΑΛΙΚΗΣ ΑΡΤΗΡΙΑΣ Ή  ΚΛΑΔΩΝ ΤΗΣ, ΚΑΘΕ ΑΓΓΕΙΟ;;;;;
3604;X650877;ΔΙΑΥΛΙΚΗ ΑΓΓΕΙΟΠΛΑΣΤΙΚΗ ΜΕ ΑΕΡΟΘΑΛΑΜΟ, ΑΝΟΙΧΤΗ. ΣΤΕΛΕΧΟΣ ΚΝΗΜΙΑΙΟΠΕΡΟΝΙΑΙΑΣ ΑΡΤΗΡΙΑΣ ΚΑΙ ΚΛΑΔΩΝ ΤΗΣ;;;;;
3605;X650879;ΔΙΑΥΛΙΚΗ ΑΓΓΕΙΟΠΛΑΣΤΙΚΗ ΜΕ ΑΕΡΟΘΑΛΑΜΟ, ΑΝΟΙΧΤΗ. ΦΛΕΒΙΚΗ;;;;;
3606;X650899;ΔΙΑΥΛΙΚΗ ΑΓΓΕΙΟΠΛΑΣΤΙΚΗ ΜΕ ΑΕΡΟΘΑΛΑΜΟ, ΔΙΑΔΕΡΜΙΚΗ. ΣΤΕΛΕΧΟΣ ΚΝΗΜΙΑΙΟΠΕΡΟΝΙΑΣ ΑΡΤΗΡΙΑΣ Ή ΚΛΑΔΩΝ ΤΗΣ, ΚΑΘΕ ΑΓΓΕΙΟ;;;;;
3607;X650901;ΔΙΑΥΛΙΚΗ ΑΓΓΕΙΟΠΛΑΣΤΙΚΗ ΜΕ ΑΕΡΟΘΑΛΑΜΟ, ΔΙΑΔΕΡΜΙΚΗ. ΝΕΦΡΙΚΗ Ή ΑΛΛΗ ΣΠΛΑΧΝΙΚΗ ΑΡΤΗΡΙΑ;;;;;
3608;X650903;ΔΙΑΥΛΙΚΗ ΑΓΓΕΙΟΠΛΑΣΤΙΚΗ ΜΕ ΑΕΡΟΘΑΛΑΜΟ, ΔΙΑΔΕΡΜΙΚΗ. ΑΟΡΤΗ;;;;;
3609;X650905;ΔΙΑΥΛΙΚΗ ΑΓΓΕΙΟΠΛΑΣΤΙΚΗ ΜΕ ΑΕΡΟΘΑΛΑΜΟ, ΔΙΑΔΕΡΜΙΚΗ. ΛΑΓΟΝΙΑ;;;;;
3610;X650907;ΔΙΑΥΛΙΚΗ ΑΓΓΕΙΟΠΛΑΣΤΙΚΗ ΜΕ ΑΕΡΟΘΑΛΑΜΟ, ΔΙΑΔΕΡΜΙΚΗ. ΜΗΡΙΑΙΑ - ΙΓΝΥΑΚΗ;;;;;
3611;X650909;ΔΙΑΥΛΙΚΗ ΑΓΓΕΙΟΠΛΑΣΤΙΚΗ ΜΕ ΑΕΡΟΘΑΛΑΜΟ, ΔΙΑΔΕΡΜΙΚΗ. ΣΤΕΛΕΧΟΣ  ΒΡΑΧΙΟΚΕΦΑΛΙΚΗΣ ΑΡΤΗΡΙΑΣ Ή  ΚΛΑΔΩΝ ΤΗΣ, ΚΑΘΕ ΑΓΓΕΙΟ;;;;;
3612;X650911;ΔΙΑΥΛΙΚΗ ΑΓΓΕΙΟΠΛΑΣΤΙΚΗ ΜΕ ΑΕΡΟΘΑΛΑΜΟ, ΔΙΑΔΕΡΜΙΚΗ. ΦΛΕΒΙΚΗ;;;;;
3613;X650919;ΔΙΑΥΛΙΚΗ ΠΕΡΙΦΕΡΙΚΗ ΑΘΗΡΕΚΤΟΜΗ, ΑΝΟΙΧΤΗ. ΝΕΦΡΙΚΗ ΑΡΤΗΡΙΑ Ή ΑΛΛΗ ΣΠΛΑΧΝΙΚΗ  ΑΡΤΗΡΙΑ;;;;;
3614;X650921;ΔΙΑΥΛΙΚΗ ΠΕΡΙΦΕΡΙΚΗ ΑΘΗΡΕΚΤΟΜΗ, ΑΝΟΙΧΤΗ. ΑΟΡΤΗ;;;;;
3615;X650923;ΔΙΑΥΛΙΚΗ ΠΕΡΙΦΕΡΙΚΗ ΑΘΗΡΕΚΤΟΜΗ, ΑΝΟΙΧΤΗ. ΛΑΓΟΝΙΑ;;;;;
3616;X650925;ΔΙΑΥΛΙΚΗ ΠΕΡΙΦΕΡΙΚΗ ΑΘΗΡΕΚΤΟΜΗ, ΑΝΟΙΧΤΗ. ΜΗΡΟ - ΙΓΝΥΑΚΗ;;;;;
3617;X650927;ΔΙΑΥΛΙΚΗ ΠΕΡΙΦΕΡΙΚΗ ΑΘΗΡΕΚΤΟΜΗ, ΑΝΟΙΧΤΗ. ΣΤΕΛΕΧΟΣ ΤΗΣ ΒΡΑΧΙΟΝΟΚΕΦΑΛΙΚΗΣ ΑΡΤΗΡΙΑΣ Ή  ΚΛΑΔΩΝ ΤΗΣ, ΚΑΘΕ ΑΓΓΕΙΟ;;;;;
3618;X650929;ΔΙΑΥΛΙΚΗ ΠΕΡΙΦΕΡΙΚΗ ΑΘΗΡΕΚΤΟΜΗ, ΑΝΟΙΧΤΗ. ΣΤΕΛΕΧΟΣ ΚΝΗΜΙΟΠΕΡΟΝΙΑΙΑΣ ΑΡΤΗΡΙΑΣ ΚΑΙ ΚΛΑΔΩΝ ΤΗΣ;;;;;
3619;X650939;ΔΙΑΥΛΙΚΗ ΠΕΡΙΦΕΡΙΚΗ ΑΘΗΡΕΚΤΟΜΗ, ΔΙΑΔΕΡΜΙΚΗ. ΝΕΦΡΙΚΗ Ή ΑΛΛΗ  ΣΠΛΑΧΝΙΚΗ ΑΡΤΗΡΙΑ;;;;;
3620;X650941;ΔΙΑΥΛΙΚΗ ΠΕΡΙΦΕΡΙΚΗ ΑΘΗΡΕΚΤΟΜΗ, ΔΙΑΔΕΡΜΙΚΗ. ΑΟΡΤΗ;;;;;
3621;X650943;ΔΙΑΥΛΙΚΗ ΠΕΡΙΦΕΡΙΚΗ ΑΘΗΡΕΚΤΟΜΗ, ΔΙΑΔΕΡΜΙΚΗ. ΛΑΓΟΝΙΑ;;;;;
3622;X650945;ΔΙΑΥΛΙΚΗ ΠΕΡΙΦΕΡΙΚΗ ΑΘΗΡΕΚΤΟΜΗ, ΔΙΑΔΕΡΜΙΚΗ. ΜΗΡΟ - ΙΓΝΥΑΚΗ;;;;;
3623;X650947;ΔΙΑΥΛΙΚΗ ΠΕΡΙΦΕΡΙΚΗ ΑΘΗΡΕΚΤΟΜΗ, ΔΙΑΔΕΡΜΙΚΗ.  ΣΤΕΛΕΧΟΣ  ΒΡΑΧΙΟΝΟΚΕΦΑΛΙΚΗΣ ΑΡΤΗΡΙΑΣ Ή ΚΛΑΔΩΝ ΤΗΣ, ΚΑΘΕ ΑΓΓΕΙΟ;;;;;
3624;X650949;ΔΙΑΥΛΙΚΗ ΠΕΡΙΦΕΡΙΚΗ ΑΘΗΡΕΚΤΟΜΗ, ΔΙΑΔΕΡΜΙΚΗ. ΣΤΕΛΕΧΟΣ ΚΝΗΜΙΑΙΟΠΕΡΟΝΙΑΙΑΣ ΑΡΤΗΡΙΑΣ ΚΑΙ ΚΛΑΔΩΝ ΤΗΣ;;;;;
3625;X650959;ΛΗΨΗ ΦΛΕΒΑΣ ΑΝΩ ΑΚΡΟΥ, ΕΝΑ ΤΜΗΜΑ, ΓΙΑ ΚΑΤΩ ΑΚΡΟ Ή ΕΠΕΜΒΑΣΗ ΑΟΡΤΟΣΤΕΦΑΝΙΑΙΑΣ ΠΑΡΑΚΑΜΨΗΣ (ΚΑΤΑΓΡΑΦΕΤΑΙ ΞΕΧΩΡΙΣΤΑ ΜΑΖΙ ΜΕ ΤΟΝ ΚΩΔΙΚΟ ΤΗΣ ΒΑΣΙΚΗΣ ΕΠΕΜΒΑΣΗΣ);;;;;
3626;X650961;ΜΟΣΧΕΥΜΑ ΠΑΡΑΚΑΜΨΗΣ, ΜE ΦΛΕΒΑ. ΚΟΙΝΗ ΚΑΡΩΤΙΔΑ- ΟΜΟΠΛΕΥΡΗ  ΕΣΩ ΚΑΡΩΤΙΔΑ;;;;;
3627;X650971;ΜΟΣΧΕΥΜΑ ΠΑΡΑΚΑΜΨΗΣ, ΜΕ ΦΛΕΒΑ. ΚΑΡΩΤΙΔΑ - ΥΠΟΚΛΕΙΔΙΑ  Ή ΥΠΟΚΛΕΙΔΙΑ - ΚΑΡΩΤΙΔΑ;;;;;
3628;X650975;ΜΟΣΧΕΥΜΑ ΠΑΡΑΚΑΜΨΗΣ, ΜΕ ΦΛΕΒΑ. ΚΑΡΩΤΙΔΑ - ΣΠΟΝΔΥΛΙΚΗ;;;;;
3629;X650977;ΜΟΣΧΕΥΜΑ ΠΑΡΑΚΑΜΨΗΣ, ΜΕ ΦΛΕΒΑ. ΚΑΡΩΤΙΔΑ - ΑΝΤΙΣΤΟΙΧΗ  ΚΑΡΩΤΙΔΑ;;;;;
3630;X650979;ΜΟΣΧΕΥΜΑ ΠΑΡΑΚΑΜΨΗΣ, ΜΕ ΦΛΕΒΑ. ΚΑΡΩΤΙΔΑ - ΒΡΑΧΙΟΝΙΑ;;;;;
3631;X650981;ΜΟΣΧΕΥΜΑ ΠΑΡΑΚΑΜΨΗΣ, ΜΕ ΦΛΕΒΑ. ΥΠΟΚΛΕΙΔΙΑ -ΥΠΟΚΛΕΙΔΙΑ;;;;;
3632;X650983;ΜΟΣΧΕΥΜΑ ΠΑΡΑΚΑΜΨΗΣ, ΜΕ ΦΛΕΒΑ. ΥΠΟΚΛΕΙΔΙΑ - ΒΡΑΧΙΟΝΙΑ;;;;;
3633;X650989;ΜΟΣΧΕΥΜΑ ΠΑΡΑΚΑΜΨΗΣ, ΜΕ ΦΛΕΒΑ. ΥΠΟΚΛΕΙΔΙΑ - ΣΠΟΝΔΥΛΙΚΗ;;;;;
3634;X650991;ΜΟΣΧΕΥΜΑ ΠΑΡΑΚΑΜΨΗΣ, ΜΕ ΦΛΕΒΑ. ΥΠΟΚΛΕΙΔΙΑ - ΜΑΣΧΑΛΙΑΙΑ;;;;;
3635;X650995;ΜΟΣΧΕΥΜΑ ΠΑΡΑΚΑΜΨΗΣ, ΜΕ ΦΛΕΒΑ. ΜΑΣΧΑΛΙΑΙΑ - ΜΑΣΧΑΛΙΑΙΑ;;;;;
3636;X651001;ΜΟΣΧΕΥΜΑ ΠΑΡΑΚΑΜΨΗΣ, ΜΕ ΦΛΕΒΑ. ΜΑΣΧΑΛΙΑΙΑ - ΜΗΡΙΑΙΑ;;;;;
3637;X651003;ΜΟΣΧΕΥΜΑ ΠΑΡΑΚΑΜΨΗΣ, ΜΕ ΦΛΕΒΑ. ΜΑΣΧΑΛΙΑΙΑ - ΒΡΑΧΙΟΝΙΑ;;;;;
3638;X651005;ΜΟΣΧΕΥΜΑ ΠΑΡΑΚΑΜΨΗΣ, ΜΕ ΦΛΕΒΑ. ΒΡΑΧΙΟΝΙΑ - ΩΛΕΝΙΑ  Ή ΚΕΡΚΙΔΙΚΗ;;;;;
3639;X651009;ΜΟΣΧΕΥΜΑ ΠΑΡΑΚΑΜΨΗΣ, ΜΕ ΦΛΕΒΑ. ΒΡΑΧΙΟΝΙΑ - ΒΡΑΧΙΟΝΙΑ;;;;;
3640;X651011;ΜΟΣΧΕΥΜΑ ΠΑΡΑΚΑΜΨΗΣ, ΜΕ ΦΛΕΒΑ. ΑΟΡΤΟΫΠΟΚΛΕΙΔΙΟ Ή ΚΑΡΩΤΙΔΑ;;;;;
3641;X651021;ΜΟΣΧΕΥΜΑ ΠΑΡΑΚΑΜΨΗΣ, ΜΕ ΦΛΕΒΑ. ΑΟΡΤΟΚΟΙΛΙΑΚΗ  Ή ΑΟΡΤΟΜΕΣΕΝΤΕΡΙΑ;;;;;
3642;X651025;ΜΟΣΧΕΥΜΑ ΠΑΡΑΚΑΜΨΗΣ, ΜΕ ΦΛΕΒΑ. ΜΑΣΧΑΛΙΑΙΑ - ΜΗΡΙΑΙΑ - ΜΗΡΙΑΙΑ;;;;;
3643;X651029;ΜΟΣΧΕΥΜΑ ΠΑΡΑΚΑΜΨΗΣ, ΜΕ ΦΛΕΒΑ. ΗΠΑΤΟΝΕΦΡΙΚΗ;;;;;
3644;X651031;ΜΟΣΧΕΥΜΑ ΠΑΡΑΚΑΜΨΗΣ, ΜΕ ΦΛΕΒΑ. ΣΠΛΗΝΟΝΕΦΡΙΚΗ;;;;;
3645;X651033;ΜΟΣΧΕΥΜΑ ΠΑΡΑΚΑΜΨΗΣ, ΜΕ ΦΛΕΒΑ. ΑΟΡΤΟΛΑΓΟΝΙΑ;;;;;
3646;X651035;ΜΟΣΧΕΥΜΑ ΠΑΡΑΚΑΜΨΗΣ, ΜΕ ΦΛΕΒΑ. ΑΟΡΤΟ-ΑΜΦΟΤΕΡΕΣ ΛΑΓΟΝΙΕΣ;;;;;
3647;X651037;ΜΟΣΧΕΥΜΑ ΠΑΡΑΚΑΜΨΗΣ, ΜΕ ΦΛΕΒΑ. ΑΟΡΤΟΜΗΡΙΑΙΑ;;;;;
3648;X651039;ΜΟΣΧΕΥΜΑ ΠΑΡΑΚΑΜΨΗΣ, ΜΕ ΦΛΕΒΑ. ΑΟΡΤΟ-ΑΜΦΟΤΕΡΕΣ ΜΗΡΙΑΙΕΣ;;;;;
3649;X651055;ΜΟΣΧΕΥΜΑ ΠΑΡΑΚΑΜΨΗΣ, ΜΕ ΦΛΕΒΑ. ΑΟΡΤΟΛΑΓΟΝΟΜΗΡΙΑΙΑ, ΜΟΝΟΠΛΕΥΡΟ;;;;;
3650;X651057;ΜΟΣΧΕΥΜΑ ΠΑΡΑΚΑΜΨΗΣ, ΜΕ ΦΛΕΒΑ. ΑΟΡΤΟΛΑΓΟΝΟΜΗΡΙΑΙΑ, ΑΜΦΙΠΛΕΥΡΟ;;;;;
3651;X651061;ΜΟΣΧΕΥΜΑ ΠΑΡΑΚΑΜΨΗΣ, ΜΕ ΦΛΕΒΑ. ΑΟΡΤΟΜΗΡΙΑΙΑ - ΙΓΝΥΑΚΗ;;;;;
3652;X651071;ΜΟΣΧΕΥΜΑ ΠΑΡΑΚΑΜΨΗΣ, ΜΕ ΦΛΕΒΑ. ΜΗΡΙΑΙΑ - ΙΓΝΥΑΚΗ;;;;;
3653;X651075;ΜΟΣΧΕΥΜΑ ΠΑΡΑΚΑΜΨΗΣ, ΜΕ ΦΛΕΒΑ. ΜΗΡΙΑΙΑ- ΜΗΡΙΑΙΑ;;;;;
3654;X651079;ΜΟΣΧΕΥΜΑ ΠΑΡΑΚΑΜΨΗΣ, ΜΕ ΦΛΕΒΑ. ΑΟΡΤΟΝΕΦΡΙΚΗ;;;;;
3655;X651085;ΜΟΣΧΕΥΜΑ ΠΑΡΑΚΑΜΨΗΣ, ΜΕ ΦΛΕΒΑ. ΛΑΓΟΝΟΛΑΓΟΝΙΑ;;;;;
3656;X651089;ΜΟΣΧΕΥΜΑ ΠΑΡΑΚΑΜΨΗΣ, ΜΕ ΦΛΕΒΑ. ΛΑΓΟΝΟΜΗΡΙΑΙΑ;;;;;
3657;X651091;ΜΟΣΧΕΥΜΑ ΠΑΡΑΚΑΜΨΗΣ, ΜΕ ΦΛΕΒΑ. ΜΗΡΙΑΙΟ- ΠΡΟΣΘΙΑ ΚΝΗΜΙΑΙΑ, ΟΠΙΣΘΙΑ ΚΝΗΜΙΑΙΑ,  ΠΕΡΟΝΙΑΙΑ ΑΡΤΗΡΙΑ Ή ΑΛΛΑ ΠΕΡΙΦΕΡΙΚΑ ΑΓΓΕΙΑ;;;;;
3658;X651099;ΜΟΣΧΕΥΜΑ ΠΑΡΑΚΑΜΨΗΣ, ΜΕ ΦΛΕΒΑ. ΚΝΗΜΙΑΙΑ- ΚΝΗΜΙΑΙΑ, ΠΕΡΟΝΙΑΙΑ- ΚΝΗΜΙΑΙΑ, 'Η ΣΤΕΛΕΧΟΣ ΚΝΗΜΙΑΙΟΠΕΡΟΝΙΑΙΑΣ ΑΡΤΗΡΙΑΣ - ΚΝΗΜΙΑΙΑ;;;;;
3659;X651101;ΜΟΣΧΕΥΜΑ ΠΑΡΑΚΑΜΨΗΣ, ΜΕ ΦΛΕΒΑ. ΙΓΝΥΑΚΗ - ΚΝΗΜΙΑΙΑ, -ΠΕΡΟΝΙΑΙΑ ΑΡΤΗΡΙΑ Ή ΑΛΛΑ ΠΕΡΙΦΕΡΙΚΑ ΑΓΓΕΙΑ;;;;;
3660;X651103;ΛΗΨΗ  ΜΗΡΟΪΓΝΥΑΚΗΣ ΦΛΕΒΑΣ, ΕΝΟΣ  ΤΜΗΜΑΤΟΣ, ΓΙΑ ΑΓΓΕΙΑΚΕΣ ΕΠΑΝΟΡΘΩΤΙΚΕΣ ΕΠΕΜΒΑΣΕΙΣ (ΠΧ. ΑΟΡΤΙΚΗ, ΚΟΙΛΗ ΦΛΕΒΑ, ΣΤΕΦΑΝΙΑΙΑ, ΠΕΡΙΦΕΡΙΚΗ ΑΡΤΗΡΙΑ) (ΚΑΤΑΓΡΑΦΕΤΑΙ ΞΕΧΩΡΙΣΤΑ ΜΑΖΙ ΜΕ ΤΟΝ ΚΩΔΙΚΟ ΓΙΑ ΤΗ ΒΑΣΙΚΗ ΕΠΕΜΒΑΣΗ);;;;;
3661;X651125;ΕΠΙΤΟΠΙΑ ΦΛΕΒΙΚΗ ΠΑΡΑΚΑΜΨΗ. ΜΗΡΙΑΙΑ - ΙΓΝΥΑΚΗ;;;;;
3662;X651129;ΕΠΙΤΟΠΙΑ ΦΛΕΒΙΚΗ ΠΑΡΑΚΑΜΨΗ. ΜΗΡΙΑΙΑ - ΠΡΟΣΘΙΑ ΚΝΗΜΙΑΙΑ, ΟΠΙΣΘΙΑ ΚΝΗΜΙΑΙΑ, Ή ΠΕΡΟΝΙΑΙΑ ΑΡΤΗΡΙΑ;;;;;
3663;X651133;ΕΠΙΤΟΠΙΑ ΦΛΕΒΙΚΗ ΠΑΡΑΚΑΜΨΗ. ΙΓΝΥΑΚΗ - ΚΝΗΜΙΑΙΑ, ΠΕΡΟΝΙΑΙΑ;;;;;
3664;X651159;ΛΗΨΗ ΑΡΤΗΡΙΑΣ ΑΝΩ ΑΚΡΟΥ, ΕΝΑ ΤΜΗΜΑ, ΓΙΑ ΑΟΡΤΟΣΤΕΦΑΝΙΑΙΑ ΑΡΤΗΡΙΑΚΗ  ΠΑΡΑΚΑΜΨΗ (ΚΑΤΑΓΡΑΦΕΤΑΙ ΞΕΧΩΡΙΣΤΑ ΜΑΖΙ ΜΕ ΤΟΝ ΚΩΔΙΚΟ ΓΙΑ ΤΗ ΒΑΣΙΚΗ ΕΠΕΜΒΑΣΗ);;;;;
3665;X651161;ΜΟΣΧΕΥΜΑ ΠΑΡΑΚΑΜΨΗΣ, ΕΚΤΟΣ ΦΛΕΒΑΣ. ΚΟΙΝΗ ΚΑΡΩΤΙΔΑ- ΣΥΣΤΟΙΧΗ ΕΣΩ  ΚΑΡΩΤΙΔΑ;;;;;
3666;X651171;ΜΟΣΧΕΥΜΑ ΠΑΡΑΚΑΜΨΗΣ, ΕΚΤΟΣ ΦΛΕΒΑΣ. ΚΑΡΩΤΙΔΑ - ΥΠΟΚΛΕΙΔΙΟΣ;;;;;
3667;X651183;ΜΟΣΧΕΥΜΑ ΠΑΡΑΚΑΜΨΗΣ, ΕΚΤΟΣ ΦΛΕΒΑΣ.ΥΠΟΚΛΕΙΔΙΑ -ΥΠΟΚΛΕΙΔΙΑ;;;;;
3668;X651191;ΜΟΣΧΕΥΜΑ ΠΑΡΑΚΑΜΨΗΣ, ΕΚΤΟΣ ΦΛΕΒΑΣ. ΥΠΟΚΛΕΙΔΙΑ - ΜΑΣΧΑΛΙΑΙΑ;;;;;
3669;X651201;ΜΟΣΧΕΥΜΑ ΠΑΡΑΚΑΜΨΗΣ, ΕΚΤΟΣ ΦΛΕΒΑΣ. ΜΑΣΧΑΛΙΑΙΑ - ΜΗΡΙΑΙΑ;;;;;
3670;X651205;ΜΟΣΧΕΥΜΑ ΠΑΡΑΚΑΜΨΗΣ, ΕΚΤΟΣ ΦΛΕΒΑΣ. ΜΑΣΧΑΛΙΑΙΑ - ΙΓΝΥΑΚΗ Ή - ΚΝΗΜΙΑΙΑ;;;;;
3671;X651211;ΜΟΣΧΕΥΜΑ ΠΑΡΑΚΑΜΨΗΣ, ΕΚΤΟΣ ΦΛΕΒΑΣ. ΑΟΡΤΟΫΠΟΚΛΕΙΔΙΑ Η ΚΑΡΩΤΙΔΑ;;;;;
3672;X651221;ΜΟΣΧΕΥΜΑ ΠΑΡΑΚΑΜΨΗΣ, ΕΚΤΟΣ ΦΛΕΒΑΣ. ΑΟΡΤΟΚΟΙΛΙΑΚΗ, ΑΟΡΤΟΜΕΣΕΝΤΕΡΙΑ ΑΟΡΤΟΝΕΦΡΙΚΗ;;;;;
3673;X651223;ΜΟΣΧΕΥΜΑ ΠΑΡΑΚΑΜΨΗΣ, ΕΚΤΟΣ ΦΛΕΒΑΣ. ΛΑΓΟΝΙΑ-ΚΟΙΛΙΑΚΗ;;;;;
3674;X651225;ΜΟΣΧΕΥΜΑ ΠΑΡΑΚΑΜΨΗΣ, ΕΚΤΟΣ ΦΛΕΒΑΣ. ΛΑΓΟΝΙΑ -ΜΕΣΕΝΤΕΡΙΑ;;;;;
3675;X651227;ΜΟΣΧΕΥΜΑ ΠΑΡΑΚΑΜΨΗΣ, ΕΚΤΟΣ ΦΛΕΒΑΣ. ΛΑΓΟΝIΑ - ΝΕΦΡΙΚΗ;;;;;
3676;X651231;ΜΟΣΧΕΥΜΑ ΠΑΡΑΚΑΜΨΗΣ, ΕΚΤΟΣ ΦΛΕΒΑΣ. ΣΠΛΗΝΟΝΕΦΡΙΚΗ (ΑΝΑΣΤΟΜΩΣΗ ΜΕΤΑΞΥ ΣΠΛΗΝΙΚΗΣ  ΚΑΙ ΝΕΦΡΙΚΗΣ ΑΡΤΗΡΙΑΣ);;;;;
3677;X651233;ΜΟΣΧΕΥΜΑ ΠΑΡΑΚΑΜΨΗΣ, ΕΚΤΟΣ ΦΛΕΒΑΣ. ΑΟΡΤΟΛΑΓΟΝΙΑ;;;;;
3678;X651235;ΜΟΣΧΕΥΜΑ ΠΑΡΑΚΑΜΨΗΣ, ΕΚΤΟΣ ΦΛΕΒΑΣ  ΔΙΧΑΛΩΤΗ ΑΟΡΤΟΛΑΓΟΝΙΑ;;;;;
3679;X651243;ΜΟΣΧΕΥΜΑ ΠΑΡΑΚΑΜΨΗΣ, ΕΚΤΟΣ ΦΛΕΒΑΣ. ΚΑΡΩΤΙΔΑ - ΣΠΟΝΔΥΛΙΚΗ;;;;;
3680;X651249;ΜΟΣΧΕΥΜΑ ΠΑΡΑΚΑΜΨΗΣ, ΕΚΤΟΣ ΦΛΕΒΑΣ. ΥΠΟΚΛΕΙΔΙΑ - ΣΠΟΝΔΥΛΙΚΗ;;;;;
3681;X651251;ΜΟΣΧΕΥΜΑ ΠΑΡΑΚΑΜΨΗΣ, ΕΚΤΟΣ ΦΛΕΒΑΣ. ΔΙΧΑΛΩΤΗ ΑΟΡΤΟ - ΑΜΦΩ ΜΗΡΙΑΙΑ;;;;;
3682;X651253;ΜΟΣΧΕΥΜΑ ΠΑΡΑΚΑΜΨΗΣ, ΕΚΤΟΣ ΦΛΕΒΑΣ. ΑΟΡΤΟΜΗΡΙΑΙΑ;;;;;
3683;X651259;ΜΟΣΧΕΥΜΑ ΠΑΡΑΚΑΜΨΗΣ, ΕΚΤΟΣ ΦΛΕΒΑΣ. ΜΑΣΧΑΛΙΑΙΑ - ΜΑΣΧΑΛΙΑΙΑ;;;;;
3684;X651261;ΜΟΣΧΕΥΜΑ ΠΑΡΑΚΑΜΨΗΣ, ΕΚΤΟΣ ΦΛΕΒΑΣ. ΑΟΡΤΟΜΗΡΙΑΙΑ - ΙΓΝΥΑΚΗ;;;;;
3685;X651267;ΜΟΣΧΕΥΜΑ ΠΑΡΑΚΑΜΨΗΣ, ΕΚΤΟΣ ΦΛΕΒΑΣ. ΜΑΣΧΑΛΙΑΙΑ - ΜΗΡΙΑΙΑ - ΜΗΡΙΑΙΑ;;;;;
3686;X651271;ΜΟΣΧΕΥΜΑ ΠΑΡΑΚΑΜΨΗΣ, ΕΚΤΟΣ ΦΛΕΒΑΣ. ΜΗΡΙΑΙΑ - ΙΓΝΥΑΚΗ;;;;;
3687;X651281;ΜΟΣΧΕΥΜΑ ΠΑΡΑΚΑΜΨΗΣ, ΕΚΤΟΣ ΦΛΕΒΑΣ. ΜΗΡΙΑΙΑ - ΜΗΡΙΑΙΑ;;;;;
3688;X651285;ΜΟΣΧΕΥΜΑ ΠΑΡΑΚΑΜΨΗΣ, ΕΚΤΟΣ ΦΛΕΒΑΣ. ΛΑΓΟΝΟΛΑΓΟΝΙΑ;;;;;
3689;X651289;ΜΟΣΧΕΥΜΑ ΠΑΡΑΚΑΜΨΗΣ, ΕΚΤΟΣ ΦΛΕΒΑΣ. ΛΑΓΟΝΟΜΗΡΙΑΙΑ;;;;;
3690;X651291;ΜΟΣΧΕΥΜΑ ΠΑΡΑΚΑΜΨΗΣ, ΕΚΤΟΣ ΦΛΕΒΑΣ. ΜΗΡΙΑΙΑ - ΠΡΟΣΘΙΑ ΚΝΗΜΙΑΙΑ, ΟΠΙΣΘΙΑ ΚΝΗΜΙΑΙΑ Ή ΠΕΡΟΝΙΑΙΑ ΑΡΤΗΡΙΑ;;;;;
3691;X651301;ΜΟΣΧΕΥΜΑ ΠΑΡΑΚΑΜΨΗΣ, ΕΚΤΟΣ ΦΛΕΒΑΣ. ΙΓΝΥΑΚΗ - ΚΝΗΜΙΑΙΑ Ή  -ΠΕΡΟΝΙΑΙΑ ΑΡΤΗΡΙΑ;;;;;
3692;X651321;ΜΟΣΧΕΥΜΑ ΠΑΡΑΚΑΜΨΗΣ. ΣΥΝΘΕΤΟ, ΠΡΟΣΘΕΤΙΚΟ ΚΑΙ ΦΛΕΒΙΚΟ (ΝΑ ΚΑΤΑΓΡΑΦΕΤΑΙ ΞΕΧΩΡΙΣΤΑ ΕΠΙΠΛΕΟΝ ΜΕ ΤΟΝ ΚΩΔΙΚΟ ΤΗΣ ΒΑΣΙΚΗΣ ΕΠΕΜΒΑΣΗΣ);;;;;
3693;X651323;ΜΟΣΧΕΥΜΑ ΠΑΡΑΚΑΜΨΗΣ. ΑΥΤΟΓΕΝΕΣ ΣΥΝΘΕΤΟ, ΔΥΟ ΤΜΗΜΑΤΑ ΜΕ ΦΛΕΒΕΣ ΑΠΟ ΔΥΟ  ΘΕΣΕΙΣ (ΚΑΤΑΓΡΑΦΕΤΑΙ ΞΕΧΩΡΙΣΤΑ ΕΠΙΠΛΕΟΝ ΜΕ ΤΟΝ ΚΩΔΙΚΟ ΓΙΑ ΤΗΝ ΚΥΡΙΑ ΕΠΕΜΒΑΣΗ);;;;;
3694;X651325;ΜΟΣΧΕΥΜΑ ΠΑΡΑΚΑΜΨΗΣ. ΑΥΤΟΓΕΝΕΣ ΣΥΝΘΕΤΟ, ΤΡΙΑ Ή ΠΕΡΙΣΣΟΤΕΡΑ ΤΜΗΜΑΤΑ ΜΕ ΦΛΕΒΑ ΑΠΟ  ΔΥΟ Ή ΠΕΡΙΣΣΟΤΕΡΕΣ ΘΕΣΕΙΣ (ΚΑΤΑΓΡΑΦΕΤΑΙ ΞΕΧΩΡΙΣΤΑ ΕΠΙΠΛΕΟΝ ΜΕ ΤΟΝ ΚΩΔΙΚΟ ΓΙΑ ΤΗΝ ΚΥΡΙΑ ΕΠΕΜΒΑΣΗ);;;;;
3695;X651329;ΤΟΠΟΘΕΤΗΣΗ ΤΟΥ ΦΛΕΒΙΚΟΥ ΕΜΒΑΛΩΜΑΤΙΚΟΥ ΜΟΣΧΕΥΜΑΤΟΣ Ή ΠΕΤΑΛΟΥ ΣΕ ΠΕΡΙΦΕΡΙΚΗ ΑΝΑΣΤΟΜΩΣΗ  ΜΟΣΧΕΥΜΑΤΟΣ ΠΑΡΑΚΑΜΨΗΣ,  ΣΥΝΘΕΤΙΚΟ ΣΩΛΗΝΩΤΟ ΜΟΣΧΕΥΜΑ (ΚΑΤΑΓΡΑΦΕΤΑΙ ΞΕΧΩΡΙΣΤΑ ΕΠΙΠΛΕΟΝ  ΜΕ ΤΟΝ ΚΩΔΙΚΟ ΓΙΑ ΤΗΝ ΚΥΡΙΑ ΕΠΕΜΒΑΣΗ);;;;;
3696;X651331;ΔΗΜΙΟΥΡΓΙΑ ΠΕΡΙΦΕΡΙΚΟΥ ΑΡΤΗΡΙΟΦΛΕΒΩΔΟΥΣ ΣΥΡΙΓΓΙΟΥ ΚΑΤΑ ΤΗ ΔΙΑΡΚΕΙΑ ΧΕΙΡΟΥΡΓΕΙΟΥ ΠΑΡΑΚΑΜΨΗΣ ΚΑΤΩ ΑΚΡΟΥ (ΟΧΙ ΑΙΜΟΚΑΘΑΡΣΗ) (ΝΑ ΚΑΤΑΓΡΑΦΕΤΑΙ ΞΕΧΩΡΙΣΤΑ ΕΠΙΠΛΕΟΝ ΜΕ ΤΟΝ ΚΩΔΙΚΟ ΓΙΑ ΤΗ  ΒΑΣΙΚΗ ΔΙΑΔΙΚΑΣΙΑ);;;;;
3697;X651341;ΜΕΤΑΘΕΣΗ ΚΑΙ/ 'Η ΕΠΑΝΕΜΦΥΤΕΥΣΗ. ΣΠΟΝΔΥΛΙΚΗΣ ΣΤΗ  ΚΑΡΩΤΙΔΑ;;;;;
3698;X651345;ΜΕΤΑΘΕΣΗ ΚΑΙ/ 'Η ΕΠΑΝΕΜΦΥΤΕΥΣΗ. ΣΠΟΝΔΥΛΙΚΗΣ ΣΤΗ  ΥΠΟΚΛΕΙΔΙΑ ΑΡΤΗΡΙΑ;;;;;
3699;X651347;ΜΕΤΑΘΕΣΗ ΚΑΙ/ 'Η ΕΠΑΝΕΜΦΥΤΕΥΣΗ. ΣΠΟΝΔΥΛΙΚΗΣ ΣΤΗ ΚΑΡΩΤΙΔΑ;;;;;
3700;X651349;ΜΕΤΑΘΕΣΗ ΚΑΙ/ 'Η ΕΠΑΝΕΜΦΥΤΕΥΣΗ. ΚΑΡΩΤΙΔΑΣ ΣΤΗ ΥΠΟΚΛΕΙΔΙΑ ΑΡΤΗΡΙΑ;;;;;
3701;X651353;ΕΠΑΝΕΜΦΥΤΕΥΣΗ, ΠΡΟΘΕΣΗ ΣΠΛΑΓΧΝΙΚΗΣ ΑΡΤΗΡΙΑΣ ΣΕ ΑΟΡΤΗ ΚΑΤΩ ΑΠΟ ΤΟ ΕΠΙΠΕΔΟ ΤΩΝ ΝΕΦΡΙΚΩΝ ΑΡΤΗΡΙΩΝ, ΚΑΘΕ ΑΡΤΗΡΙΑ) (ΚΑΤΑΓΡΑΦΕΤΑΙ ΞΕΧΩΡΙΣΤΑ ΜΑΖΙ ΜΕ ΤΟΝ ΚΩΔΙΚΟ ΓΙΑ ΤΗ ΒΑΣΙΚΗ ΕΠΕΜΒΑΣΗ);;;;;
3702;X651359;ΕΠΑΝΕΓΧΕΙΡΗΣΗ, ΜΗΡΙΑΙΑ - ΙΓΝΥΑΚΗ Ή ΜΗΡΙΑΙΑ (ΙΓΝΥΑΚΗ) - ΠΡΟΣΘΙΑ ΚΝΗΜΙΑΙΑ, ΟΠΙΣΘΙΑ  ΚΝΗΜΙΑΙΑ , ΠΕΡΟΝΙΑΙΑ ΑΡΤΗΡΙΑ, Ή ΑΛΛΑ ΠΕΡΙΦΕΡΙΚΑ ΑΓΓΕΙΑ, ΠΕΡΙΣΣΟΤΕΡΟ ΑΠΟ  ΕΝΑ ΜΗΝΑ ΜΕΤΑ ΑΠΟ ΤΗΝ ΑΡΧΙΚΗ ΧΕΙΡΟΥΡΓΙΚΗ ΕΠΕΜΒΑΣΗ (ΑΝΑΓΡΑΦΕΤΑΙ ΞΕΧΩΡΙΣΤΑ ΜΑΖΙ ΜΕ ΤΟΝ ΚΩΔΙΚΟ ΓΙΑ ΤΗ ΒΑΣΙΚΗ ΕΠΕΜΒΑΣΗ);;;;;
3703;X651361;ΔΙΕΡΕΥΝΗΣΗ (ΔΕΝ ΑΚΟΛΟΥΘΕΙ ΧΕΙΡΟΥΡΓΙΚΗ ΑΠΟΚΑΤΑΣΤΑΣΗ), ΜΕ Ή ΧΩΡΙΣ ΛΥΣΗ ΤΗΣ ΑΡΤΗΡΙΑΣ. ΚΑΡΩΤΙΔΑ;;;;;
3704;X651401;ΔΙΕΡΕΥΝΗΣΗ (ΔΕΝ ΑΚΟΛΟΥΘΕΙ ΧΕΙΡΟΥΡΓΙΚΗ ΑΠΟΚΑΤΑΣΤΑΣΗ), ΜΕ Ή ΧΩΡΙΣ ΛΥΣΗ ΤΗΣ ΑΡΤΗΡΙΑΣ. ΜΗΡΙΑΙΑ ΑΡΤΗΡΙΑ;;;;;
3705;X651441;ΔΙΕΡΕΥΝΗΣΗ (ΔΕΝ ΑΚΟΛΟΥΘΕΙ ΧΕΙΡΟΥΡΓΙΚΗ ΑΠΟΚΑΤΑΣΤΑΣΗ), ΜΕ Ή ΧΩΡΙΣ ΛΥΣΗ ΤΗΣ ΑΡΤΗΡΙΑΣ. ΙΓΝΥΑΚΗ ΑΡΤΗΡΙΑ;;;;;
3706;X651481;ΔΙΕΡΕΥΝΗΣΗ (ΔΕΝ ΑΚΟΛΟΥΘΕΙ ΧΕΙΡΟΥΡΓΙΚΗ ΑΠΟΚΑΤΑΣΤΑΣΗ), ΜΕ Ή ΧΩΡΙΣ ΛΥΣΗ ΤΗΣ ΑΡΤΗΡΙΑΣ. ΑΛΛΑ ΑΓΓΕΙΑ;;;;;
3707;X651559;ΔΙΕΡΕΥΝΗΣΗ ΓΙΑ ΜΕΤΕΓΧΕΙΡΗΤΙΚΗ ΑΙΜΟΡΡΑΓΙΑ, ΘΡΟΜΒΩΣΗ Ή ΛΟΙΜΩΞΗ. ΤΡΑΧΗΛΟΣ;;;;;
3708;X651599;ΔΙΕΡΕΥΝΗΣΗ ΓΙΑ ΜΕΤΕΓΧΕΙΡΗΤΙΚΗ ΑΙΜΟΡΡΑΓΙΑ, ΘΡΟΜΒΩΣΗ Ή ΛΟΙΜΩΞΗ. ΘΩΡΑΚΑΣ;;;;;
3709;X651639;ΔΙΕΡΕΥΝΗΣΗ ΓΙΑ ΜΕΤΕΓΧΕΙΡΗΤΙΚΗ ΑΙΜΟΡΡΑΓΙΑ, ΘΡΟΜΒΩΣΗ Ή ΛΟΙΜΩΞΗ.  ΚΟΙΛΙΑ;;;;;
3710;X651679;ΔΙΕΡΕΥΝΗΣΗ ΓΙΑ ΜΕΤΕΓΧΕΙΡΗΤΙΚΗ ΑΙΜΟΡΡΑΓΙΑ, ΘΡΟΜΒΩΣΗ Ή ΛΟΙΜΩΞΗ.  ΑΚΡΟ;;;;;
3711;X651699;ΑΠΟΚΑΤΑΣΤΑΣΗ ΣΥΡΙΓΓΙΟΥ ΜΟΣΧΕΥΜΑΤΟΣ-ΕΝΤΕΡΟΥ;;;;;
3712;X651709;ΘΡΟΜΒΕΚΤΟΜΗ ΑΡΤΗΡΙΑΚΟΥ Ή ΦΛΕΒΙΚΟΥ ΜΟΣΧΕΥΜΑΤΟΣ (ΑΛΛΟ ΑΠΟ ΜΟΣΧΕΥΜΑ Ή ΣΥΡΙΓΓΙΟ ΑΙΜΟΚΑΘΑΡΣΗΣ);;;;;
3713;X651711;ΘΡΟΜΒΕΚΤΟΜΗ ΑΡΤΗΡΙΑΚΟΥ Ή ΦΛΕΒΙΚΟΥ ΜΟΣΧΕΥΜΑΤΟΣ (ΑΛΛΟ ΑΠΟ ΜΟΣΧΕΥΜΑ Η ΣΥΡΙΓΓΙΟ ΑΙΜΟΚΑΘΑΡΣΗΣ) ΜΕ  ΑΠΟΚΑΤΑΣΤΑΣΗ ΤΟΥ ΑΡΤΗΡΙΑΚΟΥ Ή ΦΛΕΒΙΚΟΥ ΜΟΣΧΕΥΜΑΤΟΣ;;;;;
3714;X651717;ΑΠΟΚΑΤΑΣΤΑΣΗ, ΑΡΤΗΡΙΑΚΗΣ ΠΑΡΑΚΑΜΨΗΣ  ΚΑΤΩ ΑΚΡΟΥ, ΑΝΕΥ ΘΡΟΜΒΕΚΤΟΜΗΣ, ΑΝΟΙΚΤΗ. ΜΕ ΦΛΕΒΙΚΗ ΑΓΓΕΙΟΠΛΑΣΤΙΚΗ ΜΕ ΕΜΒΑΛΩΜΑ;;;;;
3715;X651721;ΑΠΟΚΑΤΑΣΤΑΣΗ, ΑΡΤΗΡΙΑΚΗΣ ΠΑΡΑΚΑΜΨΗΣ  ΚΑΤΩ ΑΚΡΟΥ, ΑΝΕΥ ΘΡΟΜΒΕΚΤΟΜΗΣ, ΑΝΟΙΚΤΗ. ΜΕ ΤΜΗΜΑΤΙΚΗ ΠΑΡΕΜΒΟΛΗ ΦΛΕΒΑΣ;;;;;
3716;X651725;ΑΠΟΚΑΤΑΣΤΑΣΗ, ΜΗΡΙΑΙΑ ΑΝΑΣΤΟΜΩΣΗ ΣΥΝΘΕΤΙΚΟΥ ΑΡΤΗΡΙΑΚΟΥ ΜΟΣΧΕΥΜΑΤΟΣ ΠΑΡΑΚΑΜΨΗΣ ΣΤΗ. ΒΟΥΒΩΝΙΚΗ ΧΩΡΑ, ΑΝΟΙΚΤΗ. ΜΕ ΜΗ ΑΥΤΟΓΕΝΕΣ ΕΜΒΑΛΩΜΑΤΙΚΟ  ΜΟΣΧΕΥΜΑ (ΠΧ. DACRON, EPTFE, BOEIO ΠΕΡΙΚΑΡΔΙΟ);;;;;
3717;X651727;ΑΠΟΚΑΤΑΣΤΑΣΗ, ΜΗΡΙΑΙΑ ΑΝΑΣΤΟΜΩΣΗ ΣΥΝΘΕΤΙΚΟΥ ΑΡΤΗΡΙΑΚΟΥ ΜΟΣΧΕΥΜΑΤΟΣ ΠΑΡΑΚΑΜΨΗΣ ΣΤΗ. ΒΟΥΒΩΝΙΚΗ ΧΩΡΑ, ANOIΚΤΗ. ΜΕ ΑΥΤΟΓΕΝΕΣ ΦΛΕΒΙΚΟ ΕΜΒΑΛΩΜΑΤΙΚΟ  ΜΟΣΧΕΥΜΑ;;;;;
3718;X651761;ΕΚΤΟΜΗ ΜΟΛΥΣΜΕΝΟΥ ΜΟΣΧΕΥΜΑΤΟΣ. ΤΡΑΧΗΛΟΣ;;;;;
3719;X651765;ΕΚΤΟΜΗ ΜΟΛΥΣΜΕΝΟΥ ΜΟΣΧΕΥΜΑΤΟΣ. ΑΚΡΟ;;;;;
3720;X651769;ΕΚΤΟΜΗ ΜΟΛΥΣΜΕΝΟΥ ΜΟΣΧΕΥΜΑΤΟΣ. ΘΩΡΑΚΑΣ;;;;;
3721;X651773;ΕΚΤΟΜΗ ΜΟΛΥΣΜΕΝΟΥ ΜΟΣΧΕΥΜΑΤΟΣ. ΚΟΙΛΙΑ;;;;;
3722;X651959;ΕΙΣΑΓΩΓΗ ΒΕΛΟΝΑΣ Ή ΕΝΔΟΚΑΘΕΤΗΡΑ, ΦΛΕΒΑ;;;;;
3723;X651963;ΔΙΑΔΙΚΑΣΙΑ ΕΝΕΣΗΣ (ΠΧ. THROBIN) ΓΙΑ ΔΙΑΔΕΡΜΙΚΗ ΑΝΤΙΜΕΤΩΣΗ   ΨΕΥΔΟΑΝΕΥΡΥΣΜΑΤΟΣ ΑΚΡΟΥ;;;;;
3724;X651969;ΔΙΑΔΙΚΑΣΙΑ ΕΓΧΥΣΗΣ ΓΙΑ ΦΛΕΒΟΓΡΑΦΙΑ ΑΚΡΟΥ (ΣΥΜΠΕΡΙΛΑΜΒΑΝΟΜΕΝΗΣ ΤΗΣ ΕΙΣΑΓΩΓΗΣ  ΒΕΛΟΝΑΣ Ή ΕΝΔΟΚΑΘΕΤΗΡΑ);;;;;
3725;X651979;ΕΙΣΑΓΩΓΗ ΚΑΘΕΤΗΡΑ, ΑΝΩ Ή ΚΑΤΩ ΚΟΙΛΗ ΦΛΕΒΑ;;;;;
3726;X651981;ΕΠΙΛΕΚΤΙΚΗ ΤΟΠΟΘΕΤΗΣΗ ΚΑΘΕΤΗΡΑ, ΦΛΕΒΙΚΟ ΣΥΣΤΗΜΑ. ΔΙΑΚΛΑΔΩΣΗ ΠΡΩΤΟΥ ΒΑΘΜΟΥ (Π.Χ.,ΜΗΡΙΑΙΑ ΦΛΕΒΑ,ΥΠΟΚΛΕΙΔΙΟ ΦΛΕΒΑ,ΣΦΑΓΙΤΙΔΙΚΗ ΦΛΕΒΑ,ΝΕΦΡΙΚΗ ΦΛΕΒΑ);;;;;
3727;X651983;ΕΠΙΛΕΚΤΙΚΗ ΤΟΠΟΘΕΤΗΣΗ ΚΑΘΕΤΗΡΑ, ΦΛΕΒΙΚΟ ΣΥΣΤΗΜΑ, ΔΙΑΚΛΑΔΩΣΗ ΔΕΥΤΕΡΟΥ ΒΑΘΜΟΥ Ή ΠΕΡΙΣΣΟΤΕΡΟ ΕΠΙΛΕΚΤΙΚΗ, ΚΛΑΔΟΣ (ΠΧ. ΑΡΙΣΤΕΡΗ ΕΠΙΝΕΦΡΙΔΙΑΚΗ ΦΛΕΒΑ, ΛΙΘΟΕΙΔΗΣ ΚΟΛΠΟΣ);;;;;
3728;X651985;ΕΙΣΑΓΩΓΗ ΚΑΘΕΤΗΡΑ, ΔΕΞΙΑ ΚΑΡΔΙΑ Ή ΚΥΡΙΑ ΠΝΕΥΜΟΝΙΚΗ ΑΡΤΗΡΙΑ;;;;;
3729;X651987;ΕΠΙΛΕΚΤΙΚΗ ΤΟΠΟΘΕΤΗΣΗ ΚΑΘΕΤΗΡΑ, ΑΡΙΣΤΕΡΗ Ή ΔΕΞΙΑ ΠΝΕΥΜΟΝΙΚΗ ΑΡΤΗΡΙΑ;;;;;
3730;X651989;ΕΠΙΛΕΚΤΙΚΗ ΤΟΠΟΘΕΤΗΣΗ ΚΑΘΕΤΗΡΑ, ΤΜΗΜΑΤΙΚΗ Ή ΥΠΟΤΜΗΜΑΤΙΚΗ ΠΝΕΥΜΟΝΙΚΗ ΑΡΤΗΡΙΑ;;;;;
3731;X652159;ΕΙΣΑΓΩΓΗ ΒΕΛΟΝΑΣ Ή ΕΝΔΟΚΑΘΕΤΗΡΑ, ΚΑΡΩΤΙΔΑ Ή ΣΠΟΝΔΥΛΙΚΗ ΑΡΤΗΡΙΑ;;;;;
3732;X652199;ΕΙΣΑΓΩΓΗ ΒΕΛΟΝΑΣ Ή ΕΝΔΟΚΑΘΕΤΗΡΑ. ΠΑΛΙΝΔΡΟΜΑ ΣΤΗ ΒΡΑΧΙΟΝΙΑ ΑΡΤΗΡΙΑ;;;;;
3733;X652239;ΕΙΣΑΓΩΓΗ ΒΕΛΟΝΑΣ Ή ΕΝΔΟΚΑΘΕΤΗΡΑ.ΑΡΤΗΡΙΑ ΑΚΡΟΥ;;;;;
3734;X652249;ΕΙΣΑΓΩΓΗ ΒΕΛΟΝΑΣ Ή ΕΝΔΟΚΑΘΕΤΗΡΑ. ΑΡΤΗΡΙΟΦΛΕΒΩΔΗΣ ΠΑΡΑΚΑΜΨΗ ΑΙΜΟΚΑΘΑΡΣΗΣ (ΚΑΘΕΤΗΡΑΣ, ΑΡΤΗΡΙΟΦΛΕΒΙΚΗ ΕΠΙΚΟΙΝΩΝΙΑ-ΦΙΣΤΟΥΛΑ, Η ΜΟΣΧΕΥΜΑ);;;;;
3735;X652279;ΕΙΣΑΓΩΓΗ ΒΕΛΟΝΑΣ Ή ΕΝΔΟΚΑΘΕΤΗΡΑ, ΑΟΡΤΙΚΗ, ΔΙΟΣΦΥΪΚΗ;;;;;
3736;X652359;ΕΙΣΑΓΩΓΗ ΚΑΘΕΤΗΡΑ, ΑΟΡΤΗ;;;;;
3737;X652389;ΕΠΙΛΕΚΤΙΚΗ ΤΟΠΟΘΕΤΗΣΗ ΚΑΘΕΤΗΡΑ, ΑΡΤΗΡΙΑΚΟ ΣΥΣΤΗΜΑ. ΚΑΘΕ ΠΡΩΤΟΥ ΒΑΘΜΟΥ ΔΙΑΚΛΑΔΩΣΗ ΘΩΡΑΚΙΚΟΥ Ή ΒΡΑΧΙΟΝΟΚΕΦΑΛΙΚΟΥ ΚΛΑΔΟΥ, ΟΜΟΙΑΣ ΟΙΚΟΓΕΝΕΙΑΣ ΑΓΓΕΙΑ;;;;;
3738;X652391;ΕΠΙΛΕΚΤΙΚΗ ΤΟΠΟΘΕΤΗΣΗ ΚΑΘΕΤΗΡΑ, ΑΡΤΗΡΙΑΚΟ ΣΥΣΤΗΜΑ. ΑΡΧΙΚΗ ΔΕΥΤΕΡΟΥ ΒΑΘΜΟΥ ΔΙΑΚΛΑΔΩΣΗ ΘΩΡΑΚΙΚΟΥ Ή ΒΡΑΧΙΟΝΟΚΕΦΑΛΙΚΟΥ ΚΛΑΔΟΥ, ΟΜΟΙΑΣ ΟΙΚΟΓΕΝΕΙΑΣ ΑΓΓΕΙΑ;;;;;
3739;X652393;ΕΠΙΛΕΚΤΙΚΗ ΤΟΠΟΘΕΤΗΣΗ ΚΑΘΕΤΗΡΑ, ΑΡΤΗΡΙΑΚΟ ΣΥΣΤΗΜΑ. ΑΡΧΙΚΗ ΤΡΙΤΟΥ ΒΑΘΜΟΥ Ή ΠΕΡΙΣΣΟΤΕΡΟ ΔΙΑΚΛΑΔΩΣΗ  ΘΩΡΑΚΙΚΟΥ Ή ΒΡΑΧΙΟΝΟΚΕΦΑΛΙΚΟΥ ΚΛΑΔΟΥ, ΟΜΟΙΑΣ ΟΙΚΟΓΕΝΕΙΑΣ ΑΓΓΕΙΑ;;;;;
3740;X652395;ΕΠΙΛΕΚΤΙΚΗ ΤΟΠΟΘΕΤΗΣΗ ΚΑΘΕΤΗΡΑ, ΑΡΤΗΡΙΑΚΟ ΣΥΣΤΗΜΑ. ΕΠΙΠΡΟΣΘΕΤΗ ΔΕΥΤΕΡΟΥ ΒΑΘΜΟΥ, ΤΡΙΤΟΥ ΒΑΘΜΟΥ ΚΑΙ ΠΕΡΙΣΣΟΤΕΡΟ ΔΙΑΚΛΑΔΩΣΗ, ΘΩΡΑΚΙΚΟΥ Ή ΒΡΑΧΙΟΝΟΚΕΦΑΛΙΚΟΥ ΚΛΑΔΟΥ ΟΜΟΙΑΣ ΟΙΚΟΓΕΝΕΙΑΣ ΑΓΓΕΙΑ (ΚΑΤΑΓΡΑΦΕΤΑΙ ΕΠΙΠΛΕΟΝ ΜΑΖΙ ΜΕ ΤΟΝ ΚΩΔΙΚΟ ΓΙΑ ΑΡΧΙΚΗ ΔΕΥΤΕΡΟΥ Ή ΤΡΙΤΟΥ ΒΑΘΜΟΥ ΑΓΓΕΙΟ, ΑΝΑΛΟΓΩΣ ΤΗΣ ΠΕΡΙΠΤΩΣΗΣ);;;;;
3741;X652449;ΕΠΙΛΕΚΤΙΚΗ ΤΟΠΟΘΕΤΗΣΗ ΚΑΘΕΤΗΡΑ, ΑΡΤΗΡΙΑΚΟ ΣΥΣΤΗΜΑ. ΚΑΘΕ ΠΡΩΤΟΥ ΒΑΘΜΟΥ ΔΙΑΚΛΑΔΩΣΗ ΑΡΤΗΡΙΑΣ ΚΟΙΛΙΑΣ, ΠΥΕΛΟΥ, Ή  ΚΑΤΩ ΑΚΡΟΥ, ΟΜΟΙΑ ΟΙΚΟΓΕΝΕΙΑ ΑΓΓΕΙΩΝ;;;;;
3742;X652451;ΕΠΙΛΕΚΤΙΚΗ ΤΟΠΟΘΕΤΗΣΗ ΚΑΘΕΤΗΡΑ, ΑΡΤΗΡΙΑΚΟ ΣΥΣΤΗΜΑ. ΑΡΧΙΚΗ ΔΕΥΤΕΡΟΥ ΒΑΘΜΟΥ ΔΙΑΚΛΑΔΩΣΗ ΑΡΤΗΡΙΑΣ ΚΟΙΛΙΑΣ, ΠΥΕΛΟΥ, Ή  ΚΑΤΩ ΑΚΡΟΥ, ΟΜΟΙΑ ΟΙΚΟΓΕΝΕΙΑ ΑΓΓΕΙΩΝ;;;;;
3743;X652453;ΕΠΙΛΕΚΤΙΚΗ ΤΟΠΟΘΕΤΗΣΗ ΚΑΘΕΤΗΡΑ, ΑΡΤΗΡΙΑΚΟ ΣΥΣΤΗΜΑ. ΑΡΧΙΚΗ ΤΡΙΤΟΥ ΒΑΘΜΟΥ Ή ΠΕΡΙΣΣΟΤΕΡΟ ΔΙΑΚΛΑΔΩΣΗ ΑΡΤΗΡΙΑΣ ΚΟΙΛΙΑΣ, ΠΥΕΛΟΥ, Ή  ΚΑΤΩ ΑΚΡΟΥ, ΟΜΟΙΑ ΟΙΚΟΓΕΝΕΙΑ ΑΓΓΕΙΩΝ;;;;;
3744;X652455;ΕΠΙΛΕΚΤΙΚΗ ΤΟΠΟΘΕΤΗΣΗ ΚΑΘΕΤΗΡΑ, ΑΡΤΗΡΙΑΚΟ ΣΥΣΤΗΜΑ. ΕΠΙΠΡΟΣΘΕΤΗ ΔΕΥΤΕΡΟΥ ΒΑΘΜΟΥ, ΤΡΙΤΟΥ ΒΑΘΜΟΥ, Ή ΠΕΡΙΣΣΟΤΕΡΟ, ΑΡΤΗΡΙΑΚΗ ΔΙΑΚΛΑΔΩΣΗ, ΠΥΕΛΟΥ, Ή ΚΑΤΩ ΑΚΡΟΥ ΟΜΟΙΑ ΟΙΚΟΓΕΝΕΙΑ ΑΓΓΕΙΩΝ (ΚΑΤΑΓΡΑΦΕΤΑΙ ΕΠΙΠΛΕΟΝ ΜΑΖΙ ΜΕ ΤΟΝ ΚΩΔΙΚΟ ΓΙΑ ΑΡΧΙΚΗ  ΔΕΥΤΕΡΟΥ Ή ΤΡΙΤΟΥ ΒΑΘΜΟΥ ΔΙΑΚΛΑΔΩΣΗ ΑΓΓΕΙΟΥ, ΑΝΑΛΟΓΩΣ ΤΗΣ ΠΕΡΙΠΤΩΣΗΣ);;;;;
3745;X652479;ΕΙΣΑΓΩΓΗ ΤΗΣ ΕΜΦΥΤΕΥΣΙΜΗΣ ΕΝΔΑΡΤΗΡΙΑΚΗΣ ΑΝΤΛΙΑΣ ΕΓΧΥΣΗΣ (ΠΧ. ΓΙΑ ΧΗΜΕΙΟΠΕΡΑΠΕΙΑ ΣΤΟ ΗΠΑΡ);;;;;
3746;X652481;ΑΠΟΚΑΤΑΣΤΑΣΗ ΤΗΣ ΕΜΦΥΤΕΥΜΕΝΗΣ  ΕΝΔΑΡΤΗΡΙΑΚΗΣ ΑΝΤΛΙΑΣ  ΕΓΧΥΣΗΣ;;;;;
3747;X652483;ΑΦΑΙΡΕΣΗ ΤΗΣ ΕΜΦΥΤΕΥΜΕΝΗΣ  ΕΝΔΑΡΤΗΡΙΑΚΗΣ ΑΝΤΛΙΑΣ  ΕΓΧΥΣΗΣ;;;;;
3748;X652557;ΜΗ ΚΑΤΑΓΕΓΡΑΜΜΕΝΗ ΔΙΑΔΙΚΑΣΙΑ, ΕΝΕΣΗ (ΕΓΧΥΣΗ) ΑΓΓΕΙΑΚΗ;;;;;
3749;X652759;ΦΛΕΒΙΚΗ ΠΑΡΑΚΕΝΤΗΣΗ, ΣΕ ΗΛΙΚΙΑ ΜΙΚΡΟΤΕΡΗ ΤΩΝ 3 ΕΤΩΝ, ΑΠΑΙΤΟΥΣΑ ΙΑΤΡΙΚΗ ΔΕΞΙΟΤΗΤΑ ΔΕΝ ΧΡΗΣΙΜΟΠΟΙΕΙΤΑΙ ΓΙΑ ΦΛΕΒΙΚΗ ΠΑΡΑΚΕΝΤΗΣΗ ΡΟΥΤΙΝΑΣ. ΜΗΡΙΑΙΑ  Ή ΣΦΡΑΓΙΤΙΔΑ  ΦΛΕΒΑ;;;;;
3750;X652769;ΦΛΕΒΙΚΗ ΠΑΡΑΚΕΝΤΗΣΗ, ΣΕ ΗΛΙΚΙΑ ΜΙΚΡΟΤΕΡΗ ΤΩΝ 3 ΕΤΩΝ, ΑΠΑΙΤΟΥΣΑ ΙΑΤΡΙΚΗ ΔΕΞΙΟΤΗΤΑ ΔΕΝ ΧΡΗΣΙΜΟΠΟΙΕΙΤΑΙ ΓΙΑ ΦΛΕΒΙΚΗ ΠΑΡΑΚΕΝΤΗΣΗ ΡΟΥΤΙΝΑΣ. ΦΛΕΒΑ ΚΡΑΝΙΟΥ;;;;;
3751;X652771;ΦΛΕΒΙΚΗ ΠΑΡΑΚΕΝΤΗΣΗ, ΣΕ ΗΛΙΚΙΑ ΜΙΚΡΟΤΕΡΗ ΤΩΝ 3 ΕΤΩΝ, ΑΠΑΙΤΟΥΣΑ ΙΑΤΡΙΚΗ ΔΕΞΙΟΤΗΤΑ ΔΕΝ ΧΡΗΣΙΜΟΠΟΙΕΙΤΑΙ ΓΙΑ ΦΛΕΒΙΚΗ ΠΑΡΑΚΕΝΤΗΣΗ ΡΟΥΤΙΝΑΣ. ΑΛΛΗ ΦΛΕΒΑ;;;;;
3752;X652779;ΦΛΕΒΙΚΗ ΠΑΡΑΚΕΝΤΗΣΗ, ΗΛΙΚΙΑ  3 ΕΤΩΝ Ή ΜΕΓΑΛΥΤΕΡΗ, ΑΠΑΙΤΟΥΣΑ ΙΑΤΡΙΚΗ ΔΕΞΙΟΤΗΤΑ (ΞΕΧΩΡΙΣΤΗ ΕΠΕΜΒΑΣΗ), ΓΙΑ ΔΙΑΓΝΩΣΤΙΚΟΥΣ Ή ΘΕΡΑΠΕΥΤΙΚΟΥΣ ΣΚΟΠΟΥΣ (ΔΕΝ ΧΡΗΣΙΜΟΠΟΙΕΙΤΑΙ ΓΙΑ ΦΛΕΒΙΚΗ ΠΑΡΑΚΕΝΤΗΣΗ ΡΟΥΤΙΝΑΣ);;;;;
3753;X652789;ΛΗΨΗ  ΦΛΕΒΙΚΟΥ ΑΙΜΑΤΟΣ ΜΕ ΦΛΕΒΙΚΗ ΠΑΡΑΚΕΝΤΗΣΗ;;;;;
3754;X652791;ΛΗΨΗ ΔΕΙΓΜΑΤΟΣ ΤΡΙΧΟΕΙΔΙΚΟΥ ΑΙΜΑΤΟΣ (ΠΧ. ΔΑΚΤΥΛΟΣ, ΠΤΕΡΝΑ, ΛΟΒΟΣ ΤΟΥ ΩΤΟΣ);;;;;
3755;X652799;ΦΛΕΒΙΚΗ ΠΑΡΑΚΕΝΤΗΣΗ, ΜΕ ΤΟΜΗ. ΣΕ ΗΛΙΚΙΑ ΚΑΤΩ ΤΟΥ 1 ΕΤΟΥΣ;;;;;
3756;X652809;ΦΛΕΒΙΚΗ ΠΑΡΑΚΕΝΤΗΣΗ, ΜΕ ΤΟΜΗ. ΣΕ ΗΛΙΚΙΑ 1 ΕΤΟΥΣ ΚΑΙ ΑΝΩ;;;;;
3757;X652819;ΜΕΤΑΓΓΙΣΗ ΑΙΜΑΤΟΣ, Ή ΠΑΡΑΓΩΓΩΝ ΑΙΜΑΤΟΣ;;;;;
3758;X652839;ΜΕΤΑΓΓΙΣΗ ΜΕ ΠΙΕΣΗ , ΑΙΜΑΤΟΣ, ΣΕ ΗΛΙΚΙΑ 2 ΕΤΩΝ Ή ΜΙΚΡΟΤΕΡΗ;;;;;
3759;X652859;ΑΦΑΙΜΑΞΟΜΕΤΑΓΓΙΣΗ, ΑΙΜΑ. ΝΕΟΓΕΝΝΗΤΟ;;;;;
3760;X652869;ΑΦΑΙΜΑΞΟΜΕΤΑΓΓΙΣΗ, ΑΙΜΑ. ΕΚΤΟΣ ΝΕΟΓΕΝΝΗΤΟ;;;;;
3761;X652879;ΜΕΤΑΓΓΙΣΗ, ΕΝΔΟΜΗΤΡΙΑ, ΕΜΒΡΥΪΚΗ;;;;;
3762;X652895;ΜΙΑ Ή ΠΟΛΛΑΠΛΕΣ ΕΝΕΣΕΙΣ. ΣΚΛΗΡΥΝΤΙΚΑ ΔΙΑΛΥΜΑΤΑ, ΕΥΡΥΑΓΓΕΙΕΣ (ΤΗΛΕΑΓΓΕΙΕΚΤΑΣΙΑ). ΑΚΡΟ Ή ΚΟΡΜΟΣ;;;;;
3763;X652897;ΜΙΑ Ή ΠΟΛΛΑΠΛΕΣ ΕΝΕΣΕΙΣ. ΣΚΛΗΡΥΝΤΙΚΑ ΔΙΑΛΥΜΑΤΑ, ΕΥΡΥΑΓΓΕΙΕΣ (ΤΗΛΕΑΓΓΕΙΕΚΤΑΣΙΑ).ΠΡΟΣΩΠΟ;;;;;
3764;X652899;ΕΝΕΣΗ ΣΚΛΗΡΥΝΤΙΚΟ ΔΙΑΛΥΜΑ. ΜΙΑ ΦΛΕΒΑ;;;;;
3765;X652901;ΕΝΕΣΗ ΣΚΛΗΡΥΝΤΙΚΟ ΔΙΑΛΥΜΑ. ΠΟΛΛΕΣ ΦΛΕΒΕΣ, ΙΔΙΟ ΣΚΕΛΟΣ;;;;;
3766;X652909;ΕΝΔΟΦΛΕΒΙΑ ΘΕΡΑΠΕΙΑ ΑΝΕΠΑΡΚΟΥΣ ΦΛΕΒΑΣ, ABLATION, ΑΚΡΟ, ΣΥΜΠΕΡΙΛΑΜΒΑΝΟΜΕΝΗΣ  ΑΠΕΙΚΟΝΙΣΤΙΚΗΣ ΚΑΘΟΔΗΓΗΣΗΣ ΚΑΙ ΠΑΡΑΚΟΛΟΥΘΗΣΗΣ, ΔΙΑΔΕΡΜΙΚΗ,  ΜΕ ΡΑΔΙΟΣΥΧΝΟΤΗΤΑ. ΠΡΩΤΗ ΦΛΕΒΑ;;;;;
3767;X652911;ΕΝΔΟΦΛΕΒΙΑ ΘΕΡΑΠΕΙΑ ΑΝΕΠΑΡΚΟΥΣ ΦΛΕΒΑΣ, ABLATION, ΑΚΡΟ, ΣΥΜΠΕΡΙΛΑΜΒΑΝΟΜΕΝΗΣ  ΑΠΕΙΚΟΝΙΣΤΙΚΗΣ ΚΑΘΟΔΗΓΗΣΗΣ ΚΑΙ ΠΑΡΑΚΟΛΟΥΘΗΣΗΣ, ΔΙΑΔΕΡΜΙΚΗ,  ΜΕ ΡΑΔΙΟΣΥΧΝΟΤΗΤΑ. ΔΕΥΤΕΡΗ ΚΑΙ ΕΠΑΚΟΛΟΥΘΕΣ ΦΛΕΒΕΣ, ΕΝΑ ΜΟΝΟ ΑΚΡΟ, ΚΑΘΕ ΜΙΑ ΔΙΑΜΕΣΟΥ ΞΕΧΩΡΙΣΤΟΥ ΣΗΜΕΙΟΥ ΠΡΟΣΒΑΣΗΣ (ΑΝΑΓΡΑΦΕΤΑΙ ΞΕΧΩΡΙΣΤΑ ΜΑΖΙ ΜΕ ΤΟΝ ΚΩΔΙΚΟ ΓΙΑ ΤΗΝ ΑΡΧΙΚΗ ΕΠΕΜΒΑΣΗ);;;;;
3768;X652915;ΕΝΔΟΦΛΕΒΙΑ ΘΕΡΑΠΕΙΑ ΑΝΕΠΑΡΚΟΥΣ ΦΛΕΒΑΣ, ABLATION, ΑΚΡΟ, ΣΥΜΠΕΡΙΛΑΜΒΑΝΟΜΕΝΗΣ  ΑΠΕΙΚΟΝΙΣΤΙΚΗΣ ΚΑΘΟΔΗΓΗΣΗΣ ΚΑΙ ΠΑΡΑΚΟΛΟΥΘΗΣΗΣ, ΔΙΑΔΕΡΜΙΚΗ, ΛΕΙΖΕΡ. ΠΡΩΤΗ ΦΛΕΒΑ ΘΕΡΑΠΕΥΜΕΝΗ;;;;;
3769;X652917;ΕΝΔΟΦΛΕΒΙΑ ΘΕΡΑΠΕΙΑ ΑΝΕΠΑΡΚΟΥΣ ΦΛΕΒΑΣ, ABLATION, ΑΚΡΟ, ΣΥΜΠΕΡΙΛΑΜΒΑΝΟΜΕΝΗΣ  ΑΠΕΙΚΟΝΙΣΤΙΚΗΣ ΚΑΘΟΔΗΓΗΣΗΣ ΚΑΙ ΠΑΡΑΚΟΛΟΥΘΗΣΗΣ, ΔΙΑΔΕΡΜΙΚΗ, ΛΕΙΖΕΡ. ΔΕΥΤΕΡΗ ΚΑΙ ΕΠΑΚΟΛΟΥΘΕΣ ΦΛΕΒΕΣ, ΕΝΑ ΜΟΝΟ ΑΚΡΟ, ΚΑΘΕ ΜΙΑ ΔΙΑΜΕΣΟΥ ΞΕΧΩΡΙΣΤΟΥ ΣΗΜΕΙΟΥ ΠΡΟΣΒΑΣΗΣ (ΑΝΑΓΡΑΦΕΤΑΙ ΞΕΧΩΡΙΣΤΑ ΜΑΖΙ ΜΕ ΤΟΝ ΚΩΔΙΚΟ ΓΙΑ ΤΗΝ ΒΑΣΙΚΗ ΕΠΕΜΒΑΣΗ);;;;;
3770;X652921;ΔΙΑΔΕΡΜΙΚΟΣ ΚΑΘΕΤΗΡΙΑΣΜΟΣ ΠΥΛΑΙΑΣ ΦΛΕΒΑΣ, ΜΕ ΟΠΟΙΑΔΗΠΟΤΕ ΜΕΘΟΔΟ;;;;;
3771;X652959;ΦΛΕΒΙΚΟΣ ΚΑΘΕΤΗΡΙΑΣΜΟΣ ΓΙΑ ΔΕΙΓΜΑΤΟΛΗΨΙΑ ΑΙΜΑΤΟΣ ΣΥΓΚΕΚΡΙΜΕΝΟΥ ΟΡΓΑΝΟΥ;;;;;
3772;X652979;ΚΑΘΕΤΗΡΙΑΣΜΟΣ ΟΜΦΑΛΙΚΗΣ ΦΛΕΒΑΣ ΓΙΑ ΔΙΑΓΝΩΣΗ Ή ΘΕΡΑΠΕΙΑ, ΝΕΟΓΕΝΝΗΤΟ;;;;;
3773;X652981;ΘΕΡΑΠΕΥΤΙΚΗ ΑΦΑΙΡΕΣΗ. ΓΙΑ ΛΕΥΚΑ ΑΙΜΟΣΦΑΙΡΙΑ;;;;;
3774;X652983;ΘΕΡΑΠΕΥΤΙΚΗ ΑΦΑΙΡΕΣΗ. ΓΙΑ ΕΡΥΘΡΑ ΑΙΜΟΣΦΑΙΡΙΑ;;;;;
3775;X652985;ΘΕΡΑΠΕΥΤΙΚΗ ΑΦΑΙΡΕΣΗ. ΓΙΑ ΑΙΜΟΠΕΤΑΛΙΑ;;;;;
3776;X652987;ΘΕΡΑΠΕΥΤΙΚΗ ΑΦΑΙΡΕΣΗ. ΓΙΑ ΠΛΑΣΜΑΦΑΙΡΕΣΗ;;;;;
3777;X652989;ΘΕΡΑΠΕΥΤΙΚΗ ΑΦΑΙΡΕΣΗ. ΜΕ ΕΞΩΣΩΜΑΤΙΚΗ ΑΝΟΣΟΠΡΟΣΡΟΦΗΣΗ ΚΑΙ  ΕΠΑΝΕΓΧΥΣΗ ΠΛΑΣΜΑΤΟΣ;;;;;
3778;X652991;ΘΕΡΑΠΕΥΤΙΚΗ  ΑΦΑΙΡΕΣΗ. ΜΕ ΕΞΩΣΩΜΑΤΙΚΗ ΕΠΙΛΕΚΤΙΚΗ ΠΡΟΣΡΟΦΗΣΗ Ή ΕΠΙΛΕΚΤΙΗ ΔΙΗΘΗΣΗ ΚΑΙ ΕΠΑΝΕΓΧΥΣΗ ΠΛΑΣΜΑΤΟΣ;;;;;
3779;X653003;ΦΩΤΟΑΦΑΙΡΕΣΗ, ΕΞΩΣΩΜΑΤΙΚΗ;;;;;
3780;X653069;ΕΙΣΑΓΩΓΗ, ΚΕΝΤΡΙΚΗ, ΦΛΕΒΙΚΟΥ ΚΑΘΕΤΗΡΑ. ΚΕΝΤΡΙΚΟΥ ΦΛΕΒΙΚΟΥ ΚΑΘΕΤΗΡΑ ΧΩΡΙΣ ΤΟΥΝΕΛ ΗΛΙΚΙΑ ΜΙΚΡΟΤΕΡΗ ΤΩΝ 5 ΕΤΩΝ;;;;;
3781;X653071;ΕΙΣΑΓΩΓΗ, ΚΕΝΤΡΙΚΗ, ΦΛΕΒΙΚΟΥ ΚΑΘΕΤΗΡΑ. ΚΕΝΤΡΙΚΟΥ ΦΛΕΒΙΚΟΥ ΚΑΘΕΤΗΡΑ ΧΩΡΙΣ ΤΟΥΝΕΛ ΗΛΙΚΙΑ 5 ΕΤΩΝ Ή ΜΕΓΑΛΥΤΕΡΗ;;;;;
3782;X653073;ΕΙΣΑΓΩΓΗ, ΚΕΝΤΡΙΚΗ, ΦΛΕΒΙΚΟΥ ΚΑΘΕΤΗΡΑ. ΚΕΝΤΡΙΚΟΥ ΦΛΕΒΙΚΟΥ ΚΑΘΕΤΗΡΑ ΜΕ ΤΟΥΝΕΛ ΑΝΕΥ ΥΠΟΔΟΡΙΑΣ ΘΥΡΑΣ Ή ΑΝΤΛΙΑΣ. ΗΛΙΚΙΑ ΜΙΚΡΟΤΕΡΗ ΤΩΝ 5 ΕΤΩΝ;;;;;
3783;X653075;ΕΙΣΑΓΩΓΗ, ΚΕΝΤΡΙΚΗ, ΦΛΕΒΙΚΟΥ ΚΑΘΕΤΗΡΑ. ΚΕΝΤΡΙΚΟΥ ΦΛΕΒΙΚΟΥ ΚΑΘΕΤΗΡΑ ΜΕ ΤΟΥΝΕΛ ΑΝΕΥ ΥΠΟΔΟΡΙΑΣ ΘΥΡΑΣ Ή ΑΝΤΛΙΑΣ. ΗΛΙΚΙΑ 5 ΕΤΩΝ Η ΜΕΓΑΛΥΤΕΡΗ;;;;;
3784;X653079;ΕΙΣΑΓΩΓΗ,  ΚΕΝΤΡΙΚΗ, ΣΥΣΚΕΥΗΣ ΓΙΑ ΚΕΝΤΡΙΚΗ ΦΛΕΒΙΚΗ ΠΡΟΣΒΑΣΗ, ΜΕ ΤΟΥΝΕΛ ΜΕ ΥΠΟΔΟΡΙΑ ΘΥΡΑ. ΗΛΙΚΙΑ ΜΙΚΡΟΤΕΡΗ ΑΠΟ 5 ΕΤΩΝ;;;;;
3785;X653081;ΕΙΣΑΓΩΓΗ,  ΚΕΝΤΡΙΚΗ, ΣΥΣΚΕΥΗΣ ΓΙΑ ΚΕΝΤΡΙΚΗ ΦΛΕΒΙΚΗ ΠΡΟΣΒΑΣΗ, ΜΕ ΤΟΥΝΕΛ ΜΕ ΥΠΟΔΟΡΙΑ ΘΥΡΑ. ΗΛΙΚΙΑ 5 ΕΤΩΝ Ή ΜΕΓΑΛΥΤΕΡΗ;;;;;
3786;X653085;ΕΙΣΑΓΩΓΗ,  ΚΕΝΤΡΙΚΗ, ΣΥΣΚΕΥΗΣ ΓΙΑ ΚΕΝΤΡΙΚΗ ΦΛΕΒΙΚΗ ΠΡΟΣΒΑΣΗ, ΜΕ ΤΟΥΝΕΛ ΜΕ ΥΠΟΔΟΡΙΑ ΑΝΤΛΙΑ;;;;;
3787;X653089;ΕΙΣΑΓΩΓΗ,  ΚΕΝΤΡΙΚΗ, ΣΥΣΚΕΥΗΣ ΓΙΑ ΚΕΝΤΡΙΚΗ ΦΛΕΒΙΚΗ ΠΡΟΣΒΑΣΗ, ΜΕ ΤΟΥΝΕΛ ΑΠΑΙΤΕΙ ΔΥΟ ΚΑΘΕΤΗΡΕΣ, ΔΙΑΜΕΣΟΥ ΔΥΟ ΞΕΧΩΡΙΣΤΩΝ ΦΛΕΒΙΚΩΝ ΣΗΜΕΙΩΝ ΠΡΟΣΒΑΣΗΣ. ΧΩΡΙΣ ΥΠΟΔΟΡΙΑ ΘΥΡΑ Ή ΑΝΤΛΙΑ (ΠΧ. ΚΑΘΕΤΗΡΑΣ ΤΥΠΟΥ TESIO);;;;;
3788;X653091;ΕΙΣΑΓΩΓΗ,  ΚΕΝΤΡΙΚΗ, ΣΥΣΚΕΥΗΣ ΓΙΑ ΚΕΝΤΡΙΚΗ ΦΛΕΒΙΚΗ ΠΡΟΣΒΑΣΗ, ΜΕ ΤΟΥΝΕΛ ΑΠΑΙΤΕΙ ΔΥΟ ΚΑΘΕΤΗΡΕΣ, ΔΙΑΜΕΣΟΥ ΔΥΟ ΞΕΧΩΡΙΣΤΩΝ ΦΛΕΒΙΚΩΝ ΣΗΜΕΙΩΝ ΠΡΟΣΒΑΣΗΣ. ΜΕ ΥΠΟΔΟΡΙΑ ΘΥΡΑ(ΕΣ);;;;;
3789;X653095;ΕΙΣΑΓΩΓΗ, ΠΕΡΙΦΕΡΙΚΗ. ΚΕΝΤΡΙΚΟΥ ΦΛΕΒΙΚΟΥ ΚΑΘΕΤΗΡΑ (PICC),  ΑΝΕΥ ΥΠΟΔΟΡΙΑΣ ΘΥΡΑΣ Ή ΑΝΤΛΙΑΣ. ΣΕ ΗΛΙΚΙΑ ΜΙΚΡΟΤΕΡΗ ΑΠΟ 5 ΕΤΩΝ;;;;;
3790;X653097;ΕΙΣΑΓΩΓΗ, ΠΕΡΙΦΕΡΙΚΗ. ΚΕΝΤΡΙΚΟΥ ΦΛΕΒΙΚΟΥ ΚΑΘΕΤΗΡΑ (PICC),  ΑΝΕΥ ΥΠΟΔΟΡΙΑΣ ΘΥΡΑΣ Ή ΑΝΤΛΙΑΣ. ΣΕ ΗΛΙΚΙΑ 5 ΕΤΩΝ Ή ΜΕΓΑΛΥΤΕΡΗ;;;;;
3791;X653099;ΕΙΣΑΓΩΓΗ, ΠΕΡΙΦΕΡΙΚΗ. ΚΕΝΤΡΙΚΟΥ ΦΛΕΒΙΚΟΥ ΚΑΘΕΤΗΡΑ (PICC),  ΜΕ ΥΠΟΔΟΡΙΑ ΘΥΡΑ. ΣΕ ΗΛΙΚΙΑ ΜΙΚΡΟΤΕΡΗ ΑΠΟ 5 ΕΤΩΝ;;;;;
3792;X653101;ΕΙΣΑΓΩΓΗ, ΠΕΡΙΦΕΡΙΚΗ. ΚΕΝΤΡΙΚΟΥ ΦΛΕΒΙΚΟΥ ΚΑΘΕΤΗΡΑ (PICC),  ΜΕ ΥΠΟΔΟΡΙΑ ΘΥΡΑ. ΣΕ ΗΛΙΚΙΑ 5 ΕΤΩΝ Ή ΜΕΓΑΛΥΤΕΡΗ;;;;;
3793;X653109;ΑΠΟΚΑΤΑΣΤΑΣΗ ΚΕΝΤΡΙΚΟΥ ΦΛΕΒΙΚΟΥ ΚΑΘΕΤΗΡΑ, ΜΕ Ή ΧΩΡΙΣ ΥΠΟΔΟΡΙΑ ΠΟΡΕΙΑ,  ΧΩΡΙΣ ΥΠΟΔΟΡΙΑ ΘΥΡΑ Ή ΑΝΤΛΙΑ, ΚΕΝΤΡΙΚΟΥ Ή ΠΕΡΙΦΕΡΙΚΟΥ ΣΗΜΕΙΟΥ ΕΙΣΑΓΩΓΗΣ;;;;;
3794;X653111;ΑΠΟΚΑΤΑΣΤΑΣΗ ΤΗΣ ΣΥΣΚΕΥΗΣ ΚΕΝΤΡΙΚΗΣ ΦΛΕΒΙΚΗΣ ΠΡΟΣΒΑΣΗΣ, ΜΕ ΥΠΟΔΟΡΙΑ ΘΥΡΑ Ή ΑΝΤΛΙΑ ΚΕΝΤΡΙΚΟΥ Ή ΠΕΡΙΦΕΡΙΚΟΥ ΣΗΜΕΙΟΥ ΕΙΣΑΓΩΓΗΣ;;;;;
3795;X653115;ΑΝΤΙΚΑΤΑΣΤΑΣΗ, ΜΟΝΟ ΚΑΘΕΤΗΡΑΣ, ΣΥΣΚΕΥΗΣ ΚΕΝΤΡΙΚΗΣ ΦΛΕΒΙΚΗΣ ΠΡΟΣΒΑΣΗΣ, ΜΕ ΥΠΟΔΟΡΙΑ ΘΥΡΑ Ή ΑΝΤΛΙΑ, ΚΕΝΤΡΙΚΟΥ Ή ΠΕΡΙΦΕΡΙΚΟΥ ΣΗΜΕΙΟΥ ΕΙΣΑΓΩΓΗΣ;;;;;
3796;X653119;ΑΝΤΙΚΑΤΑΣΤΑΣΗ, ΠΛΗΡΗΣ, ΚΕΝΤΡΙΚΟΥ ΦΛΕΒΙΚΟΥ ΚΑΘΕΤΗΡΑ, ΚΕΝΤΡΙΚΟΥ ΣΗΜΕΙΟΥ ΕΙΣΑΓΩΓΗΣ, ΧΩΡΙΣ ΥΠΟΔΟΡΙΑ ΠΟΡΕΙΑ, ΑΝΕΥ ΥΠΟΔΟΡΙΑΣ ΘΥΡΑΣ Ή ΑΝΤΛΙΑΣ, ΔΙΑΜΕΣΟΥ ΤΗΣ ΙΔΙΑΣ ΦΛΕΒΙΚΗΣ ΟΔΟΥ .;;;;;
3797;X653121;ΑΝΤΙΚΑΤΑΣΤΑΣΗ, ΠΛΗΡΗΣ, ΚΕΝΤΡΙΚΟΥ ΦΛΕΒΙΚΟΥ ΚΑΘΕΤΗΡΑ, ΚΕΝΤΡΙΚΟΥ ΣΗΜΕΙΟΥ ΕΙΣΑΓΩΓΗΣ, ΜΕ ΥΠΟΔΟΡΙΑ ΠΟΡΕΙΑ, ΑΝΕΥ ΥΠΟΔΟΡΙΑΣ ΘΥΡΑΣ Ή ΑΝΤΛΙΑΣ, ΔΙΑΜΕΣΟΥ ΤΗΣ ΙΔΙΑΣ ΦΛΕΒΙΚΗΣ ΟΔΟΥ;;;;;
3798;X653123;ΑΝΤΙΚΑΤΑΣΤΑΣΗ, ΠΛΗΡΗΣ, ΚΕΝΤΡΙΚΟΥ ΦΛΕΒΙΚΟΥ ΚΑΘΕΤΗΡΑ, ΚΕΝΤΡΙΚΟΥ ΣΗΜΕΙΟΥ ΕΙΣΑΓΩΓΗΣ, ΜΕ ΥΠΟΔΟΡΙΑ ΠΟΡΕΙΑ, ΜΕ ΥΠΟΔΟΡΙΑ ΘΥΡΑ, ΔΙΑΜΕΣΟΥ ΤΗΣ ΙΔΙΑΣ ΦΛΕΒΙΚΗΣ ΟΔΟΥ;;;;;
3799;X653125;ΑΝΤΙΚΑΤΑΣΤΑΣΗ, ΠΛΗΡΗΣ, ΚΕΝΤΡΙΚΟΥ ΦΛΕΒΙΚΟΥ ΚΑΘΕΤΗΡΑ, ΚΕΝΤΡΙΚΟΥ ΣΗΜΕΙΟΥ ΕΙΣΑΓΩΓΗΣ, ΜΕ ΥΠΟΔΟΡΙΑ ΠΟΡΕΙΑ, ΜΕ ΥΠΟΔΟΡΙΑΣ ΑΝΤΛΙΑ, ΔΙΑΜΕΣΟΥ ΤΗΣ ΙΔΙΑΣ ΦΛΕΒΙΚΗΣ ΟΔΟΥ;;;;;
3800;X653127;ΑΝΤΙΚΑΤΑΣΤΑΣΗ, ΠΛΗΡΗΣ, ΕΝΟΣ ΠΕΡΙΦΕΡΙΚΑ ΕΙΣΑΓΩΜΕΝΟΥ, ΚΕΝΤΡΙΚΟΥ ΦΛΕΒΙΚΟΥ  ΚΑΘΕΤΗΡΑ (PICC), ΑΝΕΥ ΥΠΟΔΟΡΙΑΣ ΘΥΡΑΣ Ή ΑΝΤΛΙΑΣ, ΔΙΑΜΕΣΟΥ ΤΗΣ ΙΔΙΑΣ ΦΛΕΒΙΚΗΣ ΟΔΟΥ .;;;;;
3801;X653129;ΑΝΤΙΚΑΤΑΣΤΑΣΗ, ΠΛΗΡΗΣ, ΜΙΑΣ ΠΕΡΙΦΕΡΙΚΑ ΕΙΣΑΓΩΜΕΝΗΣ ΣΥΣΚΕΥΗΣ ΚΕΝΤΡΙΚΗΣ ΦΛΕΒΙΚΗΣ ΠΡΟΣΒΑΣΗΣ, ΑΝΕΥ ΥΠΟΔΟΡΙΑΣ ΘΥΡΑΣ, ΔΙΑΜΕΣΟΥ ΤΗΣ ΙΔΙΑΣ ΦΛΕΒΙΚΗΣ ΟΔΟΥ;;;;;
3802;X653137;ΑΦΑΙΡΕΣΗ ΤΟΥ, ΜΕ ΥΠΟΔΟΡΙΑ  ΠΟΡΕΙΑ, ΚΕΝΤΡΙΚΟΥ ΦΛΕΒΙΚΟΥ ΚΑΘΕΤΗΡΑ, ΑΝΕΥ ΥΠΟΔΟΡΙΑΣ ΘΥΡΑΣ Ή ΑΝΤΛΙΑΣ;;;;;
3803;X653139;ΑΦΑΙΡΕΣΗ ΤΟΥ, ΜΕ ΥΠΟΔΟΡΙΑ  ΠΟΡΕΙΑ, ΚΕΝΤΡΙΚΟΥ ΦΛΕΒΙΚΟΥ ΚΑΘΕΤΗΡΑ, ΜΕ ΥΠΟΔΟΡΙΑΣ ΘΥΡΑΣ Ή ΑΝΤΛΙΑΣ, ΚΕΝΤΡΙΚΗ Ή ΠΕΡΙΦΕΡΙΚΗ ΕΙΣΑΓΩΓΗ;;;;;
3804;X653141;ΣΥΛΛΟΓΗ ΔΕΙΓΜΑΤΟΣ ΑΙΜΑΤΟΣ ΑΠΟ ΜΙΑ ΠΛΗΡΩΣ ΕΜΦΥΤΕΥΣΙΜΗ ΦΛΕΒΙΚΗ ΣΥΣΚΕΥΗ ΠΡΟΣΒΑΣΗΣ;;;;;
3805;X653143;ΣΥΛΛΟΓΗ ΔΕΙΓΜΑΤΟΣ ΑΙΜΑΤΟΣ ΜΕ ΧΡΗΣΗ ΕΓΚΑΤΕΣΤΗΜΕΝΟΥ ΚΕΝΤΡΙΚΟΥ Ή ΠΕΡΙΦΕΡΙΚΟΥ ΚΑΘΕΤΗΡΑ, ΦΛΕΒΑ, ΜΗ ΚΑΘΟΡΙΣΜΕΝΗ ΔΙΑΦΟΡΕΤΙΚΑ;;;;;
3806;X653145;ΘΡΟΜΒΟΛΥΣΗ ΜΕ ΘΡΟΜΒΟΛΥΤΙΚΟ ΠΑΡΑΓΟΝΤΑ, ΕΜΦΥΤΕΥΜΕΝΗΣ ΕΝΔΑΓΓΕΙΑΚΗΣ ΣΥΣΚΕΥΗΣ  Ή ΚΑΘΕΤΗΡΑ;;;;;
3807;X653149;ΜΗΧΑΝΙΚΗ ΑΦΑΙΡΕΣΗ ΤΟΥ ΠΕΡΙΚΑΘΕΤΗΡΙΑΚΟΥ ΑΠΟΦΡΑΚΤΙΚΟΥ ΥΛΙΚΟΥ (ΠΧ. ΙΝΩΔΗΣ ΚΑΨΑ) ΑΠΟ ΣΥΣΚΕΥΗ ΚΕΝΤΡΙΚΗΣ ΦΛΕΒΑΣ ΔΙΑΜΕΣΟΥ ΞΕΧΩΡΙΣΤΗΣ ΦΛΕΒΙΚΗΣ ΠΡΟΣΒΑΣΗΣ;;;;;
3808;X653151;ΜΗΧΑΝΙΚΗ ΑΦΑΙΡΕΣΗ ΕΝΔΟΑΥΛΙΚΟΥ (ΕΝΔΟΚΑΘΕΤΗΡΑΣ) ΑΠΟΦΡΑΚΤΙΚΟΥ ΥΛΙΚΟΥ ΑΠΟ ΤΗΝ ΣΥΣΚΕΥΗ ΚΕΝΤΡΙΚΗΣ ΦΛΕΒΑΣ ΔΙΑΜΕΣΟΥ ΤΟΥ ΑΥΛΟΥ ΤΗΣ ΣΥΣΚΕΥΗΣ;;;;;
3809;X653153;ΕΠΑΝΑΤΟΠΟΘΕΤΗΣΗ  ΠΡΟΗΓΟΥΜΕΝΩΣ ΤΟΠΟΘΕΤΗΜΕΝΟΥ ΚΕΝΤΡΙΚΟΥ ΦΛΕΒΙΚΟΥ ΚΑΘΕΤΗΡΑ ΥΠΟ ΑΚΤΙΝΟΣΚΟΠΙΚΗ ΚΑΘΟΔΗΓΗΣΗ;;;;;
3810;X653155;ΕΝΕΣΗ(ΕΙΣ) ΣΚΙΑΓΡΑΦΙΚΟΥ ΥΛΙΚΟΥ ΓΙΑ ΑΚΤΙΝΟΛΟΓΙΚΗ ΑΞΙΟΛΟΓΗΣΗ ΥΠΑΡΧΟΥΣΑΣ ΣΥΣΚΕΥΗΣ ΚΕΝΤΡΙΚΗΣ ΦΛΕΒΙΚΗΣ ΠΡΟΣΒΑΣΗΣ, ΣΥΜΠΕΡΙΛΑΜΒΑΝΟΜΕΝΗΣ ΑΚΤΙΝΟΣΚΟΠΗΣΗΣ, ΑΠΕΙΚΟΝΙΣΤΙΚΗ ΤΕΚΜΗΡΙΩΣΗ ΚΑΙ ΑΝΑΦΟΡΑ;;;;;
3811;X653159;ΑΡΤΗΡΙΑΚΗ ΠΑΡΑΚΕΝΤΗΣΗ, ΛΗΨΗ ΑΙΜΑΤΟΣ ΓΙΑ ΔΙΑΓΝΩΣΗ;;;;;
3812;X653199;ΑΡΤΗΡΙΑΚΟΣ ΚΑΘΕΤΗΡΙΑΣΜΟΣ Ή ΤΟΠΟΘΕΤΗΣΗ ΣΩΛΗΝΑ ΓΙΑ ΔΕΙΓΜΑΤΟΛΗΨΙΑ, ΠΑΡΑΚΟΛΟΥΘΗΣΗ Ή  ΜΕΤΑΓΓΙΣΗ (ΞΕΧΩΡΙΣΤΗ ΕΠΕΜΒΑΣΗ). ΔΙΑΔΕΡΜΙΚΗ;;;;;
3813;X653209;ΑΡΤΗΡΙΑΚΟΣ ΚΑΘΕΤΗΡΙΑΣΜΟΣ Ή ΤΟΠΟΘΕΤΗΣΗ ΣΩΛΗΝΑ ΓΙΑ ΔΕΙΓΜΑΤΟΛΗΨΙΑ, ΠΑΡΑΚΟΛΟΥΘΗΣΗ Ή  ΜΕΤΑΓΓΙΣΗ (ΞΕΧΩΡΙΣΤΗ ΕΠΕΜΒΑΣΗ).  ΜΕ ΤΟΜΗ;;;;;
3814;X653239;ΑΡΤΗΡΙΑΚΟΣ ΚΑΘΕΤΗΡΙΑΣΜΟΣ ΓΙΑ ΘΕΡΑΠΕΥΤΙΚΗ ΑΓΩΓΗ ΠΑΡΑΤΕΤΑΜΕΝΗΣ ΕΓΧΥΣΗΣ (ΧΗΜΕΙΟΘΕΡΑΠΕΙΑ) ΜΕ ΤΟΜΗ;;;;;
3815;X653279;ΚΑΘΕΤΗΡΙΑΣΜΟΣ, ΟΜΦΑΛΙΚΗ ΑΡΤΗΡΙΑ, ΝΕΟΓΕΝΝΗΤΟ, ΓΙΑ ΔΙΑΓΝΩΣΗ Ή ΘΕΡΑΠΕΙΑ;;;;;
3816;X653319;ΤΟΠΟΘΕΤΗΣΗ ΒΕΛΟΝΑΣ ΓΙΑ ΕΝΔΟΣΤΙΚΗ ΕΓΧΥΣΗ;;;;;
3817;X653559;ΕΙΣΑΓΩΓΗ ΣΩΛΗΝΙΣΚΟΥ ΓΙΑ ΑΙΜΟΔΙΑΛΥΣΗ, ΑΛΛΟΣ ΣΚΟΠΟΣ (ΞΕΧΩΡΙΣΤΗ ΕΠΕΜΒΑΣΗ). ΑΠΟ ΦΛΕΒΑ ΣΕ ΦΛΕΒΑ;;;;;
3818;X653579;ΕΙΣΑΓΩΓΗ ΣΩΛΗΝΙΣΚΟΥ ΓΙΑ ΑΙΜΟΔΙΑΛΥΣΗ, ΑΛΛΟΣ ΣΚΟΠΟΣ (ΞΕΧΩΡΙΣΤΗ ΕΠΕΜΒΑΣΗ). ΑΡΤΗΡΙΟΦΛΕΒΙΚΗ, ΕΞΩΤΕΡΙΚΟΣ (ΤΥΠΟΣ SCRIBNER);;;;;
3819;X653589;ΕΙΣΑΓΩΓΗ ΣΩΛΗΝΙΣΚΟΥ ΓΙΑ ΑΙΜΟΔΙΑΛΥΣΗ, ΑΛΛΟΣ ΣΚΟΠΟΣ (ΞΕΧΩΡΙΣΤΗ ΕΠΕΜΒΑΣΗ). ΑΡΤΗΡΙΟΦΛΕΒΙΚΗ, ΕΞΩΤΕΡΙΚΗ ΑΠΟΚΑΤΑΣΤΑΣΗ, Ή ΣΥΓΚΛΕΙΣΗ;;;;;
3820;X653595;ΑΡΤΗΡΙΟΦΛΕΒΙΚΗ ΑΝΑΣΤΟΜΩΣΗ, ΑΝΟΙΚΤΗ. ΜΕ ΜΕΤΑΘΕΣΗ ΤΗΣ ΚΕΦΑΛΙΚΗΣ ΦΛΕΒΑΣ ΕΓΓΥΣ ΒΡΑΧΙΟΝΑ;;;;;
3821;X653597;ΑΡΤΗΡΙΟΦΛΕΒΙΚΗ ΑΝΑΣΤΟΜΩΣΗ, ΑΝΟΙΚΤΗ. ΜΕ ΜΕΤΑΘΕΣΗ ΤΗΣ ΒΑΣΙΛΙΚΗΣ ΦΛΕΒΑΣ ΕΓΓΥΣ ΒΡΑΧΙΟΝΑ;;;;;
3822;X653599;ΑΡΤΗΡΙΟΦΛΕΒΙΚΗ ΑΝΑΣΤΟΜΩΣΗ, ΑΝΟΙΚΤΗ. ΜΕ ΜΕΤΑΘΕΣΗ ΦΛΕΒΑΣ ΑΝΤΙΒΡΑΧΙΟΥ;;;;;
3823;X653601;ΑΡΤΗΡΙΟΦΛΕΒΙΚΗ ΑΝΑΣΤΟΜΩΣΗ, ΑΝΟΙΚΤΗ. ΑΜΕΣΗ, ΚΑΘΕ ΘΕΣΗ (ΠΧ. ΤΥΠΟΣ CIMINO) (ΞΕΧΩΡΙΣΤΗ ΕΠΕΜΒΑΣΗ);;;;;
3824;X653603;ΕΙΣΑΓΩΓΗ ΣΩΛΗΝΙΣΚΟΥ(ΩΝ) ΓΙΑ ΠΑΡΑΤΕΤΑΜΕΝΗ ΕΞΩΣΩΜΑΤΙΚΗ ΚΥΚΛΟΦΟΡΙΑ ΓΙΑ ΚΑΡΔΙΟΠΝΕΥΜΟΝΙΚΗ ΑΝΕΠΑΡΚΕΙΑ (ECMO) (ΞΕΧΩΡΙΣΤΗ ΕΠΕΜΒΑΣΗ);;;;;
3825;X653605;ΕΙΣΑΓΩΓΗ ΑΡΤΗΡΙΑΚΟΥ ΚΑΙ ΦΛΕΒΙΚΟΥ ΣΩΛΗΝΙΣΚΟΥ ΓΙΑ ΞΕΧΩΡΙΣΤΗ ΕΞΩΣΩΜΑΤΙΚΗ ΚΥΚΛΟΦΟΡΙΑ ΣΥΜΠΕΡΙΛΑΜΒΑΝΟΜΕΝΗΣ ΤΗΣ ΠΑΡΟΧΗΣ ΤΟΠΙΚΗΣ ΧΗΜΕΙΟΘΕΡΑΠΕΙΑΣ ΣΕ ΕΝΑ ΑΚΡΟ, ΜΕ Ή ΑΝΕΥ ΥΠΕΡΘΕΡΜΙΑ, ΜΕ ΑΦΑΙΡΕΣΗ ΤΩΝ ΚΑΘΕΤΗΡΩΝ ΚΑΙ ΣΥΡΡΑΦΗ ΤΩΝ  ΘΕΣΕΩΝ ΑΡΤΗΡΙΟΤΟΜΗΣ ΚΑΙ ΦΛΕΒΟΤΟΜΗΣ;;;;;
3826;X653609;ΔΗΜΙΟΥΡΓΙΑ ΑΡΤΗΡΙΟΦΛΕΦΙΚΟΥ ΣΥΡΙΓΓΙΟΥ ΜΕΣΩ ΑΛΛΗΣ ΔΙΑΔΙΚΑΣΙΑΣ ΕΚΤΟΣ ΤΗΣ ΑΜΕΣΗΣ ΑΡΤΗΡΙΟΦΛΕΒΙΚΗΣ ΑΝΑΣΤΟΜΩΣΗΣ (ΞΕΧΩΡΙΣΤΗ ΕΠΕΜΒΑΣΗ), ΑΥΤΟΓΕΝΕΣ ΜΟΣΧΕΥΜΑ;;;;;
3827;X653619;ΔΗΜΙΟΥΡΓΙΑ ΑΡΤΗΡΙΟΦΛΕΒΙΚΟΥ ΣΥΡΙΓΓΙΟΥ ΜΕΣΩ ΑΛΛΗΣ ΔΙΑΔΙΚΑΣΙΑΣ ΕΚΤΟΣ ΤΗΣ ΑΜΕΣΗΣ ΑΡΤΗΡΙΟΦΛΕΒΙΚΗΣ ΑΝΑΣΤΟΜΩΣΗΣ (ΞΕΧΩΡΙΣΤΗ ΕΠΕΜΒΑΣΗ), ΜΗ ΑΥΤΟΓΕΝΕΣ ΜΟΣΧΕΥΜΑ (Π.Χ., ΒΙΟΛΟΓΙΚΟ ΚΟΛΛΑΓΟΝΟ, ΘΕΡΜΟΠΛΑΣΤΙΚΟ ΜΟΣΧΕΥΜΑ);;;;;
3828;X653621;ΘΡΟΜΒΕΚΤΟΜΗ, ΑΝΟΙΚΤΗ, ΑΡΤΗΡΙΟΦΛΕΒΙΚΟ ΣΥΡΙΓΓΙΟ ΧΩΡΙΣ ΑΝΑΘΕΩΡΗΣΗ, ΑΥΤΟΓΕΝΕΣ Ή ΜΗ ΑΥΤΟΓΕΝΕΣ ΜΟΣΧΕΥΜΑ ΑΙΜΟΚΑΘΑΡΣΗΣ (ΞΕΧΩΡΙΣΤΗ ΕΠΕΜΒΑΣΗ);;;;;
3829;X653623;ΑΝΑΘΕΩΡΗΣΗ, ΑΝΟΙΚΤΗ, ΑΡΤΗΡΙΟΦΛΕΒΙΚΟ ΣΥΡΙΓΓΙΟ, ΧΩΡΙΣ ΘΡΟΜΒΕΚΤΟΜΗ, ΑΥΤΟΓΕΝΕΣ Ή ΜΗ ΑΥΤΟΓΕΝΕΣ ΜΟΣΧΕΥΜΑ ΑΙΜΟΚΑΘΑΡΣΗΣ (ΞΕΧΩΡΙΣΤΗ ΕΠΕΜΒΑΣΗ);;;;;
3830;X653625;ΑΝΑΘΕΩΡΗΣΗ, ΑΝΟΙΚΤΗ, ΑΡΤΗΡΙΟΦΛΕΒΙΚΟ ΣΥΡΙΓΓΙΟ, ΧΩΡΙΣ ΘΡΟΜΒΕΚΤΟΜΗ, ΑΥΤΟΓΕΝΕΣ Ή ΜΗ ΑΥΤΟΓΕΝΕΣ ΜΟΣΧΕΥΜΑ ΑΙΜΟΚΑΘΑΡΣΗΣ (ΞΕΧΩΡΙΣΤΗ ΕΠΕΜΒΑΣΗ);;;;;
3831;X653627;ΠΛΑΣΤΙΚΗ ΑΠΟΚΑΤΑΣΤΑΣΗ ΑΡΤΗΡΙΟΦΛΕΒΙΚΟΥ ΑΝΕΥΡΥΣΜΑΤΟΣ (ΞΕΧΩΡΙΣΤΗ ΕΠΕΜΒΑΣΗ);;;;;
3832;X653629;ΕΙΣΑΓΩΓΗ ΠΑΡΑΚΑΜΨΗΣ THOMAS (ΞΕΧΩΡΙΣΤΗ ΕΠΕΜΒΑΣΗ);;;;;
3833;X653635;ΠΕΡΙΦΕΡΙΚΗ ΕΠΑΝΑΓΓΕΙΩΣΗ ΚΑΙ ΠΕΡΙΟΔΙΚΗ ΑΠΟΛΙΝΩΣΗ (DRIL), ΑΝΩ ΑΚΡΟ ΠΡΟΣΒΑΣΗ ΑΙΜΟΚΑΘΑΡΣΗΣ (ΣΥΝΔΡΟΜΟ ΥΠΟΚΛΟΠΗΣ);;;;;
3834;X653679;ΑΦΑΙΡΕΣΗ ΠΗΓΜΑΤΟΣ ΜΕ ΕΞΩΤΕΡΙΚΟ ΣΩΛΗΝΑ (ΞΕΧΩΡΙΣΤΗ ΕΠΕΜΒΑΣΗ), ΧΩΡΙΣ ΧΡΗΣΗ ΚΑΘΕΤΗΡΑ ΜΕ ΑΕΡΟΘΑΛΑΜΟ;;;;;
3835;X653681;ΑΦΑΙΡΕΣΗ ΠΗΓΜΑΤΟΣ ΜΕ ΕΞΩΤΕΡΙΚΟ ΚΑΘΕΤΗΡΑ (ΞΕΧΩΡΙΣΤΗ ΕΠΕΜΒΑΣΗ), ΜΕ ΧΡΗΣΗ ΚΑΘΕΤΗΡΑ ΜΕ ΑΕΡΟΘΑΛΑΜΟ;;;;;
3836;X653699;ΘΡΟΜΒΕΚΤΟΜΗ, ΔΙΑΔΕΡΜΙΚΗ, ΑΡΤΗΡΙΟΦΛΕΒΙΚΟ ΣΥΡΙΓΓΙΟ, ΑΥΤΟΓΕΝΕΣ Ή ΜΗ ΑΥΤΟΓΕΝΕΣ ΜΟΣΧΕΥΜΑ (ΠΕΡΙΛΑΜΒΑΝΕΙ ΜΗΧΑΝΙΚΗ ΕΞΑΓΩΓΗ ΘΡΟΜΒΟΥ ΚΑΙ ΕΝΔΟΜΟΣΧΕΥΜΑΤΙΚΗ ΘΡΟΜΒΟΛΥΣΗ);;;;;
3837;X654239;"ΦΛΕΒΙΚΗ ΑΝΑΣΤΟΜΩΣΗ, ΑΝΟΙΚΤΗ; ΠΥΛΑΙΑ-ΚΟΙΛΗ";;;;;
3838;X654249;ΦΛΕΒΙΚΗ ΑΝΑΣΤΟΜΩΣΗ, ΑΝΟΙΚΤΗ, ΝΕΦΡΟΠΥΛΑΙΑ;;;;;
3839;X654279;ΦΛΕΒΙΚΗ ΑΝΑΣΤΟΜΩΣΗ, ΑΝΟΙΚΤΗ, ΚΟΙΛΗ-ΜΕΣΕΝΤΕΡΙΑ;;;;;
3840;X654319;ΦΛΕΒΙΚΗ ΑΝΑΣΤΟΜΩΣΗ, ΑΝΟΙΚΤΗ, ΣΠΛΗΝΟΝΕΦΡΙΚΗ, ΕΓΓΥΣ;;;;;
3841;X654321;ΦΛΕΒΙΚΗ ΑΝΑΣΤΟΜΩΣΗ, ΑΝΟΙΚΤΗ, ΣΠΛΗΝΟΝΕΦΡΙΚΗ, ΠΕΡΙΦΕΡΙΚΗ (ΕΠΙΛΕΚΤΙΚΗ ΑΠΟΣΥΜΠΙΕΣΗ ΟΙΣΟΦΑΓΟΓΑΣΤΡΙΚΩΝ ΚΙΡΣΩΝ, ΟΠΟΙΑΔΗΠΟΤΕ ΤΕΧΝΙΚΗ);;;;;
3842;X654323;ΕΙΣΑΓΩΓΗ  ΔΙΑΦΛΕΒΙΑΣ ΕΝΔΟΗΠΑΤΙΚΗΣ  ΠΥΛΑΙΟΣΥΣΤΗΜΑΤΙΚΗΣ ΠΑΡΑΚΑΜΨΗΣ (ΩΝ) (TIPS) (ΠΕΡΙΛΑΜΒΑΝΕΙ ΦΛΕΒΙΚΗ ΠΡΟΣΒΑΣΗ, ΚΑΘΕΤΗΡΙΑΣΜΟ ΗΠΑΤIΚΗΣ ΚΑΙ ΠΥΛΑΙΑΣ ΦΛΕΒΑΣ, ΠΥΛΑΙΟΓΡΑΦΙΑ ΜΕ ΑΙΜΟΔΥΝΑΜΙΚΗ ΑΞΙΟΛΟΓΗΣΗ, ΣΧΗΜΑΤΙΣΜΟ/ΔΙΑΣΤΟΛΗ ΕΝΔΟΗΠΑΤΙΚΗΣ ΟΔΟΥ, ΤΟΠΟΘΕΤΗΣΗ ΕΝΔΑΓΓΕΙΑΚΟΥ ΣΤΕΝΤ ΚΑΙ ΟΛΗ ΤΗ ΣΧΕΤΙΖΟΜΕΝΗ ΑΠΕΙΚΟΝΙΣΤΙΚΗ ΚΑΘΟΔΗΓΗΣΗ ΚΑΙ ΤΕΚΜΗΡΙΩΣΗ);;;;;
3843;X654325;ΑΝΑΘΕΩΡΗΣΗ ΔΙΑΦΛΕΒΙΑΣ ΕΝΔΟΗΠΑΤΙΚΗΣ  ΠΥΛΑΙΟΣΥΣΤΗΜΑΤΙΚΗΣ ΠΑΡΑΚΑΜΨΗΣ (ΩΝ) (TIPS) (ΠΕΡΙΛΑΜΒΑΝΕΙ ΦΛΕΒΙΚΗ ΠΡΟΣΒΑΣΗ, ΚΑΘΕΤΗΡΙΑΣΜΟ ΗΠΑΤIΚΗΣ ΚΑΙ ΠΥΛΑΙΑΣ ΦΛΕΒΑΣ, ΠΥΛΑΙΟΓΡΑΦΙΑ ΜΕ ΑΙΜΟΔΥΝΑΜΙΚΗ ΑΞΙΟΛΟΓΗΣΗ, ΑΝΑΔΙΑΝΟΙΞΗ/ΔΙΑΣΤΟΛΗ ΕΝΔΟΗΠΑΤΙΚΗΣ ΟΔΟΥ, ΤΟΠΟΘΕΤΗΣΗ ΕΝΔΑΓΓΕΙΑΚΟΥ ΣΤΕΝΤ ΚΑΙ ΟΛΗ ΤΗ ΣΧΕΤΙΖΟΜΕΝΗ ΑΠΕΙΚΟΝΙΣΤΙΚΗ ΚΑΘΟΔΗΓΗΣΗ ΚΑΙ ΤΕΚΜΗΡΙΩΣΗ);;;;;
3844;X654327;"ΠΡΩΤΟΓΕΝΗΣ ΔΙΑΔΕΡΜΙΚΗ ΔΙΑΥΛΙΚΗ ΜΗΧΑΝΙΚΗ ΘΡΟΜΒΕΚΤΟΜΗ, ΜΗ ΣΤΕΦΑΝΙΑΙΟ ΑΓΓΕΙΟ, ΑΡΤΗΡΙΑΚΟ Ή ΑΡΤΗΡΙΑΚΟ ΠΑΡΑΚΑΜΠΤΗΡΙΟ ΜΟΣΧΕΥΜΑ, ΠΕΡΙΛΑΜΒΑΝΕΙ ΑΚΤΙΝΟΣΚΟΠΙΚΗ ΚΑΘΟΔΗΓΗΣΗ ΚΑΙ ΕΝΔΟΕΠΕΜΒΑΤΙΚΗ(ΕΣ) ΦΑΡΜΑΚΟΛΟΓΙΚΗ(ΕΣ) ΘΡΟΜΒΟΛΥΤΙΚΗ(ΕΣ) ΕΓΧΥΣΗ(ΕΙΣ); ΑΡΧΙΚΟ ΑΓΓΕΙΟ";;;;;
3845;X654329;"ΠΡΩΤΟΓΕΝΗΣ ΔΙΑΔΕΡΜΙΚΗ ΔΙΑΥΛΙΚΗ ΜΗΧΑΝΙΚΗ ΘΡΟΜΒΕΚΤΟΜΗ, ΜΗ ΣΤΕΦΑΝΙΑΙΟ ΑΓΓΕΙΟ, ΑΡΤΗΡΙΑΚΟ Ή ΑΡΤΗΡΙΑΚΟ ΠΑΡΑΚΑΜΠΤΗΡΙΟ ΜΟΣΧΕΥΜΑ, ΠΕΡΙΛΑΜΒΑΝΕΙ ΑΚΤΙΝΟΣΚΟΠΙΚΗ ΚΑΘΟΔΗΓΗΣΗ ΚΑΙ ΕΝΔΟΕΠΕΜΒΑΤΙΚΗ(ΕΣ) ΦΑΡΜΑΚΟΛΟΓΙΚΗ(ΕΣ) ΘΡΟΜΒΟΛΥΤΙΚΗ(ΕΣ) ΕΓΧΥΣΗ(ΕΙΣ); ΔΕΥΤΕΡΟ ΚΑΙ ΚΑΘΕ ΕΠΑΚΟΛΟΥΘΟ(Α) ΑΓΓΕΙΟ(Α) ΤΗΣ ΙΔΙΑΣ ΟΜΑΔΑΣ (ΝΑ ΚΑΤΑΓΡΑΦΕΤΑΙ  ΞΕΧΩΡΙΣΤΑ ΕΠΙΠΛΕΟΝ ΤΟΥ  ΚΩΔΙΚΟΥ ΤΗΣ ΑΡΧΙΚΗΣ ΕΠΕΜΒΑΣΗΣ ΜΗΧΑΝΙΚΗΣ ΘΡΟΜΒΕΚΤΟΜΗΣ)";;;;;
3846;X654331;ΔΕΥΤΕΡΟΓΕΝΗΣ ΔΙΑΔΕΡΜΙΚΗ ΔΙΑΥΛΙΚΗ ΘΡΟΜΒΕΚΤΟΜΗ (Π.Χ., ΜΗ ΠΡΩΤΟΓΕΝΗΣ ΜΗΧΑΝΙΚΗ, ΜΕ ΘΗΛΕΙΑ ΑΠΟΧΗΣ, ΤΕΧΝΙΚΗ ΑΝΑΡΡΟΦΗΣΗΣ), ΜΗ ΣΤΕΦΑΝΙΑΙΟ ΑΓΓΕΙΟ, ΑΡΤΗΡΙΑΚΟ Ή ΑΡΤΗΡΙΑΚΟ ΠΑΡΑΚΑΜΠΤΗΡΙΟ ΜΟΣΧΕΥΜΑ, ΠΟΥ ΠΕΡΙΛΑΜΒΑΝΕΙ ΑΚΤΙΝΟΣΚΟΠΙΚΗ ΚΑΘΟΔΗΓΗΣΗ ΚΑΙ ΕΝΔΟΕΠΕΜΒΑΤΙΚΕΣ ΦΑΡΜΑΚΟΛΟΓΙΚΕΣ ΘΡΟΜΒΟΛΥΤΙΚΕΣ ΕΝΕΣΕΙΣ, ΕΚΤΕΛΟΥΜΕΝΗ ΣΕ ΣΥΝΔΥΑΣΜΟ ΜΕ ΑΛΛΗ ΔΙΑΔΕΡΜΙΚΗ ΠΑΡΕΜΒΑΣΗ ΕΚΤΟΣ ΤΗΣ ΠΡΩΤΟΓΕΝΟΥΣ ΜΗΧΑΝΙΚΗΣ ΘΡΟΜΒΕΚΤΟΜΗΣ (ΝΑ ΚΑΤΑΓΡΑΦΕΤΑΙ ΞΕΧΩΡΙΣΤΑ ΕΠΙΠΛΕΟΝ ΤΟΥ ΚΩΔΙΚΟΥ ΤΗΣ  ΒΑΣΙΚΗΣ ΔΙΑΔΙΚΑΣΙΑΣ);;;;;
3847;X654333;ΔΙΑΔΕΡΜΙΚΗ ΔΙΑΥΛΙΚΗ ΜΗΧΑΝΙΚΗ ΘΡΟΜΒΕΚΤΟΜΗ, ΦΛΕΒΑ(ΕΣ), ΠΟΥ ΠΕΡΙΛΑΜΒΑΝΕΙ ΕΝΔΟΕΠΕΜΒΑΤΙΚΕΣ ΦΑΡΜΑΚΟΛΟΓΙΚΕΣ ΘΡΟΜΒΟΛΥΤΙΚΕΣ ΕΝΕΣΕΙΣ ΚΑΙ ΑΚΤΙΝΟΣΚΟΠΙΚΗ ΚΑΘΟΔΗΓΗΣΗ;;;;;
3848;X654335;ΔΙΑΔΕΡΜΙΚΗ ΔΙΑΥΛΙΚΗ ΜΗΧΑΝΙΚΗ ΘΡΟΜΒΕΚΤΟΜΗ, ΦΛΕΒΑ(ΕΣ), ΠΟΥ ΠΕΡΙΛΑΜΒΑΝΕΙ ΕΝΔΟΕΠΕΜΒΑΤΙΚΕΣ ΦΑΡΜΑΚΟΛΟΓΙΚΕΣ ΘΡΟΜΒΟΛΥΤΙΚΕΣ ΕΓΧΥΣΕΙΣ ΚΑΙ ΑΚΤΙΝΟΣΚΟΠΙΚΗ ΚΑΘΟΔΗΓΗΣΗ, ΕΠΑΝΑΛΑΜΒΑΝΟΜΕΝΗ ΘΕΡΑΠΕΙΑ ΣΕ ΕΠΟΜΕΝΗ  ΜΕΡΑ ΚΑΤΑ ΤΗ ΔΙΑΡΚΕΙΑ ΤΗΣ ΘΡΟΜΒΟΛΥΤΙΚΗΣ ΘΕΡΑΠΕΙΑΣ;;;;;
3849;X654349;ΘΡΟΜΒΟΛΥΣΗ, ΕΓΚΕΦΑΛΙΚΗ, ΜΕΣΩ ΕΝΔΟΦΛΕΒΙΑΣ ΕΓΧΥΣΗΣ;;;;;
3850;X654359;ΔΙΑΚΑΘΕΤΗΡΙΑΚΗ ΒΙΟΨΙΑ;;;;;
3851;X654361;ΔΙΑΚΑΘΕΤΗΡΙΑΚΗ ΘΕΡΑΠΕΙΑ, ΕΓΧΥΣΗ ΓΙΑ ΘΡΟΜΒΟΛΥΣΗ ΑΛΛΗ ΕΚΤΟΣ ΣΤΕΦΑΝΙΑΙΟΥ ΑΓΓΕΙΟΥ;;;;;
3852;X654363;ΔΙΑΚΑΘΕΤΗΡΙΑΚΗ ΘΕΡΑΠΕΙΑ, ΕΓΧΥΣΗ ΕΚΤΟΣ ΘΡΟΜΒΟΛΥΤΙΚΗΣ, ΟΠΟΙΟΣΔΗΠΟΤΕ ΤΥΠΟΣ (Π.Χ., ΣΠΑΣΜΟΛΥΤΙΚΗ, ΑΓΓΕΙΟΣΥΣΠΑΣΤΙΚΗ);;;;;
3853;X654365;ΔΙΑΚΑΘΕΤΗΡΙΑΚΗ ΑΝΑΚΤΗΣΗ, ΔΙΑΔΕΡΜΙΚΗ, ΕΝΔΑΓΓΕΙΑΚΟΥ ΞΕΝΟΥ ΣΩΜΑΤΟΣ (Π.Χ. ΡΑΓΕΙΣ ΦΛΕΒΙΚΟΣ Ή ΑΡΤΗΡΙΑΚΟΣ ΚΑΘΕΤΗΡΑΣ);;;;;
3854;X654367;ΔΙΑΚΑΘΕΤΗΡΙΑΚΗ ΑΠΟΦΡΑΞΗ Ή ΕΜΒΟΛΙΣΜΟΣ (Π.Χ. ΚΑΤΑΣΤΡΟΦΗ ΟΓΚΟΥ, ΕΠΙΤΕΥΞΗ ΑΙΜΟΣΤΑΣΗΣ, ΕΜΒΟΛΙΣΜΟΣ ΑΓΓΕΙΑΚΗΣ ΔΥΣΠΛΑΣΙΑΣ), ΔΙΑΔΕΡΜΙΚΗ, ΚΑΘΕ ΜΕΘΟΔΟΣ, ΕΚΤΟΣ ΚΕΝΤΡΙΚΟΥ ΝΕΥΡΙΚΟΥ ΣΥΣΤΗΜΑΤΟΣ, ΚΕΦΑΛΗΣ Ή ΤΡΑΧΗΛΟΥ;;;;;
3855;X654369;ΔΙΑΚΑΘΕΤΗΡΙΑΚΗ ΤΟΠΟΘΕΤΗΣΗ ΕΝΔΑΓΓΕΙΑΚΟΥ(ΩΝ) ΣΤΕΝΤ(Σ) (ΕΚΤΟΣ ΣΤΕΦΑΝΙΑΙΟΥ, ΚΑΡΩΤΙΔΑΣ, ΚΑΙ ΣΠΟΝΔΥΛΙΚΟΥ ΑΓΓΕΙΟΥ), ΔΙΑΔΕΡΜΙΚΗ, ΑΡΧΙΚΟ ΑΓΓΕΙΟ;;;;;
3856;X654371;ΔΙΑΚΑΘΕΤΗΡΙΑΚΗ ΤΟΠΟΘΕΤΗΣΗ ΕΝΔΑΓΓΕΙΑΚΟΥ(ΩΝ) ΣΤΕΝΤ(Σ) (ΕΚΤΟΣ ΣΤΕΦΑΝΙΑΙΟΥ, ΚΑΡΩΤΙΔΑΣ, ΚΑΙ ΣΠΟΝΔΥΛΙΚΟΥ ΑΓΓΕΙΟΥ), ΔΙΑΔΕΡΜΙΚΗ, ΚΑΘΕ ΕΠΙΠΛΕΟΝ ΑΓΓΕΙΟ (ΝΑ ΚΑΤΑΓΡΑΦΕΤΑΙ ΞΕΧΩΡΙΣΤΑ ΕΠΙΠΛΕΟΝ ΤΟΥ ΚΩΔΙΚΟΥ ΤΗΣ ΒΑΣΙΚΗΣ ΕΠΕΜΒΑΣΗΣ);;;;;
3857;X654373;ΔΙΑΚΑΘΕΤΗΡΙΑΚΗ ΤΟΠΟΘΕΤΗΣΗ ΕΝΔΑΓΓΕΙΑΚΟΥ(ΩΝ) ΣΤΕΝΤ(Σ) (ΕΚΤΟΣ ΣΤΕΦΑΝΙΑΙΟΥ, ΑΓΓΕΙΟΥ), ΑΝΟΙΚΤΗ, ΑΡΧΙΚΟ ΑΓΓΕΙΟ;;;;;
3858;X654375;"ΔΙΑΚΑΘΕΤΗΡΙΑΚΗ ΤΟΠΟΘΕΤΗΣΗ ΕΝΔΑΓΓΕΙΑΚΟΥ(ΩΝ) ΣΤΕΝΤ(Σ) (ΕΚΤΟΣ ΣΤΕΦΑΝΙΑΙΟΥ, ΑΓΓΕΙΟΥ), ΑΝΟΙΚΤΗ; ΚΑΘΕ ΕΠΙΠΛΕΟΝ ΑΓΓΕΙΟ (ΝΑ ΚΑΤΑΓΡΑΦΕΤΑΙ ΞΕΧΩΡΙΣΤΑ ΕΠΙΠΛΕΟΝ ΤΟΥ  ΚΩΔΙΚΟΥ ΤΗΣ ΒΑΣΙΚΗΣ ΕΠΕΜΒΑΣΗΣ)";;;;;
3859;X654377;ΑΝΤΙΚΑΤΑΣΤΑΣΗ ΗΔΗ ΤΟΠΟΘΕΤΗΜΕΝΟΥ ΕΝΔΑΓΓΕΙΑΚΟΥ ΚΑΘΕΤΗΡΑ ΚΑΤΑ ΤΗ ΔΙΑΡΚΕΙΑ ΘΡΟΜΒΟΛΥΤΙΚΗΣ ΘΕΡΑΠΕΙΑΣ;;;;;
3860;X654379;ΕΜΒΟΛΙΣΜΟΣ ΙΝΟΜΥΩΜΑΤΩΝ ΜΗΤΡΑΣ (UFE, ΕΜΒΟΛΙΣΜΟΣ ΤΩΝ ΑΡΤΗΡΙΩΝ ΤΗΣ ΜΗΤΡΑΣ ΓΙΑ ΤΗ ΘΕΡΑΠΕΙΑ ΙΝΟΜΥΩΜΑΤΩΝ, ΛEIOMYΩMATΩΝ), ΔΙΑΔΕΡΜΙΚΗ ΠΡΟΣΠΕΛΑΣΗ ΣΥΜΠΕΡΙΛΑΜΒΑΝΟΜΕΝΩΝ ΤΗΣ ΑΓΓΕΙΑΚΗΣ ΠΡΟΣΒΑΣΗΣ, ΤΗΣ ΕΠΙΛΟΓΗΣ ΑΓΓΕΙΩΝ, ΤΟΥ ΕΜΒΟΛΙΣΜΟΥ, ΚΑΙ ΟΛΗΣ ΤΗΣ ΑΚΤΙΝΟΛΟΓΙΚΗΣ ΠΑΡΑΚΟΛΟΥΘΗΣΗΣ ΚΑΙ ΕΡΜΗΝΕΙΑΣ, THΣ ΕΝΔΟΕΠΕΜΒΑΤΙΚΗΣ ΧΑΡΤΟΓΡΑΦΗΣΗΣ, ΚΑΙ ΤΗΣ ΑΠΕΙΚΟΝΙΣΤΙΚΗΣ ΚΑΘΟΔΗΓΗΣΗΣ  ΑΝΑΓΚΑΙΑΣ ΓΙΑ ΤΗΝ ΟΛΟΚΛΗΡΩΣΗ ΤΗΣ ΕΠΕΜΒΑΣΗΣ;;;;;
3861;X654389;"ΔΙΑΚΑΘΕΤΗΡΙΑΚΗ ΤΟΠΟΘΕΤΗΣΗ ΕΝΔΑΓΓΕΙΑΚΟΥ(ΩΝ) ΣΤΕΝΤ(Σ), ΤΡΑΧΗΛΙΚΗ ΚΑΡΩΤΙΔΙΚΗ ΑΡΤΗΡΙΑ, ΔΙΑΔΕΡΜΙΚΗ; ΜΕ ΠΡΟΣΤΑΣΙΑ ΑΠΟ ΠΕΡΙΦΕΡΙΚΑ ΕΜΒΟΛΑ";;;;;
3862;X654391;"ΔΙΑΚΑΘΕΤΗΡΙΑΚΗ ΤΟΠΟΘΕΤΗΣΗ ΕΝΔΑΓΓΕΙΑΚΟΥ(ΩΝ) ΣΤΕΝΤ(Σ), ΤΡΑΧΗΛΙΚΗ ΚΑΡΩΤΙΔΙΚΗ ΑΡΤΗΡΙΑ, ΔΙΑΔΕΡΜΙΚΗ; ΧΩΡΙΣ ΠΡΟΣΤΑΣΙΑ ΑΠΟ ΠΕΡΙΦΕΡΙΚΑ ΕΜΒΟΛΑ";;;;;
3863;X654459;ΕΝΔΑΓΓΕΙΑΚΗ ΥΠΕΡΗΧΟΓΡΑΦΙΑ (ΜΗ ΣΤΕΦΑΝΙΑΙΟ ΑΓΓΕΙΟ) ΚΑΤΑ ΤΗ ΔΙΑΡΚΕΙΑ ΤΗΣ ΔΙΑΓΝΩΣΤΙΚΗΣ ΑΞΙΟΛΟΓΗΣΗΣ ΚΑΙ/Ή ΘΕΡΑΠΕΥΤΙΚΗΣ ΠΑΡΕΜΒΑΣΗΣ, ΑΡΧΙΚΟ ΑΓΓΕΙΟ (ΝΑ ΚΑΤΑΓΡΑΦΕΤΑΙ  ΞΕΧΩΡΙΣΤΑ ΕΠΙΠΛΕΟΝ ΤΟΥ ΚΩΔΙΚΟΥ ΤΗΣ ΒΑΣΙΚΗΣ ΕΠΕΜΒΑΣΗΣ);;;;;
3864;X654461;ΕΝΔΑΓΓΕΙΑΚΗ ΥΠΕΡΗΧΟΓΡΑΦΙΑ (ΜΗ ΣΤΕΦΑΝΙΑΙΟ ΑΓΓΕΙΟ) ΚΑΤΑ ΤΗ ΔΙΑΡΚΕΙΑ ΤΗΣ ΔΙΑΓΝΩΣΤΙΚΗΣ ΑΞΙΟΛΟΓΗΣΗΣ ΚΑΙ/Ή ΘΕΡΑΠΕΥΤΙΚΗΣ ΠΑΡΕΜΒΑΣΗΣ, ΚΑΘΕ ΕΠΙΠΛΕΟΝ ΑΓΓΕΙΟ (ΝΑ ΚΑΤΑΓΡΑΦΕΤΑΙ  ΞΕΧΩΡΙΣΤΑ ΕΠΙΠΛΕΟΝ ΤΟΥ ΚΩΔΙΚΟΥ ΤΗΣ ΒΑΣΙΚΗΣ ΕΠΕΜΒΑΣΗΣ);;;;;
3865;X654959;ΑΓΓΕΙΑΚΗ ΕΝΔΟΣΚΟΠΗΣΗ, ΧΕΙΡΟΥΡΓΙΚΗ, ΜΕ ΑΠΟΛΙΝΩΣΗ ΔΙΑΤΙΤΡΑΙΝΟΥΣΩΝ ΦΛΕΒΩΝ, ΥΠΟ ΤΗΝ ΠΕΡΙΤΟΝΙΑ (SEPS);;;;;
3866;X654961;ΜΗ ΚΑΤΑΓΕΓΡΑΜΜΕΝΗ ΔΙΑΔΙΚΑΣΙΑ ΑΓΓΕΙΑΚΗΣ ΕΝΔΟΣΚΟΠΗΣΗΣ;;;;;
3867;X655089;ΑΠΟΛΙΝΩΣΗ, ΕΣΩ ΣΦΑΓΙΤΙΔΑ ΦΛΕΒΑ;;;;;
3868;X655159;ΑΠΟΛΙΝΩΣΗ, ΕΞΩ ΚΑΡΩΤΙΔΙΚΗ ΑΡΤΗΡΙΑ;;;;;
3869;X655169;ΑΠΟΛΙΝΩΣΗ, ΕΣΩ Ή ΚΟΙΝΗ ΚΑΡΩΤΙΔΙΚΗ ΑΡΤΗΡΙΑ;;;;;
3870;X655171;ΑΠΟΛΙΝΩΣΗ, ΕΣΩ Ή ΚΟΙΝΗ ΚΑΡΩΤΙΔΙΚΗ ΑΡΤΗΡΙΑ, ΜΕ ΒΑΘΜΙΑΙΑ ΣΥΓΚΛΕΙΣΗ, ΟΠΩΣ ΜΕ ΛΑΒΙΔΑ SELVERSTONE Ή CRUTCHFIELD;;;;;
3871;X655173;ΑΠΟΛΙΝΩΣΗ Ή ΣΥΣΦΙΞΗ ΑΡΤΗΡΙΟΦΛΕΒΙΚΟΥ ΣΥΡΙΓΓΙΟΥ ΑΓΓΕΙΑΚΗΣ ΠΡΟΣΒΑΣΗΣ;;;;;
3872;X655177;ΑΠΟΛΙΝΩΣΗ Ή ΒΙΟΨΙΑ, ΚΡΟΤΑΦΙΚΗ ΑΡΤΗΡΙΑ;;;;;
3873;X655189;ΑΠΟΛΙΝΩΣΗ, ΜΕΓΑΛΗ ΑΡΤΗΡΙΑ (Π.Χ., ΜΕΤΑΤΡΑΥΜΑΤΙΚΗ, ΡΗΞΗ), ΤΡΑΧΗΛΟΣ;;;;;
3874;X655191;ΑΠΟΛΙΝΩΣΗ, ΜΕΓΑΛΗ ΑΡΤΗΡΙΑ (Π.Χ., ΜΕΤΑΤΡΑΥΜΑΤΙΚΗ, ΡΗΞΗ), ΘΩΡΑΚΑΣ;;;;;
3875;X655193;ΑΠΟΛΙΝΩΣΗ, ΜΕΓΑΛΗ ΑΡΤΗΡΙΑ (Π.Χ., ΜΕΤΑΤΡΑΥΜΑΤΙΚΗ, ΡΗΞΗ), ΚΟΙΛΙΑ;;;;;
3876;X655195;ΑΠΟΛΙΝΩΣΗ, ΜΕΓΑΛΗ ΑΡΤΗΡΙΑ (Π.Χ., ΜΕΤΑΤΡΑΥΜΑΤΙΚΗ, ΡΗΞΗ), ΑΚΡΟ;;;;;
3877;X655199;ΔΙΑΚΟΠΗ, ΜΕΡΙΚΗ Ή ΟΛΙΚΗ, ΤΗΣ ΚΑΤΩ ΚΟΙΛΗΣ ΦΛΕΒΑΣ ΜΕ ΣΥΡΡΑΦΗ, ΑΠΟΛΙΝΩΣΗ, ΠΤΥΧΩΣΗ, ΜΕΤΑΛΛΙΚΟ ΣΦΙΓΚΤΗΡΑ, ΕΞΩΑΓΓΕΙΑΚΗ, ΕΝΔΑΓΓΕΙΑΚΗ (ΣΥΣΚΕΥΗ ΟΜΠΡΕΛΑ);;;;;
3878;X655259;ΑΠΟΛΙΝΩΣΗ ΤΗΣ ΜΗΡΙΑΙΑΣ ΦΛΕΒΑΣ;;;;;
3879;X655279;ΑΠΟΛΙΝΩΣΗ ΤΗΣ ΚΟΙΝΗΣ ΛΑΓΟΝΙΑΣ ΦΛΕΒΑΣ;;;;;
3880;X655359;ΑΠΟΛΙΝΩΣΗ ΚΑΙ ΔΙΑΤΟΜΗ ΤΗΣ ΜΕΙΖΟΝΟΣ ΣΑΦΗΝΟΥΣ ΦΛΕΒΑΣ ΣΤΗ ΣΑΦΗΝΟΜΗΡΙΑΙΑ ΣΥΜΒΟΛΗ, Ή ΠΕΡΙΦΕΡΙΚΩΝ ΔΙΑΤΙΤΡΟΝΤΩΝ ΚΛΑΔΩΝ;;;;;
3881;X655395;ΑΠΟΛΙΝΩΣΗ, ΔΙΑΤΟΜΗ, ΚΑΙ ΑΠΟΨΙΛΩΣΗ ΤΗΣ ΕΛΑΣΣΟΝΟΣ ΣΑΦΗΝΟΥΣ ΦΛΕΒΑΣ;;;;;
3882;X655403;ΑΠΟΛΙΝΩΣΗ, ΔΙΑΤΟΜΗ, ΚΑΙ ΑΠΟΨΙΛΩΣΗ, ΤΗΣ ΜΕΙΖΟΝΟΣ ΣΑΦΗΝΟΥΣ ΦΛΕΒΑΣ ΑΠΟ ΤΗ ΣΑΦΗΝΟΜΗΡΙΑΙΑ ΣΥΜΒΟΛΗ ΕΩΣ ΤΟ ΓΟΝΑΤΟ Ή ΚΑΤΩΘΕΝ ΑΥΤΟΥ;;;;;
3883;X655429;ΑΠΟΛΙΝΩΣΗ ΚΑΙ ΔΙΑΤΟΜΗ  ΚΑΙ ΡΙΖΙΚΗ ΑΠΟΨΙΛΩΣΗ ΤΗΣ ΜΕΙΖΟΝΟΣ Ή ΕΛΑΣΣΟΝΟΣ ΣΑΦΗΝΩΝ ΦΛΕΒΩΝ ΜΕ ΡΙΖΙΚΗ ΕΚΤΟΜΗ ΕΛΚΟΥΣ ΚΑΙ ΔΕΡΜΑΤΙΚΟ ΜΟΣΧΕΥΜΑ ΚΑΙ/Ή ΔΙΑΤΟΜΗ ΕΠΙΚΟΙΝΩΝΟΥΝΤΩΝ ΦΛΕΒΩΝ ΤΟΥ ΑΠΩ ΤΜΗΜΑΤΟΣ ΤΟΥ ΚΑΤΩ ΑΚΡΟΥ, ΜΕ ΕΚΤΟΜΗ ΤΗΣ ΕΝ ΤΩ ΒΑΘΕΙ ΠΕΡΙΤΟΝΙΑΣ;;;;;
3884;X655479;ΑΠΟΛΙΝΩΣΗ ΔΙΑΤΙΤΡΑΙΝΟΥΣΩΝ ΦΛΕΒΩΝ, ΚΑΤΩΘΕΝ ΤΗΣ ΠΕΡΙΤΟΝΙΑΣ, ΡΙΖΙΚΗ (ΤΥΠΟΥ LINTON), ΜΕ Ή ΧΩΡΙΣ ΔΕΡΜΑΤΙΚΟ ΜΟΣΧΕΥΜΑ, ΑΝΟΙΚΤΗ;;;;;
3885;X655489;ΦΛΕΒΕΚΤΟΜΗ ΚΙΡΣΩΝ ΜΕ ΜΙΚΡΕΣ ΤΟΜΕΣ ΔΕΡΜΑΤΟΣ, ΕΝΑ ΑΚΡΟ, 10-20 ΤΟΜΕΣ ΔΙΑ ΝΥΣΣΟΝΤΟΣ ΟΡΓΑΝΟΥ;;;;;
3886;X655491;ΦΛΕΒΕΚΤΟΜΗ ΚΙΡΣΩΝ ΜΕ ΜΙΚΡΕΣ ΤΟΜΕΣ ΔΕΡΜΑΤΟΣ, ΕΝΑ ΑΚΡΟ, ΠΕΡΙΣΣΟΤΕΡΕΣ ΑΠΟ 20  ΔΕΡΜΑΤΙΚΕΣ ΤΟΜΕΣ ΔΙΑ ΝΥΣΣΟΝΤΟΣ  ΟΡΓΑΝΟΥ;;;;;
3887;X655519;ΑΠΟΛΙΝΩΣΗ ΚΑΙ ΔΙΑΤΟΜΗ  ΤΗΣ ΕΛΑΣΣΟΝΟΣ ΣΑΦΗΝΟΥΣ ΦΛΕΒΑΣ ΣΤΗ ΣΑΦΗΝΟΪΓΝΥΑΚΗ ΣΥΜΒΟΛΗ (ΞΕΧΩΡΙΣΤΗ ΕΠΕΜΒΑΣΗ);;;;;
3888;X655529;ΑΠΟΛΙΝΩΣΗ, ΔΙΑΤΟΜΗ, ΚΑΙ/Ή ΕΚΤΟΜΗ ΣΥΜΠΛΕΓΜΑΤΟΣ(ΩΝ) ΚΙΡΣΩΝ, ΕΝΑ ΠΟΔΙ;;;;;
3889;X655535;ΕΠΑΝΑΓΓΕΙΩΣΗ ΠΕΟΥΣ, ΑΡΤΗΡΙΑ, ΜΕ Ή ΧΩΡΙΣ ΦΛΕΒΙΚΟ ΜΟΣΧΕΥΜΑ;;;;;
3890;X655539;ΕΠΕΜΒΑΣΗ ΦΛΕΒΙΚΗΣ ΑΠΟΦΡΑΞΗΣ ΠΕΟΥΣ;;;;;
3891;X655557;ΜΗ ΚΑΤΑΓΕΓΡΑΜΜΕΝΗ ΔΙΑΔΙΚΑΣΙΑ, ΑΓΓΕΙΑΚΗ ΕΓΧΕΙΡΗΣΗ;;;;;
Β.14;ΠΕΡΙΟΧΗ ΣΠΛΗΝΟΣ;;;;;;
3892;X656159;"ΣΠΛΗΝΕΚΤΟΜΗ; ΟΛΙΚΗ (ΞΕΧΩΡΙΣΤΗ ΕΠΕΜΒΑΣΗ)";;;;;
3893;X656161;"ΣΠΛΗΝΕΚΤΟΜΗ; ΜΕΡΙΚΗ (ΞΕΧΩΡΙΣΤΗ ΕΠΕΜΒΑΣΗ)";;;;;
3894;X656163;ΣΠΛΗΝΕΚΤΟΜΗ, ΟΛΙΚΗ, EN BLOCK ΓΙΑ ΕΚΤΕΤΑΜΕΝΗ ΝΟΣΟ, ΣΕ ΣΥΝΔΥΑΣΜΟ ΜΕ ΑΛΛΗ ΕΠΕΜΒΑΣΗ (ΝΑ ΚΑΤΑΓΡΑΦΕΤΑΙ ΞΕΧΩΡΙΣΤΑ ΕΠΙΠΛΕΟΝ ΤΟΥ ΚΩΔΙΚΟΥ ΤΗΣ ΒΑΣΙΚΗΣ ΕΠΕΜΒΑΣΗΣ);;;;;
3895;X656189;ΑΠΟΚΑΤΑΣΤΑΣΗ ΡΗΞΗΣ ΣΠΛΗΝΑΣ (ΣΠΛΗΝΟΡΑΦΗ) ΜΕ Ή ΧΩΡΙΣ ΜΕΡΙΚΗ ΣΠΛΗΝΕΚΤΟΜΗ;;;;;
3896;X656199;ΛΑΠΑΡΟΣΚΟΠΗΣΗ, ΧΕΙΡΟΥΡΓΙΚΗ, ΣΠΛΗΝΕΚΤΟΜΗ;;;;;
3897;X656217;ΜΗ ΚΑΤΑΓΕΓΡΑΜΜΕΝΗ ΔΙΑΔΙΚΑΣΙΑ ΛΑΠΑΡΟΣΚΟΠΗΣΗΣ, ΣΠΛΗΝ;;;;;
3898;X656359;ΑΝΕΝΕΡΓΟΣ;;;;;
Β.15;ΔΙΑΔΙΚΑΣΙΕΣ ΜΕΤΑΜΟΣΧΕΥΣΗΣ ΑΙΜΟΠΟΙΗΤΙΚΩΝ ΚΥΤΤΑΡΩΝ ΚΑΙ ΕΠΕΜΒΑΣΕΙΣ ΣΕ ΛΕΜΦΑΔΕΝΕΣ;;;;;;
3899;X656367;ΑΝΑΖΗΤΗΣΗ ΚΑΤΑΛΛΗΛΟΥ ΔΟΤΗ ΑΙΜΟΠΟΙΗΤΙΚΩΝ ΚΥΤΤΑΡΩΝ ΓΙΑ ΜΕΤΑΜΟΣΧΕΥΣΗ ΑΙΜΟΠΟΙΗΤΙΚΩΝ ΚΥΤΤΑΡΩΝ;;;;;
3900;X656369;ΣΥΛΛΟΓΗ ΑΙΜΟΠΟΙΗΤΙΚΩΝ ΚΥΤΤΑΡΩΝ ΑΠΟ ΤΟ ΠΕΡΙΦΕΡΙΚΟ ΑΙΜΑ ΓΙΑ ΑΛΛΟΓΕΝΗ ΜΕΤΑΜΟΣΧΕΥΣΗ ΑΙΜΟΠΟΙΗΤΙΚΩΝ ΚΥΤΤΑΡΩΝ;;;;;
3901;X656371;ΣΥΛΛΟΓΗ ΑΙΜΟΠΟΙΗΤΙΚΩΝ ΚΥΤΤΑΡΩΝ ΑΠΟ ΤΟ ΠΕΡΙΦΕΡΙΚΟ ΑΙΜΑ ΓΙΑ ΑΥΤΟΛΟΓΗ ΜΕΤΑΜΟΣΧΕΥΣΗ ΑΙΜΟΠΟΙΗΤΙΚΩΝ ΚΥΤΤΑΡΩΝ;;;;;
3902;X656373;ΚΑΤΑΨΥΞΗ ΚΑΙ ΣΥΝΤΗΡΗΣΗ ΑΙΜΟΠΟΙΗΤΙΚΩΝ ΚΥΤΤΑΡΩΝ ΓΙΑ ΜΕΤΑΜΟΣΧΕΥΣΗ ΑΙΜΟΠΟΙΗΤΙΚΩΝ ΚΥΤΤΑΡΩΝ;;;;;
3903;X656375;ΑΠΟΨΥΞΗ ΑΙΜΟΠΟΙΗΤΙΚΩΝ ΚΥΤΤΑΡΩΝ ΠΡΙΝ ΤΗ ΧΟΡΗΓΗΣΗ, ΧΩΡΙΣ ΠΛΥΣΗ;;;;;
3904;X656377;ΑΠΟΨΥΞΗ ΑΙΜΟΠΟΙΗΤΙΚΩΝ ΚΥΤΤΑΡΩΝ ΠΡΙΝ ΤΗ ΧΟΡΗΓΗΣΗ, ΜΕ ΠΛΥΣΗ;;;;;
3905;X656379;ΑΦΑΙΡΕΣΗ ΤΩΝ Τ ΛΕΜΦΟΚΥΤΤΑΡΩΝ ΑΠΟ ΤΟ ΑΙΜΟΠΟΙΗΤΙΚΟ ΜΟΣΧΕΥΜΑ;;;;;
3906;X656381;ΜΕΙΩΣΗ ΟΓΚΟΥ ΑΙΜΟΠΟΙΗΤΙΚΟΥ ΜΟΣΧΕΥΜΑΤΟΣ ΜΕ ΑΦΑΙΡΕΣΗ ΠΛΑΣΜΑΤΟΣ ΚΑΙ ΚΥΤΤΑΡΩΝ;;;;;
3907;X656383;ΑΦΑΙΡΕΣΗ  ΕΡΥΘΡΩΝ ΑΙΜΟΣΦΑΙΡΙΩΝ ΑΠΟ  ΑΙΜΟΠΟΙΗΤΙΚΟ ΜΟΣΧΕΥΜΑ;;;;;
3908;X656385;ΑΦΑΙΡΕΣΗ  ΑΙΜΟΠΕΤΑΛΙΩΝ ΑΠΟ  ΑΙΜΟΠΟΙΗΤΙΚΟ ΜΟΣΧΕΥΜΑ;;;;;
3909;X656387;ΑΦΑΙΡΕΣΗ ΠΛΑΣΜΑΤΟΣ ΑΠΟ  ΑΙΜΟΠΟΙΗΤΙΚΟ ΜΟΣΧΕΥΜΑ;;;;;
3910;X656389;ΕΠΙΛΟΓΗ ΛΕΜΦΟΜΟΝΟΠΥΡΗΝΩΝ ΚΥΤΤΑΡΩΝ Ή ΤΗΣ ΣΤΙΒΑΔΑΣ ΤΩΝ ΛΕΥΚΩΝ (BUFFY COAT) ΑΠΟ ΑΙΜΟΠΟΙΗΤΙΚΟ ΜΟΣΧΕΥΜΑ;;;;;
3911;X656399;ΑΝΑΡΡΟΦΗΣΗ ΜΥΕΛΟΥ ΟΣΤΩΝ ;;;;;
3912;X656401;ΟΣΤΕΟΜΥΕΛΙΚΗ ΒΙΟΨΙΑ;;;;;
3913;X656419;ΣΥΛΛΟΓΗ ΜΥΕΛΟΥ ΟΣΤΩΝ ΓΙΑ ΜΕΤΑΜΟΣΧΕΥΣΗ ΑΙΜΟΠΟΙΗΤΙΚΩΝ ΚΥΤΤΑΡΩΝ;;;;;
3914;X656439;ΕΓΧΥΣΗ ΑΛΛΟΓΕΝΩΝ ΑΙΜΟΠΟΙΗΤΙΚΩΝ ΚΥΤΤΑΡΩΝ ΑΠΟ ΜΥΕΛΟ Ή ΤΟ ΠΕΡΙΦΕΡΙΚΟ ΑΙΜΑ Ή ΟΜΦΑΛΙΟ ΑΙΜΑ;;;;;
3915;X656441;ΕΓΧΥΣΗ ΑΥΤΟΛΟΓΩΝ ΑΙΜΟΠΟΙΗΤΙΚΩΝ ΚΥΤΤΑΡΩΝ ΜΕ ΑΙΜΟΠΟΙΗΤΙΚΑ ΚΥΤΤΑΡΑ ΑΠΟ ΤΟ ΜΥΕΛΟ Ή ΤΟ ΠΕΡΙΦΕΡΙΚΟ ΑΙΜΑ;;;;;
3916;X656443;ΕΓΧΥΣΗ ΛΕΜΦΟΚΥΤΤΑΡΩΝ  ΔΟΤΗ ΜΕΤΑ ΑΛΛΟΓΕΝΗ ΜΕΤΑΜΟΣΧΕΥΣΗ ΑΙΜΟΠΟΙΗΤΙΚΩΝ ΚΥΤΤΑΡΩΝ;;;;;
3917;X656559;"ΠΑΡΟΧΕΤΕΥΣΗ ΑΠΟΣΤΗΜΑΤΟΣ ΓΑΓΓΛΙΟΥ Ή ΛΕΜΦΑΔΕΝΙΤΙΔΑΣ; ΑΠΛΗ";;;;;
3918;X656569;ΠΑΡΟΧΕΤΕΥΣΗ ΑΠΟΣΤΗΜΑΤΟΣ ΓΑΓΓΛΙΟΥ Ή ΛΕΜΦΑΔΕΝΙΤΙΔΑΣ, ΕΚΤΕΤΑΜΕΝΗ;;;;;
3919;X656575;ΛΕΜΦΑΓΓΕΙΟΤΟΜΗ Ή ΑΛΛΕΣ ΕΠΕΜΒΑΣΕΙΣ ΣΕ ΛΕΜΦΙΚΑ ΑΓΓΕΙΑ;;;;;
3920;X656719;"ΣΥΡΡΑΦΗ ΚΑΙ/Ή ΑΠΟΛΙΝΩΣΗ ΘΩΡΑΚΙΚΟΥ ΠΟΡΟΥ; ΤΡΑΧΗΛΙΚΗ ΠΡΟΣΠΕΛΑΣΗ";;;;;
3921;X656721;"ΣΥΡΡΑΦΗ ΚΑΙ/Ή ΑΠΟΛΙΝΩΣΗ ΘΩΡΑΚΙΚΟΥ ΠΟΡΟΥ; ΘΩΡΑΚΙΚΗ ΠΡΟΣΠΕΛΑΣΗ";;;;;
3922;X656723;"ΣΥΡΡΑΦΗ ΚΑΙ/Ή ΑΠΟΛΙΝΩΣΗ ΘΩΡΑΚΙΚΟΥ ΠΟΡΟΥ; ΚΟΙΛΙΑΚΗ ΠΡΟΣΠΕΛΑΣΗ";;;;;
3923;X656959;"ΒΙΟΨΙΑ Ή ΕΚΤΟΜΗ ΛΕΜΦΑΔΕΝΑ(ΩΝ); ΑΝΟΙΚΤΗ, ΕΠΙΦΑΝΕΙΑΚΗ";;;;;
3924;X656969;"ΒΙΟΨΙΑ Ή ΕΚΤΟΜΗ ΛΕΜΦΑΔΕΝΑ(ΩΝ); ΜΕ ΒΕΛΟΝΑ, ΕΠΙΦΑΝΕΙΑΚΗ (Π.Χ., ΤΡΑΧΗΛΙΚΗ, ΒΟΥΒΩΝΙΚΗ, ΜΑΣΧΑΛΙΑΙΑ)";;;;;
3925;X656979;"ΒΙΟΨΙΑ Ή ΕΚΤΟΜΗ ΛΕΜΦΑΔΕΝΑ(ΩΝ); ΑΝΟΙΚΤΗ, ΕΝ ΤΩ ΒΑΘΕΙ ΤΡΑΧΗΛΙΚΟΣ(ΟΙ) ΛΕΜΦΑΔΕΝΑΣ(ΕΣ)";;;;;
3926;X656999;"ΒΙΟΨΙΑ Ή ΕΚΤΟΜΗ ΛΕΜΦΑΔΕΝΑ(ΩΝ); ΑΝΟΙΚΤΗ, ΕΝ ΤΩ ΒΑΘΕΙ ΤΡΑΧΗΛΙΚΟΣ(ΟΙ) ΛΕΜΦΑΔΕΝΑΣ(ΕΣ) ΜΕ ΕΚΤΟΜΗ ΣΚΑΛΗΝΟΥ ΛΙΠΩΔΟΥΣ ΣΤΡΩΜΑΤΟΣ";;;;;
3927;X657009;"ΒΙΟΨΙΑ Ή ΕΚΤΟΜΗ ΛΕΜΦΑΔΕΝΑ(ΩΝ); ΑΝΟΙΚΤΗ, ΕΝ ΤΩ ΒΑΘΕΙ ΜΑΣΧΑΛΙΑΙΟΣ(ΟΙ) ΛΕΜΦΑΔΕΝΑΣ(ΕΣ)";;;;;
3928;X657019;"ΒΙΟΨΙΑ Ή ΕΚΤΟΜΗ ΛΕΜΦΑΔΕΝΑ(ΩΝ); ΑΝΟΙΚΤΗ, ΕΚΤΟΜΗ ΕΣΩ ΜΑΣΤΙΚΟΥ(ΩΝ) ΛΕΜΦΑΔΕΝΑ(ΩΝ)";;;;;
3929;X657043;ΕΝ ΤΩ ΒΑΘΕΙ ΣΦΑΓΙΤΙΔΙΚΟΣ(ΟΙ) ΛΕΜΦΑΔΕΝΑΣ(ΕΣ);;;;;
3930;X657059;"ΕΚΤΟΜΗ ΚΥΣΤΙΚΟΥ ΥΓΡΩΜΑΤΟΣ, ΜΑΣΧΑΛΙΑΙΑ Ή ΤΡΑΧΗΛΙΚΗ; ΧΩΡΙΣ ΕΝ ΤΩ ΒΑΘΕΙ ΝΕΥΡΑΓΓΕΙΑΚΗ ΔΙΑΤΟΜΗ";;;;;
3931;X657069;"ΕΚΤΟΜΗ ΚΥΣΤΙΚΟΥ ΥΓΡΩΜΑΤΟΣ, ΜΑΣΧΑΛΙΑΙΑ Ή ΤΡΑΧΗΛΙΚΗ; ΜΕ ΕΝ ΤΩ ΒΑΘΕΙ ΝΕΥΡΑΓΓΕΙΑΚΗ ΔΙΑΤΟΜΗ";;;;;
3932;X657083;"ΠΕΡΙΟΡΙΣΜΕΝΗ ΛΕΜΦΑΔΕΝΕΚΤΟΜΗ ΓΙΑ ΣΤΑΔΙΟΠΟΙΗΣΗ (ΞΕΧΩΡΙΣΤΗ ΔΙΑΔΙΚΑΣΙΑ); ΠΥΕΛΙΚΗ ΚΑΙ ΠΑΡΑ-ΑΟΡΤΙΚΗ";;;;;
3933;X657087;"ΠΕΡΙΟΡΙΣΜΕΝΗ ΛΕΜΦΑΔΕΝΕΚΤΟΜΗ ΓΙΑ ΣΤΑΔΙΟΠΟΙΗΣΗ (ΞΕΧΩΡΙΣΤΗ ΕΠΕΜΒΑΣΗ); ΟΠΙΣΘΟΠΕΡΙΤΟΝΑΪΚΟΣ (ΑΟΡΤΙΚΗ ΚΑΙ/Ή ΣΠΛΗΝΙΚΗ)";;;;;
3934;X657099;"ΛΑΠΑΡΟΣΚΟΠΗΣΗ, ΧΕΙΡΟΥΡΓΙΚΗ; ΜΕ ΔΕΙΓΜΑΤΟΛΗΨΙΑ ΟΠΙΣΘΟΠΕΡΙΤΟΝΑΪΚΟΥ ΛΕΜΦΑΔΕΝΑ (ΒΙΟΨΙΑ), ΜΙΑ Ή ΠΟΛΛΑΠΛΕΣ";;;;;
3935;X657101;"ΛΑΠΑΡΟΣΚΟΠΗΣΗ, ΧΕΙΡΟΥΡΓΙΚΗ; ΜΕ ΑΜΦΟΤΕΡΟΠΛΕΥΡΗ ΟΛΙΚΗ ΠΥΕΛΙΚΗ ΛΕΜΦΑΔΕΝΕΚΤΟΜΗ";;;;;
3936;X657103;"ΛΑΠΑΡΟΣΚΟΠΗΣΗ, ΧΕΙΡΟΥΡΓΙΚΗ; ΜΕ ΑΜΦΟΤΕΡΟΠΛΕΥΡΗ ΟΛΙΚΗ ΠΥΕΛΙΚΗ ΛΕΜΦΑΔΕΝΕΚΤΟΜΗ ΚΑΙ ΔΕΙΓΜΑΤΟΛΗΨΙΑ ΠΕΡΙΑΟΡΤΙΚΟΥ ΛΕΜΦΑΔΕΝΑ (ΒΙΟΨΙΑ), ΜΙΑ Ή ΠΟΛΛΑΠΛΕΣ";;;;;
3937;X657137;ΜΗ ΚΑΤΑΓΕΓΡΑΜΜΕΝΗ ΔΙΑΔΙΚΑΣΙΑ ΛΑΠΑΡΟΣΚΟΠΗΣΗΣ, ΛΕΜΦΙΚΟ ΣΥΣΤΗΜΑ;;;;;
3938;X657359;ΛΕΜΦΑΔΕΝΕΚΤΟΜΗ ΑΝΩΘΕΝ ΤΟΥ ΥΟΕΙΔΟΥΣ;;;;;
3939;X657399;ΤΡΑΧΗΛΙΚΗ ΛΕΜΦΑΔΕΝΕΚΤΟΜΗ (ΠΛΗΡΗΣ);;;;;
3940;X657407;ΤΡΑΧΗΛΙΚΗ ΛΕΜΦΑΔΕΝΕΚΤΟΜΗ (ΤΡΟΠΟΠΟΙΗΜΕΝΟΣ ΡΙΖΙΚΟΣ ΛΕΜΦΑΔΕΝΙΚΟΣ ΚΑΘΑΡΙΣΜΟΣ ΤΡΑΧΗΛΟΥ);;;;;
3941;X657439;"ΜΑΣΧΑΛΙΑΙΑ ΛΕΜΦΑΔΕΝΕΚΤΟΜΗ; ΕΠΙΦΑΝΕΙΑΚΗ";;;;;
3942;X657449;"ΜΑΣΧΑΛΙΑΙΑ ΛΕΜΦΑΔΕΝΕΚΤΟΜΗ; ΠΛΗΡΗΣ";;;;;
3943;X657451;ΘΩΡΑΚΙΚΗ ΛΕΜΦΑΔΕΝΕΚΤΟΜΗ, ΠΕΡΙΟΧΙΚΗ, ΠΟΥ ΠΕΡΙΛΑΜΒΑΝΕΙ ΜΕΣΟΘΩΡΑΚΙΚΟΥΣ ΚΑΙ  ΠΕΡΙΤΡΑΧΕΙΑΚΟΥΣ ΛΕΜΦΑΔΕΝΕΣ (ΝΑ ΚΑΤΑΓΡΑΦΕΤΑΙ ΞΕΧΩΡΙΣΤΑ ΕΠΙΠΛΕΟΝ ΤΟΥ ΚΩΔΙΚΟΥ ΤΗΣ ΒΑΣΙΚΗΣ ΕΠΕΜΒΑΣΗΣ);;;;;
3944;X657453;ΚΟΙΛΙΑΚΗ ΛΕΜΦΑΔΕΝΕΚΤΟΜΗ, ΠΕΡΙΟΧΙΚΗ, ΠΟΥ ΠΕΡΙΛΑΜΒΑΝΕΙ ΚΟΙΛΙΑΚΟΥΣ, ΓΑΣΤΡΙΚΟΥΣ, ΠΥΛΑΙΟΥΣ, ΠΕΡΙΠΑΓΚΡΕΑΤΙΚΟΥΣ, ΜΕ Ή ΧΩΡΙΣ ΠΑΡΑ-ΑΟΡΤΙΚΟΥΣ ΛΕΜΦΑΔΕΝΕΣ ΚΑΙ ΛΕΜΦΑΔΕΝΕΣ ΚΟΙΛΗΣ ΦΛΕΒΑΣ (ΝΑ ΚΑΤΑΓΡΑΦΕΤΑΙ ΞΕΧΩΡΙΣΤΑ ΕΠΙΠΛΕΟΝ ΤΟΥ ΚΩΔΙΚΟΥ ΤΗΣ ΒΑΣΙΚΗΣ ΕΠΕΜΒΑΣΗΣ);;;;;
3945;X657479;ΒΟΥΒΩΝΟΜΗΡΙΑΙΑ ΛΕΜΦΑΔΕΝΕΚΤΟΜΗ, ΕΠΙΦΑΝΕΙΑΚΗ, ΠΟΥ ΠΕΡΙΛΑΜΒΑΝΕΙ ΤΟΝ ΛΕΜΦΑΔΕΝΑ ΤΟΥ CLOQUET (ΞΕΧΩΡΙΣΤΗ ΕΠΕΜΒΑΣΗ);;;;;
3946;X657489;ΒΟΥΒΩΝΟΜΗΡΙΑΙΑ ΛΕΜΦΑΔΕΝΕΚΤΟΜΗ, ΕΠΙΦΑΝΕΙΑΚΗ, ΣΕ ΣΥΝΕΧΕΙΑ ΠΥΕΛΙΚΗΣ ΛΕΜΦΑΔΕΝΕΚΤΟΜΗΣ, ΠΟΥ ΠΕΡΙΛΑΜΒΑΝΕΙ ΕΞΩ ΛΑΓΟΝΙΟΥΣ, ΥΠΟΓΡΑΣΤΡΙΚΟΥΣ, ΚΑΙ ΘΥΡΟΕΙΔΟΥΣ ΒΟΘΡΟΥ ΛΕΜΦΑΔΕΝΕΣ (ΞΕΧΩΡΙΣΤΗ ΕΠΕΜΒΑΣΗ);;;;;
3947;X657499;ΠΥΕΛΙΚΗ ΛΕΜΦΑΔΕΝΕΚΤΟΜΗ, ΠΟΥ ΠΕΡΙΛΑΜΒΑΝΕΙ ΕΞΩ ΛΑΓΟΝΙΟΥΣ, ΥΠΟΓΡΑΣΤΡΙΚΟΥΣ, ΚΑΙ  ΘΥΡΟΕΙΔΟΥΣ ΒΟΘΡΟΥ ΛΕΜΦΑΔΕΝΕΣ (ΞΕΧΩΡΙΣΤΗ ΕΠΕΜΒΑΣΗ);;;;;
3948;X657519;ΟΠΙΣΘΟΠΕΡΙΤΟΝΑΪΚΗ ΕΝΔΟΚΟΙΛΙΑΚΗ ΛΕΜΦΑΔΕΝΕΚΤΟΜΗ, ΕΚΤΕΤΑΜΕΝΗ, ΠΟΥ ΠΕΡΙΛΑΜΒΑΝΕΙ ΠΥΕΛΙΚΟΥΣ, ΑΟΡΤΙΚΟΥΣ, ΚΑΙ ΝΕΦΡΙΚΟΥΣ ΛΕΜΦΑΔΕΝΕΣ (ΞΕΧΩΡΙΣΤΗ ΕΠΕΜΒΑΣΗ);;;;;
3949;X657539;"ΔΙΑΔΙΚΑΣΙΑ ΕΓΧΥΣΗΣ; ΛΕΜΦΑΓΓΕΙΟΓΡΑΦΙΑ";;;;;
3950;X657543;ΣΠΙΝΘΗΡΟΓΡΑΦΗΜΑ ΑΝΙΧΝΕΥΣΗΣ ΛΕΜΦΑΔΕΝΑ ΦΡΟΥΡΟΥ.;;;;;
3951;X657547;ΕΙΣΑΓΩΓΗ ΣΩΛΗΝΙΣΚΟΥ, ΘΩΡΑΚΙΚΟΣ ΠΟΡΟΣ;;;;;
3952;X657957;ΜΗ ΚΑΤΑΓΕΓΡΑΜΜΕΝΗ ΕΠΕΜΒΑΣΗ, ΑΙΜΑΤΟΛΟΓΙΚΟ Ή ΛΕΜΦΙΚΟ ΣΥΣΤΗΜΑ;;;;;
3953;X657957.1;ΑΝΑΡΡΟΦΗΣΗ ΛΕΜΦΑΔΕΝΑ ΜΕ ΒΕΛΟΝΑ;;;;;
3954;X657957.2;ΕΞΩΣΩΜΑΤΙΚΗ ΦΩΤΑΦΑΙΡΕΣΗ ΜΕ ΧΡΗΣΗ ΨΩΡΑΛΕΝΙΟΥ ΚΑΙ ΥΠΕΡΙΩΔΟΥΣ ΑΚΤΙΝΟΒΟΛΙΑΣ Α;;;;;
3955;X657957.3;ΕΠΙΛΟΓΗ ΚΥΤΤΑΡΩΝ ΑΠΟ ΜΥΕΛΟ Ή ΑΙΜΑ  ΓΙΑ ΕΡΓΑΣΤΗΡΙΑΚΗ ΧΡΗΣΗ ΜΕ ΑΝΟΣΟΛΟΓΙΚΕΣ ΤΕΧΝΙΚΕΣ (ΑΝΑ ΕΙΔΟΣ ΚΥΤΤΑΡΟΥ);;;;;
3956;X657957.4;ΒΙΩΣΙΜΟΤΗΤΑ ΚΥΤΤΑΡΩΝ ΜΕ ΤΗ ΧΡΩΣΤΙΚΗ ΚΥΑΝΟΥΝ ΤΟΥ ΤΡΥΠΑΝΙΟΥ;;;;;
3957;X657957.5;ΚΑΛΛΙΕΡΓΕΙΑ ΑΙΜΟΠΟΙΗΤΙΚΩΝ ΠΡΟΒΑΘΜΙΔΩΝ (CFU-GM, CFU-E, BFU-E, CFU-GEMM);;;;;
3958;X657957.6; ΛΕΥΚΑΦΑΙΡΕΣΗ ΘΕΡΑΠΕΥΤΙΚΗ;;;;;
3959;X657957.7; ΠΛΑΣΜΑΦΑΙΡΕΣΗ ΘΕΡΑΠΕΥΤΙΚΗ;;;;;
3960;X657957.8;ΑΙΜΟΠΕΤΑΛΙΑΦΑΙΡΕΣΗ ΘΕΡΑΠΕΥΤΙΚΗ;;;;;
3961;X657957.9;ΑΦΑΙΜΑΞΟΜΕΤΑΓΓΙΣΗ;;;;;
3962;X657957.10;ΑΦΑΙΡΕΣΗ  B ΛΕΜΦΟΚΥΤΤΑΡΩΝ ΑΠΟ  ΑΙΜΟΠΟΙΗΤΙΚΟ ΜΟΣΧΕΥΜΑ;;;;;
3963;X657957.11;ΘΕΤΙΚΗ ΕΠΙΛΟΓΗ CD34+ KYTTAΡΩΝ ΑΠΟ ΑΙΜΟΠΟΙΗΤΙΚΟ ΜΟΣΧΕΥΜΑ;;;;;
Β.16;ΠΕΡΙΟΧΗ ΜΕΣΟΘΩΡΑΚΙΟΥ;;;;;;
3964;X657959;"ΧΕΙΡΟΥΡΓΙΚΗ ΔΙΕΡΕΥΝΗΣΗ ΜΕΣΟΘΩΡΑΚΙΟΥ, ΠΑΡΟΧΕΤΕΥΣΗ, ΑΦΑΙΡΕΣΗ ΞΕΝΟΥ ΣΩΜΑΤΟΣ, Ή ΒΙΟΨΙΑ; ΤΡΑΧΗΛΙΚΗ ΠΡΟΣΠΕΛΑΣΗ";;;;;
3965;X657979;"ΧΕΙΡΟΥΡΓΙΚΗ ΔΙΕΡΕΥΝΗΣΗ ΜΕΣΟΘΩΡΑΚΙΟΥ, ΠΑΡΟΧΕΤΕΥΣΗ, ΑΦΑΙΡΕΣΗ ΞΕΝΟΥ ΣΩΜΑΤΟΣ, Ή ΒΙΟΨΙΑ; ΔΙΑΘΩΡΑΚΙΚΗ ΠΡΟΣΠΕΛΑΣΗ, ΜΕ ΜΕΣΗ ΣΤΕΡΝΟΤΟΜΗ Η ΘΩΡΑΚΟΤΟΜΗ";;;;;
3966;X658359;ΕΚΤΟΜΗ ΜΕΣΟΘΩΡΑΚΙΚΗΣ ΚΥΣΤΗΣ, ΜΕΣΗ ΣΤΕΡΝΟΤΟΜΗ;;;;;
3967;X658399;ΕΚΤΟΜΗ ΟΓΚΟΥ ΜΕΣΟΘΩΡΑΚΙΟΥ, ΜΕΣΗ ΣΤΕΡΝΟΤΟΜΗ;;;;;
3968;X658759;ΜΕΣΟΘΩΡΑΚΟΣΚΟΠΗΣΗ, ΜΕ Ή ΧΩΡΙΣ ΒΙΟΨΙΑ;;;;;
3969;X658957;ΜΗ ΚΑΤΑΓΕΓΡΑΜΜΕΝΗ ΔΙΑΔΙΚΑΣΙΑ, ΜΕΣΟΘΩΡΑΚΙΟ;;;;;
3970;X658957.1;ΕΚΤΟΜΗ ΟΓΚΟΥ ΜΕΣΟΘΩΡΑΚΙΟΥ, ΘΩΡΑΚΟΤΟΜΗ;;;;;
3971;X658957.2;EKTOMH ΟΓΚΟΥ ΜΕΣΟΘΩΡΑΚΙΟΥ, ΘΩΡΑΚΟΣΚΟΠΙΚΗ ΠΡΟΣΠΕΛΑΣΗ;;;;;
3972;X658957.3;EKTOMH ΟΓΚΟΥ ΜΕΣΟΘΩΡΑΚΙΟΥ, TΡΑΧΗΛΙΚΗ ΠΡΟΣΠΕΛΑΣΗ, ΤΟΜΗ ΠΑΡΑ ΤΟ ΣΤΕΡΝΟΚΛΕΙΔΟΜΑΣΤΟΕΙΔΗ ΜΥ Ή ΚΟΛΑΡΟ;;;;;
3973;X658957.4;ΕΚΤΟΜΗ ΜΕΣΟΘΩΡΑΚΙΚΗΣ ΚΥΣΤΗΣ, ΘΩΡΑΚΟΤΟΜΗ;;;;;
3974;X658957.5;ΕΚΤΟΜΗ ΜΕΣΟΘΩΡΑΚΙΚΗΣ ΚΥΣΤΗΣ, ΠΡΟΣΘΙΑ ΜΕΣΟΘΩΡΑΚΟΤΟΜΙΑ;;;;;
3975;X658957.6;ΕΚΤΟΜΗ ΜΕΣΟΘΩΡΑΚΙΚΗΣ ΚΥΣΤΗΣ, ΘΩΡΑΚΟΣΚΟΠΙΚΗ ΠΡΟΣΠΕΛΑΣΗ;;;;;
3976;X658957.7;ΘΥΜΕΚΤΟΜΗ ΓΙΑ ΜΥΑΣΘΕΝΕΙΑ, ΔΙΑΘΩΡΑΚΙΚΗ;;;;;
3977;X658957.8;ΘΥΜΕΚΤΟΜΗ ΓΙΑ ΜΥΑΣΘΕΝΕΙΑ, ΘΩΡΑΚΟΣΚΟΠΙΚΗ ΠΡΟΣΠΕΛΑΣΗ ΔΙΑ ΤΟΥ ΑΡΙΣΤΕΡΟΥ ΗΜΙΘΩΡΑΚΙΟΥ Η ΔΙΑ ΑΜΦΟΤΕΡΩΝ ΤΩΝ ΗΜΙΘΩΡΑΚΙΩΝ;;;;;
3978;X658957.9;ΘΥΜΕΚΤΟΜΗ ΓΙΑ ΜΥΑΣΘΕΝΕΙΑ, ΣΥΝΔΥΑΣΜΟΣ ΤΡΑΧΗΛΙΚΗΣ, ΥΠΟΞΙΦΟΕΙΔΙΚΗΣ ΚΑΙ ΑΜΦΩ ΘΩΡΑΚΟΣΚΟΠΙΚΗΣ ΠΡΟΣΠΕΛΑΣΗΣ;;;;;
3979;X658957.10;ΘΥΜΕΚΤΟΜΗ ΓΙΑ ΜΥΑΣΘΕΝΕΙΑ, ΔΙΑΤΡΑΧΗΛΙΚΗ;;;;;
3980;X658957.11;ΜΕΣΗ ΣΤΕΡΝΟΤΟΜΗ (ΑΡΧΙΚΗ Η ΕΠΑΝΑΔΙΑΝΟΙΞΗ) ΓΙΑ ΠΑΡΟΧΕΤΕΥΣΗ ΤΟΥ ΜΕΣΟΘΩΡΑΚΙΟΥ ΚΑΙ ΤΟΠΟΘΕΤΗΣΗ ΣΥΣΤΗΜΑΤΟΣ ΣΠΟΓΓΟΥ ΜΕ ΕΦΑΡΜΟΓΗΣ ΑΡΝΗΤΙΚΗΣ ΠΙΕΣΗΣ (VAC);;;;;
3981;X658957.12; ΒΙΟΨΙΑ ΟΓΚΟΥ ΜΕΣΟΘΩΡΑΚΙΟΥ, ΟΠΙΣΘΙΑ ΜΕΣΟΘΩΡΑΚΟΤΟΜΙΑ,;;;;;
3982;X658957.13;ΑΠΟΛΙΝΩΣΗ ΘΩΡΑΚΙΚΟΥ ΠΟΡΟΥ, ΧΥΛΟΘΩΡΑΚΑΣ, ΠΡΟΣΠΕΛΑΣΗ ΜΕ ΘΩΡΑΚΟΤΟΜΗ;;;;;
3983;X658957.14;ΑΠΟΛΙΝΩΣΗ ΘΩΡΑΚΙΚΟΥ ΠΟΡΟΥ, ΧΥΛΟΘΩΡΑΚΑΣ, ΘΩΡΑΚΟΣΚΟΠΙΚΗ ΠΡΟΣΠΕΛΑΣΗ;;;;;
3984;X658957.15;ΘΩΡΑΚΙΚΗ ΣΥΜΠΑΘΕΚΤΟΜΗ ΓΙΑ ΥΠΕΡΙΔΡΩΣΙΑ, ΜΑΣΧΑΛΙΑΙΑ ΘΩΡΑΚΟΤΟΜΗ;;;;;
3985;X658957.16;ΘΩΡΑΚΙΚΗ ΣΥΜΠΑΘΕΚΤΟΜΗ ΓΙΑ ΥΠΕΡΙΔΡΩΣΙΑ, ΘΩΡΑΚΟΣΚΟΠΙΚΗ ΠΡΟΣΠΕΛΑΣΗ;;;;;
3986;X658957.17;ΒΙΟΨΙΑ ΛΕΜΦΑΔΕΝΩΝ ΜΕΣΟΘΩΡΑΚΙΟΥ, ΘΩΡΑΚΟΣΚΟΠΙΚΗ ΠΡΟΣΠΕΛΑΣΗ;;;;;
3987;X658957.18;ΒΙΟΨΙΑ ΛΕΜΦΑΔΕΝΩΝ ΜΕΣΟΘΩΡΑΚΙΟΥ, ΠΡΟΣΘΙΑ ΜΕΣΟΘΩΡΑΚΟΤΟΜΗ;;;;;
3988;X658957.19;ΒΙΟΨΙΑ ΟΓΚΩΝ ΜΕΣΟΘΩΡΑΚΙΟΥ, ΠΡΟΣΘΙΑ ΜΕΣΟΘΩΡΑΚΟΤΟΜΙΑ;;;;;
3989;X658957.20; ΒΙΟΨΙΑ ΟΓΚΟΥ ΜΕΣΟΘΩΡΑΚΙΟΥ, ΟΠΙΣΘΙΑ ΜΕΣΟΘΩΡΑΚΟΤΟΜΙΑ,;;;;;
3990;X658957.21;ΕΚΤΕΤΑΜΕΝΟΣ ΔΙΑΤΡΑΧΗΛΙΚΟΣ ΛΕΜΦΑΔΕΝΙΚΟΣ ΚΑΘΑΡΙΣΜΟΣ ΜΕΣΟΘΩΡΑΚΙΟΥ ΓΙΑ ΕΠΑΝΑΣΤΑΔΙΟΠΟΙΗΣΗ ΚΑΡΚΙΝΟΥ ΤΟΥ ΠΝΕΥΜΟΝΑ (TEMLA);;;;;
3991;X658957.22;ΛΕΜΦΑΔΕΝΙΚΟΣ ΚΑΘΑΡΙΣΜΟΣ ΜΕΣΟΘΩΡΑΚΙΟΥ ΜΕ ΥΠΟΒΟΗΘΟΥΜΕΝΗ ΜΕ VIDEO ΜΕΣΟΘΩΡΑΚΟΣΚΟΠΗΣΗ (VEMLA);;;;;
3992;X658957.23;ΠΡΟΣΠΕΛΑΣΗ ΤΗΣ ΚΑΤΩΤΕΡΗΣ ΑΥΧΕΝΙΚΗΣ Η ΑΝΩΤΕΡΗΣ ΘΩΡΑΚΙΚΗΣ ΜΟΙΡΑΣ ΤΗΣ ΣΠΟΝΔΥΛΙΚΗΣ ΣΤΗΛΗΣ, ΔΙΑΣΤΕΡΝΙΚΗ ΠΡΟΣΠΕΛΑΣΗ;;;;;
3993;X658957.24;ΠΡΟΣΠΕΛΑΣΗ ΤΗΣ ΘΩΡΑΚΙΚΗΣ ΜΟΙΡΑΣ ΤΗΣ ΣΠΟΝΔΥΛΙΚΗΣ ΣΤΗΛΗΣ, ΘΩΡΑΚΟΤΟΜΗ Η ΟΠΙΣΘΙΑ ΜΕΣΟΘΩΡΑΚΟΤΟΜΙΑ ΜΕ ΕΚΤΟΜΗ ΠΛΕΥΡΑΣ;;;;;
3994;X658957.25;ΕΚΤΟΜΗ ΚΑΙ ΑΠΟΚΑΤΑΣΤΑΣΗ ΤΟΥ ΣΥΣΤΗΜΑΤΟΣ ΤΗΣ ΑΝΩ ΚΟΙΛΗΣ ΦΛΕΒΑΣ, ΦΛΕΒΙΚΟ Η ΣΥΝΘΕΤΙΚΟ ΜΟΣΧΕΥΜΑ, ΣΥΝΔΡΟΜΟ ΑΝΩ ΚΟΙΛΗΣ ΦΛΕΒΑΣ, ΚΑΛΟΗΘΗ ΚΑΙ ΚΑΚΟΗΘΗ ΑΙΤΙΑ ;;;;;
3995;X658957.26;ΜΕΣΟΘΩΡΑΚΟΣΚΟΠΗΣΗ, ΜΕ Ή ΧΩΡΙΣ ΒΙΟΨΙΑ, ΥΠΟΒΟΗΘΟΥΜΕΝΗ ΜΕ ΣΥΣΤΗΜΑ VIDEO (VIDEO-MΕΣΟΘΩΡΑΚΟΣΚΟΠΗΣΗ);;;;;
3996;X658961;ΑΠΟΚΑΤΑΣΤΑΣΗ, ΡΗΞΗ ΤΟΥ ΔΙΑΦΡΑΓΜΑΤΟΣ, ΑΝΟΙΧΤΗ, ΘΩΡΑΚΙΚΗ Ή ΚΟΙΛΙΑΚΗ ΠΡΟΣΠΕΛΑΣΗ, ΜΕ Η ΧΩΡΙΣ ΤΟΠΟΘΕΤΗΣΗ ΣΥΝΘΕΤΙΚΟΥ ΠΛΕΓΜΑΤΟΣ;;;;;
3997;X658963;ΑΠΟΚΑΤΑΣΤΑΣΗ ΠΑΡΑΟΙΣΟΦΑΓΙΚΗΣ ΔΙΑΦΡΑΓΜΑΤΟΚΗΛΗΣ, ΔΙΑΚΟΙΛΙΑΚΑ, ΕΚΤΟΣ ΤΗΣ ΝΕΟΓΝΙΚΗΣ;;;;;
3998;X658965;ΑΠΟΚΑΤΑΣΤΑΣΗ ΝΕΟΓΝΙΚΗΣ ΔΙΑΦΡΑΓΜΑΤΟΚΗΛΗΣ, ΜΕ Ή ΧΩΡΙΣ ΕΙΣΑΓΩΓΗ ΘΩΡΑΚΙΚΟΥ ΣΩΛΗΝΑ ΚΑΙ ΜΕ Ή ΧΩΡΙΣ ΑΠΟΚΑΤΑΣΤΑΣΗ ΚΟΙΛΙΟΚΗΛΗΣ;;;;;
3999;X658999;ΑΠΟΚΑΤΑΣΤΑΣΗ, ΔΙΑΦΡΑΓΜΑΤΟΚΗΛΗ (ΟΙΣΟΦΑΓΙΚΟ ΤΡΗΜΑ), ΔΙΑΘΩΡΑΚΙΚΗ;;;;;
4000;X659019;ΑΠΟΚΑΤΑΣΤΑΣΗ, ΔΙΑΦΡΑΓΜΑΤΟΚΗΛΗ (ΟΙΣΟΦΑΓΙΚΟ ΤΡΗΜΑ), ΣΥΝΔΥΑΣΜΕΝΗ, ΘΩΡΑΚΟΚΟΙΛΙΑΚΗ;;;;;
4001;X659021;ΑΠΟΚΑΤΑΣΤΑΣΗ, ΔΙΑΦΡΑΓΜΑΤΟΚΗΛΗ (ΟΙΣΟΦΑΓΙΚΟ ΤΡΗΜΑ), ΣΥΝΔΥΑΣΜΕΝΗ, ΘΩΡΑΚΟΚΟΙΛΙΑΚΗ, ΜΕ ΔΙΑΤΑΣΗ ΣΤΕΝΩΣΗΣ (ΜΕ Ή ΧΩΡΙΣ ΓΑΣΤΡΟΠΛΑΣΤΙΚΗ);;;;;
4002;X659039;ΑΠΟΚΑΤΑΣΤΑΣΗ, ΔΙΑΦΡΑΓΜΑΤΟΚΗΛΗ (ΕΚΤΟΣ ΤΗΣ ΝΕΟΓΝΙΚΗΣ), ΤΡΑΥΜΑΤΙΚΗ, ΟΞΕΙΑ;;;;;
4003;X659041;"ΑΠΟΚΑΤΑΣΤΑΣΗ, ΔΙΑΦΡΑΓΜΑΤΟΚΗΛΗ (ΕΚΤΟΣ ΤΗΣ ΝΕΟΓΝΙΚΗΣ), ΤΡΑΥΜΑΤΙΚΗ; ΧΡΟΝΙΑ";;;;;
4004;X659049;ΑΠΟΚΑΤΑΣΤΑΣΗ ΔΙΑΦΡΑΓΜΑΤΟΣ ΓΙΑ ΠΡΟΠΤΩΣΗ ΣΠΛΑΓΧΝΩΝ, ΔΙΑ ΤΡΗΜΑΤΟΣ Η ΕΛΛΕΙΜΜΑΤΟΣ ΤΟΥ ΔΙΑΦΡΑΓΜΑΤΟΣ, ΔΙΑΘΩΡΑΚΙΚΗ Ή ΔΙΑΚΟΙΛΙΑΚΗ ΠΡΟΣΠΕΛΑΣΗ,  ΠΑΡΑΛΥΤΙΚΗ Ή ΜΗ ΠΑΡΑΛΥΤΙΚΗ;;;;;
4005;X659079;"ΕΚΤΟΜΗ, ΔΙΑΦΡΑΓΜΑ; ΜΕ ΑΠΛΗ ΑΠΟΚΑΤΑΣΤΑΣΗ (Π.Χ., ΠΡΩΤΟΓΕΝΗΣ ΣΥΡΡΑΦΗ)";;;;;
4006;X659081;ΕΚΤΟΜΗ, ΔΙΑΦΡΑΓΜΑ, ΜΕ ΣΥΝΘΕΤΗ ΑΠΟΚΑΤΑΣΤΑΣΗ (Π.Χ., ΠΡΟΣΘΕΤΙΚΟ ΥΛΙΚΟ, ΤΟΠΙΚΟΣ ΜΥΙΚΟΣ ΚΡΗΜΝΟΣ);;;;;
4007;X659157;ΜΗ ΚΑΤΑΓΕΓΡΑΜΜΕΝΗ ΕΠΕΜΒΑΣΗ, ΔΙΑΦΡΑΓΜΑ;;;;;
4008;X659157.1;ΑΠΟΚΑΤΑΣΤΑΣΗ ΠΑΡΑΟΙΣΟΦΑΓΙΚΗΣ ΔΙΑΦΡΑΓΜΑΤΟΚΗΛΗΣ, ΔΙΑΘΩΡΑΚΙΚΗ;;;;;
4009;X659157.2;ΑΠΟΚΑΤΑΣΤΑΣΗ  ΔΙΑΦΡΑΓΜΑΤΟΚΗΛΗΣ (ΟΙΣΟΦΑΓΙΚΟ ΤΡΗΜΑ), ΛΑΠΑΡΟΣΚΟΠΙΚΗ;;;;;
4010;X659157.3;ΒΗΜΑΤΟΔΟΤΗΣΗ ΔΙΑΦΡΑΓΜΑΤΟΣ, ΕΙΣΑΓΩΓΗ ΗΛΕΚΤΡΟΔΙΟΥ ΣΤΟ ΦΡΕΝΙΚΟ ΝΕΥΡΟ ΜΕ ΘΩΡΑΚΟΣΚΟΠΙΚΗ ΠΡΟΣΠΕΛΑΣΗ;;;;;
4011;X659157.4;ΒΗΜΑΤΟΔΟΤΗΣΗ ΔΙΑΦΡΑΓΜΑΤΟΣ, ΕΙΣΑΓΩΓΗ ΗΛΕΚΤΡΟΔΙΟΥ ΣΤΟ ΦΡΕΝΙΚΟ ΝΕΥΡΟ ΜΕ ΠΡΟΣΘΙΑ ΜΕΣΟΘΩΡΑΚΟΤΟΜΙΑ;;;;;
4012;X659157.5;ΑΠΟΚΑΤΑΣΤΑΣΗ ΔΙΑΦΡΑΓΜΑΤΟΣ ΓΙΑ ΠΡΟΠΤΩΣΗ ΣΠΛΑΧΝΩΝ ΔΙΑ ΤΡΗΜΑΤΟΣ Η ΕΛΛΕΙΜΜΑΤΟΣ ΤΟΥ ΔΙΑΦΡΑΓΜΑΤΟΣ, ΛΑΠΑΡΟΣΚΟΠΙΚΗ ΠΡΟΣΠΕΛΑΣΗ;;;;;
4013;X659157.6;ΑΠΟΚΑΤΑΣΤΑΣΗ ΔΙΑΦΡΑΓΜΑΤΟΣ ΓΙΑ ΠΡΟΠΤΩΣΗ ΣΠΛΑΧΝΩΝ ΔΙΑ ΤΡΗΜΑΤΟΣ Η ΕΛΛΕΙΜΜΑΤΟΣ ΤΟΥ ΔΙΑΦΡΑΓΜΑΤΟΣ, ΘΩΡΑΚΟΣΚΟΠΙΚΗ ΠΡΟΣΠΕΛΑΣΗ;;;;;
4014;X659157.7;ΠΤΥΧΩΣΗ ΗΜΙΔΙΑΦΡΑΓΜΑΤΟΣ, ΠΑΡΑΛΥΣΗ ΔΙΑΦΡΑΓΜΑΤΟΣ, ΣΥΓΓΕΝΗΣ Η ΕΠΙΚΤΗΤΗ, ΔΙΑΘΩΡΑΚΙΚΗ;;;;;
4015;X659157.8;ΠΤΥΧΩΣΗ ΗΜΙΔΙΑΦΡΑΓΜΑΤΟΣ, ΠΑΡΑΛΥΣΗ ΔΙΑΦΡΑΓΜΑΤΟΣ, ΣΥΓΓΕΝΗΣ Η ΕΠΙΚΤΗΤΗ, ΘΩΡΑΚΟΣΚΟΠΙΚΗ;;;;;
4016;X659157.9; ΑΠΟΚΑΤΑΣΤΑΣΗ ΡΗΞΗΣ ΤΟΥ ΔΙΑΦΡΑΓΜΑΤΟΣ, ΘΩΡΑΚΟΣΚΟΠΙΚΗ ΠΡΟΣΠΕΛΑΣΗ, ΜΕ Η ΧΩΡΙΣ ΤΟΠΟΘΕΤΗΣΗ ΣΥΝΘΕΤΙΚΟΥ ΠΛΕΓΜΑΤΟΣ;;;;;
Β.17;ΠΕΡΙΟΧΗ ΧΕΙΛΕΩΝ – ΣΤΟΜΑΤΟΣ – ΦΑΡΥΓΓΑ – ΠΑΡΩΤΙΔΩΝ;;;;;;
4017;X660939;ΒΙΟΨΙΑ ΧΕΙΛΟΥΣ;;;;;
4018;X660959;ΕΚΤΟΜΗ ΕΡΥΘΡΟΥ ΧΕΙΛΟΥΣ (ΑΦΑΙΡΕΣΗ ΧΕΙΛΟΥΣ), ΜΕ ΠΡΟΑΓΩΓΗ ΒΛΕΝΝΟΓΟΝΟΥ;;;;;
4019;X660979;ΕΚΤΟΜΗ ΧΕΙΛΟΥΣ, ΕΓΚΑΡΣΙΑ ΣΦΗΝΟΕΙΔΗΣ ΕΚΤΟΜΗ ΜΕ ΠΡΩΤΟΓΕΝΗ ΣΥΡΡΑΦΗ;;;;;
4020;X660999;"ΕΚΤΟΜΗ ΧΕΙΛΟΥΣ; ΕΚΤΟΜΗ-V ΜΕ ΠΡΩΤΟΓΕΝΗ ΑΜΕΣΗ ΓΡΑΜΜΙΚΗ ΣΥΡΡΑΦΗ";;;;;
4021;X661009;ΕΚΤΟΜΗ ΧΕΙΛΟΥΣ, ΠΛΗΡΕΣ ΠΑΧΟΣ, ΑΝΑΠΛΑΣΗ ΜΕ ΤΟΠΙΚΟ ΚΡΗΜΝΟ (Π.Χ., ΕΠΕΜΒΑΣΗ  ESTLANDER Ή ΕΛΙΚΟΕΙΔΗΣ);;;;;
4022;X661013;ΕΚΤΟΜΗ ΤΟΥ ΧΕΙΛΟΥΣ, ΠΛΗΡΕΣ ΠΑΧΟΣ, ΑΝΑΠΛΑΣΗ ΜΕ ΚΡΗΜΝΟ ΧΕΙΛΟΥΣ (ΤΥΠΟΥ ABBE-ESTLANDER);;;;;
4023;X661019;ΕΚΤΟΜΗ ΧΕΙΛΟΥΣ, ΜΕΓΑΛΥΤΕΡΗ ΤΟΥ ΕΝΟΣ ΤΕΤΑΡΤΟΥ, ΧΩΡΙΣ ΑΠΟΚΑΤΑΣΤΑΣΗ;;;;;
4024;X661259;"ΑΠΟΚΑΤΑΣΤΑΣΗ ΧΕΙΛΟΥΣ, ΠΛΗΡΕΣ ΠΑΧΟΣ; ΕΡΥΘΡΟ ΧΕΙΛΟΣ ΜΟΝΟ";;;;;
4025;X661263;"ΑΠΟΚΑΤΑΣΤΑΣΗ ΧΕΙΛΟΥΣ, ΠΛΗΡΕΣ ΠΑΧΟΣ; ΕΩΣ ΤΟ ΜΙΣΟ ΤΟΥ ΚΑΘΕΤΟΥ ΥΨΟΥΣ";;;;;
4026;X661267;"ΑΠΟΚΑΤΑΣΤΑΣΗ ΧΕΙΛΟΥΣ, ΠΛΗΡΕΣ ΠΑΧΟΣ; ΠΕΡΑΝ ΤΟΥ ΜΙΣΟΥ ΚΑΘΕΤΟΥ ΥΨΟΥΣ, Ή ΣΥΝΘΕΤΗ";;;;;
4027;X661359;ΠΛΑΣΤΙΚΗ ΑΠΟΚΑΤΑΣΤΑΣΗ ΧΕΙΛΕΟΣΧΙΣΤΙΑΣ/ΡΙΝΙΚΗΣ ΔΥΣΠΛΑΣΙΑΣ, ΠΡΩΤΟΓΕΝΗΣ, ΜΕΡΙΚΗ Ή ΠΛΗΡΗΣ, ΕΤΕΡΟΠΛΕΥΡΗ;;;;;
4028;X661361;"ΠΛΑΣΤΙΚΗ ΑΠΟΚΑΤΑΣΤΑΣΗ ΧΕΙΛΕΟΣΧΙΣΤΙΑΣ/ΡΙΝΙΚΗΣ ΔΥΣΠΛΑΣΙΑΣ; ΠΡΩΤΟΓΕΝΗΣ ΑΜΦΙΠΛΕΥΡΗ, ΔΙΑΔΙΚΑΣΙΑ ΕΝΟΣ ΣΤΑΔΙΟΥ";;;;;
4029;X661363;"ΠΛΑΣΤΙΚΗ ΑΠΟΚΑΤΑΣΤΑΣΗ ΧΕΙΛΕΟΣΧΙΣΤΙΑΣ/ΡΙΝΙΚΗΣ ΔΥΣΠΛΑΣΙΑΣ; ΠΡΩΤΟΓΕΝΗΣ ΑΜΦΙΠΛΕΥΡΗ, ΕΝΑ ΑΠΟ ΔΥΟ ΣΤΑΔΙΑ";;;;;
4030;X661399;ΠΛΑΣΤΙΚΗ ΑΠΟΚΑΤΑΣΤΑΣΗ ΧΕΙΛΕΟΣΧΙΣΤΙΑΣ/ΡΙΝΙΚΗΣ ΔΥΣΠΛΑΣΙΑΣ, ΔΕΥΤΕΡΟΓΕΝΗΣ, ΜΕΣΩ ΑΝΑΔΗΜΙΟΥΡΓΙΑΣ ΤΟΥ  ΕΛΑΤΤΩΜΑΤΟΣ ΚΑΙ ΕΠΑΝΑΣΥΡΡΑΦΗΣ;;;;;
4031;X661481;"ΠΛΑΣΤΙΚΗ ΑΠΟΚΑΤΑΣΤΑΣΗ ΧΕΙΛΕΟΣΧΙΣΤΙΑΣ/ΡΙΝΙΚΗΣ ΔΥΣΠΛΑΣΙΑΣ; ΜΕ ΜΙΣΧΩΤΟ ΚΡΗΜΝΟ ΑΛΛΑΓΗΣ ΧΕΙΛΟΥΣ (ΤΥΠΟΥ ABBE-ESTLANDER), ΠΟΥ ΠΕΡΙΛΑΜΒΑΝΕΙ ΤΜΗΜΑΤΟΠΟΙΗΣΗ ΚΑΙ ΕΙΣΑΓΩΓΗ ΜΙΣΧΟΥ";;;;;
4032;X661557;ΜΗ ΚΑΤΑΓΕΓΡΑΜΜΕΝΗ ΔΙΑΔΙΚΑΣΙΑ, ΧΕΙΛΗ;;;;;
4033;X661559;"ΠΑΡΟΧΕΤΕΥΣΗ ΑΠΟΣΤΗΜΑΤΟΣ, ΚΥΣΤΗΣ, ΑΙΜΑΤΩΜΑΤΟΣ, ΠΡΟΣΤΟΜΙΟ; ΑΠΛΗ";;;;;
4034;X661561;"ΠΑΡΟΧΕΤΕΥΣΗ ΑΠΟΣΤΗΜΑΤΟΣ, ΚΥΣΤΗΣ, ΑΙΜΑΤΩΜΑΤΟΣ, ΠΡΟΣΤΟΜΙΟ; ΣΥΝΘΕΤΗ";;;;;
4035;X661567;"ΑΦΑΙΡΕΣΗ ΕΓΚΛΕΙΣΜΕΝΟΥ ΞΕΝΟΥ ΣΩΜΑΤΟΣ, ΠΡΟΣΤΟΜΙΟ; ΑΠΛΗ";;;;;
4036;X661569;ΑΦΑΙΡΕΣΗ ΕΓΚΛΕΙΣΜΕΝΟΥ ΞΕΝΟΥ ΣΩΜΑΤΟΣ, ΠΡΟΣΤΟΜΙΟ, ΣΥΝΘΕΤΗ;;;;;
4037;X661571;ΔΙΑΤΟΜΗ ΧΕΙΛΙΚΟΥ ΧΑΛΙΝΟΥ (ΧΑΛΙΝΕΚΤΟΜΗ);;;;;
4038;X661575;ΒΙΟΨΙΑ, ΠΡΟΣΤΟΜΙΟ;;;;;
4039;X661579;"ΕΚΤΟΜΗ ΒΛΑΒΗΣ ΒΛΕΝΝΟΓΟΝΟΥ ΚΑΙ ΥΠΟΒΛΕΝΝΟΓΟΝΙΟΥ, ΠΡΟΣΤΟΜΙΟ; ΧΩΡΙΣ ΑΠΟΚΑΤΑΣΤΑΣΗ";;;;;
4040;X661583;"ΕΚΤΟΜΗ ΒΛΑΒΗΣ ΒΛΕΝΝΟΓΟΝΟΥ ΚΑΙ ΥΠΟΒΛΕΝΝΟΓΟΝΙΟΥ, ΠΡΟΣΤΟΜΙΟ; ΜΕ ΑΠΛΗ ΑΠΟΚΑΤΑΣΤΑΣΗ";;;;;
4041;X661587;"ΕΚΤΟΜΗ ΒΛΑΒΗΣ ΒΛΕΝΝΟΓΟΝΟΥ ΚΑΙ ΥΠΟΒΛΕΝΝΟΓΟΝΙΟΥ, ΠΡΟΣΤΟΜΙΟ; ΜΕ ΣΥΝΘΕΤΗ ΑΠΟΚΑΤΑΣΤΑΣΗ";;;;;
4042;X661591;"ΕΚΤΟΜΗ ΒΛΑΒΗΣ ΒΛΕΝΝΟΓΟΝΟΥ ΚΑΙ ΥΠΟΒΛΕΝΝΟΓΟΝΙΟΥ, ΠΡΟΣΤΟΜΙΟ; ΣΥΝΘΕΤΗ, ΜΕ ΕΚΤΟΜΗ ΤΟΥ ΥΠΟΚΕΙΜΕΝΟΥ ΜΥΟΣ";;;;;
4043;X661595;ΕΚΤΟΜΗ ΒΛΕΝΝΟΓΟΝΟΥ ΠΡΟΣΤΟΜΙΟΥ ΩΣ ΜΟΣΧΕΥΜΑ-ΔΟΤΗ;;;;;
4044;X661597;ΕΚΤΟΜΗ ΤΟΥ ΧΑΛΙΝΟΥ, ΧΕΙΛΙΚΗ Ή ΠΑΡΕΙΑΚΗ (ΧΑΛΙΝΕΚΤΟΜΗ ΤΥΠΟΥ 1, 2 ΚΑΙ 3);;;;;
4045;X661599;ΚΑΤΑΣΤΡΟΦΗ ΒΛΑΒΗΣ Ή ΟΥΛΗΣ ΤΟΥ ΠΡΟΣΤΟΜΙΟΥ ΜΕ ΦΥΣΙΚΕΣ ΜΕΘΟΔΟΥΣ (Π.Χ., ΛΕΪΖΕΡ, ΘΕΡΜΙΚΗ, ΨΥΞΗ, ΧΗΜΙΚΗ);;;;;
4046;X661619;"ΣΥΡΡΑΦΗ ΠΛΗΓΗΣ, ΠΡΟΣΤΟΜΙΟ; 2,5 ΕΚ. Ή ΛΙΓΟΤΕΡΟ";;;;;
4047;X661621;"ΣΥΡΡΑΦΗ ΠΛΗΓΗΣ, ΠΡΟΣΤΟΜΙΟ; ΠΕΡΑΝ ΤΩΝ 2,5 ΕΚ. Ή ΣΥΝΘΕΤΗ";;;;;
4048;X661639;ΠΛΑΣΤΙΚΗ ΠΡΟΣΤΟΜΙΟΥ, ΠΡΟΣΘΙΑ;;;;;
4049;X661643;ΠΛΑΣΤΙΚΗ ΠΡΟΣΤΟΜΙΟΥ, ΟΠΙΣΘΙΑ, ΕΤΕΡΟΠΛΕΥΡΗ;;;;;
4050;X661645;ΠΛΑΣΤΙΚΗ ΠΡΟΣΤΟΜΙΟΥ, ΟΠΙΣΘΙΑ, ΑΜΦΟΤΕΡΟΠΛΕΥΡΗ;;;;;
4051;X661647;ΠΛΑΣΤΙΚΗ ΠΡΟΣΤΟΜΙΟΥ, ΟΛΟΚΛΗΡΟ ΤΟ ΤΟΞΟ;;;;;
4052;X661649;ΠΛΑΣΤΙΚΗ ΠΡΟΣΤΟΜΙΟΥ, ΣΥΝΘΕΤΗ (ΠΟΥ ΠΕΡΙΛΑΜΒΑΝΕΙ ΕΠΕΚΤΑΣΗ ΤΗΣ ΑΚΡΟΛΟΦΙΑΣ, ΜΥΪΚΗ ΑΝΑΤΟΠΟΘΕΤΗΣΗ);;;;;
4053;X661757;ΜΗ ΚΑΤΑΓΕΓΡΑΜΜΕΝΗ ΔΙΑΔΙΚΑΣΙΑ, ΠΡΟΣΤΟΜΙΟ;;;;;
4054;X661959;"ΕΝΔΟΣΤΟΜΑΤΙΚΗ ΕΝΤΟΜΗ ΚΑΙ ΠΑΡΟΧΕΤΕΥΣΗ ΑΠΟΣΤΗΜΑΤΟΣ, ΚΥΣΤΗΣ, Ή ΑΙΜΑΤΩΜΑΤΟΣ ΓΛΩΣΣΑΣ Ή ΕΔΑΦΟΥΣ ΤΟΥ ΣΤΟΜΑΤΟΣ; ΓΛΩΣΣΙΚΗ";;;;;
4055;X661969;"ΕΝΔΟΣΤΟΜΑΤΙΚΗ ΕΝΤΟΜΗ ΚΑΙ ΠΑΡΟΧΕΤΕΥΣΗ ΑΠΟΣΤΗΜΑΤΟΣ, ΚΥΣΤΗΣ, Ή ΑΙΜΑΤΩΜΑΤΟΣ ΓΛΩΣΣΑΣ Ή ΕΔΑΦΟΥΣ ΤΟΥ ΣΤΟΜΑΤΟΣ; ΥΠΟΓΛΩΣΣΙΑ, ΕΠΙΦΑΝΕΙΑΚΗ";;;;;
4056;X661971;ΕΝΔΟΣΤΟΜΑΤΙΚΗ ΕΝΤΟΜΗ ΚΑΙ ΠΑΡΟΧΕΤΕΥΣΗ ΑΠΟΣΤΗΜΑΤΟΣ, ΚΥΣΤΗΣ,Ή ΑΙΜΑΤΩΜΑΤΟΣ ΓΛΩΣΣΑΣ Ή ΕΔΑΦΟΥΣ ΤΟΥ ΣΤΟΜΑΤΟΣ, ΥΠΟΓΛΩΣΣΙΑ, ΕΝ ΤΩ ΒΑΘΕΙ, ΥΠΕΡΜΥΛΟΫΟΕΙΔΗΣ;;;;;
4057;X661973;ΕΝΔΟΣΤΟΜΑΤΙΚΗ ΕΝΤΟΜΗ ΚΑΙ ΠΑΡΟΧΕΤΕΥΣΗ ΑΠΟΣΤΗΜΑΤΟΣ, ΚΥΣΤΗΣ,Ή ΑΙΜΑΤΩΜΑΤΟΣ ΓΛΩΣΣΑΣ Ή  ΕΔΑΦΟΥΣ ΤΟΥ ΣΤΟΜΑΤΟΣ, ΥΠΟΓΕΝΕΙΑΚΟΣ ΧΩΡΟΣ;;;;;
4058;X661975;ΕΝΔΟΣΤΟΜΑΤΙΚΗ ΕΝΤΟΜΗ ΚΑΙ ΠΑΡΟΧΕΤΕΥΣΗ ΑΠΟΣΤΗΜΑΤΟΣ, ΚΥΣΤΗΣ,Ή ΑΙΜΑΤΩΜΑΤΟΣ ΤΗΣ ΓΛΩΣΣΑΣ Ή ΕΔΑΦΟΥΣ ΤΟΥ ΣΤΟΜΑΤΟΣ, ΥΠΟΓΝΑΘΙΟΣ ΧΩΡΟΣ;;;;;
4059;X661977;"ΕΝΔΟΣΤΟΜΑΤΙΚΗ ΕΝΤΟΜΗ ΚΑΙ ΠΑΡΟΧΕΤΕΥΣΗ ΑΠΟΣΤΗΜΑΤΟΣ, ΚΥΣΤΗΣ, Ή ΑΙΜΑΤΩΜΑΤΟΣ ΤΗΣ ΓΛΩΣΣΑΣ Ή ΕΔΑΦΟΥΣ ΤΟΥ ΣΤΟΜΑΤΟΣ; ΜΑΣΗΤΗΡΙΟΣ ΧΩΡΟΣ";;;;;
4060;X661979;ΤΟΜΗ ΤΟΥ ΓΛΩΣΣΙΚΟΥ ΧΑΛΙΝΟΥ (ΧΑΛΙΝΟΤΟΜΗ);;;;;
4061;X661989;"ΕΞΩΣΤΟΜΑΤΙΚΗ ΕΝΤΟΜΗ ΚΑΙ ΠΑΡΟΧΕΤΕΥΣΗ ΑΠΟΣΤΗΜΑΤΟΣ, ΚΥΣΤΗΣ, Ή ΑΙΜΑΤΩΜΑΤΟΣ ΤΟΥ ΕΔΑΦΟΥΣ ΤΟΥ ΣΤΟΜΑΤΟΣ; ΥΠΟΓΛΩΣΣΙΑ";;;;;
4062;X661991;"ΕΞΩΣΤΟΜΑΤΙΚΗ ΕΝΤΟΜΗ ΚΑΙ ΠΑΡΟΧΕΤΕΥΣΗ ΑΠΟΣΤΗΜΑΤΟΣ, ΚΥΣΤΗΣ, Ή ΑΙΜΑΤΩΜΑΤΟΣ ΤΟΥ ΕΔΑΦΟΥΣ ΣΤΟΜΑΤΟΣ; ΥΠΟΓΕΝΕΙΔΙΑ";;;;;
4063;X661993;"ΕΞΩΣΤΟΜΑΤΙΚΗ ΕΝΤΟΜΗ ΚΑΙ ΠΑΡΟΧΕΤΕΥΣΗ ΑΠΟΣΤΗΜΑΤΟΣ, ΚΥΣΤΗΣ, Ή ΑΙΜΑΤΩΜΑΤΟΣ ΤΟΥ ΕΔΑΦΟΥΣ ΤΟΥ ΣΤΟΜΑΤΟΣ; ΥΠΟΓΝΑΘΙΑ";;;;;
4064;X661995;"ΕΞΩΣΤΟΜΑΤΙΚΗ ΕΝΤΟΜΗ ΚΑΙ ΠΑΡΟΧΕΤΕΥΣΗ ΑΠΟΣΤΗΜΑΤΟΣ, ΚΥΣΤΗΣ, Ή ΑΙΜΑΤΩΜΑΤΟΣ ΤΟΥ ΕΔΑΦΟΥΣ ΤΟΥ ΣΤΟΜΑΤΟΣ; ΜΑΣΗΤΗΡΙΟΣ ΧΩΡΟΣ";;;;;
4065;X661997;ΕΜΦΥΤΕΥΣΗ ΒΕΛΟΝΩΝ Η ΚΑΘΕΤΗΡΩΝ, Η ΑΛΛΩΝ ΣΥΣΚΕΥΩΝ ΣΤΟ ΚΕΦΑΛΙ Ή/ΚΑΙ ΣΤΗΝ ΠΕΡΙΟΧΗ ΤΗΣ ΚΕΦΑΛΗΣ ΚΑΙ ΤΡΑΧΗΛΟΥ (ΔΙΑΔΕΡΜΙΚΗ, ΔΙΑΣΤΟΜΑΤΙΚΗ, Ή ΔΙΑΡΙΝΙΚΗ) ΓΙΑ ΕΦΑΡΜΟΓΗ ΕΝΔΟΪΣΤΙΚΗΣ ΒΡΑΧΥΘΕΡΑΠΕΙΑΣ;;;;;
4066;X662159;"ΒΙΟΨΙΑ ΤΗΣ ΓΛΩΣΣΑΣ; ΠΡΟΣΘΙΑ ΔΥΟ ΤΡΙΤΑ";;;;;
4067;X662169;"ΒΙΟΨΙΑ ΤΗΣ ΓΛΩΣΣΑΣ; ΟΠΙΣΘΙΟ ΕΝΑ ΤΡΙΤΟ";;;;;
4068;X662175;ΒΙΟΨΙΑ ΤΟΥ ΕΔΑΦΟΥΣ ΤΟΥ ΣΤΟΜΑΤΟΣ;;;;;
4069;X662179;ΕΚΤΟΜΗ ΒΛΑΒΗΣ ΤΗΣ ΓΛΩΣΣΑΣ ΧΩΡΙΣ ΣΥΡΡΑΦΗ;;;;;
4070;X662183;ΕΚΤΟΜΗ ΒΛΑΒΗΣ ΤΗΣ ΓΛΩΣΣΑΣ ΜΕ ΣΥΡΡΑΦΗ. ΠΡΟΣΘΙΑ ΔΥΟ ΤΡΙΤΑ;;;;;
4071;X662185;ΕΚΤΟΜΗ ΒΛΑΒΗΣ ΤΗΣ ΓΛΩΣΣΑΣ ΜΕ ΣΥΡΡΑΦΗ. ΟΠΙΣΘΙΟ ΈΝΑ ΤΡΙΤΟ;;;;;
4072;X662187;ΕΚΤΟΜΗ ΒΛΑΒΗΣ ΤΗΣ ΓΛΩΣΣΑΣ ΜΕ ΣΥΡΡΑΦΗ. ΜΕ ΤΟΠΙΚΟ ΚΡΗΜΝΟ ΓΛΩΣΣΑΣ;;;;;
4073;X662189;ΕΚΤΟΜΗ ΤΟΥ ΧΑΛΙΝΟΥ ΤΗΣ ΓΛΩΣΣΑΣ (ΧΑΛΙΝΕΚΤΟΜΗ);;;;;
4074;X662191;ΕΚΤΟΜΗ, ΒΛΑΒΗ ΤΟΥ ΕΔΑΦΟΥΣ ΤΟΥ ΣΤΟΜΑΤΟΣ;;;;;
4075;X662199;ΓΛΩΣΣΕΚΤΟΜΗ, ΛΙΓΟΤΕΡΟ ΑΠΟ ΤΟ ΗΜΙΣΥ ΤΗΣ ΓΛΩΣΣΑΣ;;;;;
4076;X662219;"ΓΛΩΣΣΕΚΤΟΜΗ; ΗΜΙΓΛΩΣΣΕΚΤΟΜΗ";;;;;
4077;X662229;"ΓΛΩΣΣΕΚΤΟΜΗ; ΜΕΡΙΚΗ, ΜΕ ΕΤΕΡΟΠΛΕΥΡΟ ΡΙΖΙΚΟ ΛΕΜΦΑΔΕΝΙΚΟ ΚΑΘΑΡΙΣΜΟ ΤΡΑΧΗΛΟΥ";;;;;
4078;X662239;ΓΛΩΣΣΕΚΤΟΜΗ, ΠΛΗΡΗΣ Ή ΟΛΙΚΗ, ΜΕ Ή ΧΩΡΙΣ ΤΡΑΧΕΙΟΣΤΟΜΙΑ, ΧΩΡΙΣ ΡΙΖΙΚΟ ΛΕΜΦΑΔΕΝΙΚΟ ΚΑΘΑΡΙΣΜΟ ΤΡΑΧΗΛΟΥ;;;;;
4079;X662249;ΓΛΩΣΣΕΚΤΟΜΗ, ΠΛΗΡΗΣ Ή ΟΛΙΚΗ, ΜΕ Ή ΧΩΡΙΣ ΤΡΑΧΕΙΟΣΤΟΜΙΑ, ΜΕ ΕΤΕΡΟΠΛΕΥΡΟ ΡΙΖΙΚΟ ΛΕΜΦΑΔΕΝΙΚΟ ΚΑΘΑΡΙΣΜΟ ΤΡΑΧΗΛΟΥ;;;;;
4080;X662259;ΓΛΩΣΣΕΚΤΟΜΗ, ΣΥΝΘΕΤΗ ΕΠΕΜΒΑΣΗ ΜΕ ΕΚΤΟΜΗ ΕΔΑΦΟΥΣ ΤΟΥ ΣΤΟΜΑΤΟΣ ΚΑΙ ΓΝΑΘΟΥ, ΧΩΡΙΣ ΡΙΖΙΚΟ ΛΕΜΦΑΔΕΝΙΚΟ ΚΑΘΑΡΙΣΜΟ ΤΡΑΧΗΛΟΥ;;;;;
4081;X662265;ΓΛΩΣΣΕΚΤΟΜΗ, ΣΥΝΘΕΤΗ ΕΠΕΜΒΑΣΗ ΜΕ ΕΚΤΟΜΗ ΕΔΑΦΟΥΣ ΤΟΥ ΣΤΟΜΑΤΟΣ, ΜΕ ΥΠΕΡΥΟΕΙΔΗ ΛΕΜΦΑΔΕΝΙΚΟ ΚΑΘΑΡΙΣΜΟ ΤΡΑΧΗΛΟΥ;;;;;
4082;X662269;"ΓΛΩΣΣΕΚΤΟΜΗ; ΣΥΝΘΕΤΗ ΕΠΕΜΒΑΣΗ ΜΕ ΕΚΤΟΜΗ ΕΔΑΦΟΥΣ ΣΤΟΜΑΤΟΣ ΚΑΙ ΓΝΑΘΟΥ, ΚΑΙ ΡΙΖΙΚΟ ΛΕΜΦΑΔΕΝΙΚΟ ΚΑΘΑΡΙΣΜΟ ΤΡΑΧΗΛΟΥ (ΤΥΠΟΣ COMMANDO)";;;;;
4083;X662459;ΑΠΟΚΑΤΑΣΤΑΣΗ ΠΛΗΓΗΣ 2,5 ΕΚ. Ή ΛΙΓΟΤΕΡΟ, ΕΔΑΦΟΣ ΣΤΟΜΑΤΟΣ ΚΑΙ/Ή ΠΡΟΣΘΙΑ ΔΥΟ ΤΡΙΤΑ ΤΗΣ ΓΛΩΣΣΑΣ;;;;;
4084;X662461;ΣΥΡΡΑΦΗ ΔΙΑΡΡΗΞΗΣ 2,5 ΕΚ. Ή ΛΙΓΟΤΕΡΟ, ΟΠΙΣΘΙΟ ΕΝΑ ΤΡΙΤΟ ΤΗΣ ΓΛΩΣΣΑΣ;;;;;
4085;X662463;ΣΥΡΡΑΦΗ ΔΙΑΡΡΗΞΗΣ  ΓΛΩΣΣΑΣ, ΕΔΑΦΟΥΣ ΤΟΥ ΣΤΟΜΑΤΟΣ, ΜΕΓΑΛΥΤΕΡΗ ΤΩΝ 2,6 ΕΚ. Ή ΣΥΝΘΕΤΗ;;;;;
4086;X662959;ΚΑΘΗΛΩΣΗ  ΓΛΩΣΣΑΣ, ΜΗΧΑΝΙΚΗ, ΜΕ ΑΛΛΗ ΔΙΑΔΙΚΑΣΙΑ ΕΚΤΟΣ ΤΗΣ ΣΥΡΡΑΦΗΣ (Π.Χ., ΜΕΤΑΛΛΙΚΟ ΣΥΡΜΑ ΤΟΥ KIRSCHNER);;;;;
4087;X662979;ΣΥΡΡΑΦΗ ΤΗΣ ΓΛΩΣΣΑΣ ΣΤΟ ΧΕΙΛΟΣ ΓΙΑ ΜΙΚΡΟΓΝΑΘΙΑ (ΕΠΕΜΒΑΣΗ ΤΥΠΟΥ DOUGLAS);;;;;
4088;X662983;ΑΝΑΡΤΗΣΗ ΤΗΣ ΒΑΣΗΣ ΤΗΣ ΓΛΩΣΣΑΣ, ΤΕΧΝΙΚΗ ΜΟΝΙΜΗΣ ΣΥΡΡΑΦΗΣ;;;;;
4089;X662999;ΧΑΛΙΝΟΠΛΑΣΤΙΚΗ (ΧΕΙΡΟΥΡΓΙΚΗ ΑΠΟΚΑΤΑΣΤΑΣΗ ΤΟΥ ΧΑΛΙΝΟΥ, Π.Χ., ΜΕ ΠΛΑΣΤΙΚΗ ΤΥΠΟΥ Ζ);;;;;
4090;X663019;ΥΠΟΒΛΕΝΝΟΓΟΝΙΑ ΑΠΟΚΟΛΛΗΣΗ ΤΗΣ ΒΑΣΗΣ ΤΗΣ ΓΛΩΣΣΑΣ, ΡΑΔΙΟΣΥΧΝΟΤΗΤΑ, ΜΙΑ Ή ΠΕΡΙΣΣΟΤΕΡΕΣ  ΘΕΣΕΙΣ, ΑΝΑ ΣΥΝΕΔΡΙΑ;;;;;
4091;X663157;ΜΗ ΚΑΤΑΓΕΓΡΑΜΜΕΝΗ ΔΙΑΔΙΚΑΣΙΑ, ΓΛΩΣΣΑ, ΕΔΑΦΟΣ ΤΟΥ ΣΤΟΜΑΤΟΣ;;;;;
4092;X663559;ΠΑΡΟΧΕΤΕΥΣΗ ΑΠΟΣΤΗΜΑΤΟΣ, ΚΥΣΤΗΣ, ΑΙΜΑΤΩΜΑΤΟΣ ΑΠΟ ΟΔΟΝΤΟΦΑΝΤΙΑΚΕΣ ΔΟΜΕΣ;;;;;
4093;X663569;ΑΦΑΙΡΕΣΗ ΕΓΚΛΕΙΣΜΕΝΟΥ ΞΕΝΟΥ ΣΩΜΑΤΟΣ ΑΠΟ ΟΔΟΝΤΟΦΑΤΝΙΑΚΕΣ ΔΟΜΕΣ, ΜΑΛΑΚΟΙ ΙΣΤΟΙ;;;;;
4094;X663571;ΑΦΑΙΡΕΣΗ ΕΓΚΛΕΙΣΜΕΝΟΥ ΞΕΝΟΥ ΣΩΜΑΤΟΣ ΑΠΟ ΟΔΟΝΤΟΦΑΤΝΙΑΚΕΣ ΔΟΜΕΣ, ΟΥΛΕΚΤΟΜΗ;;;;;
4095;X663599;ΟΣΤΩΝ, ΕΚΤΟΜΗ ΟΥΛΩΝ, ΚΑΘΕ ΤΕΤΑΡΤΗΜΟΡΙΟ;;;;;
4096;X663601;ΕΠΙΠΩΜΑΤΕΚΤΟΜΗ, ΕΚΤΟΜΗ ΠΕΡΙΣΤΕΦΑΝΙΑΙΩΝ ΙΣΤΩΝ;;;;;
4097;X663603;ΕΚΤΟΜΗ ΙΝΩΔΩΝ ΟΓΚΩΜΑΤΩΝ, ΟΔΟΝΤΟΦΑΤΝΙΑΚΕΣ ΔΟΜΕΣ;;;;;
4098;X663605;ΕΚΤΟΜΗ ΟΣΤΕΩΔΩΝ ΟΓΚΩΜΑΤΩΝ, ΟΔΟΝΤΟΦΑΤΝΙΑΚΕΣ ΔΟΜΕΣ;;;;;
4099;X663609;ΕΚΤΟΜΗ ΒΛΑΒΗΣ Ή ΟΓΚΟΥ (ΕΚΤΟΣ ΤΩΝ ΚΑΤΑΓΕΓΡΑΜΜΕΝΩΝ ΑΝΩΘΕΝ), ΟΔΟΝΤΟΦΑΤΝΙΑΚΕΣ  ΔΟΜΕΣ, ΧΩΡΙΣ ΑΠΟΚΑΤΑΣΤΑΣΗ;;;;;
4100;X663611;ΕΚΤΟΜΗ ΒΛΑΒΗΣ Ή ΟΓΚΟΥ (ΕΚΤΟΣ ΤΩΝ ΚΑΤΑΓΕΓΡΑΜΜΕΝΩΝ ΑΝΩΘΕΝ), ΟΔΟΝΤΟΦΑΤΝΙΑΚΕΣ  ΔΟΜΕΣ, ΜΕ ΑΠΛΗ ΑΠΟΚΑΤΑΣΤΑΣΗ;;;;;
4101;X663613;ΕΚΤΟΜΗ ΒΛΑΒΗΣ Ή ΟΓΚΟΥ (ΕΚΤΟΣ ΤΩΝ ΚΑΤΑΓΕΓΡΑΜΜΕΝΩΝ ΑΝΩΘΕΝ), ΟΔΟΝΤΟΦΑΤΝΙΑΚΕΣ  ΔΟΜΕΣ, ΜΕ ΣΥΝΘΕΤΗ ΑΠΟΚΑΤΑΣΤΑΣΗ;;;;;
4102;X663615;ΕΚΤΟΜΗ ΤΟΥ ΥΠΕΡΠΛΑΣΤΙΚΟΥ ΦΑΤΝΙΑΚΟΥ ΒΛΕΝΝΟΓΟΝΟΥ, ΚΑΘΕ ΤΕΤΑΡΤΗΜΟΡΙΟ (ΝΑ ΚΑΘΟΡΙΖΕΤΑΙ);;;;;
4103;X663619;ΕΚΤΟΜΗ ΦΑΤΝΙΟΥ, ΠΕΡΙΛΑΜΒΑΝΕΙ ΑΠΟΞΕΣΗ ΟΣΤΕ'Ι'ΤΙΔΑΣ Ή ΕΚΤΟΜΗ ΝΕΚΡΩΝ ΟΣΤΩΝ;;;;;
4104;X663659;ΚΑΤΑΣΤΡΟΦΗ ΤΗΣ ΒΛΑΒΗΣ (ΕΚΤΟΣ ΤΗΣ ΕΚΤΟΜΗΣ), ΟΔΟΝΤΟΦΑΤΝΙΑΚΕΣ ΔΟΜΕΣ;;;;;
4105;X663699;ΠΕΡΙΟΔΟΝΤΙΚΗ ΒΛΕΝΝΟΓΟΝΙΚΗ ΜΕΤΑΜΟΣΧΕΥΣΗ;;;;;
4106;X663703;ΟΥΛΟΠΛΑΣΤΙΚΗ, ΚΑΘΕ ΤΕΤΑΡΤΗΜΟΡΙΟ (ΝΑ ΚΑΘΟΡΙΖΕΤΑΙ ΛΕΠΤΟΜΕΡΩΣ);;;;;
4107;X663707;ΦΑΤΝΙΟΠΛΑΣΤΙΚΗ, ΚΑΘΕ ΤΕΤΑΡΤΗΜΟΡΙΟ (ΝΑ ΚΑΘΟΡΙΖΕΤΑΙ ΛΕΠΤΟΜΕΡΩΣ);;;;;
4108;X663757;ΜΗ ΚΑΤΑΓΕΓΡΑΜΜΕΝΗ ΕΠΕΜΒΑΣΗ, ΟΔΟΝΤΟΦΑΤΝΙΑΚΕΣ ΔΟΜΕΣ;;;;;
4109;X663757.1;ΑΚΡΟΡΡΙΖΕΚΤΟΜΗ ΜΟΝΟΡΙΖ.ΔΟΝΤ ΜΕ ΠΡΟΥΠΑΡ.ΕΝΔΟΔ.ΘΕΡΑΠΕΙΑ;;;;;
4110;X663757.2;ΑΚΡΟΡΡΙΖΕΚΤΟΜΗ ΜΟΝΟΡΙΖ.ΔΟΝΤ ΜΕ ΤΕΛΕΣΗ ΑΝΑΣΤΡ.ΕΜΦΡΑΞΗ;;;;;
4111;X663757.3;ΑΚΡΟΡΡΙΖΕΚΤΟΜΗ ΜΟΝΟΡΙΖ.ΔΟΝΤ. ΜΕ ΤΕΛΕΣΗ ΕΝΔΟΔ. ΘΕΡΑΠΕΙΑ;;;;;
4112;X663757.4;ΑΚΡΟΡΡΖΕΚΤΟΜΗ ΠΟΛΥΡ.ΔΟΝΤ. ΜΕ ΤΕΛΕΣΗ ΑΝΑΣΤΡ..ΕΜΦΡΑΞΗ;;;;;
4113;X663757.5;ΑΚΡΟΡΡΙΖΕΚΤΟΜΗ ΠΟΛΥΡ.ΔΟΝΤ. ΜΕ ΔΟΝΤ.ΜΕ ΠΡΟΥΠΑΡ.ΕΝΔ.ΘΕΡ.;;;;;
4114;X663757.6;ΑΝΥΨΩΣΗ ΕΔΑΦΟΥΣ ΙΓΜΟΡ. ΜΕ ΑΛΛΟΜΟΣΧΕΥΜΑ;;;;;
4115;X663757.7;ΑΝΥΨΩΣΗ ΕΔΑΦΟΥΣ ΙΓΜΟΡ. ΜΕ ΛΗΨΗ ΟΣΤΙΚΟΥ ΜΟΣΧ. ΕΝΔΟΣΤΙΚΑ;;;;;
4116;X663757.8;ΑΠΛΗ ΕΞΑΓΩΓΗ ΔΟΝΤΙΟΥ;;;;;
4117;X663757.9;ΑΠΟΚΑΛ.ΕΓΚΛΕΙΣΤΟΥ ΔΟΝΤ.& ΤΟΠΟΘΕΤΗΣΗ  BRACKETS;;;;;
4118;X663757.10;ΑΦΑΙΡΕΣΗ ΒΛΕΝΝΩΔΟΥΣ ΚΥΣΤΗΣ ΜΑΛΑΚΩΝ ΜΟΡΙΩΝ;;;;;
4119;X663757.11;ΑΦΑΙΡΕΣΗ ΕΓΚΛΕΙΣΤΟΥ Ή ΗΜΙΕΓΚΛΕΙΣΤΟΥ ΔΟΝΤΙΟΥ;;;;;
4120;X663757.12;ΑΦΑΙΡΕΣΗ  ΕΜΦΥΤΕΥΜΑΤΩΝ  ΤΥΠΟΥ BLADES;;;;;
4121;X663757.13;ΑΦΑΙΡΕΣΗ ΕΠΟΥΛΙΔΑΣ ΜΙΚΡ.ΟΓΚ.ΉΒΛΑΒΩΝ ΣΤΟΜΑΤ-ΠΡΟΣΩΠΟΥ;;;;;
4122;X663757.14;ΑΦΑΙΡΕΣΗ ΙΝΩΔΟΥΣ ΥΠΕΡΠΛΑΣΙΑΣ ΑΠΟ ΟΔΟΝΤΟΣΤΟΙΧΙΑ;;;;;
4123;X663757.15;ΑΦΑΙΡΕΣΗ ΚΥΣΤ. ΓΝΑΘ. ΜΕ ΤΕΛΕΣΗ ΕΝΔ.ΘΕΡ. Ή ΑΝΑΣΤΡ.ΕΜΦΡΑΞΗ;;;;;
4124;X663757.16;ΑΦΑΙΡΕΣΗ ΜΙΚΡ.ΚΥΣΤ.ΔΕΡΜ.ΠΡΟΣΩΠΟΥ ( ΣΜΗΓ. ,ΔΕΡΜΟΕΙΔ.) ;;;;;
4125;X663757.17;ΑΦΑΙΡΕΣΗ ΜΕΓ. ΚΥΣΤΗ ΓΝΑΘ. ΧΩΡΙΣ  ΕΝΔ. ΘΕΡ. Ή ΑΝΑΣΤΡ. ΕΜΦΡ.;;;;;
4126;X663757.18;ΑΦΑΙΡΕΣΗ ΜΙΚΡ. ΚΥΣΤΗ ΓΝΑΘ.ΧΩΡΙΣ ΕΝΔ.ΘΕΡ.Ή ΑΝΑΣΤΡ.ΕΜΦΡΑΞΗ;;;;;
4127;X663757.19;ΑΦΑΙΡΕΣΗ ΡΑΜΜΑΤΩΝ ΣΓΠΧ;;;;;
4128;X663757.20;ΑΦΑΙΡΕΣΗ  ΡΙΖΟΜΟΡΦΩΝ ΕΜΦΥΤΕΥΜΑΤΩΝ;;;;;
4129;X663757.21;ΑΦΑΙΡΕΣΗ ΣΙΕΛΟΛΙΘΟΥ ΕΝΔΟΣΤΟΜΑΤΙΚΑ;;;;;
4130;X663757.22;ΑΦΑΙΡΕΣΗ ΥΛΙΚΟΥ ΟΣΤΕΟΣΥΝΘΕΣΗΣ;;;;;
4131;X663757.23;ΑΦΑΙΡΕΣΗ  ΥΠΟΠΕΡΙΟΣΤΙΚΩΝ  ΕΜΦΥΤΕΥΜΑΤΩΝ;;;;;
4132;X663757.24;ΑΦΑΙΡΕΣΗ Ή ΜΑΡΣΙΠΟΠΟΙΗΣΗ ΒΑΤΡΑΧΙΟΥ;;;;;
4133;X663757.25;ΒΑΘΥΝΣΗ  ΠΡΟΣΤΟΜΙΑΚΗΣ ΑΥΛΑΚΑΣ ;;;;;
4134;X663757.26;ΒΑΘΥΝΣΗ ΠΡΟΣΤΟΜ.ΑΥΛΑΚΑΣ ΜΕ ΒΛΕΝΝΟΓ.ΜΟΣΧΕΥΜΑ;;;;;
4135;X663757.27;ΒΑΣΙΚΗ ΣΓΠΧ ΕΞΕΤΑΣΗ;;;;;
4136;X663757.28;ΕΠΙΜΗΚΥΝΣΗ ΜΥΛΗΣ ΔΟΝΤΙΟΥ;;;;;
4137;X663757.29;ΓΝΩΜΑΤΕΥΣΗ  ΣΓΠΧ  ΕΞΕΤΑΣΗΣ ;;;;;
4138;X663757.30;ΚΛΕΙΣΤΗ ΑΝΥΨΩΣΗ ΙΓΜΟΡΕΙΟΥ;;;;;
4139;X663757.31;ΕΓΧΥΣΗ ΟΥΣΙΩΝ ΣΕ ΠΕΡΙΦΕΡΙΚΑ ΝΕΥΡΑ;;;;;
4140;X663757.32;ΧΗΜΙΚΗ ΑΝΤΙΜΕΤΩΠΙΣΗ ΥΠΕΡΤΡΟΦΙΑΣ ΜΑΣΗΤΗΡΑ;;;;;
4141;X663757.33;ΕΠΑΝΕΜΦΥΤΕΥΣΗ & ΑΚΙΝΗΤΟΠΟΙΗΣΗ ΕΚΓΟΜΦΩΜΕΝΟΥ ΔΟΝΤΙΟΥ;;;;;
4142;X663757.34;ΕΠΕΜΒΑΣΗ ΣΕ ΠΕΡΙΦΕΡΙΚΑ ΝΕΥΡΑ (ΝΕΥΡΕΚΤΟΜΗ,ΚΡΥΟΧΕΙΡ.);;;;;
4143;X663757.35;ΛΗΨΗ ΙΣΤΟΤΕΜΑΧΙΟΥ ΓΙΑ ΙΣΤΟΛ. ΕΞΕΤΑΣΗ ΑΠΟ ΟΓΚΟ Ή ΒΛΑΒ.;;;;;
4144;X663757.36;ΛΗΨΗ ΟΣΤΙΚΟΥ  ΜΟΣΧΕΥΜ.ΕΝΔΟΣΤ. & ΤΟΠΟΘΕΤΗΣΗ ΤΟΥ;;;;;
4145;X663757.37;ΜΑΡΣΙΠΟΠΟΙΗΣΗ ΜΕΓΑΛΩΝ ΚΥΣΤΕΩΝ ΤΩΝ ΓΝΑΘΩΝ;;;;;
4146;X663757.38;ΜΕΤΑΘΕΣΗ ΓΕΝΕΙΑΚΟΥ ΝΕΥΡΟΥ ΓΙΑ ΤΟΠΟΘΕΤΗΣΗ ΕΜΦΥΤΕΥΜΑΤ.;;;;;
4147;X663757.39;ΟΥΛΟΠΛΑΣΤΙΚΗ ΕΠΙ ΕΜΥΤΕΥΜΑΤΩΝ;;;;;
4148;X663757.40;ΣΥΓΚΛΕΙΣΗ ΣΤΟΜΑΤΟΚΟΛΠΙΚΗΣ ΕΠΙΚΟΙΝΩΝΙΑΣ;;;;;
4149;X663757.41;ΣΥΝΤΗΡΗΤΙΚΗ ΑΝΤΙΜΕΤΩΠΙΣΗ  ΔΥΣΛΕΙΤΟΥΡΓΙΩΝ  Κ.Γ.Δ.;;;;;
4150;X663757.42;ΔΙΑΤΑΤΙΚΗ ΟΣΤΕΟΓΕΝΕΣΗ ΦΑΤΝΙΑΚΗΣ ΑΠΟΦΥΣΗΣ;;;;;
4151;X663757.43;ΣΥΡΡΑΦΗ ΤΡΑΥΜΑΤΟΣ ΣΤΟΜΑΤΟΣ Ή ΔΕΡΜΑΤΟΣ;;;;;
4152;X663757.44;ΤΟΠΟΘΕΤΗΣΗ ΠΡΟΣΤΟΜΙΑΚΩΝ ΤΟΞΩΝ ΑΝΩ –ΚΑΤΩ & ΔΙΑΓΝ ΑΚΙΝ.;;;;;
4153;X663757.45;ΤΟΠΟΘΕΤΗΣΗ ΕΜΦΥΤΕΥΜΑΤΩΝ ΜΑΖΙ ΜΕ ΔΕΥΤΕΡΗ ΦΑΣΗ ;;;;;
4154;X663757.46;ΦΑΤΝΙΟΠΛΑΣΤΙΚΗ;;;;;
4155;X663757.47;ΧΕΙΡΟΥΡΓΙΚΗ ΕΞΑΓΩΓΗ ΔΟΝΤΙΟΥ Ή ΡΙΖΑΣ;;;;;
4156;X663757.48;ΤΟΠΟΘΕΤΗΣΗ ΕΜΦΥΤΕΥΜΑΤΩΝ ΖΥΓΩΜΑΤΙΚΟΥ;;;;;
4157;X663757.49,;ΤΟΠΟΘΕΤΗΣΗ ΜΙΝΙ ΕΜΦΥΤΕΥΜΑΤΩΝ;;;;;
4158;X663757.50;ΛΗΨΗ ΚΑΙ ΤΟΠΟΘΕΤΗΣΗ ΒΛΕΝΝΟΓΟΝΙΟΥ ΜΟΣΧΕΥΜΑΤΟΣ;;;;;
4159;X663757.51;ΧΕΙΡΟΥΡΓΙΚΟΣ  ΚΑΘΑΡΙΣΜΟΣ (ΑΠΟΞΕΣΗ) ΕΝΔΟΣΤ. ΒΛΑΒΗΣ ΓΝΑΘΟΥ;;;;;
4160;X663757.52;ΑΦΑΙΡΕΣΗ ΕΝΔΟΟΣΤΙΚΗΣ ΒΛΑΒΗΣ ΓΝΑΘΟΥ;;;;;
4161;X663959;ΠΑΡΟΧΕΤΕΥΣΗ ΑΠΟΣΤΗΜΑΤΟΣ ΥΠΕΡΩΑ, ΣΤΑΦΥΛΗ;;;;;
4162;X664159;ΒΙΟΨΙΑ ΥΠΕΡΩΑ, ΣΤΑΦΥΛΗ;;;;;
4163;X664167;ΕΚΤΟΜΗ, ΒΛΑΒΗ ΥΠΕΡΩΑ, ΣΤΑΦΥΛΗ, ΧΩΡΙΣ ΣΥΡΡΑΦΗ;;;;;
4164;X664171;ΕΚΤΟΜΗ, ΒΛΑΒΗ ΥΠΕΡΩΑ, ΣΤΑΦΥΛΗ, ΜΕ ΑΠΛΗ ΠΡΩΤΟΓΕΝΗ ΣΥΡΡΑΦΗ;;;;;
4165;X664173;ΕΚΤΟΜΗ, ΒΛΑΒΗ ΥΠΕΡΩΑ, ΣΤΑΦΥΛΗ, ΜΕ ΣΥΓΚΛΕΙΣΗ ΜΕ ΤΟΠΙΚΟ ΚΡΗΜΝΟ;;;;;
4166;X664199;ΕΚΤΟΜΗ ΥΠΕΡΩΑΣ Ή ΕΚΤΕΤΑΜΕΝΗ ΕΚΤΟΜΗ ΒΛΑΒΗΣ;;;;;
4167;X664239;ΣΤΑΦΥΛΕΚΤΟΜΗ, ΕΚΤΟΜΗ ΤΗΣ ΣΤΑΦΥΛΗΣ;;;;;
4168;X664249;ΥΠΕΡΩΟΦΑΡΥΓΓΟΠΛΑΣΤΙΚΗ (Π.Χ., ΣΤΑΦΥΛΟΥΠΕΡΩΟΦΑΡΥΓΓΟΠΛΑΣΤΙΚΗ, ΣΤΑΦΥΛΟΦΑΡΥΓΓΟΠΛΑΣΤΙΚΗ);;;;;
4169;X664279;ΚΑΤΑΣΤΡΟΦΗ ΒΛΑΒΗΣ, ΥΠΕΡΩΑ Ή ΣΤΑΦΥΛΗ (ΘΕΡΜΙΚΗ, ΨΥΞΗ Ή ΧΗΜΙΚΗ);;;;;
4170;X664319;ΑΠΟΚΑΤΑΣΤΑΣΗ, ΔΙΑΡΡΗΞΗΣ ΥΠΕΡΩΑΣ, ΕΩΣ 2 ΕΚ.;;;;;
4171;X664323;"ΑΠΟΚΑΤΑΣΤΑΣΗ, ΔΙΑΡΡΗΞΗΣ ΥΠΕΡΩΑΣ; ΜΕΓΑΛΥΤΕΡΟ ΤΩΝ 2 ΕΚ. Ή ΣΥΝΘΕΤΟ";;;;;
4172;X664359;ΥΠΕΡΩΟΠΛΑΣΤΙΚΗ, ΛΥΚΟΣΤΟΜΑ, ΜΑΛΑΚΗ ΚΑΙ/Ή ΣΚΛΗΡΗ ΥΠΕΡΩΑ ΜΟΝΟ;;;;;
4173;X664369;ΥΠΕΡΩΟΠΛΑΣΤΙΚΗ, ΛΥΚΟΣΤΟΜΑ, ΜΕ ΣΥΓΚΛΕΙΣΗ ΤΗΣ ΦΑΤΝΙΑΚΗΣ ΑΠΟΦΥΣΗΣ, ΜΑΛΑΚΟΣ ΙΣΤΟΣ ΜΟΝΟ;;;;;
4174;X664379;ΥΠΕΡΩΟΠΛΑΣΤΙΚΗ, ΛΥΚΟΣΤΟΜΑ, ΜΕ ΣΥΓΚΛΕΙΣΗ ΤΗΣ ΦΑΤΝΙΑΚΗΣ ΑΠΟΦΥΣΗΣ, ΜΕ ΟΣΤΕΪΝΟ ΜΟΣΧΕΥΜΑ ΣΤΗ ΦΑΤΝΙΑΚΗ ΑΠΟΦΥΣΗ (ΠΕΡΙΛΑΜΒΑΝΕΙ ΑΠΟΚΤΗΣΗ ΜΟΣΧΕΥΜΑΤΟΣ);;;;;
4175;X664389;ΥΠΕΡΩΟΠΛΑΣΤΙΚΗ, ΛΥΚΟΣΤΟΜΑ, ΜΕΙΖΩΝ ΑΠΟΚΑΤΑΣΤΑΣΗ;;;;;
4176;X664399;ΥΠΕΡΩΟΠΛΑΣΤΙΚΗ, ΛΥΚΟΣΤΟΜΑ, ΕΠΕΜΒΑΣΗ ΔΕΥΤΕΡΟΓΕΝΟΥΣ ΕΠΙΜΗΚΥΝΣΗΣ;;;;;
4177;X664409;ΥΠΕΡΩΟΠΛΑΣΤΙΚΗ, ΛΥΚΟΣΤΟΜΑ, ΕΦΑΡΜΟΓΗ ΦΑΡΥΓΓΙΚΟΥ ΚΡΗΜΝΟΥ;;;;;
4178;X664411;ΕΠΙΜΗΚΥΝΣΗ ΤΗΣ ΥΠΕΡΩΑΣ, ΚΑΙ ΦΑΡΥΓΓΙΚΟΣ ΚΡΗΜΝΟΣ;;;;;
4179;X664413;ΕΠΙΜΗΚΥΝΣΗ ΤΗΣ ΥΠΕΡΩΑΣ, ΜΕ ΚΡΗΜΝΟ ΝΗΣΙΔΑ;;;;;
4180;X664429;ΑΠΟΚΑΤΑΣΤΑΣΗ ΤΗΣ ΠΡΟΣΘΙΑΣ ΥΠΕΡΩΑΣ, ΠΟΥ ΠΕΡΙΛΑΜΒΑΝΕΙ ΚΡΗΜΝΟ ΥΝΙΔΑΣ;;;;;
4181;X664479;ΑΠΟΚΑΤΑΣΤΑΣΗ  ΡΙΝΟΧΕΙΛΙΚΟΥ ΣΥΡΙΓΓΙΟΥ;;;;;
4182;X664519;ΓΝΑΘΙΚΗ ΕΝΤΥΠΩΣΗ ΓΙΑ ΠΡΟΘΕΣΗ ΥΠΕΡΩΑΣ;;;;;
4183;X664521;ΕΙΣΑΓΩΓΗ ΠΡΟΘΕΣΗΣ ΥΠΕΡΩΑΣ ΣΥΓΚΡΑΤΟΥΜΕΝΗΣ ΜΕ ΚΑΡΦΙ;;;;;
4184;X664557;ΜΗ ΚΑΤΑΓΕΓΡΑΜΜΕΝΗ ΕΠΕΜΒΑΣΗ, ΥΠΕΡΩΑ, ΣΤΑΦΥΛΗ;;;;;
4185;X664559;ΠΑΡΟΧΕΤΕΥΣΗ ΑΠΟΣΤΗΜΑΤΟΣ, ΠΑΡΩΤΙΔΑ, ΑΠΛΗ;;;;;
4186;X664569;ΠΑΡΟΧΕΤΕΥΣΗ ΑΠΟΣΤΗΜΑΤΟΣ, ΠΑΡΩΤΙΔΑ, ΣΥΝΘΕΤΗ;;;;;
4187;X664579;ΠΑΡΟΧΕΤΕΥΣΗ ΑΠΟΣΤΗΜΑΤΟΣ, ΥΠΟΓΝΑΘΙΑΙΟ (ΑΝΩ ΓΝΑΘΟΣ)  Ή ΥΠΟΓΛΩΣΣΙΟ, ΕΝΔΟΣΤΟΜΑΤΙΚΗ ΠΡΟΣΠΕΛΑΣΗ;;;;;
4188;X664599;ΠΑΡΟΧΕΤΕΥΣΗ ΑΠΟΣΤΗΜΑΤΟΣ, ΥΠΟΓΝΑΘΙΑΙΟ (ΑΝΩ ΓΝΑΘΟΣ), ΕΞΩΤΕΡΙΚΗ ΠΡΟΣΠΕΛΑΣΗ;;;;;
4189;X664619;ΣΙΕΛΟΛΙΘΟΤΟΜΗ, ΥΠΟΓΝΑΘΙΑΙΑ (ΑΝΩ Ή ΚΑΤΩ), ΥΠΟΓΛΩΣΣΙΑ Ή ΠΑΡΩΤΙΔΙΚΗ, ΜΗ ΕΠΙΠΛΕΓΜΕΝΗ, ΕΝΔΟΣΤΟΜΑΤΙΚΗ;;;;;
4190;X664629;ΣΙΕΛΟΛΙΘΟΤΟΜΗ, ΥΠΟΓΝΑΘΙΑΙΑ (ΑΝΩ Ή ΚΑΤΩ), ΣΥΝΘΕΤΗ, ΕΝΔΟΣΤΟΜΑΤΙΚΗ;;;;;
4191;X664639;ΣΙΕΛΟΛΙΘΟΤΟΜΗ, ΠΑΡΩΤΙΔΑ, ΕΞΩΣΤΟΜΑΤΙΚΗ Ή ΣΥΝΘΕΤΗ ΕΝΔΟΣΤΟΜΑΤΙΚΗ;;;;;
4192;X664759;ΒΙΟΨΙΑ ΣΙΕΛΟΓΟΝΟΥ ΑΔΕΝΑ, ΒΕΛΟΝΗ;;;;;
4193;X664769;ΒΙΟΨΙΑ ΣΙΕΛΟΓΟΝΟΥ ΑΔΕΝΑ, ΔΙΑ ΤΟΜΗΣ;;;;;
4194;X664775;ΕΚΤΟΜΗ ΥΠΟΓΛΩΣΣΙΑΣ ΣΙΕΛΟΓΟΝΟΥ ΚΥΣΤΗΣ (ΒΑΤΡΑΧΙΟΝ);;;;;
4195;X664777;ΜΑΡΣΙΠΟΠΟΙΗΣΗ ΥΠΟΓΛΩΣΣΙΑΣ ΣΙΕΛΟΓΟΝΟΥ ΚΥΣΤΗΣ (ΒΑΤΡΑΧΙΟΝ);;;;;
4196;X664779;ΕΚΤΟΜΗ ΠΑΡΩΤΙΔΙΚΟΥ ΟΓΚΟΥ Ή ΠΑΡΩΤΙΔΙΚΟΥ ΑΔΕΝΑ, ΠΛΑΓΙΟΣ ΛΟΒΟΣ, ΧΩΡΙΣ  ΔΙΑΧΩΡΙΣΜΟ ΝΕΥΡΟΥ;;;;;
4197;X664789;ΕΚΤΟΜΗ ΠΑΡΩΤΙΔΙΚΟΥ ΟΓΚΟΥ Ή ΠΑΡΩΤΙΔΙΚΟΥ ΑΔΕΝΑ, ΠΛΑΓΙΟΣ ΛΟΒΟΣ, ΜΕ ΔΙΑΧΩΡΙΣΜΟ ΚΑΙ ΔΙΑΤΗΡΗΣΗ ΤΟΥ ΠΡΟΣΩΠΙΚΟΥ ΝΕΥΡΟΥ;;;;;
4198;X664799;ΕΚΤΟΜΗ ΠΑΡΩΤΙΔΙΚΟΥ ΟΓΚΟΥ Ή ΠΑΡΩΤΙΔΙΚΟΥ ΑΔΕΝΑ, ΟΛΙΚΗ, ΜΕ ΔΙΑΧΩΡΙΣΜΟ ΚΑΙ ΔΙΑΤΗΡΗΣΗ ΤΟΥ ΠΡΟΣΩΠΙΚΟΥ ΝΕΥΡΟΥ;;;;;
4199;X664809;ΕΚΤΟΜΗ ΠΑΡΩΤΙΔΙΚΟΥ ΟΓΚΟΥ Ή ΠΑΡΩΤΙΔΙΚΟΥ ΑΔΕΝΑ, ΟΛΙΚΗ, ΣΥΝΟΛΙΚΗ ΑΦΑΙΡΕΣΗ ΜΕ ΘΥΣΙΑ ΤΟΥ ΠΡΟΣΩΠΙΚΟΥ ΝΕΥΡΟΥ;;;;;
4200;X664811;ΕΚΤΟΜΗ ΠΑΡΩΤΙΔΙΚΟΥ ΟΓΚΟΥ Ή ΠΑΡΩΤΙΔΙΚΟΥ ΑΔΕΝΑ, ΟΛΙΚΗ, ΜΕ ΕΤΕΡΟΠΛΕΥΡΟ ΡΙΖΙΚΟ ΛΕΜΦΑΔΕΝΙΚΟ ΚΑΘΑΡΙΣΜΟ ΤΡΑΧΗΛΟΥ;;;;;
4201;X664839;ΕΚΤΟΜΗ ΥΠΟΓΝΑΘΙΑΙΟΥ (ΑΝΩ Ή ΚΑΤΩ) ΑΔΕΝΑ;;;;;
4202;X664859;ΕΚΤΟΜΗ ΥΠΟΓΛΩΣΣΙΟΥ ΑΔΕΝΑ;;;;;
4203;X664959;ΠΛΑΣΤΙΚΗ ΑΠΟΚΑΤΑΣΤΑΣΗ ΣΙΕΛΟΓΟΝΟΥ ΠΟΡΟΥ, ΣΙΕΛΟΔΟΧΟΠΛΑΣΤΙΚΗ, ΠΡΩΤΟΓΕΝΗΣ Ή ΑΠΛΗ;;;;;
4204;X664969;ΠΛΑΣΤΙΚΗ ΑΠΟΚΑΤΑΣΤΑΣΗ ΣΙΕΛΟΓΟΝΟΥ ΠΟΡΟΥ, ΣΙΕΛΟΔΟΧΟΠΛΑΣΤΙΚΗ, ΔΕΥΤΕΡΟΓΕΝΗΣ Ή ΣΥΝΘΕΤΗ;;;;;
4205;X664973;ΕΚΤΡΟΠΗ ΠΑΡΩΤΙΔΙΚΟΥ ΠΟΡΟΥ, ΑΜΦΙΠΛΕΥΡΗ (ΔΙΑΔΙΚΑΣΙΑ ΤΥΠΟΥ WILKE),;;;;;
4206;X664975;ΕΚΤΡΟΠΗ ΠΑΡΩΤΙΔΙΚΟΥ ΠΟΡΟΥ, ΑΜΦΙΠΛΕΥΡΗ (ΔΙΑΔΙΚΑΣΙΑ ΤΥΠΟΥ WILKE), ΜΕ ΕΚΤΟΜΗ ΤΟΥ ΕΝΟΣ ΥΠΟΓΝΑΘΙΟΥ ΑΔΕΝΑ;;;;;
4207;X664977;ΕΚΤΡΟΠΗ ΠΑΡΩΤΙΔΙΚΟΥ ΠΟΡΟΥ, ΑΜΦΙΠΛΕΥΡΗ (ΔΙΑΔΙΚΑΣΙΑ ΤΥΠΟΥ WILKE), ΜΕ ΕΚΤΟΜΗ ΚΑΙ ΤΩΝ ΔΥΟ ΥΠΟΓΝΑΘΙΩΝ ΑΔΕΝΩΝ;;;;;
4208;X664979;ΕΚΤΡΟΠΗ ΠΑΡΩΤΙΔΙΚΟΥ ΠΟΡΟΥ, ΑΜΦΙΠΛΕΥΡΗ (ΔΙΑΔΙΚΑΣΙΑ ΤΥΠΟΥ WILKE), ΜΕ ΑΠΟΛΙΝΩΣΗ ΚΑΙ ΤΩΝ ΔΥΟ ΥΠΟΓΝΑΘΙΩΝ (WHARTON'S) ΠΟΡΩΝ;;;;;
4209;X665059;ΔΙΑΔΙΚΑΣΙΑ ΕΓΧΥΣΗΣ ΓΙΑ ΣΙΕΛΟΓΡΑΦΙΑ;;;;;
4210;X665159;ΑΠΟΛΙΝΩΣΗ ΣΙΕΛΟΓΟΝΟΥ ΣΥΡΙΓΓΙΟΥ;;;;;
4211;X665259;ΔΙΑΣΤΟΛΗ ΣΙΕΛΟΓΟΝΟΥ ΠΟΡΟΥ;;;;;
4212;X665279;ΔΙΑΣΤΟΛΗ ΚΑΙ ΚΑΘΕΤΗΡΙΑΣΜΟΣ ΣΙΕΛΟΓΟΝΟΥ ΠΟΡΟΥ, ΜΕ Ή ΧΩΡΙΣ ΕΓΧΥΣΗ;;;;;
4213;X665289;ΑΠΟΛΙΝΩΣΗ ΣΙΕΛΟΓΟΝΟΥ ΠΟΡΟΥ, ΕΝΔΟΣΤΟΜΑΤΙΚΗ;;;;;
4214;X665357;ΜΗ ΚΑΤΑΓΕΓΡΑΜΜΕΝΗ ΔΙΑΔΙΚΑΣΙΑ, ΣΙΕΛΟΓΟΝΟΙ ΑΔΕΝΕΣ Ή ΠΟΡΟΙ;;;;;
4215;X665359;ΤΟΜΗ ΚΑΙ ΠΑΡΟΧΕΤΕΥΣΗ ΑΠΟΣΤΗΜΑΤΟΣ, ΠΕΡΙΑΜΥΓΔΑΛΙΚΗ;;;;;
4216;X665399;"ΤΟΜΗ ΚΑΙ ΠΑΡΟΧΕΤΕΥΣΗ ΑΠΟΣΤΗΜΑΤΟΣ; ΟΠΙΣΘΟΦΑΡΥΓΓΙΚΗ Ή ΠΑΡΑΦΑΡΥΓΓΙΚΗ, ΕΝΔΟΣΤΟΜΑΤΙΚΗ ΠΡΟΣΠΕΛΑΣΗ";;;;;
4217;X665409;ΤΟΜΗ ΚΑΙ ΠΑΡΟΧΕΤΕΥΣΗ ΑΠΟΣΤΗΜΑΤΟΣ, ΟΠΙΣΘΟΦΑΡΥΓΓΙΚΗ Ή ΠΑΡΑΦΑΡΥΓΓΙΚΗ, ΕΞΩΤΕΡΙΚΗ ΠΡΟΣΠΕΛΑΣΗ;;;;;
4218;X665559;ΒΙΟΨΙΑ, ΣΤΟΜΑΤΟΦΑΡΥΓΓΑΣ;;;;;
4219;X665563;ΒΙΟΨΙΑ, ΥΠΟΦΑΡΥΓΓΑΣ;;;;;
4220;X665567;ΒΙΟΨΙΑ, ΡΙΝΟΦΑΡΥΓΓΑΣ, ΟΡΑΤΗ ΒΛΑΒΗ, ΑΠΛΗ;;;;;
4221;X665571;ΒΙΟΨΙΑ, ΡΙΝΟΦΑΡΥΓΓΑΣ, ΔΙΕΡΕΥΝΗΣΗ ΓΙΑ ΑΓΝΩΣΤΗ ΠΡΩΤΟΓΕΝΗ ΒΛΑΒΗ;;;;;
4222;X665575;ΕΚΤΟΜΗ Ή ΚΑΤΑΣΤΡΟΦΗ ΒΛΑΒΗΣ ΤΟΥ ΦΑΡΥΓΓΑ, ΟΠΟΙΑΔΗΠΟΤΕ ΜΕΘΟΔΟΣ;;;;;
4223;X665577;ΑΦΑΙΡΕΣΗ ΞΕΝΟΥ ΣΩΜΑΤΟΣ ΑΠΟ ΤΟ ΦΑΡΥΓΓΑ;;;;;
4224;X665579;ΕΚΤΟΜΗ ΚΥΣΤΗΣ ΒΡΟΓΧΙΟΣΧΙΣΤΙΑΣ Ή ΥΠΟΛΕΙΜΜΑΤΟΣ, ΠΕΡΙΟΡΙΣΜΕΝΟΥ ΣΤΟ ΔΕΡΜΑ ΚΑΙ ΤΟΥΣ ΥΠΟΔΕΡΜΙΚΟΥΣ ΙΣΤΟΥΣ;;;;;
4225;X665589;ΕΚΤΟΜΗ ΚΥΣΤΗΣ ΒΡΟΓΧΙΟΣΧΙΣΤΙΑΣ , ΥΠΟΛΕΙΜΜΑΤΟΣ, Ή ΣΥΡΙΓΓΙΟΥ, ΜΕ ΕΠΕΚΤΑΣΗ ΚΑΤΩΘΕΝ  ΤΩΝ ΥΠΟΔΕΡΜΙΚΩΝ ΙΣΤΩΝ ΚΑΙ/Ή ΣΤΟ ΦΑΡΥΓΓΑ;;;;;
4226;X665599;ΑΜΥΓΔΑΛΕΚΤΟΜΗ ΚΑΙ ΑΔΕΝΕΚΤΟΜΗ, ΗΛΙΚΙΑΣ ΜΙΚΡΟΤΕΡΗΣ ΤΩΝ 12 ΕΤΩΝ;;;;;
4227;X665601;ΑΜΥΓΔΑΛΕΚΤΟΜΗ ΚΑΙ ΑΔΕΝΕΚΤΟΜΗ, ΗΛΙΚΙΑΣ 12 ΕΤΩΝ Ή ΜΕΓΑΛΥΤΕΡΗΣ;;;;;
4228;X665609;ΑΜΥΓΔΑΛΕΚΤΟΜΗ, ΠΡΩΤΟΓΕΝΗΣ Ή ΔΕΥΤΕΡΟΓΕΝΗΣ, ΗΛΙΚΙΑΣ ΜΙΚΡΟΤΕΡΗΣ ΤΩΝ 12 ΕΤΩΝ;;;;;
4229;X665611;ΑΜΥΓΔΑΛΕΚΤΟΜΗ, ΠΡΩΤΟΓΕΝΗΣ Ή ΔΕΥΤΕΡΟΓΕΝΗΣ, ΗΛΙΚΙΑΣ 12 ΕΤΩΝ Ή ΜΕΓΑΛΥΤΕΡΗΣ;;;;;
4230;X665619;ΑΔΕΝΕΚΤΟΜΗ, ΠΡΩΤΟΓΕΝΗΣ, ΗΛΙΚΙΑΣ ΜΙΚΡΟΤΕΡΗΣ ΤΩΝ 12 ΕΤΩΝ;;;;;
4231;X665621;ΑΔΕΝΕΤΟΜΗ, ΠΡΩΤΟΓΕΝΗΣ, ΗΛΙΚΙΑΣ 12 ΕΤΩΝ Ή ΜΕΓΑΛΥΤΕΡΗΣ;;;;;
4232;X665629;ΑΔΕΝΕΚΤΟΜΗ, ΔΕΥΤΕΡΟΓΕΝΗΣ, ΗΛΙΚΙΑΣ ΜΙΚΡΟΤΕΡΗΣ ΤΩΝ 12 ΕΤΩΝ;;;;;
4233;X665631;ΑΔΕΝΕΚΤΟΜΗ, ΔΕΥΤΕΡΟΓΕΝΗΣ, ΗΛΙΚΙΑΣ 12 ΕΤΩΝ Ή ΜΕΓΑΛΥΤΕΡΗΣ;;;;;
4234;X665643;ΡΙΖΙΚΗ ΕΚΤΟΜΗ ΑΜΥΓΔΑΛΗΣ, ΤΩΝ ΑΜΥΓΔΑΛΙΚΩΝ ΣΚΕΛΩΝ ΚΑΙ/Ή ΤΟΥ ΟΠΙΣΘΟΜΥΛΙΚΟΥ  ΤΡΙΓΩΝΟΥ, ΧΩΡΙΣ ΣΥΓΚΛΕΙΣΗ;;;;;
4235;X665647;ΡΙΖΙΚΗ ΕΚΤΟΜΗ ΑΜΥΓΔΑΛΗΣ, ΤΩΝ ΑΜΥΓΔΑΛΙΚΩΝ ΣΚΕΛΩΝ ΚΑΙ/Ή ΤΟΥ ΟΠΙΣΘΟΜΥΛΙΚΟΥ  ΤΡΙΓΩΝΟΥ, ΣΥΓΚΛΕΙΣΗ ΜΕ ΤΟΠΙΚΟ ΚΡΗΜΝΟ (Π.Χ., ΓΛΩΣΣΑ, ΠΑΡΕΙΑ);;;;;
4236;X665649;ΡΙΖΙΚΗ ΕΚΤΟΜΗ ΑΜΥΓΔΑΛΗΣ, ΚΑΙ/Ή ΤΟΥ ΟΠΙΣΘΟΜΥΛΙΚΟΥ  ΤΡΙΓΩΝΟΥ, ΣΥΓΚΛΕΙΣΗ ΜΕ ΑΛΛΟ ΚΡΗΜΝΟ;;;;;
4237;X665679;ΕΚΤΟΜΗ ΥΠΕΡΠΛΑΣΤΙΚΩΝ ΑΜΥΓΔΑΛΩΝ;;;;;
4238;X665699;ΕΚΤΟΜΗ Ή ΚΑΤΑΣΤΡΟΦΗ ΤΩΝ ΓΛΩΣΣΙΚΩΝ ΑΜΥΓΔΑΛΩΝ, ΟΠΟΙΑΔΗΠΟΤΕ ΜΕΘΟΔΟΣ (ΞΕΧΩΡΙΣΤΗ ΕΠΕΜΒΑΣΗ);;;;;
4239;X665739;ΠΕΡΙΟΡΙΣΜΕΝΗ ΦΑΡΥΓΓΕΚΤΟΜΗ;;;;;
4240;X665743;ΑΠΟΚΟΠΗ ΤΟΥ ΠΛΕΥΡΙΚΟΥ ΦΑΡΥΓΓΙΚΟΥ ΤΟΙΧΩΜΑΤΟΣ Ή ΤΟΥ ΑΠΙΟΕΙΔΟΥΣ ΡΙΝΙΚΟΥ ΚΟΛΠΟΥ, ΑΜΕΣΗ ΣΥΓΚΛΕΙΣΗ ΜΕΣΩ ΠΡΟΑΓΩΓΗΣ ΤΩΝ ΠΛΑΓΙΩΝ ΚΑΙ ΟΠΙΣΘΙΩΝ ΦΑΡΥΓΓΙΚΩΝ ΤΟΙΧΩΜΑΤΩΝ;;;;;
4241;X665747;ΑΠΟΚΟΠΗ ΤΟΥ ΦΑΡΥΓΓΙΚΟΥ ΤΟΙΧΩΜΑΤΟΣ ΠΟΥ ΑΠΑΙΤΕΙ ΣΥΓΚΛΕΙΣΗ ΜΕ ΜΥΟΔΕΡΜΑΤΙΚΟ ΚΡΗΜΝΟ;;;;;
4242;X665759;ΣΥΡΡΑΦΗ ΦΑΡΥΓΓΑ ΓΙΑ ΠΛΗΓΗ Ή ΤΡΑΥΜΑ;;;;;
4243;X665859;ΦΑΡΥΓΓΟΠΛΑΣΤΙΚΗ (ΠΛΑΣΤΙΚΗ Ή ΑΝΑΠΛΑΣΤΙΚΗ ΕΠΕΜΒΑΣΗ ΣΤΟΝ ΦΑΡΥΓΓΑ);;;;;
4244;X665865;ΦΑΡΥΓΓΟΟΙΣΟΦΑΓΙΚΗ ΑΠΟΚΑΤΑΣΤΑΣΗ;;;;;
4245;X665869;ΦΑΡΥΓΓΟΣΤΟΜΙΑ (ΣΥΡΙΓΓΟΠΟΙΗΣΗ ΤΟΥ ΦΑΡΥΓΓΑ, ΕΞΩΤΕΡΙΚΗ ΓΙΑ ΘΡΕΨΗ);;;;;
4246;X665879;ΕΛΕΓΧΟΣ ΣΤΟΜΑΤΟΦΑΡΥΓΓΙΚΗΣ ΑΙΜΟΡΡΑΓΙΑΣ, ΠΡΩΤΟΓΕΝΟΥΣ Ή ΔΕΥΤΕΡΟΓΕΝΟΥΣ (Π.Χ., ΜΕΤΑ-ΑΜΥΓΔΑΛΕΚΤΟΜΙΚΗ), ΑΠΛΟΣ;;;;;
4247;X665881;ΕΛΕΓΧΟΣ ΣΤΟΜΑΤΟΦΑΡΥΓΓΙΚΗΣ ΑΙΜΟΡΡΑΓΙΑΣ, ΠΡΩΤΟΓΕΝΗΣ Ή ΔΕΥΤΕΡΟΓΕΝΗΣ (Π.Χ., ΜΕΤΑ ΑΜΥΓΔΑΛΕΚΤΟΜΗ), ΣΥΝΘΕΤΟΣ, ΑΠΑΙΤΕΙΤΑΙ ΕΙΣΑΓΩΓΗ ΣΕ ΝΟΣΟΚΟΜΕΙΟ;;;;;
4248;X665883;ΕΛΕΓΧΟΣ ΣΤΟΜΑΤΟΦΑΡΥΓΓΙΚΗΣ ΑΙΜΟΡΡΑΓΙΑΣ, ΠΡΩΤΟΓΕΝΗΣ Ή ΔΕΥΤΕΡΟΓΕΝΗΣ (Π.Χ., ΜΕΤΑ ΑΜΥΓΔΑΛΕΚΤΟΜΗ), ΜΕ ΔΕΥΤΕΡΟΓΕΝΗ ΧΕΙΡΟΥΡΓΙΚΗ ΠΑΡΕΜΒΑΣΗ;;;;;
4249;X665899;ΕΛΕΓΧΟΣ ΡΙΝΟΦΑΡΥΓΓΙΚΗΣ ΑΙΜΟΡΡΑΓΙΑΣ, ΠΡΩΤΟΓΕΝΗΣ Ή ΔΕΥΤΕΡΟΓΕΝΗΣ (Π.Χ., ΜΕΤΑ ΑΔΕΝΕΚΤΟΜΗ), ΑΠΛΗ, ΜΕ ΟΠΙΣΘΙΟ ΡΙΝΙΚΟ ΕΠΙΠΩΜΑΤΙΣΜΟ, ΜΕ Ή ΧΩΡΙΣ ΠΡΟΣΘΙΟ ΕΠΙΠΩΜΑΤΙΣΜΟ ΚΑΙ/Ή ΚΑΥΤΗΡΙΑΣΜΟ;;;;;
4250;X665901;ΕΛΕΓΧΟΣ ΡΙΝΟΦΑΡΥΓΓΙΚΗΣ ΑΙΜΟΡΡΑΓΙΑΣ, ΠΡΩΤΟΓΕΝΗΣ Ή ΔΕΥΤΕΡΟΓΕΝΗΣ (Π.Χ., ΜΕΤΑ ΑΔΕΝΕΚΤΟΜΗ), ΣΥΝΘΕΤΗ, ΑΠΑΙΤΕΙΤΑΙ ΕΙΣΑΓΩΓΗ ΣΕ ΝΟΣΟΚΟΜΕΙΟ;;;;;
4251;X665903;ΕΛΕΓΧΟΣ ΡΙΝΟΦΑΡΥΓΓΙΚΗΣ ΑΙΜΟΡΡΑΓΙΑΣ, ΠΡΩΤΟΓΕΝΗΣ Ή ΔΕΥΤΕΡΟΓΕΝΗΣ (Π.Χ., ΜΕΤΑ ΑΔΕΝΕΚΤΟΜΗ), ΜΕ ΔΕΥΤΕΡΟΓΕΝΗ ΧΕΙΡΟΥΡΓΙΚΗ ΠΑΡΕΜΒΑΣΗ;;;;;
4252;X665957;ΜΗ ΚΑΤΑΓΕΓΡΑΜΜΕΝΗ ΔΙΑΔΙΚΑΣΙΑ, ΦΑΡΥΓΓΑΣ, ΑΔΕΝΟΕΙΔΕΙΣ ΕΚΒΛΑΣΤΗΣΕΙΣ, Ή ΑΜΥΓΔΑΛΕΣ;;;;;
Β.18;ΠΕΡΙΟΧΗ ΑΝΩΤΕΡΟΥ ΠΕΠΤΙΚΟΥ;;;;;;
4253;X665999;ΟΙΣΟΦΑΓΟΤΟΜΗ, ΤΡΑΧΗΛΙΚΗ ΠΡΟΣΠΕΛΑΣΗ, ΓΙΑ ΑΦΑΙΡΕΣΗ ΞΕΝΟΥ ΣΩΜΑΤΟΣ;;;;;
4254;X666019;ΜΥΟΤΟΜΗ ΟΙΣΟΦΑΓΟΥ (ΚΡΙΚΟΦΑΡΥΓΓΙΚΗ Ή ΚΑΤΩΤΕΡΗ);;;;;
4255;X666049;ΟΙΣΟΦΑΓΟΤΟΜΗ, ΘΩΡΑΚΙΚΗ ΠΡΟΣΠΕΛΑΣΗ, ΓΙΑ ΑΦΑΙΡΕΣΗ ΞΕΝΟΥ ΣΩΜΑΤΟΣ;;;;;
4256;X666159;ΕΚΤΟΜΗ ΒΛΑΒΗΣ ΟΙΣΟΦΑΓΟΥ ΜΕ ΠΡΩΤΟΓΕΝΗ ΑΠΟΚΑΤΑΣΤΑΣΗ, ΤΡΑΧΗΛΙΚΗ ΠΡΟΣΠΕΛΑΣΗ;;;;;
4257;X666161;ΕΚΤΟΜΗ ΒΛΑΒΗΣ ΟΙΣΟΦΑΓΟΥ ΜΕ ΠΡΩΤΟΓΕΝΗ ΑΠΟΚΑΤΑΣΤΑΣΗ, ΘΩΡΑΚΙΚΗ Ή ΚΟΙΛΙΑΚΗ ΠΡΟΣΠΕΛΑΣΗ;;;;;
4258;X666173;ΟΛΙΚΗ Ή ΥΦΟΛΙΚΗ ΟΙΣΟΦΑΓΕΚΤΟΜΗ, ΧΩΡΙΣ ΘΩΡΑΚΟΤΟΜΗ, ΜΕ ΦΑΡΥΓΓΟΓΑΣΤΡΟΣΤΟΜΙΑ Ή ΤΡΑΧΗΛΙΚΗ ΟΙΣΟΦΑΓΟΓΑΣΤΡΟΣΤΟΜΙΑ, ΜΕ Ή ΧΩΡΙΣ ΠΥΛΩΡΟΠΛΑΣΤΙΚΗ (ΔΙΑΤΡΗΜΑΤΙΚΗ);;;;;
4259;X666175;ΟΛΙΚΗ Ή ΥΦΟΛΙΚΗ ΟΙΣΟΦΑΓΕΚΤΟΜΗ, ΧΩΡΙΣ ΘΩΡΑΚΟΤΟΜΗ, ΜΕ ΠΑΡΕΜΒΟΛΗ ΠΑΧΕΩΣ ΕΝΤΕΡΟΥ Ή ΑΝΑΚΑΤΑΣΚΕΥΗ ΜΕ ΛΕΠΤΟ ΕΝΤΕΡΟ, ΠΟΥ ΠΕΡΙΛΑΜΒΑΝΕΙ ΕΝΤΕΡΙΚΗ  ΚΙΝΗΤΟΠΟΙΗΣΗ, ΠΡΟΕΤΟΙΜΑΣΙΑ ΚΑΙ ΑΝΑΣΤΟΜΩΣΗ(ΕΙΣ);;;;;
4260;X666183;ΟΛΙΚΗ Ή ΥΦΟΛΙΚΗ ΟΙΣΟΦΑΓΕΚΤΟΜΗ, ΜΕ ΘΩΡΑΚΟΤΟΜΗ, ΜΕ ΦΑΡΥΓΓΟΓΑΣΤΡΟΣΤΟΜΙΑ Ή ΤΡΑΧΗΛΙΚΗ ΟΙΣΟΦΑΓΟΓΑΣΤΡΟΣΤΟΜΙΑ, ΜΕ Ή ΧΩΡΙΣ ΠΥΛΩΡΟΠΛΑΣΤΙΚΗ;;;;;
4261;X666185;ΟΛΙΚΗ Ή ΥΦΟΛΙΚΗ ΟΙΣΟΦΑΓΕΚΤΟΜΗ, ΜΕ ΘΩΡΑΚΟΤΟΜΗ, ΜΕ ΠΑΡΕΜΒΟΛΗ ΠΑΧΕΩΣ ΕΝΤΕΡΟΥ Ή ΑΝΑΚΑΤΑΣΚΕΥΗ ΜΕ ΛΕΠΤΟ ΕΝΤΕΡΟ, ΠΟΥ ΠΕΡΙΛΑΜΒΑΝΕΙ ΕΝΤΕΡΙΚΗ  ΚΙΝΗΤΟΠΟΙΗΣΗ, ΠΡΟΕΤΟΙΜΑΣΙΑ ΚΑΙ ΑΝΑΣΤΟΜΩΣΗ(ΕΙΣ);;;;;
4262;X666191;ΜΕΡΙΚΗ ΟΙΣΟΦΑΓΕΚΤΟΜΗ, ΤΡΑΧΗΛΙΚΗ, ΜΕ ΕΛΕΥΘΕΡΟ ΕΝΤΕΡΙΚΟ ΜΟΣΧΕΥΜΑ, ΠΟΥ ΠΕΡΙΛΑΜΒΑΝΕΙ ΜΙΚΡΟΑΓΓΕΙΑΚΗ ΑΝΑΣΤΟΜΩΣΗ, ΛΗΨΗ ΤΟΥ ΜΟΣΧΕΥΜΑΤΟΣ ΚΑΙ  ΑΝΑΚΑΤΑΣΚΕΥΗ ΕΝΤΕΡΟΥ;;;;;
4263;X666193;ΜΕΡΙΚΗ ΟΙΣΟΦΑΓΕΚΤΟΜΗ, ΠΕΡΙΦΕΡΙΚΑ ΔΥΟ-ΤΡΙΤΑ, ΜΕ ΘΩΡΑΚΟΤΟΜΗ ΚΑΙ ΞΕΧΩΡΙΣΤΗ ΚΟΙΛΙΑΚΗ ΤΟΜΗ, ΜΕ Ή ΧΩΡΙΣ ΕΓΓΕΙΑ ΓΑΣΤΡΕΚΤΟΜΗ, ΜΕ ΘΩΡΑΚΙΚΗ ΟΙΣΟΦΑΓΟΓΑΣΤΡΟΣΤΟΜΙΑ, ΜΕ Ή ΧΩΡΙΣ ΠΥΛΩΡΟΠΛΑΣΤΙΚΗ (IVOR LEWIS);;;;;
4264;X666195;ΜΕΡΙΚΗ ΟΙΣΟΦΑΓΕΚΤΟΜΗ, ΠΕΡΙΦΕΡΙΚΑ ΔΥΟ-ΤΡΙΤΑ, ΜΕ ΘΩΡΑΚΟΤΟΜΗ ΚΑΙ ΞΕΧΩΡΙΣΤΗ ΚΟΙΛΙΑΚΗ ΤΟΜΗ, ΜΕ Ή ΧΩΡΙΣ ΕΓΓΕΙΑ ΓΑΣΤΡΕΚΤΟΜΗ, ΜΕ ΠΑΡΕΜΒΟΛΗ ΠΑΧΕΩΣ ΕΝΤΕΡΟΥ Ή ΑΝΑΚΑΤΑΣΚΕΥΗ ΜΕ ΛΕΠΤΟ ΕΝΤΕΡΟ, ΠΟΥ ΠΕΡΙΛΑΜΒΑΝΕΙ ΕΝΤΕΡΙΚΗ  ΚΙΝΗΤΟΠΟΙΗΣΗ, ΠΡΟΕΤΟΙΜΑΣΙΑ, ΚΑΙ ΑΝΑΣΤΟΜΩΣΗ(ΕΙΣ);;;;;
4265;X666201;ΜΕΡΙΚΗ ΟΙΣΟΦΑΓΕΚΤΟΜΗ, ΠΕΡΙΦΕΡΙΚΑ ΔΥΟ-ΤΡΙΤΑ, ΜΟΝΟ ΜΕ ΘΩΡΑΚΟΤΟΜΗ, ΜΕ Ή ΧΩΡΙΣ ΕΓΓΕΙΑ ΓΑΣΤΡΕΚΤΟΜΗ, ΜΕ ΘΩΡΑΚΙΚΗ ΟΙΣΟΦΑΓΟΓΑΣΤΡΟΣΤΟΜΙΑ, ΜΕ  Ή ΧΩΡΙΣ ΠΥΛΩΡΟΠΛΑΣΤΙΚΗ;;;;;
4266;X666203;ΜΕΡΙΚΗ ΟΙΣΟΦΑΓΕΚΤΟΜΗ, ΘΩΡΑΚΟΚΟΙΛΙΑΚΗ Ή ΚΟΙΛΙΑΚΗ ΠΡΟΣΕΓΓΙΣΗ, ΜΕ Ή ΧΩΡΙΣ ΕΓΓΕΙΑ ΓΑΣΤΡΕΚΤΟΜΗ, ΜΕ ΟΙΣΟΦΑΓΟΓΑΣΤΡΟΣΤΟΜΙΑ, ΜΕ Ή ΧΩΡΙΣ ΠΥΛΩΡΟΠΛΑΣΤΙΚΗ;;;;;
4267;X666205;ΜΕΡΙΚΗ ΟΙΣΟΦΑΓΕΚΤΟΜΗ, ΘΩΡΑΚΟΚΟΙΛΙΑΚΗ Ή ΚΟΙΛΙΑΚΗ ΠΡΟΣΕΓΓΙΣΗ, ΜΕ Ή ΧΩΡΙΣ ΕΓΓΕΙΑ ΓΑΣΤΡΕΚΤΟΜΗ, ΜΕ ΠΑΡΕΜΒΟΛΗ ΤΟΥ ΠΑΧΕΩΣ ΕΝΤΕΡΟΥ Ή ΑΝΑΚΑΤΑΣΚΕΥΗ ΜΕ ΛΕΠΤΟ ΕΝΤΕΡΟ, ΠΟΥ ΠΕΡΙΛΑΜΒΑΝΕΙ ΕΝΤΕΡΙΚΗ ΚΙΝΗΤΟΠΟΙΗΣΗ, ΠΡΟΕΤΟΙΜΑΣΙΑ ΚΑΙ ΑΝΑΣΤΟΜΩΣΗ(ΕΙΣ);;;;;
4268;X666207;ΟΛΙΚΗ Ή ΜΕΡΙΚΗ ΟΙΣΟΦΑΓΕΚΤΟΜΗ, ΧΩΡΙΣ ΑΝΑΚΑΤΑΣΚΕΥΗ (ΟΠΟΙΑΔΗΠΟΤΕ ΠΡΟΣΠΕΛΑΣΗ), ΜΕ ΤΡΑΧΗΛΙΚΗ ΟΙΣΟΦΑΓΟΣΤΟΜΙΑ;;;;;
4269;X666219;ΕΚΤΟΜΗ ΕΚΚΟΛΠΩΜΑΤΟΣ ΤΟΥ ΥΠΟΦΑΡΥΓΓΑ Ή ΤΟΥ ΟΙΣΟΦΑΓΟΥ, ΜΕ Ή ΧΩΡΙΣ ΜΥΟΤΟΜΗ, ΤΡΑΧΗΛΙΚΗ ΠΡΟΣΠΕΛΑΣΗ;;;;;
4270;X666229;ΕΚΤΟΜΗ ΕΚΚΟΛΠΩΜΑΤΟΣ ΤΟΥ ΥΠΟΦΑΡΥΓΓΑ Ή ΤΟΥ ΟΙΣΟΦΑΓΟΥ, ΜΕ Ή ΧΩΡΙΣ ΜΥΟΤΟΜΗ, ΘΩΡΑΚΙΚΗ ΠΡΟΣΠΕΛΑΣΗ;;;;;
4271;X666359;ΕΝΔΟΣΚΟΠΗΣΗ ΟΙΣΟΦΑΓΟΥ. ΑΠΛΗ .;;;;;
4272;X666361;ΕΝΔΟΣΚΟΠΗΣΗ ΟΙΣΟΦΑΓΟΥ, ΜΕ ΚΑΤΕΥΘΥΝΟΜΕΝΗ(ΕΣ) ΥΠΟΒΛΕΝΝΟΓΟΝΙΑ(ΕΣ) ΕΓΧΥΣΗ(ΕΙΣ), ΟΠΟΙΑΔΗΠΟΤΕ ΟΥΣΙΑ;;;;;
4273;X666363;ΕΝΔΟΣΚΟΠΗΣΗ ΟΙΣΟΦΑΓΟΥ. ΛΗΨΗ ΒΙΟΨΙΩΝ;;;;;
4274;X666367;ΕΝΔΟΣΚΟΠΗΣΗ ΟΙΣΟΦΑΓΟΥ ΜΕ ΕΓΧΥΣΗ ΣΚΛΗΡΥΝΤΙΚΗΣ ΟΥΣΙΑΣ ΕΠΙ ΟΙΣΟΦΑΓΙΚΩΝ ΚΙΡΣΩΝ;;;;;
4275;X666369;ΕΝΔΟΣΚΟΠΗΣΗ ΟΙΣΟΦΑΓΟΥ ΜΕ ΑΠΟΛΙΝΩΣΗ ΤΩΝ ΟΙΣΟΦΑΓΙΚΩΝ ΚΙΡΣΩΝ;;;;;
4276;X666389;ΕΝΔΟΣΚΟΠΗΣΗ ΟΙΣΟΦΑΓΟΥ ΜΕ ΑΦΑΙΡΕΣΗ ΞΕΝΟΥ ΣΩΜΑΤΟΣ;;;;;
4277;X666391;ΕΝΔΟΣΚΟΠΗΣΗ ΟΙΣΟΦΑΓΟΥ, ΜΕ ΑΦΑΙΡΕΣΗ ΟΓΚΟΥ(ΩΝ), ΠΟΛΥΠΟΔΑ(ΩΝ), Ή ΑΛΛΗΣ(ΩΝ) ΒΛΑΒΗΣ(ΩΝ) ΜΕΣΩ ΛΑΒΙΔΑΣ ΘΕΡΜΗΣ ΒΙΟΨΙΑΣ (HOT BIOPSY) ;;;;;
4278;X666393;ΕΝΔΟΣΚΟΠΗΣΗ ΟΙΣΟΦΑΓΟΥ,ΜΕ ΑΦΑΙΡΕΣΗ ΟΓΚΟΥ(ΩΝ), ΠΟΛΥΠΟΔΑ(ΩΝ), Ή ΑΛΛΗΣ(ΩΝ) ΒΛΑΒΗΣ(ΩΝ) ΜΕ ΤΕΧΝΙΚΗ ΒΡΟΧΟΥ;;;;;
4279;X666397;ΕΝΔΟΣΚΟΠΗΣΗ ΟΙΣΟΦΑΓΟΥ,ΜΕ ΕΙΣΑΓΩΓΗ ΠΛΑΣΤΙΚΟΥ ΣΩΛΗΝΑ Ή ΣΤΕΝΤ;;;;;
4280;X666399;ΕΝΔΟΣΚΟΠΗΣΗ ΟΙΣΟΦΑΓΟΥ ΜΕ ΔΙΑΤΑΣΗ ΑΕΡΟΘΑΛΑΜΟΥ (ΜΙΚΡΟΤΕΡΗ ΤΩΝ 30 ΧΙΛ. ΣΕ ΔΙΑΜΕΤΡΟ);;;;;
4281;X666411;ΕΝΔΟΣΚΟΠΗΣΗ ΟΙΣΟΦΑΓΟΥ, ΜΕ ΕΙΣΑΓΩΓΗ ΟΔΗΓΟΥ ΣΥΡΜΑΤΟΣ ΚΑΙ ΑΚΟΛΟΥΘΗ ΔΙΑΣΤΟΛΗ ΕΠΙ ΤΟΥ ΟΔΗΓΟΥ ΣΥΡΜΑΤΟΣ;;;;;
4282;X666413;ΕΝΔΟΣΚΟΠΗΣΗ ΟΙΣΟΦΑΓΟΥ ΜΕ ΕΛΕΓΧΟ ΑΙΜΟΡΡΑΓΙΑΣ (Π.Χ., ΕΓΧΥΣΗ, ΔΙΠΟΛΙΚΟΣ ΚΑΥΤΗΡΙΑΣΜΟΣ, ΜΟΝΟΠΟΛΙΚΟΣ ΚΑΥΤΗΡΙΑΣΜΟΣ, ΛΕΪΖΕΡ, ΘΕΡΜΙΚΟ ΚΑΘΕΤΗΡΑ, ΣΥΡΡΑΠΤΙΚΟ CLIP, ΣΥΣΚΕΥΗ ΑΡΓΟΥ ΠΛΑΣΜΑΤΟΣ);;;;;
4283;X666415;ΕΝΔΟΣΚΟΠΗΣΗ ΟΙΣΟΦΑΓΟΥ ΜΕ ΑΦΑΙΡΕΣΗ ΟΓΚΟΥ(ΩΝ), ΠΟΛΥΠΟΔΑ(ΩΝ), Ή ΑΛΛΗΣ(ΩΝ) ΒΛΑΒΗΣ(ΩΝ), ΜΗ ΥΠΟΚΕΙΜΕΝΗΣ(ΩΝ) ΣΕ ΑΦΑΙΡΕΣΗ ΜΕΣΩ ΛΑΒΙΔΑΣ ΘΕΡΜΗΣ ΒΙΟΨΙΑΣ (HOT BIOPSY), ΔΙΠΟΛΙΚΟΥ ΚΑΥΤΗΡΙΑΣΜΟΥ Ή ΤΕΧΝΙΚΗΣ ΒΡΟΧΟΥ;;;;;
4284;X666421;ΕΝΔΟΣΚΟΠΗΣΗ ΟΙΣΟΦΑΓΟΥ ΜΕ ΕΝΔΟΣΚΟΠΙΚΗ ΥΠΕΡΗΧΟΤΟΜΟΓΡΑΦΙΑ;;;;;
4285;X666423;ΕΝΔΟΣΚΟΠΗΣΗ ΟΙΣΟΦΑΓΟΥ ΜΕ ΕΝΔΟΣΚΟΠΙΚΗ ΥΠΕΡΗΧΟΤΟΜΟΓΡΑΦΙΑ ΜΕ ΛΗΨΗ ΒΙΟΨΙΑΣ/ΚΥΤΤΑΡΟΛΟΓΙΚΗΣ ΜΕ ΛΕΠΤΗ ΒΕΛΟΝΗ;;;;;
4286;X666427;ΕΝΔΟΣΚΟΠΗΣΗ ΑΝΩΤΕΡΟΥ ΠΕΠΤΙΚΟΥ ;;;;;
4287;X666429;ΕΝΔΟΣΚΟΠΗΣΗ ΑΝΩΤΕΡΟΥ ΠΕΠΤΙΚΟΥ. ΑΠΛΗ .;;;;;
4288;X666431;ΕΝΔΟΣΚΟΠΗΣΗ ΑΝΩΤΕΡΟΥ ΠΕΠΤΙΚΟΥ ΜΕ ΕΓΧΥΣΗ ΧΡΩΣΤΙΚΗΣ ΓΙΑ ΣΗΜΑΝΣΗ ΒΛΑΒΗΣ;;;;;
4289;X666433;ΕΝΔΟΣΚΟΠΗΣΗ ΑΝΩΤΕΡΟΥ ΠΕΠΤΙΚΟΥ ΜΕ ΕΝΔΟΣΚΟΠΙΚΗ ΥΠΕΡΗΧΟΤΟΜΟΓΡΑΦΙΑ;;;;;
4290;X666435;ΑΝΕΝΕΡΓΟΣ;;;;;
4291;X666437;ΕΝΔΟΣΚΟΠΗΣΗ ΑΝΩΤΕΡΟΥ ΠΕΠΤΙΚΟΥ. ΛΗΨΗ ΒΙΟΨΙΩΝ;;;;;
4292;X666439;ΕΝΔΟΣΚΟΠΗΣΗ ΑΝΩΤΕΡΟΥ ΠΕΠΤΙΚΟΥ ΜΕ ΔΙΑΤΟΙΧΩΜΑΤΙΚΗ ΠΑΡΟΧΕΤΕΥΣΗ ΨΕΥΔΟΚΥΣΤΗΣ;;;;;
4293;X666441;ΕΝΔΟΣΚΟΠΗΣΗ ΑΝΩΤΕΡΟΥ ΠΕΠΤΙΚΟΥ ΜΕ ΔΙΕΝΔΟΣΚΟΠΙΚΗ ΤΟΠΟΘΕΤΗΣΗ ΕΝΔΟΑΥΛΙΚΟΥ ΣΩΛΗΝΑ Ή ΚΑΘΕΤΗΡΑ;;;;;
4294;X666443;ΕΝΔΟΣΚΟΠΗΣΗ ΑΝΩΤΕΡΟΥ ΠΕΠΤΙΚΟΥ ΜΕ  ΕΝΔΟΣΚΟΠΙΚΗ ΥΠΕΡΗΧΟΤΟΜΟΓΡΑΦΙΑ ΜΕ ΛΗΨΗ ΒΙΟΨΙΑΣ/ΚΥΤΤΑΡΟΛΟΓΙΚΗΣ ΜΕ ΛΕΠΤΗ ΒΕΛΟΝΗ;;;;;
4295;X666445;ΕΝΔΟΣΚΟΠΗΣΗ ΑΝΩΤΕΡΟΥ ΠΕΠΤΙΚΟΥ ΜΕ ΕΓΧΥΣΗ ΣΚΛΗΡΥΝΤΙΚΗΣ ΟΥΣΙΑΣ ΕΠΙ ΟΙΣΟΦΑΓΙΚΩΝ ΚΑΙ/Η ΓΑΣΤΡΙΚΩΝ ΚΙΡΣΩΝ;;;;;
4296;X666447;ΕΝΔΟΣΚΟΠΗΣΗ ΑΝΩΤΕΡΟΥ ΠΕΠΤΙΚΟΥ ΜΕ ΑΠΟΛΙΝΩΣΗ ΟΙΣΟΦΑΓΙΚΩΝ ΚΑΙ/Η ΓΑΣΤΡΙΚΩΝ ΚΙΡΣΩΝ;;;;;
4297;X666449;ΕΝΔΟΣΚΟΠΗΣΗ ΑΝΩΤΕΡΟΥ ΠΕΠΤΙΚΟΥ ΜΕ ΔΙΑΣΤΟΛΗ ΤΗΣ ΓΑΣΤΡΙΚΗΣ ΕΞΟΔΟΥ ΓΙΑ ΑΠΟΦΡΑΞΗ ;;;;;
4298;X666451;ΕΝΔΟΣΚΟΠΗΣΗ ΑΝΩΤΕΡΟΥ ΠΕΠΤΙΚΟΥ ΜΕ ΚΑΤΕΥΘΥΝΟΜΕΝΗ ΤΟΠΟΘΕΤΗΣΗ ΣΩΛΗΝΑ ΔΙΑΔΕΡΜΙΚΗΣ ΓΑΣΤΡΟΣΤΟΜΙΑΣ;;;;;
4299;X666453;ΕΝΔΟΣΚΟΠΗΣΗ ΑΝΩΤΕΡΟΥ ΠΕΠΤΙΚΟΥ ΜΕ ΑΦΑΙΡΕΣΗ ΞΕΝΟΥ ΣΩΜΑΤΟΣ;;;;;
4300;X666455;ΕΝΔΟΣΚΟΠΗΣΗ ΑΝΩΤΕΡΟΥ ΠΕΠΤΙΚΟΥ ΜΕ ΕΙΣΑΓΩΓΗ ΟΔΗΓΟΥ ΣΥΡΜΑΤΟΣ ΚΑΙ ΑΚΟΛΟΥΘΗ ΔΙΑΣΤΟΛΗ ΤΟΥ ΟΙΣΟΦΑΓΟΥ ΕΠΙ ΤΟΥ ΟΔΗΓΟΥ ΣΥΡΜΑΤΟΣ;;;;;
4301;X666457;ΕΝΔΟΣΚΟΠΗΣΗ ΑΝΩΤΕΡΟΥ ΠΕΠΤΙΚΟΥ ΜΕ ΔΙΑΣΤΟΛΗ ΜΕ ΔΙΑΤΑΣΗ ΑΕΡΟΘΑΛΑΜΟΥ ΤΟΥ ΟΙΣΟΦΑΓΟΥ (ΔΙΑΜΕΤΡΟΣ ΜΙΚΡΟΤΕΡΗ ΤΩΝ 30 MM);;;;;
4302;X666459;ΕΝΔΟΣΚΟΠΗΣΗ ΑΝΩΤΕΡΟΥ ΠΕΠΤΙΚΟΥ ΜΕ ΑΦΑΙΡΕΣΗ ΟΓΚΟΥ(ΩΝ), ΠΟΛΥΠΟΔΑ(ΩΝ), Ή ΑΛΛΗΣ(ΩΝ) ΒΛΑΒΗΣ(ΩΝ) ΜΕΣΩ ΛΑΒΙΔΑΣ ΘΕΡΜΗΣ ΒΙΟΨΙΑΣ (HOT BIOPSY) Ή ΔΙΠΟΛΙΚΟΥ ΚΑΥΤΗΡΙΑΣΜΟΥ;;;;;
4303;X666461;ΕΝΔΟΣΚΟΠΗΣΗ ΑΝΩΤΕΡΟΥ ΠΕΠΤΙΚΟΥ ΜΕ ΑΦΑΙΡΕΣΗ ΟΓΚΟΥ(ΩΝ), ΠΟΛΥΠΟΔΑ(ΩΝ), Ή ΑΛΛΗΣ(ΩΝ) ΒΛΑΒΗΣ(ΩΝ) ΜΕ ΒΡΟΧΟ;;;;;
4304;X666469;ΕΝΔΟΣΚΟΠΗΣΗ ΑΝΩΤΕΡΟΥ ΠΕΠΤΙΚΟΥ ΜΕ ΕΛΕΓΧΟ ΑΙΜΟΡΡΑΓΙΑΣ, ΟΠΟΙΑΔΗΠΟΤΕ ΜΕΘΟΔΟΣ;;;;;
4305;X666471;ΕΝΔΟΣΚΟΠΗΣΗ ΑΝΩΤΕΡΟΥ ΠΕΠΤΙΚΟΥ ΜΕ ΔΙΕΝΔΟΣΚΟΠΙΚΗ ΤΟΠΟΘΕΤΗΣΗ ΣΤΕΝΤ (ΠΕΡΙΛΑΜΒΑΝΕΙ ΠΡΟΔΙΑΤΑΣΗ);;;;;
4306;X666473;ΕΝΔΟΣΚΟΠΗΣΗ ΑΝΩΤΕΡΟΥ ΠΕΠΤΙΚΟΥ ΜΕ ΑΠΕΛΕΥΘΕΡΩΣΗ ΘΕΡΜΙΚΗΣ ΕΝΕΡΓΕΙΑΣ ΣΤΟ ΜΥ ΤΟΥ ΚΑΤΩ ΟΙΣΟΦΑΓΙΚΟΥ ΣΦΙΓΚΤΗΡΑ ΓΙΑ ΘΕΡΑΠΕΙΑ ΓΑΣΤΡΟΟΙΣΟΦΑΓΙΚΗΣ ΠΑΛΙΝΔΡΟΜΗΣΗΣ;;;;;
4307;X666475;ΕΝΔΟΣΚΟΠΗΣΗ ΑΝΩΤΕΡΟΥ ΠΕΠΤΙΚΟΥ ΜΕ ΑΦΑΙΡΕΣΗ  ΟΓΚΟΥ(ΩΝ), ΠΟΛΥΠΟΔΑ(ΩΝ), Ή ΑΛΛΗΣ(ΩΝ) ΒΛΑΒΗΣ(ΩΝ) ΜΗ ΥΠΟΚΕΙΜΕΝΗΣ(ΩΝ) ΣΕ ΑΦΑΙΡΕΣΗ ΜΕΣΩ ΛΑΒΙΔΑΣ ΘΕΡΜΗΣ ΒΙΟΨΙΑΣ (HOT BIOPSY), ΔΙΠΟΛΙΚΟΥ ΚΑΥΤΗΡΙΑΣΜΟΥ Ή ΒΡΟΧΟΥ;;;;;
4308;X666477;ΑΝΕΝΕΡΓΟΣ;;;;;
4309;X666479;ΕΝΔΟΣΚΟΠΙΚΗ ΠΑΛΙΝΔΡΟΜΗ ΧΟΛΑΓΓΕΙΟΠΑΓΚΡΕΑΤΟΓΡΑΦΙΑ (ERCP) ΜΕ Ή ΧΩΡΙΣ ΣΥΛΛΟΓΗ ΔΕΙΓΜΑΤΟΣ(ΩΝ) ΜΕ ΒΟΥΡΤΣΙΣΜΑ Ή ΕΚΠΛΥΣΗ;;;;;
4310;X666481;ΕΝΔΟΣΚΟΠΙΚΗ ΠΑΛΙΝΔΡΟΜΗ ΧΟΛΑΓΓΕΙΟΠΑΓΚΡΕΑΤΟΓΡΑΦΙΑ (ERCP), ΜΕ ΒΙΟΨΙΑ, ΜΙΑ Ή ΠΟΛΛΑΠΛΕΣ;;;;;
4311;X666483;ΕΝΔΟΣΚΟΠΙΚΗ ΠΑΛΙΝΔΡΟΜΗ ΧΟΛΑΓΓΕΙΟΠΑΓΚΡΕΑΤΟΓΡΑΦΙΑ (ERCP), ΜΕ  ΣΦΙΓΚΤΗΡΟΤΟΜΗ;;;;;
4312;X666485;ΕΝΔΟΣΚΟΠΙΚΗ ΠΑΛΙΝΔΡΟΜΗ ΧΟΛΑΓΓΕΙΟΠΑΓΚΡΕΑΤΟΓΡΑΦΙΑ (ERCP), ΜΕ ΜΕΤΡΗΣΗ ΠΙΕΣΗΣ ΤΟΥ ΣΦΙΓΚΤΗΡΑ ΤΟΥ ODDI (ΠΑΓΚΡΕΑΤΙΚΟΣ ΠΟΡΟΣ Ή ΚΟΙΝΟΣ ΧΟΛΗΦΟΡΟΣ ΠΟΡΟΣ);;;;;
4313;X666487;ΕΝΔΟΣΚΟΠΙΚΗ ΠΑΛΙΝΔΡΟΜΗ ΧΟΛΑΓΓΕΙΟΠΑΓΚΡΕΑΤΟΓΡΑΦΙΑ (ERCP), ΜΕ ΕΝΔΟΣΚΟΠΙΚΗ ΠΑΛΙΝΔΡΟΜΗ ΑΦΑΙΡΕΣΗ ΛΙΘΟΥ/ΛΙΘΩΝ ΑΠΟ ΤΟΥΣ ΧΟΛΗΦΟΡΟΥΣ ΚΑΙ/Ή ΤΟΥΣ ΠΑΓΚΡΕΑΤΙΚΟΥΣ ΠΟΡΟΥΣ;;;;;
4314;X666489;ΕΝΔΟΣΚΟΠΙΚΗ ΠΑΛΙΝΔΡΟΜΗ ΧΟΛΑΓΓΕΙΟΠΑΓΚΡΕΑΤΟΓΡΑΦΙΑ (ERCP), ΜΕ ΕΝΔΟΣΚΟΠΙΚΗ ΠΑΛΙΝΔΡΟΜΗ ΚΑΤΑΣΤΡΟΦΗ, ΛΙΘΟΤΡΙΨΙΑ ΛΙΘΟΥ/ΛΙΘΩΝ, ΟΠΟΙΑΔΗΠΟΤΕ ΜΕΘΟΔΟΣ;;;;;
4315;X666493;ΕΝΔΟΣΚΟΠΙΚΗ ΠΑΛΙΝΔΡΟΜΗ ΧΟΛΑΓΓΕΙΟΠΑΓΚΡΕΑΤΟΓΡΑΦΙΑ (ERCP), ΜΕ ΕΝΔΟΣΚΟΠΙΚΗ ΠΑΛΙΝΔΡΟΜΗ ΕΙΣΑΓΩΓΗ ΡΙΝΟΧΟΛΙΚΟΥ Ή ΡΙΝΟΠΑΓΚΡΕΑΤΙΚΟΥ ΣΩΛΗΝΑ ΠΑΡΟΧΕΤΕΥΣΗΣ;;;;;
4316;X666495;ΕΝΔΟΣΚΟΠΙΚΗ ΠΑΛΙΝΔΡΟΜΗ ΧΟΛΑΓΓΕΙΟΠΑΓΚΡΕΑΤΟΓΡΑΦΙΑ (ERCP), ΜΕ ΕΝΔΟΣΚΟΠΙΚΗ ΠΑΛΙΝΔΡΟΜΗ ΕΙΣΑΓΩΓΗ ΣΩΛΗΝΑ Ή ΣΤΕΝΤ ΣΤΟΝ ΧΟΛΗΦΟΡΟ Ή ΠΑΓΚΡΕΑΤΙΚΟ ΠΟΡΟ;;;;;
4317;X666497;ΕΝΔΟΣΚΟΠΙΚΗ ΠΑΛΙΝΔΡΟΜΗ ΧΟΛΑΓΓΕΙΟΠΑΓΚΡΕΑΤΟΓΡΑΦΙΑ (ERCP), ΜΕ ΕΝΔΟΣΚΟΠΙΚΗ ΠΑΛΙΝΔΡΟΜΗ ΑΦΑΙΡΕΣΗ ΞΕΝΟΥ ΣΩΜΑΤΟΣ ΚΑΙ/Ή ΑΛΑΓΗ ΣΩΛΗΝΑ Ή ΣΤΕΝΤ;;;;;
4318;X666501;ΕΝΔΟΣΚΟΠΙΚΗ ΠΑΛΙΝΔΡΟΜΗ ΧΟΛΑΓΓΕΙΟΠΑΓΚΡΕΑΤΟΓΡΑΦΙΑ (ERCP), ΜΕ ΕΝΔΟΣΚΟΠΙΚΗ ΠΑΛΙΝΔΡΟΜΗ ΔΙΑΣΤΟΛΗ ΜΕ ΑΕΡΟΘΑΛΑΜΟ ΤΟΥ ΣΦΙΓΚΤΗΡΑ (ΦΥΜΑΤΟΣ ΤΟΥ VATER), ΤΟΥ ΧΟΛΗΦΟΡΟΥ ΚΑΙ/Ή ΤΟΥ(ΤΩΝ) ΠΑΓΚΡΕΑΤΙΚΟΥ(ΩΝ) ΠΟΡΟΥ(ΩΝ);;;;;
4319;X666503;ΕΝΔΟΣΚΟΠΙΚΗ ΠΑΛΙΝΔΡΟΜΗ ΧΟΛΑΓΓΕΙΟΠΑΓΚΡΕΑΤΟΓΡΑΦΙΑ (ERCP), ΜΕ ΑΦΑΙΡΕΣΗ ΟΓΚΟΥ(ΩΝ), ΠΟΛΥΠΟΔΑ(ΩΝ), Ή ΑΛΛΗΣ(ΩΝ) ΒΛΑΒΗΣ(ΩΝ) ΜΗ ΥΠΟΚΕΙΜΕΝΗΣ(ΩΝ) ΣΕ ΑΦΑΙΡΕΣΗ ΜΕΣΩ  ΛΑΒΙΔΑΣ ΘΕΡΜΗΣ ΒΙΟΨΙΑΣ (HOT BIOPSY), ΔΙΠΟΛΙΚΟΥ ΚΑΥΤΗΡΙΑΣΜΟΥ Ή ΒΡΟΧΟ;;;;;
4320;X666505;ΕΝΔΟΣΚΟΠΙΚΗ ΕΙΣΑΓΩΓΗ ΣΩΛΗΝΙΣΚΟΥ ΣΤΗ ΘΗΛΗ ΜΕ ΑΜΕΣΗ ΑΠΕΙΚΟΝΙΣΗ ΤΟΥ(ΤΩΝ) ΚΟΙΝΟΥ(ΩΝ) ΧΟΛΗΦΟΡΟΥ(ΩΝ) ΠΟΡΟΥ(ΩΝ) ΚΑΙ/Ή ΤΟΥ(ΤΩΝ) ΠΑΓΚΡΕΑΤΙΚΟΥ(ΩΝ) ΠΟΡΟΥ(ΩΝ) (ΧΟΛΗΔΟΧΟΣΚΟΠΗΣΗ-ΝΑ ΚΑΤΑΓΡΑΦΕΤΑΙ ΞΕΧΩΡΙΣΤΑ ΕΠΙΠΛΕΟΝ ΤΟΥ ΚΩΔΙΚΟΥ ΤΗΣ ΒΑΣΙΚΗΣ ΕΠΕΜΒΑΣΗΣ);;;;;
4321;X666517;ΛΑΠΑΡΟΣΚΟΠΗΣΗ, ΧΕΙΡΟΥΡΓΙΚΗ, ΟΙΣΟΦΑΓΟΜΥΟΤΟΜΗ (ΤΥΠΟΥ HELLER), ΜΕ ΘΟΛΟΠΛΑΣΤΙΚΗ, ΟΤΑΝ ΕΚΤΕΛΕΙΤΑΙ;;;;;
4322;X666519;ΛΑΠΑΡΟΣΚΟΠΗΣΗ, ΧΕΙΡΟΥΡΓΙΚΗ, ΟΙΣΟΦΑΓΟΓΑΣΤΡΙΚΗ ΘΟΛΟΠΛΑΣΤΙΚΗ (Π.Χ., ΕΠΕΜΒΑΣΕΙΣ ΤΥΠΟΥ NISSEN, TOUPET);;;;;
4323;X666537;ΜΗ ΚΑΤΑΓΕΓΡΑΜΜΕΝΗ ΔΙΑΔΙΚΑΣΙΑ ΛΑΠΑΡΟΣΚΟΠΗΣΗΣ, ΟΙΣΟΦΑΓΟΣ;;;;;
4324;X666559;ΟΙΣΟΦΑΓΟΠΛΑΣΤΙΚΗ (ΠΛΑΣΤΙΚΗ ΑΠΟΚΑΤΑΣΤΑΣΗ Ή ΑΝΑΠΛΑΣΗ), ΤΡΑΧΗΛΙΚΗ ΠΡΟΣΠΕΛΑΣΗ, ΧΩΡΙΣ ΑΠΟΚΑΤΑΣΤΑΣΗ ΤΡΑΧΕΙΟΟΙΣΟΦΑΓΙΚΟΥ ΣΥΡΙΓΓΙΟΥ;;;;;
4325;X666569;ΟΙΣΟΦΑΓΟΠΛΑΣΤΙΚΗ (ΠΛΑΣΤΙΚΗ ΑΠΟΚΑΤΑΣΤΑΣΗ Ή ΑΝΑΠΛΑΣΗ), ΤΡΑΧΗΛΙΚΗ ΠΡΟΣΠΕΛΑΣΗ, ΜΕ ΑΠΟΚΑΤΑΣΤΑΣΗ ΤΡΑΧΕΙΟΟΙΣΟΦΑΓΙΚΟΥ ΣΥΡΙΓΓΙΟΥ;;;;;
4326;X666579;ΟΙΣΟΦΑΓΟΠΛΑΣΤΙΚΗ (ΠΛΑΣΤΙΚΗ ΑΠΟΚΑΤΑΣΤΑΣΗ Ή ΑΝΑΠΛΑΣΗ), ΘΩΡΑΚΙΚΗ ΠΡΟΣΠΕΛΑΣΗ, ΧΩΡΙΣ ΑΠΟΚΑΤΑΣΤΑΣΗ ΤΡΑΧΕΙΟΟΙΣΟΦΑΓΙΚΟΥ ΣΥΡΙΓΓΙΟΥ;;;;;
4327;X666583;"ΟΙΣΟΦΑΓΟΠΛΑΣΤΙΚΗ (ΠΛΑΣΤΙΚΗ ΑΠΟΚΑΤΑΣΤΑΣΗ Ή ΑΝΑΠΛΑΣΗ), ΘΩΡΑΚΙΚΗ ΠΡΟΣΠΕΛΑΣΗ; ΜΕ ΑΠΟΚΑΤΑΣΤΑΣΗ ΤΡΑΧΕΙΟΟΙΣΟΦΑΓΙΚΟΥ ΣΥΡΙΓΓΙΟΥ";;;;;
4328;X666585;ΟΙΣΟΦΑΓΟΠΛΑΣΤΙΚΗ ΓΙΑ ΣΥΓΓΕΝΗ ΑΝΩΜΑΛΙΑ (ΠΛΑΣΤΙΚΗ ΑΠΟΚΑΤΑΣΤΑΣΗ Ή ΑΝΑΠΛΑΣΗ), ΘΩΡΑΚΙΚΗ ΠΡΟΣΠΕΛΑΣΗ, ΧΩΡΙΣ ΑΠΟΚΑΤΑΣΤΑΣΗ ΣΥΓΓΕΝΟΥΣ ΤΡΑΧΕΙΟΟΙΣΟΦΑΓΙΚΟΥ ΣΥΡΙΓΓΙΟΥ;;;;;
4329;X666587;"ΟΙΣΟΦΑΓΟΠΛΑΣΤΙΚΗ ΓΙΑ ΣΥΓΓΕΝΗ ΑΝΩΜΑΛΙΑ (ΠΛΑΣΤΙΚΗ ΑΠΟΚΑΤΑΣΤΑΣΗ Ή ΑΝΑΠΛΑΣΗ), ΘΩΡΑΚΙΚΗ ΠΡΟΣΠΕΛΑΣΗ; ΜΕ ΑΠΟΚΑΤΑΣΤΑΣΗ ΣΥΓΓΕΝΟΥΣ ΤΡΑΧΕΙΟΟΙΣΟΦΑΓΙΚΟΥ ΣΥΡΙΓΓΙΟΥ";;;;;
4330;X666599;ΟΙΣΟΦΑΓΟΓΑΣΤΡΟΣΤΟΜΙΑ (ΠΛΑΣΤΙΚΗ ΚΑΡΔΙΑΚΗΣ ΜΟΙΡΑΣ), ΜΕ Ή ΧΩΡΙΣ ΒΑΓΟΤΟΜΗ ΚΑΙ ΠΥΛΩΡΟΠΛΑΣΤΙΚΗ, ΔΙΑΚΟΙΛΙΑΚΗ Ή ΔΙΑΘΩΡΑΚΙΚΗ ΠΡΟΣΠΕΛΑΣΗ;;;;;
4331;X666607;ΟΙΣΟΦΑΓΟΓΑΣΤΡΙΚΗ ΘΟΛΟΠΛΑΣΤΙΚΗ (Π.Χ., ΕΠΕΜΒΑΣΕΙΣ ΤΥΠΟΥ NISSEN, BELSEY IV, HILL);;;;;
4332;X666609;ΟΙΣΟΦΑΓΟΓΑΣΤΡΙΚΗ ΘΟΛΟΠΛΑΣΤΙΚΗ, ΜΕ ΕΠΙΡΡΑΜΑ ΘΟΛΟΥ (ΕΠΕΜΒΑΣΗ ΤΥΠΟΥ THAL-NISSEN);;;;;
4333;X666611;ΟΙΣΟΦΑΓΟΓΑΣΤΡΙΚΗ ΘΟΛΟΠΛΑΣΤΙΚΗ, ΜΕ ΓΑΣΤΡΟΠΛΑΣΤΙΚΗ (Π.Χ., COLLIS);;;;;
4334;X666619;ΟΙΣΟΦΑΓΟΜΥΟΤΟΜΗ (ΤΥΠΟΥ HELLER), ΚΟΙΛΙΑΚΗ ΠΡΟΣΠΕΛΑΣΗ;;;;;
4335;X666621;ΟΙΣΟΦΑΓΟΜΥΟΤΟΜΗ (ΤΥΠΟΥ HELLER), ΘΩΡΑΚΙΚΗ ΠΡΟΣΠΕΛΑΣΗ;;;;;
4336;X666639;ΟΙΣΟΦΑΓΟΝΗΣΤΙΔΟΣΤΟΜΙΑ (ΧΩΡΙΣ ΟΛΙΚΗ ΓΑΣΤΡΕΚΤΟΜΗ), ΚΟΙΛΙΑΚΗ ΠΡΟΣΠΕΛΑΣΗ;;;;;
4337;X666641;ΟΙΣΟΦΑΓΟΝΗΣΤΙΔΟΣΤΟΜΙΑ (ΧΩΡΙΣ ΟΛΙΚΗ ΓΑΣΤΡΕΚΤΟΜΗ), ΘΩΡΑΚΙΚΗ ΠΡΟΣΠΕΛΑΣΗ;;;;;
4338;X666659;ΟΙΣΟΦΑΓΟΣΤΟΜΙΑ, ΣΥΡΙΓΓΟΠΟΙΗΣΗ ΤΟΥ ΟΙΣΟΦΑΓΟΥ, ΕΞΩΤΕΡΙΚΗ, ΚΟΙΛΙΑΚΗ ΠΡΟΣΠΕΛΑΣΗ;;;;;
4339;X666661;ΟΙΣΟΦΑΓΟΣΤΟΜΙΑ, ΣΥΡΙΓΓΟΠΟΙΗΣΗ ΤΟΥ ΟΙΣΟΦΑΓΟΥ, ΕΞΩΤΕΡΙΚΗ, ΘΩΡΑΚΙΚΗ ΠΡΟΣΠΕΛΑΣΗ;;;;;
4340;X666663;ΟΙΣΟΦΑΓΟΣΤΟΜΙΑ, ΣΥΡΙΓΓΟΠΟΙΗΣΗ ΤΟΥ ΟΙΣΟΦΑΓΟΥ, ΕΞΩΤΕΡΙΚΗ, ΤΡΑΧΗΛΙΚΗ ΠΡΟΣΠΕΛΑΣΗ;;;;;
4341;X666679;ΓΑΣΤΡΕΝΤΕΡΙΚΗ ΑΝΑΚΑΤΑΣΚΕΥΗ ΜΕΤΑ ΠΡΟΗΓΗΘΕΙΣΑ ΟΙΣΟΦΑΓΕΚΤΟΜΗ, ΓΙΑ ΑΠΟΦΡΑΣΣΟΥΣΑ ΟΙΣΟΦΑΓΙΚΗ ΒΛΑΒΗ Ή ΣΥΡΙΓΓΙΟ, Ή ΓΙΑ ΠΡΟΗΓΟΥΜΕΝΟ ΟΙΣΟΦΑΓΙΚΟ ΑΠΟΚΛΕΙΣΜΟ, ΜΕ ΣΤΟΜΑΧΟ, ΜΕ Ή ΧΩΡΙΣ ΠΥΛΩΡΟΠΛΑΣΤΙΚΗ;;;;;
4342;X666681;"ΓΑΣΤΡΕΝΤΕΡΙΚΗ ΑΝΑΚΑΤΑΣΚΕΥΗ ΜΕΤΑ ΠΡΟΗΓΗΘΕΙΣΑ ΟΙΣΟΦΑΓΕΚΤΟΜΗ, ΓΙΑ ΑΠΟΦΡΑΣΣΟΥΣΑ ΟΙΣΟΦΑΓΙΚΗ ΒΛΑΒΗ Ή ΣΥΡΙΓΓΙΟ, Ή ΓΙΑ ΠΡΟΗΓΟΥΜΕΝΟ ΟΙΣΟΦΑΓΙΚΟ ΑΠΟΚΛΕΙΣΜΟ; ΜΕ ΠΑΡΕΜΒΟΛΗ ΠΑΧΕΩΣ ΕΝΤΕΡΟΥ Ή ΑΝΑΚΑΤΑΣΚΕΥΗ ΜΕ ΛΕΠΤΟ ΕΝΤΕΡΟ, ΠΟΥ ΠΕΡΙΛΑΜΒΑΝΕΙ ΕΝΤΕΡΙΚΗ ΚΙΝΗΤΟΠΟΙΗΣΗ, ΠΡΟΕΤΟΙΜΑΣΙΑ, ΚΑΙ ΑΝΑΣΤΟΜΩΣΗ(ΕΙΣ)";;;;;
4343;X666759;ΑΠΟΛΙΝΩΣΗ, ΑΜΕΣΗ, ΟΙΣΟΦΑΓΙΚΟΙ ΚΙΡΣΟΙ;;;;;
4344;X666761;ΕΓΚΑΡΣΙΑ ΤΟΜΗ ΤΟΥ ΟΙΣΟΦΑΓΟΥ ΜΕ ΑΠΟΚΑΤΑΣΤΑΣΗ, ΓΙΑ ΟΙΣΟΦΑΓΙΚΟΥΣ ΚΙΡΣΟΥΣ;;;;;
4345;X666769;ΑΠΟΛΙΝΩΣΗ Ή ΣΥΡΡΑΦΗ ΣΤΗ ΓΑΣΤΡΟΟΙΣΟΦΑΓΙΚΗ ΣΥΜΒΟΛΗ ΓΙΑ ΠΡΟΫΠΑΡΧΟΥΣΑ ΟΙΣΟΦΑΓΙΚΗ ΔΙΑΤΡΗΣΗ;;;;;
4346;X666779;ΣΥΡΡΑΦΗ ΕΛΚΟΥΣ Ή ΤΡΑΥΜΑΤΟΣ ΤΟΥ ΟΙΣΟΦΑΓΟΥ, ΤΡΑΧΗΛΙΚΗ ΠΡΟΣΠΕΛΑΣΗ;;;;;
4347;X666789;ΣΥΡΡΑΦΗ ΕΛΚΟΥΣ Ή ΤΡΑΥΜΑΤΟΣ ΤΟΥ ΟΙΣΟΦΑΓΟΥ, ΔΙΑΘΩΡΑΚΙΚΗ Ή ΔΙΑΚΟΙΛΙΑΚΗ ΠΡΟΣΠΕΛΑΣΗ;;;;;
4348;X666799;ΣΥΓΚΛΕΙΣΗ ΟΙΣΟΦΑΓΟΣΤΟΜΙΑΣ Ή ΣΥΡΙΓΓΙΟΥ, ΤΡΑΧΗΛΙΚΗ ΠΡΟΣΠΕΛΑΣΗ;;;;;
4349;X666809;ΣΥΓΚΛΕΙΣΗ ΟΙΣΟΦΑΓΟΣΤΟΜΙΑΣ Ή ΣΥΡΙΓΓΙΟΥ, ΔΙΑΘΩΡΑΚΙΚΗ Ή ΔΙΑΚΟΙΛΙΑΚΗ ΠΡΟΣΠΕΛΑΣΗ;;;;;
4350;X666859;ΔΙΑΤΑΣΗ ΤΟΥ ΟΙΣΟΦΑΓΟΥ, ΜΕΣΩ ΜΗ ΚΑΘΟΔΗΓΟΥΜΕΝΟΥ ΜΕΤΑΛΛΙΚΟΥ ΔΙΑΤΑΤΗΡΑ Ή ΚΗΡΙΟΥ, ΜΙΑ Ή ΠΟΛΛΑΠΛΕΣ ΔΙΕΛΕΥΣΕΙΣ;;;;;
4351;X666865;ΑΝΕΝΕΡΓΟΣ;;;;;
4352;X666871;ΔΙΑΤΑΣΗ ΟΙΣΟΦΑΓΟΥ, ΜΕ ΑΕΡΟΘΑΛΑΜΟ Ή ΔΙΑΣΤΟΛΕΑ, ΠΑΛΙΝΔΡΟΜΗ;;;;;
4353;X666875;ΔΙΑΣΤΟΛΗ ΟΙΣΟΦΑΓΟΥ ΜΕ ΑΕΡΟΘΑΛΑΜΟ (30 ΧΙΛ. ΣΕ ΔΙΑΜΕΤΡΟ Ή ΜΕΓΑΛΥΤΕΡΟ) ΓΙΑ ΑΧΑΛΑΣΙΑ;;;;;
4354;X666879;ΟΙΣΟΦΑΓΟΓΑΣΤΡΙΚΟΣ ΕΠΙΠΩΜΑΤΙΣΜΟΣ, ΜΕ ΑΕΡΟΘΑΛΑΜΟ (ΤΥΠΟΥ SENGSTAKEN);;;;;
4355;X666951;ΕΛΕΥΘΕΡΗ ΜΕΤΑΦΟΡΑ ΝΗΣΤΙΔΑΣ ΜΕ ΜΙΚΡΟΑΓΓΕΙΑΚΗ ΑΝΑΣΤΟΜΩΣΗ;;;;;
4356;X666957;ΜΗ ΚΑΤΑΓΕΓΡΑΜΜΕΝΗ ΔΙΑΔΙΚΑΣΙΑ, ΟΙΣΟΦΑΓΟΣ;;;;;
4357;X666957.1;ΕΝΔΟΣΚΟΠΙΚΗ ΔΙΟΡΘΩΣΗ ΕΚΚΟΛΠΩΜΑΤΟΣ ΤΟΥ ΥΠΟΦΑΡΥΓΓΑ (ZENKER);;;;;
4358;X666957.2;ΟΙΣΟΦΑΓΟΜΥΟΤΟΜΗ (ΤΥΠΟΥ HELLER), ΘΩΡΑΚΟΣΚΟΠΙΚΗ ΠΡΟΣΠΕΛΑΣΗ;;;;;
4359;X666957.3;ΟΛΙΚΗ Ή ΥΦΟΛΙΚΗ ΟΙΣΟΦΑΓΕΚΤΟΜΗ, ΣΥΝΔΥΑΣΜΕΝΗ ΛΑΠΑΡΟΣΚΟΠΙΚΗ ΚΑΙ ΘΩΡΑΚΟΣΚΟΠΙΚΗ ΠΡΟΣΠΕΛΑΣΗ;;;;;
4360;X666959;"ΓΑΣΤΡΟΤΟΜΗ; ΜΕ ΔΙΕΡΕΥΝΗΣΗ Ή ΑΦΑΙΡΕΣΗ ΞΕΝΟΥ ΣΩΜΑΤΟΣ";;;;;
4361;X666961;"ΓΑΣΤΡΟΤΟΜΗ; ΜΕ ΑΠΟΚΑΤΑΣΤΑΣΗ ΔΙΑ ΣΥΡΡΑΦΗΣ ΑΙΜΟΡΡΑΓΟΥΝΤΟΣ ΕΛΚΟΥΣ";;;;;
4362;X666963;ΓΑΣΤΡΟΤΟΜΗ, ΜΕ ΑΠΟΚΑΤΑΣΤΑΣΗ ΔΙΑ ΣΥΡΡΑΦΗΣ ΠΡΟΫΠΑΡΧΟΥΣΑΣ ΟΙΣΟΦΑΓΟΓΑΣΤΡΙΚΗΣ ΡΗΞΗΣ (Π.Χ., MALLORY-WEISS);;;;;
4363;X666979;"ΓΑΣΤΡΟΤΟΜΗ; ΜΕ ΟΙΣΟΦΑΓΙΚΗ ΔΙΑΤΑΣΗ ΚΑΙ ΕΙΣΑΓΩΓΗ ΜΟΝΙΜΟΥ ΕΝΔΟΑΥΛΙΚΟΥ ΣΩΛΗΝΑ (Π.Χ., CELESTIN Ή MOUSSEAUX-BARBIN)";;;;;
4364;X666999;ΠΥΛΩΡΟΜΥΟΤΟΜΗ, ΤΟΜΗ ΤΟΥ ΠΥΛΩΡΙΚΟΥ ΜΥΟΣ (ΕΠΕΜΒΑΣΗ ΤΥΠΟΥ  FREDET-RAMSTEDT);;;;;
4365;X667159;ΑΝΕΝΕΡΓΟΣ;;;;;
4366;X667169;ΒΙΟΨΙΑ ΣΤΟΜΑΧΟΥ, ΜΕΣΩ ΛΑΠΑΡΟΤΟΜΗΣ;;;;;
4367;X667179;ΕΚΤΟΜΗ, ΤΟΠΙΚΗ, ΕΛΚΟΣ Ή ΚΑΛΟΗΘΗΣ ΟΓΚΟΣ ΣΤΟΜΑΧΟΥ;;;;;
4368;X667181;ΕΚΤΟΜΗ, ΤΟΠΙΚΗ, ΚΑΚΟΗΘΗΣ ΟΓΚΟΣ ΣΤΟΜΑΧΟΥ;;;;;
4369;X667199;ΓΑΣΤΡΕΚΤΟΜΗ, ΟΛΙΚΗ, ΜΕ ΟΙΣΟΦΑΓΟΕΝΤΕΡΟΣΤΟΜΙΑ;;;;;
4370;X667201;ΓΑΣΤΡΕΚΤΟΜΗ, ΟΛΙΚΗ, ΜΕ ΑΝΑΚΑΤΑΣΚΕΥΗ ΤΥΠΟΥ ROUX-EN-Y;;;;;
4371;X667203;"ΓΑΣΤΡΕΚΤΟΜΗ, ΟΛΙΚΗ; ΜΕ ΣΧΗΜΑΤΙΣΜΟ ΕΝΤΕΡΙΚΟΥ ΣΑΚΟΥ, ΟΠΟΙΟΣΔΗΠΟΤΕ ΤΥΠΟΣ";;;;;
4372;X667221;"ΓΑΣΤΡΕΚΤΟΜΗ, ΜΕΡΙΚΗ, ΠΕΡΙΦΕΡΙΚΗ; ΜΕ ΓΑΣΤΡΟΔΩΔΕΚΑΔΑΚΤΥΛΟΣΤΟΜΙΑ";;;;;
4373;X667223;ΓΑΣΤΡΕΚΤΟΜΗ, ΜΕΡΙΚΗ, ΠΕΡΙΦΕΡΙΚΗ, ΜΕ ΓΑΣΤΡΟΝΗΣΤΙΔΟΣΤΟΜΙΑ;;;;;
4374;X667225;ΓΑΣΤΡΕΚΤΟΜΗ, ΜΕΡΙΚΗ, ΠΕΡΙΦΕΡΙΚΗ, ΜΕ ΑΝΑΚΑΤΑΣΚΕΥΗ ΤΥΠΟΥ ROUX-EN-Y;;;;;
4375;X667227;ΓΑΣΤΡΕΚΤΟΜΗ, ΜΕΡΙΚΗ, ΠΕΡΙΦΕΡΙΚΗ, ΜΕ ΣΧΗΜΑΤΙΣΜΟ ΕΝΤΕΡΙΚΟΥ ΣΑΚΟΥ;;;;;
4376;X667229;ΒΑΓΟΤΟΜΗ ΟΤΑΝ ΕΚΤΕΛΕΙΤΑΙ ΜΕ ΜΕΡΙΚΗ ΠΕΡΙΦΕΡΙΚΗ ΓΑΣΤΡΕΚΤΟΜΗ (ΝΑ ΚΑΤΑΓΡΑΦΕΤΑΙ ΞΕΧΩΡΙΣΤΑ ΕΠΙΠΛΕΟΝ ΤΟΥ ΚΩΔΙΚΟΥ ΤΗΣ ΒΑΣΙΚΗΣ ΕΠΕΜΒΑΣΗΣ);;;;;
4377;X667239;ΒΑΓΟΤΟΜΗ ΠΟΥ ΠΕΡΙΛΑΜΒΑΝΕΙ ΠΥΛΩΡΟΠΛΑΣΤΙΚΗ, ΜΕ Ή ΧΩΡΙΣ ΓΑΣΤΡΟΣΤΟΜΙΑ, ΣΤΕΛΕΧΙΑΙΑ Ή ΕΚΛΕΚΤΙΚΗ;;;;;
4378;X667241;ΒΑΓΟΤΟΜΗ ΠΟΥ ΠΕΡΙΛΑΜΒΑΝΕΙ ΠΥΛΩΡΟΠΛΑΣΤΙΚΗ, ΜΕ Ή ΧΩΡΙΣ ΓΑΣΤΡΟΣΤΟΜΙΑ, ΤΟΙΧΩΜΑΤΙΚΑ ΚΥΤΤΑΡΑ (ΠΟΥ ΠΑΡΑΓΟΥΝ  ΓΑΣΤΡΙΚΟ ΟΞΥ) (ΥΠΕΡΕΚΛΕΚΤΙΚΗ);;;;;
4379;X667247;ΛΑΠΑΡΟΣΚΟΠΗΣΗ, ΧΕΙΡΟΥΡΓΙΚΗ, ΓΑΣΤΡΙΚΗ ΠΕΡΙΟΡΙΣΤΙΚΗ ΕΠΕΜΒΑΣΗ, ΜΕ ΓΑΣΤΡΙΚΗ ΠΑΡΑΚΑΜΨΗ ΚΑΙ ΓΑΣΤΡΕΝΤΕΡΟΣΤΟΜΙΑ ΤΥΠΟΥ ROUX-EN-Y (ΧΕΙΛΟΣ ROUX 150 ΕΚ. Ή ΜΙΚΡΟΤΕΡΟ);;;;;
4380;X667249;ΛΑΠΑΡΟΣΚΟΠΗΣΗ, ΧΕΙΡΟΥΡΓΙΚΗ, ΓΑΣΤΡΙΚΗ ΠΕΡΙΟΡΙΣΤΙΚΗ ΕΠΕΜΒΑΣΗ, ΜΕ ΓΑΣΤΡΙΚΗ ΠΑΡΑΚΑΜΨΗ ΚΑΙ ΑΝΑΚΑΤΑΣΚΕΥΗ ΤΟΥ ΛΕΠΤΟΥ ΕΝΤΕΡΟΥ ΓΙΑ ΠΕΡΙΟΡΙΣΜΟ ΑΠΟΡΡΟΦΗΣΗΣ;;;;;
4381;X667253;ΛΑΠΑΡΟΣΚΟΠΗΣΗ, ΧΕΙΡΟΥΡΓΙΚΗ, ΕΜΦΥΤΕΥΣΗ Ή ΑΝΤΙΚΑΤΑΣΤΑΣΗ ΓΑΣΤΡΙΚΩΝ ΝΕΥΡΟΔΙΕΓΕΡΤΙΚΩΝ ΗΛΕΚΤΡΟΔΙΩΝ, ΑΝΤΡΟ;;;;;
4382;X667255;ΛΑΠΑΡΟΣΚΟΠΗΣΗ, ΧΕΙΡΟΥΡΓΙΚΗ, ΑΠΟΚΑΤΑΣΤΑΣΗ Ή ΑΦΑΙΡΕΣΗ ΓΑΣΤΡΙΚΩΝ ΝΕΥΡΟΔΙΕΓΕΡΤΙΚΩΝ ΗΛΕΚΤΡΟΔΙΩΝ, ΑΝΤΡΟ;;;;;
4383;X667261;"ΛΑΠΑΡΟΣΚΟΠΗΣΗ, ΧΕΙΡΟΥΡΓΙΚΗ; ΔΙΑΤΟΜΗ ΤΩΝ ΠΝΕΥΜΟΝΟΓΑΣΤΡΙΚΩΝ ΝΕΥΡΩΝ, ΣΤΕΛΕΧΙΑΙΑ";;;;;
4384;X667263;ΛΑΠΑΡΟΣΚΟΠΗΣΗ, ΧΕΙΡΟΥΡΓΙΚΗ, ΔΙΑΤΟΜΗ ΤΩΝ ΠΝΕΥΜΟΝΟΓΑΣΤΡΙΚΩΝ ΝΕΥΡΩΝ, ΕΚΛΕΚΤΙΚΗ Ή ΥΠΕΡΕΚΛΕΚΤΙΚΗ;;;;;
4385;X667265;"ΛΑΠΑΡΟΣΚΟΠΗΣΗ, ΧΕΙΡΟΥΡΓΙΚΗ; ΓΑΣΤΡΟΣΤΟΜΙΑ, ΧΩΡΙΣ ΚΑΤΑΣΚΕΥΗ ΓΑΣΤΡΙΚΟΥ ΣΩΛΗΝΑ (Π.Χ., ΕΠΕΜΒΑΣΗ STAMM) (ΞΕΧΩΡΙΣΤΗ ΕΠΕΜΒΑΣΗ)";;;;;
4386;X667277;ΜΗ ΚΑΤΑΓΕΓΡΑΜΜΕΝΗ ΕΠΕΜΒΑΣΗ ΛΑΠΑΡΟΣΚΟΠΗΣΗΣ, ΣΤΟΜΑΧΟΣ;;;;;
4387;X667463;ΤΟΠΟΘΕΤΗΣΗ ΡΙΝΟ- Ή ΣΤΟΜΑΤΟ-ΓΑΣΤΡΙΚΟΥ ΣΩΛΗΝΑ, ΠΟΥ ΑΠΑΙΤΕΙ ΔΕΞΙΟΤΗΤΕΣ ΙΑΤΡΟΥ ΚΑΙ ΑΚΤΙΝΟΣΚΟΠΙΚΗ ΚΑΘΟΔΗΓΗΣΗ (ΠΕΡΙΛΑΜΒΑΝΕΙ ΑΚΤΙΝΟΣΚΟΠΗΣΗ, ΑΠΕΙΚΟΝΙΣΤΙΚΗ ΤΕΚΜΗΡΙΩΣΗ ΚΑΙ  ΑΝΑΦΟΡΑ);;;;;
4388;X667479;ΑΛΛΑΓΗ ΤΟΥ ΓΑΣΤΡΟΣΤΟΜΙΚΟΥ ΣΩΛΗΝΑ, ΔΙΑΔΕΡΜΙΚΗ, ΧΩΡΙΣ ΑΠΕΙΚΟΝΙΣΗ Ή ΕΝΔΟΣΚΟΠΙΚΗ ΚΑΘΟΔΗΓΗΣΗ;;;;;
4389;X667481;ΕΠΑΝΑΤΟΠΟΘΕΤΗΣΗ ΤΟΥ ΓΑΣΤΡΙΚΟΥ ΣΩΛΗΝΑ ΔΙΑΤΡΟΦΗΣ, ΜΕΣΩ ΤΟΥ ΔΩΔΕΚΑΔΑΚΤΥΛΟΥ ΓΙΑ ΕΝΤΕΡΙΚΗ ΔΙΑΤΡΟΦΗ;;;;;
4390;X667499;"ΛΑΠΑΡΟΣΚΟΠΗΣΗ, ΧΕΙΡΟΥΡΓΙΚΗ, ΓΑΣΤΡΙΚΗ ΠΕΡΙΟΡΙΣΤΙΚΗ ΕΠΕΜΒΑΣΗ; ΤΟΠΟΘΕΤΗΣΗ ΡΥΘΜΙΖΟΜΕΝΗΣ ΓΑΣΤΡΙΚΗΣ ΠΕΡΙΟΡΙΣΤΙΚΗΣ ΣΥΣΚΕΥΗΣ (Π.Χ., ΓΑΣΤΡΙΚΟΣ ΔΑΚΤΥΛΙΟΣ ΚΑΙ ΤΜΗΜΑΤΑ ΥΠΟΔΕΡΜΙΚΗΣ ΘΥΡΑΣ)";;;;;
4391;X667501;ΛΑΠΑΡΟΣΚΟΠΗΣΗ, ΧΕΙΡΟΥΡΓΙΚΗ, ΓΑΣΤΡΙΚΗ ΠΕΡΙΟΡΙΣΤΙΚΗ ΕΠΕΜΒΑΣΗ, ΑΠΟΚΑΤΑΣΤΑΣΗ  ΤΟΥ ΡΥΘΜΙΖΟΜΕΝΟΥ ΣΤΟΙΧΕΙΟΥ ΤΗΣ ΓΑΣΤΡΙΚΗΣ ΠΕΡΙΟΡΙΣΤΙΚΗΣ ΣΥΣΚΕΥΗΣ ΜΟΝΟ;;;;;
4392;X667503;ΛΑΠΑΡΟΣΚΟΠΗΣΗ, ΧΕΙΡΟΥΡΓΙΚΗ, ΓΑΣΤΡΙΚΗ ΠΕΡΙΟΡΙΣΤΙΚΗ ΕΠΕΜΒΑΣΗ, ΑΦΑΙΡΕΣΗ  ΤΟΥ ΡΥΘΜΙΖΟΜΕΝΟΥ ΣΤΟΙΧΕΙΟΥ ΤΗΣ ΓΑΣΤΡΙΚΗΣ ΠΕΡΙΟΡΙΣΤΙΚΗΣ ΣΥΣΚΕΥΗΣ ΜΟΝΟ;;;;;
4393;X667505;ΛΑΠΑΡΟΣΚΟΠΗΣΗ, ΧΕΙΡΟΥΡΓΙΚΗ, ΓΑΣΤΡΙΚΗ ΠΕΡΙΟΡΙΣΤΙΚΗ ΕΠΕΜΒΑΣΗ, ΑΦΑΙΡΕΣΗ ΚΑΙ ΑΝΤΙΚΑΤΑΣΤΑΣΗ ΤΟΥ ΡΥΘΜΙΖΟΜΕΝΟΥ ΣΤΟΙΧΕΙΟΥ ΤΗΣ ΓΑΣΤΡΙΚΗΣ ΠΕΡΙΟΡΙΣΤΙΚΗΣ ΣΥΣΚΕΥΗΣ ΜΟΝΟ;;;;;
4394;X667507;ΛΑΠΑΡΟΣΚΟΠΗΣΗ, ΧΕΙΡΟΥΡΓΙΚΗ, ΓΑΣΤΡΙΚΗ ΠΕΡΙΟΡΙΣΤΙΚΗ ΕΠΕΜΒΑΣΗ, ΑΦΑΙΡΕΣΗ ΤΗΣ ΡΥΘΜΙΖΟΜΕΝΗΣ ΓΑΣΤΡΙΚΗΣ ΠΕΡΙΟΡΙΣΤΙΚΗΣ ΣΥΣΚΕΥΗΣ ΚΑΙ ΤΩΝ ΤΜΗΜΑΤΩΝ ΥΠΟΔΕΡΜΙΚΗΣ ΘΥΡΑΣ;;;;;
4395;X667559;ΠΥΛΩΡΟΠΛΑΣΤΙΚΗ;;;;;
4396;X667579;ΓΑΣΤΡΟΔΩΔΕΚΑΔΑΚΤΥΛΟΣΤΟΜΙΑ;;;;;
4397;X667599;ΓΑΣΤΡΟΝΗΣΤΙΔΟΣΤΟΜΙΑ, ΧΩΡΙΣ ΒΑΓΟΤΟΜΗ;;;;;
4398;X667609;ΓΑΣΤΡΟΝΗΣΤΙΔΟΣΤΟΜΙΑ, ΜΕ ΒΑΓΟΤΟΜΗ, ΟΠΟΙΟΣΔΗΠΟΤΕ ΤΥΠΟΣ;;;;;
4399;X667619;ΓΑΣΤΡΟΣΤΟΜΙΑ, ΑΝΟΙΚΤΗ, ΧΩΡΙΣ ΚΑΤΑΣΚΕΥΗ ΓΑΣΤΡΙΚΟΥ ΣΩΛΗΝΑ (Π.Χ., ΕΠΕΜΒΑΣΗ STAMM) (ΞΕΧΩΡΙΣΤΗ ΕΠΕΜΒΑΣΗ);;;;;
4400;X667621;"ΓΑΣΤΡΟΣΤΟΜΙΑ, ΑΝΟΙΚΤΗ; ΝΕΟΓΝΙΚΗ, ΓΙΑ ΔΙΑΤΡΟΦΗ";;;;;
4401;X667623;ΓΑΣΤΡΟΣΤΟΜΙΑ, ΑΝΟΙΚΤΗ, ΜΕ ΚΑΤΑΣΚΕΥΗ ΓΑΣΤΡΙΚΟΥ ΣΩΛΗΝΑ (Π.Χ., ΕΠΕΜΒΑΣΗ ΤΥΠΟΥ  JANEWAY);;;;;
4402;X667639;ΓΑΣΤΡΟΡΡΑΦΗ, ΣΥΡΡΑΦΗ ΔΙΑΤΙΤΡΑΙΝΟΝΤΟΣ ΔΩΔΕΚΑΔΑΚΤΥΛΙΚΟΥ Ή ΓΑΣΤΡΙΚΟΥ ΕΛΚΟΥΣ, ΠΛΗΓΗΣ, Ή ΤΡΑΥΜΑΤΟΣ;;;;;
4403;X667643;"ΓΑΣΤΡΙΚΗ ΠΕΡΙΟΡΙΣΤΙΚΗ ΕΠΕΜΒΑΣΗ, ΧΩΡΙΣ ΓΑΣΤΡΙΚΗ ΠΑΡΑΚΑΜΨΗ, ΓΙΑ ΝΟΣΟΓΟΝΟ ΠΑΧΥΣΑΡΚΙΑ; ΓΑΣΤΡΟΠΛΑΣΤΙΚΗ ΜΕ ΚΑΘΕΤΕΣ ΤΑΙΝΙΕΣ";;;;;
4404;X667645;ΓΑΣΤΡΙΚΗ ΠΕΡΙΟΡΙΣΤΙΚΗ ΕΠΕΜΒΑΣΗ, ΧΩΡΙΣ ΓΑΣΤΡΙΚΗ ΠΑΡΑΚΑΜΨΗ, ΓΙΑ ΝΟΣΟΓΟΝΟ ΠΑΧΥΣΑΡΚΙΑ, ΜΕ ΑΛΛΗ ΔΙΑΔΙΚΑΣΙΑ ΕΚΤΟΣ ΤΗΣ ΓΑΣΤΡΟΠΛΑΣΤΙΚΗΣ ΜΕ ΚΑΘΕΤΕΣ ΤΑΙΝΙΕΣ;;;;;
4405;X667649;ΓΑΣΤΡΙΚΗ ΠΕΡΙΟΡΙΣΤΙΚΗ ΕΠΕΜΒΑΣΗ ΜΕ ΜΕΡΙΚΗ ΓΑΣΤΡΕΚΤΟΜΗ, ΔΩΔΕΚΑΔΑΚΤΥΛΟΣΤΟΜΙΑ ΜΕ ΔΙΑΤΗΡΗΣΗ ΤΟΥ ΠΥΛΩΡΟΥ ΚΑΙ ΕΙΛΕΟΕΙΛΕΟΣΤΟΜΙΑ (ΚΟΙΝΗ ΟΔΟΣ 50 ΩΣ 100 ΕΚ) ΓΙΑ ΠΕΡΙΟΡΙΣΜΟ ΑΠΟΡΡΟΦΗΣΗΣ (ΧΟΛΟΠΑΓΚΡΕΑΤΙΚΗ ΠΑΡΑΚΑΜΨΗ ΜΕ ΑΛΛΑΓΗ ΔΙΕΥΘΥΝΣΗΣ ΔΩΔΕΚΑΔΑΚΤΥΛΟΥ);;;;;
4406;X667651;ΓΑΣΤΡΙΚΗ ΠΕΡΙΟΡΙΣΤΙΚΗ ΕΠΕΜΒΑΣΗ, ΜΕ ΓΑΣΤΡΙΚΗ ΠΑΡΑΚΑΜΨΗ, ΓΙΑ ΝΟΣΟΓΟΝΟ ΠΑΧΥΣΑΡΚΙΑ, ΜΕ ΒΡΑΧΥ ΧΕΙΛΟΣ (150 ΕΚ. Ή ΛΙΓΟΤΕΡΟ) ΓΑΣΤΡΕΝΤΕΡΟΣΤΟΜΙΑ ROUX-EN-Y;;;;;
4407;X667653;ΓΑΣΤΡΙΚΗ ΠΕΡΙΟΡΙΣΤΙΚΗ ΕΠΕΜΒΑΣΗ, ΜΕ ΓΑΣΤΡΙΚΗ ΠΑΡΑΚΑΜΨΗ, ΓΙΑ ΝΟΣΟΓΟΝΟ ΠΑΧΥΣΑΡΚΙΑ, ΜΕ ΑΝΑΚΑΤΑΣΚΕΥΗ ΤΟΥ ΛΕΠΤΟΥ ΕΝΤΕΡΟΥ ΓΙΑ ΤΟΝ ΠΕΡΙΟΡΙΣΜΟ ΑΠΟΡΡΟΦΗΣΗΣ;;;;;
4408;X667655;ΑΝΑΘΕΩΡΗΣΗ,ΑΝΟΙΚΤΗ, ΤΗΣ ΓΑΣΤΡΙΚΗΣ ΠΕΡΙΟΡΙΣΤΙΚΗΣ ΕΠΕΜΒΑΣΗΣ ΓΙΑ ΝΟΣΟΓΟΝΟ ΠΑΧΥΣΑΡΚΙΑ, ΕΚΤΟΣ ΤΗΣ ΡΥΘΜΙΖΟΜΕΝΗΣ ΓΑΣΤΡΙΚΗΣ ΠΕΡΙΟΡΙΣΤΙΚΗΣ ΣΥΣΚΕΥΗΣ (ΞΕΧΩΡΙΣΤΗ ΕΠΕΜΒΑΣΗ);;;;;
4409;X667659;ΑΝΑΘΕΩΡΗΣΗ ΤΗΣ ΓΑΣΤΡΟΔΩΔΕΚΑΔΑΚΤΥΛΙΚΗΣ ΑΝΑΣΤΟΜΩΣΗΣ (ΓΑΣΤΡΟΔΩΔΕΚΑΔΑΚΤΥΛΟΣΤΟΜΙΑ) ΜΕ ΑΝΑΚΑΤΑΣΚΕΥΗ, ΧΩΡΙΣ ΒΑΓΟΤΟΜΗ;;;;;
4410;X667669;ΑΠΟΚΑΤΑΣΤΑΣΗ ΤΗΣ ΓΑΣΤΡΟΔΩΔΕΚΑΔΑΚΤΥΛΙΚΗΣ ΑΝΑΣΤΟΜΩΣΗΣ (ΓΑΣΤΡΟΔΩΔΕΚΑΔΑΚΤΥΛΟΣΤΟΜΙΑ) ΜΕ ΑΝΑΚΑΤΑΣΚΕΥΗ, ΜΕ ΒΑΓΟΤΟΜΗ;;;;;
4411;X667679;ΑΠΟΚΑΤΑΣΤΑΣΗ ΤΗΣ ΓΑΣΤΡΟΝΗΣΤΙΔΙΚΗΣ ΑΝΑΣΤΟΜΩΣΗΣ (ΓΑΣΤΡΟΝΗΣΤΙΔΟΣΤΟΜΙΑ) ΜΕ ΑΝΑΚΑΤΑΣΚΕΥΗ, ΜΕ Ή ΧΩΡΙΣ ΜΕΡΙΚΗ ΓΑΣΤΡΕΚΤΟΜΗ Ή ΕΝΤΕΡΙΚΗ ΕΚΤΟΜΗ, ΧΩΡΙΣ ΒΑΓΟΤΟΜΗ;;;;;
4412;X667689;"ΑΠΟΚΑΤΑΣΤΑΣΗ ΤΗΣ ΓΑΣΤΡΟΝΗΣΤΙΔΙΚΗΣ ΑΝΑΣΤΟΜΩΣΗΣ (ΓΑΣΤΡΟΝΗΣΤΙΔΟΣΤΟΜΙΑ) ΜΕ ΑΝΑΚΑΤΑΣΚΕΥΗ, ΜΕ Ή ΧΩΡΙΣ ΜΕΡΙΚΗ ΓΑΣΤΡΕΚΤΟΜΗ Ή ΕΝΤΕΡΙΚΗ ΕΚΤΟΜΗ; ΜΕ ΒΑΓΟΤΟΜΗ";;;;;
4413;X667699;ΣΥΓΚΛΕΙΣΗ ΓΑΣΤΡΟΣΤΟΜΙΑΣ, ΧΕΙΡΟΥΡΓΙΚΗ;;;;;
4414;X667719;ΣΥΓΚΛΕΙΣΗ ΓΑΣΤΡΟΚΟΛΙΚΟΥ ΣΥΡΙΓΓΙΟΥ;;;;;
4415;X667721;ΕΜΦΥΤΕΥΣΗ Ή ΑΝΤΙΚΑΤΑΣΤΑΣΗ ΓΑΣΤΡΙΚΩΝ ΝΕΥΡΟΔΙΕΓΕΡΤΙΚΩΝ ΗΛΕΚΤΡΟΔΙΩΝ, ΑΝΤΡΟ, ΑΝΟΙΚΤΗ;;;;;
4416;X667723;ΑΠΟΚΑΤΑΣΤΑΣΗ Ή ΑΦΑΙΡΕΣΗ ΓΑΣΤΡΙΚΩΝ ΝΕΥΡΟΔΙΕΓΕΡΤΙΚΩΝ ΗΛΕΚΤΡΟΔΙΩΝ, ΑΝΤΡΟ, ΑΝΟΙΚΤΗ;;;;;
4417;X667731;ΓΑΣΤΡΙΚΗ ΠΕΡΙΟΡΙΣΤΙΚΗ ΕΠΕΜΒΑΣΗ, ΑΝΟΙΚΤΗ, ΑΠΟΚΑΤΑΣΤΑΣΗ ΜΟΝΟ ΤΟΥ ΤΜΗΜΑΤΟΣ  ΥΠΟΔΕΡΜΙΚΗΣ ΘΥΡΑΣ;;;;;
4418;X667733;ΓΑΣΤΡΙΚΗ ΠΕΡΙΟΡΙΣΤΙΚΗ ΕΠΕΜΒΑΣΗ, ΑΝΟΙΚΤΗ, ΑΦΑΙΡΕΣΗ ΜΟΝΟ ΤΟΥ ΤΜΗΜΑΤΟΣ  ΥΠΟΔΕΡΜΙΚΗΣ ΘΥΡΑΣ;;;;;
4419;X667735;ΓΑΣΤΡΙΚΗ ΠΕΡΙΟΡΙΣΤΙΚΗ ΕΠΕΜΒΑΣΗ, ΑΝΟΙΚΤΗ, ΑΦΑΙΡΕΣΗ ΚΑΙ ΑΝΤΙΚΑΤΑΣΤΑΣΗ ΜΟΝΟ ΤΟΥ ΤΜΗΜΑΤΟΣ ΥΠΟΔΕΡΜΙΚΗΣ ΘΥΡΑΣ;;;;;
4420;X667957;ΜΗ ΚΑΤΑΓΕΓΡΑΜΜΕΝΗ ΔΙΑΔΙΚΑΣΙΑ, ΣΤΟΜΑΧΙ;;;;;
4421;X667969;ΕΝΤΕΡΟΛΥΣΗ (ΛΥΣΗ ΕΝΤΕΡΙΚΗΣ ΣΥΜΦΥΣΗΣ) (ΞΕΧΩΡΙΣΤΗ ΕΠΕΜΒΑΣΗ);;;;;
4422;X667979;ΔΩΔΕΚΑΔΑΚΤΥΛΟΤΟΜΗ, ΓΙΑ ΔΙΕΡΕΥΝΗΣΗ, ΒΙΟΨΙΑ(ΕΣ), Ή ΑΦΑΙΡΕΣΗ ΞΕΝΟΥ ΣΩΜΑΤΟΣ;;;;;
Β.19;ΠΕΡΙΟΧΗ ΚΑΤΩΤΕΡΟΥ ΠΕΠΤΙΚΟΥ;;;;;;
4423;X667989;ΝΗΣΤΙΔΟΣΤΟΜΙΑ ΜΕ ΣΩΛΗΝΑ Ή ΚΑΘΕΤΗΡΑ ΜΕ ΒΕΛΟΝΑ ΓΙΑ ΕΝΤΕΡΙΚΗ ΣΙΤΙΣΗ, ΕΝΔΟΕΓΧΕΙΡΙΤΙΚΗ, ΟΠΟΙΑΔΗΠΟΤΕ ΜΕΘΟΔΟΣ (ΝΑ ΚΑΤΑΓΡΑΦΕΤΑΙ ΞΕΧΩΡΙΣΤΑ ΕΠΙΠΛΕΟΝ ΤΗΣ ΒΑΣΙΚΗΣ  ΔΙΑΔΙΚΑΣΙΑΣ);;;;;
4424;X667999;ΕΝΤΕΡΟΤΟΜΗ, ΛΕΠΤΟ ΕΝΤΕΡΟ, ΕΚΤΟΣ ΤΟΥ ΔΩΔΕΚΑΔΑΚΤΥΛΟΥ, ΓΙΑ ΔΙΕΡΕΥΝΗΣΗ, ΒΙΟΨΙΑ(ΕΣ), Ή ΑΦΑΙΡΕΣΗ ΞΕΝΟΥ ΣΩΜΑΤΟΣ;;;;;
4425;X668001;ΕΝΤΕΡΟΤΟΜΗ, ΛΕΠΤΟ ΕΝΤΕΡΟ, ΕΚΤΟΣ ΤΟΥ ΔΩΔΕΚΑΔΑΚΤΥΛΟΥ, ΓΙΑ ΑΠΟΣΥΜΠΙΕΣΗ (Π.Χ., ΣΩΛΗΝΑΣ BAKER);;;;;
4426;X668009;ΚΟΛΟΤΟΜΙΑ, ΓΙΑ ΔΙΕΡΕΥΝΗΣΗ, ΒΙΟΨΙΑ(ΕΣ), Ή ΑΦΑΙΡΕΣΗ ΞΕΝΟΥ ΣΩΜΑΤΟΣ;;;;;
4427;X668059;ΑΝΑΤΑΞΗ ΣΥΣΤΡΟΦΗΣ, ΕΓΚΟΛΕΑΣΜΟΥ, ΕΣΩΤΕΡΙΚΗΣ ΚΗΛΗΣ, ΜΕ ΛΑΠΑΡΟΤΟΜΙΑ;;;;;
4428;X668069;ΔΙΟΡΘΩΣΗ ΣΥΣΤΡΟΦΗΣ ΜΕ ΛΥΣΗΣ ΤΟΥ ΔΩΔΕΚΑΔΑΚΤΥΛΙΚΩΝ ΣΥΜΦΥΣΕΩΝ ΚΑΙ/Ή ΑΝΑΤΑΞΗ ΜΕΣΕΝΤΕΡΙΑΣ ΣΥΣΤΡΟΦΗΣ (Π.Χ., ΕΠΕΜΒΑΣΗ LADD);;;;;
4429;X668159;ΒΙΟΨΙΑ ΤΟΥ ΕΝΤΕΡΟΥ ΜΕ ΚΑΨΟΥΛΑ, ΣΩΛΗΝΑ, ΔΙΑΣΤΟΜΑΤΙΚΗ (ΕΝΑ Ή ΠΕΡΙΣΣΟΤΕΡΑ ΔΕΙΓΜΑΤΑ);;;;;
4430;X668179;ΕΚΤΟΜΗ ΜΙΑΣ Ή ΠΕΡΙΣΣΟΤΕΡΩΝ ΒΛΑΒΩΝ ΤΟΥ ΛΕΠΤΟΥ Ή ΤΟΥ ΠΑΧΕΩΣ ΕΝΤΕΡΟΥ ΠΟΥ ΔΕΝ ΑΠΑΙΤΕΙ ΑΝΑΣΤΟΜΩΣΗ, ΕΞΩΤΕΡΙΚΕΥΣΗ, Ή ΣΥΡΙΓΓΟΠΟΙΗΣΗ, ΜΙΑ ΕΝΤΕΡOΤΟΜΗ;;;;;
4431;X668181;ΕΚΤΟΜΗ ΜΙΑΣ Ή ΠΕΡΙΣΣΟΤΕΡΩΝ ΒΛΑΒΩΝ ΤΟΥ ΛΕΠΤΟΥ Ή ΤΟΥ ΠΑΧΕΩΣ ΕΝΤΕΡΟΥ ΠΟΥ ΔΕΝ ΑΠΑΙΤΕΙ ΑΝΑΣΤΟΜΩΣΗ, ΕΞΩΤΕΡΙΚΕΥΣΗ, Ή ΣΥΡΙΓΓΟΠΟΙΗΣΗ, ΠΟΛΛΑΠΛΕΣ ΕΝΤΕΡOΤΟΜΕΣ;;;;;
4432;X668199;ΕΝΤΕΡΕΚΤΟΜΗ, ΑΦΑΙΡΕΣΗ  ΛΕΠΤΟΥ ΕΝΤΕΡΟΥ, ΜΙΑ ΑΦΑΙΡΕΣΗ ΚΑΙ ΑΝΑΣΤΟΜΩΣΗ;;;;;
4433;X668201;ΕΝΤΕΡΕΚΤΟΜΗ, ΑΦΑΙΡΕΣΗ ΛΕΠΤΟΥ ΕΝΤΕΡΟΥ, ΚΑΘΕ ΕΠΙΠΡΟΣΘΕΤΗ ΑΦΑΙΡΕΣΗ ΚΑΙ ΑΝΑΣΤΟΜΩΣΗ (ΝΑ ΚΑΤΑΓΡΑΦΕΤΑΙ ΞΕΧΩΡΙΣΤΑ ΕΠΙΠΛΕΟΝ ΤOY ΚΩΔΙΚΟΥ ΤΗΣ ΒΑΣΙΚΗΣ ΔΙΑΔΙΚΑΣΙΑΣ);;;;;
4434;X668209;ΕΝΤΕΡΕΚΤΟΜΗ, ΑΦΑΙΡΕΣΗ ΛΕΠΤΟΥ ΕΝΤΕΡΟΥ, ΜΕ ΕΝΤΕΡΟΣΤΟΜΙΑ;;;;;
4435;X668211;ΕΝΤΕΡΕΚΤΟΜΗ, ΑΦΑΙΡΕΣΗ ΛΕΠΤΟΥ ΕΝΤΕΡΟΥ ΓΙΑ ΣΥΓΓΕΝΗ ΑΤΡΗΣΙΑ, ΜΟΝΗ ΑΦΑΙΡΕΣΗ ΚΑΙ ΑΝΑΣΤΟΜΩΣΗ ΤΟΥ ΕΓΓΕΩΣ ΤΜΗΜΑΤΟΣ ΤΟΥ ΕΝΤΕΡΟΥ, ΧΩΡΙΣ ΕΠΙΜΗΚΥΝΣΗ ΜΕ ΧΡΗΣΗ ΤΟΥ ΔΙΑΤΕΤΑΜΕΝΟΥ ΕΝΤΕΡΟΥ;;;;;
4436;X668213;ΕΝΤΕΡΕΚΤΟΜΗ, ΑΦΑΙΡΕΣΗ ΛΕΠΤΟΥ ΕΝΤΕΡΟΥ ΓΙΑ ΣΥΓΓΕΝΗ ΑΤΡΗΣΙΑ, ΜΟΝΗ ΑΦΑΙΡΕΣΗ ΚΑΙ ΑΝΑΣΤΟΜΩΣΗ ΤΟΥ ΕΓΓΕΩΣ ΤΜΗΜΑΤΟΣ ΤΟΥ ΕΝΤΕΡΟΥ, ΜΕ ΕΠΙΜΗΚΥΝΣΗ ΜΕ ΧΡΗΣΗ ΤΟΥ ΔΙΑΤΕΤΑΜΕΝΟΥ ΕΝΤΕΡΟΥ;;;;;
4437;X668215;ΕΝΤΕΡΕΚΤΟΜΗ, ΑΦΑΙΡΕΣΗ ΛΕΠΤΟΥ ΕΝΤΕΡΟΥ ΓΙΑ ΣΥΓΓΕΝΗ ΑΤΡΗΣΙΑ, ΜΟΝΗ ΑΦΑΙΡΕΣΗ ΚΑΙ ΑΝΑΣΤΟΜΩΣΗ ΤΟΥ ΕΓΓΕΩΣ ΤΜΗΜΑΤΟΣ ΤΟΥ ΕΝΤΕΡΟΥ, ΚΑΘΕ ΕΠΙΠΡΟΣΘΕΤΗ ΑΦΑΙΡΕΣΗ ΚΑΙ ΑΝΑΣΤΟΜΩΣΗ (ΝΑ ΚΑΤΑΓΡΑΦΕΤΑΙ ΞΕΧΩΡΙΣΤΑ ΕΠΙΠΛΕΟΝ ΤΟΥ ΚΩΔΙΚΟΥ ΤΗΣ ΒΑΣΙΚΗΣ ΔΙΑΔΙΚΑΣΙΑΣ);;;;;
4438;X668219;ΕΝΤΕΡΟΕΝΤΕΡΟΣΤΟΜΙΑ, ΑΝΑΣΤΟΜΩΣΗ ΕΝΤΕΡΟΥ, ΜΕ Ή ΧΩΡΙΣ ΔΕΡΜΑΤΙΚΗ ΕΝΤΕΡΟΣΤΟΜΙΑ (ΞΕΧΩΡΙΣΤΗ ΕΠΕΜΒΑΣΗ);;;;;
4439;X668223;ΕΝΤΕΡΕΚΤΟΜΗ ΔΟΤΗ (ΣΥΜΠΕΡΙΛΑΒΑΝΟΜΕΝΗΣ ΚΡΥΟΣΥΝΤΗΡΗΣΗΣ), ΑΝΟΙΚΤΗ, ΑΠΟ ΠΤΩΜΑΤΙΚΟ  ΔΟΤΗ;;;;;
4440;X668225;ΕΝΤΕΡΕΚΤΟΜΗ ΔΟΤΗ (ΣΥΜΠΕΡΙΛΑΒΑΝΟΜΕΝΗΣ ΚΡΥΟΣΥΝΤΗΡΗΣΗΣ), ΑΝΟΙΚΤΗ, ΜΕΡΙΚΗ, ΑΠΟ ΖΩΝΤΑΝΟ ΔΟΤΗ;;;;;
4441;X668229;ΕΝΤΕΡΙΚΗ ΑΛΛΟΜΕΤΑΜΟΣΧΕΥΣΗ, ΑΠΟ ΠΤΩΜΑΤΙΚΟ ΔΟΤΗ;;;;;
4442;X668231;ΕΝΤΕΡΙΚΗ ΑΛΛΟΜΕΤΑΜΟΣΧΕΥΣΗ, ΑΠΟ ΖΩΝΤΑΝΟ ΔΟΤΗ;;;;;
4443;X668233;ΑΦΑΙΡΕΣΗ ΜΕΤΑΜΟΣΧΕΥΜΕΝΟΥ ΕΝΤΕΡΙΚΟΥ ΑΛΛΟΜΟΣΧΕΥΜΑΤΟΣ, ΠΛΗΡΗΣ;;;;;
4444;X668237;ΚΙΝΗΤΟΠΟΙΗΣΗ ΤΗΣ ΣΠΛΗΝΙΚΗΣ ΚΑΜΠΗΣ, ΕΚΤΕΛΟΥΜΕΝΗ ΣΕ ΣΥΝΔΥΑΣΜΟ ΜΕ ΜΕΡΙΚΗ ΚΟΛΕΚΤΟΜΗ (ΝΑ ΚΑΤΑΓΡΑΦΕΤΑΙ ΞΕΧΩΡΙΣΤΑ ΕΠΙΠΛΕΟΝ ΤΗΣ ΒΑΣΙΚΗΣ ΕΠΕΜΒΑΣΗΣ);;;;;
4445;X668239;ΚΟΛΕΚΤΟΜΗ, ΜΕΡΙΚΗ, ΜΕ ΑΝΑΣΤΟΜΩΣΗ;;;;;
4446;X668241;ΚΟΛΕΚΤΟΜΗ, ΜΕΡΙΚΗ, ΜΕ ΔΕΡΜΑΤΙΚΗ ΤΥΦΛΟΣΤΟΜΙΑ Ή ΚΟΛΟΣΤΟΜΙΑ;;;;;
4447;X668245;"ΚΟΛΕΚΤΟΜΗ, ΜΕΡΙΚΗ; ΜΕ ΤΕΛΙΚΗ ΚΟΛΟΣΤΟΜΙΑ ΚΑΙ ΣΥΓΚΛΕΙΣΗ ΤΟΥ ΠΕΡΙΦΕΡΙΚΟΥ ΤΜΗΜΑΤΟΣ (ΕΠΕΜΒΑΣΗ ΤΥΠΟΥ HARTMANN)";;;;;
4448;X668247;ΚΟΛΕΚΤΟΜΗ, ΜΕΡΙΚΗ, ΜΕ ΑΦΑΙΡΕΣΗ, ΜΕ ΚΟΛΟΣΤΟΜΙΑ Ή ΕΙΛΕΟΣΤΟΜΙΑ ΚΑΙ ΔΗΜΙΟΥΡΓΙΑ ΣΥΡΙΓΓΙΟΥ ΒΛΕΝΝΟΓΟΝΟΥ;;;;;
4449;X668249;ΚΟΛΕΚΤΟΜΗ, ΜΕΡΙΚΗ, ΜΕ ΚΟΛΟΠΡΩΚΤΟΣΤΟΜΙΑ (ΧΑΜΗΛΗ ΠΥΕΛΙΚΗ ΑΝΑΣΤΟΜΩΣΗ);;;;;
4450;X668251;ΚΟΛΕΚΤΟΜΗ, ΜΕΡΙΚΗ, ΜΕ ΚΟΛΟΠΡΩΚΤΟΣΤΟΜΙΑ (ΧΑΜΗΛΗ ΠΥΕΛΙΚΗ ΑΝΑΣΤΟΜΩΣΗ), ΜΕ ΚΟΛΟΣΤΟΜΙΑ;;;;;
4451;X668253;ΚΟΛΕΚΤΟΜΗ, ΜΕΡΙΚΗ, ΚΟΙΛΙΑΚΗ ΚΑΙ ΔΙΑΠΡΩΚΤΙΚΗ ΠΡΟΣΕΓΓΙΣΗ;;;;;
4452;X668259;"ΚΟΛΕΚΤΟΜΗ, ΟΛΙΚΗ, ΚΟΙΛΙΑΚΗ, ΧΩΡΙΣ ΠΡΩΚΤΕΚΤΟΜΗ; ΜΕ ΕΙΛΕΟΣΤΟΜΙΑ Ή ΕΙΛΕΟΠΡΩΚΤΟΣΤΟΜΙΑ";;;;;
4453;X668261;ΚΟΛΕΚΤΟΜΗ, ΟΛΙΚΗ, ΚΟΙΛΙΑΚΗ, ΧΩΡΙΣ ΠΡΩΚΤΕΚΤΟΜΗ, ΜΕ ΕΓΚΡΑΤΗ ΕΙΛΕΟΣΤΟΜΙΑ;;;;;
4454;X668269;ΚΟΛΕΚΤΟΜΗ, ΟΛΙΚΗ, ΚΟΙΛΙΑΚΗ, ΜΕ ΠΡΩΚΤΕΚΤΟΜΗ, ΜΕ ΕΙΛΕΟΣΤΟΜΙΑ;;;;;
4455;X668271;"ΚΟΛΕΚΤΟΜΗ, ΟΛΙΚΗ, ΚΟΙΛΙΑΚΗ, ΜΕ ΠΡΩΚΤΕΚΤΟΜΗ;, ΜΕ ΕΓΚΡΑΤΗ ΕΙΛΕΟΣΤΟΜΙΑ";;;;;
4456;X668273;ΚΟΛΕΚΤΟΜΗ, ΟΛΙΚΗ, ΚΟΙΛΙΑΚΗ, ΜΕ ΠΡΩΚΤΕΚΤΟΜΗ, ΜΕ ΕΙΛΕΟΠΡΩΚΤΙΚΗ ΑΝΑΣΤΟΜΩΣΗ, ΠΕΡΙΛΑΜΒΑΝΕΙ ΕΙΛΕΟΣΤΟΜΙΑ ΕΛΙΚΑΣ, ΚΑΙ ΒΛΕΝΝΕΚΤΟΜΗ ΤΟΥ ΟΡΘΟΥ, ΟΤΑΝ ΕΚΤΕΛΕΙΤΑΙ;;;;;
4457;X668275;ΚΟΛΕΚΤΟΜΗ, ΟΛΙΚΗ, ΚΟΙΛΙΑΚΗ, ΜΕ ΠΡΩΚΤΕΚΤΟΜΗ, ΜΕ ΕΙΛΕΟΠΡΩΚΤΙΚΗ ΑΝΑΣΤΟΜΩΣΗ, ΔΗΜΙΟΥΡΓΙΑ ΕΙΛΕΪΚΗΣ ΔΕΞΑΜΕΝΗΣ (S Ή J), ΠΕΡΙΛΑΜΒΑΝΕΙ ΕΙΛΕΟΣΤΟΜΙΑ ΕΛΙΚΑΣ, ΚΑΙ ΒΛΕΝΝΕΚΤΟΜΗ ΤΟΥ ΟΡΘΟΥ, ΟΤΑΝ ΕΚΤΕΛΕΙΤΑΙ;;;;;
4458;X668279;ΚΟΛΕΚΤΟΜΗ, ΜΕΡΙΚΗ, ΜΕ ΑΦΑΙΡΕΣΗ ΤΟΥ ΤΕΛΙΚΟΥ ΕΙΛΕΟΥ ΜΕ ΕΙΛΕΟΚΟΛΟΣΤΟΜΙΑ;;;;;
4459;X668319;ΛΑΠΑΡΟΣΚΟΠΙΚΗ, ΧΕΙΡΟΥΡΓΙΚΗ, ΕΝΤΕΡΟΛΥΣΗ (ΛΥΣΗ ΕΝΤΕΡΙΚΗΣ ΣΥΜΦΥΣΗΣ) (ΞΕΧΩΡΙΣΤΗ ΕΠΕΜΒΑΣΗ);;;;;
4460;X668331;ΛΑΠΑΡΟΣΚΟΠΗΣΗ, ΧΕΙΡΟΥΡΓΙΚΗ, ΝΗΣΤΙΔΟΣΤΟΜΙΑ (Π.Χ., ΓΙΑ ΑΠΟΣΥΜΠΙΕΣΗ Ή ΣΙΤΙΣΗ);;;;;
4461;X668333;ΛΑΠΑΡΟΣΚΟΠΗΣΗ, ΧΕΙΡΟΥΡΓΙΚΗ, ΕΙΛΕΟΣΤΟΜΙΑ Ή ΝΗΣΤΙΔΟΣΤΟΜΙΑ, ΑΝΕΥ ΣΩΛΗΝΑ;;;;;
4462;X668335;ΛΑΠΑΡΟΣΚΟΠΗΣΗ, ΧΕΙΡΟΥΡΓΙΚΗ, ΚΟΛΟΣΤΟΜΙΑ Ή ΔΕΡΜΑΤΙΚΗ ΤΥΦΛΟΣΤΟΜΙΑ;;;;;
4463;X668363;"ΛΑΠΑΡΟΣΚΟΠΗΣΗ, ΧΕΙΡΟΥΡΓΙΚΗ; ΕΝΤΕΡΕΚΤΟΜΗ, ΑΦΑΙΡΕΣΗ ΛΕΠΤΟΥ ΕΝΤΕΡΟΥ, ΜΙΑ ΑΦΑΙΡΕΣΗ ΚΑΙ ΑΝΑΣΤΟΜΩΣΗ";;;;;
4464;X668365;ΛΑΠΑΡΟΣΚΟΠΗΣΗ, ΧΕΙΡΟΥΡΓΙΚΗ, ΚΑΘΕ ΕΠΙΠΡΟΣΘΕΤΗ ΑΦΑΙΡΕΣΗ ΛΕΠΤΟΥ ΕΝΤΕΡΟΥ ΚΑΙ ΑΝΑΣΤΟΜΩΣΗ (ΝΑ ΚΑΤΑΓΡΑΦΕΤΑΙ ΞΕΧΩΡΙΣΤΑ ΕΠΙΠΛΕΟΝ ΤΟΥ ΚΩΔΙΚΟΥ ΤΗΣ ΒΑΣΙΚΗΣ ΕΠΕΜΒΑΣΗΣ);;;;;
4465;X668367;ΛΑΠΑΡΟΣΚΟΠΗΣΗ, ΧΕΙΡΟΥΡΓΙΚΗ, ΚΟΛΕΚΤΟΜΗ, ΜΕΡΙΚΗ, ΜΕ ΑΝΑΣΤΟΜΩΣΗ;;;;;
4466;X668369;ΛΑΠΑΡΟΣΚΟΠΗΣΗ, ΧΕΙΡΟΥΡΓΙΚΗ, ΚΟΛΕΚΤΟΜΗ, ΜΕΡΙΚΗ, ΜΕ ΑΦΑΙΡΕΣΗ ΤΟΥ ΤΕΛΙΚΟΥ ΕΙΛΕΟΥ ΜΕ ΕΙΛΕΟΣΤΟΜΙΑ;;;;;
4467;X668371;ΛΑΠΑΡΟΣΚΟΠΗΣΗ, ΧΕΙΡΟΥΡΓΙΚΗ, ΚΟΛΕΚΤΟΜΗ, ΜΕΡΙΚΗ, ΜΕ ΤΕΛΙΚΗ ΚΟΛΟΣΤΟΜΙΑ ΚΑΙ ΣΥΓΚΛΕΙΣΗ ΤΟΥ ΠΕΡΙΦΕΡΙΚΟΥ ΤΜΗΜΑΤΟΣ (ΕΠΕΜΒΑΣΗ ΤΥΠΟΥ HARTMANN);;;;;
4468;X668373;ΛΑΠΑΡΟΣΚΟΠΗΣΗ, ΧΕΙΡΟΥΡΓΙΚΗ, ΚΟΛΕΚΤΟΜΗ, ΜΕΡΙΚΗ, ΜΕ ΑΝΑΣΤΟΜΩΣΗ, ΜΕ ΚΟΛΟΠΡΩΚΤΟΣΤΟΜΙΑ (ΧΑΜΗΛΗ ΠΥΕΛΙΚΗ ΑΝΑΣΤΟΜΩΣΗ);;;;;
4469;X668375;ΛΑΠΑΡΟΣΚΟΠΗΣΗ, ΧΕΙΡΟΥΡΓΙΚΗ, ΚΟΛΕΚΤΟΜΗ, ΜΕΡΙΚΗ, ΜΕ ΑΝΑΣΤΟΜΩΣΗ, ΜΕ ΚΟΛΟΠΡΩΚΤΟΣΤΟΜΙΑ (ΧΑΜΗΛΗ ΠΥΕΛΙΚΗ ΑΝΑΣΤΟΜΩΣΗ) ΜΕ ΚΟΛΟΣΤΟΜΙΑ;;;;;
4470;X668379;"ΛΑΠΑΡΟΣΚΟΠΗΣΗ, ΧΕΙΡΟΥΡΓΙΚΗ; ΚΟΛΕΚΤΟΜΗ, ΟΛΙΚΗ, ΚΟΙΛΙΑΚΗ, ΧΩΡΙΣ ΠΡΩΚΤΕΚΤΟΜΗ, ΜΕ ΕΙΛΕΟΣΤΟΜΙΑ Ή ΕΙΛΕΟΠΡΩΚΤΟΣΤΟΜΙΑ";;;;;
4471;X668381;ΛΑΠΑΡΟΣΚΟΠΗΣΗ, ΧΕΙΡΟΥΡΓΙΚΗ, ΚΟΛΕΚΤΟΜΗ, ΟΛΙΚΗ, ΚΟΙΛΙΑΚΗ, ΜΕ ΠΡΩΚΤΕΚΤΟΜΗ, ΜΕ ΕΙΛΕΟΠΡΩΚΤΙΚΗ ΑΝΑΣΤΟΜΩΣΗ, ΔΗΜΙΟΥΡΓΙΑ ΕΙΛΕΪΚΗΣ ΔΕΞΑΜΕΝΗΣ(S Ή J), ΜΕ ΕΙΛΕΟΣΤΟΜΙΑ ΕΛΙΚΑΣ, ΠΕΡΙΛΑΜΒΑΝΕΙ ΒΛΕΝΝΕΚΤΟΜΗ ΤΟΥ ΟΡΘΟΥ, ΟΤΑΝ ΕΚΤΕΛΕΙΤΑΙ;;;;;
4472;X668383;ΛΑΠΑΡΟΣΚΟΠΗΣΗ, ΧΕΙΡΟΥΡΓΙΚΗ, ΚΟΛΕΚΤΟΜΗ, ΟΛΙΚΗ, ΚΟΙΛΙΑΚΗ, ΜΕ ΠΡΩΚΤΕΚΤΟΜΗ, ΜΕ ΕΙΛΕΟΣΤΟΜΙΑ;;;;;
4473;X668385;ΛΑΠΑΡΟΣΚΟΠΗΣΗ, ΧΕΙΡΟΥΡΓΙΚΗ, ΚΙΝΗΤΟΠΟΙΗΣΗ ΤΗΣ ΣΠΛΗΝΙΚΗΣ ΚΑΜΠΗΣ ΕΚΤΕΛΟΥΜΕΝΗ ΣΕ ΣΥΝΔΥΑΣΜΟ ΜΕ ΜΕΡΙΚΗ ΚΟΛΕΚΤΟΜΗ (ΝΑ ΚΑΤΑΓΡΑΦΕΤΑΙ ΞΕΧΩΡΙΣΤΑ ΕΠΙΠΛΕΟΝ ΤΗΣ ΒΑΣΙΚΗΣ ΕΠΕΜΒΑΣΗΣ);;;;;
4474;X668413;ΛΑΠΑΡΟΣΚΟΠΗΣΗ, ΧΕΙΡΟΥΡΓΙΚΗ, ΣΥΓΚΛΕΙΣΗ ΤΗΣ ΕΝΤΕΡΟΣΤΟΜΙΑΣ, ΠΑΧΥ Ή ΛΕΠΤΟ ΕΝΤΕΡΟ, ΜΕ ΑΦΑΙΡΕΣΗ ΚΑΙ ΑΝΑΣΤΟΜΩΣΗ;;;;;
4475;X668435;ΜΗ ΚΑΤΑΓΕΓΡΑΜΜΕΝΗ ΕΠΕΜΒΑΣΗ ΛΑΠΑΡΟΣΚΟΠΗΣΗΣ, ΕΝΤΕΡΟ (ΕΚΤΟΣ ΤΟΥ ΟΡΘΟΥ);;;;;
4476;X668559;ΤΟΠΟΘΕΤΗΣΗ , ΕΝΤΕΡΟΣΤΟΜΙΑ Ή ΤΥΦΛΟΣΤΟΜΙΑ, ΣΩΛΗΝΑΣ ΑΝΟΙΚΤΟΣ (Π.Χ., ΓΙΑ ΔΙΑΤΡΟΦΗ Ή ΑΠΟΣΥΜΠΙΕΣΗ) (ΞΕΧΩΡΙΣΤΗ ΕΠΕΜΒΑΣΗ);;;;;
4477;X668579;ΕΙΛΕΟΣΤΟΜΙΑ Ή ΝΗΣΤΙΔΟΣΤΟΜΙΑ, ΑΝΕΥ ΣΩΛΗΝΑ;;;;;
4478;X668583;ΑΠΟΚΑΤΑΣΤΑΣΗ ΕΙΛΕΟΣΤΟΜΙΑΣ, ΑΠΛΗ (ΕΠΑΝΟΡΘΩΣΗ ΕΠΙΦΑΝΕΙΑΚΗΣ ΟΥΛΗΣ) (ΞΕΧΩΡΙΣΤΗ ΕΠΕΜΒΑΣΗ);;;;;
4479;X668587;ΑΠΟΚΑΤΑΣΤΑΣΗ ΕΙΛΕΟΣΤΟΜΙΑΣ, ΣΥΝΘΕΤΗ (ΑΝΑΚΑΤΑΣΚΕΥΗ ΣΕ ΒΑΘΟΣ) (ΞΕΧΩΡΙΣΤΗ ΕΠΕΜΒΑΣΗ);;;;;
4480;X668591;ΕΓΚΡΑΤΗΣ ΕΙΛΕΟΣΤΟΜΙΑ (ΔΙΑΔΙΚΑΣΙΑ KOCK) (ΞΕΧΩΡΙΣΤΗ ΕΠΕΜΒΑΣΗ);;;;;
4481;X668599;ΚΟΛΟΣΤΟΜΙΑ Ή ΔΕΡΜΑΤΙΚΗ ΤΥΦΛΟΣΤΟΜΙΑ,;;;;;
4482;X668603;ΚΟΛΟΣΤΟΜΙΑ Ή ΔΕΡΜΑΤΙΚΗ ΤΥΦΛΟΣΤΟΜΙΑ, ΜΕ ΠΟΛΛΑΠΛΕΣ ΒΙΟΨΙΕΣ (Π.Χ., ΓΙΑ ΣΥΓΓΕΝΗ ΜΕΓΑΚΟΛΟ) (ΞΕΧΩΡΙΣΤΗ ΕΠΕΜΒΑΣΗ);;;;;
4483;X668639;ΑΠΟΚΑΤΑΣΤΑΣΗ ΚΟΛΟΣΤΟΜΙΑΣ, ΑΠΛΗ (ΕΠΑΝΟΡΘΩΣΗ ΕΠΙΦΑΝΕΙΑΚΗΣ ΟΥΛΗΣ) (ΞΕΧΩΡΙΣΤΗ ΕΠΕΜΒΑΣΗ);;;;;
4484;X668649;ΑΠΟΚΑΤΑΣΤΑΣΗ ΚΟΛΟΣΤΟΜΙΑΣ, ΣΥΝΘΕΤΗ (ΑΝΑΚΑΤΑΣΚΕΥΗ ΣΕ ΒΑΘΟΣ) (ΞΕΧΩΡΙΣΤΗ ΕΠΕΜΒΑΣΗ);;;;;
4485;X668651;ΑΠΟΚΑΤΑΣΤΑΣΗ ΚΟΛΟΣΤΟΜΙΑΣ, ΜΕ ΑΠΟΚΑΤΑΣΤΑΣΗ ΚΗΛΗΣ ΠΑΡΑΚΟΛΟΣΤΟΜΙΑΣ (ΞΕΧΩΡΙΣΤΗ ΕΠΕΜΒΑΣΗ);;;;;
4486;X668679;ΕΝΤΕΡΟΣΚΟΠΗΣΗ ΝΗΣΤΙΔΑΣ ΜΕ Ή ΧΩΡΙΣ ΣΥΛΛΟΓΗ ΔΕΙΓΜΑΤΟΣ(ΩΝ) ΜΕ ΒΟΥΡΤΣΙΣΜΑ Ή ΠΛΥΣΗ ;;;;;
4487;X668681;ΕΝΤΕΡΟΣΚΟΠΗΣΗ ΝΗΣΤΙΔΑΣ ΜΕ ΒΙΟΨΙΑ(ΕΣ);;;;;
4488;X668685;ΕΝΤΕΡΟΣΚΟΠΗΣΗ ΝΗΣΤΙΔΑΣ ΜΕ ΑΦΑΙΡΕΣΗ ΞΕΝΟΥ ΣΩΜΑΤΟΣ;;;;;
4489;X668687;ΕΝΤΕΡΟΣΚΟΠΗΣΗ ΝΗΣΤΙΔΑΣ ΜΕ ΑΦΑΙΡΕΣΗ ΟΓΚΟΥ(ΩΝ), ΠΟΛΥΠΟΔΑ(ΩΝ), Ή ΑΛΛΗΣ(ΩΝ) ΒΛΑΒΗΣ (ΩΝ) ΜΕ ΒΡΟΧΟ;;;;;
4490;X668689;ΕΝΤΕΡΟΣΚΟΠΗΣΗ ΝΗΣΤΙΔΑΣ ΜΕ ΑΦΑΙΡΕΣΗ ΟΓΚΟΥ(ΩΝ), ΠΟΛΥΠΟΔΑ(ΩΝ), Ή ΑΛΛΗΣ(ΩΝ) ΒΛΑΒΗΣ (ΩΝ) ΜΕΣΩ ΛΑΒΙΔΑΣ ΘΕΡΜΗΣ ΒΙΟΨΙΑΣ (HOT BIOPSY) Ή ΔΙΠΟΛΙΚΟΥ ΚΑΥΤΗΡΙΑΣΜΟΥ;;;;;
4491;X668691;ΕΝΤΕΡΟΣΚΟΠΗΣΗ ΝΗΣΤΙΔΑΣ ΜΕ ΕΛΕΓΧΟ ΑΙΜΟΡΡΑΓΙΑΣ (Π.Χ., ΕΓΧΥΣΗ, ΔΙΠΟΛΙΚΟΣ ΚΑΥΤΗΡΙΑΣΜΟΣ, ΜΟΝΟΠΟΛΙΚΟΣ ΚΑΥΤΗΡΙΑΣΜΟΣ, ΛΕΪΖΕΡ, ΘΕΡΜΙΚΟΣ ΚΑΘΕΤΗΡΑΣ, ΣΥΡΡΑΠΤΙΚΟ CLIP, ΑΡΓΟ ΠΛΑΣΜΑ);;;;;
4492;X668697;ΕΝΤΕΡΟΣΚΟΠΗΣΗ ΝΗΣΤΙΔΑΣ ΜΕ ΑΦΑΙΡΕΣΗ ΟΓΚΟΥ(ΩΝ), ΠΟΛΥΠΟΔΑ(ΩΝ), Ή ΑΛΛΗΣ(ΩΝ) ΒΛΑΒΗΣ (ΩΝ), ΜΗ ΥΠΟΚΕΙΜΕΝΗΣ(ΩΝ) ΣΕ ΑΦΑΙΡΕΣΗ ΜΕΣΩ ΛΑΒΙΔΑΣ ΘΕΡΜΗΣ ΒΙΟΨΙΑΣ (HOT BIOPSY), ΔΙΠΟΛΙΚΟΥ ΚΑΥΤΗΡΙΑΣΜΟΥ Ή ΤΕΧΝΙΚΗΣ ΒΡΟΧΟΥ;;;;;
4493;X668699;ΕΝΤΕΡΟΣΚΟΠΗΣΗ ΝΗΣΤΙΔΑΣ ΜΕ ΕΙΣΑΓΩΓΗ ΕΝΔΟΠΡΟΘΕΣΗΣ (ΜΕ Η ΧΩΡΙΣ ΔΙΑΣΤΟΛΗ);;;;;
4494;X668703;ΕΝΤΕΡΟΣΚΟΠΗΣΗ ΝΗΣΤΙΔΑΣ ΜΕ ΤΟΠΟΘΕΤΗΣΗ ΔΙΑΔΕΡΜΙΚΟΥ ΣΩΛΗΝΑ ΝΗΣΤΙΔΟΣΤΟΜΙΑΣ;;;;;
4495;X668705;ΕΝΤΕΡΟΣΚΟΠΗΣΗ ΝΗΣΤΙΔΑΣ ΜΕ ΜΕΤΑΤΡΟΠΗ ΤΗΣ ΔΙΑΔΕΡΜΙΚΗΣ ΓΑΣΤΡΟΣΤΟΜΙΑΣ ΣΕ ΔΙΑΔΕΡΜΙΚΗ ΓΑΣΤΡΟΝΗΣΤΙΔΟΣΤΟΜΙΑ;;;;;
4496;X668711;ΕΝΤΕΡΟΣΚΟΠΗΣΗ ΕΙΛΕΟΥ ΜΕ Ή ΧΩΡΙΣ ΣΥΛΛΟΓΗ ΔΕΙΓΜΑΤΟΣ(ΩΝ) ΜΕ ΒΟΥΡΤΣΙΣΜΑ Ή ΠΛΥΣΗ ;;;;;
4497;X668713;ΕΝΤΕΡΟΣΚΟΠΗΣΗ ΕΙΛΕΟΥ ΜΕ ΒΙΟΨΙΑ(ΕΣ);;;;;
4498;X668715;ΕΝΤΕΡΟΣΚΟΠΗΣΗ ΕΙΛΕΟΥ ΜΕ ΕΛΕΓΧΟ ΑΙΜΟΡΡΑΓΙΑΣ (Π.Χ., ΕΓΧΥΣΗ, ΔΙΠΟΛΙΚΟΣ ΚΑΥΤΗΡΙΑΣΜΟΣ, ΜΟΝΟΠΟΛΙΚΟΣ ΚΑΥΤΗΡΙΑΣΜΟΣ, ΛΕΪΖΕΡ, ΘΕΡΜΙΚΟΣ ΚΑΘΕΤΗΡΑΣ, ΣΥΡΡΑΠΤΙΚΟ CLIP, ΑΡΓΟ ΠΛΑΣΜΑ);;;;;
4499;X668717;ΕΝΤΕΡΟΣΚΟΠΗΣΗ ΕΙΛΕΟΥ ΜΕ ΕΙΣΑΓΩΓΗ ΕΝΔΟΠΡΟΘΕΣΗΣ (ΜΕ Η ΧΩΡΙΣ ΔΙΑΣΤΟΛΗ);;;;;
4500;X668719;ΕΙΛΕΟΣΚΟΠΗΣΗ, ΜΕΣΩ ΣΤΟΜΙΑΣ ΜΕ Ή ΧΩΡΙΣ ΣΥΛΛΟΓΗ ΔΕΙΓΜΑΤΟΣ(ΩΝ) ΜΕ ΒΟΥΡΤΣΙΣΜΑ Ή ΠΛΥΣΗ;;;;;
4501;X668723;ΕΙΛΕΟΣΚΟΠΗΣΗ ΜΕΣΩ ΣΤΟΜΙΑΣ ΜΕ ΒΙΟΨΙΑ(ΕΣ);;;;;
4502;X668725;ΕΙΛΕΟΣΚΟΠΗΣΗ ΜΕΣΩ ΣΤΟΜΙΑΣ ΜΕ ΕΙΣΑΓΩΓΗ ΕΝΔΟΠΡΟΘΕΣΗΣ (ΜΕ Η ΧΩΡΙΣ ΔΙΑΣΤΟΛΗ);;;;;
4503;X668729;ΑΝΕΝΕΡΓΟΣ;;;;;
4504;X668731;ΑΝΕΝΕΡΓΟΣ;;;;;
4505;X668735;ΕΝΔΟΣΚΟΠΙΣΗ ΠΑΧΕΟΣ ΕΝΤΕΡΟΥ ΜΕΣΩ ΣΤΟΜΙΑΣ ΜΕ Ή ΧΩΡΙΣ ΣΥΛΛΟΓΗ ΔΕΙΓΜΑΤΟΣ(ΩΝ) ΜΕ ΒΟΥΡΤΣΙΣΜΑ Ή ΠΛΥΣΗ;;;;;
4506;X668737;ΕΝΔΟΣΚΟΠΙΣΗ ΠΑΧΕΟΣ ΕΝΤΕΡΟΥ  ΜΕΣΩ ΣΤΟΜΙΑΣ ΜΕ ΒΙΟΨΙΑ(ΕΣ);;;;;
4507;X668739;ΕΝΔΟΣΚΟΠΙΣΗ ΠΑΧΕΟΣ ΕΝΤΕΡΟΥ  ΜΕΣΩ ΣΤΟΜΙΑΣ ΜΕ ΑΦΑΙΡΕΣΗ ΞΕΝΟΥ ΣΩΜΑΤΟΣ;;;;;
4508;X668741;ΕΝΔΟΣΚΟΠΙΣΗ ΠΑΧΕΟΣ ΕΝΤΕΡΟΥ  ΜΕΣΩ ΣΤΟΜΙΑΣ ΜΕ ΕΛΕΓΧΟ ΑΙΜΟΡΡΑΓΙΑΣ (Π.Χ., ΕΓΧΥΣΗ, ΔΙΠΟΛΙΚΟΣ ΚΑΥΤΗΡΑΣ, ΜΟΝΟΠΟΛΙΚΟΣ ΚΑΥΤΗΡΑΣ, ΛΕΪΖΕΡ, ΘΕΡΜΙΚΟΣ ΚΑΘΕΤΗΡΑΣ, ΣΥΡΡΑΠΤΙΚΟ CLIP, ΑΡΓΟ ΠΛΑΣΜΑ);;;;;
4509;X668743;ΕΝΔΟΣΚΟΠΙΣΗ ΠΑΧΕΟΣ ΕΝΤΕΡΟΥ  ΜΕΣΩ ΣΤΟΜΙΑΣ ΜΕ ΑΦΑΙΡΕΣΗ ΟΓΚΟΥ(ΩΝ), ΠΟΛΥΠΟΔΑ(ΩΝ), Ή ΑΛΛΗΣ(ΩΝ) ΒΛΑΒΗΣ(ΩΝ) ΜΕΣΩ ΛΑΒΙΔΑΣ ΘΕΡΜΗΣ ΒΙΟΨΙΑΣ (HOT BIOPSY) Ή ΔΙΠΟΛΙΚΟΥ ΚΑΥΤΗΡΙΑΣΜΟΥ;;;;;
4510;X668745;ΕΝΔΟΣΚΟΠΙΣΗ ΠΑΧΕΟΣ ΕΝΤΕΡΟΥ  ΜΕΣΩ ΣΤΟΜΙΑΣ ΜΕ ΑΦΑΙΡΕΣΗ ΟΓΚΟΥ(ΩΝ), ΠΟΛΥΠΟΔΑ(ΩΝ), Ή ΑΛΛΗΣ(ΩΝ) ΒΛΑΒΗΣ(ΩΝ), ΜΗ ΥΠΟΚΕΙΜΕΝΗΣ(ΩΝ) ΣΕ ΑΦΑΙΡΕΣΗ ΜΕΣΩ ΛΑΒΙΔΑΣ ΘΕΡΜΗΣ ΒΙΟΨΙΑΣ (HOT BIOPSY), ΔΙΠΟΛΙΚΟΥ ΚΑΥΤΗΡΙΑΣΜΟΥ Ή ΤΕΧΝΙΚΗΣ ΒΡΟΧΟΥ;;;;;
4511;X668747;ΕΝΔΟΣΚΟΠΙΣΗ ΠΑΧΕΟΣ ΕΝΤΕΡΟΥ  ΜΕΣΩ ΣΤΟΜΙΑΣ ΜΕ ΑΦΑΙΡΕΣΗ ΟΓΚΟΥ(ΩΝ), ΠΟΛΥΠΟΔΑ(ΩΝ), Ή ΑΛΛΗΣ(ΩΝ) ΒΛΑΒΗΣ(ΩΝ) ΜΕ ΒΡΟΧΟ;;;;;
4512;X668753;ΕΝΔΟΣΚΟΠΙΣΗ ΠΑΧΕΟΣ ΕΝΤΕΡΟΥ  ΜΕΣΩ ΣΤΟΜΙΑΣ ΜΕ ΕΙΣΑΓΩΓΗ ΕΝΔΟΠΡΟΘΕΣΗΣ (ΜΕ Η ΧΩΡΙΣ ΔΙΑΣΤΟΛΗ);;;;;
4513;X668959;ΕΙΣΑΓΩΓΗ ΜΑΚΡΟΥ ΓΑΣΤΡΕΝΤΕΡΙΚΟΥ ΣΩΛΗΝΑ (Π.Χ. MILLER-ABBOTT) (ΞΕΧΩΡΙΣΤΗ ΔΙΑΔΙΚΑΣΙΑ);;;;;
4514;X669163;ΣΥΡΡΑΦΗ ΛΕΠΤΟΥ ΕΝΤΕΡΟΥ (ΕΝΤΕΡΟΡΡΑΦΗ) ΓΙΑ ΔΙΑΤΙΤΡΑΙΝΩΝ ΕΛΚΟΣ, ΕΚΚΟΛΠΩΜΑ, ΤΡΑΥΜΑ, ΚΑΚΩΣΗ Ή ΡΗΞΗ. ΜΙΑ ΔΙΑΤΡΗΣΗ;;;;;
4515;X669165;ΣΥΡΡΑΦΗ ΛΕΠΤΟΥ ΕΝΤΕΡΟΥ (ΕΝΤΕΡΟΡΡΑΦΗ) ΓΙΑ ΔΙΑΤΙΤΡΑΙΝΩΝ ΕΛΚΟΣ, ΕΚΚΟΛΠΩΜΑ, ΤΡΑΥΜΑ, ΚΑΚΩΣΗ Ή ΡΗΞΗ. ΠΟΛΛΑΠΛΕΣ ΔΙΑΤΡΗΣΕΙΣ;;;;;
4516;X669167;ΣΥΡΡΑΦΗ ΠΑΧΕΟΣ ΕΝΤΕΡΟΥ (ΣΥΡΡΑΦΗ ΚΟΛΟΥ) ΓΙΑ ΔΙΑΤΙΤΡΑΙΝΩΝ ΕΛΚΟΣ, ΕΚΚΟΛΠΩΜΑ, ΤΡΑΥΜΑ, ΚΑΚΩΣΗ Ή ΡΗΞΗ. (ΜΙΑ Ή ΠΟΛΛΑΠΛΕΣ ΔΙΑΤΡΗΣΕΙΣ). ΧΩΡΙΣ ΚΟΛΟΣΤΟΜΙΑ;;;;;
4517;X669169;ΣΥΡΡΑΦΗ ΠΑΧΕΟΣ ΕΝΤΕΡΟΥ (ΣΥΡΡΑΦΗ ΚΟΛΟΥ) ΓΙΑ ΔΙΑΤΙΤΡΑΙΝΩΝ ΕΛΚΟΣ, ΕΚΚΟΛΠΩΜΑ, ΤΡΑΥΜΑ, ΚΑΚΩΣΗ Ή ΡΗΞΗ. (ΜΙΑ Ή ΠΟΛΛΑΠΛΕΣ ΔΙΑΤΡΗΣΕΙΣ). ΜΕ ΚΟΛΟΣΤΟΜΙΑ;;;;;
4518;X669189;ΠΛΑΣΤΙΚΗ ΣΤΕΝΩΣΗΣ ΕΝΤΕΡΟΥ (ΕΝΤΕΡΟΤΟΜΗ ΚΑΙ ΕΝΤΕΡΟΡΡΑΦΗ) ΜΕ Ή  ΧΩΡΙΣ ΔΙΑΣΤΟΛΗ, ΓΙΑ ΕΝΤΕΡΙΚΗ ΑΠΟΦΡΑΞΗ;;;;;
4519;X669199;ΣΥΓΚΛΕΙΣΗ ΤΗΣ ΕΝΤΕΡΟΣΤΟΜΙΑΣ, ΠΑΧΥ Ή ΛΕΠΤΟ ΕΝΤΕΡΟ,;;;;;
4520;X669209;ΣΥΓΚΛΕΙΣΗ ΤΗΣ ΕΝΤΕΡΟΣΤΟΜΙΑΣ, ΠΑΧΥ Ή ΛΕΠΤΟ ΕΝΤΕΡΟ, ΜΕ ΕΚΤΟΜΗ ΚΑΙ ΑΝΑΣΤΟΜΩΣΗ, ΕΚΤΟΣ ΑΠΟ ΟΡΘΟΚΟΛΙΚΗ;;;;;
4521;X669211;ΣΥΓΚΛΕΙΣΗ ΤΗΣ ΕΝΤΕΡΟΣΤΟΜΙΑΣ, ΠΑΧΥ Ή ΛΕΠΤΟ ΕΝΤΕΡΟ, ΜΕ ΕΚΤΟΜΗ ΚΑΙ ΟΡΘΟΚΟΛΙΚΗ ΑΝΑΣΤΟΜΩΣΗ (Π.Χ. ΔΙΑΔΙΚΑΣΙΑ ΚΛΕΙΣΙΜΑΤΟΣ ΤΥΠΟΥ HARTMANN);;;;;
4522;X669239;ΣΥΓΚΛΕΙΣΗ ΣΥΡΙΓΓΙΟΥ ΕΝΤΕΡΟΥ ΔΕΡΜΑΤΟΣ;;;;;
4523;X669259;ΣΥΓΚΛΕΙΣΗ ΕΝΤΕΡΟΕΝΤΕΡΙΚΟΥ Ή ΕΝΤΕΡΟΚΟΛΙΚΟΥ ΣΥΡΙΓΓΙΟΥ;;;;;
4524;X669279;ΣΥΓΚΛΕΙΣΗ ΕΝΤΕΡΟΚΥΣΤΙΚΟΥ ΣΥΡΙΓΓΙΟΥ. ΧΩΡΙΣ ΑΦΑΙΡΕΣΗ ΕΝΤΕΡΟΥ Ή  ΚΥΣΤΗΣ;;;;;
4525;X669281;ΣΥΓΚΛΕΙΣΗ ΕΝΤΕΡΟΚΥΣΤΙΚΟΥ ΣΥΡΙΓΓΙΟΥ. ΜΕ ΑΦΑΙΡΕΣΗ  ΕΝΤΕΡΟΥ ΚΑΙ/Ή  ΚΥΣΤΗΣ;;;;;
4526;X669319;ΕΝΤΕΡΙΚΗ ΠΤΥΧΩΣΗ (ΞΕΧΩΡΙΣΤΗ ΔΙΑΔΙΚΑΣΙΑ);;;;;
4527;X669359;ΑΠΟΚΛΕΙΣΜΟΣ ΛΕΠΤΟΥ ΕΝΤΕΡΟΥ ΑΠΟ ΤΗΝ ΠΥΕΛΟ ΜΕ ΠΛΕΓΜΑ Ή ΑΛΛΗ ΠΡΟΘΕΣΗ, Ή ΦΥΣΙΚΟ ΙΣΤΟ (Π.Χ. ΚΥΣΤΗ Ή ΕΠΙΠΛΟΟ);;;;;
4528;X669361;ΕΝΔΟΕΓΧΕΙΡΗΤΙΚΗ ΠΛΥΣΗ ΠΑΧΕΩΣ ΕΝΤΕΡΟΥ (ΑΝΑΓΡΑΦΕΤΑΙ ΞΕΧΩΡΙΣΤΑ ΜΑΖΙ ΜΕ ΤΟΝ ΚΩΔΙΚΟ ΓΙΑ ΤΗ ΒΑΣΙΚΗ ΔΙΑΔΙΚΑΣΙΑ);;;;;
4529;X669389;ΤΥΠΙΚΗ ΠΡΟΕΤΟΙΜΑΣΙΑ ΑΛΛΟΜΟΣΧΕΥΜΑΤΟΣ ΕΝΤΕΡΟΥ ΑΠΟ ΖΩΝΤΑΝΟ Ή ΠΤΩΜΑΤΙΚΟ ΔΟΤΗ ΠΡΙΝ ΑΠΟ ΤΗ ΜΕΤΑΜΟΣΧΕΥΣΗ, ΠΟΥ ΠΕΡΙΛΑΜΒΑΝΕΙ ΚΙΝΗΤΟΠΟΙΗΣΗ ΚΑΙ ΔΙΑΜΟΡΦΩΣΗ ΤΗΣ ΑΝΩ ΜΕΣΕΝΤΕΡΙΑΣ ΑΡΤΗΡΙΑΣ ΚΑΙ ΦΛΕΒΑΣ;;;;;
4530;X669399;ΑΝΑΚΑΤΑΣΚΕΥΗ ΕΝΤΕΡΙΚΟΥ ΑΛΛΟΜΟΣΧΕΥΜΑΤΟΣ ΑΠΟ ΠΤΩΜΑΤΙΚΟ Ή ΖΩΝΤΑΝΟ ΔΟΤΗ ΠΡΙΝ ΑΠΟ ΤΗ ΜΕΤΑΜΟΣΧΕΥΣΗ, ΦΛΕΒΙΚΗ ΑΝΑΣΤΟΜΩΣΗ, ΚΑΘΕ ΑΝΑΣΤΟΜΩΣΗ;;;;;
4531;X669401;ΑΝΑΚΑΤΑΣΚΕΥΗ ΕΝΤΕΡΙΚΟΥ ΑΛΛΟΜΟΣΧΕΥΜΑΤΟΣ ΑΠΟ ΠΤΩΜΑΤΙΚΟ Ή ΖΩΝΤΑΝΟ ΔΟΤΗ ΠΡΙΝ ΑΠΟ ΤΗ ΜΕΤΑΜΟΣΧΕΥΣΗ, ΑΡΤΗΡΙΑΚΗ ΑΝΑΣΤΟΜΩΣΗ, ΚΑΘΕ ΑΝΑΣΤΟΜΩΣΗ;;;;;
4532;X669557;ΜΗ ΚΑΤΑΓΕΓΡΑΜΜΕΝΗ ΔΙΑΔΙΚΑΣΙΑ, ΕΝΤΕΡΟ;;;;;
4533;X669559;ΕΚΤΟΜΗ ΕΚΚΟΛΠΩΜΑΤΟΣ MECKEL (ΕΚΚΟΛΠΩΜΑΤΕΚΤΟΜΗ) Ή ΟΜΦΑΛΟΜΕΣΕΝΤΕΡΟΥ ΠΟΡΟΥ;;;;;
4534;X669599;ΕΚΤΟΜΗ ΜΕΣΕΝΤΕΡΙΚΗΣ ΒΛΑΒΗΣ, (ΞΕΧΩΡΙΣΤΗ ΕΠΕΜΒΑΣΗ);;;;;
4535;X669659;ΣΥΡΡΑΦΗ ΜΕΣΕΝΤΕΡΙΟΥ (ΞΕΧΩΡΙΣΤΗ ΔΙΑΔΙΚΑΣΙΑ);;;;;
4536;X669757;ΜΗ ΚΑΤΑΓΕΓΡΑΜΜΕΝΗ ΔΙΑΔΙΚΑΣΙΑ, ΕΚΚΟΛΠΩΜΑ MECKEL ΚΑΙ ΜΕΣΕΝΤΕΡΙΟ;;;;;
4537;X669759;ΤΟΜΗ ΚΑΙ ΠΑΡΟΧΕΤΕΥΣΗ ΑΠΟΣΤΗΜΑΤΟΣ ΣΚΩΛΗΚΟΕΙΔΟΥΣ. ΑΝΟΙΧΤΗ;;;;;
4538;X669761;ΤΟΜΗ ΚΑΙ ΠΑΡΟΧΕΤΕΥΣΗ ΑΠΟΣΤΗΜΑΤΟΣ ΣΚΩΛΗΚΟΕΙΔΟΥΣ. ΔΙΑΔΕΡΜΙΚΗ;;;;;
4539;X669859;ΣΚΩΛΗΚΟΕΙΔΕΚΤΟΜΗ.;;;;;
4540;X669869;ΣΚΩΛΗΚΟΕΙΔΕΚΤΟΜΗ. ΟΤΑΝ ΓΙΝΕΤΑΙ ΓΙΑ ΤΟΝ ΕΝΔΕΙΚΝΥΟΜΕΝΟ ΣΚΟΠΟ ΚΑΤΑ ΤΗ ΔΙΑΡΚΕΙΑ ΑΛΛΗΣ ΒΑΣΙΚΗΣ ΔΙΑΔΙΚΑΣΙΑΣ (ΟΧΙ ΩΣ ΞΕΧΩΡΙΣΤΗ ΔΙΑΔΙΚΑΣΙΑ) (ΝΑ ΚΑΤΑΓΡΑΦΕΤΑΙ ΞΕΧΩΡΙΣΤΑ ΜΑΖΙ ΜΕ ΤΟΝ ΚΩΔΙΚΟ ΓΙΑ ΤΗ ΒΑΣΙΚΗ ΔΙΑΔΙΚΑΣΙΑ);;;;;
4541;X669879;ΣΚΩΛΗΚΟΕΙΔΕΚΤΟΜΗ, ΓΙΑ ΔΙΕΡΡΗΓΜΕΝΗ ΣΚΩΛΗΚΟΕΙΔΗ ΑΠΟΦΥΣΗ ΜΕ ΑΠΟΣΤΗΜΑ Ή ΓΕΝΙΚΕΥΜΕΝΗ ΠΕΡΙΤΟΝΙΤΙΔΑ;;;;;
4542;X669899;ΛΑΠΑΡΟΣΚΟΠΗΣΗ, ΧΕΙΡΟΥΡΓΙΚΗ, ΣΚΩΛΗΚΟΕΙΔΕΚΤΟΜΗ;;;;;
4543;X669917;ΜΗ ΚΑΤΑΓΕΓΡΑΜΜΕΝΗ ΔΙΑΔΙΚΑΣΙΑ ΛΑΠΑΡΟΣΚΟΠΗΣΗΣ, ΣΚΩΛΗΚΟΕΙΔΗΣ ΑΠΟΦΥΣΗ;;;;;
4544;X669959;ΔΙΟΡΘΙΚΗ ΠΑΡΟΧΕΤΕΥΣΗ ΠΥΕΛΙΚΟΥ ΑΠΟΣΤΗΜΑΤΟΣ;;;;;
4545;X669969;ΤΟΜΗ ΚΑΙ ΠΑΡΟΧΕΤΕΥΣΗ ΥΠΟΒΛΕΝΝΟΓΟΝΙΟΥ ΑΠΟΣΤΗΜΑΤΟΣ. ΟΡΘΟ;;;;;
4546;X669999;ΤΟΜΗ ΚΑΙ ΠΑΡΟΧΕΤΕΥΣΗ ΒΑΘΕΟΣ ΑΝΕΛΚΤΗΡΑ, ΠΥΕΛΟΟΡΘΙΚΟΥ, Ή ΟΠΙΣΘΟΟΡΘΙΚΟΥ ΑΠΟΣΤΗΜΑΤΟΣ;;;;;
4547;X670159;ΒΙΟΨΙΑ ΟΡΘΟΠΡΩΚΤΙΚΟΥ ΤΟΙΧΩΜΑΤΟΣ, ΠΡΩΚΤΙΚΗ ΠΡΟΣΕΓΓΙΣΗ (ΣΥΓΓΕΝΕΣ ΜΕΓΑΚΟΛΟ);;;;;
4548;X670175;ΟΡΘΟΠΡΩΚΤΙΚΗ ΜΥΕΚΤΟΜΗ;;;;;
4549;X670179;ΠΡΩΚΤΕΚΤΟΜΗ, ΠΛΗΡΗΣ, ΣΥΝΔΥΑΣΜΕΝΗ ΚΟΙΛΙΟΠΕΡΙΝΕΪΚΗ, ΜΕ ΚΟΛΟΣΤΟΜΙΑ;;;;;
4550;X670181;ΠΡΩΚΤΕΚΤΟΜΗ, ΜΕΡΙΚΗ ΕΚΤΟΜΗ ΟΡΘΟΥ, ΔΙΑΚΟΙΛΙΑΚΗ ΠΡΟΣΕΓΓΙΣΗ;;;;;
4551;X670183;ΠΡΩΚΤΕΚΤΟΜΗ, ΣΥΝΔΥΑΣΜΕΝΗ ΚΟΙΛΙΟΠΕΡΙΝΕΪΚΗ, ΔΙΑΔΙΚΑΣΙΑ ΔΙΕΛΚΥΣΗΣ (Π.Χ. ΚΟΛΟ-ΠΡΩΚΤΙΚΗ ΑΝΑΣΤΟΜΩΣΗ);;;;;
4552;X670185;ΠΡΩΚΤΕΚΤΟΜΗ, ΜΕΡΙΚΗ, ΜΕ ΒΛΕΝΝΕΚΤΟΜΗ ΤΟΥ ΟΡΘΟΥ, ΕΙΛΕΟΠΡΩΚΤΙΚΗ ΑΝΑΣΤΟΜΩΣΗ, ΔΗΜΙΟΥΡΓΙΑ ΕΙΛΕΪΚΗΣ ΔΕΞΑΜΕΝΗΣ (S Ή J), ΜΕ Ή ΧΩΡΙΣ ΕΙΛΕΟΣΤΟΜΙΑ ΒΡΟΧΟΥ;;;;;
4553;X670187;ΠΡΩΚΤΕΚΤΟΜΗ, ΜΕΡΙΚΗ, ΜΕ ΑΝΑΣΤΟΜΩΣΗ, ΚΟΙΛΙΑΚΗ ΚΑΙ ΟΠΙΣΘΙΑ  ΠΡΟΣΠΕΛΑΣΗ;;;;;
4554;X670191;ΠΡΩΚΤΕΚΤΟΜΗ, ΜΕΡΙΚΗ, ΜΕ ΑΝΑΣΤΟΜΩΣΗ, ΠΡΟΣΠΕΛΑΣΗ ΜΟΝΟ ΔΙΑ ΤΟΥ ΙΕΡΟΥ ΟΣΤΟΥ (ΤΥΠΟΣ KRASKE);;;;;
4555;X670197;ΠΡΩΚΤΕΚΤΟΜΗ, ΣΥΝΔΥΑΣΜΕΝΗ ΚΟΙΛΙΟΠΕΡΙΝΕΪΚΗ, ΔΙΑΔΙΚΑΣΙΑ ΔΙΕΛΚΥΣΗΣ (Π.Χ. ΚΟΛΟ-ΠΡΩΚΤΙΚΗ ΑΝΑΣΤΟΜΩΣΗ), ΜΕ ΔΗΜΙΟΥΡΓΙΑ ΔΕΞΑΜΕΝΗΣ ΠΑΧΕΩΣ ΕΝΤΕΡΟΥ (Π.Χ. ΚΟΛΠΩΜΑ ΤΥΠΟΥ J), ΜΕ ΕΝΤΕΡΟΣΤΟΜΙΑ ΕΚΤΡΟΠΗΣ ΟΤΑΝ ΕΚΤΕΛΕΙΤΑΙ;;;;;
4556;X670199;ΠΡΩΚΤΕΚΤΟΜΗ, ΠΛΗΡΗΣ (ΓΙΑ ΣΥΓΓΕΝΕΣ ΜΕΓΑΚΟΛΟ), ΚΟΙΛΙΑΚΗ ΚΑΙ ΠΕΡΙΝΕΪΚΗ ΠΡΟΣΠΕΛΑΣΗ, ΜΕ ΔΙΑΔΙΚΑΣΙΑ ΔΙΕΛΚΥΣΗΣ ΚΑΙ ΑΝΑΣΤΟΜΩΣΗ (Π.Χ. ΕΠΕΜΒΑΣΗ ΤΥΠΟΥ  SWENSON, DUHAMEL Ή SOAVE);;;;;
4557;X670201;ΠΡΩΚΤΕΚΤΟΜΗ, ΠΛΗΡΗΣ (ΓΙΑ ΣΥΓΓΕΝΕΣ ΜΕΓΑΚΟΛΟ), ΚΟΙΛΙΑΚΗ ΚΑΙ ΠΕΡΙΝΕΪΚΗ ΠΡΟΣΠΕΛΑΣΗ. ΜΕ ΜΕΡΙΚΗ Ή ΟΛΙΚΗ ΚΟΛΕΚΤΟΜΗ, ΜΕ ΠΟΛΛΑΠΛΕΣ ΒΙΟΨΙΕΣ;;;;;
4558;X670205;ΠΡΩΚΤΕΚΤΟΜΗ, ΜΕΡΙΚΗ, ΧΩΡΙΣ ΑΝΑΣΤΟΜΩΣΗ, ΠΕΡΙΝΕΪΚΗ ΠΡΟΣΠΕΛΑΣΗ;;;;;
4559;X670211;ΠΥΕΛΙΚΗ ΕΞΕΝΤΕΡΩΣΗ ΓΙΑ ΟΡΘΟΚΟΛΙΚΗ ΚΑΚΟΗΘΕΙΑ, ΜΕ ΠΡΩΚΤΕΚΤΟΜΗ (ΜΕ Ή ΧΩΡΙΣ ΚΟΛΟΣΤΟΜΙΑ), ΜΕ ΑΦΑΙΡΕΣΗ ΜΟΣΧΕΥΜΑΤΩΝ ΚΥΣΤΗΣ ΚΑΙ  ΟΥΡΗΤΗΡΑ, ΚΑΙ/Ή ΥΣΤΕΡΕΚΤΟΜΗ Ή ΤΡΑΧΗΛΙΚΗ ΕΚΤΟΜΗ, ΜΕ Ή ΧΩΡΙΣ ΑΦΑΙΡΕΣΗ ΣΑΛΠΙΓΓΑΣ (ΩΝ), ΜΕ Ή ΧΩΡΙΣ ΑΦΑΙΡΕΣΗ ΩΟΘΗΚΗΣ (ΩΝ), Ή ΟΠΟΙΟΣΔΗΠΟΤΕ ΣΥΝΔΥΑΣΜΟΣ ΑΥΤΩΝ;;;;;
4560;X670219;ΕΚΤΟΜΗ ΠΡΟΠΤΩΣΗΣ ΟΡΘΟΥ, ΜΕ ΑΝΑΣΤΟΜΩΣΗ. ΠΕΡΙΝΕΪΚΗ ΠΡΟΣΠΕΛΑΣΗ;;;;;
4561;X670229;ΕΚΤΟΜΗ ΠΡΟΠΤΩΣΗΣ ΟΡΘΟΥ, ΜΕ ΑΝΑΣΤΟΜΩΣΗ. ΚΟΙΛΙΑΚΗ ΚΑΙ ΠΕΡΙΝΕΪΚΗ  ΠΡΟΣΠΕΛΑΣΗ;;;;;
4562;X670231;ΕΚΤΟΜΗ ΕΙΛΕΟΠΡΩΚΤΙΚΗΣ ΔΕΞΑΜΕΝΗΣ ΜΕ ΕΙΛΕΟΣΤΟΜΙΑ;;;;;
4563;X670259;ΔΙΑΝΟΙΞΗ ΣΤΕΝΩΣΗΣ ΟΡΘΟΥ;;;;;
4564;X670279;ΕΚΤΟΜΗ ΟΓΚΟΥ ΟΡΘΟΥ ΜΕ ΠΡΩΚΤΟΤΟΜΗ, ΔΙΑ ΤΟΥ ΙΕΡΟΥ ΟΣΤΟΥ Ή ΔΙΑΚΟΚΚΥΓΙΚΗ ΠΡΟΣΠΕΛΑΣΗ;;;;;
4565;X670299;ΕΚΤΟΜΗ ΟΓΚΟΥ ΟΡΘΟΥ, ΔΙΑΠΡΩΚΤΙΚΗ ΠΡΟΣΠΕΛΑΣΗ;;;;;
4566;X670339;ΚΑΤΑΣΤΡΟΦΗ ΟΓΚΟΥ ΟΡΘΟΥ (Π.Χ. ΑΦΥΔΑΤΩΣΗ ΜΕ ΧΡΗΣΗ ΗΛΕΚΤΡΙΚΟΥ ΡΕΥΜΑΤΟΣ, ΗΛΕΚΤΡΟΧΕΙΡΟΥΡΓΙΚΗ, ΑΦΑΙΡΕΣΗ ΜΕ ΛΕΪΖΕΡ, ΚΑΤΑΣΤΡΟΦΗ ΜΕ ΛΕΪΖΕΡ, ΚΡΥΟΧΕΙΡΟΥΡΓΙΚΗ) ΔΙΑΠΡΩΚΤΙΚΗ ΠΡΟΣΠΕΛΑΣΗ;;;;;
4567;X670559;ΟΡΘΟΣΙΓΜΟΕΙΔΟΣΚΟΠΗΣΗ ΜΕ ΑΚΑΜΠΤΟ ΕΝΔΟΣΚΟΠΙΟ ΜΕ Ή ΧΩΡΙΣ ΣΥΛΛΟΓΗ ΔΕΙΓΜΑΤΟΣ(ΩΝ) ΜΕ ΒΟΥΡΤΣΙΣΜΑ Ή ΕΚΠΛΥΣΗ ;;;;;
4568;X670565;ΟΡΘΟΣΙΓΜΟΕΙΔΟΣΚΟΠΗΣΗ ΜΕ ΑΚΑΜΠΤΟ ΕΝΔΟΣΚΟΠΙΟ ΜΕ ΔΙΑΣΤΟΛΗ (Π.Χ. ΑΕΡΟΘΑΛΑΜΟΣ, ΟΔΗΓΟ ΣΥΡΜΑ, ΚΗΡΙΟ);;;;;
4569;X670569;ΟΡΘΟΣΙΓΜΟΕΙΔΟΣΚΟΠΗΣΗ ΜΕ ΑΚΑΜΠΤΟ ΕΝΔΟΣΚΟΠΙΟ ΜΕ ΒΙΟΨΙΑ(ΕΣ);;;;;
4570;X670573;ΟΡΘΟΣΙΓΜΟΕΙΔΟΣΚΟΠΗΣΗ ΜΕ ΑΚΑΜΠΤΟ ΕΝΔΟΣΚΟΠΙΟ ΜΕ ΑΦΑΙΡΕΣΗ ΞΕΝΟΥ ΣΩΜΑΤΟΣ;;;;;
4571;X670575;ΟΡΘΟΣΙΓΜΟΕΙΔΟΣΚΟΠΗΣΗ ΜΕ ΑΚΑΜΠΤΟ ΕΝΔΟΣΚΟΠΙΟ ΜΕ ΑΦΑΙΡΕΣΗ ΟΓΚΟΥ, ΠΟΛΥΠΟΔΑ, Ή ΑΛΛΗΣ ΒΛΑΒΗΣ ΜΕΣΩ ΛΑΒΙΔΑΣ ΘΕΡΜΗΣ ΒΙΟΨΙΑΣ (HOT BIOPSY) Ή ΔΙΠΟΛΙΚΟΥ ΚΑΥΤΗΡΙΑΣΜΟΥ;;;;;
4572;X670577;ΟΡΘΟΣΙΓΜΟΕΙΔΟΣΚΟΠΗΣΗ ΜΕ ΑΚΑΜΠΤΟ ΕΝΔΟΣΚΟΠΙΟ ΜΕ ΑΦΑΙΡΕΣΗ ΟΓΚΟΥ, ΠΟΛΥΠΟΔΑ, Ή ΑΛΛΗΣ ΒΛΑΒΗΣ ΜΕ ΒΡΟΧΟ;;;;;
4573;X670589;ΟΡΘΟΣΙΓΜΟΕΙΔΟΣΚΟΠΗΣΗ ΜΕ ΑΚΑΜΠΤΟ ΕΝΔΟΣΚΟΠΙΟ ΜΕ ΑΦΑΙΡΕΣΗ ΠΟΛΛΑΠΛΩΝ ΟΓΚΩΝ, ΠΟΛΥΠΟΔΩΝ, Ή ΑΛΛΩΝ ΒΛΑΒΩΝ ΜΕΣΩ ΛΑΒΙΔΑΣ ΘΕΡΜΗΣ ΒΙΟΨΙΑΣ (HOT BIOPSY), ΔΙΠΟΛΙΚΟΥ ΚΑΥΤΗΡΙΑΣΜΟΥ Ή ΒΡΟΧΟ;;;;;
4574;X670593;ΟΡΘΟΣΙΓΜΟΕΙΔΟΣΚΟΠΗΣΗ ΜΕ ΑΚΑΜΠΤΟ ΕΝΔΟΣΚΟΠΙΟ ΜΕ ΕΛΕΓΧΟ ΑΙΜΟΡΡΑΓΙΑΣ (Π.Χ., ΕΓΧΥΣΗ, ΔΙΠΟΛΙΚΟΣ ΚΑΥΤΗΡΑΣ, ΜΟΝΟΠΟΛΙΚΟΣ ΚΑΥΤΗΡΙΑΣΜΟΣ, ΛΕΪΖΕΡ, ΘΕΡΜΙΚΟΣ ΚΑΘΕΤΗΡΑΣ, ΣΥΡΡΑΠΤΙΚΟ CLIP, ΑΡΓΟ ΠΛΑΣΜΑ);;;;;
4575;X670599;ΟΡΘΟΣΙΓΜΟΕΙΔΟΣΚΟΠΗΣΗ ΜΕ ΑΚΑΜΠΤΟ ΕΝΔΟΣΚΟΠΙΟ ΜΕ ΑΦΑΙΡΕΣΗ ΟΓΚΟΥ(ΩΝ), ΠΟΛΥΠΟΔΑ(ΩΝ), Ή ΑΛΛΗΣ(ΩΝ) ΒΛΑΒΗΣ(ΩΝ), ΜΗ ΥΠΟΚΕΙΜΕΝΗΣ(ΩΝ) ΣΕ ΑΦΑΙΡΕΣΗ ΜΕΣΩ ΛΑΒΙΔΑΣ ΘΕΡΜΗΣ ΒΙΟΨΙΑΣ (HOT BIOPSY), ΔΙΠΟΛΙΚΟΥ ΚΑΥΤΗΡΙΑΣΜΟΥ Ή ΒΡΟΧΟΥ (Π.Χ. ΛΕΪΖΕΡ);;;;;
4576;X670601;ΟΡΘΟΣΙΓΜΟΕΙΔΟΣΚΟΠΗΣΗ ΜΕ ΑΚΑΜΠΤΟ ΕΝΔΟΣΚΟΠΙΟ ΜΕ ΑΠΟΚΑΤΑΣΤΑΣΗ ΣΥΣΤΡΟΦΗΣ;;;;;
4577;X670613;ΑΝΕΝΕΡΓΟΣ;;;;;
4578;X670619;ΕΝΔΟΣΚΟΠΗΣΗ ΠΑΧΕΟΣ ΕΝΤΕΡΟΥ ΜΕ ΕΥΚΑΜΠΤΟ ΟΡΓΑΝΟ ΜΕΧΡΙ ΤΗΣ ΣΠΛΗΝΙΚΗΣ ΚΑΜΠΗΣ. ΑΠΛΗ.;;;;;
4579;X670621;ΕΝΔΟΣΚΟΠΗΣΗ ΠΑΧΕΟΣ ΕΝΤΕΡΟΥ ΜΕ ΕΥΚΑΜΠΤΟ ΟΡΓΑΝΟ ΜΕΧΡΙ ΤΗΣ ΣΠΛΗΝΙΚΗΣ ΚΑΜΠΗΣ. ΛΗΨΗ ΒΙΟΨΙΩΝ.;;;;;
4580;X670623;ΕΝΔΟΣΚΟΠΗΣΗ ΠΑΧΕΟΣ ΕΝΤΕΡΟΥ ΜΕ ΕΥΚΑΠΤΟ ΟΡΓΑΝΟ ΜΕΧΡΙ ΤΗ ΣΠΛΗΝΙΚΗ ΚΑΜΠΗ ΜΕ ΑΦΑΙΡΕΣΗ ΞΕΝΟΥ ΣΩΜΑΤΟΣ;;;;;
4581;X670625;ΕΝΔΟΣΚΟΠΗΣΗ ΠΑΧΕΟΣ ΕΝΤΕΡΟΥ ΜΕ ΕΥΚΑΜΠΤΟ ΟΡΓΑΝΟ ΜΕΧΡΙ ΤΗΣ ΣΠΛΗΝΙΚΗΣ ΚΑΜΠΗΣ. ΑΦΑΙΡΕΣΗ ΠΟΛΥΠΟΔΩΝ.;;;;;
4582;X670627;ΕΝΔΟΣΚΟΠΗΣΗ ΠΑΧΕΟΣ ΕΝΤΕΡΟΥ ΜΕ ΕΥΚΑΠΤΟ ΟΡΓΑΝΟ ΜΕΧΡΙ ΤΗ ΣΠΛΗΝΙΚΗ ΚΑΜΠΗΜΕ ΕΛΕΓΧΟ ΑΙΜΟΡΡΑΓΙΑΣ (Π.Χ., ΕΓΧΥΣΗ, ΔΙΠΟΛΙΚΟΣ ΚΑΥΤΗΡΙΑΣΜΟΣ, ΜΟΝΟΠΟΛΙΚΟΣ ΚΑΥΤΗΡΙΑΣΜΟΣ, ΛΕΪΖΕΡ, ΘΕΡΜΙΚΟΣ ΚΑΘΕΤΗΡΑΣ, ΣΥΡΡΑΠΤΙΚΟ CLIP, ΑΡΓΟ ΠΛΑΣΜΑ);;;;;
4583;X670629;ΕΝΔΟΣΚΟΠΗΣΗ ΠΑΧΕΟΣ ΕΝΤΕΡΟΥ ΜΕ ΕΥΚΑΠΤΟ ΟΡΓΑΝΟ ΜΕΧΡΙ ΤΗ ΣΠΛΗΝΙΚΗ ΚΑΜΠΗ ΜΕ ΕΓΧΥΣΗ ΧΡΩΣΤΙΚΗΣ ΓΙΑ ΣΗΜΑΝΣΗ ΒΛΑΒΗΣ;;;;;
4584;X670633;ΕΝΔΟΣΚΟΠΗΣΗ ΠΑΧΕΟΣ ΕΝΤΕΡΟΥ ΜΕ ΕΥΚΑΠΤΟ ΟΡΓΑΝΟ ΜΕΧΡΙ ΤΗ ΣΠΛΗΝΙΚΗ ΚΑΜΠΗ ΜΕ ΑΠΟΚΑΤΑΣΤΑΣΗ ΣΥΣΤΡΟΦΗΣ;;;;;
4585;X670635;ΕΝΔΟΣΚΟΠΗΣΗ ΠΑΧΕΟΣ ΕΝΤΕΡΟΥ ΜΕ ΕΥΚΑΠΤΟ ΟΡΓΑΝΟ ΜΕΧΡΙ ΤΗ ΣΠΛΗΝΙΚΗ ΚΑΜΠΗ ΜΕ ΑΦΑΙΡΕΣΗ ΟΓΚΟΥ(ΩΝ), ΠΟΛΥΠΟΔΑ(ΩΝ), Ή ΑΛΛΗΣ(ΩΝ) ΒΛΑΒΗΣ(ΩΝ) ΜΕ ΒΡΟΧΟ;;;;;
4586;X670637;ΕΝΔΟΣΚΟΠΗΣΗ ΠΑΧΕΟΣ ΕΝΤΕΡΟΥ ΜΕ ΕΥΚΑΠΤΟ ΟΡΓΑΝΟ ΜΕΧΡΙ ΤΗ ΣΠΛΗΝΙΚΗ ΚΑΜΠΗ ΜΕ ΚΑΤΑΣΤΡΟΦΗ ΟΓΚΟΥ(ΩΝ), ΠΟΛΥΠΟΔΑ(ΩΝ), Ή ΑΛΛΗΣ(ΩΝ) ΒΛΑΒΗΣ(ΩΝ), ΜΗ ΥΠΟΚΕΙΜΕΝΗΣ(ΩΝ) ΣΕ ΑΦΑΙΡΕΣΗ ΜΕΣΩ ΛΑΒΙΔΑΣ ΘΕΡΜΗΣ ΒΙΟΨΙΑΣ (HOT BIOPSY), ΔΙΠΟΛΙΚΟΥ ΚΑΥΤΗΡΙΑΣΜΟΥ Ή ΤΕΧΝΙΚΗΣ ΒΡΟΧΟΥ;;;;;
4587;X670639;ΕΝΔΟΣΚΟΠΗΣΗ ΠΑΧΕΟΣ ΕΝΤΕΡΟΥ ΜΕ ΕΥΚΑΠΤΟ ΟΡΓΑΝΟ ΜΕΧΡΙ ΤΗ ΣΠΛΗΝΙΚΗ ΚΑΜΠΗ ΜΕ ΔΙΑΣΤΟΛΗ ΜΕ ΔΙΑΤΑΣΗ ΑΕΡΟΘΑΛΑΜΟΥ (ΜΙΑ Ή ΠΕΡΙΣΣΟΤΕΡΕΣ ΣΤΕΝΩΣΕΙΣ);;;;;
4588;X670641;ΕΝΔΟΣΚΟΠΗΣΗ ΠΑΧΕΟΣ ΕΝΤΕΡΟΥ ΜΕ ΕΥΚΑΠΤΟ ΟΡΓΑΝΟ ΜΕΧΡΙ ΤΗ ΣΠΛΗΝΙΚΗ ΚΑΜΠΗ ΜΕ ΕΝΔΟΣΚΟΠΙΚΗ ΥΠΕΡΗΧΟΤΟΜΟΓΡΑΦΙΑ;;;;;
4589;X670643;ΕΝΔΟΣΚΟΠΗΣΗ ΠΑΧΕΟΣ ΕΝΤΕΡΟΥ ΜΕ ΕΥΚΑΠΤΟ ΟΡΓΑΝΟ ΜΕΧΡΙ ΤΗ ΣΠΛΗΝΙΚΗ ΚΑΜΠΗ ΜΕ ΕΝΔΟΣΚΟΠΙΚΗ ΥΠΕΡΗΧΟΤΟΜΟΓΡΑΦΙΑ ΜΕ ΛΗΨΗ ΒΙΟΨΙΑΣ/ΚΥΤΤΑΡΟΛΟΓΙΚΗΣ ΜΕ ΛΕΠΤΗ ΒΕΛΟΝΗ;;;;;
4590;X670649;ΕΝΔΟΣΚΟΠΗΣΗ ΠΑΧΕΟΣ ΕΝΤΕΡΟΥ ΜΕ ΕΥΚΑΠΤΟ ΟΡΓΑΝΟ ΜΕΧΡΙ ΤΗ ΣΠΛΗΝΙΚΗ ΚΑΜΠΗ ΜΕ ΕΙΣΑΓΩΓΗ ΕΝΔΟΠΡΟΘΕΣΗΣ (ΜΕ Η ΧΩΡΙΣ ΔΙΑΣΤΟΛΗ);;;;;
4591;X670669;ΕΝΔΟΣΚΟΠΗΣΗ ΠΑΧΕΟΣ ΕΝΤΕΡΟΥ ΜΕ ΕΥΚΑΠΤΟ ΟΡΓΑΝΟ ΔΙΑΚΟΙΛΙΑΚΗ ΜΕΣΩ ΚΟΛΟΣΤΟΜΙΑΣ;;;;;
4592;X670715;ΕΝΔΟΣΚΟΠΗΣΗ ΠΑΧΕΟΣ ΕΝΤΕΡΟΥ ΜΕ ΕΥΚΑΜΠΤΟ ΟΡΓΑΝΟ ΜΕΧΡΙ ΤΟΥ ΤΥΦΛΟΥ. ΑΠΛΗ.;;;;;
4593;X670717;ΕΝΔΟΣΚΟΠΗΣΗ ΠΑΧΕΟΣ ΕΝΤΕΡΟΥ ΜΕ ΕΥΚΑΠΤΟ ΟΡΓΑΝΟ ΜΕΧΡΙ ΤΟ ΤΥΦΛΟ  ΜΕ ΑΦΑΙΡΕΣΗ ΞΕΝΟΥ ΣΩΜΑΤΟΣ;;;;;
4594;X670719;ΕΝΔΟΣΚΟΠΗΣΗ ΠΑΧΕΟΣ ΕΝΤΕΡΟΥ ΜΕ ΕΥΚΑΜΠΤΟ ΟΡΓΑΝΟ ΜΕΧΡΙ ΤΟΥ ΤΥΦΛΟΥ. ΛΗΨΗ ΒΙΟΨΙΩΝ.;;;;;
4595;X670721;ΕΝΔΟΣΚΟΠΗΣΗ ΠΑΧΕΟΣ ΕΝΤΕΡΟΥ ΜΕ ΕΥΚΑΠΤΟ ΟΡΓΑΝΟ ΜΕΧΡΙ ΤΟ ΤΥΦΛΟ  ΜΕ ΕΓΧΥΣΗ ΧΡΩΣΤΙΚΗΣ ΓΙΑ ΣΗΜΑΝΣΗ ΒΛΑΒΗΣ;;;;;
4596;X670723;ΕΝΔΟΣΚΟΠΗΣΗ ΠΑΧΕΟΣ ΕΝΤΕΡΟΥ ΜΕ ΕΥΚΑΠΤΟ ΟΡΓΑΝΟ ΜΕΧΡΙ ΤΟ ΤΥΦΛΟ  ΜΕ ΕΛΕΓΧΟ ΑΙΜΟΡΡΑΓΙΑΣ (Π.Χ. ΕΓΧΥΣΗ, ΔΙΠΟΛΙΚΟΣ ΚΑΥΤΗΡΙΑΣΜΟΣ, ΜΟΝΟΠΟΛΙΚΟΣ ΚΑΥΤΗΡΙΑΣΜΟΣ, ΛΕΪΖΕΡ, ΘΕΡΜΙΚΟΣ ΚΑΘΕΤΗΡΑΣ, ΣΥΡΡΑΠΤΙΚΟ CLIP, ΑΡΓΟ ΠΛΑΣΜΑ);;;;;
4597;X670725;ΕΝΔΟΣΚΟΠΗΣΗ ΠΑΧΕΟΣ ΕΝΤΕΡΟΥ ΜΕ ΕΥΚΑΜΠΤΟ ΟΡΓΑΝΟ ΜΕΧΡΙ ΜΕΧΡΙ ΤΟΥ ΤΥΦΛΟΥ. ΑΦΑΙΡΕΣΗ ΠΟΛΥΠΟΔΩΝ.;;;;;
4598;X670727;ΕΝΔΟΣΚΟΠΗΣΗ ΠΑΧΕΟΣ ΕΝΤΕΡΟΥ ΜΕ ΕΥΚΑΠΤΟ ΟΡΓΑΝΟ ΜΕΧΡΙ ΤΟ ΤΥΦΛΟ  ΜΕ ΑΦΑΙΡΕΣΗ ΟΓΚΟΥ(ΩΝ), ΠΟΛΥΠΟΔΑ(ΩΝ), Ή ΑΛΛΗΣ(ΩΝ) ΒΛΑΒΗΣ(ΩΝ) ΜΕΣΩ ΛΑΒΙΔΑΣ ΘΕΡΜΗΣ ΒΙΟΨΙΑΣ (HOT BIOPSY) Ή ΔΙΠΟΛΙΚΟΥ ΚΑΥΤΗΡΙΑΣΜΟΥ;;;;;
4599;X670729;ΕΝΔΟΣΚΟΠΗΣΗ ΠΑΧΕΟΣ ΕΝΤΕΡΟΥ ΜΕ ΕΥΚΑΠΤΟ ΟΡΓΑΝΟ ΜΕΧΡΙ ΤΟ ΤΥΦΛΟ  ΜΕ ΑΦΑΙΡΕΣΗ ΟΓΚΟΥ(ΩΝ), ΠΟΛΥΠΟΔΑ(ΩΝ), Ή ΑΛΛΗΣ(ΩΝ) ΒΛΑΒΗΣ(ΩΝ) ΜΕ ΒΡΟΧΟ;;;;;
4600;X670731;ΕΝΔΟΣΚΟΠΗΣΗ ΠΑΧΕΟΣ ΕΝΤΕΡΟΥ ΜΕ ΕΥΚΑΠΤΟ ΟΡΓΑΝΟ ΜΕΧΡΙ ΤΟ ΤΥΦΛΟ  ΜΕ ΔΙΑΣΤΟΛΗ ΜΕ ΔΙΑΤΑΣΗ ΑΕΡΟΘΑΛΑΜΟΥ (ΜΙΑ Ή ΠΕΡΙΣΣΟΤΕΡΕΣ ΣΤΕΝΩΣΕΙΣ);;;;;
4601;X670733;ΕΝΔΟΣΚΟΠΗΣΗ ΠΑΧΕΟΣ ΕΝΤΕΡΟΥ ΜΕ ΕΥΚΑΠΤΟ ΟΡΓΑΝΟ ΜΕΧΡΙ ΤΟ ΤΥΦΛΟ  ΜΕ ΕΙΣΑΓΩΓΗ ΕΝΔΟΠΡΟΘΕΣΗΣ (ΜΕ Η ΧΩΡΙΣ ΔΙΑΣΤΟΛΗ);;;;;
4602;X670741;ΕΝΔΟΣΚΟΠΗΣΗ ΠΑΧΕΟΣ ΕΝΤΕΡΟΥ ΜΕ ΕΥΚΑΠΤΟ ΟΡΓΑΝΟ ΜΕΧΡΙ ΤΟ ΤΥΦΛΟ  ΜΕ ΕΝΔΟΣΚΟΠΙΚΗ ΥΠΕΡΗΧΟΤΟΜΟΓΡΑΦΙΑ;;;;;
4603;X670743;ΕΝΔΟΣΚΟΠΗΣΗ ΠΑΧΕΟΣ ΕΝΤΕΡΟΥ ΜΕ ΕΥΚΑΠΤΟ ΟΡΓΑΝΟ ΜΕΧΡΙ ΤΟ ΤΥΦΛΟ ΜΕ ΕΝΔΟΣΚΟΠΙΚΗ ΥΠΕΡΗΧΟΤΟΜΟΓΡΑΦΙΑ ΜΕ ΛΗΨΗ ΒΙΟΨΙΑΣ/ΚΥΤΤΑΡΟΛΟΓΙΚΗΣ ΜΕ ΛΕΠΤΗ ΒΕΛΟΝΗ;;;;;
4604;X670749;ΛΑΠΑΡΟΣΚΟΠΗΣΗ, ΧΕΙΡΟΥΡΓΙΚΗ, ΠΡΩΚΤΕΚΤΟΜΗ, ΠΛΗΡΗΣ, ΣΥΝΔΥΑΣΜΕΝΗ ΚΟΙΛΙΟΠΕΡΙΝΕΪΚΗ, ΜΕ ΚΟΛΟΣΤΟΜΙΑ;;;;;
4605;X670753;ΛΑΠΑΡΟΣΚΟΠΗΣΗ, ΧΕΙΡΟΥΡΓΙΚΗ, ΠΡΩΚΤΕΚΤΟΜΗ, ΣΥΝΔΥΑΣΜΕΝΗ ΚΟΙΛΙΟΠΕΡΙΝΕΪΚΗ ΔΙΑΔΙΚΑΣΙΑ ΔΙΕΛΚΥΣΗΣ (Π.Χ. ΚΟΛΟ-ΠΡΩΚΤΙΚΗ ΑΝΑΣΤΟΜΩΣΗ), ΜΕ ΔΗΜΙΟΥΡΓΙΑ  ΔΕΞΑΜΕΝΗΣ ΠΑΧΕΩΣ ΕΝΤΕΡΟΥ (Π.Χ. ΚΟΛΠΩΜΑ ΤΥΠΟΥ J) ΜΕ ΕΝΤΕΡΟΣΤΟΜΙΑ ΕΚΤΡΟΠΗΣ, ΟΤΑΝ ΕΚΤΕΛΕΙΤΑΙ;;;;;
4606;X670759;ΛΑΠΑΡΟΣΚΟΠΗΣΗ, ΧΕΙΡΟΥΡΓΙΚΗ, ΠΡΩΚΤΟΠΗΞΙΑ (ΓΙΑ ΠΡΟΠΤΩΣΗ);;;;;
4607;X670763;ΛΑΠΑΡΟΣΚΟΠΗΣΗ, ΧΕΙΡΟΥΡΓΙΚΗ, ΠΡΩΚΤΟΠΗΞΙΑ (ΓΙΑ ΠΡΟΠΤΩΣΗ), ΜΕ ΕΚΤΟΜΗ ΣΙΓΜΟΕΙΔΟΥΣ;;;;;
4608;X670957;ΜΗ ΚΑΤΑΓΕΓΡΑΜΜΕΝΗ ΔΙΑΔΙΚΑΣΙΑ ΛΑΠΑΡΟΣΚΟΠΗΣΗΣ, ΟΡΘΟ;;;;;
4609;X670959;ΠΡΩΚΤΟΠΛΑΣΤΙΚΗ, ΓΙΑ ΣΤΕΝΩΣΗ;;;;;
4610;X670969;ΠΡΩΚΤΟΠΛΑΣΤΙΚΗ, ΓΙΑ ΠΡΟΠΤΩΣΗ ΒΛΕΝΝΟΓΟΝΟΥ;;;;;
4611;X670999;ΠΕΡΙΟΡΘΙΚΗ ΕΓΧΥΣΗ ΣΚΛΗΡΥΝΤΙΚΟΥ ΔΙΑΛΥΜΑΤΟΣ ΓΙΑ ΠΡΟΠΤΩΣΗ;;;;;
4612;X671039;ΠΡΩΚΤΟΠΗΞΙΑ (Π.Χ. ΓΙΑ ΠΡΟΠΤΩΣΗ), ΚΟΙΛΙΑΚΗ ΠΡΟΣΕΓΓΙΣΗ;;;;;
4613;X671041;ΠΡΩΚΤΟΠΗΞΙΑ (Π.Χ. ΓΙΑ ΠΡΟΠΤΩΣΗ), ΠΕΡΙΝΕΪΚΗ ΠΡΟΣΕΓΓΙΣΗ;;;;;
4614;X671059;ΠΡΩΚΤΟΠΗΞΙΑ (Π.Χ. ΓΙΑ ΠΡΟΠΤΩΣΗ), ΜΕ ΕΚΤΟΜΗ ΣΙΓΜΟΕΙΔΟΥΣ, ΚΟΙΛΙΑΚΗ  ΠΡΟΣΕΓΓΙΣΗ;;;;;
4615;X671079;ΑΠΟΚΑΤΑΣΤΑΣΗ ΟΡΘΟΚΗΛΗΣ (ΞΕΧΩΡΙΣΤΗ ΔΙΑΔΙΚΑΣΙΑ);;;;;
4616;X671083;ΔΙΕΡΕΥΝΗΣΗ, ΑΠΟΚΑΤΑΣΤΑΣΗ ΚΑΙ ΠΡΟΪΕΡΑ ΠΑΡΟΧΕΤΕΥΣΗ ΓΙΑ ΤΡΑΥΜΑ ΤΟΥ ΟΡΘΟΥ,;;;;;
4617;X671085;ΔΙΕΡΕΥΝΗΣΗ, ΑΠΟΚΑΤΑΣΤΑΣΗ ΚΑΙ ΠΡΟΪΕΡΑ ΠΑΡΟΧΕΤΕΥΣΗ ΓΙΑ ΤΡΑΥΜΑ ΤΟΥ ΟΡΘΟΥ ΜΕ ΚΟΛΟΣΤΟΜΙΑ;;;;;
4618;X671559;ΣΥΓΚΛΕΙΣΗ ΟΡΘΟΚΥΣΤΙΚΟΥ ΣΥΡΙΓΓΙΟΥ,;;;;;
4619;X671569;ΣΥΓΚΛΕΙΣΗ ΟΡΘΟΚΥΣΤΙΚΟΥ ΣΥΡΙΓΓΙΟΥ· ΜΕ ΚΟΛΟΣΤΟΜΙΑ;;;;;
4620;X671599;ΣΥΓΚΛΕΙΣΗ ΟΡΘΟΟΥΡΗΘΡΙΚΟΥ ΣΥΡΙΓΓΙΟΥ,;;;;;
4621;X671609;ΣΥΓΚΛΕΙΣΗ ΟΡΘΟΟΥΡΗΘΡΙΚΟΥ ΣΥΡΙΓΓΙΟΥ· ΜΕ ΚΟΛΟΣΤΟΜΙΑ;;;;;
4622;X671759;ΑΠΟΚΑΤΑΣΤΑΣΗ ΠΡΟΠΤΩΣΗΣ (ΞΕΧΩΡΙΣΤΗ ΔΙΑΔΙΚΑΣΙΑ) ΥΠΟ ΑΝΑΙΣΘΗΣΙΑ;;;;;
4623;X671769;ΔΙΑΣΤΟΛΗ ΠΡΩΚΤΙΚΟΥ ΣΦΙΓΚΤΗΡΑ (ΞΕΧΩΡΙΣΤΗ ΔΙΑΔΙΚΑΣΙΑ) ΥΠΟ ΑΝΑΙΣΘΗΣΙΑ, ΕΚΤΟΣ ΑΠΟ ΤΟΠΙΚΗ;;;;;
4624;X671779;ΔΙΑΣΤΟΛΗ ΠΡΩΚΤΙΚΗΣ ΣΤΕΝΩΣΗΣ (ΞΕΧΩΡΙΣΤΗ ΔΙΑΔΙΚΑΣΙΑ) ΥΠΟ ΑΝΑΙΣΘΗΣΙΑ, ΕΚΤΟΣ ΑΠΟ ΤΟΠΙΚΗ;;;;;
4625;X671789;ΑΦΑΙΡΕΣΗ ΕΝΣΦΗΝΩΜΕΝΩΝ ΚΟΠΡΑΝΩΝ Ή ΞΕΝΟΥ ΣΩΜΑΤΟΣ (ΞΕΧΩΡΙΣΤΗ ΔΙΑΔΙΚΑΣΙΑ) ΥΠΟ ΑΝΑΙΣΘΗΣΙΑ;;;;;
4626;X671939;ΟΡΘΟΠΡΩΚΤΙΚΗ ΕΞΕΤΑΣΗ, ΧΕΙΡΟΥΡΓΙΚΗ, ΑΠΑΙΤΕΙ ΑΝΑΙΣΘΗΣΙΑ (ΓΕΝΙΚΗ, ΣΠΟΝΔΥΛΙΚΗ Ή ΕΠΙΣΚΛΗΡΙΔΙΟΣ), ΔΙΑΓΝΩΣΤΙΚΗ;;;;;
4627;X671957;ΜΗ ΚΑΤΑΓΕΓΡΑΜΜΕΝΗ ΔΙΑΔΙΚΑΣΙΑ, ΟΡΘΟ;;;;;
4628;X671999;ΤΟΠΟΘΕΤΗΣΗ SETON;;;;;
4629;X672019;ΑΦΑΙΡΕΣΗ ΠΡΩΚΤΙΚΟΥ SETON, ΑΛΛΟΣ ΔΕΙΚΤΗΣ;;;;;
4630;X672039;ΤΟΜΗ ΚΑΙ ΠΑΡΟΧΕΤΕΥΣΗ ΙΣΧΙΟΡΘΙΚΟΥ ΚΑΙ/Ή ΠΕΡΙΟΡΘΙΚΟΥ ΑΠΟΣΤΗΜΑΤΟΣ (ΞΕΧΩΡΙΣΤΗ ΔΙΑΔΙΚΑΣΙΑ);;;;;
4631;X672049;ΤΟΜΗ ΚΑΙ ΠΑΡΟΧΕΤΕΥΣΗ ΕΝΔΟΤΟΙΧΩΜΑΤΙΚΟΥ, ΕΝΔΟΜΥΪΚΟΥ Ή ΥΠΟΒΛΕΝΝΟΓΟΝΙΟΥ ΑΠΟΣΤΗΜΑΤΟΣ, ΔΙΑΠΡΩΚΤΙΚΗ, ΥΠΟ ΑΝΑΙΣΘΗΣΙΑ;;;;;
4632;X672059;ΤΟΜΗ ΚΑΙ ΠΑΡΟΧΕΤΕΥΣΗ, ΠΕΡΙΠΡΩΚΤΙΚΟ ΑΠΟΣΤΗΜΑ, ΕΠΙΦΑΝΕΙΑΚΟ;;;;;
4633;X672079;ΤΟΜΗ ΚΑΙ ΠΑΡΟΧΕΤΕΥΣΗ ΙΣΧΙΟΡΘΙΚΟΥ Ή ΕΝΔΟΤΟΙΧΩΜΑΤΙΚΟΥ ΑΠΟΣΤΗΜΑΤΟΣ, ΜΕ ΣΥΡΙΓΓΙΕΚΤΟΜΗ Ή ΣΥΡΙΓΓΙΟΤΟΜΗ, ΥΠΟΜΥΪΚΗ, ΜΕ Ή ΧΩΡΙΣ ΤΟΠΟΘΕΤΗΣΗ SETON;;;;;
4634;X672099;ΤΟΜΗ, ΠΡΩΚΤΙΚΟ ΔΙΑΦΡΑΓΜΑ (ΒΡΕΦΗ);;;;;
4635;X672119;ΣΦΙΓΚΤΗΡΕΚΤΟΜΗ, ΠΡΩΚΤΙΚΗ, ΔΙΑΧΩΡΙΣΜΟΣ ΤΟΥ ΣΦΙΓΚΤΗΡΑ (ΞΕΧΩΡΙΣΤΗ ΔΙΑΔΙΚΑΣΙΑ);;;;;
4636;X672125;ΤΟΜΗ ΘΡΟΜΒΩΜΕΝΗΣ ΑΙΜΟΡΡΟΪΔΑΣ, ΕΞΩΤΕΡΙΚΗ;;;;;
4637;X672359;ΕΚΤΟΜΗ ΡΑΓΑΔΑΣ, ΜΕ Ή ΧΩΡΙΣ ΣΦΙΓΚΤΗΡΟΤΟΜΗ;;;;;
4638;X672379;ΚΡΥΠΤΕΚΤΟΜΗ, ΜΙΑ;;;;;
4639;X672381;ΚΡΥΠΤΕΚΤΟΜΗ, ΠΟΛΛΑΠΛΕΣ (ΞΕΧΩΡΙΣΤΗ ΔΙΑΔΙΚΑΣΙΑ);;;;;
4640;X672399;ΘΗΛΩΜΑΤΕΚΤΟΜΗ Ή  ΕΚΤΟΜΗ ΜΙΑΣ ΡΑΓΑΔΑΣ, ΠΡΩΚΤΟΣ (ΞΕΧΩΡΙΣΤΗ ΔΙΑΔΙΚΑΣΙΑ);;;;;
4641;X672401;ΑΙΜΟΡΡΟΪΔΕΚΤΟΜΗ, ΜΕ ΑΠΛΗ ΠΕΡΙΔΕΣΗ (Π.Χ. ΠΛΑΣΤΙΚΟΣ ΕΠΙΔΕΣΜΟΣ);;;;;
4642;X672419;ΕΚΤΟΜΗ ΕΞΩΤΕΡΙΚΩΝ  ΥΠΕΡΤΡΟΦΙΚΩΝ ΑΙΜΟΡΡΟΪΔΩΝ ΚΑΙ/'Η ΠΟΛΛΑΠΛΩΝ ΘΗΛΩΜΑΤΩΝ;;;;;
4643;X672459;ΑΙΜΟΡΡΟΪΔΕΚΤΟΜΗ, ΕΞΩΤΕΡΙΚΗ, ΠΛΗΡΗΣ;;;;;
4644;X672469;ΑΙΜΟΡΡΟΪΔΕΚΤΟΜΗ, ΕΣΩΤΕΡΙΚΗ ΚΑΙ ΕΞΩΤΕΡΙΚΗ, ΑΠΛΗ.;;;;;
4645;X672473;ΑΙΜΟΡΡΟΪΔΕΚΤΟΜΗ, ΕΣΩΤΕΡΙΚΗ ΚΑΙ ΕΞΩΤΕΡΙΚΗ, ΑΠΛΗ. ΜΕ ΕΚΤΟΜΗ ΡΑΓΑΔΑΣ;;;;;
4646;X672475;ΑΙΜΟΡΡΟΪΔΕΚΤΟΜΗ, ΕΣΩΤΕΡΙΚΗ ΚΑΙ ΕΞΩΤΕΡΙΚΗ, ΑΠΛΗ. ΜΕ ΣΥΡΙΓΓΙΕΚΤΟΜΗ, ΜΕ Ή ΧΩΡΙΣ ΕΚΤΟΜΗ ΡΑΓΑΔΑΣ;;;;;
4647;X672479;ΑΙΜΟΡΡΟΪΔΕΚΤΟΜΗ, ΕΣΩΤΕΡΙΚΗ ΚΑΙ ΕΞΩΤΕΡΙΚΗ, ΣΥΝΘΕΤΗ Ή ΕΚΤΕΤΑΜΕΝΗ.;;;;;
4648;X672481;ΑΙΜΟΡΡΟΪΔΕΚΤΟΜΗ, ΕΣΩΤΕΡΙΚΗ ΚΑΙ ΕΞΩΤΕΡΙΚΗ, ΣΥΝΘΕΤΗ Ή ΕΚΤΕΤΑΜΕΝΗ. ΜΕ ΕΚΤΟΜΗ ΡΑΓΑΔΑΣ;;;;;
4649;X672483;ΑΙΜΟΡΡΟΪΔΕΚΤΟΜΗ, ΕΣΩΤΕΡΙΚΗ ΚΑΙ ΕΞΩΤΕΡΙΚΗ, ΣΥΝΘΕΤΗ Ή ΕΚΤΕΤΑΜΕΝΗ. ΜΕ ΣΥΡΙΓΓΙΕΚΤΟΜΗ, ΜΕ Ή ΧΩΡΙΣ ΕΚΤΟΜΗ ΡΑΓΑΔΑΣ;;;;;
4650;X672499;ΧΕΙΡΟΥΡΓΙΚΗ ΘΕΡΑΠΕΙΑ ΣΥΡΙΓΓΙΟΥ ΠΡΩΚΤΟΥ (ΣΥΡΙΓΓΙΕΚΤΟΜΗ/ΣΥΡΙΓΓΙΟΤΟΜΗ) ΥΠΟΔΟΡΙΑ;;;;;
4651;X672509;ΧΕΙΡΟΥΡΓΙΚΗ ΘΕΡΑΠΕΙΑ ΣΥΡΙΓΓΙΟΥ ΠΡΩΚΤΟΥ (ΣΥΡΙΓΓΙΕΚΤΟΜΗ/ΣΥΡΙΓΓΙΟΤΟΜΗ) ΥΠΟΜΥΪΚΗ;;;;;
4652;X672519;ΧΕΙΡΟΥΡΓΙΚΗ ΘΕΡΑΠΕΙΑ ΣΥΡΙΓΓΙΟΥ ΠΡΩΚΤΟΥ (ΣΥΡΙΓΓΙΕΚΤΟΜΗ/ΣΥΡΙΓΓΙΟΤΟΜΗ), ΣΥΝΘΕΤΗ Ή ΠΟΛΛΑΠΛΕΣ, ΜΕ Ή ΧΩΡΙΣ ΤΟΠΟΘΕΤΗΣΗ SETON;;;;;
4653;X672529;ΧΕΙΡΟΥΡΓΙΚΗ ΘΕΡΑΠΕΙΑ ΣΥΡΙΓΓΙΟΥ ΠΡΩΚΤΟΥ (ΣΥΡΙΓΓΙΕΚΤΟΜΗ/ΣΥΡΙΓΓΙΟΤΟΜΗ), ΔΕΥΤΕΡΟ ΣΤΑΔΙΟ;;;;;
4654;X672535;ΣΥΓΚΛΕΙΣΗ ΠΡΩΚΤΙΚΟΥ ΣΥΡΙΓΓΙΟΥ ΜΕ ΚΡΗΜΝΟ;;;;;
4655;X672599;ΕΚΠΥΡΗΝΩΣΗ Ή ΕΚΤΟΜΗ ΕΞΩΤΕΡΙΚΩΝ ΘΡΟΜΒΩΜΕΝΩΝ ΑΙΜΟΡΡΟΪΔΩΝ;;;;;
4656;X672959;ΕΓΧΥΣΗ ΣΚΛΗΡΥΝΤΙΚΟΥ ΔΙΑΛΥΜΑΤΟΣ, ΑΙΜΟΡΡΟΪΔΕΣ;;;;;
4657;X672969;ΧΗΜΙΚΗ ΑΠΟΝΕΥΡΩΣΗ ΕΣΩ ΠΡΩΚΤΙΚΟΥ ΣΦΙΓΚΤΗΡΑ;;;;;
4658;X673159;ΠΡΩΚΤΟΣΚΟΠΗΣΗ, ΔΙΑΓΝΩΣΤΙΚΗ, ΜΕ Ή ΧΩΡΙΣ ΣΥΛΛΟΓΗ ΔΕΙΓΜΑΤΟΣ(ΩΝ) ΜΕ ΒΟΥΡΤΣΙΣΜΑ Ή ΕΚΠΛΥΣΗ (ΞΕΧΩΡΙΣΤΗ ΔΙΑΔΙΚΑΣΙΑ);;;;;
4659;X673167;ΠΡΩΚΤΟΣΚΟΠΗΣΗ, ΜΕ ΔΙΑΣΤΟΛΗ (Π.Χ. ΑΕΡΟΘΑΛΑΜΟ, ΟΔΗΓΟ ΣΥΡΜΑ, ΚΗΡΙΟ);;;;;
4660;X673171;ΠΡΩΚΤΟΣΚΟΠΗΣΗ, ΜΕ ΒΙΟΨΙΑ, ΜΙΑ Ή ΠΟΛΛΑΠΛΕΣ;;;;;
4661;X673175;ΠΡΩΚΤΟΣΚΟΠΗΣΗ, ΜΕ ΑΦΑΙΡΕΣΗ ΞΕΝΟΥ ΣΩΜΑΤΟΣ;;;;;
4662;X673179;ΠΡΩΚΤΟΣΚΟΠΗΣΗ, ΜΕ ΑΦΑΙΡΕΣΗ ΟΓΚΟΥ, ΠΟΛΥΠΟΔΑ Ή ΑΛΛΗΣ ΜΟΝΗΡΟΥΣ ΒΛΑΒΗΣ ΜΕΣΩ ΚΑΥΤΩΝ  ΛΑΒΙΔΩΝ ΒΙΟΨΙΑΣ (HOT BIOPSY) Ή ΔΙΠΟΛΙΚΟΥ ΚΑΥΤΗΡΑ;;;;;
4663;X673181;ΠΡΩΚΤΟΣΚΟΠΗΣΗ, ΜΕ ΑΦΑΙΡΕΣΗ ΟΓΚΟΥ, ΠΟΛΥΠΟΔΑ Ή ΑΛΛΗΣ ΜΟΝΗΡΟΥΣ ΒΛΑΒΗΣ ΜΕ ΤΕΧΝΙΚΗ ΒΡΟΧΟΥ;;;;;
4664;X673183;ΠΡΩΚΤΟΣΚΟΠΗΣΗ, ΜΕ ΑΦΑΙΡΕΣΗ ΠΟΛΛΑΠΛΩΝ ΟΓΚΩΝ, ΠΟΛΥΠΟΔΩΝ Ή ΑΛΛΩΝ ΒΛΑΒΩΝ ΜΕΣΩ ΚΑΥΤΩΝ ΛΑΒΙΔΩΝ ΒΙΟΨΙΑΣ (HOT BIOPSY), ΔΙΠΟΛΙΚΟΥ ΚΑΥΤΗΡΑ Ή ΤΕΧΝΙΚΗΣ ΒΡΟΧΟΥ;;;;;
4665;X673187;ΠΡΩΚΤΟΣΚΟΠΗΣΗ, ΜΕ ΕΛΕΓΧΟ ΑΙΜΟΡΡΑΓΙΑΣ (Π.Χ. ΕΓΧΥΣΗ, ΔΙΠΟΛΙΚΟΣ ΚΑΥΤΗΡΑΣ, ΜΟΝΟΠΟΛΙΚΟΣ ΚΑΥΤΗΡΑΣ, ΛΕΪΖΕΡ, ΘΕΡΜΙΚΟΣ ΚΑΘΕΤΗΡΑΣ, ΣΥΡΡΑΠΤΙΚΟ, ΣΥΣΚΕΥΗ  ΠΗΞΗΣ ΠΛΑΣΜΑΤΟΣ);;;;;
4666;X673189;ΠΡΩΚΤΟΣΚΟΠΗΣΗ. ΜΕ ΚΑΤΑΣΤΡΟΦΗ ΟΓΚΟΥ(ΩΝ), ΠΟΛΥΠΟΔΑ(ΩΝ), Ή ΑΛΛΗΣ(ΩΝ) ΒΛΑΒΗΣ(ΩΝ) ΜΗ ΥΠΟΚΕΙΜΕΝΗΣ(ΩΝ) ΣΕ ΑΦΑΙΡΕΣΗ ΜΕΣΩ ΚΑΥΤΩΝ ΛΑΒΙΔΩΝ ΒΙΟΨΙΑΣ (HOT BIOPSY), ΔΙΠΟΛΙΚΟΥ ΚΑΥΤΗΡΑ Ή  ΤΕΧΝΙΚΗΣ ΒΡΟΧΟΥ;;;;;
4667;X673359;ΠΡΩΚΤΟΠΛΑΣΤΙΚΗ, ΠΛΑΣΤΙΚΗ ΕΓΧΕΙΡΗΣΗ ΓΙΑ ΣΤΕΝΩΣΗ, ΕΝΗΛΙΚΕΣ;;;;;
4668;X673369;ΠΡΩΚΤΟΠΛΑΣΤΙΚΗ, ΠΛΑΣΤΙΚΗ ΕΓΧΕΙΡΗΣΗ ΓΙΑ ΣΤΕΝΩΣΗ, ΒΡΕΦΗ;;;;;
4669;X673371;ΑΠΟΚΑΤΑΣΤΑΣΗ ΠΡΩΚΤΙΚΟΥ ΣΥΡΙΓΓΙΟΥ ΜΕ ΚΟΛΛΑ ΙΝΩΔΟΥΣ;;;;;
4670;X673379;ΑΠΟΚΑΤΑΣΤΑΣΗ ΕΙΛΕΟΠΡΩΚΤΙΚΟΥ ΣΥΡΙΓΓΙΟΥ/ΚΟΛΠΟΥ, ΚΟΛΠΩΜΑΤΟΣ (Π.Χ. ΠΕΡΙΝΕΪΚΟΥ Ή ΚΟΛΠΙΚΟΥ), ΚΟΛΠΙΚΗ ΔΙΕΥΘΕΤΗΣΗ, ΔΙΑΠΕΡΙΝΕΪΚΗ ΠΡΟΣΠΕΛΑΣΗ;;;;;
4671;X673383;ΑΠΟΚΑΤΑΣΤΑΣΗ ΕΙΛΕΟΠΡΩΚΤΙΚΟΥ ΣΥΡΙΓΓΙΟΥ/ΚΟΛΠΟΥ ΚΟΛΠΩΜΑΤΟΣ (Π.Χ. ΠΕΡΙΝΕΪΚΟΥ Ή ΚΟΛΠΙΚΟΥ), ΚΟΛΠΙΚΗ ΔΙΕΥΘΕΤΗΣΗ, ΣΥΝΔΥΑΣΜΕΝΗ ΔΙΑΠΕΡΙΝΕΪΚΗ ΚΑΙ ΔΙΑΚΟΙΛΙΑΚΗ ΠΡΟΣΠΕΛΑΣΗ;;;;;
4672;X673389;ΑΠΟΚΑΤΑΣΤΑΣΗ ΧΑΜΗΛΗΣ ΑΤΡΗΣΙΑΣ ΠΡΩΚΤΟΥ. ΜΕ ΠΡΩΚΤΟΠΕΡΙΝΕΪΚΟ ΣΥΡΙΓΓΙΟ (ΔΙΑΔΙΚΑΣΙΑ CUT-BACK);;;;;
4673;X673391;ΑΠΟΚΑΤΑΣΤΑΣΗ ΧΑΜΗΛΗΣ ΑΤΡΗΣΙΑΣ ΠΡΩΚΤΟΥ. ΜΕ ΜΕΤΑΤΟΠΙΣΗ ΠΡΩΚΤΟΠΕΡΙΝΕΪΚΟΥ Ή ΠΡΩΚΤΟΚΟΛΠΙΚΟΥ ΣΥΡΙΓΓΙΟΥ;;;;;
4674;X673419;ΑΠΟΚΑΤΑΣΤΑΣΗ ΥΨΗΛΗΣ ΑΤΡΗΣΙΑΣ ΠΡΩΚΤΟΥ ΧΩΡΙΣ ΣΥΡΙΓΓΙΟ, ΠΕΡΙΝΕΪΚΗ Ή ΙΕΡΟΠΕΡΙΝΕΪΚΗ ΠΡΟΣΠΕΛΑΣΗ;;;;;
4675;X673429;ΑΠΟΚΑΤΑΣΤΑΣΗ ΥΨΗΛΗΣ ΑΤΡΗΣΙΑΣ ΠΡΩΚΤΟΥ ΧΩΡΙΣ ΣΥΡΙΓΓΙΟ, ΣΥΝΔΥΑΣΜΕΝΗ ΔΙΑΚΟΙΛΙΑΚΗ ΚΑΙ  ΙΕΡΟΠΕΡΙΝΕΪΚΗ ΠΡΟΣΠΕΛΑΣΗ;;;;;
4676;X673439;ΑΠΟΚΑΤΑΣΤΑΣΗ ΥΨΗΛΗΣ ΑΤΡΗΣΙΑΣ ΠΡΩΚΤΟΥ ΜΕ ΟΡΘΟΟΥΡΗΘΡΙΚΟ Ή ΟΡΘΟΚΟΛΠΙΚΟ ΣΥΡΙΓΓΙΟ, ΠΕΡΙΝΕΪΚΗ Ή ΙΕΡΟΠΕΡΙΝΕΪΚΗ ΠΡΟΣΠΕΛΑΣΗ;;;;;
4677;X673443;ΑΠΟΚΑΤΑΣΤΑΣΗ ΥΨΗΛΗΣ ΑΤΡΗΣΙΑΣ ΠΡΩΚΤΟΥ ΜΕ ΟΡΘΟΟΥΡΗΘΡΙΚΟ Ή ΟΡΘΟΚΟΛΠΙΚΟ ΣΥΡΙΓΓΙΟ. ΣΥΝΔΥΑΣΜΕΝΗ ΔΙΑΚΟΙΛΙΑΚΗ ΚΑΙ ΙΕΡΟΠΕΡΙΝΕΪΚΗ ΠΡΟΣΠΕΛΑΣΗ;;;;;
4678;X673447;ΑΠΟΚΑΤΑΣΤΑΣΗ ΑΝΩΜΑΛΙΑΣ ΚΛΟΑΚΗΣ ΜΕ ΠΡΩΚΤΟΡΘΟΚΟΛΠΙΚΗ ΠΛΑΣΤΙΚΗ ΚΑΙ ΟΥΡΗΘΡΟΠΛΑΣΤΙΚΗ,  ΙΕΡΟΠΕΡΙΝΕΪΚΗ ΠΡΟΣΠΕΛΑΣΗ;;;;;
4679;X673451;ΑΠΟΚΑΤΑΣΤΑΣΗ ΑΝΩΜΑΛΙΑΣ ΚΛΟΑΚΗΣ ΜΕ ΠΡΩΚΤΟΡΘΟΚΟΛΠΙΚΗ ΠΛΑΣΤΙΚΗ ΚΑΙ ΟΥΡΗΘΡΟΠΛΑΣΤΙΚΗ,  ΣΥΝΔΥΑΣΜΕΝΗ ΚΟΙΛΙΑΚΗ ΚΑΙ ΙΕΡΟΠΕΡΙΝΕΪΚΗ ΠΡΟΣΠΕΛΑΣΗ;;;;;
4680;X673455;ΑΠΟΚΑΤΑΣΤΑΣΗ ΑΝΩΜΑΛΙΑΣ ΚΛΟΑΚΗΣ ΜΕ ΠΡΩΚΤΟΡΘΟΚΟΛΠΙΚΗ ΠΛΑΣΤΙΚΗ ΚΑΙ ΟΥΡΗΘΡΟΠΛΑΣΤΙΚΗ,  ΣΥΝΔΥΑΣΜΕΝΗ ΚΟΙΛΙΑΚΗ ΚΑΙ ΙΕΡΟΠΕΡΙΝΕΪΚΗ ΠΡΟΣΠΕΛΑΣΗ, ΜΕ ΚΟΛΠΙΚΗ ΕΠΙΜΗΚΥΝΣΗ ΜΕ ΕΝΤΕΡΙΚΟ ΜΟΣΧΕΥΜΑ Ή ΜΙΣΧΩΤΟΥΣ ΚΡΗΜΟΥΣ;;;;;
4681;X673459;ΣΦΙΓΚΤΗΡΟΠΛΑΣΤΙΚΗ, ΠΡΩΚΤΙΚΗ, ΓΙΑ ΑΚΡΑΤΕΙΑ Ή ΠΡΟΠΤΩΣΗ, ΕΝΗΛΙΚΕΣ;;;;;
4682;X673461;ΣΦΙΓΚΤΗΡΟΠΛΑΣΤΙΚΗ, ΠΡΩΚΤΙΚΗ, ΓΙΑ ΑΚΡΑΤΕΙΑ Ή ΠΡΟΠΤΩΣΗ, ΠΑΙΔΙΑ;;;;;
4683;X673465;ΜΟΣΧΕΥΜΑ (ΕΓΧΕΙΡΗΣΗ THIERSCH) ΓΙΑ ΟΡΘΙΚΗ ΑΚΡΑΤΕΙΑ ΚΑΙ/Ή ΠΡΟΠΤΩΣΗ;;;;;
4684;X673467;ΑΦΑΙΡΕΣΗ ΣΥΡΜΑΤΟΣ THIERSCH Ή ΡΑΜΜΑΤΟΣ, ΠΡΩΚΤΙΚΟ ΚΑΝΑΛΙ;;;;;
4685;X673479;ΣΦΙΓΚΤΗΡΟΠΛΑΣΤΙΚΗ, ΠΡΩΚΤΙΚΗ, ΓΙΑ ΑΚΡΑΤΕΙΑ, ΕΝΗΛΙΚΕΣ, ΜΕΤΑΜΟΣΧΕΥΣΗ ΜΥΩΝ;;;;;
4686;X673481;ΣΦΙΓΚΤΗΡΟΠΛΑΣΤΙΚΗ, ΠΡΩΚΤΙΚΗ, ΓΙΑ ΑΚΡΑΤΕΙΑ, ΕΝΗΛΙΚΕΣ, ΜΕ ΧΡΗΣΗ ΑΝΕΛΚΤΗΡΑ ΜΥΟΣ (ΟΠΙΣΘΙΑ ΑΠΟΚΑΤΑΣΤΑΣΗ ΠΡΩΚΤΟΥ PARK);;;;;
4687;X673483;ΣΦΙΓΚΤΗΡΟΠΛΑΣΤΙΚΗ, ΠΡΩΚΤΙΚΗ, ΓΙΑ ΑΚΡΑΤΕΙΑ, ΕΝΗΛΙΚΕΣ, ΜΕΤΑΜΟΣΧΕΥΣΗ ΤΕΧΝΗΤΟΥ ΣΦΙΓΚΤΗΡΑ;;;;;
4688;X673759;ΚΑΤΑΣΤΡΟΦΗ ΒΛΑΒΗΣ(ΩΝ), ΠΡΩΚΤΟΣ (ΠΧ, ΚΟΝΔΥΛΩΜΑ, ΘΗΛΩΜΑ, ΜΟΛΥΣΜΑΤΙΚΗ   ΤΕΡΜΙΝΘΟΣ) ΑΠΛΗ· ΧΗΜΙΚΗ;;;;;
4689;X673779;ΚΑΤΑΣΤΡΟΦΗ ΒΛΑΒΗΣ(ΩΝ), ΠΡΩΚΤΟΣ (ΠΧ, ΚΟΝΔΥΛΩΜΑ, ΘΗΛΩΜΑ, ΜΟΛΥΣΜΑΤΙΚΗ   ΤΕΡΜΙΝΘΟΣ) ΑΠΛΗ· ΚΑΤΑΣΤΡΟΦΗ  ΜΕ ΧΡΗΣΗ ΗΛΕΚΤΡΙΚΟΥ ΡΕΥΜΑΤΟΣ, ΗΛΕΚΤΡΟΔΙΑΘΕΡΜΟΠΗΞΙΑ;;;;;
4690;X673791;ΚΑΤΑΣΤΡΟΦΗ ΒΛΑΒΗΣ(ΩΝ), ΠΡΩΚΤΟΣ (ΠΧ, ΚΟΝΔΥΛΩΜΑ, ΘΗΛΩΜΑ, ΜΟΛΥΣΜΑΤΙΚΗ   ΤΕΡΜΙΝΘΟΣ) ΑΠΛΗ· ΚΡΥΟΧΕΙΡΟΥΡΓΙΚΗ;;;;;
4691;X673793;ΚΑΤΑΣΤΡΟΦΗ ΒΛΑΒΗΣ(ΩΝ), ΠΡΩΚΤΟΣ (ΠΧ, ΚΟΝΔΥΛΩΜΑ, ΘΗΛΩΜΑ, ΜΟΛΥΣΜΑΤΙΚΗ   ΤΕΡΜΙΝΘΟΣ) ΑΠΛΗ·  ΜΕ ΛΕΙΖΕΡ;;;;;
4692;X673803;ΚΑΤΑΣΤΡΟΦΗ ΒΛΑΒΗΣ(ΩΝ), ΠΡΩΚΤΟΣ (ΠΧ, ΚΟΝΔΥΛΩΜΑ, ΘΗΛΩΜΑ, ΜΟΛΥΣΜΑΤΙΚΗ   ΤΕΡΜΙΝΘΟΣ) ΑΠΛΗ· ΧΕΙΡΟΥΡΓΙΚΗ ΕΚΤΟΜΗ;;;;;
4693;X673807;ΚΑΤΑΣΤΡΟΦΗ ΒΛΑΒΗΣ(ΩΝ), ΠΡΩΚΤΟΣ (ΠΧ, ΚΟΝΔΥΛΩΜΑ, ΘΗΛΩΜΑ, ΜΟΛΥΣΜΑΤΙΚΗ   ΤΕΡΜΙΝΘΟΣ) ΕΚΤΕΤΑΜΕΝΗ (ΠΧ. ΧΕΙΡΟΥΡΓΙΚΗ ΜΕ ΛΕΙΖΕΡ ΗΛΕΚΤΡΟΧΕΙΡΟΥΡΓΙΚΗ, ΚΡΥΟΧΕΙΡΟΥΡΓΙΚΗ, ΧΗΜΙΚΗ ΧΕΙΡΟΥΡΓΙΚΗ);;;;;
4694;X673819;ΚΑΤΑΣΤΡΟΦΗ ΕΣΩΤΕΡΙΚΩΝ ΑΙΜΟΡΡΟΪΔΩΝ ΜΕ ΘΕΡΜΙΚΗ ΕΝΕΡΓΕΙΑ (Π.Χ. ΠΗΞΗ ΜΕ ΧΡΗΣΗ ΥΠΕΡΥΘΡΩΝ, ΚΑΥΤΗΡΙΑΣΗ, ΡΑΔΙΟΣΥΧΝΟΤΗΤΑ);;;;;
4695;X673833;ΚΡΥΟΧΕΙΡΟΥΡΓΙΚΗ ΟΡΘΙΚΟΥ ΟΓΚΟΥ. ΚΑΛΟΗΘΟΥΣ;;;;;
4696;X673835;ΚΡΥΟΧΕΙΡΟΥΡΓΙΚΗ ΟΡΘΙΚΟΥ ΟΓΚΟΥ. ΚΑΚΟΗΘΟΥΣ;;;;;
4697;X673839;ΑΠΟΞΕΣΗ Ή ΚΑΥΤΗΡΙΑΣΗ ΠΡΩΚΤΙΚΗΣ ΡΑΓΑΔΑΣ, ΣΥΜΠΕΡΙΛΑΜΒΑΝΕΤΑΙ ΔΙΑΣΤΟΛΗ ΠΡΩΚΤΙΚΟΥ ΣΦΙΓΚΤΗΡΑ (ΞΕΧΩΡΙΣΤΗ ΔΙΑΔΙΚΑΣΙΑ), ΑΡΧΙΚΗ;;;;;
4698;X673843;ΑΠΟΞΕΣΗ Ή ΚΑΥΤΗΡΙΑΣΗ ΠΡΩΚΤΙΚΗΣ ΡΑΓΑΔΑΣ, ΣΥΜΠΕΡΙΛΑΜΒΑΝΕΤΑΙ ΔΙΑΣΤΟΛΗ ΠΡΩΚΤΙΚΟΥ ΣΦΙΓΚΤΗΡΑ (ΞΕΧΩΡΙΣΤΗ ΔΙΑΔΙΚΑΣΙΑ), ΕΠΟΜΕΝΗ;;;;;
4699;X673849;ΑΠΟΛΙΝΩΣΗ ΕΣΩΤΕΡΙΚΩΝ ΑΙΜΟΡΡΟΪΔΩΝ, ΜΙΑ ΔΙΑΔΙΚΑΣΙΑ;;;;;
4700;X673851;ΑΠΟΛΙΝΩΣΗ ΕΣΩΤΕΡΙΚΩΝ ΑΙΜΟΡΡΟΪΔΩΝ, ΠΟΛΛΑΠΛΕΣ ΔΙΑΔΙΚΑΣΙΕΣ;;;;;
4701;X673853;ΑΙΜΟΡΡΟΪΔΟΠΗΞΙΑ (Π.Χ. ΓΙΑ ΠΡΟΠΤΩΣΗ ΕΣΩΤΕΡΙΚΩΝ ΑΙΜΟΡΡΟΪΔΩΝ) ΜΕ ΣΥΡΡΑΦΗ;;;;;
4702;X673957;ΜΗ ΚΑΤΑΓΕΓΡΑΜΜΕΝΗ ΔΙΑΔΙΚΑΣΙΑ, ΠΡΩΚΤΟΣ;;;;;
Β.20;ΠΕΡΙΟΧΗ ΗΠΑΤΟΣ – ΧΟΛΗΦΟΡΩΝ – ΠΑΓΚΡΕΑΤΟΣ;;;;;;
4703;X673959;ΒΙΟΨΙΑ ΗΠΑΤΟΣ, ΔΙΑΔΕΡΜΙΚΗ. ΒΕΛΟΝΗ;;;;;
4704;X673961;ΒΙΟΨΙΑ ΗΠΑΤΟΣ, ΒΕΛΟΝΗ, ΟΤΑΝ ΓΙΝΕΤΑΙ ΓΙΑ ΤΟΝ ΕΝΔΕΙΚΝΥΟΜΕΝΟ ΣΚΟΠΟ ΚΑΤΑ ΤΗ ΔΙΑΡΚΕΙΑ ΑΛΛΗΣ ΒΑΣΙΚΗΣ ΔΙΑΔΙΚΑΣΙΑΣ (ΝΑ ΚΑΤΑΓΡΑΦΕΤΑΙ ΞΕΧΩΡΙΣΤΑ ΜΑΖΙ ΜΕ ΤΟΝ ΚΩΔΙΚΟ ΓΙΑ ΤΗ ΒΑΣΙΚΗ  ΔΙΑΔΙΚΑΣΙΑ);;;;;
4705;X673979;ΗΠΑΤΟΤΟΜΗ, ΓΙΑ ΑΝΟΙΧΤΗ ΠΑΡΟΧΕΤΕΥΣΗ ΑΠΟΣΤΗΜΑΤΟΣ Ή ΚΥΣΤΗΣ, ΕΝΑ Ή ΔΥΟ ΣΤΑΔΙΑ;;;;;
4706;X673981;ΗΠΑΤΟΤΟΜΗ, ΓΙΑ ΔΙΑΔΕΡΜΙΚΗ ΠΑΡΟΧΕΤΕΥΣΗ ΑΠΟΣΤΗΜΑΤΟΣ Ή ΚΥΣΤΗΣ, ΕΝΑ Ή ΔΥΟ  ΣΤΑΔΙΑ;;;;;
4707;X673989;ΛΑΠΑΡΟΤΟΜΙΑ, ΜΕ ΑΝΑΡΡΟΦΗΣΗ ΚΑΙ/Ή ΕΓΧΥΣΗ ΟΥΣΙΑΣ ΕΠΙ ΗΠΑΤΙΚΗΣ ΠΑΡΑΣΙΤΙΚΗΣ (Π.Χ. ΑΜΟΙΒΑΔΙΚΗΣ Ή ΕΧΙΝΟΚΟΚΚΙΚΗΣ) ΚΥΣΤΗΣ Ή ΑΠΟΣΤΗΜΑΤΟΣ;;;;;
4708;X674159;ΒΙΟΨΙΑ ΗΠΑΤΟΣ, ΣΦΗΝΟΕΙΔΗΣ;;;;;
4709;X674199;ΗΠΑΤΕΚΤΟΜΗ, ΕΚΤΟΜΗ ΗΠΑΤΟΣ, ΜΕΡΙΚΗ ΛΟΒΕΚΤΟΜΗ;;;;;
4710;X674203;ΗΠΑΤΕΚΤΟΜΗ, ΕΚΤΟΜΗ ΗΠΑΤΟΣ, ΕΚΤΟΜΗ ΤΡΙΩΝ ΤΜΗΜΑΤΩΝ;;;;;
4711;X674209;ΗΠΑΤΕΚΤΟΜΗ, ΕΚΤΟΜΗ ΗΠΑΤΟΣ, ΟΛΙΚΗ ΑΡΙΣΤΕΡΗ ΛΟΒΕΚΤΟΜΗ;;;;;
4712;X674219;ΗΠΑΤΕΚΤΟΜΗ, ΕΚΤΟΜΗ ΗΠΑΤΟΣ, ΟΛΙΚΗ ΔΕΞΙΑ ΛΟΒΕΚΤΟΜΗ;;;;;
4713;X674225;ΗΠΑΤΕΚΤΟΜΗ ΔΟΤΗ (ΣΥΜΠΕΡΙΛΑΜΒΑΝΟΜΕΝΗΣ ΚΡΥΟΣΥΝΤΗΡΗΣΗΣ), ΑΠΟ ΠΤΩΜΑΤΙΚΟ ΔΟΤΗ,;;;;;
4714;X674229;ΑΛΛΟΜΕΤΑΜΟΣΧΕΥΣΗ ΗΠΑΤΟΣ, ΟΡΘΟΤΟΠΙΚΗ, ΜΕΡΙΚΗ Ή ΟΛΙΚΗ, ΑΠΟ ΠΤΩΜΑΤΙΚΟ Ή ΖΩΝΤΑΝΟ ΔΟΤΗ, ΚΑΘΕ ΗΛΙΚΙΑ;;;;;
4715;X674231;ΑΛΛΟΜΕΤΑΜΟΣΧΕΥΣΗ ΗΠΑΤΟΣ, ΕΤΕΡΟΤΟΠΗ, ΜΕΡΙΚΗ Ή ΟΛΙΚΗ, ΑΠΟ ΠΤΩΜΑΤΙΚΟ Ή ΖΩΝΤΑΝΟ ΔΟΤΗ, ΟΠΟΙΑΣΔΗΠΟΤΕ ΗΛΙΚΙΑΣ;;;;;
4716;X674239;ΗΠΑΤΕΚΤΟΜΗ ΔΟΤΗ (ΣΥΜΠΕΡΙΛΑΜΒΑΝΟΜΕΝΗΣ ΚΡΥΟΣΥΝΤΗΡΗΣΗΣ), ΑΠΟ ΖΩΝΤΑΝΟ ΔΟΤΗ, ΑΡΙΣΤΕΡΟ ΠΛΠΛΑΓΙΟ ΤΜΗΜΑ ΜΟΝΟ (ΤΜΗΜΑΤΑ II ΚΑΙ III);;;;;
4717;X674241;ΗΠΑΤΕΚΤΟΜΗ ΔΟΤΗ (ΣΥΜΠΕΡΙΛΑΜΒΑΝΟΜΕΝΗΣ ΚΡΥΟΣΥΝΤΗΡΗΣΗΣ), ΑΠΟ ΖΩΝΤΑΝΟ ΔΟΤΗ, ΟΛΙΚΗ ΑΡΙΣΤΕΡΗ ΛΟΒΕΚΤΟΜΗ (ΤΜΗΜΑΤΑ II, III ΚΑΙ IV);;;;;
4718;X674243;ΗΠΑΤΕΚΤΟΜΗ ΔΟΤΗ (ΣΥΜΠΕΡΙΛΑΜΒΑΝΟΜΕΝΗΣ ΚΡΥΟΣΥΝΤΗΡΗΣΗΣ), ΑΠΟ ΖΩΝΤΑΝΟ ΔΟΤΗ, ΟΛΙΚΗ ΔΕΞΙΑ ΛΟΒΕΚΤΟΜΗ (ΤΜΗΜΑΤΑ V, VI, VII ΚΑΙ VIII);;;;;
4719;X674245;ΤΥΠΙΚΗ ΠΡΟΕΤΟΙΜΑΣΙΑ ΠΛΗΡΟΥΣ ΜΟΣΧΕΥΜΑΤΟΣ ΗΠΑΤΟΣ ΑΠΟ ΠΤΩΜΑΤΙΚΟ ΔΟΤΗ ΠΡΙΝ ΑΠΟ ΤΗΝ ΑΛΛΟΜΕΤΑΜΟΣΧΕΥΣΗ, ΣΥΜΠΕΡΙΛΑΜΒΑΝΕΙ ΧΟΛΟΚΥΣΤΕΚΤΟΜΗ, ΕΑΝ ΧΡΕΙΑΖΕΤΑΙ, ΚΑΙ ΔΙΑΤΟΜΗ ΚΑΙ ΑΦΑΙΡΕΣΗ ΠΕΡΙΒΑΛΛΟΝΤΩΝ ΜΑΛΑΚΩΝ ΙΣΤΩΝ ΓΙΑ ΤΗΝ ΠΡΟΕΤΟΙΜΑΣΙΑ ΤΗΣ ΚΟΙΛΗΣ ΦΛΕΒΑΣ, ΤΗΣ ΠΥΛΑΙΑΣ ΦΛΕΒΑΣ, ΤΗΣ ΗΠΑΤΙΚΗΣ ΑΡΤΗΡΙΑΣ ΚΑΙ ΤΟΥ ΚΟΙΝΟΥ ΧΟΛΗΦΟΡΟΥ ΠΟΡΟΥ ΓΙΑ  ΕΜΦΥΤΕΥΣΗ, ΧΩΡΙΣ ΔΙΑΧΩΡΙΣΜΟ ΤΡΙΩΝ ΤΜΗΜΑΤΩΝ Ή ΛΟΒΟΥ;;;;;
4720;X674247;ΤΥΠΙΚΗ ΠΡΟΕΤΟΙΜΑΣΙΑ ΠΛΗΡΟΥΣ ΜΟΣΧΕΥΜΑΤΟΣ ΗΠΑΤΟΣ ΑΠΟ ΠΤΩΜΑΤΙΚΟ ΔΟΤΗ ΠΡΙΝ ΑΠΟ ΤΗΝ ΑΛΛΟΜΕΤΑΜΟΣΧΕΥΣΗ, ΣΥΜΠΕΡΙΛΑΜΒΑΝΕΙ ΧΟΛΟΚΥΣΤΕΚΤΟΜΗ, ΕΑΝ ΧΡΕΙΑΖΕΤΑΙ, ΚΑΙ ΔΙΑΤΟΜΗ ΚΑΙ ΑΦΑΙΡΕΣΗ ΠΕΡΙΒΑΛΛΟΝΤΩΝ ΜΑΛΑΚΩΝ ΙΣΤΩΝ ΓΙΑ ΤΗΝ ΠΡΟΕΤΟΙΜΑΣΙΑ ΤΗΣ ΚΟΙΛΗΣ ΦΛΕΒΑΣ, ΤΗΣ ΠΥΛΑΙΑΣ ΦΛΕΒΑΣ, ΤΗΣ ΗΠΑΤΙΚΗΣ ΑΡΤΗΡΙΑΣ ΚΑΙ ΤΟΥ ΚΟΙΝΟΥ ΧΟΛΗΦΟΡΟΥ ΠΟΡΟΥ ΓΙΑ  ΕΜΦΥΤΕΥΣΗ, ΜΕ ΔΙΑΧΩΡΙΣΜΟ ΤΡΙΩΝ ΤΜΗΜΑΤΩΝ ΤΟΥ ΠΛΗΡΟΥΣ ΜΟΣΧΕΥΜΑΤΟΣ ΗΠΑΤΟΣ ΣΕ ΔΥΟ ΜΕΡΙΚΑ ΜΟΣΧΕΥΜΑΤΑ ΗΠΑΤΟΣ (Π.Χ. ΑΡΙΣΤΕΡΟ ΠΛΕΥΡΙΚΟ ΤΜΗΜΑ [ΤΜΗΜΑ II ΚΑΙ III] ΚΑΙ ΔΕΞΙΑ ΤΡΙΑ ΤΜΗΜΑΤΑ [ΤΜΗΜΑΤΑ I ΚΑΙ IV ΩΣ VIII]);;;;;
4721;X674249;ΤΥΠΙΚΗ ΠΡΟΕΤΟΙΜΑΣΙΑ ΠΛΗΡΟΥΣ ΜΟΣΧΕΥΜΑΤΟΣ ΗΠΑΤΟΣ ΑΠΟ ΠΤΩΜΑΤΙΚΟ ΔΟΤΗ ΠΡΙΝ ΑΠΟ ΤΗΝ ΑΛΛΟΜΕΤΑΜΟΣΧΕΥΣΗ, ΣΥΜΠΕΡΙΛΑΜΒΑΝΕΙ ΧΟΛΟΚΥΣΤΕΚΤΟΜΗ, ΕΑΝ ΧΡΕΙΑΖΕΤΑΙ, ΚΑΙ ΔΙΑΤΟΜΗ ΚΑΙ ΑΦΑΙΡΕΣΗ ΠΕΡΙΒΑΛΛΟΝΤΩΝ ΜΑΛΑΚΩΝ ΙΣΤΩΝ ΓΙΑ ΤΗΝ ΠΡΟΕΤΟΙΜΑΣΙΑ ΤΗΣ ΚΟΙΛΗΣ ΦΛΕΒΑΣ, ΤΗΣ ΠΥΛΑΙΑΣ ΦΛΕΒΑΣ, ΤΗΣ ΗΠΑΤΙΚΗΣ ΑΡΤΗΡΙΑΣ ΚΑΙ ΤΟΥ ΚΟΙΝΟΥ ΧΟΛΗΦΟΡΟΥ ΠΟΡΟΥ ΓΙΑ ΕΜΦΥΤΕΥΣΗ, ΜΕ ΔΙΑΧΩΡΙΣΜΟ ΛΟΒΟΥ ΤΟΥ ΠΛΗΡΟΥΣ ΜΟΣΧΕΥΜΑΤΟΣ ΗΠΑΤΟΣ ΣΕ ΔΥΟ ΜΕΡΙΚΑ ΜΟΣΧΕΥΜΑΤΑ ΗΠΑΤΟΣ (Π.Χ. ΑΡΙΣΤΕΡΟΣ ΛΟΒΟΣ [ΤΜΗΜΑΤΑ II, III, ΚΑΙ IV] ΚΑΙ ΔΕΞΙΟΣ ΛΟΒΟΣ [ΤΜΗΜΑΤΑ I ΚΑΙ V ΩΣ VIII]);;;;;
4722;X674251;ΤΥΠΙΚΗ ΑΝΑΚΑΤΑΣΚΕΥΗ ΜΟΣΧΕΥΜΑΤΟΣ ΗΠΑΤΟΣ ΑΠΟ ΠΤΩΜΑΤΙΚΟ Ή ΖΩΝΤΑΝΟ ΔΟΤΗ ΠΡΙΝ ΑΠΟ ΤΗΝ ΑΛΛΟΜΕΤΑΜΟΣΧΕΥΣΗ, ΦΛΕΒΙΚΗ ΑΝΑΣΤΟΜΩΣΗ, ΚΑΘΕ ΜΙΑ;;;;;
4723;X674253;ΤΥΠΙΚΗ ΑΝΑΚΑΤΑΣΚΕΥΗ ΜΟΣΧΕΥΜΑΤΟΣ ΗΠΑΤΟΣ ΑΠΟ ΠΤΩΜΑΤΙΚΟ Ή ΖΩΝΤΑΝΟ ΔΟΤΗ ΠΡΙΝ ΑΠΟ ΤΗΝ ΑΛΛΟΜΕΤΑΜΟΣΧΕΥΣΗ, ΑΡΤΗΡΙΑΚΗ ΑΝΑΣΤΟΜΩΣΗ, ΚΑΘΕ ΜΙΑ;;;;;
4724;X674559;ΜΑΡΣΙΠΟΠΟΙΗΣΗ ΚΥΣΤΗΣ Ή ΑΠΟΣΤΗΜΑΤΟΣ ΗΠΑΤΟΣ;;;;;
4725;X674659;ΑΝΤΙΜΕΤΩΠΙΣΗ ΗΠΑΤΙΚΗΣ ΑΙΜΟΡΡΑΓΙΑΣ, ΑΠΛΗ ΣΥΡΡΑΦΗ ΤΡΑΥΜΑΤΟΣ Ή ΚΑΚΩΣΗΣ ΗΠΑΤΟΣ;;;;;
4726;X674679;ΑΝΤΙΜΕΤΩΠΙΣΗ ΗΠΑΤΙΚΗΣ ΑΙΜΟΡΡΑΓΙΑΣ, ΣΥΝΘΕΤΗ ΣΥΡΡΑΦΗ ΤΡΑΥΜΑΤΟΣ Ή ΚΑΚΩΣΗΣ ΗΠΑΤΟΣ, ΜΕ Ή ΧΩΡΙΣ ΑΠΟΛΙΝΩΣΗ ΗΠΑΤΙΚΗΣ ΑΡΤΗΡΙΑΣ;;;;;
4727;X674681;ΑΝΤΙΜΕΤΩΠΙΣΗ ΗΠΑΤΙΚΗΣ ΑΙΜΟΡΡΑΓΙΑΣ. ΔΙΕΡΕΥΝΗΣΗ ΗΠΑΤΙΚΗΣ ΚΑΚΩΣΗΣ, ΕΚΤΕΤΑΜΕΝΟΣ ΚΑΘΑΡΙΣΜΟΣ, ΠΗΞΗ ΚΑΙ/Ή ΣΥΡΡΑΦΗ, ΜΕ Ή ΧΩΡΙΣ ΠΙΕΣΤΙΚΗ ΕΠΙΔΕΣΗ ΗΠΑΤΟΣ;;;;;
4728;X674683;ΑΝΤΙΜΕΤΩΠΙΣΗ ΗΠΑΤΙΚΗΣ ΑΙΜΟΡΡΑΓΙΑΣ. ΕΠΑΝΑΔΙΕΡΕΥΝΗΣΗ ΗΠΑΤΙΚΗΣ ΚΑΚΩΣΗΣ ΓΙΑ ΑΦΑΙΡΕΣΗ ΤΗΣ ΠΙΠΕΣΤΙΚΗΣ ΕΠΙΔΕΣΗΣ;;;;;
4729;X674699;ΛΑΠΑΡΟΣΚΟΠΗΣΗ, ΧΕΙΡΟΥΡΓΙΚΗ, ΑΦΑΙΡΕΣΗ ΕΝΟΣ Ή ΠΕΡΙΣΣΟΤΕΡΩΝ ΗΠΑΤΙΚΩΝ ΟΓΚΩΝ. ΡΑΔΙΟΣΥΧΝΟΤΗΤΑ;;;;;
4730;X674701;ΛΑΠΑΡΟΣΚΟΠΗΣΗ, ΧΕΙΡΟΥΡΓΙΚΗ, ΑΦΑΙΡΕΣΗ ΕΝΟΣ Ή ΠΕΡΙΣΣΟΤΕΡΩΝ ΗΠΑΤΙΚΩΝ ΟΓΚΩΝ. ΚΡΥΟΧΕΙΡΟΥΡΓΙΚΗ;;;;;
4731;X674717;ΜΗ ΚΑΤΑΓΕΓΡΑΜΜΕΝΗ ΔΙΑΔΙΚΑΣΙΑ ΛΑΠΑΡΟΣΚΟΠΗΣΗΣ, ΗΠΑΡ;;;;;
4732;X674719;ΑΝΟΙΧΤΗ ΑΦΑΙΡΕΣΗ ΕΝΟΣ Ή ΠΕΡΙΣΣΟΤΕΡΩΝ ΗΠΑΤΙΚΩΝ ΟΓΚΩΝ. ΡΑΔΙΟΣΥΧΝΟΤΗΤΑ;;;;;
4733;X674721;ΑΝΟΙΧΤΗ ΑΦΑΙΡΕΣΗ ΕΝΟΣ Ή ΠΕΡΙΣΣΟΤΕΡΩΝ ΗΠΑΤΙΚΩΝ ΟΓΚΩΝ. ΚΡΥΟΧΕΙΡΟΥΡΓΙΚΗ;;;;;
4734;X674723;ANOIXTH ΑΦΑΙΡΕΣΗ 1 Ή ΠΕΡΙΣΣΟΤΕΡΩΝ ΗΠΑΤΙΚΟΥ(ΩΝ) ΟΓΚΟΥ(ΩΝ), ΔΙΑΔΕΡΜΙΚΗ, ΡΑΔΙΟΣΥΧΝΟΤΗΤΑ;;;;;
4735;X674757;ΜΗ ΚΑΤΑΓΕΓΡΑΜΜΕΝΗ ΔΙΑΔΙΚΑΣΙΑ, ΗΠΑΡ;;;;;
4736;X674759;ΤΟΜΗ Ή ΣΤΟΜΙΑ ΗΠΑΤΙΚΟΥ ΠΟΡΟΥ ΜΕ ΔΙΕΡΕΥΝΗΣΗ, ΠΑΡΟΧΕΤΕΥΣΗ Ή ΑΦΑΙΡΕΣΗ  ΛΙΘΟΥ;;;;;
4737;X674799;ΧΟΛΗΔΟΧΟΤΟΜΗ Ή ΧΟΛΗΔΟΧΟΣΤΟΜΙΑ ΜΕ ΔΙΕΡΕΥΝΗΣΗ, ΠΑΡΟΧΕΤΕΥΣΗ Ή ΑΦΑΙΡΕΣΗ  ΛΙΘΟΥ, ΜΕ Ή ΧΩΡΙΣ ΧΟΛΟΚΥΣΤΟΣΤΟΜΙΑ, ΧΩΡΙΣ ΔΙΑΔΩΔΕΚΑΔΑΚΤΥΛΙΚΗ ΣΦΙΓΚΤΗΡΟΤΟΜΗ Ή ΣΦΙΓΚΤΗΡΟΠΛΑΣΤΙΚΗ;;;;;
4738;X674809;ΧΟΛΗΔΟΧΟΤΟΜΗ Ή ΧΟΛΗΔΟΧΟΣΤΟΜΙΑ ΜΕ ΔΙΕΡΕΥΝΗΣΗ, ΠΑΡΟΧΕΤΕΥΣΗ Ή ΑΦΑΙΡΕΣΗ  ΛΙΘΟΥ, ΜΕ Ή ΧΩΡΙΣ ΧΟΛΟΚΥΣΤΟΣΤΟΜΙΑ, ΜΕ ΔΙΑΔΩΔΕΚΑΔΑΚΤΥΛΙΚΗ ΣΦΙΓΚΤΗΡΟΤΟΜΗ Ή ΣΦΙΓΚΤΗΡΟΠΛΑΣΤΙΚΗ;;;;;
4739;X674879;ΔΙΑΔΩΔΕΚΑΔΑΚΤΥΛΙΚΗ ΣΦΙΓΚΤΗΡΕΚΤΟΜΗ Ή ΣΦΙΓΚΤΗΡΟΠΛΑΣΤΙΚΗ, ΜΕ Ή ΧΩΡΙΣ ΔΙΑΔΩΔΕΚΑΔΑΚΤΥΛΙΚΗ ΑΦΑΙΡΕΣΗ ΛΙΘΟΥ (ΞΕΧΩΡΙΣΤΗ ΔΙΑΔΙΚΑΣΙΑ);;;;;
4740;X674919;ΧΟΛΟΚΥΣΤΟΤΟΜΗ Ή ΧΟΛΟΚΥΣΤΟΣΤΟΜΙΑ ΜΕ ΔΙΕΡΕΥΝΗΣΗ, ΠΑΡΟΧΕΤΕΥΣΗ Ή ΑΦΑΙΡΕΣΗ  ΤΟΥ ΛΙΘΟΥ (ΞΕΧΩΡΙΣΤΗ ΔΙΑΔΙΚΑΣΙΑ);;;;;
4741;X674939;ΔΙΑΔΕΡΜΙΚΗ ΧΟΛΟΚΥΣΤΟΣΤΟΜΙΑ;;;;;
4742;X674959;ΔΙΑΔΙΚΑΣΙΑ ΕΓΧΥΣΗΣ ΓΙΑ ΔΙΑΔΕΡΜΙΚΗ ΔΙΗΠΑΤΙΚΗ ΧΟΛΑΓΓΕΙΟΓΡΑΦΙΑ;;;;;
4743;X674969;ΔΙΑΔΙΚΑΣΙΑ ΕΓΧΥΣΗΣ ΓΙΑ ΧΟΛΑΓΓΕΙΟΓΡΑΦΙΑ ΜΕΣΩ ΥΠΑΡΧΟΝΤΟΣ ΚΑΘΕΤΗΡΑ (Π.Χ. ΔΙΑΔΕΡΜΙΚΗ ΔΙΗΠΑΤΙΚΗ Ή ΣΩΛΗΝΑΣ Τ);;;;;
4744;X674979;ΕΙΣΑΓΩΓΗ ΔΙΑΔΕΡΜΙΚΟΥ ΔΙΗΠΑΤΙΚΟΥ ΚΑΘΕΤΗΡΑ ΓΙΑ ΠΑΡΟΧΕΤΕΥΣΗ ΤΩΝ ΧΟΛΗΦΟΡΩΝ ΠΟΡΩΝ;;;;;
4745;X674981;ΕΙΣΑΓΩΓΗ ΔΙΑΔΕΡΜΙΚΟΥ ΔΙΗΠΑΤΙΚOY ΣΤΕΝΤ ΓΙΑ ΕΣΩΤΕΡΙΚΗ ΚΑΙ ΕΞΩΤΕΡΙΚΗ ΠΑΡΟΧΕΤΕΥΣΗ ΧΟΛΗΦΟΡΩΝ ΠΟΡΩΝ;;;;;
4746;X675009;ΑΛΛΑΓΗ ΔΙΑΔΕΡΜΙΚΟΥ ΚΑΘΕΤΗΡΑ ΠΑΡΟΧΕΤΕΥΣΗΣ ΤΩΝ ΧΟΛΗΦΟΡΩΝ ΠΟΡΩΝ;;;;;
4747;X675019;ΑΝΑΘΕΩΡΗΣΗ ΚΑΙ/Ή ΕΠΑΝΕΙΣΑΓΩΓΗ ΔΙΗΠΑΤΙΚΟΥ ΣΩΛΗΝΑ;;;;;
4748;X675059;ΕΝΔΟΣΚΟΠΗΣΗ ΤΩΝ ΧΟΛΗΦΟΡΩΝ ΠΟΡΩΝ, ΕΝΔΕΓΧΕΙΡΗΤΙΚΗ (ΧΟΛΗΔΟΧΟΣΚΟΠΗΣΗ) (ΝΑ ΚΑΤΑΓΡΑΦΕΤΑΙ ΞΕΧΩΡΙΣΤΑ  ΜΑΖΙ ΜΕ ΤΟΝ ΚΩΔΙΚΟ ΓΙΑ ΤΗ ΒΑΣΙΚΗ ΔΙΑΔΙΚΑΣΙΑ);;;;;
4749;X675063;ΕΝΔΟΣΚΟΠΗΣΗ ΤΩΝ ΧΟΛΗΦΟΡΩΝ ΠΟΡΩΝ, ΔΙΑΔΕΡΜΙΚΗ ΜΕΣΩ ΣΩΛΗΝΑ Τ Ή ΑΛΛΗΣ ΟΔΟΥ, ΔΙΑΓΝΩΣΤΙΚΗ, ΜΕ Ή ΧΩΡΙΣ ΣΥΛΛΟΓΗ ΔΕΙΓΜΑΤΟΣ(ΩΝ) ΜΕ ΒΟΥΡΤΣΑ Ή ΕΚΠΛΥΣΗ (ΞΕΧΩΡΙΣΤΗ ΔΙΑΔΙΚΑΣΙΑ);;;;;
4750;X675065;ΕΝΔΟΣΚΟΠΗΣΗ ΤΩΝ ΧΟΛΗΦΟΡΩΝ ΠΟΡΩΝ, ΔΙΑΔΕΡΜΙΚΗ ΜΕΣΩ ΣΩΛΗΝΑ Τ Ή ΑΛΛΗΣ ΟΔΟΥ, ΜΕ ΒΙΟΨΙΑ, ΜΙΑ Ή ΠΟΛΛΑΠΛΕΣ;;;;;
4751;X675067;ΕΝΔΟΣΚΟΠΗΣΗ ΤΩΝ ΧΟΛΗΦΟΡΩΝ ΠΟΡΩΝ, ΔΙΑΔΕΡΜΙΚΗ ΜΕΣΩ ΣΩΛΗΝΑ Τ Ή ΑΛΛΗΣ ΟΔΟΥ, ΜΕ ΑΦΑΙΡΕΣΗ ΛΙΘΟΥ/ΛΙΘΩΝ;;;;;
4752;X675069;ΕΝΔΟΣΚΟΠΗΣΗ ΤΩΝ ΧΟΛΗΦΟΡΩΝ ΠΟΡΩΝ, ΔΙΑΔΕΡΜΙΚΗ ΜΕΣΩ ΣΩΛΗΝΑ Τ Ή ΑΛΛΗΣ ΟΔΟΥ, ΜΕ ΔΙΑΣΤΟΛΗ ΣΤΕΝΩΣΗΣ(ΕΩΝ) ΧΟΛΗΦΟΡΩΝ ΠΟΡΩΝ ΧΩΡΙΣ ΣΤΕΝΤ;;;;;
4753;X675071;ΕΝΔΟΣΚΟΠΗΣΗ ΤΩΝ ΧΟΛΗΦΟΡΩΝ ΠΟΡΩΝ, ΔΙΑΔΕΡΜΙΚΗ ΜΕΣΩ ΤΟΥ ΣΩΛΗΝΑ Τ Ή ΑΛΛΗΣ ΟΔΟΥ, ΜΕ ΔΙΑΣΤΟΛΗ ΣΤΕΝΩΣΗΣ(ΕΩΝ) ΧΟΛΗΦΟΡΩΝ ΠΟΡΩΝ ΜΕ ΣΤΕΝΤ;;;;;
4754;X675079;ΛΑΠΑΡΟΣΚΟΠΗΣΗ ΧΕΙΡΟΥΡΓΙΚΗ, ΜΕ ΚΑΘΟΔΗΓΟΥΜΕΝΗ ΔΙΗΠΑΤΙΚΗ ΧΟΛΑΓΓΕΙΟΓΡΑΦΙΑ, ΧΩΡΙΣ ΒΙΟΨΙΑ;;;;;
4755;X675081;ΛΑΠΑΡΟΣΚΟΠΗΣΗ ΧΕΙΡΟΥΡΓΙΚΗ, ΜΕ ΚΑΘΟΔΗΓΟΥΜΕΝΗ ΔΙΗΠΑΤΙΚΗ ΧΟΛΑΓΓΕΙΟΓΡΑΦΙΑ ΜΕ ΒΙΟΨΙΑ;;;;;
4756;X675083;ΛΑΠΑΡΟΣΚΟΠΗΣΗ, ΧΕΙΡΟΥΡΓΙΚΗ, ΧΟΛΟΚΥΣΤΕΚΤΟΜΗ;;;;;
4757;X675085;ΛΑΠΑΡΟΣΚΟΠΗΣΗ, ΧΕΙΡΟΥΡΓΙΚΗ, ΧΟΛΟΚΥΣΤΕΚΤΟΜΗ ΜΕ ΧΟΛΑΓΓΕΙΟΓΡΑΦΙΑ;;;;;
4758;X675087;ΛΑΠΑΡΟΣΚΟΠΗΣΗ, ΧΕΙΡΟΥΡΓΙΚΗ, ΧΟΛΟΚΥΣΤΕΚΤΟΜΗ ΜΕ ΔΙΕΡΕΥΝΗΣΗ ΚΟΙΝΟΥ ΑΓΩΓΟΥ;;;;;
4759;X675099;ΛΑΠΑΡΟΣΚΟΠΗΣΗ, ΧΕΙΡΟΥΡΓΙΚΗ, ΧΟΛΟΚΥΣΤΕΝΤΕΡΟΣΤΟΜΙΑ;;;;;
4760;X675117;ΜΗ ΚΑΤΑΓΕΓΡΑΜΜΕΝΗ ΔΙΑΔΙΚΑΣΙΑ ΛΑΠΑΡΟΣΚΟΠΗΣΗΣ, ΧΟΛΗΦΟΡΟΣ ΠΟΡΟΣ;;;;;
4761;X675159;ΧΟΛΟΚΥΣΤΕΚΤΟΜΗ;;;;;
4762;X675169;ΧΟΛΟΚΥΣΤΕΚΤΟΜΗ, ΜΕ ΧΟΛΑΓΓΕΙΟΓΡΑΦΙΑ;;;;;
4763;X675179;ΧΟΛΟΚΥΣΤΕΚΤΟΜΗ ΜΕ ΔΙΕΡΕΥΝΗΣΗ ΤΟΥ ΚΟΙΝΟΥ ΠΟΡΟΥ,;;;;;
4764;X675183;ΧΟΛΟΚΥΣΤΕΚΤΟΜΗ ΜΕ ΔΙΕΡΕΥΝΗΣΗ ΤΟΥ ΚΟΙΝΟΥ ΠΟΡΟΥ, ΜΕ ΧΟΛΗΔΟΧΟΕΝΤΕΡΟΣΤΟΜΙΑ;;;;;
4765;X675199;ΧΟΛΟΚΥΣΤΕΚΤΟΜΗ ΜΕ ΔΙΕΡΕΥΝΗΣΗ ΤΟΥ ΚΟΙΝΟΥ ΠΟΡΟΥ, ΜΕ ΔΙΑΔΩΔΕΚΑΔΑΚΤΥΛΙΚΗ ΣΦΙΓΚΤΗΡΟΤΟΜΗ Ή ΣΦΙΓΚΤΗΡΟΠΛΑΣΤΙΚΗ, ΜΕ Ή ΧΩΡΙΣ ΧΟΛΑΓΓΕΙΟΓΡΑΦΙΑ;;;;;
4766;X675219;ΕΞΑΓΩΓΗ ΛΙΘΟΥ ΧΟΛΗΦΟΡΟΥ ΠΟΡΟΥ, ΔΙΑΔΕΡΜΙΚΗ ΜΕΣΩ ΤΟΥ ΑΥΛΟΥ ΣΩΛΗΝΑ Τ, ΚΑΘΕΤΗΡΑ ΜΕ ΣΥΛΛΕΚΤΗ Ή ΒΡΟΧΟΥ (Π.Χ. ΤΕΧΝΙΚΗ BURHENNE);;;;;
4767;X675359;ΔΙΕΡΕΥΝΗΣΗ ΓΙΑ ΣΥΓΓΕΝΗ ΑΤΡΗΣΙΑ ΧΟΛΗΦΟΡΩΝ ΠΟΡΩΝ, ΧΩΡΙΣ ΑΠΟΚΑΤΑΣΤΑΣΗ, ΜΕ Ή ΧΩΡΙΣ ΒΙΟΨΙΑ ΗΠΑΤΟΣ, ΜΕ Ή ΧΩΡΙΣ ΧΟΛΑΓΓΕΙΟΓΡΑΦΙΑ;;;;;
4768;X675361;ΠΟΡΤΟΕΝΤΕΡΟΣΤΟΜΙΑ (Π.Χ. ΔΙΑΔΙΚΑΣΙΑ KASAI);;;;;
4769;X675381;ΕΚΤΟΜΗ ΟΓΚΟΥ ΧΟΛΗΦΟΡΩΝ ΠΟΡΩΝ, ΜΕ Ή ΧΩΡΙΣ ΠΡΩΤΕΥΟΥΣΑ ΑΠΟΚΑΤΑΣΤΑΣΗ ΤΟΥ ΧΟΛΗΦΟΡΟΥ ΠΟΡΟΥ, ΕΞΩΗΠΑΤΙΚΗ;;;;;
4770;X675383;ΕΚΤΟΜΗ ΟΓΚΟΥ ΧΟΛΗΦΟΡΩΝ ΠΟΡΩΝ, ΜΕ Ή ΧΩΡΙΣ ΠΡΩΤΕΥΟΥΣΑ ΑΠΟΚΑΤΑΣΤΑΣΗ ΤΟΥ ΧΟΛΗΦΟΡΟΥ ΠΟΡΟΥ, ΕΝΔΟΗΠΑΤΙΚΗ;;;;;
4771;X675389;ΕΚΤΟΜΗ ΧΟΛΗΔΟΧΟΥ ΚΥΣΤΗΣ;;;;;
4772;X675399;ΧΟΛΟΚΥΣΤΕΝΤΕΡΟΣΤΟΜΙΑ, ΑΜΕΣΗ;;;;;
4773;X675401;ΧΟΛΟΚΥΣΤΕΝΤΕΡΟΣΤΟΜΙΑ, ΜΕ ΓΑΣΤΡΕΝΤΕΡΟΣΤΟΜΙΑ;;;;;
4774;X675439;ΧΟΛΟΚΥΣΤΕΝΤΕΡΟΣΤΟΜΙΑ, ΤΥΠΟΥ ROUX-EN-Y;;;;;
4775;X675441;ΧΟΛΟΚΥΣΤΕΝΤΕΡΟΣΤΟΜΙΑ, ΤΥΠΟΥ ROUX-EN-Y ΜΕ ΓΑΣΤΡΕΝΤΕΡΟΣΤΟΜΙΑ;;;;;
4776;X675479;ΑΝΑΣΤΟΜΩΣΗ ΕΞΩΗΠΑΤΙΚΩΝ ΧΟΛΗΦΟΡΩΝ ΠΟΡΩΝ ΚΑΙ ΓΑΣΤΡΕΝΤΕΡΙΚΗΣ ΟΔΟΥ;;;;;
4777;X675489;ΑΝΑΣΤΟΜΩΣΗ ΕΝΔΟΗΠΑΤΙΚΩΝ ΧΟΛΗΦΟΡΩΝ ΠΟΡΩΝ ΚΑΙ ΓΑΣΤΡΕΝΤΕΡΙΚΗΣ ΟΔΟΥ;;;;;
4778;X675519;ΑΝΑΣΤΟΜΩΣΗ, ΤΥΠΟΥ ROUX-EN-Y, ΕΞΩΗΠΑΤΙΚΩΝ ΧΟΛΗΦΟΡΩΝ ΠΟΡΩΝ ΚΑΙ ΓΑΣΤΡΕΝΤΕΡΙΚΗΣ ΟΔΟΥ;;;;;
4779;X675529;ΑΝΑΣΤΟΜΩΣΗ, ΤΥΠΟΥ ROUX-EN-Y, ΕΝΔΟΗΠΑΤΙΚΩΝ ΧΟΛΗΦΟΡΩΝ ΠΟΡΩΝ ΚΑΙ ΓΑΣΤΡΕΝΤΕΡΙΚΗΣ ΟΔΟΥ;;;;;
4780;X675559;ΑΝΑΚΑΤΑΣΚΕΥΗ, ΠΛΑΣΤΙΚΗ, ΕΞΩΗΠΑΤΙΚΩΝ ΧΟΛΗΦΟΡΩΝ ΠΟΡΩΝ ΜΕ ΤΕΛΙΚΟ-ΤΕΛΙΚΗ ΑΝΑΣΤΟΜΩΣΗ;;;;;
4781;X675561;ΤΟΠΟΘΕΤΗΣΗ ΣΤΕΝΤ ΧΟΛΗΔΟΧΟΥ;;;;;
4782;X675563;ΗΠΑΤΙΚΟΕΝΤΕΡΟΣΤΟΜΙΑ ΤΥΠΟΥ ΣΩΛΗΝΑ-U;;;;;
4783;X675759;ΣΥΡΡΑΦΗ ΕΞΩΗΠΑΤΙΚΟΥ ΧΟΛΗΦΟΡΟΥ ΠΟΡΟΥ ΓΙΑ ΠΡΟΓΕΝΕΣΤΕΡΟ ΤΡΑΥΜΑΤΙΣΜΟ (ΞΕΧΩΡΙΣΤΗ ΔΙΑΔΙΚΑΣΙΑ);;;;;
4784;X675957;ΜΗ ΚΑΤΑΓΕΓΡΑΜΜΕΝΗ ΔΙΑΔΙΚΑΣΙΑ, ΧΟΛΗΦΟΡΟΣ ΠΟΡΟΣ;;;;;
4785;X675959;ΤΟΠΟΘΕΤΗΣΗ  ΠΑΡΟΧΕΤΕΥΣEΩΝ, ΠΕΡΙΠΑΓΚΡΕΑΤΙΚΗ, ΓΙΑ ΟΞΕΙΑ ΠΑΓΚΡΕΑΤΙΤΙΔΑ,;;;;;
4786;X675961;ΤΟΠΟΘΕΤΗΣΗ  ΠΑΡΟΧΕΤΕΥΣΕΩΝ, ΠΕΡΙΠΑΓΚΡΕΑΤΙΚΗ, ΓΙΑ ΟΞΕΙΑ ΠΑΓΚΡΕΑΤΙΤΙΔΑ, ΜΕ ΧΟΛΟΚΥΣΤΕΚΤΟΜΗ, ΓΑΣΤΡΟΣΤΟΜΙΑ, ΚΑΙ ΝΗΣΤΙΔΟΣΤΟΜΙΑ;;;;;
4787;X675999;ΑΦΑΙΡΕΣΗ ΠΑΓΚΡΕΑΤΙΚΟΥ ΛΙΘΟΥ;;;;;
4788;X676159;ΒΙΟΨΙΑ ΠΑΓΚΡΕΑΤΟΣ, ΑΝΟΙΚΤΗ (Π.Χ. ΑΝΑΡΡΟΦΗΣΗ ΜΕ ΛΕΠΤΗ ΒΕΛΟΝΗ, ΒΙΟΨΙΑ ΜΕ ΚΟΠΤΟΥΣΑ ΒΕΛΟΝΗ, ΣΦΗΝΟΕΙΔΗΣ ΒΙΟΨΙΑ);;;;;
4789;X676163;ΒΙΟΨΙΑ ΠΑΓΚΡΕΑΤΟΣ, ΔΙΑΔΕΡΜΙΚΗ ΒΕΛΟΝΗ;;;;;
4790;X676169;ΕΚΤΟΜΗ Ή ΧΕΙΡΟΥΡΓΙΚΟΣ ΚΑΘΑΡΙΣΜΟΣ ΠΑΓΚΡΕΑΤΟΣ ΚΑΙ ΠΕΡΙΠΑΓΚΡΕΑΤΙΚΟΥ ΙΣΤΟΥ ΓΙΑ ΟΞΕΙΑ  ΝΕΚΡΩΤΙΚΗ ΠΑΓΚΡΕΑΤΙΤΙΔΑ;;;;;
4791;X676199;ΕΚΤΟΜΗ ΒΛΑΒΗΣ ΠΑΓΚΡΕΑΤΟΣ (Π.Χ. ΚΥΣΤΗ, ΑΔΕΝΩΜΑ);;;;;
4792;X676239;ΠΑΓΚΡΕΑΤΕΚΤΟΜΗ, ΠΕΡΙΦΕΡΙΚΗ ΥΦΟΛΙΚΗ, ΜΕ Ή ΧΩΡΙΣ ΣΠΛΗΝΕΚΤΟΜΗ, ΧΩΡΙΣ ΠΑΓΚΡΕΑΤΟ-ΝΗΣΤΙΔΟΣΤΟΜΙΑ;;;;;
4793;X676249;ΠΑΓΚΡΕΑΤΕΚΤΟΜΗ, ΠΕΡΙΦΕΡΙΚΗ ΥΦΟΛΙΚΗ, ΜΕ Ή ΧΩΡΙΣ ΣΠΛΗΝΕΚΤΟΜΗ, ΜΕ ΠΑΓΚΡΕΑΤΟ-ΝΗΣΤΙΔΟΣΤΟΜΙΑ;;;;;
4794;X676251;ΠΑΓΚΡΕΑΤΕΚΤΟΜΗ, ΠΕΡΙΦΕΡΙΚΗ, ΣΧΕΔΟΝ ΟΛΙΚΗ ΜΕ ΔΙΑΤΗΡΗΣΗ ΤΟΥ ΔΩΔΕΚΑΔΑΚΤΥΛΟΥ (ΔΙΑΔΙΚΑΣΙΑ ΤΥΠΟΥ CHILD);;;;;
4795;X676255;ΕΚΤΟΜΗ ΦΥΜΑΤΟΣ ΤΟΥ VATER;;;;;
4796;X676259;ΠΑΓΚΡΕΑΤΕΚΤΟΜΗ, ΕΓΓΥΣ ΥΦΟΛΙΚΗ ΜΕ ΟΛΙΚΗ ΔΩΔΕΚΑΔΑΚΤΥΛΕΚΤΟΜΗ, ΜΕΡΙΚΗ ΓΑΣΤΡΕΚΤΟΜΗ, ΧΟΛΗΔΟΧΟ-ΕΝΤΕΡΟΣΤΟΜΙΑ ΚΑΙ ΓΑΣΤΡΟΝΗΣΤΙΔΟΣΤΟΜΙΑ (ΔΙΑΔΙΚΑΣΙΑ ΤΥΠΟΥ WHIPPLE), ΜΕ ΠΑΓΚΡΕΑΤΟΝΗΣΤΙΔΟΣΤΟΜΙΑ;;;;;
4797;X676263;ΠΑΓΚΡΕΑΤΕΚΤΟΜΗ, ΕΓΓΥΣ ΥΦΟΛΙΚΗ ΜΕ ΟΛΙΚΗ ΔΩΔΕΚΑΔΑΚΤΥΛΕΚΤΟΜΗ, ΜΕΡΙΚΗ ΓΑΣΤΡΕΚΤΟΜΗ, ΧΟΛΗΔΟΧΟ-ΕΝΤΕΡΟΣΤΟΜΙΑ ΚΑΙ ΓΑΣΤΡΟΝΗΣΤΙΔΟΣΤΟΜΙΑ (ΔΙΑΔΙΚΑΣΙΑ ΤΥΠΟΥ WHIPPLE), ΧΩΡΙΣ ΠΑΓΚΡΕΑΤΟΝΗΣΤΙΔΟΣΤΟΜΙΑ;;;;;
4798;X676265;ΠΑΓΚΡΕΑΤΕΚΤΟΜΗ, ΕΓΓΥΣ ΥΦΟΛΙΚΗ ΜΕ ΣΧΕΔΟΝ ΟΛΙΚΗ ΔΩΔΕΚΑΔΑΚΤΥΛΕΚΤΟΜΗ,  ΧΟΛΗΔΟΧΟ-ΕΝΤΕΡΟΣΤΟΜΙΑ ΚΑΙ ΔΩΔΕΚΑΔΑΚΤΥΛΟ-ΝΗΣΤΙΔΟΣΤΟΜΙΑ (ΜΕ ΔΙΑΤΗΡΗΣΗ ΤΟΥ ΠΥΛΩΡΟΥ, ΔΙΑΔΙΚΑΣΙΑ ΤΥΠΟΥ WHIPPLE), ΜΕ ΠΑΓΚΡΕΑΤΟΝΗΣΤΙΔΟΣΤΟΜΙΑ;;;;;
4799;X676267;ΠΑΓΚΡΕΑΤΕΚΤΟΜΗ, ΕΓΓΥΣ ΥΦΟΛΙΚΗ ΜΕ ΣΧΕΔΟΝ ΟΛΙΚΗ ΔΩΔΕΚΑΔΑΚΤΥΛΕΚΤΟΜΗ,  ΧΟΛΗΔΟΧΟ-ΕΝΤΕΡΟΣΤΟΜΙΑ ΚΑΙ ΔΩΔΕΚΑΔΑΚΤΥΛΟ-ΝΗΣΤΙΔΟΣΤΟΜΙΑ (ΜΕ ΔΙΑΤΗΡΗΣΗ ΤΟΥ ΠΥΛΩΡΟΥ, ΔΙΑΔΙΚΑΣΙΑ ΤΥΠΟΥ WHIPPLE), ΧΩΡΙΣ ΠΑΓΚΡΕΑΤΟΝΗΣΤΙΔΟΣΤΟΜΙΑ;;;;;
4800;X676269;ΠΑΓΚΡΕΑΤΕΚΤΟΜΗ, ΟΛΙΚΗ;;;;;
4801;X676279;ΠΑΓΚΡΕΑΤΕΚΤΟΜΗ, ΟΛΙΚΗ Ή ΥΦΟΛΙΚΗ, ΜΕ ΑΥΤΟΛΟΓΗ ΜΕΤΑΜΟΣΧΕΥΣΗ ΠΑΓΚΡΕΑΤΟΣ Ή ΚΥΤΤΑΡΩΝ ΝΗΣΙΔΙΩΝ ΤΟΥ ΠΑΓΚΡΕΑΤΟΣ;;;;;
4802;X676759;ΔΙΑΔΙΚΑΣΙΑ ΕΓΧΥΣΗΣ ΓΙΑ ΔΙΕΓΧΕΙΡΗΤΙΚΗ ΠΑΓΚΡΕΑΤΟΓΡΑΦΙΑ (ΝΑ ΚΑΤΑΓΡΑΦΕΤΑΙ ΞΕΧΩΡΙΣΤΑ ΕΠΙΠΛΕΟΝ ΤΗΣ ΚΩΔΙΚΟΠΟΙΗΣΗΣ ΤΗΣ ΑΡΧΙΚΗΣ ΔΙΑΔΙΚΑΣΙΑΣ);;;;;
4803;X676959;ΜΑΡΣΙΠΟΠΟΙΗΣΗ ΑΓΚΡΕΑΤΙΚΗΣ ΚΥΣΤΗΣ;;;;;
4804;X676979;ΕΞΩΤΕΡΙΚΗ ΠΑΡΟΧΕΤΕΥΣΗ, ΨΕΥΔΟΚΥΣΤΗ ΠΑΓΚΡΕΑΤΟΣ, ΑΝΟΙΚΤΗ;;;;;
4805;X676981;ΕΞΩΤΕΡΙΚΗ ΠΑΡΟΧΕΤΕΥΣΗ, ΨΕΥΔΟΚΥΣΤΗ ΠΑΓΚΡΕΑΤΟΣ, ΔΙΑΔΕΡΜΙΚΗ;;;;;
4806;X676999;ΕΣΩΤΕΡΙΚΗ ΑΝΑΣΤΟΜΩΣΗ ΠΑΓΚΡΕΑΤΙΚΗΣ ΚΥΣΤΕΩΣ ΜΕ ΤΗΝ ΓΑΣΤΡΕΝΤΕΡΙΚΗ ΟΔΟ ΑΜΕΣΗ;;;;;
4807;X677039;ΕΣΩΤΕΡΙΚΗ ΑΝΑΣΤΟΜΩΣΗ ΠΑΓΚΡΕΑΤΙΚΗΣ ΚΥΣΤΕΩΣ ΜΕ ΤΗΝ ΓΑΣΤΡΕΝΤΕΡΙΚΗ ΟΔΟ ΕΠΕΜΒΑΣΗ ΤΥΠΟΥ ROUX-EN-Y;;;;;
4808;X677049;ΠΑΓΚΡΕΑΤΟΡΡΑΦΗ ΓΙΑ ΤΡΑΥΜΑΤΙΣΜΟ;;;;;
4809;X677053;ΔΩΔΕΚΑΔΑΚΤΥΛΙΚΟΣ ΑΠΟΚΛΕΙΣΜΟΣ ΜΕ ΓΑΣΤΡΟΝΗΣΤΙΔΟΣΤΟΜΙΑ ΓΙΑ ΠΑΓΚΡΕΑΤΙΚΟ ΤΡΑΥΜΑΤΙΣΜΟ;;;;;
4810;X677055;ΠΑΓΚΡΕΑΤΙΚΟ-ΝΗΣΤΙΔΟΣΤΟΜΙΑ, ΠΛΑΓΙΟΠΛΑΓΙΑ ΑΝΑΣΤΟΜΩΣΗ (ΕΠΕΜΒΑΣΗ ΤΥΠΟΥ  PUESTOW);;;;;
4811;X677059;ΠΑΓΚΡΕΑΤΕΚΤΟΜΗ ΔΟΤΗ (ΣΥΜΠΕΡΙΛΑΜΒΑΝΟΜΕΝΗΣ ΚΡΥΟΣΥΝΤΗΡΗΣΗΣ), ΜΕ Ή ΧΩΡΙΣ ΔΩΔΕΚΑΔΑΚΤΥΛΙΚΟ ΤΜΗΜΑ ΓΙΑ ΜΕΤΑΜΟΣΧΕΥΣΗ;;;;;
4812;X677061;ΤΥΠΙΚΗ ΠΡΟΕΤΟΙΜΑΣΙΑ ΑΛΛΟΜΟΣΧΕΥΜΑΤΟΣ ΠΑΓΚΡΕΑΤΟΣ ΑΠΟ ΠΤΩΜΑΤΙΚΟ ΔΟΤΗ ΠΡΙΝ ΑΠΟ ΤΗ ΜΕΤΑΜΟΣΧΕΥΣΗ, ΠΟΥ ΠΕΡΙΛΑΜΒΑΝΕΙ ΕΚΤΟΜΗ ΤΟΥ ΑΛΛΟΜΟΣΧΕΥΜΑΤΟΣ ΑΠΟ ΤΟΥΣ ΠΕΡΙΒΑΛΛΟΝΤΕΣ ΜΑΛΑΚΟΥΣ ΙΣΤΟΥΣ, ΣΠΛΗΝΕΚΤΟΜΗ, ΔΩΔΕΚΑΔΑΚΤΥΛΕΚΤΟΜΗ, ΑΠΟΛΙΝΩΣΗ ΤΟΥ ΧΟΛΗΔΟΧΟΥ ΠΟΡΟΥ, ΑΠΟΛΙΝΩΣΗ ΤΩΝ ΜΕΣΕΝΤΕΡΙΩΝ ΑΓΓΕΙΩΝ, ΚΑΙ ΑΝΑΣΤΟΜΩΣΕΙΣ ΑΡΤΗΡΙΑΚΩΝ ΜΟΣΧΕΥΜΑΤΩΝ ΣΧΗΜΑΤΟΣ Υ ΑΠΟ ΤΗΝ ΕΙΛΕΪΚΗ  ΑΡΤΗΡΙΑ ΩΣ ΤΗΝ ΑΝΩ ΜΕΣΕΝΤΕΡΙΑ  ΑΡΤΗΡΙΑ ΚΑΙ ΤΗ ΣΠΛΗΝΙΚΗ ΑΡΤΗΡΙΑ;;;;;
4813;X677063;ΑΝΑΚΑΤΑΣΚΕΥΗ ΑΛΛΟΜΟΣΧΕΥΜΑΤΟΣ ΠΑΓΚΡΕΑΤΟΣ ΑΠΟ ΠΤΩΜΑΤΙΚΟ ΔΟΤΗ ΠΡΙΝ ΑΠΟ ΤΗ ΜΕΤΑΜΟΣΧΕΥΣΗ, ΦΛΕΒΙΚΗ ΑΝΑΣΤΟΜΩΣΗ, ΚΑΘΕ ΜΙΑ;;;;;
4814;X677067;ΜΕΤΑΜΟΣΧΕΥΣΗ ΠΑΓΚΡΕΑΤΙΚΟΥ ΑΛΛΟΜΟΣΧΕΥΜΑΤΟΣ;;;;;
4815;X677071;ΑΦΑΙΡΕΣΗ ΜΕΤΑΜΟΣΧΕΥΜΕΝΟΥ ΠΑΓΚΡΕΑΤΙΚΟΥ ΑΛΛΟΜΟΣΧΕΥΜΑΤΟΣ;;;;;
4816;X677957;ΜΗ ΚΑΤΑΓΕΓΡΑΜΜΕΝΗ ΔΙΑΔΙΚΑΣΙΑ, ΠΑΓΚΡΕΑΣ;;;;;
Β.21;ΠΕΡΙΟΧΗ ΚΟΙΛΙΑΚΟΥ ΤΟΙΧΩΜΑΤΟΣ – ΠΕΡΙΤΟΝΑΙΟΥ;;;;;;
4817;X677959;ΔΙΕΡΕΥΝΗΤΙΚΗ ΛΑΠΑΡΟΤΟΜΙΑ, ΔΙΕΡΕΥΝΗΤΙΚΗ ΚΟΙΛΙΑΚΗ ΤΟΜΗ ΜΕ Ή ΧΩΡΙΣ ΒΙΟΨΙΑ(ΕΣ) (ΞΕΧΩΡΙΣΤΗ ΔΙΑΔΙΚΑΣΙΑ);;;;;
4818;X677963;ΕΠΑΝΕΠΕΜΒΑΣΗ ΜΕΤΑ ΠΡΟΣΦΑΤΗ ΛΑΠΑΡΟΤΟΜΙΑ;;;;;
4819;X677979;ΔΙΕΡΕΥΝΗΣΗ, ΟΠΙΣΘΟΠΕΡΙΤΟΝΑΪΚΗ ΠΕΡΙΟΧΗ, ΜΕ Ή ΧΩΡΙΣ ΒΙΟΨΙΑ(ΕΣ) (ΞΕΧΩΡΙΣΤΗ ΔΙΑΔΙΚΑΣΙΑ);;;;;
4820;X677999;ΠΑΡΟΧΕΤΕΥΣΗ ΠΕΡΙΤΟΝΑΪΚΟΥ ΑΠΟΣΤΗΜΑΤΟΣ Ή ΤΟΠΙΚΗΣ ΠΕΡΙΤΟΝΙΤΙΔΟΣ, ΕΚΤΟΣ ΑΠΟΣΤΗΜΑΤΟΣ ΣΚΩΛΗΚΟΕΙΔΟΥΣ, ΑΝΟΙΚΤΗ;;;;;
4821;X678001;ΠΑΡΟΧΕΤΕΥΣΗ ΠΕΡΙΤΟΝΑΪΚΟΥ ΑΠΟΣΤΗΜΑΤΟΣ Ή ΤΟΠΙΚΗΣ ΠΕΡΙΤΟΝΙΤΙΔΟΣ, ΕΚΤΟΣ ΑΠΟΣΤΗΜΑΤΟΣ ΣΚΩΛΗΚΟΕΙΔΟΥΣ, ΔΙΑΔΕΡΜΙΚΗ;;;;;
4822;X678039;ΠΑΡΟΧΕΤΕΥΣΗ ΥΠΟΔΙΑΦΡΑΓΜΑΤΙΚΟΥ Ή ΥΠΟΦΡΕΝΙΚΟΥ ΑΠΟΣΤΗΜΑΤΟΣ, ΑΝΟΙΚΤΗ;;;;;
4823;X678041;ΠΑΡΟΧΕΤΕΥΣΗ ΥΠΟΔΙΑΦΡΑΓΜΑΤΙΚΟΥ Ή ΥΠΟΦΡΕΝΙΚΟΥ ΑΠΟΣΤΗΜΑΤΟΣ, ΔΙΑΔΕΡΜΙΚΗ;;;;;
4824;X678079;ΠΑΡΟΧΕΤΕΥΣΗ ΟΠΙΣΘΟΠΕΡΙΤΟΝΑΪΚΟΥ ΑΠΟΣΤΗΜΑΤΟΣ, ΑΝΟΙΚΤΗ;;;;;
4825;X678081;ΠΑΡΟΧΕΤΕΥΣΗ ΟΠΙΣΘΟΠΕΡΙΤΟΝΑΪΚΟΥ ΑΠΟΣΤΗΜΑΤΟΣ, ΔΙΑΔΕΡΜΙΚΗ;;;;;
4826;X678083;ΠΑΡΟΧΕΤΕΥΣΗ ΕΞΩΠΕΡΙΤΟΝΑΪΚΗΣ ΛΕΜΦΟΚΗΛΗΣ ΣΤΗΝ ΠΕΡΙΤΟΝΑΪΚΗ ΚΟΙΛΟΤΗΤΑ, ΑΝΟΙΚΤΗ;;;;;
4827;X678119;ΠΕΡΙΤΟΝΑΪΚΗ ΠΑΡΑΚΕΝΤΗΣΗ, ΚΟΙΛΙΑΚΗ ΠΑΡΑΚΕΝΤΗΣΗ, Ή ΠΕΡΙΤΟΝΑΪΚΗ ΕΚΠΛΥΣΗ (ΔΙΑΓΝΩΣΤΙΚΗ Ή ΘΕΡΑΠΕΥΤΙΚΗ), ΑΡΧΙΚΗ;;;;;
4828;X678121;ΠΕΡΙΤΟΝΑΪΚΗ ΠΑΡΑΚΕΝΤΗΣΗ, ΚΟΙΛΙΑΚΗ ΠΑΡΑΚΕΝΤΗΣΗ, Ή ΠΕΡΙΤΟΝΑΪΚΗ ΕΚΠΛΥΣΗ (ΔΙΑΓΝΩΣΤΙΚΗ Ή ΘΕΡΑΠΕΥΤΙΚΗ), ΚΑΘΕ ΕΠΟΜΕΝΗ;;;;;
4829;X678319;ΒΙΟΨΙΑ, ΚΟΙΛΙΑΚΗΣ Ή ΟΠΙΣΘΟΠΕΡΙΤΟΝΑΪΚΗΣ ΜΑΖΑΣ, ΔΙΑΔΕΡΜΙΚΗ ΒΕΛΟΝΑ;;;;;
4830;X678365;ΕΚΤΟΜΗ Ή ΚΑΤΑΣΤΡΟΦΗ, ΑΝΟΙΚΤΗ, ΕΝΔΟΚΟΙΛΙΑΚΟΙ ΟΓΚΟΙ, ΚΥΣΤΕΙΣ Ή  ΕΣΤΙΕΣ ΕΝΔΟΜΗΤΡΙΩΣΗΣ, 1 Ή ΠΕΡΙΣΣΟΤΕΡΟΙ ΠΕΡΙΤΟΝΑΪΚΟΙ, ΜΕΣΕΝΤΕΡΙΚΟΙ, Ή ΟΠΙΣΘΟΠΕΡΙΤΟΝΑΪΚΟΙ  ΠΡΩΤΟΠΑΘΕΙΣ Ή ΔΕΥΤΕΡΟΠΑΘΕΙΣ ΟΓΚΟΙ, ΜΕ ΔΙΑΜΕΤΡΟ ΜΕΓΑΛΥΤΕΡΟΥ ΟΓΚΟΥ  5CM Ή ΜΙΚΡΟΤΕΡΟ;;;;;
4831;X678367;ΕΚΤΟΜΗ Ή ΚΑΤΑΣΤΡΟΦΗ, ΑΝΟΙΚΤΗ, ΕΝΔΟΚΟΙΛΙΑΚΟΙ ΟΓΚΟΙ, ΚΥΣΤΕΙΣ Ή  ΚΥΣΤΕΣ ΕΝΔΟΜΗΤΡΙΩΣΗΣ, 1 Ή ΠΕΡΙΣΣΟΤΕΡΟΙ ΠΕΡΙΤΟΝΑΪΚΟΙ, ΜΕΣΕΝΤΕΡΙΚΟΙ, Ή ΟΠΙΣΘΟΠΕΡΙΤΟΝΑΪΚΟΙ  ΠΡΩΤΟΠΑΘΕΙΣ Ή ΔΕΥΤΕΡΟΠΑΘΕΙΣ ΟΓΚΟΙ, ΜΕ ΔΙΑΜΕΤΡΟ ΜΕΓΑΛΥΤΕΡΟΥ ΟΓΚΟΥ 5,1-10,0 CM;;;;;
4832;X678369;ΕΚΤΟΜΗ Ή ΚΑΤΑΣΤΡΟΦΗ, ΑΝΟΙΚΤΗ, ΕΝΔΟΚΟΙΛΙΑΚΟΙ ΟΓΚΟΙ, ΚΥΣΤΕΙΣ Ή  ΚΥΣΤΕΣ ΕΝΔΟΜΗΤΡΙΩΣΗΣ, 1 Ή ΠΕΡΙΣΣΟΤΕΡΟΙ ΠΕΡΙΤΟΝΑΪΚΟΙ, ΜΕΣΕΝΤΕΡΙΚΟΙ, Ή ΟΠΙΣΘΟΠΕΡΙΤΟΝΑΪΚΟΙ  ΠΡΩΤΟΠΑΘΕΙΣ Ή ΔΕΥΤΕΡΟΠΑΘΕΙΣ ΟΓΚΟΙ, ΜΕ ΔΙΑΜΕΤΡΟ ΜΕΓΑΛΥΤΕΡΟΥ ΟΓΚΟΥ ΜΕΓΑΛΥΤΕΡΗ ΑΠΟ 10,0 CM;;;;;
4833;X678389;ΕΚΤΟΜΗ ΠΡΟΪΕΡΟΥ  Ή ΙΕΡΟΥΚΟΚΚΥΓΙΚΟΥ ΟΓΚΟΥ;;;;;
4834;X678399;ΛΑΠΑΡΟΤΟΜΙΑ ΣΤΑΔΙΟΠΟΙΗΣΗΣ ΣΕ ΝΟΣΟ HODGKINS Ή ΛΕΜΦΩΜΑ (ΠΕΡΙΛΑΜΒΑΝΕΙ ΣΠΛΗΝΕΚΤΟΜΗ, ΑΝΟΙΚΤΕΣ Ή ΔΙΑ ΒΕΛΟΝΗΣ ΒΙΟΨΙΕΣ ΚΑΙ ΣΤΟΥΣ ΔΥΟ ΗΠΑΤΙΚΟΥΣ ΛΟΒΟΥΣ, ΚΑΘΩΣ ΚΑΙ ΠΙΘΑΝΗ ΑΦΑΙΡΕΣΗ ΚΟΙΛΙΑΚΩΝ ΛΕΜΦΑΔΕΝΩΝ, ΒΙΟΨΙΕΣ ΚΟΙΛΙΑΚΩΝ ΛΕΜΦΑΔΕΝΩΝ ΚΑΙ/Ή ΜΥΕΛΟΥ ΤΩΝ ΟΣΤΩΝ, ΩΟΘΗΚΙΚΗ ΕΠΑΝΑΤΟΠΟΘΕΤΗΣΗ);;;;;
4835;X678459;ΟΜΦΑΛΕΚΤΟΜΗ, ΕΚΤΟΜΗ ΤΟΥ ΟΜΦΑΛΟΥ (ΞΕΧΩΡΙΣΤΗ ΔΙΑΔΙΚΑΣΙΑ);;;;;
4836;X678469;ΕΠΙΠΛΟΕΚΤΟΜΗ, ΕΚΤΟΜΗ ΕΠΙΠΛΟΟΥ (ΞΕΧΩΡΙΣΤΗ ΔΙΑΔΙΚΑΣΙΑ);;;;;
4837;X678599;ΛΑΠΑΡΟΣΚΟΠΗΣΗ, ΚΟΙΛΙΑ, ΠΕΡΙΤΟΝΑΙΟ, ΚΑΙ ΕΠΙΠΛΟΥΝ, ΔΙΑΓΝΩΣΤΙΚΗ, ΜΕ Ή ΧΩΡΙΣ ΣΥΛΛΟΓΗ ΔΕΙΓΜΑΤΟΣ(ΩΝ) ΜΕ ΒΟΥΡΤΣΙΣΜΑ Ή ΕΚΠΛΥΣΗ (ΞΕΧΩΡΙΣΤΗ ΔΙΑΔΙΚΑΣΙΑ);;;;;
4838;X678601;ΛΑΠΑΡΟΣΚΟΠΗΣΗ, ΧΕΙΡΟΥΡΓΙΚΗ, ΜΕ ΒΙΟΨΙΑ (ΜΙΑ Ή ΠΟΛΛΑΠΛΕΣ);;;;;
4839;X678603;ΛΑΠΑΡΟΣΚΟΠΗΣΗ, ΧΕΙΡΟΥΡΓΙΚΗ, ΜΕ ΑΝΑΡΡΟΦΗΣΗ ΚΟΙΛΟΤΗΤΑΣ Ή ΚΥΣΤΗΣ (Π.Χ. ΩΟΘΗΚΙΚΗ ΚΥΣΤΗ) (ΜΙΑ Ή ΠΟΛΛΑΠΛΕΣ);;;;;
4840;X678605;ΛΑΠΑΡΟΣΚΟΠΗΣΗ, ΧΕΙΡΟΥΡΓΙΚΗ, ΜΕ ΠΑΡΟΧΕΤΕΥΣΗ ΛΕΜΦΟΚΗΛΗΣ ΣΤΗΝ ΠΕΡΙΤΟΝΑΪΚΗ ΚΟΙΛΟΤΗΤΑ;;;;;
4841;X678607;ΛΑΠΑΡΟΣΚΟΠΗΣΗ, ΧΕΙΡΟΥΡΓΙΚΗ, ΜΕ ΕΙΣΑΓΩΓΗ ΕΝΔΟΠΕΡΙΤΟΝΑΪΚΟΥ ΣΩΛΗΝΑ Ή ΚΑΘΕΤΗΡΑ, ΜΟΝΙΜΟΥ;;;;;
4842;X678609;ΛΑΠΑΡΟΣΚΟΠΗΣΗ, ΧΕΙΡΟΥΡΓΙΚΗ, ΜΕ ΑΝΑΘΕΩΡΗΣΗ ΠΡΟΗΓΟΥΜΕΝΩΣ ΤΟΠΟΘΕΤΗΜΕΝΟΥ ΕΝΔΟΠΕΡΙΤΟΝΑΪΚΟΥ ΣΩΛΗΝΑ Ή ΚΑΘΕΤΗΡΑ, ΜΕ ΑΦΑΙΡΕΣΗ ΤΟΥ ΕΝΔΟΑΥΛΙΚΟΥ ΑΠΟΦΡΑΣΣΟΝΤΟΣ ΥΛΙΚΟΥ. ΕΑΝ ΕΚΤΕΛΕΙΤΑΙ;;;;;
4843;X678611;ΛΑΠΑΡΟΣΚΟΠΗΣΗ, ΧΕΙΡΟΥΡΓΙΚΗ, ΜΕ ΕΠΙΠΛΟΟΠΗΞΙΑ (ΔΙΑΔΙΚΑΣΙΑ ΚΑΘΗΛΩΣΗΣ ΤΟΥ ΕΠΙΠΛΟΟΥ) (ΝΑ ΚΑΤΑΓΡΑΦΕΤΑΙ ΞΕΧΩΡΙΣΤΑ ΕΠΙΠΛΕΟΝ ΤΟΥ ΚΩΔΙΚΟΥ ΤΗΣ ΑΡΧΙΚΗΣ ΔΙΑΔΙΚΑΣΙΑΣ);;;;;
4844;X678617;ΜΗ ΚΑΤΑΓΕΓΡΑΜΜΕΝΗ ΛΑΠΑΡΟΣΚΟΠΙΚΗ ΔΙΑΔΙΚΑΣΙΑ, ΚΟΙΛΙΑ, ΠΕΡΙΤΟΝΑΙΟ ΚΑΙ ΕΠΙΠΛΟΥΝ;;;;;
4845;X678759;ΕΓΧΥΣΗ ΑΕΡΑ Ή ΥΛΙΚΟΥ ΑΝΤΙΘΕΣΗΣ ΣΤΗΝ ΠΕΡΙΤΟΝΑΪΚΗ ΚΟΙΛΟΤΗΤΑ (ΞΕΧΩΡΙΣΤΗ ΔΙΑΔΙΚΑΣΙΑ);;;;;
4846;X678763;ΑΦΑΙΡΕΣΗ ΠΕΡΙΤΟΝΑΪΚΟΥ ΞΕΝΟΥ ΣΩΜΑΤΟΣ ΑΠΟ ΤΗΝ ΠΕΡΙΤΟΝΑΪΚΗ ΚΟΙΛΟΤΗΤΑ;;;;;
4847;X678797;ΕΙΣΑΓΩΓΗ ΕΝΔΟΠΕΡΙΤΟΝΑΪΚΟΥ ΣΩΛΗΝΑ Ή ΚΑΘΕΤΗΡΑ, ΜΕ ΥΠΟΔΟΡΙΑ ΔΕΞΑΜΕΝΗ, ΜΟΝΙΜΗ (ΔΗΛ. ΠΛΗΡΩΣ ΕΜΦΥΤΕΥΣΙΜΗ);;;;;
4848;X678799;ΕΙΣΑΓΩΓΗ ΕΝΔΟΠΕΡΙΤΟΝΑΪΚΟΥ ΣΩΛΗΝΑ Ή ΚΑΘΕΤΗΡΑ ΓΙΑ ΠΑΡΟΧΕΤΕΥΣΗ Ή ΑΙΜΟΚΑΘΑΡΣΗ Ή ΠΕΡΙΤΟΝΑΪΚΗ ΚΑΘΑΡΣΗ ΠΡΟΣΩΡΙΝΗ;;;;;
4849;X678801;ΕΙΣΑΓΩΓΗ ΕΝΔΟΠΕΡΙΤΟΝΑΪΚΟΥ ΣΩΛΗΝΑ Ή ΚΑΘΕΤΗΡΑ ΓΙΑ ΠΑΡΟΧΕΤΕΥΣΗ Ή ΑΙΜΟΚΑΘΑΡΣΗ Ή ΠΕΡΙΤΟΝΑΪΚΗ ΚΑΘΑΡΣΗ ΜΟΝΙΜΗ;;;;;
4850;X678803;ΑΦΑΙΡΕΣΗ ΤΟΥ ΜΟΝΙΜΟΥ ΕΝΔΟΠΕΡΙΤΟΝΑΪΚΟΥ ΣΩΛΗΝΑ Ή ΚΑΘΕΤΗΡΑ;;;;;
4851;X678805;ΑΛΛΑΓΗ ΠΡΟΗΓΟΥΜΕΝΩΣ ΤΟΠΟΘΕΤΗΜΕΝΟΥ ΚΑΘΕΤΗΡΑ ΠΑΡΟΧΕΤΕΥΣΗΣ ΑΠΟΣΤΗΜΑΤΟΣ Ή ΚΥΣΤΗΣ ΥΠΟ ΑΚΤΙΝΟΛΟΓΙΚΗ ΚΑΘΟΔΗΓΗΣΗ (ΞΕΧΩΡΙΣΤΗ ΔΙΑΔΙΚΑΣΙΑ);;;;;
4852;X678807;ΕΓΧΥΣΗ ΥΛΙΚΟΥ ΑΝΤΙΘΕΣΗΣ ΓΙΑ ΤΗΝ ΕΚΤΙΜΗΣΗ ΑΠΟΣΤΗΜΑΤΟΣ Ή ΚΥΣΤΗΣ ΜΕΣΩ ΠΡΟΗΓΟΥΜΕΝΩΣ ΤΟΠΟΘΕΤΗΜΕΝΟΥ ΚΑΘΕΤΗΡΑ Ή ΣΩΛΗΝΑ ΠΑΡΟΧΕΤΕΥΣΗΣ (ΞΕΧΩΡΙΣΤΗ ΔΙΑΔΙΚΑΣΙΑ);;;;;
4853;X678809;ΕΙΣΑΓΩΓΗ ΠΕΡΙΤΟΝΑΪΚΗΣ-ΦΛΕΒΙΚΗΣ ΠΑΡΑΚΑΜΨΗΣ;;;;;
4854;X678811;ΑΝΑΘΕΩΡΗΣΗ ΠΕΡΙΤΟΝΑΪΚΗΣ-ΦΛΕΒΙΚΗΣ ΠΑΡΑΚΑΜΨΗΣ;;;;;
4855;X678813;ΔΙΑΔΙΚΑΣΙΑ ΕΓΧΥΣΗΣ (Π.Χ. ΥΛΙΚΟΥ ΑΝΤΙΘΕΣΗΣ) ΓΙΑ ΤΗΝ ΑΞΙΟΛΟΓΗΣΗ ΤΗΣ ΠΡΟΗΓΟΥΜΕΝΩΣ ΤΟΠΟΘΕΤΗΜΕΝΗΣ ΠΕΡΙΤΟΝΑΪΚΗΣ-ΦΛΕΒΙΚΗΣ ΠΑΡΑΚΑΜΨΗΣ;;;;;
4856;X678815;ΑΠΟΛΙΝΩΣΗ ΠΕΡΙΤΟΝΑΪΚΗΣ-ΦΛΕΒΙΚΗΣ ΠΑΡΑΚΑΜΨΗΣ;;;;;
4857;X678817;ΑΦΑΙΡΕΣΗ ΠΕΡΙΤΟΝΑΪΚΗΣ-ΦΛΕΒΙΚΗΣ ΠΑΡΑΚΑΜΨΗΣ;;;;;
4858;X678829;ΕΙΣΑΓΩΓΗ ΥΠΟΔΟΡΙΑΣ ΕΠΕΚΤΑΣΗΣ ΤΟΥ ΕΝΔΟΠΕΡΙΤΟΝΑΪΚΟΥ ΣΩΛΗΝΑ Ή  ΚΑΘΕΤΗΡΑ ΜΕ ΑΠΟΜΑΚΡΥΣΜΕΝΟ ΣΗΜΕΙΟ ΕΞΟΔΟΥ ΣΤΟΝ ΘΩΡΑΚΑ (ΝΑ ΚΑΤΑΓΡΑΦΕΤΑΙ ΞΕΧΩΡΙΣΤΑ ΕΠΙΠΛΕΟΝ ΤΟΥ ΚΩΔΙΚΟΥ ΤΗΣ ΑΡΧΙΚΗΣ ΔΙΑΔΙΚΑΣΙΑΣ);;;;;
4859;X678831;ΣΕ ΔΕΥΤΕΡΟ ΧΡΟΝΟ ΔΗΜΙΟΥΡΓΙΑ ΣΗΜΕΙΟΥ ΕΞΟΔΟΥ ΑΠΟ ΕΜΦΥΤΕΥΜΕΝΟ ΥΠΟΔΟΡΙΟ ΤΜΗΜΑ ΤΟΥ ΕΝΔΟΠΕΡΙΤΟΝΑΪΚΟΥ ΣΩΛΗΝΑ Ή ΚΑΘΕΤΗΡΑ;;;;;
4860;X678839;ΕΙΣΑΓΩΓΗ ΣΩΛΗΝΑ ΓΑΣΤΡΟΣΤΟΜΙΑΣ, ΔΙΑΔΕΡΜΙΚΑ, ΥΠΟ ΑΚΤΙΝΟΣΚΟΠΙΚΗ ΚΑΘΟΔΗΓΗΣΗ ΠΟΥ ΠΕΡΙΛΑΜΒΑΝΕΙ ΕΓΧΥΣΗ(ΕΙΣ) ΥΛΙΚΟΥ ΑΝΤΙΘΕΣΗΣ, ΤΕΚΜΗΡΙΩΣΗ ΕΙΚΟΝΑΣ ΚΑΙ ΑΝΑΦΟΡΑ;;;;;
4861;X678841;ΕΙΣΑΓΩΓΗ ΣΩΛΗΝΑ ΔΩΔΕΚΑΔΑΚΤΥΛΟΣΤΟΜΙΑΣ Ή ΝΗΣΤΙΔΟΣΤΟΜΙΑΣ, ΔΙΑΔΕΡΜΙΚΑ, ΥΠΟ ΑΚΤΙΝΟΣΚΟΠΙΚΗ ΚΑΘΟΔΗΓΗΣΗ, ΠΟΥ ΠΕΡΙΛΑΜΒΑΝΕΙ ΕΓΧΥΣΗ(ΕΙΣ) ΥΛΙΚΟΥ ΑΝΤΙΘΕΣΗΣ, ΤΕΚΜΗΡΙΩΣΗ ΕΙΚΟΝΑΣ ΚΑΙ ΑΝΑΦΟΡΑ;;;;;
4862;X678843;ΕΙΣΑΓΩΓΗ ΣΩΛΗΝΑ ΤΥΦΛΟΣΤΟΜΙΑΣ Ή ΑΛΛΟΥ ΣΩΛΗΝΑ ΠΑΧΕΟΣ ΕΝΤΕΡΟΥ, ΔΙΑΔΕΡΜΙΚΑ, ΥΠΟ ΑΚΤΙΝΟΣΚΟΠΙΚΗ ΚΑΘΟΔΗΓΗΣΗ, ΠΟΥ ΠΕΡΙΛΑΜΒΑΝΕΙ ΕΓΧΥΣΗ(ΕΙΣ) ΥΛΙΚΟΥ ΑΝΤΙΘΕΣΗΣ, ΤΕΚΜΗΡΙΩΣΗ ΕΙΚΟΝΑΣ ΚΑΙ ΑΝΑΦΟΡΑ;;;;;
4863;X678851;ΜΕΤΑΤΡΟΠΗ ΤΟΥ ΣΩΛΗΝΑ ΓΑΣΤΡΟΣΤΟΜΙΑΣ ΣΕ ΣΩΛΗΝΑ ΓΑΣΤΡΟ-ΝΗΣΤΙΔΟΣΤΟΜΙΑΣ, ΔΙΑΔΕΡΜΙΚΑ ΥΠΟ ΑΚΤΙΝΟΣΚΟΠΙΚΗ ΚΑΘΟΔΗΓΗΣΗ, ΠΟΥ ΠΕΡΙΛΑΜΒΑΝΕΙ ΕΓΧΥΣΗ(ΕΙΣ) ΥΛΙΚΟΥ ΑΝΤΙΘΕΣΗΣ, ΤΕΚΜΗΡΙΩΣΗ ΕΙΚΟΝΑΣ ΚΑΙ ΑΝΑΦΟΡΑ;;;;;
4864;X678859;ΑΝΤΙΚΑΤΑΣΤΑΣΗ ΤΟΥ ΣΩΛΗΝΑ ΓΑΣΤΡΟΣΤΟΜΙΑΣ Ή ΤΥΦΛΟΣΤΟΜΙΑΣ (Ή ΑΛΛΟΥ ΣΩΛΗΝΑ ΤΟΥ ΠΑΧΕΟΣ ΕΝΤΕΡΟΥ), ΔΙΑΔΕΡΜΙΚΑ, ΥΠΟ ΑΚΤΙΝΟΣΚΟΠΙΚΗ ΚΑΘΟΔΗΓΗΣΗ, ΠΟΥ ΠΕΡΙΛΑΜΒΑΝΕΙ ΕΓΧΥΣΗ(ΕΙΣ) ΥΛΙΚΟΥ ΑΝΤΙΘΕΣΗΣ, ΤΕΚΜΗΡΙΩΣΗ ΕΙΚΟΝΑΣ ΚΑΙ ΑΝΑΦΟΡΑ;;;;;
4865;X678861;ΑΝΤΙΚΑΤΑΣΤΑΣΗ ΣΩΛΗΝΑ ΔΩΔΕΚΑΔΑΚΤΥΛΟΣΤΟΜΙΑΣ Ή ΝΗΣΤΙΔΟΣΤΟΜΙΑΣ, ΔΙΑΔΕΡΜΙΚΑ, ΥΠΟ ΑΚΤΙΝΟΣΚΟΠΙΚΗ ΚΑΘΟΔΗΓΗΣΗ, ΠΟΥ ΠΕΡΙΛΑΜΒΑΝΕΙ ΕΓΧΥΣΗ(ΕΙΣ) ΥΛΙΚΟΥ ΑΝΤΙΘΕΣΗΣ, ΤΕΚΜΗΡΙΩΣΗ ΕΙΚΟΝΑΣ ΚΑΙ ΑΝΑΦΟΡΑ;;;;;
4866;X678863;ΑΝΤΙΚΑΤΑΣΤΑΣΗ  ΣΩΛΗΝΑ ΓΑΣΤΡΟ-ΝΗΣΤΙΔΟΣΤΟΜΙΑΣ, ΔΙΑΔΕΡΜΙΚΑ, ΥΠΟ ΑΚΤΙΝΟΣΚΟΠΙΚΗ ΚΑΘΟΔΗΓΗΣΗ ΠΟΥ ΠΕΡΙΛΑΜΒΑΝΕΙ ΕΓΧΥΣΗ(ΕΙΣ) ΥΛΙΚΟΥ ΑΝΤΙΘΕΣΗΣ, ΤΕΚΜΗΡΙΩΣΗ ΕΙΚΟΝΑΣ ΚΑΙ ΑΝΑΦΟΡΑ;;;;;
4867;X678879;ΜΗΧΑΝΙΚΗ ΑΠΟΜΑΚΡΥΝΣΗ ΑΠΟΦΡΑΣΣΟΝΤΟΣ ΥΛΙΚΟΥ ΑΠΟ ΤΟ ΣΩΛΗΝΑ ΓΑΣΤΡΟΣΤΟΜΙΑΣ, ΔΩΔΕΚΑΔΑΚΤΥΛΟΣΤΟΜΙΑΣ, ΝΗΣΤΙΔΟΣΤΟΜΙΑΣ, ΓΑΣΤΡΟ-ΝΗΣΤΙΔΟΣΤΟΜΙΑΣ, Ή ΤΥΦΛΟΣΤΟΜΙΑΣ (Ή ΑΛΛΟ ΣΩΛΗΝΑ ΠΑΧΕΟΣ ΕΝΤΕΡΟΥ), ΜΕ ΟΠΟΙΑΔΗΠΟΤΕ ΜΕΘΟΔΟ, ΥΠΟ ΑΚΤΙΝΟΣΚΟΠΙΚΗ ΚΑΘΟΔΗΓΗΣΗ ΠΟΥ ΠΕΡΙΛΑΜΒΑΝΕΙ  ΕΓΧΥΣΗ(ΕΙΣ) ΥΛΙΚΟΥ ΑΝΤΙΘΕΣΗΣ, ΕΑΝ ΠΡΑΓΜΑΤΟΠΟΙΟΕΙΤΑΙ, ΤΕΚΜΗΡΙΩΣΗ ΕΙΚΟΝΑΣ ΚΑΙ ΑΝΑΦΟΡΑ;;;;;
4868;X678889;ΕΓΧΥΣΗ(ΕΙΣ) ΥΛΙΚΟΥ ΑΝΤΙΘΕΣΗΣ ΓΙΑ ΑΚΤΙΝΟΛΟΓΙΚΗ ΑΞΙΟΛΟΓΗΣΗ ΥΠΑΡΧΟΝΤΟΣ ΣΩΛΗΝΑ ΓΑΣΤΡΟΣΤΟΜΙΑΣ, ΔΩΔΕΚΑΔΑΚΤΥΛΟΣΤΟΜΙΑΣ, ΝΗΣΤΙΔΟΣΤΟΜΙΑΣ, ΓΑΣΤΡΟ-ΝΗΣΤΙΔΟΣΤΟΜΙΑΣ, Ή  ΤΥΦΛΟΣΤΟΜΙΑΣ (Ή ΑΛΛΟΥ ΣΩΛΗΝΑ ΠΑΧΕΟΣ ΕΝΤΕΡΟΥ), ΜΕΣΩ ΔΙΑΔΕΡΜΙΚΗΣ ΠΡΟΣΕΓΓΙΣΗΣ ΠΟΥ ΠΕΡΙΛΑΜΒΑΝΕΙ ΤΕΚΜΗΡΙΩΣΗ ΕΙΚΟΝΑΣ ΚΑΙ ΑΝΑΦΟΡΑ;;;;;
4869;X678941;ΑΠΟΚΑΤΑΣΤΑΣΗ, ΑΡΧΙΚΗΣ ΒΟΥΒΩΝΟΚΗΛΗΣ, ΠΡΟΩΡΟ ΝΕΟΓΝΟ (ΛΙΓΟΤΕΡΟ ΑΠΟ 37 ΕΒΔΟΜΑΔΕΣ ΚΥΗΣΗΣ ΚΑΤΑ ΤΗ ΓΕΝΝΗΣΗ), ΠΟΥ ΠΡΑΓΜΑΤΟΠΟΙΕΙΤΑΙ ΑΠΟ ΤΗ ΓΕΝΝΗΣΗ ΕΩΣ 50 ΕΒΔΟΜΑΔΕΣ ΜΕΤΑ ΤΗ ΣΥΛΛΗΨΗ, ΜΕ Ή ΧΩΡΙΣ ΕΚΤΟΜΗ ΥΔΡΟΚΗΛΗΣ, ΑΝΑΤΑΞΙΜΗ;;;;;
4870;X678943;ΑΠΟΚΑΤΑΣΤΑΣΗ, ΑΡΧΙΚΗΣ ΒΟΥΒΩΝΟΚΗΛΗΣ, ΠΡΟΩΡΟ ΝΕΟΓΝΟ (ΛΙΓΟΤΕΡΟ ΑΠΟ 37 ΕΒΔΟΜΑΔΕΣ ΚΥΗΣΗΣ ΚΑΤΑ ΤΗ ΓΕΝΝΗΣΗ), ΠΟΥ ΠΡΑΓΜΑΤΟΠΟΙΕΙΤΑΙ ΑΠΟ ΤΗ ΓΕΝΝΗΣΗ ΕΩΣ 50 ΕΒΔΟΜΑΔΕΣ ΜΕΤΑ ΤΗ ΣΥΛΛΗΨΗ, ΜΕ Ή ΧΩΡΙΣ ΕΚΤΟΜΗ ΥΔΡΟΚΗΛΗΣ, ΠΕΡΙΕΣΦΙΓΜΕΝΗ;;;;;
4871;X678949;ΑΠΟΚΑΤΑΣΤΑΣΗ, ΑΡΧΙΚΗΣ ΒΟΥΒΩΝΟΚΗΛΗΣ, ΝΕΟΓΝΑ ΠΛΗΡΟΥΣ ΚΥΗΣΗΣ ΗΛΙΚΙΑΣ ΜΙΚΡΟΤΕΡΗΣ ΑΠΟ 6 ΜΗΝΕΣ, Ή ΠΡΟΩΡΑ ΝΕΟΓΝΑ ΗΛΙΚΙΑΣ ΜΕΓΑΛΥΤΕΡΗΣ ΑΠΟ 50 ΕΒΔΟΜΑΔΕΣ ΑΠΟ ΤΗ ΣΥΛΛΗΨΗ ΚΑΙ  ΜΙΚΡΟΤΕΡΗΣ ΤΩΝ 6 ΜΗΝΩΝΣ ΚΑΤΑ ΤΟ ΧΡΟΝΟ ΤΗΣ ΕΓΧΕΙΡΗΣΗΣ, ΜΕ Ή ΧΩΡΙΣ ΕΚΤΟΜΗ ΥΔΡΟΚΗΛΗΣ, ΑΝΑΤΑΞΙΜΗ;;;;;
4872;X678951;ΑΠΟΚΑΤΑΣΤΑΣΗ, ΑΡΧΙΚΗΣ ΒΟΥΒΩΝΟΚΗΛΗΣ, ΝΕΟΓΝΑ ΠΛΗΡΟΥΣ ΚΥΗΣΗΣ ΗΛΙΚΙΑΣ ΜΙΚΡΟΤΕΡΗΣ ΑΠΟ 6 ΜΗΝΕΣ, Ή ΠΡΟΩΡΑ ΝΕΟΓΝΑ ΗΛΙΚΙΑΣ ΜΕΓΑΛΥΤΕΡΗΣ ΑΠΟ 50 ΕΒΔΟΜΑΔΕΣ ΑΠΟ ΤΗ ΣΥΛΛΗΨΗ ΚΑΙ  ΜΙΚΡΟΤΕΡΗΣ ΤΩΝ 6 ΜΗΝΩΝΣ ΚΑΤΑ ΤΟ ΧΡΟΝΟ ΤΗΣ ΕΓΧΕΙΡΗΣΗΣ, ΜΕ Ή ΧΩΡΙΣ ΕΚΤΟΜΗ ΥΔΡΟΚΗΛΗΣ, ΠΕΡΙΕΣΦΙΓΜΕΝΗ;;;;;
4873;X678959;ΑΠΟΚΑΤΑΣΤΑΣΗ ΑΡΧΙΚΗΣ ΒΟΥΒΩΝΟΚΗΛΗΣ, ΣΕ ΗΛΙΚΙΑ ΑΠΟ 6 ΜΗΝΕΣ ΕΩΣ ΜΙΚΡΟΤΕΡΗ ΑΠΟ 5 ΕΤΗ, ΜΕ Ή ΧΩΡΙΣ ΕΚΤΟΜΗ ΥΔΡΟΚΗΛΗΣ, ΑΝΑΤΑΞΙΜΗ;;;;;
4874;X678961;ΑΠΟΚΑΤΑΣΤΑΣΗ ΑΡΧΙΚΗΣ ΒΟΥΒΩΝΟΚΗΛΗΣ, ΣΕ ΗΛΙΚΙΑ ΑΠΟ 6 ΜΗΝΕΣ ΕΩΣ ΜΙΚΡΟΤΕΡΗ ΑΠΟ 5 ΕΤΗ, ΜΕ Ή ΧΩΡΙΣ ΕΚΤΟΜΗ ΥΔΡΟΚΗΛΗΣ, ΠΕΡΙΕΣΦΙΓΜΕΝΗ;;;;;
4875;X678969;ΑΠΟΚΑΤΑΣΤΑΣΗ ΑΡΧΙΚΗΣ ΒΟΥΒΩΝΟΚΗΛΗΣ, ΣΕ ΗΛΙΚΙΑ 5 ΕΤΩΝ Ή ΜΕΓΑΛΥΤΕΡΗ, ΑΝΑΤΑΞΙΜΗ;;;;;
4876;X678973;ΑΠΟΚΑΤΑΣΤΑΣΗ ΑΡΧΙΚΗΣ ΒΟΥΒΩΝΟΚΗΛΗΣ, ΣΕ ΗΛΙΚΙΑ 5 ΕΤΩΝ Ή ΜΕΓΑΛΥΤΕΡΗ,  ΠΕΡΙΕΣΦΙΓΜΕΝΗ;;;;;
4877;X678999;ΑΠΟΚΑΤΑΣΤΑΣΗ ΥΠΟΤΡΟΠΙΑΖΟΥΣΑΣ ΒΟΥΒΩΝΟΚΗΛΗΣ, ΣΕ ΟΠΟΙΑΔΗΠΟΤΕ ΗΛΙΚΙΑ, ΑΝΑΤΑΞΙΜΗ;;;;;
4878;X679001;ΑΠΟΚΑΤΑΣΤΑΣΗ ΥΠΟΤΡΟΠΙΑΖΟΥΣΑΣ ΒΟΥΒΩΝΟΚΗΛΗΣ, ΣΕ ΟΠΟΙΑΔΗΠΟΤΕ ΗΛΙΚΙΑ, ΠΕΡΙΕΣΦΙΓΜΕΝΗ;;;;;
4879;X679009;ΑΠΟΚΑΤΑΣΤΑΣΗ ΑΡΧΙΚΗΣ ΒΟΥΒΩΝΟΚΗΛΗΣ, ΤΥΠΟΥ ΚΑΤ' ΕΠΟΛΙΣΘΗΣΗΣ, ΣΕ ΟΠΟΙΑΔΗΠΟΤΕ ΗΛΙΚΙΑ;;;;;
4880;X679039;ΑΠΟΚΑΤΑΣΤΑΣΗ ΟΣΦΥΪΚΗΣ ΚΗΛΗΣ;;;;;
4881;X679059;ΑΠΟΚΑΤΑΣΤΑΣΗ ΑΡΧΙΚΗΣ ΜΗΡΟΚΗΛΗΣ, ΣΕ ΟΠΟΙΑΔΗΠΟΤΕ ΗΛΙΚΙΑ, ΑΝΑΤΑΞΙΜΗ;;;;;
4882;X679065;ΑΠΟΚΑΤΑΣΤΑΣΗ ΑΡΧΙΚΗΣ ΜΗΡΟΚΗΛΗΣ, ΣΕ ΟΠΟΙΑΔΗΠΟΤΕ ΗΛΙΚΙΑ, ΠΕΡΙΕΣΦΙΓΜΕΝΗ;;;;;
4883;X679069;ΑΠΟΚΑΤΑΣΤΑΣΗ ΥΠΟΤΡΟΠΙΑΖΟΥΣΑΣ ΜΗΡΟΚΗΛΗΣ, ΑΝΑΤΑΞΙΜΗ;;;;;
4884;X679073;ΑΠΟΚΑΤΑΣΤΑΣΗ ΥΠΟΤΡΟΠΙΑΖΟΥΣΑΣ ΜΗΡΟΚΗΛΗΣ, ΠΕΡΙΕΣΦΙΓΜΕΝΗ;;;;;
4885;X679079;ΑΠΟΚΑΤΑΣΤΑΣΗ ΑΡΧΙΚΗΣ ΜΕΤΕΓΧΕΙΡΗΤΙΚΗΣ ΚΗΛΗΣ Ή ΚΟΙΛΙΟΚΗΛΗΣ, ΑΝΑΤΑΞΙΜΗ;;;;;
4886;X679081;ΑΠΟΚΑΤΑΣΤΑΣΗ ΑΡΧΙΚΗΣ ΜΕΤΕΓΧΕΙΡΗΤΙΚΗΣ ΚΗΛΗΣ Ή ΚΟΙΛΙΟΚΗΛΗΣ,  ΠΕΡΙΕΣΦΙΓΜΕΝΗ;;;;;
4887;X679089;ΑΠΟΚΑΤΑΣΤΑΣΗ ΥΠΟΤΡΟΠΙΑΖΟΥΣΑΣ ΜΕΤΕΓΧΕΙΡΗΤΙΚΗΣ ΚΗΛΗΣ Ή ΚΟΙΛΙΟΚΗΛΗΣ, ΑΝΑΤΑΞΙΜΗ;;;;;
4888;X679091;ΑΠΟΚΑΤΑΣΤΑΣΗ ΥΠΟΤΡΟΠΙΑΖΟΥΣΑΣ ΜΕΤΕΓΧΕΙΡΗΤΙΚΗΣ ΚΗΛΗΣ Ή ΚΟΙΛΙΟΚΗΛΗΣ,  ΠΕΡΙΕΣΦΙΓΜΕΝΗ;;;;;
4889;X679095;ΕΜΦΥΤΕΥΣΗ ΠΛΕΓΜΑΤΟΣ Ή ΑΛΛΟΥ ΠΡΟΣΘΕΤΙΚΟΥ ΥΛΙΚΟΥ ΓΙΑ ΑΝΟΙΚΤΗ ΑΠΟΚΑΤΑΣΤΑΣΗ ΜΕΤΕΓΧΕΙΡΗΤΙΚΗΣ ΚΗΛΗΣ Ή ΚΟΙΛΙΟΚΗΛΗΣ Ή ΠΛΕΓΜΑΤΟΣ ΓΙΑ ΣΥΓΚΛΕΙΣΗ ΧΕΙΡΟΥΡΓΙΚΟΥ ΚΑΘΑΡΙΣΜΟΥ ΣΕ ΝΕΚΡΩΤΙΚΕΣ ΛΟΙΜΩΞΕΙΣ  ΜΑΛΑΚΩΝ ΜΟΡΙΩΝ (ΝΑ ΚΑΤΑΓΡΑΦΕΤΑΙ ΞΕΧΩΡΙΣΤΑ ΕΠΙΠΛΕΟΝ ΤΟΥ ΚΩΔΙΚΟΥ ΓΙΑ ΤΗΝ  ΑΠΟΚΑΤΑΣΤΑΣΗ ΜΕΤΕΓΧΕΙΡΗΤΙΚΗΣ ΚΗΛΗΣ Ή ΚΟΙΛΙΟΚΗΛΗΣ);;;;;
4890;X679099;ΑΠΟΚΑΤΑΣΤΑΣΗ ΕΠΙΓΑΣΤΡΙΚΗΣ ΚΗΛΗΣ (Π.Χ. ΠΡΟΠΕΡΙΤΟΝΑΪΚΟ ΛΙΠΟΣ, ΑΝΑΤΑΞΙΜΗ (ΞΕΧΩΡΙΣΤΗ ΔΙΑΔΙΚΑΣΙΑ);;;;;
4891;X679103;ΑΠΟΚΑΤΑΣΤΑΣΗ ΕΠΙΓΑΣΤΡΙΚΗΣ ΚΗΛΗΣ (Π.Χ. ΠΡΟΠΕΡΙΤΟΝΑΪΚΟ ΛΙΠΟΣ) ΠΕΡΙΕΣΦΙΣΜΕΝΗ;;;;;
4892;X679119;ΑΠΟΚΑΤΑΣΤΑΣΗ ΟΜΦΑΛΟΚΗΛΗΣ, ΗΛΙΚΙΑΣ ΜΙΚΡΟΤΕΡΗΣ ΑΠΟ 5 ΕΤΗ, ΑΝΑΤΑΞΙΜΗ;;;;;
4893;X679123;ΑΠΟΚΑΤΑΣΤΑΣΗ ΟΜΦΑΛΟΚΗΛΗΣ, ΗΛΙΚΙΑΣ ΜΙΚΡΟΤΕΡΗΣ ΑΠΟ 5 ΕΤΗ, ΠΕΡΙΕΣΦΙΣΜΕΝΗ;;;;;
4894;X679129;ΑΠΟΚΑΤΑΣΤΑΣΗ, ΟΜΦΑΛΟΚΗΛΗΣ, ΣΕ ΗΛΙΚΙΑ 5 ΕΤΩΝ Ή ΜΕΓΑΛΥΤΕΡΗ, ΑΝΑΤΑΞΙΜΗ;;;;;
4895;X679133;ΑΠΟΚΑΤΑΣΤΑΣΗ, ΟΜΦΑΛΟΚΗΛΗΣ, ΣΕ ΗΛΙΚΙΑ 5 ΕΤΩΝ Ή ΜΕΓΑΛΥΤΕΡΗ, ΠΕΡΙΕΣΦΙΣΜΕΝΗ;;;;;
4896;X679139;ΑΠΟΚΑΤΑΣΤΑΣΗ ΚΗΛΗΣ ΤΟΥ SPIGEL;;;;;
4897;X679159;ΑΠΟΚΑΤΑΣΤΑΣΗ ΜΙΚΡΗΣ ΟΜΦΑΛΟΚΗΛΗΣ, ΜΕ ΠΡΩΤΟΓΕΝΗ ΣΥΓΚΛΕΙΣΗ;;;;;
4898;X679169;ΑΠΟΚΑΤΑΣΤΑΣΗ ΜΕΓΑΛΗΣ ΟΜΦΑΛΟΚΗΛΗΣ Ή ΔΙΑΤΑΣΗΣ ΚΟΙΛΙΑΚΟΥ ΤΟΙΧΩΜΑΤΟΣ, ΜΕ Ή ΧΩΡΙΣ ΠΡΟΣΘΕΤΙΚΟ ΥΛΙΚΟ;;;;;
4899;X679171;ΑΠΟΚΑΤΑΣΤΑΣΗ ΜΕΓΑΛΗΣ ΟΜΦΑΛΟΚΗΛΗΣ Ή ΔΙΑΤΑΣΗΣ ΚΟΙΛΙΑΚΟΥ ΤΟΙΧΩΜΑΤΟΣ, ΜΕ ΑΦΑΙΡΕΣΗ ΤΟΥ ΠΡΟΣΘΕΤΙΚΟΥ ΥΛΙΚΟΥ, ΤΕΛΙΚΗ ΑΝΑΤΑΞΗ ΚΑΙ ΣΥΓΚΛΕΙΣΗ, ΣΕ ΧΕΙΡΟΥΡΓΙΚΗ ΑΙΘΟΥΣΑ;;;;;
4900;X679179;ΑΠΟΚΑΤΑΣΤΑΣΗ ΟΜΦΑΛΟΚΗΛΗΣ (ΕΓΧΕΙΡΗΣΗ ΤΥΠΟΥ GROSS), ΠΡΩΤΟ ΣΤΑΔΙΟ;;;;;
4901;X679181;ΑΠΟΚΑΤΑΣΤΑΣΗ ΟΜΦΑΛΟΚΗΛΗΣ (ΕΓΧΕΙΡΗΣΗ ΤΥΠΟΥ GROSS), ΔΕΥΤΕΡΟ ΣΤΑΔΙΟ;;;;;
4902;X679259;ΛΑΠΑΡΟΣΚΟΠΗΣΗ, ΧΕΙΡΟΥΡΓΙΚΗ, ΑΠΟΚΑΤΑΣΤΑΣΗ ΑΡΧΙΚΗΣ ΒΟΥΒΩΝΟΚΗΛΗΣ;;;;;
4903;X679261;ΛΑΠΑΡΟΣΚΟΠΗΣΗ, ΧΕΙΡΟΥΡΓΙΚΗ, ΑΠΟΚΑΤΑΣΤΑΣΗ ΥΠΟΤΡΟΠΙΑΖΟΥΣΑΣ ΒΟΥΒΩΝΟΚΗΛΗΣ;;;;;
4904;X679263;ΛΑΠΑΡΟΣΚΟΠΗΣΗ, ΧΕΙΡΟΥΡΓΙΚΗ, ΑΠΟΚΑΤΑΣΤΑΣΗ, ΚΟΙΛΙΟΚΗΛΗΣ, ΟΜΦΑΛΟΚΗΛΗΣ, ΚΗΛΗΣ ΤΟΥ SPIGEL Ή ΕΠΙΓΑΣΤΡΙΚΗΣ ΚΗΛΗΣ (ΠΕΡΙΛΑΜΒΑΝΕΙ ΕΙΣΑΓΩΓΗ ΠΛΕΓΜΑΤΟΣ, ΟΤΑΝ ΕΚΤΕΛΕΙΤΑΙ), ΑΝΑΤΑΞΙΜΗ;;;;;
4905;X679265;ΛΑΠΑΡΟΣΚΟΠΗΣΗ, ΧΕΙΡΟΥΡΓΙΚΗ, ΑΠΟΚΑΤΑΣΤΑΣΗ, ΚΟΙΛΙΟΚΗΛΗΣ, ΟΜΦΑΛΟΚΗΛΗΣ, ΚΗΛΗΣ ΤΟΥ SPIGEL Ή ΕΠΙΓΑΣΤΡΙΚΗΣ ΚΗΛΗΣ (ΠΕΡΙΛΑΜΒΑΝΕΙ ΕΙΣΑΓΩΓΗ ΠΛΕΓΜΑΤΟΣ, ΟΤΑΝ ΕΚΤΕΛΕΙΤΑΙ),  ΠΕΡΙΕΣΦΙΓΜΕΝΗ;;;;;
4906;X679267;ΛΑΠΑΡΟΣΚΟΠΗΣΗ, ΧΕΙΡΟΥΡΓΙΚΗ, ΑΠΟΚΑΤΑΣΤΑΣΗ ΜΕΤΕΓΧΕΙΡΗΤΙΚΗΣ ΚΗΛΗΣ (ΠΕΡΙΛΑΜΒΑΝΕΙ ΕΙΣΑΓΩΓΗ ΠΛΕΓΜΑΤΟΣ, ΟΤΑΝ ΕΚΤΕΛΕΙΤΑΙ), ΑΝΑΤΑΞΙΜΗ;;;;;
4907;X679269;ΛΑΠΑΡΟΣΚΟΠΗΣΗ, ΧΕΙΡΟΥΡΓΙΚΗ, ΑΠΟΚΑΤΑΣΤΑΣΗ ΜΕΤΕΓΧΕΙΡΗΤΙΚΗΣ ΚΗΛΗΣ (ΠΕΡΙΛΑΜΒΑΝΕΙ ΕΙΣΑΓΩΓΗ ΠΛΕΓΜΑΤΟΣ, ΟΤΑΝ ΕΚΤΕΛΕΙΤΑΙ), ΠΕΡΙΕΣΦΙΓΜΕΝΗ;;;;;
4908;X679271;ΛΑΠΑΡΟΣΚΟΠΗΣΗ, ΧΕΙΡΟΥΡΓΙΚΗ, ΑΠΟΚΑΤΑΣΤΑΣΗ, ΥΠΟΤΡΟΠΙΑΖΟΥΣΑ ΜΕΤΕΓΧΕΙΡΗΤΙΚΗ ΚΗΛΗ (ΠΕΡΙΛΑΜΒΑΝΕΙ  ΕΙΣΑΓΩΓΗ ΠΛΕΓΜΑΤΟΣ, ΟΤΑΝ ΕΚΤΕΛΕΙΤΑΙ), ΑΝΑΤΑΞΙΜΗ;;;;;
4909;X679273;ΛΑΠΑΡΟΣΚΟΠΗΣΗ, ΧΕΙΡΟΥΡΓΙΚΗ, ΑΠΟΚΑΤΑΣΤΑΣΗ, ΥΠΟΤΡΟΠΙΑΖΟΥΣΑ ΜΕΤΕΓΧΕΙΡΗΤΙΚΗ ΚΗΛΗ (ΠΕΡΙΛΑΜΒΑΝΕΙ  ΕΙΣΑΓΩΓΗ ΠΛΕΓΜΑΤΟΣ, ΟΤΑΝ ΕΚΤΕΛΕΙΤΑΙ), ΠΕΡΙΕΣΦΙΓΜΕΝΗ;;;;;
4910;X679277;ΜΗ ΚΑΤΑΓΕΓΡΑΜΜΕΝΗ ΛΑΠΑΡΟΣΚΟΠΙΚΗ ΔΙΑΔΙΚΑΣΙΑ, ΠΛΑΣΤΙΚΗ ΑΠΟΚΑΤΑΣΤΑΣΗ ΚΗΛΗΣ, ΣΥΡΡΑΦΗ ΚΗΛΗΣ, ΤΟΜΗ ΚΗΛΗΣ;;;;;
4911;X679759;ΣΥΡΡΑΦΗ, ΔΕΥΤΕΡΟΓΕΝΗΣ, ΤΟΥ ΚΟΙΛΙΑΚΟΥ ΤΟΙΧΩΜΑΤΟΣ ΓΙΑ ΕΚΣΠΛΑΧΝΙΣΗ Ή ΔΙΑΝΟΙΞΗ;;;;;
4912;X679767;ΕΠΙΠΛΟΪΚΟΣ ΚΡΗΜΝΟΣ, ΕΞΩ-ΚΟΙΛΙΑΚΟΣ (Π.Χ. ΓΙΑ ΑΝΑΚΑΤΑΣΚΕΥΗ  ΒΛΑΒΩΝ ΤΟΥ ΣΤΕΡΝΟΥ ΚΑΙ ΤΟΥ ΘΩΡΑΚΙΚΟΥ ΤΟΙΧΩΜΑΤΟΣ);;;;;
4913;X679769;ΕΠΙΠΛΟΪΚΟΣ ΚΡΗΜΝΟΣ, ΕΝΔΟ-ΚΟΙΛΙΑΚΟΣ (ΝΑ ΚΑΤΑΓΡΑΦΕΤΑΙ ΞΕΧΩΡΙΣΤΑ ΕΠΙΠΛΕΟΝ ΤΟΥ ΚΩΔΙΚΟΥ ΤΗΣ ΑΡΧΙΚΗΣ ΔΙΑΔΙΚΑΣΙΑΣ);;;;;
4914;X679771;ΕΛΕΥΘΕΡΟΣ ΕΠΙΠΛΟΪΚΟΣ ΚΡΗΜΝΟΣ ΜΕ ΜΙΚΡΟ-ΑΓΓΕΙΑΚΗ ΑΝΑΣΤΟΜΩΣΗ;;;;;
4915;X679957;ΜΗ ΚΑΤΑΓΕΓΡΑΜΜΕΝΗ ΔΙΑΔΙΚΑΣΙΑ, ΚΟΙΛΙΑΚΗ, ΠΕΡΙΤΟΝΑΙΟ ΚΑΙ ΕΠΙΠΛΟΥΝ;;;;;
Β.22;ΠΕΡΙΟΧΗ ΟΥΡΟΠΟΙΗΤΙΚΟΥ ΣΥΣΤΗΜΑΤΟΣ;;;;;;
4916;X679979;ΝΕΦΡΙΚΗ ΔΙΕΡΕΥΝΗΣΗ, ΔΕΝ ΑΠΑΙΤΕΙ ΑΛΛΕΣ ΕΙΔΙΚΕΣ ΔΙΑΔΙΚΑΣΙΕΣ;;;;;
4917;X679999;ΠΑΡΟΧΕΤΕΥΣΗ ΠΕΡΙΝΕΦΡΙΚΟΥ Ή ΝΕΦΡΙΚΟΥ ΑΠΟΣΤΗΜΑΤΟΣ, ΑΝΟΙΚΤΗ;;;;;
4918;X680001;ΠΑΡΟΧΕΤΕΥΣΗ ΠΕΡΙΝΕΦΡΙΚΟΥ Ή ΝΕΦΡΙΚΟΥ ΑΠΟΣΤΗΜΑΤΟΣ, ΔΙΑΔΕΡΜΙΚΗ;;;;;
4919;X680039;ΝΕΦΡΟΣΤΟΜΙΑ, ΝΕΦΡΟΤΟΜΗ ΜΕ ΠΑΡΟΧΕΤΕΥΣΗ;;;;;
4920;X680049;ΝΕΦΡΟΤΟΜΗ, ΜΕ ΔΙΕΡΕΥΝΗΣΗ;;;;;
4921;X680079;ΝΕΦΡΟΛΙΘΟΤΟΜΗ, ΑΦΑΙΡΕΣΗ ΛΙΘΟΥ;;;;;
4922;X680089;ΑΝΕΝΕΡΓΟΣ;;;;;
4923;X680099;ΝΕΦΡΟΛΙΘΟΤΟΜΗ, ΕΠΙΠΛΕΚΟΜΕΝΗ ΑΠΟ ΣΥΓΓΓΕΝΗ ΝΕΦΡΙΚΗ ΑΝΩΜΑΛΙΑ;;;;;
4924;X680109;ΝΕΦΡΟΛΙΘΟΤΟΜΗ, ΑΦΑΙΡΕΣΗ ΜΕΓΑΛΟΥ ΚΟΡΑΛΛΙΟΕΙΔΟΥΣ ΛΙΘΟΥ ΠΟΥ ΠΛΗΡΕΙ ΤΗ ΝΕΦΡΙΚΗ ΠΥΕΛΟ ΚΑΙ ΤΟΥΣ ΝΕΦΡΙΚΟΥΣ ΚΑΛΥΚΕΣ (ΣΥΜΠΕΡΙΛΑΜΒΑΝΟΜΕΝΗΣ ΑΝΑΤΡΟΦΙΚΗΣ ΠΥΕΛΟΛΙΘΟΤΟΜΗΣ);;;;;
4925;X680119;ΔΙΑΔΕΡΜΙΚΗ ΝΕΦΡΟΛΙΘΟΤΟΜΗ Ή ΠΥΕΛΟΛΙΘΟΤΟΜΗ, ΜΕ Ή ΧΩΡΙΣ ΔΙΑΣΤΟΛΗ, ΕΝΔΟΣΚΟΠΗΣΗ, ΛΙΘΟΤΡΙΨΙΑ, ΤΟΠΟΘΕΤΗΣΗ ΣΤΕΝΤ, Ή ΕΞΑΓΩΓΗ ΜΕ ΛΑΒΙΔΑ, ΕΩΣ  2 CM;;;;;
4926;X680121;ΔΙΑΔΕΡΜΙΚΗ ΝΕΦΡΟΛΙΘΟΤΟΜΗ Ή ΠΥΕΛΟΛΙΘΟΤΟΜΗ, ΜΕ Ή ΧΩΡΙΣ ΔΙΑΣΤΟΛΗ, ΕΝΔΟΣΚΟΠΗΣΗ, ΛΙΘΟΤΡΙΨΙΑ, ΤΟΠΟΘΕΤΗΣΗ ΣΤΕΝΤ, Ή ΕΞΑΓΩΓΗ ΜΕ ΛΑΒΙΔΑ, ΜΕΓΑΛΥΤΕΡΟΣ ΑΠΟ 2 CM;;;;;
4927;X680159;ΑΝΕΝΕΡΓΟΣ;;;;;
4928;X680199;ΠΥΕΛΟΤΟΜΗ, ΜΕ ΔΙΕΡΕΥΝΗΣΗ;;;;;
4929;X680209;ΠΥΕΛΟΤΟΜΗ, ΜΕ ΠΑΡΟΧΕΤΕΥΣΗ, ΠΥΕΛΟΣΤΟΜΙΑ;;;;;
4930;X680219;ΠΥΕΛΟΤΟΜΗ, ΜΕ ΑΦΑΙΡΕΣΗ ΛΙΘΟΥ (ΠΥΕΛΟΛΙΘΟΤΟΜΗ, ΣΥΜΠΕΡΙΛΑΜΒΑΝΟΜΕΝΗΣ COAGULUM ΠΥΕΛΟΛΙΘΟΤΟΜΗΣ);;;;;
4931;X680229;ΑΝΕΝΕΡΓΟΣ;;;;;
4932;X680359;ΝΕΦΡΙΚΗ ΒΙΟΨΙΑ, ΔΙΑΔΕΡΜΙΚΗ ΜΕ ΤΡΟΚΑΡ Ή ΒΕΛΟΝΗ;;;;;
4933;X680369;ΝΕΦΡΙΚΗ ΒΙΟΨΙΑ, ΜΕ ΧΕΙΡΟΥΡΓΙΚΗ ΑΠΟΚΑΛΥΨΗ ΤΟΥ ΝΕΦΡΟΥ;;;;;
4934;X680399;ΝΕΦΡΕΚΤΟΜΗ, ΣΥΜΠΕΡΙΛΑΜΒΑΝΟΜΕΝΗΣ ΜΕΡΙΚΗΣ ΟΥΡΗΤΗΡΕΚΤΟΜΗΣ, ΚΑΘΕ ΑΝΟΙΚΤΗ ΠΡΟΣΠΕΛΑΣΗ ΣΥΜΠΕΡΙΛΑΜΒΑΝΟΜΕΝΗΣ ΕΚΤΟΜΗΣ ΠΛΕΥΡΩΝ,;;;;;
4935;X680409;ΝΕΦΡΕΚΤΟΜΗ, ΣΥΜΠΕΡΙΛΑΜΒΑΝΟΜΕΝΗΣ ΜΕΡΙΚΗΣ ΟΥΡΗΤΗΡΕΚΤΟΜΗΣ, ΚΑΘΕ ΑΝΟΙΚΤΗ ΠΡΟΣΠΕΛΑΣΗ ΣΥΜΠΕΡΙΛΑΜΒΑΝΟΜΕΝΗΣ ΕΚΤΟΜΗΣ ΠΛΕΥΡΩΝ, ΠΟΛΥΠΛΟΚΗ ΕΞΑΙΤΙΑΣ ΠΡΟΗΓΟΥΜΕΝΗΣ ΕΓΧΕΙΡΗΣΗΣ ΣΤΟ ΙΔΙΟ ΝΕΦΡΟ;;;;;
4936;X680419;ΝΕΦΡΕΚΤΟΜΗ, ΣΥΜΠΕΡΙΛΑΜΒΑΝΟΜΕΝΗΣ ΜΕΡΙΚΗΣ ΟΥΡΗΤΗΡΕΚΤΟΜΗΣ, ΚΑΘΕ ΑΝΟΙΚΤΗ ΠΡΟΣΠΕΛΑΣΗ ΣΥΜΠΕΡΙΛΑΜΒΑΝΟΜΕΝΗΣ ΕΚΤΟΜΗΣ ΠΛΕΥΡΩΝ, ΡΙΖΙΚΗ, ΜΕ ΤΟΠΙΚΗ ΛΕΜΦΑΔΕΝΕΚΤΟΜΗ ΚΑΙ/Ή ΘΡΟΜΒΕΚΤΟΜΗ  ΚΟΙΛΗΣ ΦΛΕΒΑΣ;;;;;
4937;X680427;"ΝΕΦΡΕΚΤΟΜΗ ΜΕ ΟΛΙΚΗ ΟΥΡΗΤΗΡΕΚΤΟΜΗ ΚΑΙ ""ΚΟΛΑΡΟ"" ΟΥΡΟΔΟΧΟΥ ΚΥΣΤΕΩΣ, ΜΕΣΩ ΤΗΣ ΙΔΙΑΣ ΤΟΜΗΣ.";;;;;
4938;X680431;"ΝΕΦΡΕΚΤΟΜΗ ΜΕ ΟΛΙΚΗ ΟΥΡΗΤΗΡΕΚΤΟΜΗ ΚΑΙ ""ΚΟΛΑΡΟ"" ΟΥΡΟΔΟΧΟΥ ΚΥΣΤΕΩΣ, ΜΕΣΩ ΔΙΑΦΟΡΕΤΙΚΗΣ ΤΟΜΗΣ.";;;;;
4939;X680439;ΝΕΦΡΕΚΤΟΜΗ, ΜΕΡΙΚΗ;;;;;
4940;X680459;ΑΦΑΙΡΕΣΗ, ΑΝΟΙΚΤΗ, 1 Ή ΠΕΡΙΣΣΟΤΕΡΕΣ ΝΕΦΡΙΚΕΣ ΕΞΕΡΓΑΣΙΑ(ΕΣ), ΚΡΥΟΧΕΙΡΟΥΡΓΙΚΗ, ΠΟΥ ΠΕΡΙΛΑΜΒΑΝΕΙ  ΔΙΕΓΧΕΙΡΗΤΙΚΟ ΥΠΕΡΗΧΟΓΡΑΦΗΜΑ, ΑΝ ΕΚΤΕΛΕΣΤΕΙ;;;;;
4941;X680519;ΕΚΤΟΜΗ Ή ΑΠΟΚΑΛΥΨΗ ΚΥΣΤΗΣ(ΕΩΝ) ΤΟΥ ΝΕΦΡΟΥ;;;;;
4942;X680539;ΕΚΤΟΜΗ ΠΕΡΙΝΕΦΡΙΚΗΣ ΚΥΣΤΗΣ;;;;;
4943;X680559;ΝΕΦΡΕΚΤΟΜΗ ΔΟΤΗ (ΣΥΜΠΕΡΙΛΑΜΒΑΝΟΜΕΝΗΣ ΣΥΝΤΗΡΗΣΗΣ), ΑΠΟ ΠΤΩΜΑΤΙΚΟ ΔΟΤΗ, ΕΤΕΡΟΠΛΕΥΡΗ Ή ΑΜΦΟΤΕΡΟΠΛΕΥΡΗ;;;;;
4944;X680599;ΝΕΦΡΕΚΤΟΜΗ ΔΟΤΗ (ΣΥΜΠΕΡΙΛΑΜΒΑΝΟΜΕΝΗΣ ΣΥΝΤΗΡΗΣΗΣ), ΑΝΟΙΚΤΗ, ΑΠΟ ΖΩΝΤΑΝΟ ΔΟΤΗ;;;;;
4945;X680605;ΤΥΠΙΚΗ ΠΡΟΕΤΟΙΜΑΣΙΑ ΝΕΦΡΙΚΟΥ ΑΛΛΟΜΟΣΧΕΥΜΑΤΟΣ ΑΠΟ ΠΤΩΜΑΤΙΚΟ ΔΟΤΗ ΠΡΙΝ ΑΠΟ ΤΗ ΜΕΤΑΜΟΣΧΕΥΣΗ, ΠΟΥ ΠΕΡΙΛΑΜΒΑΝΕΙ ΔΙΑΤΟΜΗ ΚΑΙ ΑΦΑΙΡΕΣΗ ΠΕΡΙΝΕΦΡΙΚΟΥ ΛΙΠΟΥΣ, ΔΙΑΦΡΑΓΜΑΤΙΚΩΝ ΚΑΙ ΟΠΙΣΘΟΘΠΕΡΙΤΟΝΑΪΚΩΝ ΣΥΝΔΕΣΜΩΝ, ΕΚΤΟΜΗ ΤΟΥ ΕΠΙΝΕΦΡΙΔΙΑΚΟΥ ΑΔΕΝΑ, ΚΑΙ ΠΡΟΕΤΟΙΜΑΣΙΑ ΟΥΡΗΤΗΡΑ(ΩΝ), ΝΕΦΡΙΚΗΣ(ΩΝ) ΦΛΕΒΑΣ(ΩΝ), ΚΑΙ ΝΕΦΡΙΚΗΣ(ΩΝ) ΑΡΤΗΡΙΑΣ(ΩΝ), ΑΠΟΛΙΝΩΣΗ ΚΛΑΔΩΝ, ΟΠΩΣ ΑΠΑΙΤΕΙΤΑΙ;;;;;
4946;X680609;ΤΥΠΙΚΗ ΠΡΟΕΤΟΙΜΑΣΙΑ ΝΕΦΡΙΚΟΥ ΑΛΛΟΜΟΣΧΕΥΜΑΤΟΣ ΑΠΟ ΖΩΝΤΑΝΟ ΔΟΤΗ (ΑΝΟΙΚΤΗ Ή ΛΑΠΑΡΟΣΚΟΠΙΚΗ) ΠΡΙΝ ΑΠΟ ΤΗ ΜΕΤΑΜΟΣΧΕΥΣΗ, ΠΟΥ ΠΕΡΙΛΑΜΒΑΝΕΙ ΔΙΑΤΟΜΗ ΚΑΙ ΑΦΑΙΡΕΣΗ ΠΕΡΙΝΕΦΡΙΚΟΥ ΛΙΠΟΥΣ ΚΑΙ ΠΡΟΕΤΟΙΜΑΣΙΑ ΟΥΡΗΤΗΡΑ(ΩΝ), ΝΕΦΡΙΚΗΣ(ΩΝ) ΦΛΕΒΑΣ(ΩΝ),  ΚΑΙ ΝΕΦΡΙΚΗΣ(ΩΝ) ΑΡΤΗΡΙΑΣ(ΩΝ), ΑΠΟΛΙΝΩΣΗ ΚΛΑΔΩΝ, ΟΠΩΣ ΑΠΑΙΤΕΙΤΑΙ;;;;;
4947;X680613;ΤΥΠΙΚΗ ΠΡΟΕΤΟΙΜΑΣΙΑ ΝΕΦΡΙΚΟΥ ΑΛΛΟΜΟΣΧΕΥΜΑΤΟΣ ΑΠΟ ΠΤΩΜΑΤΙΚΟ Ή ΖΩΝΤΑΝΟ ΔΟΤΗ ΠΡΙΝ ΑΠΟ ΤΗ ΜΕΤΑΜΟΣΧΕΥΣΗ, ΦΛΕΒΙΚΗ ΑΝΑΣΤΟΜΩΣΗ, ΚΑΘΕ ΜΙΑ;;;;;
4948;X680615;ΤΥΠΙΚΗ ΠΡΟΕΤΟΙΜΑΣΙΑ ΝΕΦΡΙΚΟΥ ΑΛΛΟΜΟΣΧΕΥΜΑΤΟΣ ΑΠΟ ΠΤΩΜΑΤΙΚΟ Ή ΖΩΝΤΑΝΟ ΔΟΤΗ ΠΡΙΝ ΑΠΟ ΤΗ ΜΕΤΑΜΟΣΧΕΥΣΗ, ΑΡΤΗΡΙΑΚΗ ΑΝΑΣΤΟΜΩΣΗ, ΚΑΘΕ ΜΙΑ;;;;;
4949;X680617;ΤΥΠΙΚΗ ΠΡΟΕΤΟΙΜΑΣΙΑ ΝΕΦΡΙΚΟΥ ΑΛΛΟΜΟΣΧΕΥΜΑΤΟΣ ΑΠΟ ΠΤΩΜΑΤΙΚΟ Ή ΖΩΝΤΑΝΟ ΔΟΤΗ ΠΡΙΝ ΑΠΟ ΤΗ ΜΕΤΑΜΟΣΧΕΥΣΗ, ΑΝΑΣΤΟΜΩΣΗ ΟΥΡΗΤΗΡΑ, ΚΑΘΕ ΜΙΑ;;;;;
4950;X680639;ΝΕΦΡΕΚΤΟΜΗ ΛΗΠΤΗ (ΞΕΧΩΡΙΣΤΗ ΔΙΑΔΙΚΑΣΙΑ);;;;;
4951;X680679;ΝΕΦΡΙΚΗ ΑΛΛΟΜΕΤΑΜΟΣΧΕΥΣΗ, ΕΜΦΥΤΕΥΣΗ ΜΟΣΧΕΥΜΑΤΟΣ, ΧΩΡΙΣ  ΝΕΦΡΕΚΤΟΜΗ ΛΗΠΤΗ;;;;;
4952;X680689;ΝΕΦΡΙΚΗ ΑΛΛΟΜΕΤΑΜΟΣΧΕΥΣΗ, ΕΜΦΥΤΕΥΣΗ ΜΟΣΧΕΥΜΑΤΟΣ, ΜΕ  ΝΕΦΡΕΚΤΟΜΗ ΛΗΠΤΗ;;;;;
4953;X680699;ΑΦΑΙΡΕΣΗ ΜΕΤΑΜΟΣΧΕΥΜΕΝΟΥ ΝΕΦΡΙΚΟΥ ΑΛΛΟΜΟΣΧΕΥΜΑΤΟΣ;;;;;
4954;X680719;ΝΕΦΡΙΚΗ ΑΥΤΟΜΕΤΑΜΟΣΧΕΥΣΗ, ΕΠΑΝΕΜΦΥΤΕΥΣΗ ΤΟΥ ΝΕΦΡΟΥ;;;;;
4955;X680723;ΑΦΑΙΡΕΣΗ (ΜΕ ΒΡΟΧΟ/ΑΡΠΑΓΗ) ΚΑΙ ΑΝΤΙΚΑΤΑΣΤΑΣΗ ΤΟΥ ΕΣΩΤΕΡΙΚΟΥ ΜΟΝΙΜΟΥ ΣΤΕΝΤ ΟΥΡΗΤΗΡΑ ΜΕΣΩ ΔΙΑΔΕΡΜΙΚΗΣ ΠΡΟΣΠΕΛΑΣΗΣ, ΣΥΜΠΕΡΙΛΑΜΒΑΝΟΜΕΝΗΣ ΑΚΤΙΝΟΛΟΓΙΚΗΣ ΠΑΡΑΚΟΛΟΥΘΗΣΗΣ ΚΑΙ ΕΡΜΗΝΕΙΑΣ;;;;;
4956;X680727;ΑΦΑΙΡΕΣΗ (ΜΕ ΒΡΟΧΟ/ΑΡΠΑΓΗ) ΤΟΥ ΕΣΩΤΕΡΙΚΟΥ ΜΟΝΙΜΟΥ ΣΤΕΝΤ ΟΥΡΗΤΗΡΑ ΜΕ ΔΙΑΔΕΡΜΙΚΗ ΠΡΟΣΠΕΛΑΣΗ, ΣΥΜΠΕΡΙΛΑΜΒΑΝΟΜΕΝΗΣ ΑΚΤΙΝΟΛΟΓΙΚΗΣ ΠΑΡΑΚΟΛΟΥΘΗΣΗΣ ΚΑΙ  ΕΡΜΗΝΕΙΑΣ;;;;;
4957;X680729;ΑΦΑΙΡΕΣΗ (ΜΕ ΒΡΟΧΟ/ΑΡΠΑΓΗ) ΚΑΙ ΑΝΤΙΚΑΤΑΣΤΑΣΗ ΤΟΥ ΕΣΩΤΕΡΙΚΟΥ ΜΟΝΙΜΟΥ ΣΤΕΝΤ ΟΥΡΗΤΗΡΑ ΜΕ ΔΙΟΥΡΗΘΡΙΤΙΚΗ ΠΡΟΣΠΕΛΑΣΗ, ΧΩΡΙΣ ΧΡΗΣΗ ΚΥΣΤΕΟΣΚΟΠΗΣΗΣ,  ΠΟΥ ΠΕΡΙΛΑΜΒΑΝΕΙ ΑΚΤΙΝΟΛΟΓΙΚΗ ΠΑΡΑΚΟΛΟΥΘΗΣΗ ΚΑΙ ΕΡΜΗΝΕΙΑ;;;;;
4958;X680731;ΑΦΑΙΡΕΣΗ (ΜΕ ΒΡΟΧΟ/ΑΡΠΑΓΗ) ΤΟΥ ΕΣΩΤΕΡΙΚΟΥ ΜΟΝΙΜΟΥ ΣΤΕΝΤ ΟΥΡΗΤΗΡΑ ΜΕ ΔΙΟΥΡΗΘΡΙΚΗ ΠΡΟΣΠΕΛΑΣΗ, ΧΩΡΙΣ ΧΡΗΣΗ ΚΥΣΤΕΟΣΚΟΠΗΣΗΣ, ΠΟΥ ΠΕΡΙΛΑΜΒΑΝΕΙ ΑΚΤΙΝΟΛΟΓΙΚΗ ΠΑΡΑΚΟΛΟΥΘΗΣΗ ΚΑΙ ΕΡΜΗΝΕΙΑ;;;;;
4959;X680733;ΑΦΑΙΡΕΣΗ ΚΑΙ ΑΝΤΙΚΑΤΑΣΤΑΣΗ ΤΟΥ ΕΞΩΤΕΡΙΚΑ ΠΡΟΣΠΕΛΑΣΙΜΟΥ ΔΙΑΝΕΦΡΙΚΟΥ ΣΤΕΝΤ ΟΥΡΗΤΗΡΑ (Π.Χ. ΕΞΩΤΕΡΙΚΟ/ΕΣΩΤΕΡΙΚΟ ΣΤΕΝΤ) ΠΟΥ ΑΠΑΙΤΕΙ ΑΚΤΙΝΟΣΚΟΠΙΚΗ ΚΑΘΟΔΗΓΗΣΗ, ΣΥΜΠΕΡΙΛΑΜΒΑΝΟΜΕΝΗΣ ΑΚΤΙΝΟΛΟΓΙΚΗΣ ΠΑΡΑΚΟΛΟΥΘΗΣΗΣ ΚΑΙ ΕΡΜΗΝΕΙΑΣ;;;;;
4960;X680737;ΑΦΑΙΡΕΣΗ ΣΩΛΗΝΑ ΝΕΦΡΟΣΤΟΜΙΑΣ, ΠΟΥ ΑΠΑΙΤΕΙ ΑΚΤΙΝΟΣΚΟΠΙΚΗ ΚΑΘΟΔΗΓΗΣΗ (Π.Χ. ΜΕ ΣΥΓΧΡΟΝΟ ΜΟΝΙΜΟ ΣΤΕΝΤ ΟΥΡΗΤΗΡΑ);;;;;
4961;X680739;ΠΑΡΑΚΕΝΤΗΣΗ ΚΑΙ/Ή ΕΝΕΣΗ ΝΕΦΡΙΚΗΣ ΚΥΣΤΗΣ Ή ΠΥΕΛΟΥ ΜΕ ΒΕΛΟΝΗ ΔΙΑΔΕΡΜΙΚΗ;;;;;
4962;X680741;ΕΓΧΥΣΗ(ΕΙΣ) ΘΕΡΑΠΕΥΤΙΚΟΥ ΠΑΡΑΓΟΝΤΑ ΣΤΗ ΝΕΦΡΙΚΗ ΠΥΕΛΟ ΚΑΙ/Ή ΤΟΝ ΟΥΡΗΤΗΡΑ ΜΕΣΩ ΤΟΠΟΘΕΤΗΜΕΝΟΥ ΣΩΛΗΝΑ ΝΕΦΡΟΣΤΟΜΙΑΣ, ΠΥΕΛΟΣΤΟΜΙΑΣ Ή ΟΥΡΗΤΗΡΟΣΤΟΜΙΑΣ (Π.Χ. ΑΝΤΙΚΑΡΚΙΝΙΚΟΣ Ή ΑΝΤΙΜΥΚΗΤΙΑΚΟΣ ΠΑΡΑΓΟΝΤΑΣ);;;;;
4963;X680743;ΕΙΣΑΓΩΓΗ ΕΝΔΟΚΑΘΕΤΗΡΑ Ή ΚΑΘΕΤΗΡΑ ΣΤΗ ΝΕΦΡΙΚΗ ΠΥΕΛΟ ΓΙΑ ΠΑΡΟΧΕΤΕΥΣΗ ΚΑΙ/Ή ΕneΣΗ, ΔΙΑΔΕΡΜΙΚΗ;;;;;
4964;X680745;ΕΙΣΑΓΩΓΗ ΟΥΡΗΤΗΡΙΚΟΥ ΚΑΘΕΤΗΡΑ Ή ΣΤΕΝΤ ΜΕΣΩ ΤΗΣ ΝΕΦΡΙΚΗΣ  ΠΥΕΛΟΥ ΓΙΑ ΠΑΡΟΧΕΤΕΥΣΗ ΚΑΙ/Ή ΕΝΕΣΗ, ΔΙΑΔΕΡΜΙΚΗ;;;;;
4965;X680747;ΔΙΑΔΙΚΑΣΙΑ ΕΓΧΥΣΗΣ ΓΙΑ ΠΥΕΛΟΓΡΑΦΙΑ (ΩΣ ΝΕΦΡΟΓΡΑΦΗΜΑ, ΠΥΕΛΟΓΡΑΦΗΜΑ,  ΟΜΟΔΡΟΜΑ ΠΥΕΛΟΥΡΗΤΗΡΟΓΡΑΦΗΜΑΤΑ) ΜΕΣΩ ΣΩΛΗΝΑ ΝΕΦΡΟΣΤΟΜΙΑΣ Ή ΠΥΕΛΟΣΤΟΜΙΑΣ, Ή ΜΟΝΙΜΟΥ ΟΥΡΗΤΗΡΙΚΟΥ ΚΑΘΕΤΗΡΑ;;;;;
4966;X680749;ΕΙΣΑΓΩΓΗ ΟΔΗΓΟΥ ΣΤΗ ΝΕΦΡΙΚΗ ΠΥΕΛΟ ΚΑΙ/Ή ΚΑΘΕΤΗΡΑ ΜΕ ΔΙΑΣΤΟΛΗ ΓΙΑ  ΔΗΜΙΟΥΡΓΙΑ ΟΔΟΥ ΝΕΦΡΟΣΤΟΜΙΑΣ, ΔΙΑΔΕΡΜΙΚΕΣ;;;;;
4967;X680751;ΜΑΝΟΜΕΤΡΙΚΕΣ ΜΕΛΕΤΕΣ ΜΕΣΩ ΣΩΛΗΝΑ ΝΕΦΡΟΣΤΟΜΙΑΣ Ή ΠΥΕΛΟΣΤΟΜΙΑΣ, Ή ΜΟΝΙΜΟΥ ΟΥΡΗΤΗΡΙΚΟΥ ΚΑΘΕΤΗΡΑ;;;;;
4968;X680755;ΑΛΛΑΓΗ ΣΩΛΗΝΑ ΝΕΦΡΟΣΤΟΜΙΑΣ Ή ΠΥΕΛΟΣΤΟΜΙΑΣ;;;;;
4969;X680759;ΠΥΕΛΟΠΛΑΣΤΙΚΗ , ΠΛΑΣΤΙΚΗ ΕΓΧΕΙΡΗΣΗ ΤΗΣ ΝΕΦΡΙΚΗΣ ΠΥΕΛΟΥ, ΜΕ Ή ΧΩΡΙΣ ΠΛΑΣΤΙΚΗ ΕΓΧΕΙΡΗΣΗ ΤΟΥ ΟΥΡΗΤΗΡΑ, ΝΕΦΡΟΠΗΞΙΑ, ΝΕΦΡΟΣΤΟΜΙΑ,  ΠΥΕΛΟΣΤΟΜΙΑ, Ή ΕΦΑΡΜΟΓΗ ΝΑΡΘΗΚΑ ΟΥΡΗΤΗΡΑ, ΑΠΛΗ;;;;;
4970;X680769;ΠΥΕΛΟΠΛΑΣΤΙΚΗ, ΠΛΑΣΤΙΚΗ ΕΓΧΕΙΡΗΣΗ ΤΗΣ ΝΕΦΡΙΚΗΣ ΠΥΕΛΟΥ, ΜΕ Ή ΧΩΡΙΣ ΠΛΑΣΤΙΚΗ ΕΓΧΕΙΡΗΣΗ ΤΟΥ ΟΥΡΗΤΗΡΑ, ΝΕΦΡΟΠΗΞΙΑ, ΝΕΦΡΟΣΤΟΜΙΑ,  ΠΥΕΛΟΣΤΟΜΙΑ, Ή ΕΦΑΡΜΟΓΗ ΝΑΡΘΗΚΑ ΟΥΡΗΤΗΡΑ, ΣΥΝΘΕΤΗ (ΣΥΓΓΕΝΗΣ ΝΕΦΡΙΚΗ ΑΝΩΜΑΛΙΑ, ΔΕΥΤΕΡΟΒΑΘΜΙΑ ΠΥΕΛΟΠΛΑΣΤΙΚΗ, ΜΟΝΗΡΗΣ ΝΕΦΡΟΣ, ΚΑΛΥΚΟΠΛΑΣΤΙΚΗ);;;;;
4971;X680959;ΝΕΦΡΟΡΡΑΦΗ, ΣΥΡΡΑΦΗ ΤΡΑΥΜΑΤΟΣ Ή ΠΛΗΓΗΣ ΝΕΦΡΟΥ;;;;;
4972;X680999;ΕΚΤΟΜΗ ΣΥΡΙΓΓΙΟΥ. ΝΕΦΡΟΔΕΡΜΑΤΙΚΟΥ Ή ΠΥΕΛΟΔΕΡΜΑΤΙΚΟΥ;;;;;
4973;X681009;ΕΚΤΟΜΗ ΝΕΦΡΟΣΠΛΑΓΧΝΙΟΥ ΣΥΡΙΓΓΙΟΥ (Π.Χ. RENOCOLIC), ΠΟΥ ΠΕΡΙΛΑΜΒΑΝΕΙ ΣΠΛΑΧΝΙΚΗ ΑΠΟΚΑΤΑΣΤΑΣΗ, ΚΟΙΛΙΑΚΗ ΠΡΟΣΠΕΛΑΣΗ;;;;;
4974;X681011;ΕΚΤΟΜΗ ΝΕΦΡΟΣΠΛΑΓΧΝΙΟΥ ΣΥΡΙΓΓΙΟΥ (Π.Χ. RENOCOLIC), ΠΟΥ ΠΕΡΙΛΑΜΒΑΝΕΙ ΣΠΛΑΧΝΙΚΗ ΑΠΟΚΑΤΑΣΤΑΣΗ, ΘΩΡΑΚΙΚΗ ΠΡΟΣΠΕΛΑΣΗ;;;;;
4975;X681039;ΣΥΜΦΥΣΙΟΛΥΣΗ ΓΙΑ ΠΕΤΑΛΟΕΙΔΗ ΝΕΦΡΟ ΜΕ Ή ΧΩΡΙΣ ΠΥΕΛΟΠΛΑΣΤΙΚΗ ΚΑΙ/Ή ΑΛΛΗ ΠΛΑΣΤΙΚΗ ΕΠΕΜΒΑΣΗ, ΕΤΕΡΟΠΛΕΥΡΗ Ή ΑΜΦΟΤΕΡΟΠΛΕΥΡΗ (ΜΙΑ ΕΓΧΕΙΡΗΣΗ);;;;;
4976;X681041;ΛΑΠΑΡΟΣΚΟΠΗΣΗ, ΧΕΙΡΟΥΡΓΙΚΗ, ΑΦΑΙΡΕΣΗ ΝΕΦΡΙΚΩΝ ΚΥΣΤΕΩΝ;;;;;
4977;X681043;ΛΑΠΑΡΟΣΚΟΠΗΣΗ, ΧΕΙΡΟΥΡΓΙΚΗ, ΑΦΑΙΡΕΣΗ ΝΕΦΡΙΚΗΣ (ΩΝ) ΕΞΕΡΓΑΣΙΑΣ (ΩΝ);;;;;
4978;X681045;ΛΑΠΑΡΟΣΚΟΠΗΣΗ, ΧΕΙΡΟΥΡΓΙΚΗ, ΜΕΡΙΚΗ ΝΕΦΡΕΚΤΟΜΗ;;;;;
4979;X681047;ΛΑΠΑΡΟΣΚΟΠΗΣΗ, ΧΕΙΡΟΥΡΓΙΚΗ, ΠΥΕΛΟΠΛΑΣΤΙΚΗ;;;;;
4980;X681049;ΛΑΠΑΡΟΣΚΟΠΗΣΗ, ΧΕΙΡΟΥΡΓΙΚΗ, ΡΙΖΙΚΗ ΝΕΦΡΕΚΤΟΜΗ (ΠΕΡΙΛΑΜΒΑΝΕΙ ΑΦΑΙΡΕΣΗ ΤΗΣ ΝΕΦΡΙΚΗΣ ΠΕΡΙΤΟΝΙΑΣ ΚΑΙ ΤΟΥ ΠΕΡΙΒΑΛΛΟΝΤΟΣ ΛΙΠΩΔΟΥΣ ΙΣΤΟΥ, ΑΦΑΙΡΕΣΗ ΤΩΝ ΤΟΠΙΚΩΝ ΛΕΜΦΑΔΕΝΩΝ,  ΚΑΙ ΕΠΙΝΕΦΡΙΔΙΕΚΤΟΜΗ);;;;;
4981;X681051;ΛΑΠΑΡΟΣΚΟΠΗΣΗ, ΧΕΙΡΟΥΡΓΙΚΗ, ΝΕΦΡΕΚΤΟΜΗ ΣΥΜΠΕΡΙΛΑΜΒΑΝΟΜΕΝΗΣ ΜΕΡΙΚΗΣ ΟΥΡΗΤΗΡΕΚΤΟΜΗΣ;;;;;
4982;X681053;ΛΑΠΑΡΟΣΚΟΠΗΣΗ, ΧΕΙΡΟΥΡΓΙΚΗ, ΝΕΦΡΕΚΤΟΜΗ ΔΟΤΗ (ΣΥΜΠΕΡΙΛΑΜΒΑΝΟΜΕΝΗΣ ΣΥΝΤΗΡΗΣΗΣ), ΑΠΟ ΖΩΝΤΑΝΟ ΔΟΤΗ;;;;;
4983;X681055;ΛΑΠΑΡΟΣΚΟΠΗΣΗ, ΧΕΙΡΟΥΡΓΙΚΗ, ΝΕΦΡΕΚΤΟΜΗ ΜΕ ΟΛΙΚΗ ΟΥΡΗΤΗΡΕΚΤΟΜΗ;;;;;
4984;X681057;ΜΗ ΚΑΤΑΓΕΓΡΑΜΜΕΝΗ ΔΙΑΔΙΚΑΣΙΑ ΛΑΠΑΡΟΣΚΟΠΗΣΗΣ, ΝΕΦΡΟΣ;;;;;
4985;X681057.1;ΛΑΠΑΡΟΣΚΟΠΗΣΗ, ΧΕΙΡΟΥΡΓΙΚΗ,ΠΥΕΛΟΛΙΘΟΤΟΜΗ-ΝΕΦΡΟΛΙΘΟΤΟΜΗ;;;;;
4986;X681057.2;ΡΟΜΠΟΤΙΚΗ, ΧΕΙΡΟΥΡΓΙΚΗ, ΝΕΦΡΕΚΤΟΜΗ ΜΕ ΟΛΙΚΗ ΟΥΡΗΤΗΡΕΚΤΟΜΗ;;;;;
4987;X681057.3;ΡΟΜΠΟΤΙΚΗ, ΧΕΙΡΟΥΡΓΙΚΗ, ΑΦΑΙΡΕΣΗ ΝΕΦΡΙΚΩΝ ΚΥΣΤΕΩΝ;;;;;
4988;X681057.4;ΡΟΜΠΟΤΙΚΗ, ΧΕΙΡΟΥΡΓΙΚΗ, ΑΦΑΙΡΕΣΗ ΝΕΦΡΙΚΗΣ (ΩΝ) ΕΞΕΡΓΑΣΙΑΣ (ΩΝ);;;;;
4989;X681057.5;ΡΟΜΠΟΤΙΚΗ, ΧΕΙΡΟΥΡΓΙΚΗ, ΜΕΡΙΚΗ ΝΕΦΡΕΚΤΟΜΗ;;;;;
4990;X681057.6;ΡΟΜΠΟΤΙΚΗ ΧΕΙΡΟΥΡΓΙΚΗ, ΠΥΕΛΟΠΛΑΣΤΙΚΗ;;;;;
4991;X681057.7;ΡΟΜΠΟΤΙΚΗ, ΧΕΙΡΟΥΡΓΙΚΗ, ΡΙΖΙΚΗ ΝΕΦΡΕΚΤΟΜΗ (ΠΕΡΙΛΑΜΒΑΝΕΙ ΑΦΑΙΡΕΣΗ ΤΗΣ ΝΕΦΡΙΚΗΣ ΠΕΡΙΤΟΝΙΑΣ ΚΑΙ ΤΟΥ ΠΕΡΙΒΑΛΛΟΝΤΟΣ ΛΙΠΩΔΟΥΣ ΙΣΤΟΥ, ΑΦΑΙΡΕΣΗ ΤΩΝ ΤΟΠΙΚΩΝ ΛΕΜΦΑΔΕΝΩΝ,  ΚΑΙ ΕΠΙΝΕΦΡΙΔΙΕΚΤΟΜΗ);;;;;
4992;X681057.8;ΡΟΜΠΟΤΙΚΗ, ΧΕΙΡΟΥΡΓΙΚΗ, ΝΕΦΡΕΚΤΟΜΗ ΣΥΜΠΕΡΙΛΑΜΒΑΝΟΜΕΝΗΣ ΜΕΡΙΚΗΣ ΟΥΡΗΤΗΡΕΚΤΟΜΗΣ;;;;;
4993;X681057.9;ΡΟΜΠΟΤΙΚΗ, ΧΕΙΡΟΥΡΓΙΚΗ, ΝΕΦΡΕΚΤΟΜΗ ΔΟΤΗ (ΣΥΜΠΕΡΙΛΑΜΒΑΝΟΜΕΝΗΣ ΣΥΝΤΗΡΗΣΗΣ), ΑΠΟ ΖΩΝΤΑΝΟ ΔΟΤΗ;;;;;
4994;X681057.10;ΡΟΜΠΟΤΙΚΗ, ΧΕΙΡΟΥΡΓΙΚΗ,ΠΥΕΛΟΛΙΘΟΤΟΜΗ-ΝΕΦΡΟΛΙΘΟΤΟΜΗ;;;;;
4995;X681061;ΝΕΦΡΙΚΗ ΕΝΔΟΣΚΟΠΗΣΗ ΜΕΣΩ ΤΟΠΟΘΕΤΗΜΕΝΟΥ ΣΩΛΗΝΑ ΝΕΦΡΟΣΤΟΜΙΑΣ Ή ΠΥΕΛΟΣΤΟΜΙΑΣ, ΜΕ Ή  ΧΩΡΙΣ ΠΛΥΣΗ, ΕΝΣΤΑΛΑΞΗ, Ή ΟΥΡΗΤΗΡΟΠΥΕΛΟΓΡΑΦΙΑ, ΑΝΕΥ ΑΚΤΙΝΟΛΟΓΙΚΗΣ ΥΠΗΡΕΣΙΑΣ.;;;;;
4996;X681065;ΝΕΦΡΙΚΗ ΕΝΔΟΣΚΟΠΗΣΗ ΜΕΣΩ ΤΟΠΟΘΕΤΗΜΕΝΟΥ ΣΩΛΗΝΑ ΝΕΦΡΟΣΤΟΜΙΑΣ Ή ΠΥΕΛΟΣΤΟΜΙΑΣ, ΜΕ Ή  ΧΩΡΙΣ ΠΛΥΣΗ, ΕΝΣΤΑΛΑΞΗ, Ή ΟΥΡΗΤΗΡΟΠΥΕΛΟΓΡΑΦΙΑ, ΑΝΕΥ ΑΚΤΙΝΟΛΟΓΙΚΗΣ ΥΠΗΡΕΣΙΑΣ, ΜΕ ΚΑΘΕΤΗΡΙΑΣΜΟ ΟΥΡΗΤΗΡΑ, ΜΕ Ή ΧΩΡΙΣ ΔΙΑΣΤΟΛΗ ΤΟΥ ΟΥΡΗΤΗΡΑ;;;;;
4997;X681069;ΝΕΦΡΙΚΗ ΕΝΔΟΣΚΟΠΗΣΗ ΜΕΣΩ ΤΟΠΟΘΕΤΗΜΕΝΟΥ ΣΩΛΗΝΑ ΝΕΦΡΟΣΤΟΜΙΑΣ Ή ΠΥΕΛΟΣΤΟΜΙΑΣ, ΜΕ Ή  ΧΩΡΙΣ ΠΛΥΣΗ, ΕΝΣΤΑΛΑΞΗ, Ή ΟΥΡΗΤΗΡΟΠΥΕΛΟΓΡΑΦΙΑ, ΑΝΕΥ ΑΚΤΙΝΟΛΟΓΙΚΗΣ ΥΠΗΡΕΣΙΑΣ, ΜΕ ΒΙΟΨΙΑ;;;;;
4998;X681073;ΝΕΦΡΙΚΗ ΕΝΔΟΣΚΟΠΗΣΗ ΜΕΣΩ ΤΟΠΟΘΕΤΗΜΕΝΟΥ ΣΩΛΗΝΑ ΝΕΦΡΟΣΤΟΜΙΑΣ Ή ΠΥΕΛΟΣΤΟΜΙΑΣ, ΜΕ Ή  ΧΩΡΙΣ ΠΛΥΣΗ, ΕΝΣΤΑΛΑΞΗ, Ή ΟΥΡΗΤΗΡΟΠΥΕΛΟΓΡΑΦΙΑ, ΑΝΕΥ ΑΚΤΙΝΟΛΟΓΙΚΗΣ ΥΠΗΡΕΣΙΑΣ, ΜΕ ΗΛΕΚΤΡΟΘΕΡΜΟΚΑΥΤΗΡΙΑΣΗ ΚΑΙ/Ή ΤΟΜΗ, ΜΕ Ή ΧΩΡΙΣ ΒΙΟΨΙΑ;;;;;
4999;X681081;ΝΕΦΡΙΚΗ ΕΝΔΟΣΚΟΠΗΣΗ ΜΕΣΩ ΤΟΠΟΘΕΤΗΜΕΝΟΥ ΣΩΛΗΝΑ ΝΕΦΡΟΣΤΟΜΙΑΣ Ή ΠΥΕΛΟΣΤΟΜΙΑΣ, ΜΕ Ή  ΧΩΡΙΣ ΠΛΥΣΗ, ΕΝΣΤΑΛΑΞΗ, Ή ΟΥΡΗΤΗΡΟΠΥΕΛΟΓΡΑΦΙΑ, ΑΝΕΥ ΑΚΤΙΝΟΛΟΓΙΚΗΣ ΥΠΗΡΕΣΙΑΣ, ΜΕ ΑΦΑΙΡΕΣΗ ΞΕΝΟΥ ΣΩΜΑΤΟΣ Ή ΛΙΘΟΥ;;;;;
5000;X681083;ΝΕΦΡΙΚΗ ΕΝΔΟΣΚΟΠΗΣΗ ΜΕΣΩ ΤΟΠΟΘΕΤΗΜΕΝΟΥ ΣΩΛΗΝΑ ΝΕΦΡΟΣΤΟΜΙΑΣ Ή ΠΥΕΛΟΣΤΟΜΙΑΣ, ΜΕ Ή  ΧΩΡΙΣ ΠΛΥΣΗ, ΕΝΣΤΑΛΑΞΗ, Ή ΟΥΡΗΤΗΡΟΠΥΕΛΟΓΡΑΦΙΑ, ΑΝΕΥ ΑΚΤΙΝΟΛΟΓΙΚΗΣ ΥΠΗΡΕΣΙΑΣ, ΜΕ ΕΚΤΟΜΗ ΟΓΚΟΥ;;;;;
5001;X681099;ΝΕΦΡΙΚΗ ΕΝΔΟΣΚΟΠΗΣΗ, ΜΕ Ή ΧΩΡΙΣ ΠΛΥΣΗ, ΕΝΣΤΑΛΑΞΗ, Ή ΟΥΡΗΤΗΡΟΠΥΕΛΟΓΡΑΦΙΑ, ΜΕ ΑΚΤΙΝΟΛΟΓΙΚΗ ΥΠΗΡΕΣΙΑ;;;;;
5002;X681103;ΝΕΦΡΙΚΗ ΕΝΔΟΣΚΟΠΗΣΗ, ΜΕ Ή ΧΩΡΙΣ ΠΛΥΣΗ, ΕΝΣΤΑΛΑΞΗ, Ή ΟΥΡΗΤΗΡΟΠΥΕΛΟΓΡΑΦΙΑ, ΜΕ ΑΚΤΙΝΟΛΟΓΙΚΗ ΥΠΗΡΕΣΙΑ, ΜΕ ΚΑΘΕΤΗΡΙΑΣΜΟ ΟΥΡΗΤΗΡΑ, ΜΕ Ή ΧΩΡΙΣ ΔΙΑΣΤΟΛΗ ΤΟΥ ΟΥΡΗΤΗΡΑ;;;;;
5003;X681107;ΝΕΦΡΙΚΗ ΕΝΔΟΣΚΟΠΗΣΗ, ΜΕ Ή ΧΩΡΙΣ ΠΛΥΣΗ, ΕΝΣΤΑΛΑΞΗ, Ή ΟΥΡΗΤΗΡΟΠΥΕΛΟΓΡΑΦΙΑ,ΜΕ ΑΚΤΙΝΟΛΟΓΙΚΗ ΥΠΗΡΕΣΙΑ ΜΕ ΒΙΟΨΙΑ;;;;;
5004;X681109;ΝΕΦΡΙΚΗ ΕΝΔΟΣΚΟΠΗΣΗ, ΜΕ Ή ΧΩΡΙΣ ΠΛΥΣΗ, ΕΝΣΤΑΛΑΞΗ, Ή ΟΥΡΗΤΗΡΟΠΥΕΛΟΓΡΑΦΙΑ, ΜΕ ΑΚΤΙΝΟΛΟΓΙΚΗ ΥΠΗΡΕΣΙΑ ΜΕ ΕΝΔΟΠΥΕΛΟΤΟΜΗ (ΠΕΡΙΛΑΜΒΑΝΕΙ ΚΥΣΤΕΟΣΚΟΠΗΣΗ, ΟΥΡΗΤΗΡΟΣΚΟΠΗΣΗ, ΔΙΑΣΤΟΛΗ ΤΟΥ ΟΥΡΗΤΗΡΑ ΚΑΙ ΤΗΣ ΠΥΕΛΟΟΥΡΗΤΗΡΙΚΗΣ ΣΥΜΒΟΛΗΣ, ΤΟΜΗ ΠΥΕΛΟΟΥΡΗΤΗΡΙΚΗΣ ΣΥΜΒΟΛΗΣ ΚΑΙ ΕΙΣΑΓΩΓΗ ΣΤΕΝΤ ΕΝΔΟΠΥΕΛΟΤΟΜΗΣ);;;;;
5005;X681111;ΝΕΦΡΙΚΗ ΕΝΔΟΣΚΟΠΗΣΗ, ΜΕ Ή ΧΩΡΙΣ ΠΛΥΣΗ, ΕΝΣΤΑΛΑΞΗ, Ή ΟΥΡΗΤΗΡΟΠΥΕΛΟΓΡΑΦΙΑ, ΜΕ ΑΚΤΙΝΟΛΟΓΙΚΗ ΥΠΗΡΕΣΙΑ,ΜΕ ΗΛΕΚΤΡΟΘΕΡΜΟΚΑΥΤΗΡΙΑΣΗ ΚΑΙ/Ή ΤΟΜΗ, ΜΕ Ή ΧΩΡΙΣ ΒΙΟΨΙΑ;;;;;
5006;X681119;ΝΕΦΡΙΚΗ ΕΝΔΟΣΚΟΠΗΣΗ, ΜΕ Ή ΧΩΡΙΣ ΠΛΥΣΗ, ΕΝΣΤΑΛΑΞΗ, Ή ΟΥΡΗΤΗΡΟΠΥΕΛΟΓΡΑΦΙΑ,  ΜΕ ΑΚΤΙΝΟΛΟΓΙΚΗ ΥΠΗΡΕΣΙΑ ΜΕ ΑΦΑΙΡΕΣΗ ΞΕΝΟΥ ΣΩΜΑΤΟΣ Ή ΛΙΘΟΥ;;;;;
5007;X681139;ΛΙΘΟΤΡΙΨΙΑ, ΕΞΩΣΩΜΑΤΙΚΗ ΛΙΘΟΤΡΙΨΙΑ;;;;;
5008;X681143;ΑΦΑΙΡΕΣΗ, 1 Ή ΠΕΡΙΣΣΟΤΕΡΩΝ ΝΕΦΡΙΚΟΥ(ΩΝ) ΟΓΚΟΥ(ΩΝ), ΔΙΑΔΕΡΜΙΚΗ, ΕΤΕΡΟΠΛΕΥΡΗ, ΡΑΔΙΟΣΥΧΝΟΤΗΤΑ;;;;;
5009;X681145;ΑΦΑΙΡΕΣΗ, 1 Ή ΠΕΡΙΣΣΟΤΕΡΩΝ ΝΕΦΡΙΚΟΥ(ΩΝ) ΟΓΚΟΥ(ΩΝ), ΔΙΑΔΕΡΜΙΚΗ, ΚΡΥΟΘΕΡΑΠΕΙΑ;;;;;
5010;X681159;ΟΥΡΗΤΗΡΟΤΟΜΙΑ ΜΕ ΔΙΕΡΕΥΝΗΣΗ Ή ΠΑΡΟΧΕΤΕΥΣΗ (ΞΕΧΩΡΙΣΤΗ ΔΙΑΔΙΚΑΣΙΑ);;;;;
5011;X681169;ΟΥΡΗΤΗΡΟΤΟΜΙΑ ΓΙΑ ΕΙΣΑΓΩΓΗ ΜΟΝΙΜΟΥ ΣΤΕΝΤ, ΟΛΩΝ ΤΩΝ ΤΥΠΩΝ;;;;;
5012;X681179;ΟΥΡΗΤΗΡΟΛΙΘΟΤΟΜΙΑ, ΑΝΩ ΕΝΑ ΤΡΙΤΟ ΤΟΥ ΟΥΡΗΤΗΡΑ;;;;;
5013;X681199;ΟΥΡΗΤΗΡΟΛΙΘΟΤΟΜΙΑ, ΜΕΣΟ ΕΝΑ ΤΡΙΤΟ ΤΟΥ ΟΥΡΗΤΗΡΑ;;;;;
5014;X681219;ΟΥΡΗΤΗΡΟΛΙΘΟΤΟΜΙΑ, ΚΑΤΩ ΕΝΑ ΤΡΙΤΟ ΤΟΥ ΟΥΡΗΤΗΡΑ;;;;;
5015;X681259;"ΟΥΡΗΤΗΡΕΚΤΟΜΗ ΜΕ ""ΚΟΛΑΡΟ"" ΟΥΡΟΔΟΧΟΥ ΚΥΣΤΕΩΣ (ΞΕΧΩΡΙΣΤΗ ΔΙΑΔΙΚΑΣΙΑ)";;;;;
5016;X681279;ΟΥΡΗΤΗΡΕΚΤΟΜΗ, ΟΛΙΚΗ, ΕΚΤΟΠΟΣ ΟΥΡΗΤΗΡΑΣ, ΣΥΝΔΥΑΣΜΟΣ ΚΟΙΛΙΑΚΗΣ, ΚΟΛΠΙΚΗΣ ΚΑΙ/Ή ΠΕΡΙΝΕΪΚΗΣ ΠΡΟΣΠΕΛΑΣΗΣ;;;;;
5017;X681327;ΔΙΑΔΙΚΑΣΙΑ ΕΓΧΥΣΗΣ ΓΙΑ ΟΥΡΗΤΗΡΟΓΡΑΦΙΑ Ή ΟΥΡΗΤΗΡΟΠΥΕΛΟΓΡΑΦΙΑ ΜΕΣΩ ΟΥΡΗΤΗΡΟΣΤΟΜΙΑΣ Ή ΜΟΝΙΜΟΥ ΟΥΡΗΤΗΡΙΚΟΥ ΚΑΘΕΤΗΡΑ;;;;;
5018;X681331;ΜΑΝΟΜΕΤΡΙΚΕΣ ΜΕΛΕΤΕΣ ΜΕΣΩ ΟΥΡΗΤΗΡΟΣΤΟΜΙΑΣ Ή ΜΟΝΙΜΟΥ ΟΥΡΗΤΗΡΙΚΟΥ ΚΑΘΕΤΗΡΑ;;;;;
5019;X681335;ΑΛΛΑΓΗ ΤΟΥ ΣΩΛΗΝΑ ΟΥΡΗΤΗΡΟΣΤΟΜΙΑΣ Ή ΤΟΥ ΕΞΩΤΕΡΙΚΑ ΠΡΟΣΠΕΛΑΣΙΜΟΥ ΣΤΕΝΤ ΟΥΡΗΤΗΡΑ ΜΕΣΩ ΕΙΛΕΟΔΕΡΜΙΚΗΣ ΟΥΡΟΣΤΟΜΙΑΣ;;;;;
5020;X681339;ΔΙΑΔΙΚΑΣΙΑ ΕΓΧΥΣΗΣ ΓΙΑ ΟΠΤΙΚΟΠΟΙΗΣΗ ΤΗΣ ΕΙΛΕΟΔΕΡΜΙΚΗΣ ΟΥΡΟΣΤΟΜΙΑΣ ΚΑΙ/Ή ΟΥΡΗΤΗΡΟΠΥΕΛΟΓΡΑΦΙΑΣ, ΑΝΕΥ ΑΚΤΙΝΟΛΟΓΙΚΗΣ ΥΠΗΡΕΣΙΑΣ;;;;;
5021;X681359;ΟΥΡΗΤΗΡΟΠΛΑΣΤΙΚΗ, ΠΛΑΣΤΙΚΗ ΕΓΧΕΙΡΗΣΗ ΣΤΟΝ ΟΥΡΗΤΗΡΑ (Π.Χ. ΣΤΕΝΩΣΗ);;;;;
5022;X681389;ΟΥΡΗΤΗΡΟΛΥΣΗ, ΜΕ Ή ΧΩΡΙΣ ΕΠΑΝΑΤΟΠΟΘΕΤΗΣΗ ΤΟΥ ΟΥΡΗΤΗΡΑ ΓΙΑ  ΟΠΙΣΘΟΠΕΡΙΤΟΝΑΪΚΗ ΙΝΩΣΗ;;;;;
5023;X681403;ΟΥΡΗΤΗΡΟΛΥΣΗ ΓΙΑ ΣΥΝΔΡΟΜΟ ΩΟΘΗΚΙΚΗΣ ΦΛΕΒΑΣ;;;;;
5024;X681409;ΟΥΡΗΤΗΡΟΛΥΣΗ ΓΙΑ ΟΠΙΣΘΕΝ ΚΟΙΛΗΣ ΦΛΕΒΑΣ ΟΥΡΗΤΗΡΑ, ΜΕ ΕΠΑΝΑΝΑΣΤΟΜΩΣΗ ΤΟΥ ΑΝΩ ΟΥΡΟΠΟΙΗΤΙΚΟΥ ΣΥΣΤΗΜΑΤΟΣ;;;;;
5025;X681413;ΑΝΑΘΕΩΡΗΣΗ ΤΗΣ ΟΥΡΗΤΙΚΗΣ-ΔΕΡΜΑΤΙΚΗΣ ΑΝΑΣΤΟΜΩΣΗΣ (ΚΑΘΕ ΤΥΠΟΣ ΟΥΡΟΣΤΟΜΙΑΣ),;;;;;
5026;X681415;ΑΝΑΘΕΩΡΗΣΗ ΤΗΣ ΟΥΡΗΤΙΚΗΣ-ΔΕΡΜΑΤΙΚΗΣ ΑΝΑΣΤΟΜΩΣΗΣ (ΚΑΘΕ ΤΥΠΟΣ ΟΥΡΟΣΤΟΜΙΑΣ), ΜΕ ΑΠΟΚΑΤΑΣΤΑΣΗ ΤΗΣ ΒΛΑΒΗΣ ΤΗΣ ΠΕΡΙΤΟΝΙΑΣ ΚΑΙ ΤΗΣ ΚΗΛΗΣ;;;;;
5027;X681439;ΟΥΡΗΤΗΡΟΠΥΕΛΟΣΤΟΜΙΑ, ΑΝΑΣΤΟΜΩΣΗ ΤΟΥ ΟΥΡΗΤΗΡΑ ΚΑΙ ΤΗΣ ΝΕΦΡΙΚΗΣ ΠΥΕΛΟΥ;;;;;
5028;X681459;ΟΥΡΗΤΗΡΟΚΑΛΥΚΟΣΤΟΜΙΑ, ΑΝΑΣΤΟΜΩΣΗ ΤΟΥ ΟΥΡΗΤΗΡΑ ΣΤΟ ΝΕΦΡΙΚΟ ΚΑΛΥΚΑ;;;;;
5029;X681479;ΟΥΡΗΤΗΡΟΟΥΡΗΤΗΡΟΣΤΟΜΙΑ;;;;;
5030;X681499;ΔΙΟΥΡΗΤΗΡΟΟΥΡΗΤΗΡΟΣΤΟΜΙΑ, ΑΝΑΣΤΟΜΩΣΗ ΤΟΥ ΟΥΡΗΤΗΡΑ ΣΤΟΝ ΑΝΤΙΠΛΕΥΡΟ ΟΥΡΗΤΗΡΑ;;;;;
5031;X681519;ΧΕΙΡΟΥΡΓΙΚΗ ΜΕΤΑΦΟΡΑ ΤΟΥ ΟΥΡΗΤΗΡΑ ΣΕ ΔΙΑΦΟΡΕΤΙΚΗ ΘΕΣΗ ΣΤΗΝ ΟΥΡΟΔΟΧΟ ΚΥΣΤΗ, ΑΝΑΣΤΟΜΩΣΗ ΜΟΝΟΥ ΟΥΡΗΤΗΡΑ ΣΤΗΝ ΟΥΡΟΔΟΧΟ ΚΥΣΤΗ;;;;;
5032;X681523;ΧΕΙΡΟΥΡΓΙΚΗ ΜΕΤΑΦΟΡΑ ΤΟΥ ΟΥΡΗΤΗΡΑ ΣΕ ΔΙΑΦΟΡΕΤΙΚΗ ΘΕΣΗ ΣΤΗΝ ΟΥΡΟΔΟΧΟ ΚΥΣΤΗ, ΑΝΑΣΤΟΜΩΣΗ ΔΙΠΛΟΥ ΟΥΡΗΤΗΡΑ ΣΤΗΝ ΟΥΡΟΔΟΧΟ ΚΥΣΤΗ;;;;;
5033;X681525;ΧΕΙΡΟΥΡΓΙΚΗ ΜΕΤΑΦΟΡΑ ΤΟΥ ΟΥΡΗΤΗΡΑ ΣΕ ΔΙΑΦΟΡΕΤΙΚΗ ΘΕΣΗ ΣΤΗΝ ΟΥΡΟΔΟΧΟ ΚΥΣΤΗ, ΜΕ ΕΚΤΕΤΑΜΕΝΗ ΠΡΟΣΑΡΜΟΓΗ ΟΥΡΗΤΗΡΑ;;;;;
5034;X681529;ΧΕΙΡΟΥΡΓΙΚΗ ΜΕΤΑΦΟΡΑ ΤΟΥ ΟΥΡΗΤΗΡΑ ΣΕ ΔΙΑΦΟΡΕΤΙΚΗ ΘΕΣΗ ΣΤΗΝ ΟΥΡΟΔΟΧΟ ΚΥΣΤΗ, ΜΕ ΠΡΟΣΔΕΣΗ ΚΥΣΤΗΣ-ΨΟΪΤΗ Ή ΚΡΗΜΝΟ ΟΥΡΟΔΟΧΟΥ ΚΥΣΤΕΩΣ;;;;;
5035;X681559;ΟΥΡΗΤΗΡΟΕΝΤΕΡΟΣΤΟΜΙΑ, ΑΜΕΣΗ ΑΝΑΣΤΟΜΩΣΗ ΤΟΥ ΟΥΡΗΤΗΡΑ ΣΤΟ ΕΝΤΕΡΟ;;;;;
5036;X681579;ΑΝΑΣΤΟΜΩΣΗ ΤΟΥ ΟΥΡΗΤΗΡΑ ΜΕΤΑ ΤΟΥ ΣΙΓΜΟΕΙΔΟΥΣ, ΜΕ ΔΗΜΙΟΥΡΓΙΑ ΟΥΡΟΔΟΧΟΥ ΚΥΣΤΕΩΣ ΑΠΟ ΤΟ ΣΙΓΜΟΕΙΔΕΣ ΚΑΙ ΤΟΠΟΘΕΤΗΣΗ ΚΟΙΛΙΑΚΗΣ Ή ΠΕΡΙΝΕΪΚΗΣ ΚΟΛΟΣΤΟΜΙΑΣ, ΣΥΜΠΕΡΙΛΑΜΒΑΝΟΜΕΝΗΣ ΑΝΑΣΤΟΜΩΣΗΣ ΕΝΤΕΡΟΥ;;;;;
5037;X681589;ΣΩΛΗΝΑΣ ΟΥΡΗΤΗΡΑ-ΠΑΧΕΟΣ ΕΝΤΕΡΟΥ, ΣΥΜΠΕΡΙΛΑΜΒΑΝΟΜΕΝΗΣ ΑΝΑΣΤΟΜΩΣΗΣ ΕΝΤΕΡΟΥ;;;;;
5038;X681599;ΣΩΛΗΝΑΣ ΟΥΡΗΤΗΡΑ-ΕΙΛΕΟΥ (ΚΥΣΤΗ ΑΠΟ ΕΙΛΕΟ), ΣΥΜΠΕΡΙΛΑΜΒΑΝΟΜΕΝΗΣ ΑΝΑΣΤΟΜΩΣΗΣ ΕΝΤΕΡΟΥ (ΕΠΕΜΒΑΣΗ ΚΑΤΑ BRICKER);;;;;
5039;X681609;ΕΓΚΡΑΤΗΣ ΕΚΤΡΟΠΗ, ΣΥΜΠΕΡΙΛΑΜΒΑΝΟΜΕΝΗΣ ΑΝΑΣΤΟΜΩΣΗΣ ΕΝΤΕΡΟΥ ΜΕ ΧΡΗΣΗ ΟΠΟΙΟΥΔΗΠΟΤΕ ΤΜΗΜΑΤΟΣ ΛΕΠΤΟΥ ΚΑΙ/Ή ΠΑΧΕΟΣ ΕΝΤΕΡΟΥ (ΕΝΤΕΡΟΚΥΣΤΕΟΠΛΑΣΤΙΚΗ ΚΑΤΑ KOCK POUCH Ή CAMEY);;;;;
5040;X681619;ΜΗ-ΕΚΤΡΟΠΗ ΟΥΡΩΝ (Π.Χ. ΑΝΑΣΤΟΜΩΣΗ ΟΥΡΗΤΗΡΑ-ΕΙΛΕΟΥ, ΑΝΑΣΤΟΜΩΣΗ ΤΟΥ ΟΥΡΗΤΗΡΑ ΜΕΤΑ ΤΟΥ ΣΙΓΜΟΕΙΔΟΥΣ Ή ΟΥΡΗΤΗΡΟΕΝΤΕΡΟΣΤΟΜΙΑ ΜΕ ΟΥΡΗΤΗΡΟΟΥΡΗΤΗΡΟΣΤΟΜΙΑ Ή ΧΕΙΡΟΥΡΓΙΚΗ ΜΕΤΑΦΟΡΑ ΤΟΥ ΟΥΡΗΤΗΡΑ ΣΕ ΔΙΑΦΟΡΕΤΙΚΗ ΘΕΣΗ ΣΤΗΝ ΟΥΡΟΔΟΧΟ ΚΥΣΤΗ);;;;;
5041;X681639;ΑΝΤΙΚΑΤΑΣΤΑΣΗ ΟΛΟΥ Ή ΤΜΗΜΑΤΟΣ ΤΟΥ ΟΥΡΗΤΗΡΑ ΑΠΟ ΤΜΗΜΑ ΕΝΤΕΡΟΥ, ΠΟΥ ΠΕΡΙΛΑΜΒΑΝΕΙ ΑΝΑΣΤΟΜΩΣΗ ΕΝΤΕΡΟΥ;;;;;
5042;X681649;ΔΕΡΜΑΤΙΚΗ ΑΝΑΣΤΟΜΩΣΗ ΣΚΩΛΗΚΟΕΙΔΟΥΣ ΑΠΟΦΥΣΗΣ-ΕΙΛΕΟΚΥΣΤΕΩΣ;;;;;
5043;X681679;ΟΥΡΗΤΗΡΟΔΕΡΜΟΣΤΟΜΙΑ;;;;;
5044;X681759;ΟΥΡΗΤΗΡΟΡΡΑΦΗ, ΣΥΡΡΑΦΗ ΤΟΥ ΟΥΡΗΤΗΡΑ (ΞΕΧΩΡΙΣΤΗ ΔΙΑΔΙΚΑΣΙΑ);;;;;
5045;X681799;ΕΚΤΟΜΗ ΟΥΡΗΤΗΡΟ-ΔΕΡΜΑΤΙΚΟΥ ΣΥΡΙΓΓΙΟΥ;;;;;
5046;X681819;ΕΚΤΟΜΗ ΟΥΡΗΤΗΡΟΣΠΛΑΓΧΝΙΟΥ ΣΥΡΙΓΓΙΟΥ (ΣΥΜΠΕΡΙΛΑΜΒΑΝΟΜΕΝΗΣ ΣΠΛΑΧΝΙΚΗΣ ΑΠΟΚΑΤΑΣΤΑΣΗΣ);;;;;
5047;X681839;ΑΠΟΛΙΝΩΣΗ ΤΟΥ ΟΥΡΗΤΗΡΑ;;;;;
5048;X681849;ΛΑΠΑΡΟΣΚΟΠΗΣΗ, ΧΕΙΡΟΥΡΓΙΚΗ, ΟΥΡΗΤΗΡΟΛΙΘΟΤΟΜΙΑ;;;;;
5049;X681853;ΛΑΠΑΡΟΣΚΟΠΗΣΗ, ΧΕΙΡΟΥΡΓΙΚΗ, ΧΕΙΡΟΥΡΓΙΚΗ ΜΕΤΑΦΟΡΑ ΤΟΥ ΟΥΡΗΤΗΡΑ ΣΕ ΔΙΑΦΟΡΕΤΙΚΗ ΘΕΣΗ ΣΤΗΝ ΟΥΡΟΔΟΧΟ ΚΥΣΤΗ ΜΕ ΚΥΣΤΕΟΣΚΟΠΗΣΗ ΚΑΙ  ΤΟΠΟΘΕΤΗΣΗ ΣΤΕΝΤ ΟΥΡΗΤΗΡΑ;;;;;
5050;X681855;ΛΑΠΑΡΟΣΚΟΠΗΣΗ, ΧΕΙΡΟΥΡΓΙΚΗ, ΧΕΙΡΟΥΡΓΙΚΗ ΜΕΤΑΦΟΡΑ ΤΟΥ ΟΥΡΗΤΗΡΑ ΣΕ ΔΙΑΦΟΡΕΤΙΚΗ ΘΕΣΗ ΣΤΗΝ ΟΥΡΟΔΟΧΟ ΚΥΣΤΗ ΧΩΡΙΣ ΚΥΣΤΕΟΣΚΟΠΗΣΗ ΚΑΙ ΤΟΠΟΘΕΤΗΣΗ ΣΤΕΝΤ ΟΥΡΗΤΗΡΑ;;;;;
5051;X681857;ΜΗ ΚΑΤΑΓΕΓΡΑΜΜΕΝΗ ΔΙΑΔΙΚΑΣΙΑ ΛΑΠΑΡΟΣΚΟΠΗΣΗΣ, ΟΥΡΗΤΗΡΑΣ;;;;;
5052;X681857.1;ΡΟΜΠΟΤΙΚΗ, ΧΕΙΡΟΥΡΓΙΚΗ, ΟΥΡΗΤΗΡΟΛΙΘΟΤΟΜΙΑ;;;;;
5053;X681857.2;ΡΟΜΠΟΤΙΚΗ, ΧΕΙΡΟΥΡΓΙΚΗ, ΧΕΙΡΟΥΡΓΙΚΗ ΜΕΤΑΦΟΡΑ ΤΟΥ ΟΥΡΗΤΗΡΑ ΣΕ ΔΙΑΦΟΡΕΤΙΚΗ ΘΕΣΗ ΣΤΗΝ ΟΥΡΟΔΟΧΟ ΚΥΣΤΗ ΜΕ ΚΥΣΤΕΟΣΚΟΠΗΣΗ ΚΑΙ  ΤΟΠΟΘΕΤΗΣΗ ΣΤΕΝΤ ΟΥΡΗΤΗΡΑ;;;;;
5054;X681857.3;ΡΟΜΠΟΤΙΚΗ, ΧΕΙΡΟΥΡΓΙΚΗ, ΧΕΙΡΟΥΡΓΙΚΗ ΜΕΤΑΦΟΡΑ ΤΟΥ ΟΥΡΗΤΗΡΑ ΣΕ ΔΙΑΦΟΡΕΤΙΚΗ ΘΕΣΗ ΣΤΗΝ ΟΥΡΟΔΟΧΟ ΚΥΣΤΗ ΧΩΡΙΣ ΚΥΣΤΕΟΣΚΟΠΗΣΗ ΚΑΙ ΤΟΠΟΘΕΤΗΣΗ ΣΤΕΝΤ ΟΥΡΗΤΗΡΑ;;;;;
5055;X681861;ΕΝΔΟΣΚΟΠΗΣΗ ΟΥΡΗΤΗΡΑ ΜΕΣΩ ΤΟΠΟΘΕΤΗΜΕΝΗΣ ΟΥΡΗΤΗΡΟΣΤΟΜΙΑΣ, ΜΕ Ή ΧΩΡΙΣ ΠΛΥΣΗ, ΕΝΣΤΑΛΑΞΗ, Ή ΟΥΡΗΤΗΡΟΠΥΕΛΟΓΡΑΦΙΑ, ΑΝΕΥ ΑΚΤΙΝΟΛΟΓΙΚΗΣ ΥΠΗΡΕΣΙΑΣ,;;;;;
5056;X681865;ΕΝΔΟΣΚΟΠΗΣΗ ΟΥΡΗΤΗΡΑ ΜΕΣΩ ΤΟΠΟΘΕΤΗΜΕΝΗΣ ΟΥΡΗΤΗΡΟΣΤΟΜΙΑΣ, ΜΕ Ή ΧΩΡΙΣ ΠΛΥΣΗ, ΕΝΣΤΑΛΑΞΗ, Ή ΟΥΡΗΤΗΡΟΠΥΕΛΟΓΡΑΦΙΑ, ΑΝΕΥ ΑΚΤΙΝΟΛΟΓΙΚΗΣ ΥΠΗΡΕΣΙΑΣ, ΜΕ ΚΑΘΕΤΗΡΙΑΣΜΟ ΟΥΡΗΤΗΡΑ, ΜΕ Ή ΧΩΡΙΣ ΔΙΑΣΤΟΛΗ ΤΟΥ ΟΥΡΗΤΗΡΑ;;;;;
5057;X681869;ΕΝΔΟΣΚΟΠΗΣΗ ΟΥΡΗΤΗΡΑ ΜΕΣΩ ΤΟΠΟΘΕΤΗΜΕΝΗΣ ΟΥΡΗΤΗΡΟΣΤΟΜΙΑΣ, ΜΕ Ή ΧΩΡΙΣ ΠΛΥΣΗ, ΕΝΣΤΑΛΑΞΗ, Ή ΟΥΡΗΤΗΡΟΠΥΕΛΟΓΡΑΦΙΑ, ΑΝΕΥ ΑΚΤΙΝΟΛΟΓΙΚΗΣ ΥΠΗΡΕΣΙΑΣ, ΜΕ ΒΙΟΨΙΑ;;;;;
5058;X681873;ΕΝΔΟΣΚΟΠΗΣΗ ΟΥΡΗΤΗΡΑ ΜΕΣΩ ΤΟΠΟΘΕΤΗΜΕΝΗΣ ΟΥΡΗΤΗΡΟΣΤΟΜΙΑΣ, ΜΕ Ή ΧΩΡΙΣ ΠΛΥΣΗ, ΕΝΣΤΑΛΑΞΗ, Ή ΟΥΡΗΤΗΡΟΠΥΕΛΟΓΡΑΦΙΑ, ΑΝΕΥ ΑΚΤΙΝΟΛΟΓΙΚΗΣ ΥΠΗΡΕΣΙΑΣ, ΜΕ ΗΛΕΚΤΡΟΘΕΡΜΟΚΑΥΤΗΡΙΑΣΗ ΚΑΙ/Ή ΤΟΜΗ, ΜΕ Ή ΧΩΡΙΣ ΒΙΟΨΙΑ;;;;;
5059;X681881;ΕΝΔΟΣΚΟΠΗΣΗ ΟΥΡΗΤΗΡΑ ΜΕΣΩ ΤΟΠΟΘΕΤΗΜΕΝΗΣ ΟΥΡΗΤΗΡΟΣΤΟΜΙΑΣ, ΜΕ Ή ΧΩΡΙΣ ΠΛΥΣΗ, ΕΝΣΤΑΛΑΞΗ, Ή ΟΥΡΗΤΗΡΟΠΥΕΛΟΓΡΑΦΙΑ, ΑΝΕΥ ΑΚΤΙΝΟΛΟΓΙΚΗΣ ΥΠΗΡΕΣΙΑΣ, ΜΕ ΑΦΑΙΡΕΣΗ ΞΕΝΟΥ ΣΩΜΑΤΟΣ Ή ΛΙΘΟΥ;;;;;
5060;X681899;ΕΝΔΟΣΚΟΠΗΣΗ ΟΥΡΗΤΗΡΑ, ΜΕ Ή ΧΩΡΙΣ ΠΛΥΣΗ, ΕΝΣΤΑΛΑΞΗ, Ή ΟΥΡΗΤΗΡΟΠΥΕΛΟΓΡΑΦΙΑ, ΜΕ ΑΚΤΙΝΟΛΟΓΙΚΗ ΥΠΗΡΕΣΙΑ;;;;;
5061;X681903;ΕΝΔΟΣΚΟΠΗΣΗ ΟΥΡΗΤΗΡΑ, ΜΕ Ή ΧΩΡΙΣ ΠΛΥΣΗ, ΕΝΣΤΑΛΑΞΗ, Ή ΟΥΡΗΤΗΡΟΠΥΕΛΟΓΡΑΦΙΑ, ΜΕ ΑΚΤΙΝΟΛΟΓΙΚΗ ΥΠΗΡΕΣΙΑ, ΜΕ ΚΑΘΕΤΗΡΙΑΣΜΟ ΟΥΡΗΤΗΡΑ, ΜΕ Ή ΧΩΡΙΣ ΔΙΑΣΤΟΛΗ ΤΟΥ ΟΥΡΗΤΗΡΑ;;;;;
5062;X681907;ΕΝΔΟΣΚΟΠΗΣΗ ΟΥΡΗΤΗΡΑ, ΜΕ Ή ΧΩΡΙΣ ΠΛΥΣΗ, ΕΝΣΤΑΛΑΞΗ, Ή ΟΥΡΗΤΗΡΟΠΥΕΛΟΓΡΑΦΙΑ, ΜΕ ΑΚΤΙΝΟΛΟΓΙΚΗ ΥΠΗΡΕΣΙΑ, ΜΕ ΒΙΟΨΙΑ;;;;;
5063;X681911;ΕΝΔΟΣΚΟΠΗΣΗ ΟΥΡΗΤΗΡΑ, ΜΕ Ή ΧΩΡΙΣ ΠΛΥΣΗ, ΕΝΣΤΑΛΑΞΗ, Ή ΟΥΡΗΤΗΡΟΠΥΕΛΟΓΡΑΦΙΑ, ΜΕ ΑΚΤΙΝΟΛΟΓΙΚΗ ΥΠΗΡΕΣΙΑ ΜΕ ΗΛΕΚΤΡΟΘΕΡΜΟΚΑΥΤΗΡΙΑΣΗ ΚΑΙ/Ή ΤΟΜΗ, ΜΕ Ή ΧΩΡΙΣ ΒΙΟΨΙΑ;;;;;
5064;X681919;ΕΝΔΟΣΚΟΠΗΣΗ ΟΥΡΗΤΗΡΑ, ΜΕ Ή ΧΩΡΙΣ ΠΛΥΣΗ, ΕΝΣΤΑΛΑΞΗ, Ή ΟΥΡΗΤΗΡΟΠΥΕΛΟΓΡΑΦΙΑ, ΜΕ ΑΚΤΙΝΟΛΟΓΙΚΗ ΥΠΗΡΕΣΙΑ ΜΕ ΑΦΑΙΡΕΣΗ ΞΕΝΟΥ ΣΩΜΑΤΟΣ Ή ΛΙΘΟΥ;;;;;
5065;X681999;ΚΥΣΤΕΟΤΟΜΙΑ Ή ΚΥΣΤΕΟΣΤΟΜΙΑ, ΜΕ ΗΛΕΚΤΡΟΘΕΡΜΟΚΑΥΤΗΡΙΑΣΗ ΚΑΙ/Ή ΕΙΣΑΓΩΓΗ ΡΑΔΙΕΝΕΡΓΟΥ ΥΛΙΚΟΥ;;;;;
5066;X682019;ΑΝΕΝΕΡΓΟΣ;;;;;
5067;X682039;ΚΥΣΤΕΟΣΤΟΜΙΑ, ΚΥΣΤΕΟΣΤΟΜΙΑ ΜΕ ΠΑΡΟΧΕΤΕΥΣΗ;;;;;
5068;X682049;ΑΝΕΝΕΡΓΟΣ;;;;;
5069;X682059;ΑΦΑΙΡΕΣΗ ΛΙΘΟΥ ΤΗΣ ΟΥΡΟΔΟΧΟΥ ΚΥΣΤΗΣ, ΚΥΣΤΕΟΣΤΟΜΙΑ ΜΕ ΑΦΑΙΡΕΣΗ ΛΙΘΟΥ, ΧΩΡΙΣ ΑΦΑΙΡΕΣΗ ΚΥΣΤΙΚΟΥ ΑΥΧΕΝΑ;;;;;
5070;X682079;ΕΝΔΟΣΚΟΠΙΚΗ (ΔΙΑΚΥΣΤΙΚΗ) ΟΥΡΗΤΗΡΟΛΙΘΟΤΟΜΙΑ;;;;;
5071;X682089;ΚΥΣΤΕΟΣΤΟΜΙΑ, ΜΕ ΕΞΑΓΩΓΗ ΛΙΘΟΥ ΜΕ ΛΑΒΙΔΑ ΚΑΙ ΚΑΤΑΚΕΡΜΑΤΙΣΜΟ ΤΟΥ ΚΥΣΤΙΚΟΥ ΛΙΘΟΥ;;;;;
5072;X682119;ΠΑΡΟΧΕΤΕΥΣΗ ΑΠΟΣΤΗΜΑΤΟΣ ΠΕΡΙΚΥΣΤΙΚΟΥ Ή ΠΡΟΚΥΣΤΙΚΟΥ ΧΩΡΟΥ;;;;;
5073;X682159;ΠΑΡΑΚΕΝΤΗΣΗ ΚΥΣΤΗΣ· ΜΕ ΒΕΛΟΝΑ;;;;;
5074;X682161;ΠΑΡΑΚΕΝΤΗΣΗ ΚΥΣΤΗΣ· ΜΕ ΤΡΟΚΑΡ Ή ΕΝΔΟΚΑΘΕΤΗΡΑ;;;;;
5075;X682163;ΠΑΡΑΚΕΝΤΗΣΗ ΚΥΣΤΗΣ· ΜΕ ΕΙΣΑΓΩΓΗ ΥΠΕΡΗΒΙΚΟΥ ΚΑΘΕΤΗΡΑ;;;;;
5076;X682959;ΕΚΤΟΜΗ ΚΥΣΤΗΣ Ή ΣΥΡΙΓΓΙΟΥ ΟΥΡΑΧΟΥ ΜΕ Ή ΧΩΡΙΣ ΑΠΟΚΑΤΑΣΤΑΣΗ ΟΜΦΑΛΟΚΗΛΗΣ;;;;;
5077;X682999;ΑΝΕΝΕΡΓΟΣ;;;;;
5078;X683009;ΚΥΣΤΕΟΣΤΟΜΙΑ· ΓΙΑ ΕΞΑΓΩΓΗ ΕΚΚΟΛΠΩΜΑΤΟΣ ΟΥΡΟΔΟΧΟΥ ΚΥΣΤΗΣ, ΜΟΝΟΥ Ή ΠΟΛΛΑΠΛΟΥ (ΞΕΧΩΡΙΣΤΗ ΕΠΕΜΒΑΣΗ);;;;;
5079;X683019;ΚΥΣΤΕΟΣΤΟΜΙΑ· ΓΙΑ ΕΚΤΟΜΗ ΟΓΚΟΥ ΟΥΡΟΔΟΧΟΥ ΚΥΣΤΗΣ;;;;;
5080;X683029;ΚΥΣΤΕΟΣΤΟΜΙΑ ΓΙΑ ΕΚΤΟΜΗ, ΤΟΜΗ Ή ΑΠΟΚΑΤΑΣΤΑΣΗ ΟΥΡΗΤΗΡΟΚΗΛΗΣ;;;;;
5081;X683059;ΚΥΣΤΕΚΤΟΜΗ, ΜΕΡΙΚΗ· ΑΠΛΗ;;;;;
5082;X683069;ΚΥΣΤΕΚΤΟΜΗ, ΜΕΡΙΚΗ· ΕΠΙΠΛΕΓΜΕΝΗ (ΠΧ, ΜΕΤΑΚΤΙΝΙΚΗ ΠΕΡΙΟΔΟΣ, ΠΡΟΗΓΟΥΜΕΝΗ ΕΓΧΕΙΡΙΣΗ, ΔΥΣΚΟΛΗ ΘΕΣΗ);;;;;
5083;X683089;ΚΥΣΤΕΚΤΟΜΗ, ΜΕΡΙΚΗ, ΜΕ ΕΠΑΝΕΜΦΥΤΕΥΣΗ ΟΥΡΗΤΗΡΑ(ΩΝ) ΣΤΗΝ ΟΥΡΟΔΟΧΟ ΚΥΣΤΗ (ΧΕΙΡΟΥΡΓΙΚΗ ΜΕΤΑΦΟΡΑ ΤΟΥ ΟΥΡΗΤΗΡΑ ΣΕ ΔΙΑΦΟΡΕΤΙΚΗ ΘΕΣΗ ΣΤΗΝ ΟΥΡΟΔΟΧΟ ΚΥΣΤΗ);;;;;
5084;X683099;ΚΥΣΤΕΚΤΟΜΗ, ΠΛΗΡΗΣ· (ΞΕΧΩΡΙΣΤΗ ΕΠΕΜΒΑΣΗ);;;;;
5085;X683109;ΚΥΣΤΕΚΤΟΜΗ, ΠΛΗΡΗΣ· ΜΕ ΠΥΕΛΙΚΗ ΛΕΜΦΑΔΕΝΕΚΤΟΜΗ ΑΜΦΩ, ΠΕΡΙΛΑΜΒΑΝΟΜΕΝΩΝ ΤΩΝ ΕΞΩΤΕΡΙΚΩΝ ΛΑΓΟΝΙΩΝ, ΥΠΟΓΑΣΤΡΙΚΩΝ ΚΑΙ ΘΥΡΟΕΙΔΩΝ ΛΕΜΦΑΔΕΝΩΝ;;;;;
5086;X683119;ΚΥΣΤΕΚΤΟΜΗ, ΠΛΗΡΗΣ, ΜΕ ΑΝΑΣΤΟΜΩΣΗ ΤΟΥ ΟΥΡΗΤΗΡΑ ΜΕ ΤΟ ΣΙΓΜΟΕΙΔΕΣ Ή ΟΥΡΗΤΗΡΟΔΕΡΜΑΤΙΚΕΣ ΑΝΑΣΤΟΜΩΣΕΙΣ·;;;;;
5087;X683129;ΚΥΣΤΕΚΤΟΜΗ, ΠΛΗΡΗΣ, ΜΕ ΑΝΑΣΤΟΜΩΣΗ ΤΟΥ ΟΥΡΗΤΗΡΑ ΜΕ ΤΟ ΣΙΓΜΟΕΙΔΕΣ Ή ΟΥΡΗΤΗΡΟΔΕΡΜΑΤΙΚΕΣ ΑΝΑΣΤΟΜΩΣΕΙΣ ΜΕ ΠΥΕΛΙΚΗ ΛΕΜΦΑΔΕΝΕΚΤΟΜΗ ΑΜΦΩ, ΠΕΡΙΛΑΜΒΑΝΟΜΕΝΩΝ ΤΩΝ ΕΞΩΤΕΡΙΚΩΝ ΛΑΓΟΝΙΩΝ, ΥΠΟΓΑΣΤΡΙΚΩΝ ΚΑΙ ΘΥΡΟΕΙΔΩΝ ΛΕΜΦΑΔΕΝΩΝ;;;;;
5088;X683139;ΚΥΣΤΕΚΤΟΜΗ, ΠΛΗΡΗΣ, ΜΕ ΣΩΛΗΝΑ ΟΥΡΗΤΗΡΑ-ΕΙΛΕΟΥ Ή ΣΙΓΜΟΕΙΔΟΥΣ ΟΥΡΟΔΟΧΟΥ ΚΥΣΤΗΣ, ΠΕΡΙΛΑΜΒΑΝΟΜΕΝΗΣ ΤΗΣ ΑΝΑΣΤΟΜΩΣΗΣ ΕΝΤΕΡΟΥ;;;;;
5089;X683149;ΚΥΣΤΕΚΤΟΜΗ, ΠΛΗΡΗΣ, ΜΕ ΣΩΛΗΝΑ ΟΥΡΗΤΗΡΑ-ΕΙΛΕΟΥ Ή ΣΙΓΜΟΕΙΔΟΥΣ ΟΥΡΟΔΟΧΟΥ ΚΥΣΤΗΣ, ΠΕΡΙΛΑΜΒΑΝΟΜΕΝΗΣ ΤΗΣ ΑΝΑΣΤΟΜΩΣΗΣ ΕΝΤΕΡΟΥ· ΜΕ ΠΥΕΛΙΚΗ ΛΕΜΦΑΔΕΝΕΚΤΟΜΗ ΑΜΦΩ,  ΠΕΡΙΛΑΜΒΑΝΟΜΕΝΩΝ ΤΩΝ ΕΞΩΤΕΡΙΚΩΝ ΛΑΓΟΝΙΩΝ, ΥΠΟΓΑΣΤΡΙΚΩΝ ΚΑΙ ΘΥΡΕΟΕΙΔΩΝ ΛΕΜΦΑΔΕΝΩΝ;;;;;
5090;X683151;ΚΥΣΤΕΚΤΟΜΗ, ΠΛΗΡΗΣ, ΜΕ ΕΓΚΡΑΤΗ EKTROPH, ΟΠΟΙΑΔΗΠΟΤΕ ΑΝΟΙΧΤΗ ΤΕΧΝΙΚΗ, ΜΕ ΧΡΗΣΗ ΟΠΟΙΟΥΔΗΠΟΤΕ ΤΜΗΜΑΤΟΣ ΤΟΥ ΛΕΠΤΟΥ ΚΑΙ/Η ΠΑΧΕΩΣ ΕΝΤΕΡΟΥ ΓΙΑ ΚΑΤΑΣΚΕΥΗ ΝΕΟΚΥΣΤΗΣ;;;;;
5091;X683153;ΠΥΕΛΙΚΗ ΕΞΕΝΤΕΡΩΣΗ, ΠΛΗΡΗΣ, ΓΙΑ ΚΥΣΤΙΚΗ, ΠΡΟΣΤΑΤΙΚΗ Ή ΟΥΡΗΘΡΙΚΗ ΚΑΚΟΗΘΕΙΑ, ΜΕ ΑΦΑΙΡΕΣΗ ΜΕΤΑΜΟΣΧΕΥΣΕΩΝ ΟΥΡΟΔΟΧΟΥ ΚΥΣΤΗΣ ΚΑΙ ΟΥΡΗΤΗΡΑ, ΜΕ Η ΧΩΡΙΣ ΥΣΤΕΡΕΚΤΟΜΗ ΚΑΙ/Η ΚΟΙΛΙΟΠΕΡΙΝΕΪΚΗ ΕΚΤΟΜΗ ΤΟΥ ΟΡΘΟΥ ΕΝΤΕΡΟΥ ΚΑΙ ΚΟΛΟΥ ΚΑΙ ΚΟΛΟΣΤΟΜΙΑ, Ή ΟΠΟΙΟΣΔΗΠΟΤΕ ΣΥΝΔΥΑΣΜΟΣ ΑΥΤΩΝ;;;;;
5092;X683159; ΚΥΣΤΕΟΓΡΑΦΙΑ Ή ΟΥΡΗΘΡΟΚΥΣΤΕΟΓΡΑΦΙΑ ΜΕ ΕΚΚΕΝΩΣΗ;;;;;
5093;X683169;ΑΝΕΝΕΡΓΟΣ;;;;;
5094;X683179;ΑΝΕΝΕΡΓΟΣ;;;;;
5095;X683359;ΚΑΤΑΙΟΝΙΣΜΟΣ ΟΥΡΟΔΟΧΟΥ ΚΥΣΤΗΣ, ΑΠΛΗ, ΠΛΥΣΗ ΚΑΙ/Η ΕΝΣΤΑΛΑΞΗ;;;;;
5096;X683361;ΕΙΣΑΓΩΓΗ ΜΗ-ΜΟΝΙΜΟΥ ΚΑΘΕΤΗΡΑ ΟΥΡΟΔΟΧΟΥ ΚΥΣΤΗΣ (ΠΧ, ΑΠΕΥΘΕΙΑΣ ΚΑΘΕΤΗΡΙΑΣΜΟΣ ΓΙΑ ΥΠΟΛΕΙΜΑ ΟΥΡΩΝ);;;;;
5097;X683363;ΕΙΣΑΓΩΓΗ ΠΡΟΣΩΡΙΝΟΥ ΜΟΝΙΜΟΥ ΚΑΘΕΤΗΡΑ ΟΥΡΟΔΟΧΟΥ ΚΥΣΤΗΣ· ΑΠΛΗ (ΠΧ, FOLEY);;;;;
5098;X683365;ΕΙΣΑΓΩΓΗ ΠΡΟΣΩΡΙΝΟΥ ΜΟΝΙΜΟΥ ΚΑΘΕΤΗΡΑ ΟΥΡΟΔΟΧΟΥ ΚΥΣΤΗΣ· ΕΠΙΠΛΕΓΜΕΝΗ (ΠΧ, ΔΙΑΤΑΡΑΧΗ ΑΝΑΤΟΜΙΑΣ, ΡΗΞΗ ΚΑΘΕΤΗΡΑ/ΑΕΡΟΘΑΛΑΜΟΥ);;;;;
5099;X683369;ΑΛΛΑΓΗ ΣΩΛΗΝΑ ΚΥΣΤΕΟΣΤΟΜΙΑΣ· ΑΠΛΗ;;;;;
5100;X683379;ΑΛΛΑΓΗ ΣΩΛΗΝΑ ΚΥΣΤΕΟΣΤΟΜΙΑΣ· ΕΠΙΠΛΕΓΜΕΝΗ;;;;;
5101;X683389;ΕΝΔΟΣΚΟΠΙΚΗ ΕΓΧΥΣΗ ΕΜΦΥΤΕΥΣΙΜΟΥ ΥΛΙΚΟΥ  ΣΕ ΥΠΟΒΛΕΝΝΟΓΟΝΙΟΥΣ ΙΣΤΟΥΣ ΤΗΣ ΟΥΡΗΘΡΑΣ ΚΑΙ ΤΗΣ ΟΥΡΟΔΟΧΟΥ ΚΥΣΤΗΣ;;;;;
5102;X683399;ΘΕΡΑΠΕΥΤΙΚΕΣ ΕΓΧΥΣΕΙΣ ΟΥΡΟΔΟΧΟΥ ΚΥΣΤΗΣ ;;;;;
5103;X683409;ΑΠΛΟ ΔΙΑΓΡΑΜΜΑ ΚΥΣΤΕΟΜΕΤΡΟΥ (CMG) (ΠΧ, ΝΩΤΙΑΙΟ ΜΑΝΟΜΕΤΡΟ);;;;;
5104;X683411;ΣΥΝΘΕΤΟ ΔΙΑΓΡΑΜΜΑ ΚΥΣΤΕΟΜΕΤΡΟΥ (ΠΧ. ΒΑΘΜΟΝΟΜΗΜΕΝΟΣ ΗΛΕΚΤΡΟΝΙΚΟΣ ΕΞΟΠΛΙΣΜΟΣ);;;;;
5105;X683431;ΑΠΛΗ ΟΥΡΟΡΟΟΜΕΤΡΗΣΗ (UFR) (ΠΧ. ΧΡΟΝΟΜΕΤΡΟ ΡΟΗΣ, ΜΗΧΑΝΙΚΟ ΟΥΡΟΡΟΟΜΕΤΡΟ);;;;;
5106;X683441;ΣΥΝΘΕΤΗ ΟΥΡΟΡΟΟΜΕΤΡΗΣΗ (ΠΧ. ΒΑΘΜΟΝΟΜΗΜΕΝΟΣ ΗΛΕΚΤΡΟΝΙΚΟΣ ΕΞΟΠΛΙΣΜΟΣ);;;;;
5107;X683503;ΜΕΛΕΤΕΣ ΠΡΟΦΙΛΟΜΕΤΡΙΑΣ (UPP) (ΠΡΟΦΙΛ ΠΙΕΣΗΣ ΚΛΕΙΣΙΜΑΤΟΣ ΟΥΡΗΘΡΑΣ) ΚΑΘΕ ΤΕΧΝΙΚΗ;;;;;
5108;X683527;ΗΛΕΚΤΡΟΜΥΟΓΡΑΦΙΚΗ ΜΕΛΕΤΗ (EMG) ΣΦΙΓΚΤΗΡΑ ΤΟΥ ΠΡΩΚΤΟΥ Ή ΤΗΣ ΟΥΡΗΘΡΑΣ, ΕΚΤΟΣ ΧΡΗΣΗΣ ΒΕΛΟΝΑΣ, ΟΠΟΙΑΔΗΠΟΤΕ ΤΕΧΝΙΚΗ;;;;;
5109;X683529;ΗΛΕΚΤΡΟΜΥΟΓΡΑΦΙΚΗ ΜΕΛΕΤΗ ΒΕΛΟΝΑΣ (EMG) ΣΦΙΓΚΤΗΡΑ ΤΟΥ ΠΡΩΚΤΟΥ Ή ΤΗΣ ΟΥΡΗΘΡΑΣ, ΟΠΟΙΑΔΗΠΟΤΕ ΤΕΧΝΙΚΗ;;;;;
5110;X683543;ΑΠΟΚΡΙΣΗ ΜΕΣΩ ΕΡΕΘΙΣΜΑΤΟΣ (ΠΧ, ΜΕΤΡΗΣΗ ΧΡΟΝΟΥ ΚΑΘΥΣΤΕΡΗΣΗΣ ΒΟΛΒΟΣΗΡΑΓΓΩΔΟΥΣ ΑΝΤΑΝΑΚΛΑΣΤΙΚΟΥ);;;;;
5111;X683549;ΜΕΛΕΤΕΣ ΠΙΕΣΗΣ ΕΚΚΕΝΩΣΗΣ (VP)· ΠΙΕΣΗ ΕΚΚΕΝΩΣΗΣ ΟΥΡΟΔΟΧΟΥ ΚΥΣΤΗΣ, ΟΠΟΙΑΔΗΠΟΤΕ ΤΕΧΝΙΚΗ;;;;;
5112;X683553;ΜΕΛΕΤΕΣ ΠΙΕΣΗΣ ΕΚΚΕΝΩΣΗΣ (VP)· ΕΝΔΟΚΟΙΛΙΑΚΗ ΠΙΕΣΗ ΕΚΚΕΝΩΣΗΣ (AP) (ΟΡΘΟΥ, ΓΑΣΤΡΙΚΗ, ΕΝΔΟΠΕΡΙΤΟΝΑΪΚΗ) (ΑΝΑΦΕΡΑΤΕ ΞΕΧΩΡΙΣΤΑ ΜΑΖΙ ΜΕ ΤΟΝ ΚΩΔΙΚΟ ΤΗΣ ΑΡΧΙΚΗΣ ΔΙΑΔΙΚΑΣΙΑΣ);;;;;
5113;X683555;ΜΕΤΡΗΣΗ ΥΠΟΛΕΙΠΟΜΕΝΩΝ ΟΥΡΩΝ ΜΕΤΑ ΤΗΝ ΟΥΡΗΣΗ Ή/ΚΑΙ ΤΗΣ ΧΩΡΗΤΙΚΟΤΗΤΑΣ ΤΗΣ ΟΥΡΟΔΟΧΟΥ ΚΥΣΤΗΣ ΜΕ ΥΠΕΡΗΧΟ, ΧΩΡΙΣ ΑΠΕΙΚΟΝΙΣΗ;;;;;
5114;X683559;ΚΥΣΤΕΟΠΛΑΣΤΙΚΗ Ή ΚΥΣΤΕΟΟΥΡΗΘΡΟΠΛΑΣΤΙΚΗ, ΠΛΑΣΤΙΚΗ ΕΠΕΜΒΑΣΗ ΟΥΡΟΔΟΧΟΥ ΚΥΣΤΗΣ Η/ΚΑΙ ΚΥΣΤΙΚΟΥ ΑΥΧΕΝΑ (ΕΜΠΡΟΣΘΙΑ ΤΟΜΗ Υ-PLASTY, ΕΚΤΟΜΗ ΚΥΣΤΙΚΟΥ ΒΥΘΟΥ), ΟΠΟΙΑΔΗΠΟΤΕ ΔΙΑΔΙΚΑΣΙΑ, ΜΕ Ή ΧΩΡΙΣ ΣΦΗΝΟΕΙΔΗ ΕΚΤΟΜΗ ΤΟΥ ΟΠΙΣΘΙΟΥ ΚΥΣΤΙΚΟΥ ΑΥΧΕΝΑ;;;;;
5115;X683599;ΚΥΣΤΕΟΟΥΡΗΘΡΟΠΛΑΣΤΙΚΗ ΜΕ ΕΤΕΡΟΠΛΕΥΡΗ Ή ΑΜΦΟΤΕΡΟΠΛΕΥΡΗ ΧΕΙΡΟΥΡΓΙΚΗ ΜΕΤΑΦΟΡΑ ΤΟΥ ΟΥΡΗΤΗΡΑ ΣΕ ΔΙΑΦΟΡΕΤΙΚΗ ΘΕΣΗ ΣΤΗΝ ΟΥΡΟΔΟΧΟ ΚΥΣΤΗ;;;;;
5116;X683639;ΕΜΠΡΟΣΘΙΑ ΚΥΣΤΕΟΟΥΡΗΘΡΟΠΗΞΙΑ, Ή ΟΥΡΗΘΡΟΠΗΞΙΑ (ΠΧ, MARSHALL-MARCHETTI-KRANTZ, BURCH)· ΑΠΛΗ;;;;;
5117;X683641;ΕΜΠΡΟΣΘΙΑ ΚΥΣΤΕΟΟΥΡΗΘΡΟΠΗΞΙΑ, Ή ΟΥΡΗΘΡΟΠΗΞΙΑ (ΠΧ, MARSHALL-MARCHETTI-KRANTZ, BURCH)· ΕΠΙΠΛΕΓΜΕΝΗ (ΠΧ, ΔΕΥΤΕΡΕΥΟΥΣΑ ΑΠΟΚΑΤΑΣΤΑΣΗ);;;;;
5118;X683649;ΑΝΑΡΤΗΣΗ ΚΟΙΛΙΟΚΟΛΠΙΚΟΥ ΚΥΣΤΙΚΟΥ ΑΥΧΕΝΑ, ΜΕ Ή ΧΩΡΙΣ ΕΝΔΟΣΚΟΠΙΚΟ ΕΛΕΓΧΟ (ΠΧ, STAMEY, RAZ, ΤΡΟΠΟΠΟΙΗΜΕΝΟΣ PEREYRA, ΤΑΙΝΙΕΣ ΕΛΕΥΘΕΡΕΣ ΤΑΣΗΣ);;;;;
5119;X683679;ΚΥΣΤΕΟΡΡΑΦΗ, ΡΑΦΗ ΤΡΑΥΜΑΤΟΣ, ΠΛΗΓΗΣ Ή ΡΗΞΗΣ ΟΥΡΟΔΟΧΟΥ ΚΥΣΤΗΣ· ΑΠΛΗ;;;;;
5120;X683689;ΚΥΣΤΕΟΡΡΑΦΗ, ΡΑΦΗ ΤΡΑΥΜΑΤΟΣ, ΠΛΗΓΗΣ Ή ΡΗΞΗΣ ΟΥΡΟΔΟΧΟΥ ΚΥΣΤΗΣ· ΕΠΙΠΛΕΓΜΕΝΗ;;;;;
5121;X683719;ΣΥΓΚΛΕΙΣΗ ΚΥΣΤΕΟΣΤΟΜΙΑΣ (ΞΕΧΩΡΙΣΤΗ ΔΙΑΔΙΚΑΣΙΑ);;;;;
5122;X683759;ΕΚΤΟΜΗ ΚΥΣΤΕΟΚΟΛΠΙΚΟΥ ΣΥΡΙΓΓΙΟΥ, ΚΟΙΛΙΑΚΗ ΠΡΟΣΠΕΛΑΣΗ;;;;;
5123;X683799;ΕΚΤΟΜΗ ΚΥΣΤΕΟΜΗΤΡΙΚΟΥ ΣΥΡΙΓΓΙΟΥ·;;;;;
5124;X683809;ΕΚΤΟΜΗ ΚΥΣΤΕΟΜΗΤΡΙΚΟΥ ΣΥΡΙΓΓΙΟΥ· ΜΕ ΥΣΤΕΡΕΚΤΟΜΗ;;;;;
5125;X683839;ΣΥΓΚΛΕΙΣΗ, ΕΚΣΤΡΟΦΗ ΤΗΣ ΟΥΡΟΔΟΧΟΥ ΚΥΣΤΗΣ;;;;;
5126;X683879;ΕΝΤΕΡΟΚΥΣΤΕΟΠΛΑΣΤΙΚΗ, ΠΕΡΙΛΑΜΒΑΝΟΜΕΝΗΣ ΤΗΣ ΑΝΑΣΤΟΜΩΣΗΣ ΕΝΤΕΡΟΥ;;;;;
5127;X683919;ΔΕΡΜΑΤΙΚΗ ΚΥΣΤΕΟΣΤΟΜΙΑ;;;;;
5128;X683939;ΛΑΠΑΡΟΣΚΟΠΙΚΗ, ΧΕΙΡΟΥΡΓΙΚΗ· ΑΝΑΡΤΗΣΗ ΟΥΡΗΘΡΑΣ ΓΙΑ ΑΚΡΑΤΙΑ;;;;;
5129;X683943;ΛΑΠΑΡΟΣΚΟΠΙΚΗ, ΧΕΙΡΟΥΡΓΙΚΗ· ΕΠΕΜΒΑΣΗ ΣΤΗΡΙΞΗΣ ΓΙΑ ΑΚΡΑΤΙΑ (ΠΧ, ΠΕΡΙΤΟΝΙΑ Ή ΣΥΝΘΕΤΙΚΗ);;;;;
5130;X683957;ΜΗ ΚΑΤΑΓΕΓΡΑΜΜΕΝΗ ΔΙΑΔΙΚΑΣΙΑ ΛΑΠΑΡΟΣΚΟΠΗΣΗΣ, ΟΥΡΟΔΟΧΟΣ ΚΥΣΤΗ;;;;;
5131;X683957.1;ΡΟΜΠΟΤΙΚΗ, ΧΕΙΡΟΥΡΓΙΚΗ· ΑΝΑΡΤΗΣΗ ΟΥΡΗΘΡΑΣ ΓΙΑ ΑΚΡΑΤΙΑ;;;;;
5132;X683957.2;ΡΟΜΠΟΤΙΚΗ, ΧΕΙΡΟΥΡΓΙΚΗ· ΕΠΕΜΒΑΣΗ ΣΤΗΡΙΞΗΣ ΓΙΑ ΑΚΡΑΤΙΑ (ΠΧ, ΠΕΡΙΤΟΝΙΑ Ή ΣΥΝΘΕΤΙΚΗ);;;;;
5133;X683957.3;ΛΑΠΑΡΟΣΚΟΠΙΚΗ, ΧΕΙΡΟΥΡΓΙΚΗ·ΚΥΣΤΕΚΤΟΜΗ, ΜΕΡΙΚΗ· ΑΠΛΗ;;;;;
5134;X683957.4;ΛΑΠΑΡΟΣΚΟΠΙΚΗ, ΧΕΙΡΟΥΡΓΙΚΗ·ΚΥΣΤΕΚΤΟΜΗ, ΜΕΡΙΚΗ· ΕΠΙΠΛΕΓΜΕΝΗ (ΠΧ, ΜΕΤΑΚΤΙΝΙΚΗ ΠΕΡΙΟΔΟΣ, ΠΡΟΗΓΟΥΜΕΝΗ ΕΓΧΕΙΡΙΣΗ, ΔΥΣΚΟΛΗ ΘΕΣΗ);;;;;
5135;X683957.5;ΛΑΠΑΡΟΣΚΟΠΙΚΗ, ΧΕΙΡΟΥΡΓΙΚΗ·ΚΥΣΤΕΚΤΟΜΗ, ΜΕΡΙΚΗ, ΜΕ ΕΠΑΝΕΜΦΥΤΕΥΣΗ ΟΥΡΗΤΗΡΑ(ΩΝ) ΣΤΗΝ ΟΥΡΟΔΟΧΟ ΚΥΣΤΗ (ΧΕΙΡΟΥΡΓΙΚΗ ΜΕΤΑΦΟΡΑ ΤΟΥ ΟΥΡΗΤΗΡΑ ΣΕ ΔΙΑΦΟΡΕΤΙΚΗ ΘΕΣΗ ΣΤΗΝ ΟΥΡΟΔΟΧΟ ΚΥΣΤΗ);;;;;
5136;X683957.6;ΛΑΠΑΡΟΣΚΟΠΙΚΗ, ΧΕΙΡΟΥΡΓΙΚΗ·ΚΥΣΤΕΚΤΟΜΗ, ΠΛΗΡΗΣ· (ΞΕΧΩΡΙΣΤΗ ΕΠΕΜΒΑΣΗ);;;;;
5137;X683957.7;ΛΑΠΑΡΟΣΚΟΠΙΚΗ, ΧΕΙΡΟΥΡΓΙΚΗ·ΚΥΣΤΕΚΤΟΜΗ, ΠΛΗΡΗΣ· ΜΕ ΠΥΕΛΙΚΗ ΛΕΜΦΑΔΕΝΕΚΤΟΜΗ ΑΜΦΩ, ΠΕΡΙΛΑΜΒΑΝΟΜΕΝΩΝ ΤΩΝ ΕΞΩΤΕΡΙΚΩΝ ΛΑΓΟΝΙΩΝ, ΥΠΟΓΑΣΤΡΙΚΩΝ ΚΑΙ ΘΥΡΟΕΙΔΩΝ ΛΕΜΦΑΔΕΝΩΝ;;;;;
5138;X683957.8;ΛΑΠΑΡΟΣΚΟΠΙΚΗ, ΧΕΙΡΟΥΡΓΙΚΗ·ΚΥΣΤΕΚΤΟΜΗ, ΠΛΗΡΗΣ, ΜΕ ΑΝΑΣΤΟΜΩΣΗ ΤΟΥ ΟΥΡΗΤΗΡΑ ΜΕ ΤΟ ΣΙΓΜΟΕΙΔΕΣ Ή ΟΥΡΗΤΗΡΟΔΕΡΜΑΤΙΚΕΣ ΜΕΤΑΜΟΣΧΕΥΣΕΙΣ·;;;;;
5139;X683957.9;ΛΑΠΑΡΟΣΚΟΠΙΚΗ, ΧΕΙΡΟΥΡΓΙΚΗ·ΚΥΣΤΕΚΤΟΜΗ, ΠΛΗΡΗΣ, ΜΕ ΑΝΑΣΤΟΜΩΣΗ ΤΟΥ ΟΥΡΗΤΗΡΑ ΜΕ ΤΟ ΣΙΓΜΟΕΙΔΕΣ Ή ΟΥΡΗΤΗΡΟΔΕΡΜΑΤΙΚΕΣ ΜΕΤΑΜΟΣΧΕΥΣΕΙΣ· ΜΕ ΠΥΕΛΙΚΗ ΛΕΜΦΑΔΕΝΕΚΤΟΜΗ ΑΜΦΩ, ΠΕΡΙΛΑΜΒΑΝΟΜΕΝΩΝ ΤΩΝ ΕΞΩΤΕΡΙΚΩΝ ΛΑΓΟΝΙΩΝ, ΥΠΟΓΑΣΤΡΙΚΩΝ ΚΑΙ ΘΥΡΟΕΙΔΩΝ ΛΕΜΦΑΔΕΝΩΝ;;;;;
5140;X683957.10;ΛΑΠΑΡΟΣΚΟΠΙΚΗ, ΧΕΙΡΟΥΡΓΙΚΗ·ΚΥΣΤΕΚΤΟΜΗ, ΠΛΗΡΗΣ, ΜΕ ΣΩΛΗΝΑ ΟΥΡΗΤΗΡΑ-ΕΙΛΕΟΥ Ή ΣΙΓΜΟΕΙΔΟΥΣ ΟΥΡΟΔΟΧΟΥ ΚΥΣΤΗΣ, ΠΕΡΙΛΑΜΒΑΝΟΜΕΝΗΣ ΤΗΣ ΑΝΑΣΤΟΜΩΣΗΣ ΕΝΤΕΡΟΥ;;;;;
5141;X683957.11;ΛΑΠΑΡΟΣΚΟΠΙΚΗ, ΧΕΙΡΟΥΡΓΙΚΗ·ΚΥΣΤΕΚΤΟΜΗ, ΠΛΗΡΗΣ, ΜΕ ΣΩΛΗΝΑ ΟΥΡΗΤΗΡΑ-ΕΙΛΕΟΥ Ή ΣΙΓΜΟΕΙΔΟΥΣ ΟΥΡΟΔΟΧΟΥ ΚΥΣΤΗΣ, ΠΕΡΙΛΑΜΒΑΝΟΜΕΝΗΣ ΤΗΣ ΑΝΑΣΤΟΜΩΣΗΣ ΕΝΤΕΡΟΥ· ΜΕ ΠΥΕΛΙΚΗ ΛΕΜΦΑΔΕΝΕΚΤΟΜΗ ΑΜΦΩ,  ΠΕΡΙΛΑΜΒΑΝΟΜΕΝΩΝ ΤΩΝ ΕΞΩΤΕΡΙΚΩΝ ΛΑΓΟΝΙΩΝ, ΥΠΟΓΑΣΤΡΙΚΩΝ ΚΑΙ ΘΥΡΕΟΕΙΔΩΝ ΛΕΜΦΑΔΕΝΩΝ;;;;;
5142;X683957.12;ΛΑΠΑΡΟΣΚΟΠΙΚΗ, ΧΕΙΡΟΥΡΓΙΚΗ·ΚΥΣΤΕΚΤΟΜΗ, ΠΛΗΡΗΣ, ΜΕ ΕΓΚΡΑΤΗ EKTROPH, ΟΠΟΙΑΔΗΠΟΤΕ ΑΝΟΙΧΤΗ ΤΕΧΝΙΚΗ, ΜΕ ΧΡΗΣΗ ΟΠΟΙΟΥΔΗΠΟΤΕ ΤΜΗΜΑΤΟΣ ΤΟΥ ΛΕΠΤΟΥ ΚΑΙ/Η ΠΑΧΕΩΣ ΕΝΤΕΡΟΥ ΓΙΑ ΚΑΤΑΣΚΕΥΗ ΝΕΟΚΥΣΤΗΣ;;;;;
5143;X683957.13;ΡΟΜΠΟΤΙΚΗ, ΧΕΙΡΟΥΡΓΙΚΗ·ΚΥΣΤΕΚΤΟΜΗ, ΜΕΡΙΚΗ· ΑΠΛΗ;;;;;
5144;X683957.14;ΡΟΜΠΟΤΙΚΗ,  ΧΕΙΡΟΥΡΓΙΚΗ·ΚΥΣΤΕΚΤΟΜΗ, ΜΕΡΙΚΗ· ΕΠΙΠΛΕΓΜΕΝΗ (ΠΧ, ΜΕΤΑΚΤΙΝΙΚΗ ΠΕΡΙΟΔΟΣ, ΠΡΟΗΓΟΥΜΕΝΗ ΕΓΧΕΙΡΙΣΗ, ΔΥΣΚΟΛΗ ΘΕΣΗ);;;;;
5145;X683957.15;ΡΟΜΠΟΤΙΚΗ,  ΧΕΙΡΟΥΡΓΙΚΗ·ΚΥΣΤΕΚΤΟΜΗ, ΜΕΡΙΚΗ, ΜΕ ΕΠΑΝΕΜΦΥΤΕΥΣΗ ΟΥΡΗΤΗΡΑ(ΩΝ) ΣΤΗΝ ΟΥΡΟΔΟΧΟ ΚΥΣΤΗ (ΧΕΙΡΟΥΡΓΙΚΗ ΜΕΤΑΦΟΡΑ ΤΟΥ ΟΥΡΗΤΗΡΑ ΣΕ ΔΙΑΦΟΡΕΤΙΚΗ ΘΕΣΗ ΣΤΗΝ ΟΥΡΟΔΟΧΟ ΚΥΣΤΗ);;;;;
5146;X683957.16;ΡΟΜΠΟΤΙΚΗ, ΧΕΙΡΟΥΡΓΙΚΗ·ΚΥΣΤΕΚΤΟΜΗ, ΠΛΗΡΗΣ· (ΞΕΧΩΡΙΣΤΗ ΕΠΕΜΒΑΣΗ);;;;;
5147;X683957.17;ΡΟΜΠΟΤΙΚΗ, ΧΕΙΡΟΥΡΓΙΚΗ·ΚΥΣΤΕΚΤΟΜΗ, ΠΛΗΡΗΣ· ΜΕ ΠΥΕΛΙΚΗ ΛΕΜΦΑΔΕΝΕΚΤΟΜΗ ΑΜΦΩ, ΠΕΡΙΛΑΜΒΑΝΟΜΕΝΩΝ ΤΩΝ ΕΞΩΤΕΡΙΚΩΝ ΛΑΓΟΝΙΩΝ, ΥΠΟΓΑΣΤΡΙΚΩΝ ΚΑΙ ΘΥΡΟΕΙΔΩΝ ΛΕΜΦΑΔΕΝΩΝ;;;;;
5148;X683957.18;ΡΟΜΠΟΤΙΚΗ,  ΧΕΙΡΟΥΡΓΙΚΗ·ΚΥΣΤΕΚΤΟΜΗ, ΠΛΗΡΗΣ, ΜΕ ΑΝΑΣΤΟΜΩΣΗ ΤΟΥ ΟΥΡΗΤΗΡΑ ΜΕ ΤΟ ΣΙΓΜΟΕΙΔΕΣ Ή ΟΥΡΗΤΗΡΟΔΕΡΜΑΤΙΚΕΣ ΜΕΤΑΜΟΣΧΕΥΣΕΙΣ·;;;;;
5149;X683957.19;ΡΟΜΠΟΤΙΚΗ,  ΧΕΙΡΟΥΡΓΙΚΗ·ΚΥΣΤΕΚΤΟΜΗ, ΠΛΗΡΗΣ, ΜΕ ΑΝΑΣΤΟΜΩΣΗ ΤΟΥ ΟΥΡΗΤΗΡΑ ΜΕ ΤΟ ΣΙΓΜΟΕΙΔΕΣ Ή ΟΥΡΗΤΗΡΟΔΕΡΜΑΤΙΚΕΣ ΜΕΤΑΜΟΣΧΕΥΣΕΙΣ· ΜΕ ΠΥΕΛΙΚΗ ΛΕΜΦΑΔΕΝΕΚΤΟΜΗ ΑΜΦΩ, ΠΕΡΙΛΑΜΒΑΝΟΜΕΝΩΝ ΤΩΝ ΕΞΩΤΕΡΙΚΩΝ ΛΑΓΟΝΙΩΝ, ΥΠΟΓΑΣΤΡΙΚΩΝ ΚΑΙ ΘΥΡΟΕΙΔΩΝ ΛΕΜΦΑΔΕΝΩΝ;;;;;
5150;X683957.20;ΡΟΜΠΟΤΙΚΗ,  ΧΕΙΡΟΥΡΓΙΚΗ·ΚΥΣΤΕΚΤΟΜΗ, ΠΛΗΡΗΣ, ΜΕ ΣΩΛΗΝΑ ΟΥΡΗΤΗΡΑ-ΕΙΛΕΟΥ Ή ΣΙΓΜΟΕΙΔΟΥΣ ΟΥΡΟΔΟΧΟΥ ΚΥΣΤΗΣ, ΠΕΡΙΛΑΜΒΑΝΟΜΕΝΗΣ ΤΗΣ ΑΝΑΣΤΟΜΩΣΗΣ ΕΝΤΕΡΟΥ;;;;;
5151;X683957.21;ΡΟΜΠΟΤΙΚΗ,  ΧΕΙΡΟΥΡΓΙΚΗ·ΚΥΣΤΕΚΤΟΜΗ, ΠΛΗΡΗΣ, ΜΕ ΣΩΛΗΝΑ ΟΥΡΗΤΗΡΑ-ΕΙΛΕΟΥ Ή ΣΙΓΜΟΕΙΔΟΥΣ ΟΥΡΟΔΟΧΟΥ ΚΥΣΤΗΣ, ΠΕΡΙΛΑΜΒΑΝΟΜΕΝΗΣ ΤΗΣ ΑΝΑΣΤΟΜΩΣΗΣ ΕΝΤΕΡΟΥ· ΜΕ ΠΥΕΛΙΚΗ ΛΕΜΦΑΔΕΝΕΚΤΟΜΗ ΑΜΦΩ,  ΠΕΡΙΛΑΜΒΑΝΟΜΕΝΩΝ ΤΩΝ ΕΞΩΤΕΡΙΚΩΝ ΛΑΓΟΝΙΩΝ, ΥΠΟΓΑΣΤΡΙΚΩΝ ΚΑΙ ΘΥΡΕΟΕΙΔΩΝ ΛΕΜΦΑΔΕΝΩΝ;;;;;
5152;X683957.22;ΡΟΜΠΟΤΙΚΗ, ΧΕΙΡΟΥΡΓΙΚΗ·ΚΥΣΤΕΚΤΟΜΗ, ΠΛΗΡΗΣ, ΜΕ ΕΓΚΡΑΤΗ EKTROPH, ΟΠΟΙΑΔΗΠΟΤΕ ΑΝΟΙΧΤΗ ΤΕΧΝΙΚΗ, ΜΕ ΧΡΗΣΗ ΟΠΟΙΟΥΔΗΠΟΤΕ ΤΜΗΜΑΤΟΣ ΤΟΥ ΛΕΠΤΟΥ ΚΑΙ/Η ΠΑΧΕΩΣ ΕΝΤΕΡΟΥ ΓΙΑ ΚΑΤΑΣΚΕΥΗ ΝΕΟΚΥΣΤΗΣ;;;;;
5153;X683959;ΚΥΣΤΕΟΟΥΡΗΘΡΟΣΚΟΠΗΣΗ (ΞΕΧΩΡΙΣΤΗ ΕΠΕΜΒΑΣΗ);;;;;
5154;X683961;ΚΥΣΤΕΟΟΥΡΗΘΡΟΣΚΟΠΗΣΗ ΜΕ ΚΑΤΑΙΟΝΙΣΜΟ ΚΑΙ ΕΚΚΕΝΩΣΗ ΠΟΛΛΑΠΛΩΝ ΑΠΟΦΡΑΚΤΙΚΩΝ ΘΡΟΜΒΩΝ;;;;;
5155;X683969;ΚΥΣΤΕΟΟΥΡΗΘΡΟΣΚΟΠΗΣΗ, ΕΝΣΤΑΛΑΞΗ, Ή ΟΥΡΗΤΗΡΟΠΥΕΛΟΓΡΑΦΙΑ, ΑΝΕΥ ΑΚΤΙΝΟΛΟΓΙΚΗΣ ΥΠΗΡΕΣΙΑΣ, (ΜΕ ΑΚΤΙΝΟΛΟΓΙΚΗ ΥΠΗΡΕΣΙΑ);;;;;
5156;X683973;ΚΥΣΤΕΟΟΥΡΗΘΡΟΣΚΟΠΗΣΗ, ΕΝΣΤΑΛΑΞΗ, Ή ΟΥΡΗΤΗΡΟΠΥΕΛΟΓΡΑΦΙΑ, ΜΕ ΑΚΤΙΝΟΛΟΓΙΚΗ ΥΠΗΡΕΣΙΑ, ΜΕ ΒΙΟΨΙΑ ΒΟΥΡΤΣΙΣΜΑΤΟΣ ΤΟΥ ΟΥΡΗΤΗΡΑ Η/ΚΑΙ ΤΗΣ ΝΕΦΡΙΚΗΣ ΠΥΕΛΟΥ;;;;;
5157;X683979;ΑΝΕΝΕΡΓΟΣ;;;;;
5158;X684367;ΚΥΣΤΕΟΟΥΡΗΘΡΟΣΚΟΠΗΣΗ, ΜΕ ΒΙΟΨΙΑ(ΕΣ);;;;;
5159;X684387;ΑΝΕΝΕΡΓΟΣ;;;;;
5160;X684407;ΚΥΣΤΕΟΟΥΡΗΘΡΟΣΚΟΠΗΣΗ, ΜΕ ΗΛΕΚΤΡΟΘΕΡΜΟΚΑΥΤΗΡΙΑΣΗ (ΠΕΡΙΛΑΜΒΑΝΟΜΕΝΗΣ ΤΗΣ ΚΡΥΟΧΕΙΡΟΥΡΓΙΚΗΣ Ή ΧΕΙΡΟΥΡΓΙΚΗΣ ΜΕ ΛΕΙΖΕΡ Ή ΑΝΤΙΜΕΤΩΠΙΣΗ ΜΙΚΡΟΤΕΡΩΝ ΒΛΑΒΩΝ (ΛΙΓΟΤΕΡΟ ΑΠΟ 0,5 CM) ΜΕ Η ΧΩΡΙΣ ΒΙΟΨΙΑ;;;;;
5161;X684427;ΚΥΣΤΕΟΟΥΡΗΘΡΟΣΚΟΠΗΣΗ, ΜΕ ΗΛΕΚΤΡΟΘΕΡΜΟΚΑΥΤΗΡΙΑΣΗ (ΠΕΡΙΛΑΜΒΑΝΟΜΕΝΗΣ ΤΗΣ ΚΡΥΟΧΕΙΡΟΥΡΓΙΚΗΣ Ή ΧΕΙΡΟΥΡΓΙΚΗΣ ΜΕ ΛΕΙΖΕΡ Ή/ΚΑΙ ΕΚΤΟΜΗ ΜΙΚΡΩΝ ΟΓΚΩΝ ΤΗΣ ΟΥΡΟΔΟΧΟΥ ΚΥΣΤΗΣ (0,5 ΕΩΣ 2,0 CM);;;;;
5162;X684429;ΚΥΣΤΕΟΟΥΡΗΘΡΟΣΚΟΠΗΣΗ, ΜΕ ΗΛΕΚΤΡΟΘΕΡΜΟΚΑΥΤΗΡΙΑΣΗ (ΠΕΡΙΛΑΜΒΑΝΟΜΕΝΗΣ ΤΗΣ ΚΡΥΟΧΕΙΡΟΥΡΓΙΚΗΣ Ή ΧΕΙΡΟΥΡΓΙΚΗΣ ΜΕ ΛΕΙΖΕΡ Ή/ΚΑΙ ΕΚΤΟΜΗ ΜΕΣΑΙΩΝ ΟΓΚΩΝ ΤΗΣ ΟΥΡΟΔΟΧΟΥ ΚΥΣΤΗΣ (2,0 ΕΩΣ 5,0 CM);;;;;
5163;X684439;ΚΥΣΤΕΟΟΥΡΗΘΡΟΣΚΟΠΗΣΗ, ΜΕ ΗΛΕΚΤΡΟΘΕΡΜΟΚΑΥΤΗΡΙΑΣΗ (ΠΕΡΙΛΑΜΒΑΝΟΜΕΝΗΣ ΤΗΣ ΚΡΥΟΧΕΙΡΟΥΡΓΙΚΗΣ Ή ΧΕΙΡΟΥΡΓΙΚΗΣ ΜΕ ΛΕΙΖΕΡ Ή/ΚΑΙ ΕΚΤΟΜΗ ΜΕΓΑΛΩΝ ΟΓΚΩΝ ΤΗΣ ΟΥΡΟΔΟΧΟΥ ΚΥΣΤΗΣ;;;;;
5164;X684459;ΚΥΣΤΕΟΟΥΡΗΘΡΟΣΚΟΠΗΣΗ ΜΕ ΕΙΣΑΓΩΓΗ ΡΑΔΙΕΝΕΡΓΗΣ ΟΥΣΙΑΣ ΜΕ Ή ΧΩΡΙΣ ΒΙΟΨΙΑ Ή ΗΛΕΚΤΡΟΘΕΡΜΟΚΑΥΤΗΡΙΑΣ;;;;;
5165;X684479;ΚΥΣΤΕΟΟΥΡΗΘΡΟΣΚΟΠΗΣΗ, ΜΕ ΔΙΑΣΤΟΛΗ ΟΥΡΟΔΟΧΟΥ ΚΥΣΤΗΣ ΓΙΑ ΔΙΑΜΕΣΗ ΚΥΣΤΙΤΙΔΑ· ΓΕΝΙΚΗ Η ΑΝΑΙΣΘΗΣΙΑ ΑΓΩΓΗΣ (ΣΠΟΝΔΥΛΙΚΗ );;;;;
5166;X684489;ΚΥΣΤΕΟΟΥΡΗΘΡΟΣΚΟΠΗΣΗ, ΜΕ ΔΙΑΣΤΟΛΗ ΟΥΡΟΔΟΧΟΥ ΚΥΣΤΗΣ ΓΙΑ ΔΙΑΜΕΣΗ ΚΥΣΤΙΤΙΔΑ· ΤΟΠΙΚΗ ΑΝΑΙΣΘΗΣΙΑ;;;;;
5167;X684499;ΚΥΣΤΕΟΟΥΡΗΘΡΟΣΚΟΠΗΣΗ, ΜΕ ΕΣΩΤΕΡΙΚΗ ΟΥΡΗΘΡΟΤΟΜΗ· ΘΗΛΥ;;;;;
5168;X684509;ΚΥΣΤΕΟΟΥΡΗΘΡΟΣΚΟΠΗΣΗ, ΜΕ ΕΣΩΤΕΡΙΚΗ ΟΥΡΗΘΡΟΤΟΜΗ· ΑΡΡΕΝ;;;;;
5169;X684511;ΚΥΣΤΕΟΟΥΡΗΘΡΟΣΚΟΠΗΣΗ, ΜΕ ΑΜΕΣΗ ΟΠΤΙΚΗ ΕΣΩΤΕΡΙΚΗ ΟΥΡΗΘΡΟΤΟΜΗ;;;;;
5170;X684513;ΚΥΣΤΕΟΟΥΡΗΘΡΟΣΚΟΠΗΣΗ, ΜΕ ΕΚΤΟΜΗ ΕΞΩΤΕΡΙΚΟΥ ΣΦΙΓΚΤΗΡΑ (ΣΦΙΓΚΤΗΡΟΤΟΜH);;;;;
5171;X684521;ΑΝΕΝΕΡΓΟΣ;;;;;
5172;X684523;ΚΥΣΤΕΟΟΥΡΗΘΡΟΣΚΟΠΗΣΗ, ΜΕ ΕΙΣΑΓΩΓΗ ΟΥΡΗΘΡΙΚΟΥ ΣΤΕΝΤ;;;;;
5173;X684525;ΚΥΣΤΕΟΟΥΡΗΘΡΟΣΚΟΠΗΣΗ, ΜΕ ΕΓΧΥΣΗ ΣΤΕΡΟΕΙΔΩΝ ΣΤΗΝ ΣΤΕΝΩΣΗ;;;;;
5174;X684529;ΚΥΣΤΕΟΟΥΡΗΘΡΟΣΚΟΠΗΣΗ ΓΙΑ ΑΝΤΙΜΕΤΩΠΙΣΗ ΤΟΥ ΟΥΡΗΘΡΙΚOΥ ΣΥΝΔΡΟΜΟΥ ΤΩΝ ΓΥΝΑΙΚΩΝ ΜΕ ΟΠΟΙΑΔΗΠΟΤΕ  Ή ΟΛΑ ΑΠΟ ΤΑ ΠΑΡΑΚΑΤΩ: ΧΕΙΡΟΥΡΓΙΚΗ ΔΙΑΝΟΙΞΗ ΣΤΟΜΙΟΥ ΟΥΡΗΘΡΑΣ, ΔΙΑΣΤΟΛΗ ΟΥΡΗΘΡΑΣ, ΕΣΩΤΕΡΙΚΗ ΟΥΡΗΘΡΟΤΟΜΗ, ΛΥΣΗ ΟΥΡΗΘΡΟΚΟΛΠΙΚΗΣ ΔΙΑΦΡΑΓΜΑΤΙΚΗΣ ΙΝΩΣΗΣ, ΠΛΑΓΙΕΣ ΤΟΜΕΣ ΤΟΥ ΑΥΧΕΝΑ ΤΗΣ ΟΥΡΟΔΟΧΟΥ ΚΥΣΤΗΣ, ΚΑΙ ΗΛΕΚΤΡΟΘΕΡΜΟΚΑΥΤΗΡΙΑΣΗ ΤΟΥ(ΩΝ) ΠΟΛΥΠΟΔΑ(ΩΝ) ΤΗΣ ΟΥΡΗΘΡΑΣ,  ΤΟΥ ΑΥΧΕΝΑ ΤΗΣ ΟΥΡΟΔΟΧΟΥ ΚΥΣΤΗΣ Ή/ΚΑΙ ΤΡΙΓΩΝΟΥ;;;;;
5175;X684539;ΚΥΣΤΕΟΟΥΡΗΘΡΟΣΚΟΠΗΣΗ· ΜΕ ΧΕΙΡΟΥΡΓΙΚΗ ΔΙΑΝΟΙΞΗ ΣΤΟΜΙΟΥ ΟΥΡΗΘΡΑΣ, ΕΤΕΡΟΠΛΕΥΡΗ Ή ΑΜΦΟΤΕΡΟΠΛΕΥΡΗ;;;;;
5176;X684559;ΚΥΣΤΕΟΟΥΡΗΘΡΟΣΚΟΠΗΣΗ· ΜΕ ΕΚΤΟΜΗ Ή ΗΛΕΚΤΡΟΘΕΡΜΟΚΑΥΤΗΡΙΑΣΗ ΟΡΘΟΤΟΠΩΝ ΟΥΡΗΤΗΡΟΚΗΛΩΝ, ΕΤΕΡΟΠΛΕΥΡΗ Ή ΑΜΦΟΤΕΡΟΠΛΕΥΡΗ;;;;;
5177;X684561;ΚΥΣΤΕΟΟΥΡΗΘΡΟΣΚΟΠΗΣΗ· ΜΕ ΕΚΤΟΜΗ Η ΗΛΕΚΤΡΟΘΕΡΜΟΚΑΥΤΗΡΙΑΣΗ ΕΚΤΟΠΩΝ ΟΥΡΗΤΗΡΟΚΗΛΩΝ, ΕΤΕΡΟΠΛΕΥΡΗ Ή ΑΜΦΟΤΕΡΟΠΛΕΥΡΗ;;;;;
5178;X684569;ΚΥΣΤΕΟΟΥΡΗΘΡΟΣΚΟΠΗΣΗ· ΜΕ ΤΟΜΗ Η ΕΚΤΟΜΗ ΣΤΟΜΙΟΥ ΤΗΣ ΟΥΡΟΔΟΧΟΥ ΚΥΣΤΗΣ ΕΚΚΟΛΠΩΜΑ, ΜΟΝΟ Ή ΠΟΛΛΑΠΛΟ;;;;;
5179;X684579;ΚΥΣΤΕΟΟΥΡΗΘΡΟΣΚΟΠΗΣΗ, ΜΕ ΑΦΑΙΡΕΣΗ ΞΕΝΟΥ ΣΩΜΑΤΟΣ, ΛΙΘΟΥ Η ΟΥΡΗΘΡΙΚΟΥ ΣΤΕΝΤ ΑΠΟ ΤΗΝ ΟΥΡΗΘΡΑ Η ΤΗΝ ΟΥΡΟΔΟΧΟ ΚΥΣΤΗ (ΞΕΧΩΡΙΣΤΗ ΕΠΕΜΒΑΣΗ)· ΑΠΛΗ;;;;;
5180;X684589;ΚΥΣΤΕΟΟΥΡΗΘΡΟΣΚΟΠΗΣΗ, ΜΕ ΑΦΑΙΡΕΣΗ ΞΕΝΟΥ ΣΩΜΑΤΟΣ, ΛΙΘΟΥ Η ΟΥΡΗΘΡΙΚΟΥ ΣΤΕΝΤ ΑΠΟ ΤΗΝ ΟΥΡΗΘΡΑ Η ΤΗΝ ΟΥΡΟΔΟΧΟ ΚΥΣΤΗ (ΞΕΧΩΡΙΣΤΗ ΕΠΕΜΒΑΣΗ)· ΕΠΙΠΛΕΓΜΕΝΗ;;;;;
5181;X684593;ΛΙΘΟΤΡΙΨΙΑ ΣΤΗΝ ΟΥΡΟΔΟΧΟ ΚΥΣΤΗ.ΑΠΛΗ Η ΜΙΚΡΗ (ΛΙΘΟΣ <2.5ΕΚ);;;;;
5182;X684595;ΛΙΘΟΤΡΙΨΙΑ ΣΤΗΝ ΟΥΡΟΔΟΧΟ ΚΥΣΤΗ.ΕΠΙΠΛΕΓΜΕΝΗ Η ΜΕΓΑΛΗ(ΛΙΘΟΣ >2.5ΕΚ);;;;;
5183;X684599;ΚΥΣΤΕΟΟΥΡΗΘΡΟΣΚΟΠΗΣΗ (ΠΕΡΙΛΑΜΒΑΝΕΤΑΙ ΚΑΘΕΤΗΡΙΑΣΜΟΣ ΟΥΡΗΤΗΡΑ)· ΜΕ ΑΦΑΙΡΕΣΗ ΟΥΡΗΤΗΡΙΚΟΥ ΛΙΘΟΥ;;;;;
5184;X684609;ΛΙΘΟΤΡΙΨΙΑ ΟΥΡΗΤΗΡΙΚΟΥ ΛΙΘΟΥ.ΚΑΘΕ ΜΕΘΟΔΟΣ;;;;;
5185;X684613;ΚΥΣΤΕΟΟΥΡΗΘΡΟΣΚΟΠΗΣΗ (ΠΕΡΙΛΑΜΒΑΝΕΤΑΙ ΚΑΘΕΤΗΡΙΑΣΜΟΣ ΟΥΡΗΘΡΑΣ)· ΜΕ ΥΠΟΟΥΡΗΤΗΡΙΚΗ  ΕΝΕΣΗ ΕΜΦΥΤΕΥΣΙΜΟΥ ΥΛΙΚΟΥ;;;;;
5186;X684619;ΑΝΕΝΕΡΓΟΣ;;;;;
5187;X684623;ΚΥΣΤΕΟΟΥΡΗΘΡΟΣΚΟΠΗΣΗ, ΜΕ ΕΙΣΑΓΩΓΗ ΜΟΝΙΜΟΥ ΟΥΡΗΤΗΡΙΚΟΥ ΣΤΕΝΤ ;;;;;
5188;X684627;ΚΥΣΤΕΟΟΥΡΗΘΡΟΣΚΟΠΗΣΗ ΜΕ ΕΙΣΑΓΩΓΗ ΣΥΡΜΑΤΙΝΟΥ ΟΥΡΗΤΗΡΙΚΟΥ ΟΔΗΓΟΥ ΜΕΣΩ ΤΟΥ ΝΕΦΡΟΥ ΓΙΑ ΤΟΠΟΘΕΤΗΣΗ ΔΙΑΔΕΡΜΙΚΗΣ ΝΕΦΡΟΣΤΟΜΙΑΣ, ΠΑΛΙΝΔΡΟΜΗ;;;;;
5189;X684641;ΚΥΣΤΕΟΟΥΡΗΘΡΟΣΚΟΠΗΣΗ· ΜΕ ΑΝΤΙΜΕΤΩΠΙΣΗ ΣΤΕΝΩΣΗΣ ΟΥΡΗΤΗΡΑ ;;;;;
5190;X684643;ΚΥΣΤΕΟΟΥΡΗΘΡΟΣΚΟΠΗΣΗ· ΜΕ ΑΝΤΙΜΕΤΩΠΙΣΗ ΣΤΕΝΩΣΗΣ ΠΥΕΛΟΟΥΡΗΤΗΡΙΚΗΣ ΣΥΜΒΟΛΗΣ ;;;;;
5191;X684645;ΚΥΣΤΕΟΟΥΡΗΘΡΟΣΚΟΠΗΣΗ· ΜΕ ΑΝΤΙΜΕΤΩΠΙΣΗ ΕΝΔΟΝΕΦΡΙΚΗΣ ΣΤΕΝΩΣΗΣ ;;;;;
5192;X684647;ΚΥΣΤΕΟΟΥΡΗΘΡΟΣΚΟΠΗΣΗ ΜΕ ΟΥΡΗΤΗΡΟΣΚΟΠΗΣΗ· ΜΕ ΑΝΤΙΜΕΤΩΠΙΣΗ ΟΥΡΗΤΗΡΙΚΗΣ ΣΤΕΝΩΣΗΣ ;;;;;
5193;X684649;ΚΥΣΤΕΟΟΥΡΗΘΡΟΣΚΟΠΗΣΗ ΜΕ ΟΥΡΗΤΗΡΟΣΚΟΠΗΣΗ· ΜΕ ΑΝΤΙΜΕΤΩΠΙΣΗ ΣΤΕΝΩΣΗΣ ΠΥΕΛΟΟΥΡΗΤΗΡΙΚΗΣ  ΣΥΜΒΟΛΗΣ ;;;;;
5194;X684651;ΚΥΣΤΕΟΟΥΡΗΘΡΟΣΚΟΠΗΣΗ ΜΕ ΟΥΡΗΤΗΡΟΣΚΟΠΗΣΗ· ΜΕ ΑΝΤΙΜΕΤΩΠΙΣΗ ΕΝΔΟΝΕΦΡΙΚΗΣ ΣΤΕΝΩΣΗΣ ;;;;;
5195;X684661;ΚΥΣΤΕΟΟΥΡΗΘΡΟΣΚΟΠΗΣΗ, ΜΕ ΟΥΡΗΤΗΡΟΣΚΟΠΗΣΗ Ή/ ΚΑΙ ΠΥΕΛΟΣΚΟΠΗΣΗ· ΔΙΑΓΝΩΣΤΙΚΗ;;;;;
5196;X684663;ΚΥΣΤΕΟΟΥΡΗΘΡΟΣΚΟΠΗΣΗ, ΜΕ ΟΥΡΗΤΗΡΟΣΚΟΠΗΣΗ Ή/ ΚΑΙ ΠΥΕΛΟΣΚΟΠΗΣΗ· ΜΕ ΑΦΑΙΡΕΣΗ Η ΧΕΙΡΙΣΜΟ ΛΙΘΟΥ (ΠΕΡΙΛΑΜΒΑΝΕΤΑΙ ΚΑΘΕΤΗΡΙΑΣΜΟΣ ΟΥΡΗΘΡΑΣ);;;;;
5197;X684665;ΚΥΣΤΕΟΟΥΡΗΘΡΟΣΚΟΠΗΣΗ, ΜΕ ΟΥΡΗΤΗΡΟΣΚΟΠΗΣΗ Ή/ ΚΑΙ ΠΥΕΛΟΣΚΟΠΗΣΗ· ΜΕ ΛΙΘΟΤΡΙΨΙΑ  (ΠΕΡΙΛΑΜΒΑΝΕΤΑΙ ΚΑΘΕΤΗΡΙΑΣΜΟΣ ΟΥΡΗΘΡΑΣ);;;;;
5198;X684667;ΚΥΣΤΕΟΟΥΡΗΘΡΟΣΚΟΠΗΣΗ, ΜΕ ΟΥΡΗΤΗΡΟΣΚΟΠΗΣΗ Ή/ ΚΑΙ ΠΥΕΛΟΣΚΟΠΗΣΗ· ΜΕ ΒΙΟΨΙΑ Ή/ΚΑΙ ΗΛΕΚΤΡΟΘΕΡΜΟΚΑΥΤΗΡΙΑΣΗ ΟΥΡΗΤΗΡΙΚΗΣ Η ΝΕΦΡΙΚΗΣ ΠΥΕΛΙΚΗΣ ΒΛΑΒΗΣ;;;;;
5199;X684669;ΚΥΣΤΕΟΟΥΡΗΘΡΟΣΚΟΠΗΣΗ, ΜΕ ΟΥΡΗΤΗΡΟΣΚΟΠΗΣΗ Ή/ ΚΑΙ ΠΥΕΛΟΣΚΟΠΗΣΗ· ΜΕ ΕΚΤΟΜΗ ΟΥΡΗΤΗΡΙΚΟΥ Η ΝΕΦΡΙΚΟΥ ΠΥΕΛΙΚΟΥ ΟΓΚΟΥ;;;;;
5200;X684759;ΚΥΣΤΕΟΟΥΡΗΘΡΟΣΚΟΠΗΣΗ ΜΕ ΤΟΜΗ, ΗΛΕΚΤΡΟΘΕΡΜΟΚΑΥΤΗΡΙΑΣΗ, Ή ΕΚΤΟΜΗ ΣΥΓΓΕΝΩΝ  ΟΠΙΣΘΙΩΝ ΒΑΛΒΙΔΩΝ ΤΗΣ ΟΥΡΗΘΡΑΣ, Ή ΣΥΓΓΕΝΩΝ ΑΠΟΦΡΑΚΤΙΚΩΝ ΥΠΕΡΤΡΟΦΙΚΩΝ ΒΛΕΝΟΓΟΝΝΙΚΩΝ ΠΤΥΧΩΝ;;;;;
5201;X684763;ΑΝΕΝΕΡΓΟΣ;;;;;
5202;X684859;ΔΙΟΥΡΗΘΡΙΚΗ ΤΟΜΗ ΤΟΥ ΠΡΟΣΤΑΤΗ;;;;;
5203;X684959;ΔΙΟΥΡΗΘΡΙΚΗ ΤΟΜΗ ΤΟΥ ΑΥΧΕΝΑ ΤΗΣ ΟΥΡΟΔΟΧΟΥ ΚΥΣΤΗΣ (ΞΕΧΩΡΙΣΤΗ ΕΠΕΜΒΑΣΗ);;;;;
5204;X685161;ΔΙΟΥΡΗΘΡΙΚΗ ΗΛΕΚΤΡΟΧΕΙΡΟΥΡΓΙΚΗ ΕΚΤΟΜΗ ΤΟΥ ΠΡΟΣΤΑΤΗ, ΠΕΡΙΛΑΜBΑΝΕΙ ΕΛΕΓΧΟ ΜΕΤΕΓΧΕΙΡΗΤΙΚΗΣ ΑΙΜΟΡΡΑΓΙΑΣ, ΠΛΗΡΗΣ (ΠΕΡΙΛΑΜΒΑΝΟΝΤΑΙ ΑΓΓΕΙΕΚΤΟΜΗ, ΧΕΙΡΟΥΡΓΙΚΗ ΔΙΑΝΟΙΞΗ ΣΤΟΜΙΟΥ, ΚΥΣΤΕΟΟΥΡΗΘΡΟΣΚΟΠΗΣΗ, ΒΑΘΜΟΝΟΜΗΣΗ ΟΥΡΗΘΡΑΣ Ή/ΚΑΙ ΔΙΑΣΤΟΛΗ, ΚΑΙ ΕΣΩΤΕΡΙΚΗ ΟΥΡΗΘΡΟΤΟΜΗ);;;;;
5205;X685219;ΔΙΟΥΡΗΘΡΙΚΗ ΕΚΤΟΜΗ· ΥΠΟΛΕΙMΜΑΤΙΚΟΣ Η ΕΚ ΝΕΟΥ ΑΝΑΠΤΥΣΣΟΜΕΝΟΣ ΑΠΟΦΡΑΚΤΙΚΟΣ ΙΣΤΟΣ ΠΡΟΣΤΑΤΗ ΠΕΡΙΛΑΜΒΑΝΕΙ ΕΛΕΓΧΟ ΤΗΣ ΜΕΤΕΓΧΕΙΡΗΤΙΚΗΣ ΑΙΜΟΡΡΑΓΙΑΣ, ΠΛΗΡΗΣ (ΠΕΡΙΛΑΜΒΑΝΟΝΤΑΙ ΑΓΓΕΙΕΚΤΟΜΗ, ΧΕΙΡΟΥΡΓΙΚΗ ΔΙΑΝΟΙΞΗ ΣΤΟΜΙΟΥ, ΚΥΣΤΕΟΟΥΡΗΘΡΟΣΚΟΠΗΣΗ, ΒΑΘΜΟΝΟΜΗΣΗ ΟΥΡΗΘΡΑΣ  Ή/ΚΑΙ ΔΙΑΣΤΟΛΗ, ΚΑΙ ΕΣΩΤΕΡΙΚΗ ΟΥΡΗΘΡΟΤΟΜΗ);;;;;
5206;X685239;ΔΙΟΥΡΗΘΡΙΚΗ ΕΚΤΟΜΗ· ΜΕΤΕΓΧΕΙΡΗΤΙΚΗΣ ΣΥΣΠΑΣΗΣ ΑΥΧΕΝΑ ΤΗΣ ΟΥΡΟΔΟΧΟΥ ΚΥΣΤΗΣ;;;;;
5207;X685253;ΑΝΕΝΕΡΓΟΣ;;;;;
5208;X685255;ΕΞΑΧΝΩΣΗ ΠΡΟΣΤΑΤΗ ΜΕ ΛΕΙΖΕΡ, ΠΕΡΙΛΑΜΒΑΝΕΤΑΙ ΕΛΕΓΧΟΣ ΤΗΣ ΜΕΤΕΓΧΕΙΡΗΤΙΚΗΣ ΑΙΜΟΡΡΑΓΙΑΣ, ΠΛΗΡΗΣ (ΠΕΡΙΛΑΜΒΑΝΟΝΤΑΙ ΑΓΓΕΙΕΚΤΟΜΗ, ΧΕΙΡΟΥΡΓΙΚΗ ΔΙΑΝΟΙΞΗ ΣΤΟΜΙΟΥ, ΚΥΣΤΕΟΟΥΡΗΘΡΟΣΚΟΠΗΣΗ, ΒΑΘΜΟΝΟΜΗΣΗ ΟΥΡΗΘΡΑΣ  Ή/ΚΑΙ ΔΙΑΣΤΟΛΗ, ΚΑΙ ΕΣΩΤΕΡΙΚΗ ΟΥΡΗΘΡΟΤΟΜΗ ΚΑΙ ΔΙΟΥΡΗΘΡΙΚΗ  ΕΚΤΟΜΗ ΠΡΟΣΤΑΤΗ ΕΑΝ ΕΦΑΡΜΟΖΟΝΤΑΙ);;;;;
5209;X685257;ΕΚΠΥΡΗΝΩΣΗ ΠΡΟΣΤΑΤΗ ΜΕ ΛΕΙΖΕΡ ΜΕ ΚΑΤΑΤΕΜΑΧΙΣΜΟ, ΠΕΡΙΛΑΜΒΑΝΟΜΕΝΟΥ ΤΟΥ ΕΛΕΓΧΟΥ ΜΕΤΕΓΧΕΙΡΗΤΙΚΗΣ ΑΙΜΟΡΡΑΓΙΑΣ, ΠΛΗΡΗΣ (ΠΕΡΙΛΑΜΒΑΝΟΝΤΑΙ ΑΓΓΕΙΕΚΤΟΜΗ, ΧΕΙΡΟΥΡΓΙΚΗ ΔΙΑΝΟΙΞΗ ΣΤΟΜΙΟΥ, ΚΥΣΤΕΟΟΥΡΗΘΡΟΣΚΟΠΗΣΗ, ΒΑΘΜΟΝΟΜΗΣΗ ΟΥΡΗΘΡΑΣ Ή/ΚΑΙ ΔΙΑΣΤΟΛΗ, ΕΣΩΤΕΡΙΚΗ ΟΥΡΗΘΡΟΤΟΜΗ ΚΑΙ ΔΙΟΥΡΗΘΡΙΚΗ ΕΚΤΟΜΗ ΤΟΥ ΠΡΟΣΤΑΤΗ ΕΑΝ ΕΦΑΡΜΟΖΕΤΑΙ);;;;;
5210;X685359;ΔΙΟΥΡΗΘΡΙΚΗ ΠΑΡΟΧΕΤΕΥΣΗ ΑΠΟΣΤΗΜΑΤΟΣ ΠΡΟΣΤΑΤΗ;;;;;
5211;X685959;ΑΝΕΝΕΡΓΟΣ;;;;;
5212;X685979;ΟΥΡΗΘΡΟΤΟΜΗ ΚΑΙ ΟΥΡΗΘΡΟΣΤΟΜΙΑ, ΕΞΩΤΕΡΙΚΗ (ΞΕΧΩΡΙΣΤΗ ΕΠΕΜΒΑΣΗ)· ΠΕΡΙΝΕΪΚΗ ΟΥΡΗΘΡΑ, ΕΞΩΤΕΡΙΚΗ;;;;;
5213;X685999;ΧΕΙΡΟΥΡΓΙΚΗ ΔΙΑΝΟΙΞΗ, ΑΦΑΙΡΕΣΗ ΑΥΧΕΝΑ (ΞΕΧΩΡΙΣΤΗ ΕΠΕΜΒΑΣΗ) ΕΚΤΟΣ ΒΡΕΦΩΝ;;;;;
5214;X686009;ΧΕΙΡΟΥΡΓΙΚΗ ΔΙΑΝΟΙΞΗ, ΑΦΑΙΡΕΣΗ ΑΥΧΕΝΑ (ΞΕΧΩΡΙΣΤΗ ΕΠΕΜΒΑΣΗ).  ΒΡΕΦΗ;;;;;
5215;X686039;ΠΑΡΟΧΕΤΕΥΣΗ ΕΝ ΤΩ ΒΑΘΕΙ ΠΕΡΙΟΥΡΗΘΡΙΚΟΥ ΑΠΟΣΤΗΜΑΤΟΣ;;;;;
5216;X686079;ΑΝΕΝΕΡΓΟΣ;;;;;
5217;X686119;ΑΝΕΝΕΡΓΟΣ;;;;;
5218;X686129;ΠΑΡΟΧΕΤΕΥΣΗ ΠΕΡΙΝΕΪΚΗΣ ΟΥΡΟΦΟΡΟΥ ΕΞΑΓΓΕΙΩΣΗΣ;;;;;
5219;X686359;ΒΙΟΨΙΑ ΤΗΣ ΟΥΡΗΘΡΑΣ;;;;;
5220;X686379;ΟΥΡΗΘΡΕΚΤΟΜΗ, ΠΛΗΡΗΣ, ΠΕΡΙΛΑΜΒΑΝΕΙ ΚΥΣΤΕΟΣΤΟΜΙΑ· ΘΗΛΥ;;;;;
5221;X686389;ΟΥΡΗΘΡΕΚΤΟΜΗ, ΠΛΗΡΗΣ, ΠΕΡΙΛΑΜΒΑΝΕΙ ΚΥΣΤΕΟΣΤΟΜΙΑ· ΑΡΡΕΝ;;;;;
5222;X686399;ΕΚΤΟΜΗ Ή ΗΛΕΚΤΡΟΘΕΡΜΟΚΑΥΤΗΡΙΑΣΗ ΚΑΡΚΙΝΩΜΑΤΟΣ ΤΗΣ ΟΥΡΗΘΡΑΣ;;;;;
5223;X686419;ΕΚΤΟΜΗ ΟΥΡΗΘΡΙΚΟΥ ΕΚΚΟΛΠΩΜΑΤΟΣ (ΞΕΧΩΡΙΣΤΗ ΕΠΕΜΒΑΣΗ)· ΘΗΛΥ;;;;;
5224;X686429;ΕΚΤΟΜΗ ΟΥΡΗΘΡΙΚΟΥ ΕΚΚΟΛΠΩΜΑΤΟΣ (ΞΕΧΩΡΙΣΤΗ ΕΠΕΜΒΑΣΗ)· ΑΡΡΕΝ;;;;;
5225;X686439;ΜΑΡΣΙΠΟΠΟΙΗΣΗ ΟΥΡΗΘΡΙΚΟΥ ΕΚΚΟΛΠΩΜΑΤΟΣ, ΑΡΡΕΝ Ή ΘΗΛΥ;;;;;
5226;X686459;ΑΝΕΝΕΡΓΟΣ;;;;;
5227;X686479;ΕΚΤΟΜΗ Ή ΗΛΕΚΤΡΟΘΕΡΜΟΚΑΥΤΗΡΙΑΣΗ· ΠΟΛΥΠΟΔΑΣ(ΕΣ) ΤΗΣ ΟΥΡΗΘΡΑΣ, ΠΕΡΙΦΕΡΙΚΗ ΟΥΡΗΘΡΑ;;;;;
5228;X686489;ΑΝΕΝΕΡΓΟΣ;;;;;
5229;X686499;ΑΝΕΝΕΡΓΟΣ;;;;;
5230;X686509;ΕΚΤΟΜΗ Η ΗΛΕΚΤΡΟΘΕΡΜΟΚΑΥΤΗΡΙΑΣΗ· ΠΡΟΠΤΩΣΗ ΟΥΡΗΘΡΑΣ;;;;;
5231;X686759;ΟΥΡΗΘΡΟΠΛΑΣΤΙΚΗ· ΠΡΩΤΟ ΣΤΑΔΙΟ, ΓΙΑ ΣΥΡΙΓΓΙΟ, ΕΚΚΟΛΠΩΜΑ, Ή ΣΤΕΝΩΣΗ;;;;;
5232;X686769;ΟΥΡΗΘΡΟΠΛΑΣΤΙΚΗ· ΔΕΥΤΕΡΟ ΣΤΑΔΙΟ (ΣΧΗΜΑΤΙΣΜΟΣ ΤΗΣ ΟΥΡΗΘΡΑΣ), ΠΕΡΙΛΑΜΒΑΝΕΙ ΤΗΝ ΠΑΡΑΚΑΜΨΗ ΤΗΣ ΟΥΡΗΘΡΑΣ;;;;;
5233;X686779;ΟΥΡΗΘΡΟΠΛΑΣΤΙΚΗ, ΑΝΑΠΛΑΣΗ ΕΝΟΣ ΣΤΑΔΙΟΥ ΤΗΣ ΕΜΠΡΟΣΘΙΑΣ ΟΥΡΗΘΡΑΣ ΑΝΔΡΟΣ;;;;;
5234;X686789;ΟΥΡΗΘΡΟΠΛΑΣΤΙΚΗ, ΔΙΑΗΒΙΚΗ Ή ΠΕΡΙΝΕΪΚΗ, ΕΝΑ ΣΤΑΔΙΟ, ΓΙΑ ΑΝΑΠΛΑΣΗ Ή ΑΠΟΚΑΤΑΣΤΑΣΗ ΠΡΟΣΤΑΤΙΚΗΣ Η ΥΜΕΝΩΔΟΥΣ ΟΥΡΗΘΡΑΣ;;;;;
5235;X686799;ΟΥΡΗΘΡΟΠΛΑΣΤΙΚΗ, ΑΝΑΠΛΑΣΗ Η ΑΠΟΚΑΤΑΣΤΑΣΗ 2 ΣΤΑΔΙΩΝ ΠΡΟΣΤΑΤΙΚΗΣ Ή ΥΜΕΝΩΔΟΥΣ ΟΥΡΗΘΡΑΣ· ΠΡΩΤΟ ΣΤΑΔΙΟ;;;;;
5236;X686809;ΟΥΡΗΘΡΟΠΛΑΣΤΙΚΗ, ΑΝΑΠΛΑΣΗ Η ΑΠΟΚΑΤΑΣΤΑΣΗ 2 ΣΤΑΔΙΩΝ ΠΡΟΣΤΑΤΙΚΗΣ Ή ΥΜΕΝΩΔΟΥΣ ΟΥΡΗΘΡΑΣ· ΔΕΥΤΕΡΟ ΣΤΑΔΙΟ;;;;;
5237;X686819;ΟΥΡΗΘΡΟΠΛΑΣΤΙΚΗ, ΑΝΑΠΛΑΣΗ ΟΥΡΗΘΡΑΣ ΓΥΝΑΙΚΟΣ;;;;;
5238;X686821;ΑΝΕΝΕΡΓΟΣ;;;;;
5239;X686839;ΕΠΕΜΒΑΣΗ ΣΤΗΡΙΞΗΣ ΓΙΑ ΑΚΡΑΤΙΑ ΣΕ ΑΝΔΡΑ (ΠΧ, ΠΕΡΙΤΟΝΙΑ Η ΣΥΝΘΕΤΙΚΗ);;;;;
5240;X686843;ΑΦΑΙΡΕΣΗ Η ΑΝΑΘΕΩΡΗΣΗ ΕΠΕΜΒΑΣΗΣ ΣΤΗΡΙΞΗΣ ΓΙΑ ΑΚΡΑΤΙΑ ΣΕ ΑΝΔΡΑ (ΠΧ, ΠΕΡΙΤΟΝΙΑ Η ΣΥΝΘΕΤΙΚΗ);;;;;
5241;X686847;ΑΝΕΝΕΡΓΟΣ;;;;;
5242;X686849;"ΕΙΣΑΓΩΓΗ ΠΛΗΡΟΥΜΕΝΟΥ ΣΦΙΓΚΤΗΡΑ ΑΥΧΕΝΑ ΤΗΣ ΟΥΡΗΘΡΑΣ/ΟΥΡΟΔΟΧΟΥ ΚΥΣΤΕΩΣ. ΠΕΡΙΛΑΜΒΑΝΕΙ ΤΟΠΟΘΕΤΗΣΗ ΑΝΤΛΙΑΣ, ΔΕΞΑΜΕΝΗΣ ΚΑΙ ""ΜΑΝΙΚΙΟΥ"" (CUFF)";;;;;
5243;X686851;"ΑΦΑΙΡΕΣΗ ΠΛΗΡΟΥΜΕΝΟΥ ΣΦΙΓΚΤΗΡΑ ΑΥΧΕΝΑ ΤΗΣ ΟΥΡΗΘΡΑΣ/ΟΥΡΟΔΟΧΟΥ ΚΥΣΤΕΩΣ. ΣΥΜΠΕΡΙΛΑΜΒΑΝΕΤΑΙ ΑΝΤΛΙΑ ΔΕΞΑΜΕΝΗΣ ΚΑΙ ""ΜΑΝΙΚΙΟΥ"" (CUFF)";;;;;
5244;X686853;ΑΦΑΙΡΕΣΗ ΚΑΙ ΑΝΤΙΚΑΤΑΣΤΑΣΗ ΠΛΗΡΟΥΜΕΝΟΥ ΣΦΙΓΚΤΗΡΑ ΑΥΧΕΝΑ ΤΗΣ ΟΥΡΗΘΡΑΣ/ ΟΥΡΟΔΟΧΟΥ ΚΥΣΤΗΣ ΠΕΡΙΛΑΜΒΑΝΕΙ ΑΝΤΛΙΑ, ΔΕΞΑΜΕΝΗ ΚΑΙ ῾ΜΑΝΙΚΙΟΥ῾(CUFF) ΚΑΤΑ ΤΗ ΔΙΑΡΚΕΙΑ ΤΗΣ ΙΔΙΑΣ ΕΠΕΜΒΑΣΗΣ;;;;;
5245;X686855;ΑΦΑΙΡΕΣΗ ΚΑΙ ΑΝΤΙΚΑΤΑΣΤΑΣΗ ΠΛΗΡΟΥΜΕΝΟΥ ΣΦΙΓΚΤΗΡΑ ΑΥΧΕΝΑ ΤΗΣ ΟΥΡΗΘΡΑΣ/ ΟΥΡΟΔΟΧΟΥ ΚΥΣΤΗΣ ΠΕΡΙΛΑΜΒΑΝΕΙ ΑΝΤΛΙΑ, ΔΕΞΑΜΕΝΗ ΚΑΙ ῾ΜΑΝΙΚΙ῾(CUFF) ΜΕΣΩ ΜΟΛΥΣΜΕΝΗΣ ΠΕΡΙΟΧΗΣ ΚΑΤΑ ΤΗ ΔΙΑΡΚΕΙΑ ΤΗΣ ΙΔΙΑΣ ΕΠΕΜΒΑΣΗΣ· ΠΕΡΙΛΑΜΒΑΝΕΙ ΚΑΤΑΙΟΝΙΣΜΟ ΚΑΙ ΧΕΙΡΟΥΡΓΙΚΟ ΚΑΘΑΡΙΣΜΟ ΤΟΥ ΜΟΛΥΣΜΕΝΟΥ ΙΣΤΟΥ;;;;;
5246;X686857;"ΑΠΟΚΑΤΑΣΤΑΣΗ ΠΛΗΡΟΥΜΕΝΟΥ ΣΦΙΓΚΤΗΡΑ ΑΥΧΕΝΑ ΤΗΣ ΟΥΡΗΘΡΑΣ/ΟΥΡΟΔΟΧΟΥ ΚΥΣΤΕΩΣ. ΣΥΜΠΕΡΙΛΑΜΒΑΝΕΤΑΙ ΑΝΤΛΙΑ ΔΕΞΑΜΕΝΗΣ ΚΑΙ ""ΜΑΝΙΚΙΟΥ"" (CUFF)";;;;;
5247;X686859;ΠΛΑΣΤΙΚΗ ΟΥΡΗΘΡΑΣ ΚΑΙ ΣΤΟΜΙΟΥ, ΜΕ ΒΛΕΝΝΟΓΟΝΙΚΗ ΠΡΟΑΓΩΓΗ ΜΕ ΔΕΡΜΑΤΙΚΟ ΚΡΗΜΝΟ;;;;;
5248;X686879;ΑΝΕΝΕΡΓΟΣ;;;;;
5249;X686959;ΑΝΕΝΕΡΓΟΣ;;;;;
5250;X686963;ΟΥΡΗΘΡΟΡΡΑΦΗ, ΣΥΡΡΑΦΗ ΤΡΑΥΜΑΤΟΣ 'Η ΠΛΗΓΗΣ ΤΗΣ ΟΥΡΗΘΡΑΣ, ΘΗΛΥ;;;;;
5251;X686969;ΟΥΡΗΘΡΟΡΡΑΦΗ, ΣΥΡΡΑΦΗ ΤΡΑΥΜΑΤΟΣ 'Η ΠΛΗΓΗΣ ΤΗΣ ΟΥΡΗΘΡΑΣ, ΠΕΙΚΗ;;;;;
5252;X686979;ΟΥΡΗΘΡΟΡΡΑΦΗ, ΣΥΡΡΑΦΗ ΤΡΑΥΜΑΤΟΣ 'Η ΠΛΗΓΗΣ ΤΗΣ ΟΥΡΗΘΡΑΣ, ΠΕΡΙΝΕΪΚΗ;;;;;
5253;X686989;ΟΥΡΗΘΡΟΡΡΑΦΗ, ΣΥΡΡΑΦΗ ΤΡΑΥΜΑΤΟΣ 'Η ΠΛΗΓΗΣ ΤΗΣ ΟΥΡΗΘΡΑΣ, ΠΡΟΣΤΑΤΙΚΗ;;;;;
5254;X686999;ΣΥΓΚΛΕΙΣΗ ΟΥΡΗΘΡΟΣΤΟΜΙΑΣ Ή ΟΥΡΗΘΡΟΔΕΡΜΑΤΙΚΟΥ ΣΥΡΙΓΓΙΟΥ, ΑΝΔΡΑΣ (ΞΕΧΩΡΙΣΤΗ ΕΠΕΜΒΑΣΗ);;;;;
5255;X687159;ΑΝΕΝΕΡΓΟΣ;;;;;
5256;X687161;ΑΝΕΝΕΡΓΟΣ;;;;;
5257;X687169;ΑΝΕΝΕΡΓΟΣ;;;;;
5258;X687199;ΑΝΕΝΕΡΓΟΣ;;;;;
5259;X687201;ΑΝΕΝΕΡΓΟΣ;;;;;
5260;X687279;ΑΝΕΝΕΡΓΟΣ;;;;;
5261;X687281;ΑΝΕΝΕΡΓΟΣ;;;;;
5262;X687289;ΔΙΑΣΤΟΛΗ ΟΥΡΗΘΡΑΣ ΣΕ ΓΥΝΑΙΚΑ;;;;;
5263;X687659;ΔΙΟΥΡΗΘΡΙΚΗ ΚΑΤΑΣΤΡΟΦΗ ΤΟΥ ΠΡΟΣΤΑΤΙΚΟΥ ΙΣΤΟΥ· ΜΕ ΜΙΚΡΟΚΥΜΑΤΑ;;;;;
5264;X687663;ΔΙΟΥΡΗΘΡΙΚΗ ΚΑΤΑΣΤΡΟΦΗ ΤΟΥ ΠΡΟΣΤΑΤΙΚΟΥ ΙΣΤΟΥ· ΜΕ ΡΑΔΙΟΣΥΧΝΟΤΗΤΕΣ;;;;;
5265;X687757;ΜΗ ΚΑΤΑΓΕΓΡΑΜΜΕΝΗ ΔΙΑΔΙΚΑΣΙΑ, ΟΥΡΟΠΟΙΗΤΙΚΟ ΣΥΣΤΗΜΑ;;;;;
Β.23;ΑΝΔΡΙΚΟ ΓΕΝΝΗΤΙΚΟ ΣΥΣΤΗΜΑ;;;;;;
5266;X687959;ΔΙΑΤΟΜΗ ΑΚΡΟΠΟΣΘΙΑΣ, ΡΑΧΙΑΙΑ Ή ΠΛΑΓΙΑ (ΞΕΧΩΡΙΣΤΗ ΕΠΕΜΒΑΣΗ)· ΝΕΟΓΝΑ;;;;;
5267;X687961;ΔΙΑΤΟΜΗ ΑΚΡΟΠΟΣΘΙΑΣ, ΡΑΧΙΑΙΑ Ή ΠΛΑΓΙΑ (ΞΕΧΩΡΙΣΤΗ ΕΠΕΜΒΑΣΗ)· ΕΚΤΟΣ ΝΕΟΓΝΩΝ;;;;;
5268;X687989;ΤΟΜΗ ΚΑΙ ΠΑΡΟΧΕΤΕΥΣΗ ΠΕΟΥΣ, ΕΝ ΤΩ ΒΑΘΕΙ;;;;;
5269;X688059;ΚΑΤΑΣΤΡΟΦΗ ΤΗΣ ΒΛΑΒΗΣ(ΩΝ), ΠΕΟΣ (ΠΧ, ΚΟΝΔΥΛΩΜΑ, ΘΗΛΩΜΑ, ΜΟΛΥΣΜΑΤΙΚΗ  ΤΕΡΜΙΝΘΟΣ) ΑΠΛΗ· ΧΗΜΙΚΗ;;;;;
5270;X688069;ΚΑΤΑΣΤΡΟΦΗ ΤΗΣ ΒΛΑΒΗΣ(ΩΝ), ΠΕΟΣ (ΠΧ, ΚΟΝΔΥΛΩΜΑ, ΘΗΛΩΜΑ, ΜΟΛΥΣΜΑΤΙΚΗ  ΤΕΡΜΙΝΘΟΣ) ΜΕΧΡΙ 5 ΒΛΑΒΕΣ· ΚΑΤΑΣΤΡΟΦΗ ΜΕ ΗΛΕΚΤΡΟΔΙΑΘΕΡΜΟΠΗΞΙΑ;;;;;
5271;X688071;ΚΑΤΑΣΤΡΟΦΗ ΤΗΣ ΒΛΑΒΗΣ(ΩΝ), ΠΕΟΣ (ΠΧ, ΚΟΝΔΥΛΩΜΑ, ΘΗΛΩΜΑ, ΜΟΛΥΣΜΑΤΙΚΗ  ΤΕΡΜΙΝΘΟΣ) ΜΕΧΡΙ 5 ΒΛΑΒΕΣ· ΚΡΥΟΧΕΙΡΟΥΡΓΙΚΗ;;;;;
5272;X688073;ΚΑΤΑΣΤΡΟΦΗ ΤΗΣ ΒΛΑΒΗΣ(ΩΝ), ΠΕΟΣ (ΠΧ, ΚΟΝΔΥΛΩΜΑ, ΘΗΛΩΜΑ, ΜΟΛΥΣΜΑΤΙΚΗ  ΤΕΡΜΙΝΘΟΣ) ΜΕΧΡΙ 5 ΒΛΑΒΕΣ· ΜΕ ΛΕΙΖΕΡ;;;;;
5273;X688079;ΚΑΤΑΣΤΡΟΦΗ ΤΗΣ ΒΛΑΒΗΣ(ΩΝ), ΠΕΟΣ (ΠΧ, ΚΟΝΔΥΛΩΜΑ, ΘΗΛΩΜΑ, ΜΟΛΥΣΜΑΤΙΚΗ  ΤΕΡΜΙΝΘΟΣ)  ΜΕΧΡΙ 5 ΒΛΑΒΕΣ· ΧΕΙΡΟΥΡΓΙΚΗ ΕΚΤΟΜΗ;;;;;
5274;X688089;ΚΑΤΑΣΤΡΟΦΗ ΤΗΣ ΒΛΑΒΗΣ(ΩΝ), ΠΕΟΣ (ΠΧ, ΚΟΝΔΥΛΩΜΑ, ΘΗΛΩΜΑ, ΜΟΛΥΣΜΑΤΙΚΗ  ΤΕΡΜΙΝΘΟΣ) ΠΕΡΙΣΣΟΤΕΡΕΣ ΑΠΌ 5 ΒΛΑΒΕΣ (ΠΧ.  ΛΕΙΖΕΡ, ΗΛΕΚΤΡΟΧΕΙΡΟΥΡΓΙΚΗ, ΚΡΥΟΧΕΙΡΟΥΡΓΙΚΗ, ΧΗΜΙΚΗ ΧΕΙΡΟΥΡΓΙΚΗ);;;;;
5275;X688159;ΒΙΟΨΙΑ ΠΕΟΥΣ (ΔΕΡΜΑΤΟΣ - ΒΛΕΝΟΓΟΝΝΟΥ);;;;;
5276;X688169;ΒΙΟΨΙΑ ΠΕΟΥΣ· ΕΝ ΤΩ ΒΑΘΕΙ ΔΟΜΕΣ;;;;;
5277;X688179;ΕΚΤΟΜΗ ΠΕΪΚΗΣ ΠΛΑΚΑΣ (ΝΟΣΟΣ PEYRONIE)·;;;;;
5278;X688181;ΕΚΤΟΜΗ ΠΕΪΚΗΣ ΠΛΑΚΑΣ (ΝΟΣΟΣ PEYRONIE)· ΜΕ ΜΟΣΧΕΥΜΑ ΕΩΣ 5 CM ΜΗΚΟΣ;;;;;
5279;X688183;ΕΚΤΟΜΗ ΠΕΪΚΗΣ ΠΛΑΚΑΣ (ΝΟΣΟΣ PEYRONIE)· ΜΕ ΜΟΣΧΕΥΜΑ ΜΕΓΑΛΥΤΕΡΟ ΑΠΟ 5 CM ΜΗΚΟΣ;;;;;
5280;X688189;ΑΦΑΙΡΕΣΗ ΞΕΝΟΥ ΣΩΜΑΤΟΣ ΑΠΟ ΤΟΝ ΕΝ ΤΩ ΒΑΘΕΙ ΠΕΪΚΟ ΙΣΤΟ (ΠΧ. ΠΛΑΣΤΙΚΟ ΕΜΦΥΤΕΥΜΑ);;;;;
5281;X688199;ΑΚΡΩΤΗΡΙΑΣΜΟΣ ΠΕΟΥΣ· ΜΕΡΙΚΟΣ;;;;;
5282;X688209;ΑΚΡΩΤΗΡΙΑΣΜΟΣ ΠΕΟΥΣ· ΠΛΗΡΗΣ;;;;;
5283;X688219;ΑΚΡΩΤΗΡΙΑΣΜΟΣ ΠΕΟΥΣ· ΡΙΖΙΚΟΣ· ΜΕ ΒΟΥΒΩΝΟΜΗΡΙΑΙΑ  ΛΕΜΦΑΔΕΝΕΚΤΟΜΗ ΑΜΦΩ;;;;;
5284;X688229;ΑΚΡΩΤΗΡΙΑΣΜΟΣ ΠΕΟΥΣ· ΡΙΖΙΚΟΣ· ΣΕ ΣΥΝΕΧΕΙΑ ΜΕ ΠΥΕΛΙΚΗ ΛΕΜΦΑΔΕΝΕΚΤΟΜΗ ΑΜΦΩ· ΠΕΡΙΛΑΜΒΑΝΟΜΕΝΩΝ ΤΩΝ ΕΞΩΤΕΡΙΚΩΝ ΛΑΓΟΝΙΩΝ, ΥΠΟΓΑΣΤΡΙΚΩΝ ΚΑΙ ΘΥΡΟΕΙΔΩΝ ΛΕΜΦΑΔΕΝΩΝ;;;;;
5285;X688259;ΠΕΡΙΤΟΜΗ, ΜΕ ΧΡΗΣΗ ΛΑΒΙΔΑΣ Η ΑΛΛΗΣ ΣΥΣΚΕΥΗΣ ΜΕ ΤΟΠΙΚΟ ΡΑΧΙΑΙΟ ΠΕΪΚΟ Ή  ΚΥΚΛΙΚΟ ΜΠΛΟΚ;;;;;
5286;X688279;ΠΕΡΙΤΟΜΗ, ΧΕΙΡΟΥΡΓΙΚΗ ΕΚΤΟΜΗ ΧΩΡΙΣ ΛΑΒΙΔΑ, ΣΥΣΚΕΥΗ Ή ΡΑΧΙΑΙΑ ΣΧΙΣΜΗ· ΝΕΟΓΝΙΚΗ (ΗΛΙΚΙΑΣ 28 ΗΜΕΡΩΝ Ή ΛΙΓΟΤΕΡΟ);;;;;
5287;X688281;ΠΕΡΙΤΟΜΗ, ΧΕΙΡΟΥΡΓΙΚΗ ΕΚΤΟΜΗ ΧΩΡΙΣ ΛΑΒΙΔΑ, ΣΥΣΚΕΥΗ Ή ΡΑΧΙΑΙΑ ΣΧΙΣΜΗ· ΗΛΙΚΙΑ ΜΕΓΑΛΥΤΕΡΗ ΑΠΟ 28 ΗΜΕΡΩΝ;;;;;
5288;X688283;ΛΥΣΗ Η ΕΚΤΟΜΗ ΠΕΪΚΩΝ ΣΥΜΦΥΣΕΩΝ ΜΕΤΑ ΑΠΟ ΠΕΡΙΤΟΜΗ;;;;;
5289;X688285;ΑΠΟΚΑΤΑΣΤΑΣΗ ΑΝΟΛΟΚΛΗΡΩΤΗΣ ΠΕΡΙΤΟΜΗΣ;;;;;
5290;X688287;ΕΚΤΟΜΗ ΧΑΛΙΝΟΥ ΠΕΟΥΣ;;;;;
5291;X688359;ΔΙΑΔΙΚΑΣΙΑ ΕΓΧΥΣΗΣ ΓΙΑ ΤΗ ΝΟΣΟ PEYRONIE;;;;;
5292;X688369;ΑΝΕΝΕΡΓΟΣ;;;;;
5293;X688399;ΚΑΤΑΙΟΝΙΣΜΟΣ ΣΗΡΑΓΓΩΔΩΝ ΣΩΜΑΤΩΝ ΓΙΑ ΠΡΙΑΠΙΣΜΟ;;;;;
5294;X688419;ΔΙΑΔΙΚΑΣΙΑ ΕΓΧΥΣΗΣ ΓΙΑ ΣΗΡΑΓΓΟΓΡΑΦΙΑ ΣΗΡΑΓΓΩΔΩΝ ΣΩΜΑΤΩΝ;;;;;
5295;X688421;ΔΥΝΑΜΙΚΗ ΣΗΡΑΓΓΟΜΕΤΡΙΑ, ΠΕΡΙΛΑΜΒΑΝΕΙ ΕΝΔΟΣΗΡΑΓΓΩΔΗ ΕΓΧΥΣΗ ΑΓΓΕΙΟΔΡΑΣΤΙΚΗΣ ΟΥΣΙΑΣ (ΠΧ, PAPAVERINE, PHENTOLAMINE);;;;;
5296;X688429;ΕΓΧΥΣΗ ΕΝΤΟΣ ΤΩΝΣΗΡΑΓΓΩΔΩΝ ΣΩΜΑΤΩΝ ΜΕ ΦΑΡΜΑΚΟΛΟΓΙΚΟΥΣ ΠΑΡΑΓΟΝΤΕΣ (ΠΧ, PAPAVERINE, PHENTOLAMINE);;;;;
5297;X688439;ΠΕΪΚΗ ΠΛΗΘΥΣΜΟΓΡΑΦΙΑ;;;;;
5298;X688459;ΚΑΤΑΓΡΑΦΗ ΤΗΣ ΝΥΧΤΕΡΙΝΗΣ ΣΤΥΤΙΚΗΣ ΔΡΑΣΤΗΡΙΟΤΗΤΑΣ;;;;;
5299;X688559;ΠΛΑΣΤΙΚΗ ΕΠΕΜΒΑΣΗ ΠΕΟΥΣ ΓΙΑ ΔΙΟΡΘΩΣΗ ΑΠΟΚΛΙΣΗΣ (ΠΧ, ΥΠΟΣΠΑΔΙΑΣ), ΜΕ 'Η ΧΩΡΙΣ ΚΙΝΗΤΟΠΟΙΗΣΗ ΤΗΣ ΟΥΡΗΘΡΑΣ;;;;;
5300;X688567;ΠΛΑΣΤΙΚΗ ΕΠΕΜΒΑΣΗ ΠΕΟΥΣ ΓΙΑ ΔΙΟΡΘΩΣΗ ΑΠΟΚΛΙΣΗΣ 'Η ΓΙΑ ΑΠΟΚΑΤΑΣΤΑΣΗ ΠΡΩΤΟΥ ΣΤΑΔΙΟΥ ΥΠΟΣΠΑΔΙΑ ΜΕ Ή ΧΩΡΙΣ ΜΕΤΑΜΟΣΧΕΥΣΗ ΑΚΡΟΠΟΣΘΙΑΣ Ή/ΚΑΙ ΔΕΡΜΑΤΙΚΩΝ ΚΡΗΜΝΩΝ;;;;;
5301;X688575;ΟΥΡΗΘΡΟΠΛΑΣΤΙΚΗ ΓΙΑ ΑΠΟΚΑΤΑΣΤΑΣΗ ΔΕΥΤΕΡΟΥ ΣΤΑΔΙΟΥ ΥΠΟΣΠΑΔΙΑ (ΠΕΡΙΛΑΜΒΑΝΕΙ ΟΥΡΟΦΟΡΟ  ΕΚΤΡΟΠΗ)· ΜΙΚΡΟΤΕΡΗ ΑΠΟ 3 CM;;;;;
5302;X688583;ΟΥΡΗΘΡΟΠΛΑΣΤΙΚΗ ΓΙΑ ΑΠΟΚΑΤΑΣΤΑΣΗ ΔΕΥΤΕΡΟΥ ΣΤΑΔΙΟΥ ΥΠΟΣΠΑΔΙΑ (ΠΕΡΙΛΑΜΒΑΝΕΙ ΟΥΡΟΦΟΡΟ  ΕΚΤΡΟΠΗ)· ΜΕΓΑΛΥΤΕΡΗ ΑΠΟ 3 CM;;;;;
5303;X688591;ΟΥΡΗΘΡΟΠΛΑΣΤΙΚΗ ΓΙΑ ΑΠΟΚΑΤΑΣΤΑΣΗ ΔΕΥΤΕΡΟΥ ΣΤΑΔΙΟΥ ΥΠΟΣΠΑΔΙΑ (ΠΕΡΙΛΑΜΒΑΝΕΙ ΟΥΡΟΦΟΡΟ  ΕΚΤΡΟΠΗ) ΜΕ ΜΟΣΧΕΥΜΑ ΕΛΕΥΘΕΡΟΥ ΔΕΡΜΑΤΟΣ ΑΠΟ ΣΗΜΕΙΟ ΑΛΛΟ ΑΠΟ ΤΑ ΓΕΝΝΗΤΙΚΑ ΟΡΓΑΝΑ;;;;;
5304;X688595;ΟΥΡΗΘΡΟΠΛΑΣΤΙΚΗ ΓΙΑ ΑΠΟΚΑΤΑΣΤΑΣΗ ΤΡΙΤΟΥ ΣΤΑΔΙΟΥ ΥΠΟΣΠΑΔΙΑ ΓΙΑ ΑΠΕΛΕΥΘΕΡΩΣΗ ΤΟΥ ΠΕΟΥΣ ΑΠΟ ΤΟ ΟΣΧΕΟ (ΠΧ, ΑΠΟΚΑΤΑΣΤΑΣΗ ΤΡΙΤΟΥ ΣΤΑΔΙΟΥ ΚΑΤΑ CECIL);;;;;
5305;X688603;ΑΠΟΚΑΤΑΣΤΑΣΗ ΒΑΛΑΝΙΚΟΥ ΥΠΟΣΠΑΔΙΑ ΕΝΟΣ ΣΤΑΔΙΟΥ (ΜΕ 'Η ΧΩΡΙΣ ΑΠΟΚΛΙΣΗ Ή ΠΕΡΙΤΟΜΗ)· ΜΕ ΑΠΛΗ ΔΙΕΥΘΕΤΗΣΗ ΣΤΟΜΙΟΥ (ΠΧ, MAGPI, V-FLAP);;;;;
5306;X688607;ΑΠΟΚΑΤΑΣΤΑΣΗ ΒΑΛΑΝΙΚΟΥ ΥΠΟΣΠΑΔΙΑ ΕΝΟΣ ΣΤΑΔΙΟΥ (ΜΕ 'Η ΧΩΡΙΣ ΑΠΟΚΛΙΣΗ Ή ΠΕΡΙΤΟΜΗ)· ΜΕ ΟΥΡΗΘΡΟΠΛΑΣΤΙΚΗ ΜΕ ΤΟΠΙΚΟΥΣ ΔΕΡΜΑΤΙΚΟΥΣ ΚΡΗΜΝΟΥΣ (ΠΧ, FLIP-FLAP, ΚΡΗΜΝΟΣ ΑΚΡΟΠΟΣΘΙΑΣ);;;;;
5307;X688611;ΑΠΟΚΑΤΑΣΤΑΣΗ ΒΑΛΑΝΙΚΟΥ ΥΠΟΣΠΑΔΙΑ ΕΝΟΣ ΣΤΑΔΙΟΥ (ΜΕ 'Η ΧΩΡΙΣ ΑΠΟΚΛΙΣΗ Ή ΠΕΡΙΤΟΜΗ)· ΜΕ ΟΥΡΗΘΡΟΠΛΑΣΤΙΚΗ ΜΕ ΤΟΠΙΚΟΥΣ ΔΕΡΜΑΤΙΚΟΥΣ ΚΡΗΜΝΟΥΣ ΚΑΙ ΚΙΝΗΤΟΠΟΙΗΣΗ ΤΗΣ ΟΥΡΗΘΡΑΣ;;;;;
5308;X688615;ΑΠΟΚΑΤΑΣΤΑΣΗ ΒΑΛΑΝΙΚΟΥ ΥΠΟΣΠΑΔΙΑ ΕΝΟΣ ΣΤΑΔΙΟΥ (ΜΕ 'Η ΧΩΡΙΣ ΑΠΟΚΛΙΣΗ Ή ΠΕΡΙΤΟΜΗ)· ΜΕ ΕΚΤΕΤΑΜΕΝΟ ΔΙΑΧΩΡΙΣΜΟ ΓΙΑ ΔΙΟΡΘΩΣΗ ΑΠΟΚΛΙΣΗΣ ΚΑΙ ΟΥΡΗΘΡΟΠΛΑΣΤΙΚΗ ΜΕ ΤΟΠΙΚΟΥΣ ΔΕΡΜΑΤΙΚΟΥΣ ΚΡΗΜΝΟΥΣ, ΕΠΙΔΕΡΜΙΚΟ ΜΟΣΧΕΥΜΑ 'Η/ΚΑΙ ΝΗΣΙΔΙΑΚΟ ΚΡΗΜΝΟ;;;;;
5309;X688623;ΑΠΟΚΑΤΑΣΤΑΣΗ ΕΝΟΣ ΣΤΑΔΙΟΥ ΕΓΓΥΣ ΠΕΪΚΟΥ Ή ΟΣΧΕΟΠΕΪΚΟΥ ΤΟΥ ΥΠΟΣΠΑΔΙΑ ΠΟΥ ΑΠΑΙΤΕΙ ΕΚΤΕΤΑΜΕΝΟ ΔΙΑΧΩΡΙΣΜΟ ΓΙΑ ΔΙΟΡΘΩΣΗ ΑΠΟΚΛΙΣΗΣ ΚΑΙ ΟΥΡΗΘΡΟΠΛΑΣΤΙΚΗ ΜΕ ΧΡΗΣΗ ΣΩΛΗΝΑ ΔΕΡΜΑΤΙΚΟΥ ΜΟΣΧΕΥΜΑΤΟΣ Ή/ΚΑΙ ΝΗΣΙΔΙΑΚΟΥ ΚΡΗΜΝΟΥ;;;;;
5310;X688631;ΑΠΟΚΑΤΑΣΤΑΣΗ ΕΝΟΣ ΣΤΑΔΙΟΥ ΠΕΡΙΝΕΪΚΟΥ ΥΠΟΣΠΑΔΙΑ ΠΟΥ ΑΠΑΙΤΕΙ ΕΚΤΕΤΑΜΕΝΟ ΔΙΑΧΩΡΙΣΜΟ ΓΙΑ  ΔΙΟΡΘΩΣΗ ΑΠΟΚΛΙΣΗΣ ΚΑΙ ΟΥΡΗΘΡΟΠΛΑΣΤΙΚΗ ΜΕ ΧΡΗΣΗ ΣΩΛΗΝΑ ΔΕΡΜΑΤΙΚΟΥ ΜΟΣΧΕΥΜΑΤΟΣ Ή ΚΑΙ ΝΗΣΙΔΙΑΚΟΥ ΚΡΗΜΝΟΥ;;;;;
5311;X688639;ΑΠΟΚΑΤΑΣΤΑΣΗ ΕΠΙΠΛΟΚΩΝ ΥΠΟΣΠΑΔΙΑ (ΗΤΟΙ, ΣΥΡΙΓΓΙΑ, ΣΤΕΝΩΣΗ, ΕΚΚΟΛΠΩΜΑ)· ΜΕ ΣΥΓΚΛΕΙΣΗ, ΤΟΜΗ Η ΕΚΤΟΜΗ, ΑΠΛΗ;;;;;
5312;X688647;ΑΠΟΚΑΤΑΣΤΑΣΗ ΕΠΙΠΛΟΚΩΝ ΥΠΟΣΠΑΔΙΑ (ΗΤΟΙ, ΣΥΡΙΓΓΙΑ, ΣΤΕΝΩΣΗ, ΕΚΚΟΛΠΩΜΑ)· ΑΠΑΙΤΕΙ ΚΙΝΗΤΟΠΟΙΗΣΗ ΔΕΡΜΑΤΙΚΩΝ ΚΡΗΜΝΩΝ ΚΑΙ ΟΥΡΗΘΡΟΠΛΑΣΤΙΚΗ ΜΕ ΚΡΗΜΝΟ Ή ΕΠΙΔΕΡΜΙΚΟ ΜΟΣΧΕΥΜΑ;;;;;
5313;X688655;ΑΠΟΚΑΤΑΣΤΑΣΗ ΕΠΙΠΛΟΚΩΝ ΥΠΟΣΠΑΔΙΑ (ΗΤΟΙ, ΣΥΡΙΓΓΙΑ, ΣΤΕΝΩΣΗ, ΕΚΚΟΛΠΩΜΑ)· ΑΠΑΙΤΕΙ ΕΚΤΕΤΑΜΕΝΟ ΔΙΑΧΩΡΙΣΜΟ ΚΑΙ ΟΥΡΗΘΡΟΠΛΑΣΤΙΚΗ ΜΕ ΚΡΗΜΝΟ, ΕΠΙΔΕΡΜΙΚΟ ΜΟΣΧΕΥΜΑ ΄Η ΜΟΣΧΕΥΜΑ ΣΩΛΗΝΑ (ΠΕΡΙΛΑΜΒΑΝΕΙ ΑΠΟΚΛΙΣΗ ΟΥΡΗΘΡΑΣ);;;;;
5314;X688663;ΑΠΟΚΑΤΑΣΤΑΣΗ ΑΠΟΤΥΧΗΜΕΝΟΥ ΥΠΟΣΠΑΔΙΑ ΠΟΥ ΑΠΑΙΤΕΙ ΕΚΤΕΤΑΜΕΝΟ ΔΙΑΧΩΡΙΣΜΟ ΚΑΙ ΕΚΤΟΜΗ ΤΩΝ ΠΡΟΗΓΟΥΜΕΝΩΣ ΚΑΤΑΣΚΕΥΑΣΜΕΝΩΝ ΔΟΜΩΝ ΠΕΡΙΛΑΜΒΑΝΟΜΕΝΗΣ ΤΗΣ ΕΚ ΝΕΟΥ ΑΠΕΛΕΥΘΕΡΩΣΗΣ ΤΗΣ ΑΠΟΚΛΙΣΗΣ ΚΑΙ ΤΗΝ ΑΝΑΠΛΑΣΗ ΤΗΣ ΟΥΡΗΘΡΑΣ ΚΑΙ ΤΟΥ ΠΕΟΥΣ ΜΕ ΧΡΗΣΗ ΔΕΡΜΑΤΟΣ ΤΗΣ ΠΕΡΙΟΧΗΣ ΩΣ ΜΟΣΧΕΥΜΑ ΚΑΙ ΝΗΣΙΔΙΑΚΩΝ ΚΡΗΜΝΩΝ ΚΑΙ ΔΕΡΜΑΤΟΣ ΠΟΥ ΛΑΜΒΑΝΟΝΤΑΙ ΩΣ ΚΡΗΜΝΟΙ 'Η ΜΟΣΧΕΥΜΑΤΑ;;;;;
5315;X688679;ΠΛΑΣΤΙΚΗ ΕΠΕΜΒΑΣΗ ΣΤΟ ΠΕΟΣ ΓΙΑ ΔΙΟΡΘΩΣΗ ΓΩΝΙΩΣΗΣ;;;;;
5316;X688719;ΠΛΑΣΤΙΚΗ ΕΠΕΜΒΑΣΗ ΣΤΟ ΠΕΟΣ ΓΙΑ ΕΠΙΣΠΑΔΙΑ ΒΑΛΑΝΙΚΟΥ ΤΥΠΟΥ ΠΕΡΙΦΕΡΙΚΑ ΤΟΥ ΕΞΩΤΕΡΙΚΟΥ ΣΦΙΓΚΤΗΡΑ·;;;;;
5317;X688729;ΠΛΑΣΤΙΚΗ ΕΠΕΜΒΑΣΗ ΣΤΟ ΠΕΟΣ ΓΙΑ ΕΠΙΣΠΑΔΙΑ ΒΑΛΑΝΙΚΟΥ ΤΥΠΟΥ ΠΕΡΙΦΕΡΙΚΑ ΤΟΥ ΕΞΩΤΕΡΙΚΟΥ ΣΦΙΓΚΤΗΡΑ· ΜΕ ΑΚΡΑΤΙΑ;;;;;
5318;X688739;ΠΛΑΣΤΙΚΗ ΕΠΕΜΒΑΣΗ ΣΤΟ ΠΕΟΣ ΓΙΑ ΕΠΙΣΠΑΔΙΑ ΒΑΛΑΝΙΚΟΥ ΠΕΡΙΦΕΡΙΚΑ ΤΟΥ ΕΞΩΤΕΡΙΚΟΥ ΣΦΙΓΚΤΗΡΑ· ΜΕ ΕΚΣΤΡΟΦΗ ΤΗΣ ΟΥΡΟΔΟΧΟΥ ΚΥΣΤΗΣ;;;;;
5319;X688759;ΕΙΣΑΓΩΓΗ ΠΕΪΚΟΥ ΕΜΦΥΤΕΥΜΑΤΟΣ· ΜΗ-ΔΙΑΤΕΙΝΟΜΕΝΟΥ (ΗΜΙΣΚΛΗΡΟΥ);;;;;
5320;X688761;ΕΙΣΑΓΩΓΗ ΠΕΪΚΟΥ ΕΜΦΥΤΕΥΜΑΤΟΣ· ΔΙΑΤΕΙΝΟΜΕΝΟΥ (ΑΥΤΟΝΟΜΟΥ);;;;;
5321;X688769;"ΕΙΣΑΓΩΓΗ ΠΟΛΛΑΠΛΩΝ ΣΤΟΙΧΕΙΩΝ, ΔΙΑΤΕΙΝΟΜΕΝΟΥ ΠΕΪΚΟΥ ΕΜΦΥΤΕΥΜΑΤΟΣ, ΠΟΥ ΠΕΡΙΛΑΜΒΑΝΕΙ ΤΟΠΟΘΕΤΗΣΗ ΑΝΤΛΙΑΣ, ΔΕΞΑΜΕΝΗΣ ΚΑΙ ""ΜΑΝΙΚΙΟΥ"" (CUFF)";;;;;
5322;X688771;ΑΦΑΙΡΕΣΗ ΟΛΩΝ ΤΩΝ ΣΤΟΙΧΕΙΩΝ ΤΟΥ ΔΙΑΤΕΙΝΟΜΕΝΟΥ ΠΕΪΚΟΥ ΕΜΦΥΤΕΥΜΑΤΟΣ ΠΟΛΛΑΠΛΩΝ ΣΤΟΙΧΕΙΩΝ ΧΩΡΙΣ ΑΝΤΙΚΑΤΑΣΤΑΣΗ ΤΟΥ ΕΜΦΥΤΕΥΜΑΤΟΣ;;;;;
5323;X688775;ΑΠΟΚΑΤΑΣΤΑΣΗ ΤΩΝ ΣΤΟΙΧΕΙΩΝ ΤΟΥ ΔΙΑΤΕΙΝΟΜΕΝΟΥ ΠΕΪΚΟΥ ΕΜΦΥΤΕΥΜΑΤΟΣ ΠΟΛΛΑΠΛΟΥ ΣΤΟΙΧΕΙΟΥ;;;;;
5324;X688779;ΑΦΑΙΡΕΣΗ ΚΑΙ ΑΝΤΙΚΑΤΑΣΤΑΣΗ ΟΛΩΝ ΤΩΝ ΣΤΟΙΧΕΙΩΝ ΕΝΟΣ ΔΙΑΤΕΙΝΟΜΕΝΟΥ ΠΕΪΚΟΥ ΕΜΦΥΤΕΥΜΑΤΟΣ ΠΟΛΛΑΠΛΩΝ ΣΤΟΙΧΕΙΩΝ ΚΑΤΑ ΤΗ ΔΙΑΡΚΕΙΑ ΤΗΣ ΙΔΙΑΣ ΕΠΕΜΒΑΣΗΣ;;;;;
5325;X688781;ΑΦΑΙΡΕΣΗ ΚΑΙ ΑΝΤΙΚΑΤΑΣΤΑΣΗ ΟΛΩΝ ΤΩΝ ΣΤΟΙΧΕΙΩΝ ΕΝΟΣ ΔΙΑΤΕΙΝΟΜΕΝΟΥ  ΠΕΪΚΟΥ ΕΜΦΥΤΕΥΜΑΤΟΣ ΠΟΛΛΑΠΛΩΝ ΣΤΟΙΧΕΙΩΝ ΚΑΤΑ ΤΗ ΔΙΑΡΚΕΙΑ ΤΗΣ ΙΔΙΑΣ ΕΠΕΜΒΑΣΗΣ· ΠΕΡΙΛΑΜΒΑΝΕΙ ΚΑΤΑΙΟΝΗΣΗ ΚΑΙ ΧΕΙΡΟΥΡΓΙΚΟ ΚΑΘΑΡΙΣΜΟ ΤΟΥ ΜΟΛΥΣΜΕΝΟΥ ΙΣΤΟΥ;;;;;
5326;X688789;ΑΦΑΙΡΕΣΗ ΜΗ-ΔΙΑΤΕΙΝΟΜΕΝΟΥ (ΗΜΙΣΚΛΗΡΟΥ) Η ΔΙΑΤΕΙΝΟΜΕΝΟΥ (ΑΥΤΟΝΟΜΟΥ) ΠΕΪΚΟΥ ΕΜΦΥΤΕΥΜΑΤΟΣ ΧΩΡΙΣ ΑΝΤΙΚΑΤΑΣΤΑΣΗ ΤΟΥ ΕΜΦΥΤΕΥΜΑΤΟΣ;;;;;
5327;X688791;ΑΦΑΙΡΕΣΗ ΚΑΙ ΑΝΤΙΚΑΤΑΣΤΑΣΗ ΜΗ-ΔΙΑΤΕΙΝΟΜΕΝΟΥ (ΗΜΙΣΚΛΗΡΟΥ) Η ΔΙΑΤΕΙΝΟΜΕΝΟΥ (ΑΥΤΟΝΟΜΟΥ) ΠΕΪΚΟΥ ΕΜΦΥΤΕΥΜΑΤΟΣ ΠΟΛΛΑΠΛΩΝ ΣΤΟΙΧΕΙΩΝ ΚΑΤΑ ΤΗ ΔΙΑΡΚΕΙΑ ΤΗΣ ΙΔΙΑΣ ΕΠΕΜΒΑΣΗΣ;;;;;
5328;X688793;ΑΦΑΙΡΕΣΗ ΚΑΙ ΑΝΤΙΚΑΤΑΣΤΑΣΗ ΜΗ-ΔΙΑΤΕΙΝΟΜΕΝΟΥ (ΗΜΙΣΚΛΗΡΟΥ) Η ΔΙΑΤΕΙΝΟΜΕΝΟΥ (ΑΥΤΟΝΟΜΟΥ) ΠΕΪΚΟΥ ΕΜΦΥΤΕΥΜΑΤΟΣ ΠΟΛΛΑΠΛΩΝ ΣΤΟΙΧΕΙΩΝ ΚΑΤΑ ΤΗ ΔΙΑΡΚΕΙΑ ΤΗΣ ΙΔΙΑΣ ΕΠΕΜΒΑΣΗΣ· ΠΕΡΙΛΑΜΒΑΝΕΙ ΚΑΤΑΙΟΝΗΣΗ ΚΑΙ ΧΕΙΡΟΥΡΓΙΚΟ ΚΑΘΑΡΙΣΜΟ ΤΟΥ ΜΟΛΥΣΜΕΝΟΥ ΙΣΤΟΥ;;;;;
5329;X688799;ΠΑΡΑΚΑΜΨΗ ΣΗΡΑΓΓΩΔΗ ΣΩΜΑΤΑ-ΣΑΦΗΝΗΣ ΦΛΕΒΑ (ΕΠΕΜΒΑΣΗ ΠΡΙΑΠΙΣΜΟΥ) ΕΤΕΡΟΠΛΕΥΡΗ Ή ΑΜΦΟΤΕΡΟΠΛΕΥΡΗ;;;;;
5330;X688819;ΠΑΡΑΚΑΜΨΗ ΣΗΡΑΓΓΩΔΗ ΣΩΜΑΤΑ- ΣΠΟΓΓΩΔΕΣ ΣΩΜΑ (ΕΠΕΜΒΑΣΗ ΠΡΙΑΠΙΣΜΟΥ), ΕΤΕΡΟΠΛΕΥΡΗ Ή ΑΜΦΟΤΕΡΟΠΛΕΥΡΗ;;;;;
5331;X688829;ΣΗΡΙΓΓΟΠΟΙΗΣΗ ΣΗΡΑΓΓΩΔΗ ΣΩΜΑΤΑ-ΒΑΛΑΝΟΣ (ΠΧ, ΒΕΛΟΝΑ ΒΙΟΨΙΑΣ, ΕΠΕΜΒΑΣΗ ΚΑΤΑ WINTER ΛΑΒΙΔΑ RONGEUR, Ή ΒΙΟΨΙΑ ΜΕ ΔΙΑΤΡΗΤΗΡΑ) ΓΙΑ ΠΡΙΑΠΙΣΜΟ;;;;;
5332;X688839;ΠΛΑΣΤΙΚΗ ΕΠΕΜΒΑΣΗ ΓΙΑ ΤΡΑΥΜΑ ΠΕΟΥΣ;;;;;
5333;X688859;ΧΕΙΡΙΣΜΟΣ ΑΚΡΟΠΟΣΘΙΑΣ· ΠΕΡΙΛΑΜΒΑΝΕΙ ΛΥΣΗ ΣΥΜΦΥΣΕΩΝ ΑΚΡΟΠΟΣΘΙΑΣ ΚΑΙ ΔΙΑΤΑΣΗ;;;;;
5334;X688959;ΒΙΟΨΙΑ ΟΡΧΕΩΝ, ΒΕΛΟΝΑ (ΞΕΧΩΡΙΣΤΗ ΕΠΕΜΒΑΣΗ);;;;;
5335;X688969;ΒΙΟΨΙΑ ΟΡΧΕΩΝ, ΜΕ ΤΟΜΗ (ΞΕΧΩΡΙΣΤΗ ΕΠΕΜΒΑΣΗ);;;;;
5336;X688983;ΕΚΤΟΜΗ ΕΞΩΠΑΡΕΓΧΥΜΑΤΙΚΗΣ ΒΛΑΒΗΣ ΤΟΥ ΟΡΧΙ;;;;;
5337;X688999;ΟΡΧΕΚΤΟΜΗ, ΑΠΛΗ (ΠΕΡΙΛΑΜΒΑΝΟΜΕΝΟΥ ΤΟΥ ΥΠΟΚΑΨΙΚΟΥ), ΜΕ Η ΧΩΡΙΣ ΟΡΧΙΚΟ ΕΜΦΥΤΕΥΜΑ, ΟΣΧΕΪΚΗ Η ΒΟΥΒΩΝΙΚΗ ΠΡΟΣΠΕΛΑΣΗ;;;;;
5338;X689003;ΟΡΧΕΚΤΟΜΗ, ΜΕΡΙΚΗ;;;;;
5339;X689019;ΟΡΧΕΚΤΟΜΗ, ΡΙΖΙΚΗ, ΓΙΑ ΟΓΚΟ· ΒΟΥΒΩΝΙΚΗ ΠΡΟΣΠΕΛΑΣΗ;;;;;
5340;X689029;ΟΡΧΕΚΤΟΜΗ, ΡΙΖΙΚΗ, ΓΙΑ ΟΓΚΟ· ΜΕ ΚΟΙΛΙΑΚΗ ΔΙΕΡΕΥΝΗ;;;;;
5341;X689059;ΔΙΕΡΕΥΝΗΣΗ ΓΙΑ ΚΡΥΨΟΡΧΙΑ (ΒΟΥΒΩΝΙΚΗ Ή ΟΣΧΕΙΚΗ ΠΕΡΙΟΧΗ);;;;;
5342;X689079;ΔΙΕΡΕΥΝΗΣΗ ΓΙΑ ΚΡΥΨΟΡΧΙΑ ΜΕ ΚΟΙΛΙΑΚΗ ΔΙΕΡΕΥΝΗΣΗ;;;;;
5343;X689159;ΑΠΟΚΑΤΑΣΤΑΣΗ ΣΥΣΤΡΟΦΗΣ ΟΡΧΗ, ΧΕΙΡΟΥΡΓΙΚΗ, ΜΕ Ή ΧΩΡΙΣ ΚΑΘΗΛΩΣΗ ΤΟΥ ΑΝΤΙΠΛΕΥΡΟΥ ΟΡΧΗ;;;;;
5344;X689199;ΚΑΘΗΛΩΣΗ ΑΝΤΙΠΛΕΥΡΟΥ ΟΡΧΙ (ΞΕΧΩΡΙΣΤΗ ΕΠΕΜΒΑΣΗ);;;;;
5345;X689239;ΟΡΧΕΟΠΗΞΙΑ, ΒΟΥΒΩΝΙΚΗ ΠΡΟΣΠΕΛΑΣΗ, ΜΕ Ή ΧΩΡΙΣ ΑΠΟΚΑΤΑΣΤΑΣΗ ΚΗΛΗΣ;;;;;
5346;X689259;ΟΡΧΕΟΠΗΞΙΑ, ΚΟΙΛΙΑΚΗ ΠΡΟΣΠΕΛΑΣΗ, ΓΙΑ ΕΝΔΟΚΟΙΛΙΑΚΟ ΟΡΧΙ (ΠΧ, FOWLER-STEPHENS);;;;;
5347;X689279;ΕΙΣΑΓΩΓΗ ΟΡΧΙΚΗΣ ΠΡΟΘΕΣΗΣ;;;;;
5348;X689299;ΣΥΡΡΑΦΗ Η ΑΠΟΚΑΤΑΣΤΑΣΗ ΟΡΧΙΚΟΥ ΤΡΑΥΜΑΤΟΣ;;;;;
5349;X689319;ΜΕΤΑΦΟΡΑ ΟΡΧΙ (ΕΩΝ) ΣΤΟΝ ΜΗΡΟ (ΛΟΓΩ ΚΑΤΑΣΤΡΟΦΗΣ ΤΟΥ ΟΣΧΕΟΣ;;;;;
5350;X689339;ΛΑΠΑΡΟΣΚΟΠΗΣΗ, ΧΕΙΡΟΥΡΓΙΚΗ· ΟΡΧΕΚΤΟΜΗ;;;;;
5351;X689343;ΛΑΠΑΡΟΣΚΟΠΗΣΗ, ΧΕΙΡΟΥΡΓΙΚΗ· ΟΡΧΕΚΤΟΜΗ ΓΙΑ ΕΝΔΟΚΟΙΛΙΑΚΟ ΟΡΧΗ;;;;;
5352;X689357;ΜΗ ΚΑΤΑΓΕΓΡΑΜΜΕΝΗ ΔΙΑΔΙΚΑΣΙΑ ΛΑΠΑΡΟΣΚΟΠΗΣΗΣ, ΟΡΧΙΣ;;;;;
5353;X689357.1;ΡΟΜΠΟΤΙΚΗ, ΧΕΙΡΟΥΡΓΙΚΗ· ΟΡΧΕΚΤΟΜΗ;;;;;
5354;X689357.2;ΡΟΜΠΟΤΙΚΗ, ΧΕΙΡΟΥΡΓΙΚΗ· ΟΡΧΕΚΤΟΜΗ ΓΙΑ ΕΝΔΟΚΟΙΛΙΑΚΟ ΟΡΧΙ;;;;;
5355;X689359;ΤΟΜΗ ΚΑΙ ΠΑΡΟΧΕΤΕΥΣΗ ΕΠΙΔΙΔΥΜΙΔΑΣ, ΟΡΧΙ 'Η/ΚΑΙ ΟΣΧΕΙΚΟΥ ΧΩΡΟΥ (ΠΧ, ΑΠΟΣΤΗΜΑ Ή ΑΙΜΑΤΩΜΑ);;;;;
5356;X689559;ΒΙΟΨΙΑ ΕΠΙΔΙΔΥΜΙΔΑΣ, ΒΕΛΟΝΑ;;;;;
5357;X689619;ΕΚΤΟΜΗ ΤΟΠΙΚΗΣ ΒΛΑΒΗΣ ΕΠΙΔΙΔΥΜΙΔΑΣ;;;;;
5358;X689639;ΕΚΤΟΜΗ ΣΠΕΡΜΑΤΟΚΗΛΗΣ, ΜΕ Ή ΧΩΡΙΣ ΕΚΤΟΜΗ ΕΠΙΔΙΔΥΜΙΔΑΣ;;;;;
5359;X689679;ΕΚΤΟΜΗ ΕΠΙΔΙΔΥΜΙΔΑΣ· ΕΤΕΡΟΠΛΕΥΡΗ;;;;;
5360;X689681;ΕΚΤΟΜΗ ΕΠΙΔΙΔΥΜΙΔΑΣ· ΑΜΦΟΤΕΡΟΠΛΕΥΡΗ;;;;;
5361;X689689;ΔΙΕΡΕΥΝΗΣΗ ΕΠΙΔΙΔΥΜΙΔΑΣ, ΜΕ Ή ΧΩΡΙΣ ΒΙΟΨΙΑ;;;;;
5362;X689759;ΧΕΙΡΟΥΡΓΙΚΗ ΑΝΑΣΤΟΜΩΣΗ ΤΗΣ ΕΠΙΔΙΔΥΜΙΔΑΣ ΜΕ ΤΟΝ ΣΠΕΡΜΑΤΙΚΟ ΠΟΡΟ· ΕΤΕΡΟΠΛΕΥΡΑ;;;;;
5363;X689761;ΧΕΙΡΟΥΡΓΙΚΗ ΑΝΑΣΤΟΜΩΣΗ ΤΗΣ ΕΠΙΔΙΔΥΜΙΔΑΣ ΜΕ ΤΟΝ ΣΠΕΡΜΑΤΙΚΟ ΠΟΡΟ· ΑΜΦΟΤΕΡΟΠΛΕΥΡΗ;;;;;
5364;X689959;ΠΑΡΑΚΕΝΤΗΣΗ ΜΕ ΑΝΑΡΡΟΦΗΣΗ ΤΗΣ ΥΔΡΟΚΗΛΗΣ, ΕΛΥΤΡΟΕΙΔΗΣ ΧΙΤΩΝΑΣ, ΜΕ 'Η ΧΩΡΙΣ ΕΝΕΣΗ ΦΑΡΜΑΚΟΥ;;;;;
5365;X690039;ΕΚΤΟΜΗ ΥΔΡΟΚΗΛΗΣ· ΕΤΕΡΟΠΛΕΥΡΗ;;;;;
5366;X690041;ΕΚΤΟΜΗ ΥΔΡΟΚΗΛΗΣ· ΑΜΦΟΤΕΡΟΠΛΕΥΡΗ;;;;;
5367;X690079;ΑΝΕΝΕΡΓΟΣ;;;;;
5368;X690159;ΠΑΡΟΧΕΤΕΥΣΗ ΑΠΟΣΤΗΜΑΤΟΣ ΑΠΟ ΤΟ ΤΟΙΧΩΜΑ ΤΟΥ ΟΣΧΕΟΥ;;;;;
5369;X690179;ΔΙΕΡΕΥΝΗΣΗ ΟΣΧΕΟΥ;;;;;
5370;X690199;ΑΦΑΙΡΕΣΗ ΤΟΥ ΞΕΝΟΥ ΣΩΜΑΤΟΣ ΑΠΟ ΤΟ ΟΣΧΕΟ;;;;;
5371;X690259;ΕΚΤΟΜΗ ΤΟΥ ΟΣΧΕΟΥ;;;;;
5372;X690309;ΟΣΧΕΟΠΛΑΣΤΙΚΗ· ΑΠΛΗ;;;;;
5373;X690319;ΟΣΧΕΟΠΛΑΣΤΙΚΗ· ΕΠΙΠΛΕΓΜΕΝΗ;;;;;
5374;X690359;ΑΝΕΝΕΡΓΟΣ;;;;;
5375;X690459;ΑΝΕΝΕΡΓΟΣ;;;;;
5376;X690559;ΤΟΜΗ ΠΟΡΟΥ ΓΙΑ ΠΟΡΟΓΡΑΦΙΑ, ΑΠΕΙΚΟΝΙΣΗ ΣΠΕΡΜΑΤΟΔΟΧΩΝ ΚΥΣΤΕΩΝ Ή ΕΠΙΔΙΔΥΜIΔΑΣ, ΕΤΕΡΟΠΛΕΥΡΗ Ή ΑΜΦΟΤΕΡΟΠΛΕΥΡΗ;;;;;
5377;X690759;ΑΝΑΣΤOΜΩΣΗ ΣΠΕΡΜΑΤΙΚΟΥ ΠΟΡΟΥ, ΠΟΡΟΡΡΑΦΙΑ;;;;;
5378;X690859;ΑΠΟΛΙΝΩΣΗ ΣΠΕΡΜΑΤΙΚΟΥ ΠΟΡΟΥ, ΕΤΕΡΟΠΛΕΥΡΗ Ή ΑΜΦΟΤΕΡΟΠΛΕΥΡΗ;;;;;
5379;X690959;ΑΝΕΝΕΡΓΟΣ;;;;;
5380;X690999;ΕΚΤΟΜΗ ΒΛΑΒΗΣ ΣΠΕΡΜΑΤΙΚΟΥ ΤΟΝΟΥ, ΕΤΕΡΟΠΛΕΥΡΗ (ΞΕΧΩΡΙΣΤΗ ΕΠΕΜΒΑΣΗ);;;;;
5381;X691019;ΑΠΟΛIΝΩΣΗ ΣΠΕΡΜΑΤΙΚΩΝ ΦΛΕΒΩΝ ΓΙΑ ΚΙΡΣΟΚΗΛΗ· (ΞΕΧΩΡΙΣΤΗ ΔΙΑΔΙΚΑΣΙΑ);;;;;
5382;X691029; ΑΠΟΛΙΝΩΣΗ ΣΠΕΡΜΑΤΙΚΩΝ ΦΛΕΒΩΝ ΓΙΑ ΚΙΡΣΟΚΗΛΗ ΚΟΙΛΙΑΚΗ ΠΡΟΣΠΕΛΑΣΗ;;;;;
5383;X691039; ΑΠΟΛΙΝΩΣΗ ΣΠΕΡΜΑΤΙΚΩΝ ΦΛΕΒΩΝ ΓΙΑ ΚΙΡΣΟΚΗΛΗ ΜΕ ΑΠΟΚΑΤΑΣΤΑΣΗ ΚΟΙΛΗΣ;;;;;
5384;X691059;ΛΑΠΑΡΟΣΚΟΠΗΣΗ, ΧΕΙΡΟΥΡΓΙΚΗ, ΜΕ ΑΠΟΛΙΝΩΣΗ ΣΠΕΡΜΑΤΙΚΩΝ ΦΛΕΒΩΝ ΓΙΑ ΚΙΡΣΟΚΗΛΗ;;;;;
5385;X691077;ΜΗ ΚΑΤΑΓΕΓΡΑΜΜΕΝΗ ΔΙΑΔΙΚΑΣΙΑ ΛΑΠΑΡΟΣΚΟΠΗΣΗΣ, ΣΠΕΡΜΑΤΙΚΟΣ ΤΟΝΟΣ;;;;;
5386;X691077.1;ΡΟΜΠΟΤΙΚΗ, ΧΕΙΡΟΥΡΓΙΚΗ, ΜΕ ΑΠΟΛΙΝΩΣΗ ΣΠΕΡΜΑΤΙΚΩΝ ΦΛΕΒΩΝ ΓΙΑ ΚΙΡΣΟΚΗΛΗ;;;;;
5387;X691159;ΠΑΡΑΚΕΝΤΗΣΗ ΣΠΕΡΜΑΤΟΔΟΧΟΥ ΚΥΣΤΗΣ;;;;;
5388;X691169;ΑΝΕΝΕΡΓΟΣ;;;;;
5389;X691259;ΕΚΤΟΜΗ ΣΠΕΡΜΑΤΟΔΟΧΟΥ ΚΥΣΤΗΣ, ΟΠΟΙΑΔΗΠΟΤΕ ΠΡΟΣΠΕΛΑΣΗ;;;;;
5390;X691319;ΕΚΤΟΜΗ ΚΥΣΤΗΣ ΠΟΡΩΝ ΤΟΥ MULLER;;;;;
5391;X691359;ΑΝΕΝΕΡΓΟΣ;;;;;
5392;X691369;ΒΙΟΨΙΑ, ΠΡΟΣΤΑΤΗΣ, ΜΕΡΙΚΟΣ, ΟΠΟΙΑΔΗΠΟΤΕ (ΔΙΟΡΘΙΚΗ Η΄ ΔΙΑΠΕΡΙΝΕΪΚΗ) ΠΡΟΣΠΕΛΑΣΗ;;;;;
5393;X691371;ΑΝΕΝΕΡΓΟΣ;;;;;
5394;X691399;ΑΝΕΝΕΡΓΟΣ;;;;;
5395;X691409;ΑΝΕΝΕΡΓΟΣ;;;;;
5396;X691561;ΑΝΕΝΕΡΓΟΣ;;;;;
5397;X691579;ΑΦΑΙΡΕΣΗ ΠΡΟΣΤΑΤΗ, ΠΕΡΙΝΕΪΚΗ ΡΙΖΙΚΗ;;;;;
5398;X691583;ΑΝΕΝΕΡΓΟΣ;;;;;
5399;X691589;ΠΡΟΣΤΑΤΕΚΤΟΜΗ, ΠΕΡΙΝΕΪΚΗ, ΡΙΖΙΚΗ, ΜΕ ΛΕΜΦΑΔΕΝΕΚΤΟΜΗ;;;;;
5400;X691601;ΑΝΕΝΕΡΓΟΣ;;;;;
5401;X691621;ΑΝΕΝΕΡΓΟΣ;;;;;
5402;X691639;ΠΡΟΣΤΑΤΕΚΤΟΜΗ, ΟΠΙΣΘΟΗΒΙΚΗ, ΡΙΖΙΚΗ, ΜΕ Ή ΧΩΡΙΣ ΔΙΑΤΗΡΗΣΗ ΤΟΥ ΑΓΓΕΙΟ-ΝΕΥΡΩΔΟΥΣ ΔΕΜΑΤΙΟΥ;;;;;
5403;X691643;ΠΡΟΣΤΑΤΕΚΤΟΜΗ, ΟΠΙΣΘΟΗΒΙΚΗ, ΡΙΖΙΚΗ, ΜΕ Ή ΧΩΡΙΣ ΔΙΑΤΗΡΗΣΗ ΤΟΥ ΑΓΓΕΙΟ-ΝΕΥΡΩΔΟΥΣ ΔΕΜΑΤΙΟΥ. ΜΕ ΒΙΟΨΙΑ(ΕΣ) ΛΕΜΦΑΔΕΝΩΝ;;;;;
5404;X691649;ΑΝΕΝΕΡΓΟΣ;;;;;
5405;X691679;ΑΠΟΚΑΛΥΨΗ ΠΡΟΣΤΑΤΗ, ΟΠΟΙΑΔΗΠΟΤΕ ΠΡΟΣΠΕΛΑΣΗ, ΓΙΑ ΕΙΣΑΓΩΓΗ ΡΑΔΙΕΝΕΡΓΗΣ ΟΥΣΙΑΣ;;;;;
5406;X691683;ΑΠΟΚΑΛΥΨΗ ΠΡΟΣΤΑΤΗ, ΟΠΟΙΑΔΗΠΟΤΕ ΠΡΟΣΠΕΛΑΣΗ, ΓΙΑ ΕΙΣΑΓΩΓΗ ΡΑΔΙΕΝΕΡΓΗΣ ΟΥΣΙΑΣ, ΜΕ ΒΙΟΨΙΑ(ΕΣ) ΛΕΜΦΑΔΕΝΩΝ (ΠΕΡΙΟΡΙΣΜΕΝΗ ΕΚΤΟΜΗ ΠΥΕΛΙΚΩΝ ΛΕΜΦΑΔΕΝΩΝ);;;;;
5407;X691689;ΑΠΟΚΑΛΥΨΗ ΠΡΟΣΤΑΤΗ, ΟΠΟΙΑΔΗΠΟΤΕ ΠΡΟΣΠΕΛΑΣΗ, ΓΙΑ ΕΙΣΑΓΩΓΗ ΡΑΔΙΕΝΕΡΓΗΣ ΟΥΣΙΑΣ, ΑΜΦΙΠΛΕΥΡΗ ΕΚΤΟΜΗ ΠΥΕΛΙΚΩΝ ΛΕΜΦΑΔΕΝΩΝ, ΣΥΜΠΕΡΙΛΑΜΒΑΝΟΜΕΝΩΝ ΕΞΩΤΕΡΙΚΩΝ ΛΑΓΟΝΙΩΝ, ΥΠΟΓΑΣΤΡΙΚΩΝ ΚΑΙ ΘΥΡΟΕΙΔΩΝ ΛΕΜΦΑΔΕΝΩΝ;;;;;
5408;X691691;ΛΑΠΑΡΟΣΚΟΠΙΚΗ ΡΙΖΙΚΗ ΠΡΟΣΤΑΤΕΚΤΟΜΗ;;;;;
5409;X691699;ΗΛΕΚΤΡΟ-ΕΚΣΠΕΡΜΑΤΙΣΗ;;;;;
5410;X691705;ΚΡΥΟΧΕΙΡΟΥΡΓΙΚΗ ΑΦΑΙΡΕΣΗ ΤΟΥ ΠΡΟΣΤΑΤΗ (ΣΥΜΠΕΡΙΛΑΜΒΑΝΕΙ ΚΑΘΟΔΗΓΗΣΗ ΜΕ ΥΠΕΡΗΧΟ ΓΙΑ ΕΙΣΑΓΩΓΗ ΤΟΥ ΚΡΥΟΧΕΙΡΟΥΡΓΙΚΟΥ ΚΑΘΕΤΗΡΑ);;;;;
5411;X691709;ΔΙΑΠΕΡΙΝΕΪΚΗ ΤΟΠΟΘΕΤΗΣΗ ΒΕΛΟΝΩΝ Η ΚΑΘΕΤΗΡΩΝ ΣΤΟΝ ΠΡΟΣΤΑΤΗ ΓΙΑ ΕΝΔΟΙΣΤΙΚΗ ΕΦΑΡΜΟΓΗ ΡΑΔΙΟΙΣΟΤΟΠΩΝ, ΜΕ Η ΧΩΡΙΣ ΚΥΣΤΕΟΣΚΟΠΗΣΗ;;;;;
5412;X691711;ΤΟΠΟΘΕΤΗΣΗ ΕΝΔΟΪΣΤΙΚΗΣ(ΩΝ) ΣΥΣΚΕΥΗΣ(ΩΝ) ΓΙΑ ΚΑΘΟΔΗΓΗΣΗ ΑΚΤΙΝΟΘΕΡΑΠΕΙΑΣ (Π.Χ. ΑΠΕΙΚΟΝΙΣΤΙΚΟ ΣΗΜΑΔΙ (MARKER), ΔΟΣΙΜΕΤΡΟ) ΠΡΟΣΤΑΤΗ (ΜΕΣΩ ΒΕΛΟΝΑΣ, ΚΑΘΕ ΠΡΟΣΠΕΛΑΣΗ ΜΟΝΗ Η ΠΟΛΛΑΠΛΗ;;;;;
5413;X691757;ΜΗ ΚΑΤΑΓΕΓΡΑΜΜΕΝΗ ΔΙΑΔΙΚΑΣΙΑ, ΑΝΤΡΙΚΟ ΓΕΝΝΗΤΙΚΟ ΣΥΣΤΗΜΑ;;;;;
5414;X691757.1;ΡΟΜΠΟΤΙΚΗ ΡΙΖΙΚΗ ΠΡΟΣΤΑΤΕΚΤΟΜΗ;;;;;
5415;X691799;(ΕΚΤΟΣ ΑΠΟ ΤΟΝ ΠΡΟΣΤΑΤΗ) ΓΙΑ ΜΕΤΕΠΕΙΤΑ ΕΝΔΟΪΣΤΙΚΗ ΡΑΔΙΕΝΕΡΓΗ ΕΦΑΡΜΟΓΗ;;;;;
5416;X691899;ΕΓΧΕΙΡΙΣΗ ΑΛΛΑΓΗΣ ΦΥΛΟΥ, ΑΝΤΡΑΣ ΣΕ ΓΥΝΑΙΚΑ;;;;;
Β.24;ΓΥΝΑΙΚΕΙΟ ΓΕΝΝΗΤΙΚΟ ΣΥΣΤΗΜΑ – ΚΥΗΣΗ – ΤΟΚΕΤΟΣ;;;;;;
5417;X691919;ΕΓΧΕΙΡΙΣΗ ΑΛΛΑΓΗΣ ΦΥΛΟΥ, ΓΥΝΑΙΚΑ ΣΕ ΑΝΤΡΑ;;;;;
5418;X692769;ΤΟΜΗ ΚΑΙ ΠΑΡΟΧΕΤΕΥΣΗ ΑΙΔΟΙΪΚΟΥ Ή ΠΕΡΙΝΕΪΚΟΥ ΑΠΟΣΤΗΜΑΤΟΣ;;;;;
5419;X692799;ΤΟΜΗ ΚΑΙ ΠΑΡΟΧΕΤΕΥΣΗ ΑΠΟΣΤΗΜΑΤΟΣ ΒΑΡΘΟΛΙΝΕΙΟΥ ΑΔΕΝΟΣ;;;;;
5420;X692839;ΜΑΡΣΙΠΟΠΟΙΗΣΗ ΒΑΡΘΟΛΙΝΕΙΟΥ ΑΔΕΝΟΣ;;;;;
5421;X692841;ΣΥΜΜΙΣΗ ΧΕΙΛΕΩΝ;;;;;
5422;X692843;ΔΙΑΝΟΙΞΗ ΠΑΡΘΕΝΙΚΟΥ ΥΜΕΝΟΣ;;;;;
5423;X692961; ΚΑΤΑΣΤΡΟΦΗ ΒΛΑΒΩΝ ΑΙΔΟΙΟΥ, ΜΕΧΡΙ 5 ΒΛΑΒΕΣ (ΕΠΕΜΒΑΣΗ ΜΕ LASER, ΗΛΕΚΤΡΟΧΕΙΡΟΥΡΓΙΚΗ, ΚΡΥΟΧΕΙΡΟΥΡΓΙΚΗ,  ΧΕΙΡΟΥΡΓΙΚΗ);;;;;
5424;X692989; ΚΑΤΑΣΤΡΟΦΗ ΒΛΑΒΩΝ ΑΙΔΟΙΟΥ, ΠΕΡΙΣΣΟΤΕΡΕΣ ΑΠΌ 5 ΒΛΑΒΕΣ (ΕΠΕΜΒΑΣΗ ΜΕ LASER, ΗΛΕΚΤΡΟΧΕΙΡΟΥΡΓΙΚΗ, ΚΡΥΟΧΕΙΡΟΥΡΓΙΚΗ,  ΧΕΙΡΟΥΡΓΙΚΗ);;;;;
5425;X693169;ΒΙΟΨΙΑ ΑΙΔΟΙΟΥ Η ΠΕΡΙΝΕΟΥ (ΞΕΧΩΡΙΣΤΗ ΔΙΑΔΙΚΑΣΙΑ), ΜΙΑ ΒΛΑΒΗ;;;;;
5426;X693171;ΒΙΟΨΙΑ ΑΙΔΟΙΟΥ Η ΠΕΡΙΝΕΟΥ (ΞΕΧΩΡΙΣΤΗ ΔΙΑΔΙΚΑΣΙΑ), ΓΙΑ ΚΑΘΕ ΒΛΑΒΗ (ΚΑΤΑΓΡΑΦΕΤΑΙ ΞΕΧΩΡΙΣΤΑ ΜΑΖΙ ΜΕ ΤΟΝ ΚΩΔΙΚΟΣ ΓΙΑ ΤΗΝ ΚΥΡΙΑ ΔΙΑΔΙΚΑΣΙΑ;;;;;
5427;X693199;ΜΕΡΙΚΗ ΑΙΔΟΙΕΚΤΟΜΗ. ΑΠΛΗ;;;;;
5428;X693209;ΟΛΙΚΗ ΑΙΔΟΙΕΚΤΟΜΗ. ΑΠΛΗ;;;;;
5429;X693219;ΜΕΡΙΚΗ ΑΙΔΟΙΕΚΤΟΜΗ. ΡΙΖΙΚΗ;;;;;
5430;X693221;ΜΕΡΙΚΗ ΑΙΔΟΙΕΚΤΟΜΗ. ΡΙΖΙΚΗ, ΜΕ ΜΟΝΟΠΛΕΥΡΟ ΜΗΡΟΒΟΥΒΩΝΙΚΟ  ΛΕΜΦΑΔΕΝΙΚΟ ΚΑΘΑΡΙΣΜΟ;;;;;
5431;X693223;ΜΕΡΙΚΗ ΑΙΔΟΙΕΚΤΟΜΗ. ΡΙΖΙΚΗ, ΜΕ ΑΜΦΟΤΕΡΟΠΛΕΥΡΟ ΜΗΡΟΒΟΥΒΩΝΙΚΟ  ΛΕΜΦΑΔΕΝΙΚΟ ΚΑΘΑΡΙΣΜΟ;;;;;
5432;X693225;ΟΛΙΚΗ ΡΙΖΙΚΗ ΑΙΔΟΙΕΚΤΟΜΗ;;;;;
5433;X693227;ΟΛΙΚΗ ΡΙΖΙΚΗ ΑΙΔΟΙΕΚΤΟΜΗ ΜΕ ΜΟΝΟΠΛΕΥΡΟ ΜΗΡΟΒΟΥΒΩΝΙΚΟ  ΛΕΜΦΑΔΕΝΙΚΟ ΚΑΘΑΡΙΣΜΟ;;;;;
5434;X693233;ΟΛΙΚΗ ΡΙΖΙΚΗ ΑΙΔΟΙΕΚΤΟΜΗ ΜΕ ΑΜΦΟΤΕΡΟΠΛΕΥΡΟ ΜΗΡΟΒΟΥΒΩΝΙΚΟ  ΛΕΜΦΑΔΕΝΙΚΟ ΚΑΘΑΡΙΣΜΟ;;;;;
5435;X693239;ΟΛΙΚΗ ΡΙΖΙΚΗ ΑΙΔΟΙΕΚΤΟΜΗ ΜΕ  ΜΗΡΟΒΟΥΒΩΝΙΚΟ, ΑΟΡΤΟΛΑΓΟΝΙΟ ΚΑΙ ΠΥΕΛΙΚΟ  ΛΕΜΦΑΔΕΝΙΚΟ ΚΑΘΑΡΙΣΜΟ;;;;;
5436;X693359;ΜΕΡΙΚΗ ΕΚΤΟΜΗ ΠΑΡΘΕΝΙΚΟΥ ΥΜΕΝΟΣ;;;;;
5437;X693439;ΕΚΤΟΜΗ ΒΑΡΘΟΛΙΝΕΙΟΥ ΑΔΕΝΟΣ Ή ΚΥΣΤΗΣ;;;;;
5438;X693559;ΠΛΑΣΤΙΚΗ ΑΠΟΚΑΤΑΣΤΑΣΗ ΕΙΣΟΔΟΥ ΚΟΛΠΟΥ;;;;;
5439;X693569;ΚΛΕΙΤΟΡΙΔΟΠΛΑΣΤΙΚΗ ΣΕ ΕΡΜΑΦΡΟΔΙΤΙΣΜΟ;;;;;
5440;X693579;ΠΕΡΙΝΕΟΠΛΑΣΤΙΚΗ, ΑΠΟΚΑΤΑΣΤΑΣΗ ΠΕΡΙΝΕΟΥ, ΜΗ-ΜΑΙΕΥΤΙΚΗ (ΞΕΧΩΡΙΣΤΗ ΔΙΑΔΙΚΑΣΙΑ);;;;;
5441;X693599;ΚΟΛΠΟΣΚΟΠΗΣΗ ΑΙΔΟΙΟΥ;;;;;
5442;X693601;ΚΟΛΠΟΣΚΟΠΗΣΗ ΑΙΔΟΙΟΥ, ΜΕ ΒΙΟΨΙΑ(ΕΣ);;;;;
5443;X693959;ΚΟΛΠΟΤΟΜΗ. ΜΕ ΔΙΕΡΕΥΝΗΣΗ;;;;;
5444;X693979;ΚΟΛΠΟΤΟΜΗ, ΜΕ ΠΑΡΟΧΕΤΕΥΣΗ ΠΥΕΛΙΚΟΥ ΑΠΟΣΤΗΜΑΤΟΣ;;;;;
5445;X693999;ΠΑΡΑΚΕΝΤΗΣΗ ΚΟΛΠΟΥ (ΞΕΧΩΡΙΣΤΗ ΔΙΑΔΙΚΑΣΙΑ);;;;;
5446;X694003;ΤΟΜΗ ΚΑΙ ΠΑΡΟΧΕΤΕΥΣΗ ΚΟΛΠΙΚΟΥ ΑΙΜΑΤΩΜΑΤΟΣ, ΜΑΙΕΥΤΙΚΗ/ΕΠΙΛΟΧΕΙΑ;;;;;
5447;X694005;ΤΟΜΗ ΚΑΙ ΠΑΡΟΧΕΤΕΥΣΗ ΚΟΛΠΙΚΟΥ ΑΙΜΑΤΩΜΑΤΟΣ, ΜΗ-ΜΑΙΕΥΤΙΚΗ ΜΕΤΑΤΡΑΥΜΑΤΙΚΗ, ΑΥΤΟΜΑΤΗ ΑΙΜΟΡΡΑΓΙΑ);;;;;
5448;X694081;ΚΑΤΑΣΤΡΟΦΗ ΚΟΛΠΙΚΩΝ ΒΛΑΒΩΝ, ΑΠΛΗ (ΕΠΕΜΒΑΣΗ ΜΕ LASER, ΗΛΕΚΤΡΟΧΕΙΡΟΥΡΓΙΚΗ, ΚΡΥΟΧΕΙΡΟΥΡΓΙΚΗ, ΧΗΜΙΚΗ ΧΕΙΡΟΥΡΓΙΚΗ);;;;;
5449;X694089;ΚΑΤΑΣΤΡΟΦΗ ΕΚΤΕΤΑΜΕΝΩΝ ΚΟΛΠΙΚΩΝ ΒΛΑΒΩΝ, ΣΥΝΘΕΤΗ (ΕΠΕΜΒΑΣΗ ΜΕ LASER, ΗΛΕΚΤΡΟΧΕΙΡΟΥΡΓΙΚΗ, ΚΡΥΟΧΕΙΡΟΥΡΓΙΚΗ, ΧΗΜΙΚΗ ΧΕΙΡΟΥΡΓΙΚΗ);;;;;
5450;X694159;ΑΠΛΗ ΒΙΟΨΙΑ ΒΛΕΝΝΟΓΟΝΟΥ ΚΟΛΠΟΥ (ΞΕΧΩΡΙΣΤΗ ΔΙΑΔΙΚΑΣΙΑ);;;;;
5451;X694169;ΕΥΡΕΙΑ ΒΙΟΨΙΑ ΚΟΛΠΙΚΟΥ ΒΛΕΝΝΟΓΟΝΟΥ. ΑΠΑΙΤΕΙΤΑΙ ΧΡΗΣΗ ΡΑΜΜΑΤΩΝ (ΣΥΜΠΕΡΙΛΑΜΒΑΝΟΜΕΝΩΝ ΚΥΣΤΕΩΝ);;;;;
5452;X694171;ΕΚΤΟΜΗ ΚΟΛΠΟΥ, ΜΕΡΙΚΗ ΑΦΑΙΡΕΣΗ ΤΟΥ ΚΟΛΠΙΚΟΥ ΤΟΙΧΩΜΑΤΟΣ,;;;;;
5453;X694173;ΕΚΤΟΜΗ ΚΟΛΠΟΥ, ΜΕΡΙΚΗ ΑΦΑΙΡΕΣΗ ΤΟΥ ΚΟΛΠΙΚΟΥ ΤΟΙΧΩΜΑΤΟΣ, ΜΕ ΑΦΑΙΡΕΣΗ ΠΑΡΑΚΟΛΠΙΚΟΥ ΙΣΤΟΥ (ΡΙΖΙΚΗ ΕΚΤΟΜΗ ΚΟΛΠΟΥ);;;;;
5454;X694177;ΕΚΤΟΜΗ ΚΟΛΠΟΥ, ΜΕΡΙΚΗ ΑΦΑΙΡΕΣΗ ΤΟΥ ΚΟΛΠΙΚΟΥ ΤΟΙΧΩΜΑΤΟΣ, ΜΕ ΑΦΑΙΡΕΣΗ ΠΑΡΑΚΟΛΠΙΚΟΥ ΙΣΤΟΥ (ΡΙΖΙΚΗ ΕΚΤΟΜΗ ΚΟΛΠΟΥ), ΜΕ ΑΜΦΟΤΕΡΟΠΛΕΥΡΟ ΟΛΙΚΟ ΠΥΕΛΙΚΟ  ΛΕΜΦΑΔΕΝΙΚΟ ΚΑΘΑΡΙΣΜΟ ΚΑΙ ΠΑΡΑ-ΑΟΡΤΙΚΗ ΒΙΟΨΙΑ ΛΕΜΦΑΔΕΝΩΝ;;;;;
5455;X694179;ΕΚΤΟΜΗ ΚΟΛΠΟΥ, ΟΛΙΚΗ ΑΦΑΙΡΕΣΗ ΤΟΥ ΚΟΛΠΙΚΟΥ ΤΟΙΧΩΜΑΤΟΣ,;;;;;
5456;X694181;ΕΚΤΟΜΗ ΚΟΛΠΟΥ, ΟΛΙΚΗ ΑΦΑΙΡΕΣΗ ΤΟΥ ΚΟΛΠΙΚΟΥ ΤΟΙΧΩΜΑΤΟΣ, ΜΕ ΑΦΑΙΡΕΣΗ ΠΑΡΑΚΟΛΠΙΚΟΥ ΙΣΤΟΥ (ΡΙΖΙΚΗ ΕΚΤΟΜΗ ΚΟΛΠΟΥ);;;;;
5457;X694183;ΕΚΤΟΜΗ ΚΟΛΠΟΥ, ΟΛΙΚΗ ΑΦΑΙΡΕΣΗ ΤΟΥ ΚΟΛΠΙΚΟΥ ΤΟΙΧΩΜΑΤΟΣ, ΜΕ ΑΦΑΙΡΕΣΗ ΠΑΡΑΚΟΛΠΙΚΟΥ ΙΣΤΟΥ (ΡΙΖΙΚΗ ΕΚΤΟΜΗ ΚΟΛΠΟΥ), ΜΕ ΑΜΦΟΤΕΡΟΠΛΕΥΡΟ ΟΛΙΚΟ ΠΥΕΛΙΚΟ  ΛΕΜΦΑΔΕΝΙΚΟ ΚΑΘΑΡΙΣΜΟ ΚΑΙ ΠΑΡΑ-ΑΟΡΤΙΚΗ ΒΙΟΨΙΑ ΛΕΜΦΑΔΕΝΩΝ;;;;;
5458;X694199;ΚΟΛΠΟΚΛΕΙΣΗ  (ΤΥΠΟΥ LE FORT);;;;;
5459;X694219;ΕΚΤΟΜΗ ΚΟΛΠΙΚΟΥ ΔΙΑΦΡΑΓΜΑΤΟΣ;;;;;
5460;X694229;ΕΚΤΟΜΗ ΚΟΛΠΙΚΗΣ ΚΥΣΤΗΣ Ή ΟΓΚΟΥ;;;;;
5461;X694259;ΚΟΛΠΙΚΗ ΠΛΥΣΗ  ΚΑΙ/Ή ΕΦΑΡΜΟΓΗ ΦΑΡΜΑΚΟΥ ΓΙΑ ΘΕΡΑΠΕΙΑ  ΒΑΚΤΗΡΙΑΚΗΣ, ΠΑΡΑΣΙΤΙΚΗΣ Ή ΜΥΚΗΤΙΑΚΗΣ ΑΣΘΕΝΕΙΑΣ;;;;;
5462;X694269;ΕΙΣΑΓΩΓΗ ΚΟΛΠΙΚΩΝ ΕΦΑΡΜΟΓΕΩΝ ΓΙΑ ΒΡΑΧΥΘΕΡΑΠΕΙΑ;;;;;
5463;X694279;ΤΟΠΟΘΕΤΗΣΗ ΚΑΙ ΕΙΣΑΓΩΓΗ ΠΕΣΣΟΥ Ή ΑΛΛΗΣ ΕΝΔΟΚΟΛΠΙΚΗΣ ΣΥΣΚΕΥΗΣ ΥΠΟΣΤΗΡΙΞΗΣ;;;;;
5464;X694299;ΤΟΠΟΘΕΤΗΣΗ ΔΙΑΦΡΑΓΜΑΤΟΣ Ή ΤΡΑΧΗΛΙΚΟΥ ΠΕΡΙΒΛΗΜΑΤΟΣ ΜΕ ΟΔΗΓΙΕΣ;;;;;
5465;X694319;ΕΙΣΑΓΩΓΗ ΑΙΜΟΣΤΑΤΙΚΟΥ ΠΑΡΑΓΟΝΤΑ Ή ΕΠΙΘΕΜΑΤΟΣ ΓΙΑ ΑΥΤΟΜΑΤΗ Ή ΤΡΑΥΜΑΤΙΚΗ ΜΗ ΜΑΙΕΥΤΙΚΗ ΚΟΛΠΙΚΗ ΑΙΜΟΡΡΑΓΙΑ (ΞΕΧΩΡΙΣΤΗ ΔΙΑΔΙΚΑΣΙΑ);;;;;
5466;X694359;ΚΟΛΠΟΡΡΑΦΙΑ, ΣΥΡΡΑΦΗ ΤΡΑΥΜΑΤΟΣ ΤΟΥ ΚΟΛΠΟΥ (ΜΗ ΜΑΙΕΥΤΙΚΗ);;;;;
5467;X694379;ΚΟΛΠΟΠΕΡΙΝΕΟΡΡΑΦΙΑ, ΣΥΡΡΑΦΗ ΤΡΑΥΜΑΤΟΣ ΤΟΥ ΚΟΛΠΟΥ ΚΑΙ/Ή ΤΟΥ ΠΕΡΙΝΕΟΥ (ΜΗ ΜΑΙΕΥΤΙΚΗ);;;;;
5468;X694399;ΠΛΑΣΤΙΚΗ ΕΠΕΜΒΑΣΗ ΣΤΟΝ ΣΦΙΓΚΤΗΡΑ ΟΥΡΗΘΡΑΣ, ΚΟΛΠΙΚΗ ΠΡΟΣΠΕΛΑΣΗ  (ΠΧ.ΡΑΦΕΣ KELLY);;;;;
5469;X694419;ΠΛΑΣΤΙΚΗ  ΟΥΡΗΘΡΟΚΗΛΗΣ;;;;;
5470;X694439;ΠΡΟΣΘΙΑ ΚΟΛΠΟΡΑΦΗ, ΑΠΟΚΑΤΑΣΤΑΣΗ ΚΥΣΤΟΚΗΛΗΣ ΜΕ Ή ΧΩΡΙΣ ΑΠΟΚΑΤΑΣΤΑΣΗ ΟΥΡΗΘΡΟΚΗΛΗΣ;;;;;
5471;X694459;ΟΠΙΣΘΙΑ ΚΟΛΠΟΡΑΦΗ, ΑΠΟΚΑΤΑΣΤΑΣΗ ΟΡΘΟΚΗΛΗΣ ΜΕ Ή ΧΩΡΙΣ  ΠΕΡΙΝΕΟΡΡΑΦΙΑ;;;;;
5472;X694479;ΣΥΝΔΥΑΣΜΕΝΗ ΠΡΟΣΘΙΟΠΙΣΘΙΑ ΚΟΛΠΟΡΡΑΦΙΑ.;;;;;
5473;X694489;ΣΥΝΔΥΑΣΜΕΝΗ ΠΡΟΣΘΙΟΠΙΣΘΙΑ ΚΟΛΠΟΡΡΑΦΙΑ. ΜΕ ΑΠΟΚΑΤΑΣΤΑΣΗ ΕΝΤΕΡΟΚΗΛΗΣ;;;;;
5474;X694493;ΕΙΣΑΓΩΓΗ ΠΛΕΓΜΑΤΟΣ Ή ΑΛΛΗΣ ΠΡΟΘΕΣΗΣ ΓΙΑ ΑΠΟΚΑΤΑΣΤΑΣΗ ΕΛΛΕΙΜΑΤΟΣ ΠΥΕΛΙΚΟΥ ΕΔΑΦΟΥΣ, ΣΕ ΚΑΘΕ ΠΛΕΥΡΑ (ΠΡΟΣΘΙΟ, ΟΠΙΣΘΙΟ ΔΙΑΜΕΡΙΣΜΑ), ΚΟΛΠΙΚΗ ΠΡΟΣΠΕΛΑΣΗ (ΚΑΤΑΧΩΡΗΣΤΕ ΞΕΧΩΡΙΣΤΑ ΕΠΙΠΛΕΟΝ ΤΟΥ ΚΩΔΙΚΟΥ ΤΗΣ ΑΡΧΙΚΗΣ ΔΙΑΔΙΚΑΣΙΑΣ);;;;;
5475;X694495;ΑΠΟΚΑΤΑΣΤΑΣΗ ΕΝΤΕΡΟΚΗΛΗΣ, ΚΟΛΠΙΚΗ ΠΡΟΣΠΕΛΑΣΗ (ΞΕΧΩΡΙΣΗ ΔΙΑΔΙΚΑΣΙΑ);;;;;
5476;X694499;ΑΠΟΚΑΤΑΣΤΑΣΗ ΕΝΤΕΡΟΚΗΛΗΣ, ΚΟΙΛΙΑΚΗ ΠΡΟΣΠΕΛΑΣΗ (ΞΕΧΩΡΙΣΗ ΔΙΑΔΙΚΑΣΙΑ);;;;;
5477;X694519;ΚΟΛΠΟΠΗΞΙΑ, ΚΟΙΛΙΑΚΗ ΠΡΟΣΠΕΛΑΣΗ;;;;;
5478;X694523;ΚΟΛΠΟΠΗΞΙΑ. ΕΞΩ-ΠΕΡΙΤΟΝΙΑΚΗ ΠΡΟΣΠΕΛΑΣΗ (ΙΕΡΟΑΚΑΝΘΙΚΗ, ΛΑΓΟΝΟΚΟΚΚΥΓΙΚΗ);;;;;
5479;X694525;ΚΟΛΠΟΠΗΞΙΑ ΜΕ ΕΝΔΟΠΕΡΙΤΟΝΑΪΚΗ ΠΡΟΣΠΕΛΑΣΗ (ΣΥΡΡΑΦΗ ΙΕΡΟΜΗΤΡΙΚΩΝ ΚΑΙ  ΑΝΕΛΚΤΗΡΩΝ ΜΥΩΝ);;;;;
5480;X694527;ΑΠΟΚΑΤΑΣΤΑΣΗ ΠΑΡΑΚΟΛΠΙΚΗΣ ΒΛΑΒΗΣ (ΣΥΜΠΕΡΙΛΑΜΒΑΝΟΜΕΝΗΣ ΑΠΟΚΑΤΑΣΤΑΣΗΣ ΚΥΣΤΟΚΗΛΗΣ, ΕΦΟΣΟΝ ΕΚΤΕΛΕΙΤΑΙ). ΑΝΟΙΚΤΗ;;;;;
5481;X694529;ΑΠΟΚΑΤΑΣΤΑΣΗ ΠΑΡΑΚΟΛΠΙΚΗΣ ΒΛΑΒΗΣ (ΣΥΜΠΕΡΙΛΑΜΒΑΝΟΜΕΝΗΣ ΑΠΟΚΑΤΑΣΤΑΣΗΣ ΚΥΣΤΟΚΗΛΗΣ, ΕΦΟΣΟΝ ΕΚΤΕΛΕΙΤΑΙ). ΚΟΛΠΙΚΗ ΠΡΟΣΠΕΛΑΣΗ;;;;;
5482;X694533;ΑΦΑΙΡΕΣΗ Ή ΑΝΑΘΕΩΡΗΣΗ ΣΤΗΡΙΞΗΣ ΓΙΑ ΑΚΡΑΤΕΙΑ ΟΥΡΩΝ (ΠΧ, ΠΕΡΙΤΟΝΙΑ Ή  ΣΥΝΘΕΤΙΚΗ ΤΑΙΝΙΑ ΤΑΣΗΣ);;;;;
5483;X694535;ΕΠΕΜΒΑΣΗ ΣΤΗΡΙΞΗΣ ΓΙΑ ΑΚΡΑΤΕΙΑ ΟΥΡΩΝ (ΠΧ, ΠΕΡΙΤΟΝΙΑ Ή ΣΥΝΘΕΤΙΚΗ ΤΑΙΝΙΑ ΤΑΣΗΣ);;;;;
5484;X694537;ΕΠΕΜΒΑΣΗ PEREYRA,ΣΥΜΠΕΡΙΛΑΜΒΑΝΟΜΕΝΗΣ ΤΗΣ ΠΡΟΣΘΙΑΣ ΚΟΛΠΟΡΡΑΦΙΑΣ;;;;;
5485;X694541;ΚΑΤΑΣΚΕΥΗ ΤΕΧΝΗΤΟΥ ΚΟΛΠΟΥ. ΧΩΡΙΣ ΜΟΣΧΕΥΜΑ;;;;;
5486;X694543;ΚΑΤΑΣΚΕΥΗ ΤΕΧΝΗΤΟΥ ΚΟΛΠΟΥ. ΜΕ ΜΟΣΧΕΥΜΑ;;;;;
5487;X694549;ΑΝΑΘΕΩΡΗΣΗ (ΣΥΜΠΕΡΙΛΑΜΒΑΝΟΜΕΝΗΣ ΑΦΑΙΡΕΣΗΣ) ΠΡΟΣΘΕΤΙΚΟΥ ΜΟΣΧΕΥΜΑΤΟΣ ΚΟΛΠΟΥ. ΚΟΛΠΙΚΗ ΠΡΟΣΠΕΛΑΣΗ;;;;;
5488;X694551;ΑΝΑΘΕΩΡΗΣΗ (ΣΥΜΠΕΡΙΛΑΜΒΑΝΟΜΕΝΗΣ ΑΦΑΙΡΕΣΗΣ) ΠΡΟΣΘΕΤΙΚΟΥ ΜΟΣΧΕΥΜΑΤΟΣ ΚΟΛΠΟΥ.  ΑΝΟΙΚΤΗ;;;;;
5489;X694559;ΣΥΓΚΛΕΙΣΗ ΟΡΘΟΚΟΛΠΙΚΟΥ ΣΥΡΙΓΓΙΟΥ-ΔΙΟΡΘΙΚΗ Ή ΔΙΑΚΟΛΠΙΚΗ ΠΡΟΣΠΕΛΑΣΗ;;;;;
5490;X694569;ΣΥΓΚΛΕΙΣΗ ΟΡΘΟΚΟΛΠΙΚΟΥ ΣΥΡΙΓΓΙΟΥ-ΚΟΙΛΙΑΚΗ ΠΡΟΣΠΕΛΑΣΗ;;;;;
5491;X694573;ΣΥΓΚΛΕΙΣΗ ΟΡΘΟΚΟΛΠΙΚΟΥ ΣΥΡΙΓΓΙΟΥ-ΚΟΙΛΙΑΚΗ ΠΡΟΣΠΕΛΑΣΗ ΜΕ  ΚΟΛΟΣΤΟΜΙΑ;;;;;
5492;X694575;ΧΕΙΡΟΥΡΓΙΚΗ ΣΥΓΚΛΕΙΣΗ ΚΥΣΤΕΟΚΟΛΠΙΚΟΥ ΣΥΡΙΓΓΙΟΥ. ΔΙΑΠΕΡΙΤΟΝΙΑΚΗ ΠΡΟΣΠΕΛΑΣΗ, ΜΕ ΠΕΡΙΝΕΪΚΗ ΑΝΑΚΑΤΑΣΚΕΥΗ ΣΩΜΑΤΟΣ, ΜΕ Ή ΧΩΡΙΣ ΠΤΥΧΩΣΗ ΑΝΕΛΚΤΗΡΑ;;;;;
5493;X694579;ΧΕΙΡΟΥΡΓΙΚΗ ΣΥΓΚΛΕΙΣΗ ΟΥΡΗΘΡΟΚΟΛΠΙΚΟΥ ΣΥΡΙΓΓΙΟΥ.;;;;;
5494;X694581;ΧΕΙΡΟΥΡΓΙΚΗ ΣΥΓΚΛΕΙΣΗ ΟΥΡΗΘΡΟΚΟΛΠΙΚΟΥ ΣΥΡΙΓΓΙΟΥ. ΜΕ ΕΜΦΥΤΕΥΜΑ ΒΟΛΒΟΣΥΡΑΓΓΩΔΟΥΣ ΜΥΟΣ;;;;;
5495;X694599;ΧΕΙΡΟΥΡΓΙΚΗ ΣΥΓΚΛΕΙΣΗ ΚΥΣΤΕΟΚΟΛΠΙΚΟΥ ΣΥΡΙΓΓΙΟΥ. ΚΟΛΠΙΚΗ ΠΡΟΣΠΕΛΑΣΗ;;;;;
5496;X694619;ΧΕΙΡΟΥΡΓΙΚΗ ΣΥΓΚΛΕΙΣΗ ΚΥΣΤΕΟΚΟΛΠΙΚΟΥ ΣΥΡΙΓΓΙΟΥ, ΔΙΑΚΥΣΤΙΚΗ ΚΑΙ ΚΟΛΠΙΚΗ ΠΡΟΣΠΕΛΑΣΗ;;;;;
5497;X694629;ΚΟΛΠΟΠΛΑΣΤΙΚΗ ΓΙΑ ΚΑΤΑΣΤΑΣΗ ΜΕΣΟΦΥΛΟΥ (ΕΡΜΑΦΡΟΔΙΤΙΣΜΟΣ);;;;;
5498;X694759;ΔΙΑΣΤΟΛΗ ΚΟΛΠΟΥ ΥΠΟ ΝΑΡΚΩΣΗ (ΕΚΤΟΣ ΤΟΠΙΚΗΣ);;;;;
5499;X694779;ΠΥΕΛΙΚΗ ΕΞΕΤΑΣΗ ΥΠΟ ΝΑΡΚΩΣΗ (ΕΚΤΟΣ ΤΟΠΙΚΗΣ);;;;;
5500;X694789;ΑΦΑΙΡΕΣΗ ΚΟΛΠΙΚΑ ΕΝΣΦΗΝΩΜΕΝΟΥ ΞΕΝΟΥ ΣΩΜΑΤΟΣ (ΞΕΧΩΡΙΣΤΗ ΔΙΑΔΙΚΑΣΙΑ) ΥΠΟ ΝΑΡΚΩΣΗ (ΕΚΤΟΣ ΤΟΠΙΚΗΣ);;;;;
5501;X694799;ΚΟΛΠΟΣΚΟΠΗΣΗ ΟΛΟΚΛΗΡΟΥ ΤΟΥ ΚΟΛΠΟΥ, ΜΕ ΤΡΑΧΗΛΟ, ΕΦΟΣΟΝ ΥΦΙΣΤΑΤΑΙ.;;;;;
5502;X694801;ΚΟΛΠΟΣΚΟΠΗΣΗ ΟΛΟΚΛΗΡΟΥ ΤΟΥ ΚΟΛΠΟΥ, ΜΕ ΤΡΑΧΗΛΟ, ΕΦΟΣΟΝ ΥΦΙΣΤΑΤΑΙ. ΜΕ ΒΙΟΨΙΑ ΤΟΥ ΚΟΛΠΟΥ/ΤΡΑΧΗΛΟΥ;;;;;
5503;X694805;ΑΠΟΚΑΤΑΣΤΑΣΗ ΠΑΡΑΚΟΛΠΙΚΗΣ ΑΝΩΜΑΛΙΑΣ (ΣΥΜΠΕΡΙΛΑΜΒΑΝΟΜΕΝΗΣ ΑΠΟΚΑΤΑΣΤΑΣΗΣ ΚΥΣΤΟΚΗΛΗΣ, ΕΦΟΣΟΝ ΕΚΤΕΛΕΙΤΑΙ), ΛΑΠΑΡΟΣΚΟΠΙΚΗ ΠΡΟΣΠΕΛΑΣΗ;;;;;
5504;X694809;ΛΑΠΑΡΟΣΚΟΠΗΣΗ, ΧΕΙΡΟΥΡΓΙΚΗ, ΚΟΛΠΟΠΗΞΙΑ (ΑΝΑΡΤΗΣΗ ΚΟΛΠΙΚΟΥ ΚΟΛΟΒΩΜΑΤΟΣ);;;;;
5505;X694863;ΚΟΛΠΟΣΚΟΠΗΣΗ ΤΟΥ ΤΡΑΧΗΛΟΥ ΣΥΜΠΕΡΙΛΑΜΒΑΝΟΜΕΝΟΥ ΑΝΩ/ΕΓΓΥΣ ΚΟΛΠΟΥ.;;;;;
5506;X694867;ΚΟΛΠΟΣΚΟΠΗΣΗ ΤΟΥ ΤΡΑΧΗΛΟΥ ΣΥΜΠΕΡΙΛΑΜΒΑΝΟΜΕΝΟΥ ΑΝΩ/ΕΓΓΥΣ ΚΟΛΠΟΥ. ΜΕ ΒΙΟΨΙΑ (ΕΣ) ΤΟΥ ΤΡΑΧΗΛΟΥ ΚΑΙ ΕΝΔΟΤΡΑΧΗΛΙΚΗ ΑΠΟΞΕΣΗ;;;;;
5507;X694869;ΚΟΛΠΟΣΚΟΠΗΣΗ ΤΟΥ ΤΡΑΧΗΛΟΥ ΣΥΜΠΕΡΙΛΑΜΒΑΝΟΜΕΝΟΥ ΑΝΩ/ΕΓΓΥΣ ΚΟΛΠΟΥ. ΜΕ ΒΙΟΨΙΑ (ΕΣ) ΤΟΥ ΤΡΑΧΗΛΟΥ;;;;;
5508;X694871;ΚΟΛΠΟΣΚΟΠΗΣΗ ΤΟΥ ΤΡΑΧΗΛΟΥ ΣΥΜΠΕΡΙΛΑΜΒΑΝΟΜΕΝΟΥ ΑΝΩ/ΕΓΓΥΣ ΚΟΛΠΟΥ. ΜΕ ΕΝΔΟΤΡΑΧΗΛΙΚΗ ΑΠΟΞΕΣΗ;;;;;
5509;X694879;ΚΟΛΠΟΣΚΟΠΗΣΗ ΤΟΥ ΤΡΑΧΗΛΟΥ ΣΥΜΠΕΡΙΛΑΜΒΑΝΟΜΕΝΟΥ ΑΝΩ/ΕΓΓΥΣ ΚΟΛΠΟΥ. ΜΕ ΒΙΟΨΙΑ (ΕΣ) ΤΡΑΧΗΛΟΥ ΜΕ LOOP;;;;;
5510;X694881;ΚΟΛΠΟΣΚΟΠΗΣΗ ΤΟΥ ΤΡΑΧΗΛΟΥ ΣΥΜΠΕΡΙΛΑΜΒΑΝΟΜΕΝΟΥ ΑΝΩ/ΕΓΓΥΣ ΚΟΛΠΟΥ. ΜΕ ΚΩΝΟΕΙΔΗ ΕΚΤΟΜΗ-ΒΙΟΨΙΑ ΜΕ ΧΡΗΣΗ LOOP-LLETZ;;;;;
5511;X694959;ΒΙΟΨΙΑ ΤΟΥ ΤΡΑΧΗΛΟΥ, ΜΟΝΗ Ή ΠΟΛΛΑΠΛΗ Ή ΤΟΠΙΚΗ ΕΚΤΟΜΗ ΒΛΑΒΗΣ, ΜΕ Ή ΧΩΡΙΣ ΗΛΕΚΤΡΟΘΕΡΜΟΚΑΥΤΗΡΙΑΣΗ (ΞΕΧΩΡΙΣΤΗ ΔΙΑΔΙΚΑΣΙΑ);;;;;
5512;X694969;ΕΝΔΟΤΡΑΧΗΛΙΚΗ ΑΠΟΞΕΣΗ (ΕΚΤΟΣ ΟΤΑΝ ΕΚΤΕΛΕΙΤΑΙ ΩΣ ΤΜΗΜΑ ΔΙΑΣΤΟΛΗΣ ΚΑΙ ΑΠΟΞΕΣΗΣ);;;;;
5513;X694979;ΚΑΥΤΗΡΙΑΣΜΟΣ ΤΡΑΧΗΛΟΥ. ΗΛΕΚΤΡΙΚΟΣ Ή ΘΕΡΜΙΚΟΣ;;;;;
5514;X694981;ΚΡΥΟΚΑΥΤΗΡΙΑΣΜΟΣ ΤΡΑΧΗΛΟΥ;;;;;
5515;X694985;ΚΑΥΤΗΡΙΑΣΜΟΣ ΤΡΑΧΗΛΟΥ. ΕΞΑΧΝΩΣΗ ΜΕ LASER;;;;;
5516;X694999;ΚΩΝΟΕΙΔΗΣ ΒΙΟΨΙΑ ΤΟΥ ΤΡΑΧΗΛΟΥ, ΜΕ Ή ΧΩΡΙΣ ΗΛΕΚΤΡΟΘΕΡΜΟΚΑΥΤΗΡΙΑΣΗ, ΜΕ Ή ΧΩΡΙΣ ΔΙΑΣΤΟΛΗ ΚΑΙ ΑΠΟΞΕΞΗ, ΜΕ Ή ΧΩΡΙΣ ΑΠΟΚΑΤΑΣΤΑΣΗ. ΜΕ ΗΛΕΚΤΡΙΚΟ ΝΥΣΤΕΡΙ Ή LASER;;;;;
5517;X695003;ΚΩΝΟΕΙΔΗΣ ΒΙΟΨΙΑ ΤΟΥ ΤΡΑΧΗΛΟΥ, ΜΕ Ή ΧΩΡΙΣ ΗΛΕΚΤΡΟΘΕΡΜΟΚΑΥΤΗΡΙΑΣΗ, ΜΕ Ή ΧΩΡΙΣ ΔΙΑΣΤΟΛΗ ΚΑΙ ΑΠΟΞΕΣΗ, ΜΕ Ή ΧΩΡΙΣ ΑΠΟΚΑΤΑΣΤΑΣΗ. ΕΚΤΟΜΗ ΒΡΟΓΧΟΥ ΗΛΕΚΤΡΟΔΙΟΥ (LOOP);;;;;
5518;X695019;ΤΡΑΧΗΛΕΚΤΟΜΗ, ΑΚΡΩΤΗΡΙΑΣΜΟΣ ΤΟΥ ΤΡΑΧΗΛΟΥ (ΞΕΧΩΡΙΣΤΗ ΔΙΑΔΙΚΑΣΙΑ);;;;;
5519;X695021;ΡΙΖΙΚΗ ΤΡΑΧΗΛΕΚΤΟΜΗ ΜΕ ΑΜΦΟΤΕΡΟΠΛΕΥΡΗ ΟΛΙΚΗ ΠΥΕΛΙΚΗ ΛΕΜΦΑΔΕΝΕΚΤΟΜΗ ΚΑΙ ΠΑΡΑΑΟΡΤΙΚΗ ΔΕΙΓΜΑΤΟΛΗΠΤΙΚΗ ΛΕΜΦΑΔΕΝΙΚΗ ΒΙΟΨΙΑ ,ΜΕ Ή ΧΩΡΙΣ ΑΦΑΙΡΕΣΗ ΤΩΝ ΣΑΛΠΙΓΓΩΝ ΜΕ Ή ΧΩΡΙΣ ΑΦΑΙΡΕΣΗ ΤΩΝ ΩΟΘΗΚΩΝ;;;;;
5520;X695039;ΕΚΤΟΜΗ ΤΡΑΧΗΛΙΚΟΥ ΚΟΛΟΒΩΜΑΤΟΣ, ΚΟΙΛΙΑΚΗ ΠΡΟΣΠΕΛΑΣΗ;;;;;
5521;X695049;ΕΚΤΟΜΗ ΤΡΑΧΗΛΙΚΟΥ ΚΟΛΟΒΩΜΑΤΟΣ, ΚΟΙΛΙΑΚΗ ΠΡΟΣΠΕΛΑΣΗ. ΜΕ ΑΠΟΚΑΤΑΣΤΑΣΗ ΤΟΥ ΠΥΕΛΙΚΟΥ ΕΔΑΦΟΥΣ;;;;;
5522;X695059;ΕΚΤΟΜΗ ΤΡΑΧΗΛΙΚΟΥ ΚΟΛΟΒΩΜΑΤΟΣ, ΚΟΛΠΙΚΗ ΠΡΟΣΠΕΛΑΣΗ;;;;;
5523;X695069;ΕΚΤΟΜΗ ΤΡΑΧΗΛΙΚΟΥ ΚΟΛΟΒΩΜΑΤΟΣ, ΚΟΛΠΙΚΗ ΠΡΟΣΠΕΛΑΣΗ. ΜΕ ΠΡΟΣΘΙΑ ΚΑΙ/Ή ΟΠΙΣΘΙΑ ΑΠΟΚΑΤΑΣΤΑΣΗ;;;;;
5524;X695071;ΕΚΤΟΜΗ ΤΡΑΧΗΛΙΚΟΥ ΚΟΛΟΒΩΜΑΤΟΣ, ΚΟΛΠΙΚΗ ΠΡΟΣΠΕΛΑΣΗ. ΜΕ ΑΠΟΚΑΤΑΣΤΑΣΗ ΕΝΤΕΡΟΚΗΛΗΣ;;;;;
5525;X695075;ΔΙΑΣΤΟΛΗ ΚΑΙ ΑΠΟΞΕΣΗ ΤΡΑΧΗΛΙΚΟΥ ΚΟΛΟΒΩΜΑΤΟΣ;;;;;
5526;X695359;ΠΕΡΙΔΕΣΗ ΤΡΑΧΗΛΟΥ ΜΗΤΡΑΣ, ΜΗ ΜΑΙΕΥΤΙΚΗ;;;;;
5527;X695399;ΣΥΡΡΑΦΗ ΤΡΑΧΗΛΟΥ, ΠΛΑΣΤΙΚΗ ΑΠΟΚΑΤΑΣΤΑΣΗ ΤΡΑΧΗΛΟΥ ΜΗΤΡΑΣ, ΚΟΛΠΙΚΗ ΠΡΟΣΠΕΛΑΣΗ;;;;;
5528;X695559;ΔΙΑΣΤΟΛΗ ΤΡΑΧΗΛΙΚΟΥ ΚΑΝΑΛΙΟΥ, ΕΝΟΡΓΑΝΗ (ΞΕΧΩΡΙΣΤΗ ΔΙΑΔΙΚΑΣΙΑ);;;;;
5529;X696159;ΕΝΔΟΜΗΤΡΙΑ ΔΕΙΓΜΑΤΟΛΗΨΙΑ (ΒΙΟΨΙΑ) ΜΕ Ή ΧΩΡΙΣ ΤΡΑΧΗΛΙΚΗ ΔΕΙΓΜΑΤΟΛΗΨΙΑ (ΒΙΟΨΙΑ), ΧΩΡΙΣ ΤΡΑΧΗΛΙΚΗ ΔΙΑΣΤΟΛΗ, ΟΠΟΙΑΔΗΠΟΤΕ ΜΕΘΟΔΟΣ (ΞΕΧΩΡΙΣΤΗ ΔΙΑΔΙΚΑΣΙΑ);;;;;
5530;X696179;ΕΝΔΟΜΗΤΡΙΑ ΔΕΙΓΜΑΤΟΛΗΨΙΑ (ΒΙΟΨΙΑ) ΠΟΥ ΕΚΤΕΛΕΙΤΑΙ ΣΕ ΣΥΝΔΥΑΣΜΟ ΜΕ ΚΟΛΠΟΣΚΟΠΗΣΗ  (ΚΑΤΑΧΩΡΕΙΤΑΙ ΞΕΧΩΡΙΣΤΑ ΕΠΙΠΛΕΟΝ ΤΤΟΥ ΚΩΔΙΚΟΥ ΤΗΣ ΑΡΧΙΚΗΣ ΔΙΑΔΙΚΑΣΙΑΣ);;;;;
5531;X696199;ΔΙΑΣΤΟΛΗ ΚΑΙ ΑΠΟΞΕΣΗ, ΔΙΑΓΝΩΣΤΙΚΗ ΚΑΙ Ή ΘΕΡΑΠΕΥΤΙΚΗ (ΜΗ ΜΑΙΕΥΤΙΚΗ);;;;;
5532;X696239;ΙΝΩΜΥΩΜΑΤΕΚΤΟΜΗ, 1 ΕΩΣ 4 ΕΝΔΟΤΟΙΧΩΜΑΤΙΚΑ ΙΝΟΜΥΩΜΑΤΑ ΣΥΝΟΛΙΚΟΥ ΒΑΡΟΥΣ ΕΩΣ 250 ΓΡ. ΚΑΙ/Ή ΑΦΑΙΡΕΣΗ ΕΠΙΦΑΝΕΙΑΚΩΝ ΙΝΟΜΥΩΜΑΤΩΝ. ΚΟΙΛΙΑΚΗ ΠΡΟΣΠΕΛΑΣΗ;;;;;
5533;X696249;ΙΝΩΜΥΩΜΑΤΕΚΤΟΜΗ, 1 ΕΩΣ 4 ΕΝΔΟΤΟΙΧΩΜΑΤΙΚΑ ΙΝΟΜΥΩΜΑΤΑ ΣΥΝΟΛΙΚΟΥ ΒΑΡΟΥΣ ΕΩΣ 250 ΓΡ. ΚΑΙ/Ή ΑΦΑΙΡΕΣΗ ΕΠΙΦΑΝΕΙΑΚΩΝ ΙΝΟΜΥΩΜΑΤΩΝ. ΚΟΛΠΙΚΗ ΠΡΟΣΠΕΛΑΣΗ;;;;;
5534;X696251;ΙΝΟΜΥΩΜΑΤΕΚΤΟΜΗ, 5 Ή ΠΕΡΙΣΣΟΤΕΡΑ ΕΝΔΟΤΟΙΧΩΜΑΤΙΚΑ ΙΝΟΜΥΩΜΑΤΑ ΚΑΙΉ ΣΥΝΟΛΙΚΟΥ ΒΑΡΟΥΣ ΜΕΓΑΛΥΤΕΡΟΥ ΤΩΝ 250 ΓΡ., ΚΟΙΛΙΑΚΗ ΠΡΟΣΠΕΛΑΣΗ;;;;;
5535;X696259;ΚΟΙΛΙΑΚΗ ΟΛΙΚΗ ΥΣΤΕΡΕΚΤΟΜΗ (ΣΩΜΑ ΚΑΙ ΤΡΑΧΗΛΟΣ ΜΗΤΡΑΣ) ΜΕ Ή ΧΩΡΙΣ ΑΦΑΙΡΕΣΗ ΣΑΛΠΙΓΓΑΣ (ΩΝ) Ή ΩΟΘΗΚΗΣ (ΩΝ);;;;;
5536;X696263;ΚΟΙΛΙΑΚΗ ΟΛΙΚΗ ΥΣΤΕΡΕΚΤΟΜΗ(ΣΩΜΑ ΚΑΙ ΤΡΑΧΗΛΟΣ ΜΗΤΡΑΣ) ΜΕ Ή ΧΩΡΙΣ ΑΦΑΙΡΕΣΗ ΣΑΛΠΙΓΓΑΣ (ΩΝ) Ή ΩΟΘΗΚΗΣ (ΩΝ) ΜΕ ΚΟΛΠΟ-ΟΥΡΗΘΡΟΚΥΣΤΟΠΗΞΙΑ (Π.Χ., MARSHALL-MARCHETTI-KRANTZ, BURCH);;;;;
5537;X696319;ΥΠΕΡΤΡΑΧΗΛΙΚΗ ΚΟΙΛΙΑΚΗ ΥΣΤΕΡΕΚΤΟΜΗ (ΥΦΟΛΙΚΗ ΥΣΤΕΡΕΚΤΟΜΗ),  ΜΕ Ή ΧΩΡΙΣ ΑΦΑΙΡΕΣΗ ΣΑΛΠΙΓΓΑΣ (ΩΝ) Ή ΩΟΘΗΚΗΣ (ΩΝ);;;;;
5538;X696359;ΟΛΙΚΗ ΚΟΙΛΙΑΚΗ ΥΣΤΕΡΕΚΤΟΜΗ, ΣΥΜΠΕΡΙΛΑΜΒΑΝΟΜΕΝΗΣ ΜΕΡΙΚΗΣ ΚΟΛΠΕΚΤΟΜΗΣ, ΜΕ ΠΑΡΑΑΟΡΤΙΚΗ ΚΑΙ ΠΥΕΛΙΚΗ ΔΕΙΓΜΑΤΟΛΗΠΤΙΚΗ ΛΕΜΦΑΔΕΝΙΚΗ ΒΙΟΨΙΑ, ΜΕ Ή ΧΩΡΙΣ ΑΦΑΙΡΕΣΗ ΣΑΛΠΙΓΓΑΣ (ΩΝ) Ή ΩΟΘΗΚΗΣ (ΩΝ);;;;;
5539;X696379;ΡΙΖΙΚΗ ΚΟΙΛΙΑΚΗ ΥΣΤΕΡΕΚΤΟΜΗ ΜΕ ΑΜΦΟΤΕΡΟΠΛΕΥΡΗ ΟΛΙΚΗ ΠΥΕΛΙΚΗ ΛΕΜΦΑΔΕΝΕΚΤΟΜΗ ΚΑΙ ΠΑΡΑΑΟΡΤΙΚΗ ΔΕΙΓΜΑΤΟΛΗΠΤΙΚΗ ΛΕΜΦΑΔΕΝΙΚΗ ΒΙΟΨΙΑ ,ΜΕ Ή ΧΩΡΙΣ ΑΦΑΙΡΕΣΗ ΣΑΛΠΙΓΓΑΣ (ΩΝ) ΜΕ Ή ΧΩΡΙΣ ΑΦΑΙΡΕΣΗ ΩΟΘΗΚΗΣ (ΩΝ);;;;;
5540;X696439;ΠΥΕΛΙΚΗ ΕΞΕΝΤΕΡΩΣΗ ΓΙΑ ΓΥΝΑΙΚΟΛΟΓΙΚΗ ΚΑΚΟΗΘΕΙΑ, ΜΕ ΟΛΙΚΗ ΚΟΙΛΙΑΚΗ ΥΣΤΕΡΕΚΤΟΜΗ Ή ΤΡΑΧΕΙΛΕΚΤΟΜΗ, ΜΕ Ή ΧΩΡΙΣ ΑΦΑΙΡΕΣΗ ΣΑΛΠΙΓΓΑΣ (ΩΝ), ΜΕ Ή ΧΩΡΙΣ ΑΦΑΙΡΕΣΗ ΩΟΘΗΚΗΣ (ΩΝ), ΜΕ ΑΦΑΙΡΕΣΗ ΟΥΡΟΔΟΧΟΥ ΚΥΣΤΗΣ ΚΑΙ ΟΥΡΗΤΗΡΑ,  ΜΕΤΑΜΟΣΧΕΥΣΕΙΣ ΚΑΙ/Ή ΚΟΙΛΙΟΠΕΡΙΝΕΪΚΗ ΕΚΤΟΜΗ ΤΟΥ ΕΝΤΕΡΟΥ ΚΑΙ ΚΟΛΟΥ ΚΑΙ ΚΟΛΟΣΤΟΜΙΑ, Ή ΟΠΟΙΟΣΔΗΠΟΤΕ ΣΥΝΔΥΑΣΜΟΣ ΑΥΤΩΝ;;;;;
5541;X696479;ΚΟΛΠΙΚΗ ΥΣΤΕΡΕΚΤΟΜΗ, ΓΙΑ ΜΗΤΡΑ 250 ΓΡ. Ή ΜΙΚΡΟΤΕΡΗ.;;;;;
5542;X696483;ΚΟΛΠΙΚΗ ΥΣΤΕΡΕΚΤΟΜΗ, ΓΙΑ ΜΗΤΡΑ 250 ΓΡ. Ή ΜΙΚΡΟΤΕΡΗ. ΜΕ ΑΦΑΙΡΕΣΗ ΣΑΛΠΙΓΓΑΣ (ΩΝ), ΚΑΙ/Ή ΩΟΘΗΚΗΣ (ΩΝ);;;;;
5543;X696485;ΚΟΛΠΙΚΗ ΥΣΤΕΡΕΚΤΟΜΗ, ΓΙΑ ΜΗΤΡΑ 250 ΓΡ. Ή ΜΙΚΡΟΤΕΡΗ. ΜΕ ΑΦΑΙΡΕΣΗ ΣΑΛΠΙΓΓΑΣ (ΩΝ), ΚΑΙ/Ή ΩΟΘΗΚΗΣ (ΩΝ), ΜΕ ΑΠΟΚΑΤΑΣΤΑΣΗ ΕΝΤΕΡΟΚΗΛΗΣ;;;;;
5544;X696493;ΚΟΛΠΙΚΗ ΥΣΤΕΡΕΚΤΟΜΗ, ΓΙΑ ΜΗΤΡΑ 250 ΓΡ. Ή ΜΙΚΡΟΤΕΡΗ. ΜΕ  ΚΟΛΠΟ-ΟΥΡΗΘΡΟΚΥΣΤΕΟΠΗΞΙΑ (Π.Χ., ΤΥΠΟΥ MARSHALL-MARCHETTI-KRANTZ, ΤΥΠΟΥ PEREYRA ) ΜΕ Ή ΧΩΡΙΣ ΕΝΔΟΣΚΟΠΙΚΟ ΕΛΕΓΧΟ;;;;;
5545;X696499;ΚΟΛΠΙΚΗ ΥΣΤΕΡΕΚΤΟΜΗ, ΓΙΑ ΜΗΤΡΑ 250 ΓΡ. Ή ΜΙΚΡΟΤΕΡΗ. ΜΕ ΑΠΟΚΑΤΑΣΤΑΣΗ ΕΝΤΕΡΟΚΗΛΗΣ;;;;;
5546;X696509;ΚΟΛΠΙΚΗ ΥΣΤΕΡΕΚΤΟΜΗ, ΜΕ ΟΛΙΚΗ Ή ΜΕΡΙΚΗ  ΚΟΛΠΕΚΤΟΜΗ;;;;;
5547;X696519;ΚΟΛΠΙΚΗ ΥΣΤΕΡΕΚΤΟΜΗ, ΜΕ ΟΛΙΚΗ Ή ΜΕΡΙΚΗ  ΚΟΛΠΕΚΤΟΜΗ.  ΜΕ ΑΠΟΚΑΤΑΣΤΑΣΗ ΕΝΤΕΡΟΚΗΛΗΣ;;;;;
5548;X696529;ΚΟΛΠΙΚΗ ΥΣΤΕΡΕΚΤΟΜΗ, ΡΙΖΙΚΗ (ΕΠΕΜΒΑΣΗ ΤΥΠΟΥ SCHAUTA);;;;;
5549;X696539;ΚΟΛΠΙΚΗ ΥΣΤΕΡΕΚΤΟΜΗ, ΓΙΑ ΜΗΤΡΑ ΜΕΓΑΛΥΤΕΡΗ ΤΩΝ 250 ΓΡ.;;;;;
5550;X696541;ΚΟΛΠΙΚΗ ΥΣΤΕΡΕΚΤΟΜΗ, ΓΙΑ ΜΗΤΡΑ ΜΕΓΑΛΥΤΕΡΗ ΤΩΝ 250 ΓΡ. ΜΕ ΑΦΑΙΡΕΣΗ ΣΑΛΠΙΓΓΑΣ (ΩΝ) ΚΑΙ/Ή ΩΟΘΗΚΗΣ (ΩΝ);;;;;
5551;X696543;ΚΟΛΠΙΚΗ ΥΣΤΕΡΕΚΤΟΜΗ, ΓΙΑ ΜΗΤΡΑ ΜΕΓΑΛΥΤΕΡΗ ΤΩΝ 250 ΓΡ. ΜΕ ΑΦΑΙΡΕΣΗ ΣΑΛΠΙΓΓΑΣ (ΩΝ) ΚΑΙ/Ή ΩΟΘΗΚΗΣ (ΩΝ), ΜΕ ΑΠΟΚΑΤΑΣΤΑΣΗ ΕΝΤΕΡΟΚΗΛΗΣ;;;;;
5552;X696545;ΚΟΛΠΙΚΗ ΥΣΤΕΡΕΚΤΟΜΗ, ΓΙΑ ΜΗΤΡΑ ΜΕΓΑΛΥΤΕΡΗ ΤΩΝ 250 ΓΡ. ΜΕ  ΚΟΛΠΟ-ΟΥΡΗΘΡΟΚΥΣΤΟΠΗΞΙΑ (Π.Χ., ΤΥΠΟΥ MARSHALL-MARCHETTI-KRANTZ, ΤΥΠΟΥ PEREYRA) ΜΕ Ή ΧΩΡΙΣ ΕΝΔΟΣΚΟΠΙΚΟ ΕΛΕΓΧΟ;;;;;
5553;X696547;ΚΟΛΠΙΚΗ ΥΣΤΕΡΕΚΤΟΜΗ, ΓΙΑ ΜΗΤΡΑ ΜΕΓΑΛΥΤΕΡΗ ΤΩΝ 250 ΓΡ. ΜΕ ΑΠΟΚΑΤΑΣΤΑΣΗ ΕΝΤΕΡΟΚΗΛΗΣ;;;;;
5554;X696559;ΕΙΣΑΓΩΓΗ ΕΝΔΟΜΗΤΡΙΑΣ ΣΥΣΚΕΥΗΣ (ΕΜΣ -IUD);;;;;
5555;X696561;ΑΦΑΙΡΕΣΗ ΕΝΔΟΜΗΤΡΙΑΣ ΣΥΣΚΕΥΗΣ (ΕΜΣ);;;;;
5556;X696601;ΤΕΧΝΗΤΗ ΓΟΝΙΜΟΠΟΙΗΣΗ , ΕΝΔΟΤΡΑΧΗΛΙΚΗ;;;;;
5557;X696603;ΤΕΧΝΗΤΗ ΓΟΝΙΜΟΠΟΙΗΣΗ , ΕΝΔΟΜΗΤΡΙΑ;;;;;
5558;X696605;ΕΚΠΛΥΣΗ ΣΠΕΡΜΑΤΟΣ ΓΙΑ ΤΕΧΝΗΤΗ ΓΟΝΙΜΟΠΟΙΗΣΗ;;;;;
5559;X696639;ΚΑΘΕΤΗΡΙΑΣΜΟΣ ΚΑΙ ΕΙΣΑΓΩΓΗ ΦΥΣΙΟΛΟΓΙΚΟΥ ΟΡΟΥ Ή ΣΚΙΑΓΡΑΦΙΚΟΥ ΥΛΙΚΟΥ ΓΙΑ ΥΠΕΡΗΧΟΥΣΤΕΡΟΓΡΑΦΙΑ Ή ΥΣΤΕΡΟΣΑΛΠΙΓΓΟΓΡΑΦΙΑ;;;;;
5560;X696649;ΔΙΑΤΡΑΧΗΛΙΚΗ ΕΙΣΑΓΩΓΗ ΥΣΤΕΡΟΣΑΠΙΓΓΟΣΚΟΠΙΟΥ ΓΙΑ ΔΙΑΓΝΩΣΗ ΚΑΙ/Ή ΑΠΟΚΑΤΑΣΤΑΣΗ ΒΑΤΟΤΗΤΑΣ (ΟΠΟΙΑΔΗΠΟΤΕ ΜΕΘΟΔΟΣ), ΜΕ Ή ΧΩΡΙΣ ΥΣΤΕΡΟΣΑΛΠΙΓΓΟΓΡΑΦΙΑ;;;;;
5561;X696651;ΕΙΣΑΓΩΓΗ ΚΑΘΕΤΗΡΑ ΤΥΠΟΥ HEYMAN 'Η ΕΦΑΡΜΟΓΕΩΝ ΓΙΑ ΒΡΑΧΥΘΕΡΑΠΕΙΑ ΕΝΔΟΜΗΤΡΙΟΥ;;;;;
5562;X696659;ΒΑΤΟΤΗΤΑ ΣΑΛΠΙΓΓΩΝ, ΣΥΜΠΕΡΙΛΑΜΒΑΝΟΜΕΝΩΝ ΥΛΙΚΩΝ;;;;;
5563;X696665;ΕΝΔΟΜΗΤΡΙΑ ΚΑΤΑΛΥΣΗ, ΘΕΡΜΙΚΗ, ΧΩΡΙΣ ΥΣΤΕΡΟΣΚΟΠΙΚΗ ΚΑΘΟΔΗΓΗΣΗ;;;;;
5564;X696671;ΕΝΔΟΜΗΤΡΙΑ ΚΡΥΟΠΗΞΙΑ ΜΕ ΚΑΘΟΔΗΓΗΣΗ ΥΠΕΡΗΧΩΝ, ΣΥΜΠΕΡΙΛΑΜΒΑΝΟΜΕΝΗΣΗ ΕΝΔΟΜΗΤΡΙΑΣ  ΑΠΟΞΕΣΗΣ, ΟΤΑΝ ΕΚΤΕΛΕΙΤΑΙ;;;;;
5565;X696759;ΑΝΑΡΤΗΣΗ ΜΗΤΡΑΣ, ΜΕ Ή ΧΩΡΙΣ ΒΡΑΧΥΝΣΗ ΣΤΡΟΓΓΥΛΩΝ ΣΥΝΔΕΣΜΩΝ, ΜΕ Ή ΧΩΡΙΣ ΒΡΑΧΥΝΣΗ ΙΕΡΟΜΗΤΡΙΚΩΝ ΣΥΝΔΕΣΜΩΝ. (ΞΕΧΩΡΙΣΤΗ ΔΙΑΔΙΚΑΣΙΑ);;;;;
5566;X696779;ΑΝΑΡΤΗΣΗ ΜΗΤΡΑΣ, ΜΕ Ή ΧΩΡΙΣ ΒΡΑΧΥΝΣΗ ΣΤΡΟΓΓΥΛΩΝ ΣΥΝΔΕΣΜΩΝ, ΜΕ Ή ΧΩΡΙΣ ΒΡΑΧΥΝΣΗ ΙΕΡΟΜΗΤΡΙΚΩΝ ΣΥΝΔΕΣΜΩΝ. ΜΕ ΠΡΟΪΕΡΗ  ΣΥΜΠΑΘΕΚΤΟΜΗ;;;;;
5567;X696999;ΣΥΡΡΑΦΗ ΜΗΤΡΑΣ, ΑΠΟΚΑΤΑΣΤΑΣΗ ΡΗΞΗΣ ΜΗΤΡΑΣ (ΜΗ ΜΑΙΕΥΤΙΚΗ);;;;;
5568;X697039;ΠΛΑΣΤΙΚΗ ΜΗΤΡΑΣ, ΑΠΟΚΑΤΑΣΤΑΣΗ ΑΝΩΜΑΛΙΑΣ ΤΗΣ ΜΗΤΡΑΣ (ΤΥΠΟΥ STRASSMAN);;;;;
5569;X697041;ΛΑΠΑΡΟΣΚΟΠΗΣΗ, ΧΕΙΡΟΥΡΓΙΚΗ, ΥΦΟΛΙΚΗ ΥΣΤΕΡΕΚΤΟΜΗ, ΓΙΑ ΜΗΤΡΑ 250 ΓΡ. Ή ΜΙΚΡΟΤΕΡΗ.;;;;;
5570;X697043;"ΛΑΠΑΡΟΣΚΟΠΗΣΗ, ΧΕΙΡΟΥΡΓΙΚΗ, ΥΦΟΛΙΚΗ ΥΣΤΕΡΕΚΤΟΜΗ, ΓΙΑ ΜΗΤΡΑ 250 ΓΡ. Ή ΜΙΚΡΟΤΕΡΗ;. ΜΕ ΑΦΑΙΡΕΣΗ ΣΑΛΠΙΓΓΑΣ (ΩΝ) Ή/ΚΑΙ ΩΟΘΗΚΗΣ (ΩΝ)";;;;;
5571;X697045;ΛΑΠΑΡΟΣΚΟΠΗΣΗ, ΧΕΙΡΟΥΡΓΙΚΗ, ΥΦΟΛΙΚΗ ΥΣΤΕΡΕΚΤΟΜΗ, ΓΙΑ ΜΗΤΡΑ ΜΕΓΑΛΥΤΕΡΗ ΤΩΝ 250 ΓΡ.;;;;;
5572;X697047;ΛΑΠΑΡΟΣΚΟΠΗΣΗ, ΧΕΙΡΟΥΡΓΙΚΗ, ΥΦΟΛΙΚΗ ΥΣΤΕΡΕΚΤΟΜΗ, ΓΙΑ ΜΗΤΡΑ ΜΕΓΑΛΥΤΕΡΗ ΤΩΝ 250 ΓΡ. ΜΕ ΑΦΑΙΡΕΣΗ ΣΑΛΠΙΓΓΑΣ (ΩΝ) Ή/ΚΑΙ ΩΟΘΗΚΗΣ (ΩΝ);;;;;
5573;X697049;ΛΑΠΑΡΟΣΚΟΠΗΣΗ, ΧΕΙΡΟΥΡΓΙΚΗ, ΙΝΟΜΥΩΜΑΤΕΚΤΟΜΗ. 1 ΕΩΣ 4 ΕΝΔΟΤΟΙΧΩΜΑΤΙΚΑ ΙΝΟΜΥΩΜΑΤΑ  ΣΥΝΟΛΙΚΟΥ ΒΑΡΟΥΣ ΕΩΣ 250 ΓΡ. ΚΑΙ/Ή ΑΦΑΙΡΕΣΗ ΕΠΙΦΑΝΕΙΑΚΩΝ ΙΝΟΜΥΩΜΑΤΩΝ;;;;;
5574;X697051;ΛΑΠΑΡΟΣΚΟΠΗΣΗ, ΧΕΙΡΟΥΡΓΙΚΗ, ΙΝΟΜΥΩΜΑΤΕΚΤΟΜΗ. 5 Ή ΠΕΡΙΣΣΟΤΕΡΑ ΕΝΔΟΤΟΙΧΩΜΑΤΙΚΑ ΙΝΟΜΥΩΜΑΤΑ Ή ΙΝΟΜΥΩΜΑΤΑ ΣΥΝΟΛΙΚΟΥ ΒΑΡΟΥΣ ΜΕΓΑΛΥΤΕΡΟΥ ΤΩΝ 250 ΓΡ.,;;;;;
5575;X697055;ΛΑΠΑΡΟΣΚΟΠΗΣΗ, ΧΕΙΡΟΥΡΓΙΚΗ, ΜΕ ΡΙΖΙΚΗ ΥΣΤΕΡΕΚΤΟΜΗ, ΜΕ ΑΜΦΙΠΛΕΥΡΗ ΟΛΙΚΗ ΠΥΕΛΙΚΗ ΛΕΜΦΑΔΕΝΕΚΤΟΜΗ ΚΑΙ ΔΕΙΓΜΑΤΟΛΗΨΙΑ (ΒΙΟΨΙΑ) ΠΑΡΑ-ΑΟΡΤΙΚΟΥ ΛΕΜΦΑΔΕΝΑ, ΜΕ ΑΦΑΙΡΕΣΗ ΣΑΛΠΙΓΓΑΣ (ΩΝ) ΚΑΙ/Ή ΩΟΘΗΚΗΣ (ΩΝ), ΕΦΟΣΟΝ ΕΚΤΕΛΕΙΤΑΙ;;;;;
5576;X697059;ΛΑΠΑΡΟΣΚΟΠΗΣΗ, ΧΕΙΡΟΥΡΓΙΚΗ, ΜΕ ΚΟΛΠΙΚΗ ΥΣΤΕΡΕΚΤΟΜΗ, ΓΙΑ ΜΗΤΡΑ 250 ΓΡ. Ή ΜΙΚΡΟΤΕΡΗ.;;;;;
5577;X697063;"ΛΑΠΑΡΟΣΚΟΠΗΣΗ, ΧΕΙΡΟΥΡΓΙΚΗ, ΜΕ ΚΟΛΠΙΚΗ ΥΣΤΕΡΕΚΤΟΜΗ, ΓΙΑ ΜΗΤΡΑ 250 ΓΡ. Ή ΜΙΚΡΟΤΕΡΗ;. ΜΕ ΑΦΑΙΡΕΣΗ ΣΑΛΠΙΓΓΑΣ (ΩΝ) ΚΑΙ/Ή ΩΟΘΗΚΗΣ (ΩΝ)";;;;;
5578;X697065;ΛΑΠΑΡΟΣΚΟΠΗΣΗ, ΧΕΙΡΟΥΡΓΙΚΗ, ΜΕ ΚΟΛΠΙΚΗ ΥΣΤΕΡΕΚΤΟΜΗ, ΓΙΑ ΜΗΤΡΑ ΜΕΓΑΛΥΤΕΡΗ ΤΩΝ 250 ΓΡ.;;;;;
5579;X697067;ΛΑΠΑΡΟΣΚΟΠΗΣΗ, ΧΕΙΡΟΥΡΓΙΚΗ, ΜΕ ΚΟΛΠΙΚΗ ΥΣΤΕΡΕΚΤΟΜΗ, ΓΙΑ ΜΗΤΡΑ ΜΕΓΑΛΥΤΕΡΗ ΤΩΝ 250 ΓΡ. ΜΕ ΑΦΑΙΡΕΣΗ ΣΑΛΠΙΓΓΑΣ (ΩΝ) ΚΑΙ/Ή ΩΟΘΗΚΗΣ (ΩΝ);;;;;
5580;X697069;ΥΣΤΕΡΟΣΚΟΠΗΣΗ, ΔΙΑΓΝΩΣΤΙΚΗ (ΞΕΧΩΡΙΣΤΗ ΔΙΑΔΙΚΑΣΙΑ);;;;;
5581;X697075;ΥΣΤΕΡΟΣΚΟΠΗΣΗ, ΧΕΙΡΟΥΡΓΙΚΗ. ΜΕ ΔΕΙΓΜΑΤΟΛΗΨΙΑ (ΒΙΟΨΙΑ) ΤΟΥ ΕΝΔΟΜΗΤΡΙΟΥ ΚΑΙ/Ή ΠΟΛΥΠΕΚΤΟΜΗ.;;;;;
5582;X697077;ΥΣΤΕΡΟΣΚΟΠΗΣΗ, ΧΕΙΡΟΥΡΓΙΚΗ. ΜΕ ΛΥΣΗ ΕΝΔΟΜΗΤΡΙΩΝ ΣΥΜΦΥΣΕΩΝ (ΟΠΟΙΑΔΗΠΟΤΕ ΜΕΘΟΔΟΣ);;;;;
5583;X697079;ΥΣΤΕΡΟΣΚΟΠΗΣΗ, ΧΕΙΡΟΥΡΓΙΚΗ. ΜΕ ΔΙΑΙΡΕΣΗ Ή ΕΚΤΟΜΗ ΤΟΥ ΕΝΔΟΜΗΤΡΙΟΥ ΔΙΑΦΡΑΓΜΑΤΟΣ (ΟΠΟΙΑΔΗΠΟΤΕ ΜΕΘΟΔΟΣ);;;;;
5584;X697081;ΥΣΤΕΡΟΣΚΟΠΗΣΗ, ΧΕΙΡΟΥΡΓΙΚΗ. ΜΕ ΑΦΑΙΡΕΣΗ ΛΕΙΟΜΥΩΜΑΤΩΝ;;;;;
5585;X697083;ΥΣΤΕΡΟΣΚΟΠΗΣΗ, ΧΕΙΡΟΥΡΓΙΚΗ. ΜΕ ΑΦΑΙΡΕΣΗ ΕΝΣΦΗΝΩΜΕΝΟΥ ΞΕΝΟΥ ΣΩΜΑΤΟΣ;;;;;
5586;X697085;ΥΣΤΕΡΟΣΚΟΠΗΣΗ, ΧΕΙΡΟΥΡΓΙΚΗ. ΜΕ ΕΝΔΟΜΗΤΡΙΑ ΕΚΤΟΜΗ (Π.Χ., ΕΝΔΟΜΗΤΡΙΑ  ΕΚΤΟΜΗ, ΗΛΕΚΤΡΟΧΕΙΡΟΥΡΓΙΚΗ ΑΠΟΚΟΠΗ, ΘΕΡΜΟΑΠΟΚΟΠΗ);;;;;
5587;X697089;ΥΣΤΕΡΟΣΚΟΠΗΣΗ, ΧΕΙΡΟΥΡΓΙΚΗ. ΜΕ ΑΜΦΙΠΛΕΥΡΗ ΔΙΑΣΩΛΗΝΩΣΗ ΣΑΛΠΙΓΓΩΝ ΓΙΑ ΠΡΟΚΛΗΣΗ ΑΠΟΦΡΑΞΗΣ ΜΕΣΩ ΤΗΣ ΤΟΠΟΘΕΤΗΣΗΣ ΜΟΝΙΜΩΝ ΕΜΦΥΤΕΥΜΑΤΩΝ;;;;;
5588;X697099;ΛΑΠΑΡΟΣΚΟΠΗΣΗ, ΧΕΙΡΟΥΡΓΙΚΗ, ΜΕ ΟΛΙΚΗ ΥΣΤΕΡΕΚΤΟΜΗ, ΓΙΑ ΜΗΤΡΑ 250 ΓΡ. Ή ΜΙΚΡΟΤΕΡΗ.;;;;;
5589;X697101;ΛΑΠΑΡΟΣΚΟΠΗΣΗ, ΧΕΙΡΟΥΡΓΙΚΗ, ΜΕ ΟΛΙΚΗ ΥΣΤΕΡΕΚΤΟΜΗ, ΓΙΑ ΜΗΤΡΑ 250 ΓΡ. Ή ΜΙΚΡΟΤΕΡΗ. ΜΕ ΑΦΑΙΡΕΣΗ ΣΑΛΠΙΓΓΑΣ (ΩΝ) ΚΑΙ/Ή ΩΟΘΗΚΗΣ (ΩΝ);;;;;
5590;X697103;ΛΑΠΑΡΟΣΚΟΠΗΣΗ, ΧΕΙΡΟΥΡΓΙΚΗ, ΜΕ ΟΛΙΚΗ ΥΣΤΕΡΕΚΤΟΜΗ, ΓΙΑ ΜΗΤΡΑ ΜΕΓΑΛΥΤΕΡΗ ΤΩΝ 250 ΓΡ.;;;;;
5591;X697105;ΛΑΠΑΡΟΣΚΟΠΗΣΗ, ΧΕΙΡΟΥΡΓΙΚΗ, ΜΕ ΟΛΙΚΗ ΥΣΤΕΡΕΚΤΟΜΗ, ΓΙΑ ΜΗΤΡΑ ΜΕΓΑΛΥΤΕΡΗ ΤΩΝ 250 ΓΡ. ΜΕ ΑΦΑΙΡΕΣΗ ΣΑΛΠΙΓΓΑΣ (ΩΝ) ΚΑΙ/Ή ΩΟΘΗΚΗΣ (ΩΝ);;;;;
5592;X697115;ΜΗ ΚΑΤΑΓΕΓΡΑΜΜΕΝΗ ΔΙΑΔΙΚΑΣΙΑ ΛΑΠΑΡΟΣΚΟΠΗΣΗΣ, ΜΗΤΡΑ;;;;;
5593;X697117;ΜΗ ΚΑΤΑΓΕΓΡΑΜΜΕΝΗ ΔΙΑΔΙΚΑΣΙΑ ΥΣΤΕΡΟΣΚΟΠΗΣΗΣ, ΜΗΤΡΑ;;;;;
5594;X697159;ΑΠΟΛΙΝΩΣΗ Ή ΔΙΑΤΟΜΗ ΣΑΛΠΙΓΓΑΣ/ΩΝ, ΚΟΙΛΙΑΚΗ Ή ΚΟΛΠΙΚΗ ΠΡΟΣΠΕΛΑΣΗ, ΕΤΕΡΟΠΛΕΥΡΗ Ή ΑΜΦΟΤΕΡΟΠΛΕΥΡΗ;;;;;
5595;X697169;ΑΠΟΛΙΝΩΣΗ Ή ΔΙΑΤΟΜΗ ΣΑΛΠΙΓΓΑΣ/ΩΝ, ΚΟΙΛΙΑΚΗ Ή ΚΟΛΠΙΚΗ ΠΡΟΣΠΕΛΑΣΗ, ΕΠΙΛΟΧΙΑ, ΕΤΕΡΟΠΛΕΥΡΗ Ή ΑΜΦΟΤΕΡΟΠΛΕΥΡΗ, ΚΑΤΑ ΤΗΝ ΙΔΙΑ ΝΟΣΗΛΕΙΑ  (ΞΕΧΩΡΙΣΤΗ ΔΙΑΔΙΚΑΣΙΑ);;;;;
5596;X697181;ΑΠΟΛΙΝΩΣΗ Ή ΔΙΑΤΟΜΗ ΣΑΛΠΙΓΓΑΣ/ΩΝ, ΟΤΑΝ ΕΚΤΕΛΕΙΤΑΙ ΣΥΓΧΡΟΝΩΣ ΜΕ ΚΑΙΣΑΡΙΚΗ ΤΟΜΗ Ή ΕΝΔΟ-ΚΟΙΛΙΑΚΗ ΧΕΙΡΟΥΡΓΙΚΗ ΕΠΕΜΒΑΣΗ (ΟΧΙ ΞΕΧΩΡΙΣΤΗ ΔΙΑΔΙΚΑΣΙΑ) (ΝΑ ΚΑΤΑΓΡΑΦΕΤΑΙ ΞΕΧΩΡΙΣΤΑ ΕΠΙΠΛΕΟΝ ΤΟΥ ΚΩΔΙΚΟΥ ΤΗΣ ΑΡΧΙΚΗΣ ΔΙΑΔΙΚΑΣΙΑΣ);;;;;
5597;X697189;ΑΠΟΦΡΑΞΗ ΣΑΛΠΙΓΓΑΣ(ΩΝ) ΜΕΣΩ ΣΥΣΚΕΥΗΣ (Π.Χ., ΖΩΝΗΣ, ΚΛΙΠ, ΣΑΛΠΙΓΓΙΚΟΥ ΔΑΚΤΥΛΙΟΥ) ΚΟΛΠΙΚΗ Ή ΥΠΕΡΗΒΙΚΗ ΠΡΟΣΠΕΛΑΣΗ;;;;;
5598;X697279;ΛΑΠΑΡΟΣΚΟΠΗΣΗ, ΧΕΙΡΟΥΡΓΙΚΗ. ΜΕ ΛΥΣΗ ΣΥΜΦΥΣΕΩΝ (ΣΥΜΦΥΣΙΟΛΥΣΗ ΣΑΛΠΙΓΓΩΝ, ΩΟΘΗΚΩΝ) (ΞΕΧΩΡΙΣΤΗ ΔΙΑΔΙΚΑΣΙΑ);;;;;
5599;X697281;ΛΑΠΑΡΟΣΚΟΠΗΣΗ, ΧΕΙΡΟΥΡΓΙΚΗ. ΜΕ ΑΦΑΙΡΕΣΗ ΕΞΑΡΤΗΜΑΤΩΝ (ΜΕΡΙΚΗ Ή  ΟΛΙΚΗ ΩΟΘΗΚΕΚΤΟΜΗ ΚΑΙ/Ή ΣΑΛΠΙΓΓΕΚΤΟΜΗ);;;;;
5600;X697283;ΛΑΠΑΡΟΣΚΟΠΗΣΗ, ΧΕΙΡΟΥΡΓΙΚΗ. ΜΕ ΗΛΕΚΤΡΟΘΕΡΜΟΚΑΥΤΗΡΙΑΣΗ Ή ΕΚΤΟΜΗ ΒΛΑΒΩΝ ΤΩΝ ΩΟΘΗΚΩΝ, ΠΥΕΛΙΚΩΝ ΟΡΓΑΝΩΝ Ή ΠΕΡΙΤΟΝΑΪΚΗΣ ΕΠΙΦΑΝΕΙΑΣ ΜΕ ΟΠΟΙΑΔΗΠΟΤΕ ΜΕΘΟΔΟ;;;;;
5601;X697299;ΛΑΠΑΡΟΣΚΟΠΗΣΗ, ΧΕΙΡΟΥΡΓΙΚΗ. ΜΕ ΗΛΕΚΤΡΟΘΕΡΜΟΚΑΥΤΗΡΙΑΣΗ ΤΩΝ ΣΑΛΠΙΓΓΩΝ (ΜΕ Ή ΧΩΡΙΣ ΕΚΤΟΜΗ);;;;;
5602;X697301;ΛΑΠΑΡΟΣΚΟΠΗΣΗ, ΧΕΙΡΟΥΡΓΙΚΗ. ΜΕ ΑΠΟΦΡΑΞΗ ΣΑΛΠΙΓΓΩΝ ΜΕΣΩ ΣΥΣΚΕΥΗΣ (Π.Χ. ΖΩΝΗΣ, ΚΛΙΠ Ή ΣΑΛΠΙΓΓΙΚΟΥ ΔΑΚΤΥΛΙΟΥ);;;;;
5603;X697303;ΛΑΠΑΡΟΣΚΟΠΗΣΗ, ΧΕΙΡΟΥΡΓΙΚΗ. ΜΕ ΚΡΟΣΟΠΛΑΣΤΙΚΗ;;;;;
5604;X697305;ΛΑΠΑΡΟΣΚΟΠΗΣΗ, ΧΕΙΡΟΥΡΓΙΚΗ. ΜΕ ΣΑΛΠΙΓΓΟΣΤΟΜΙΑ (ΣΑΛΠΙΓΓΟΝΕΟΣΤΟΜΙΑ);;;;;
5605;X697317;ΜΗ ΚΑΤΑΓΕΓΡΑΜΜΕΝΗ ΔΙΑΔΙΚΑΣΙΑ ΛΑΠΑΡΟΣΚΟΠΗΣΗΣ, ΩΟΘΗΚΕΣ;;;;;
5606;X697359;ΣΑΛΠΙΓΚΕΚΤΟΜΗ, ΠΛΗΡΗΣ Ή ΜΕΡΙΚΗ, ΕΤΕΡΟΠΛΕΥΡΗ Ή ΑΜΦΟΤΕΡΟΠΛΕΥΡΗ (ΞΕΧΩΡΙΣΤΗ ΔΙΑΔΙΚΑΣΙΑ);;;;;
5607;X697399;ΣΑΛΠΙΓΓΟΩΟΘΗΚΕΚΤΟΜΗ, ΟΛΙΚΗ Ή ΜΕΡΙΚΗ, ΕΤΕΡΟΠΛΕΥΡΗ Ή ΑΜΦΟΤΕΡΟΠΛΕΥΡΗ (ΞΕΧΩΡΙΣΤΗ ΔΙΑΔΙΚΑΣΙΑ);;;;;
5608;X697439;ΛΥΣΗ ΣΥΜΦΥΣΕΩΝ (ΣΑΛΠΙΓΓΩΝ, ΩΟΘΗΚΩΝ);;;;;
5609;X697459;ΣΑΛΠΙΓΓΙΚΗ ΑΝΑΣΤΟΜΩΣΗ;;;;;
5610;X697463;ΕΜΦΥΤΕΥΣΗ ΣΑΛΠΙΓΓΑΣ ΣΤΗ ΜΗΤΡΑ;;;;;
5611;X697479;ΠΛΑΣΤΙΚΗ ΚΡΟΣΩΝ;;;;;
5612;X697499;ΣΑΛΠΙΓΓΟΣΤΟΜΙΑ (ΣΑΛΠΙΓΓΟΝΕΟΣΤΟΜΙΑ);;;;;
5613;X697559;ΠΑΡΟΧΕΤΕΥΣΗ ΩΟΘΗΚΙΚΩΝ ΚΥΣΤΗΣ (ΕΩΝ), ΕΤΕΡΟΠΛΕΥΡΗ Ή ΑΜΦΟΤΕΡΟΠΛΕΥΡΗ (ΞΕΧΩΡΙΣΤΗ ΔΙΑΔΙΚΑΣΙΑ). ΚΟΛΠΙΚΗ ΠΡΟΣΠΕΛΑΣΗ;;;;;
5614;X697569;ΠΑΡΟΧΕΤΕΥΣΗ ΩΟΘΗΚΙΚΩΝ ΚΥΣΤΗΣ (ΕΩΝ), ΕΤΕΡΟΠΛΕΥΡΗ Ή ΑΜΦΟΤΕΡΟΠΛΕΥΡΗ (ΞΕΧΩΡΙΣΤΗ ΔΙΑΔΙΚΑΣΙΑ). ΚΟΙΛΙΑΚΗ ΠΡΟΣΠΕΛΑΣΗ;;;;;
5615;X697599;ΠΑΡΟΧΕΤΕΥΣΗ ΩΟΘΗΚΙΚΟΥ ΑΠΟΣΤΗΜΑΤΟΣ. ΚΟΛΠΙΚΗ ΠΡΟΣΠΕΛΑΣΗ, ΑΝΟΙΚΤΗ;;;;;
5616;X697603;ΠΑΡΟΧΕΤΕΥΣΗ ΩΟΘΗΚΙΚΟΥ ΑΠΟΣΤΗΜΑΤΟΣ. ΚΟΙΛΙΑΚΗ ΠΡΟΣΠΕΛΑΣΗ,;;;;;
5617;X697605;ΠΑΡΟΧΕΤΕΥΣΗ ΠΥΕΛΙΚΟΥ ΑΠΟΣΤΗΜΑΤΟΣ, ΔΙΑΚΟΛΠΙΚΗ Ή ΔΙΟΡΘΙΚΗ ΠΡΟΣΠΕΛΑΣΗ, ΔΙΑΔΕΡΜΙΚΗ (Π.Χ., ΠΕΡΙΟΧΗ ΩΟΘΗΚΩΝ Ή ΚΟΛΟΥ);;;;;
5618;X697609;ΑΝΤΙΜΕΤΑΘΕΣΗ, ΩΟΘΗΚΗΣ (ΩΝ);;;;;
5619;X697759;ΒΙΟΨΙΑ ΩΟΘΗΚΩΝ, ΕΤΕΡΟΠΛΕΥΡΗ Ή ΑΜΦΟΤΕΡΟΠΛΕΥΡΗ (ΞΕΧΩΡΙΣΤΗ ΔΙΑΔΙΚΑΣΙΑ);;;;;
5620;X697799;ΣΦΗΝΟΕΙΔΗΣ ΕΚΤΟΜΗ Ή ΔΙΧΟΤΟΜΗΣΗ ΩΟΘΗΚΩΝ, ΕΤΕΡΟΠΛΕΥΡΗ Ή ΑΜΦΟΤΕΡΟΠΛΕΥΡΗ;;;;;
5621;X697809;ΕΚΤΟΜΗ ΚΥΣΤΗΣ ΩΟΘΗΚΗΣ, ΕΤΕΡΟΠΛΕΥΡΗ Ή ΑΜΦΟΤΕΡΟΠΛΕΥΡΗ;;;;;
5622;X697839;ΩΟΘΗΚΕΚΤΟΜΗ, ΜΕΡΙΚΗ Ή ΟΛΙΚΗ, ΕΤΕΡΟΠΛΕΥΡΗ Ή ΑΜΦΟΤΕΡΟΠΛΕΥΡΗ;;;;;
5623;X697845;ΩΟΘΗΚΕΚΤΟΜΗ, ΜΕΡΙΚΗ Ή ΟΛΙΚΗ, ΕΤΕΡΟΠΛΕΥΡΗ Ή ΑΜΦΟΤΕΡΟΠΛΕΥΡΗ ΓΙΑ ΩΟΘΗΚΙΚΗ, ΣΑΛΠΙΓΓΙΚΗ Ή ΠΡΩΤΕΥΟΥΣΑ ΠΕΡΙΤΟΝΙΑΚΗ ΚΑΚΟΗΘΕΙΑ, ΜΕ ΠΑΡΑ-ΑΟΡΤΙΚΗ ΚΑΙ ΠΥΕΛΙΚΗ ΒΙΟΨΙΕΣ ΛΕΜΦΑΔΕΝΩΝ, ΠΕΡΙΤΟΝΑΪΚΕΣ ΕΚΠΛΥΣΕΙΣ, ΠΕΡΙΤΟΝΑΪΚΕΣ ΒΙΟΨΙΕΣ, ΔΙΑΦΡΑΓΜΑΤΙΚΕΣ ΕΚΤΙΜΗΣΕΙΣ, ΜΕ Ή ΧΩΡΙΣ ΣΑΛΠΙΓΓΕΚΤΟΜΗ (ΕΣ), ΜΕ Ή ΧΩΡΙΣ ΕΚΤΟΜΗ ΤΟΥ ΕΠΙΠΛΟΟΥ;;;;;
5624;X697859;ΕΚΤΟΜΗ (ΑΡΧΙΚΗ) ΚΑΚΟΗΘΕΙΑΣ ΩΟΘΗΚΗΣ, ΣΑΛΠΙΓΓΑΣ Ή ΠΡΩΤΕΥΟΥΣΑΣ ΠΕΡΙΤΟΝΑΙΟΥ ΜΕ ΑΜΦΙΠΛΕΥΡΗ ΣΑΛΠΙΓΓΟΩΟΘΗΚΕΚΤΟΜΗ ΚΑΙ ΕΠΙΠΛΟΕΚΤΟΜΗ;;;;;
5625;X697861;ΕΚΤΟΜΗ (ΑΡΧΙΚΗ) ΚΑΚΟΗΘΕΙΑΣ ΩΟΘΗΚΗΣ, ΣΑΛΠΙΓΓΑΣ Ή ΠΡΩΤΕΥΟΥΣΑΣ ΠΕΡΙΤΟΝΑΙΟΥ ΜΕ ΑΜΦΙΠΛΕΥΡΗ ΣΑΛΠΙΓΓΟΩΟΘΗΚΕΚΤΟΜΗ ΚΑΙ ΕΠΙΠΛΟΕΚΤΟΜΗ, ΜΕ ΟΛΙΚΗ ΚΟΙΛΙΑΚΗ ΥΣΤΕΡΕΚΤΟΜΗ, ΠΥΕΛΙΚΗ ΚΑΙ ΠΕΡΙΟΡΙΣΜΕΝΗ ΠΑΡΑ-ΑΟΡΤΙΚΗ ΛΥΜΦΑΔΕΝΕΚΤΟΜΗ;;;;;
5626;X697863;ΕΚΤΟΜΗ (ΑΡΧΙΚΗ) ΚΑΚΟΗΘΕΙΑΣ ΩΟΘΗΚΗΣ, ΣΑΛΠΙΓΓΑΣ Ή ΠΡΩΤΕΥΟΥΣΑΣ ΠΕΡΙΤΟΝΑΙΟΥ ΜΕ ΑΜΦΙΠΛΕΥΡΗ ΣΑΛΠΙΓΓΟΩΟΘΗΚΕΚΤΟΜΗ ΚΑΙ ΕΠΙΠΛΟΕΚΤΟΜΗ, ΜΕ ΡΙΖΙΚΗ ΠΑΡΑΣΚΕΥΗ ΓΙΑ ΕΚΤΕΤΑΜΕΝΗ ΑΦΑΙΡΕΣΗ ΟΓΚΟΥ (Π.Χ., ΡΙΖΙΚΗ ΕΚΤΟΜΗ Ή ΚΑΤΑΣΤΡΟΦΗ,  ΕΝΔΟ-ΚΟΙΛΙΑΚΩΝ Ή ΟΠΙΣΘΟΠΕΡΙΤΟΝΑΪΚΩΝ ΟΓΚΩΝ);;;;;
5627;X697865;ΑΜΦΙΠΛΕΥΡΗ ΣΑΛΠΙΓΓΟΩΟΘΗΚΕΚΤΟΜΗ ΚΑΙ ΕΠΙΠΛΟΕΚΤΟΜΗ. ΟΛΙΚΗ ΚΟΙΛΙΑΚΗ ΥΣΤΕΡΕΚΤΟΜΗ ΚΑΙ ΡΙΖΙΚΗ ΠΑΡΑΣΚΕΥΗ ΓΙΑ ΕΚΤΕΤΑΜΕΝΗ ΑΦΑΙΡΕΣΗ ΟΓΚΟΥ.;;;;;
5628;X697867;ΑΜΦΙΠΛΕΥΡΗ ΣΑΛΠΙΓΓΟΩΟΘΗΚΕΚΤΟΜΗ ΚΑΙ ΕΠΙΠΛΟΕΚΤΟΜΗ. ΟΛΙΚΗ ΚΟΙΛΙΑΚΗ ΥΣΤΕΡΕΚΤΟΜΗ ΚΑΙ ΡΙΖΙΚΗ ΠΑΡΑΣΚΕΥΗ ΓΙΑ ΕΚΤΕΤΑΜΕΝΗ ΑΦΑΙΡΕΣΗ ΟΓΚΟΥ. ΜΕ ΠΥΕΛΙΚΗ ΛΕΜΦΑΔΕΝΕΚΤΟΜΗ ΚΑΙ ΠΕΡΙΟΡΙΣΜΕΝΗ ΠΑΡΑ-ΑΟΡΤΙΚΗ ΛΕΜΦΑΔΕΝΕΚΤΟΜΗ;;;;;
5629;X697871;ΑΜΦΙΠΛΕΥΡΗ ΣΑΛΠΙΓΓΟΩΟΘΗΚΕΚΤΟΜΗ ΚΑΙ ΕΠΙΠΛΟΕΚΤΟΜΗ. ΟΛΙΚΗ ΚΟΙΛΙΑΚΗ ΥΣΤΕΡΕΚΤΟΜΗ ΓΙΑ ΚΑΚΟΗΘΕΙΑ;;;;;
5630;X697873;ΕΚΤΟΜΗ (ΕΚΤΕΤΑΜΕΝΗ ΑΦΑΙΡΕΣΗ ΟΓΚΟΥ) ΥΠΟΤΡΟΠΙΑΖΟΥΣΑΣ ΩΟΘΗΚΙΚΗΣ, ΣΑΛΠΙΓΓΙΚΗΣ, ΠΡΩΤΕΥΟΥΣΑΣ ΠΕΡΙΤΟΝΑΪΚΗΣ, ΜΗΤΡΙΚΗΣ ΚΑΚΟΗΘΕΙΑΣ (ΕΝΔΟ-ΚΟΙΛΙΑΚΟΙ, ΟΠΙΣΘΟΠΕΡΙΤΟΝΑΪΚΟΙ  ΟΓΚΟΙ), ΜΕ ΕΠΙΠΛΟΕΚΤΟΜΗ, ΕΦΟΣΟΝ ΕΚΤΕΛΕΙΤΑΙ.;;;;;
5631;X697875;ΕΚΤΟΜΗ (ΕΚΤΕΤΑΜΕΝΗ ΑΦΑΙΡΕΣΗ ΟΓΚΟΥ) ΥΠΟΤΡΟΠΙΑΖΟΥΣΑΣ ΩΟΘΗΚΙΚΗΣ, ΣΑΛΠΙΓΓΙΚΗΣ, ΠΡΩΤΕΥΟΥΣΑΣ ΠΕΡΙΤΟΝΑΪΚΗΣ, ΜΗΤΡΙΚΗΣ ΚΑΚΟΗΘΕΙΑΣ (ΕΝΔΟ-ΚΟΙΛΙΑΚΟΙ, ΟΠΙΣΘΟΠΕΡΙΤΟΝΑΪΚΟΙ  ΟΓΚΟΙ), ΜΕ ΕΠΙΠΛΟΕΚΤΟΜΗ, ΕΦΟΣΟΝ ΕΚΤΕΛΕΙΤΑΙ, ΜΕ ΠΥΕΛΙΚΗ ΛΕΜΦΑΔΕΝΕΚΤΟΜΗ ΚΑΙ ΠΕΡΙΟΡΙΣΜΕΝΗ ΠΑΡΑ-ΑΟΡΤΙΚΗ ΛΕΜΦΑΔΕΝΕΚΤΟΜΗ;;;;;
5632;X697879;ΛΑΠΑΡΟΤΟΜΙΑ, ΓΙΑ ΣΤΑΔΙΟΠΟΙΗΣΗ Ή ΕΠΑΝΑΣΤΑΔΙΟΠΟΙΗΣΗ ΩΟΘΗΚΙΚΗΣ, ΣΑΛΠΙΓΓΙΚΗΣ Ή ΠΡΩΤΕΥΟΥΣΑΣ ΠΕΡΙΤΟΝΑΪΚΗΣ ΚΑΚΟΗΘΕΙΑΣ (ΔΕΥΤΕΡΗ ΕΚΤΙΜΗΣΗ), ΜΕ Ή ΧΩΡΙΣ ΕΠΙΠΛΟΕΚΤΟΜΗ, ΠΕΡΙΤΟΝΑΪΚΗ ΕΚΠΛΥΣΗ, ΒΙΟΨΙΑ ΚΟΙΛΙΑΚΟΥ ΚΑΙ ΠΥΕΛΙΚΟΥ ΠΕΡΙΤΟΝΑΙΟΥ, ΔΙΑΦΡΑΓΜΑΤΙΚΗ ΕΚΤΙΜΗΣΗ ΜΕ ΠΥΕΛΙΚΗ ΚΑΙ ΠΕΡΙΟΡΙΣΜΕΝΗ ΠΑΡΑ-ΑΟΡΤΙΚΗ  ΛΕΜΦΑΔΕΝΕΚΤΟΜΗ;;;;;
5633;X697899;ΠΑΡΑΚΕΝΤΗΣΗ ΩΟΘΥΛΑΚΙΩΝ ΓΙΑ ΣΥΛΛΟΓΗ ΩΟΚΥΤΤΑΡΩΝ, ΟΠΟΙΑΔΗΠΟΤΕ ΜΕΘΟΔΟΣ;;;;;
5634;X697907;ΕΝΔΟΜΗΤΡΙΑ ΕΜΒΡΥΟΜΕΤΑΦΟΡΑ;;;;;
5635;X697911;ΕΝΔΟΣΑΛΠΙΓΓΙΚΗ ΜΕΤΑΦΟΡΑ ΓΑΜΕΤΗ, ΖΥΓΩΤΟΥ, Ή ΕΜΒΡΥΟΥ, ΟΠΟΙΑΔΗΠΟΤΕ ΜΕΘΟΔΟΣ;;;;;
5636;X697957;ΜΗ ΚΑΤΑΓΕΓΡΑΜΜΕΝΗ ΔΙΑΔΙΚΑΣΙΑ, ΓΥΝΑΙΚΕΙΟ ΑΝΑΠΑΡΑΓΩΓΙΚΟ ΣΥΣΤΗΜΑ (ΜΗ ΜΑΙΕΥΤΙΚΗ);;;;;
5637;X697959;ΑΜΝΙΟΠΑΡΑΚΕΝΤΗΣΗ. ΔΙΑΓΝΩΣΤΙΚΗ;;;;;
5638;X697961;ΑΜΝΙΟΠΑΡΑΚΕΝΤΗΣΗ, ΘΕΡΑΠΕΥΤΙΚΗ ΜΕΙΩΣΗ ΑΜΝΙΑΚΟΥ ΥΓΡΟΥ (ΥΠΟ ΥΠΕΡΗΧΟΓΡΑΦΙΚΗ ΠΑΡΑΚΟΛΟΥΘΗΣΗ);;;;;
5639;X697983;ΠΑΡΑΚΕΝΤΗΣΗ ΟΜΦΑΛΙΟΥ ΛΩΡΟΥ (ΕΝΔΟΜΗΤΡΙΑ), ΟΠΟΙΑΔΗΠΟΤΕ ΜΕΘΟΔΟΣ;;;;;
5640;X697989;ΛΗΨΗ ΧΟΡΙΑΚΗΣ ΛΑΧΝΗΣ, ΟΠΟΙΑΔΗΠΟΤΕ ΜΕΘΟΔΟΣ;;;;;
5641;X697999;ΕΜΒΡΥΪΚΗ ΔΟΚΙΜΑΣΙΑ ΣΥΣΠΑΣΗΣ (STRESS TEST);;;;;
5642;X698009;ΕΜΒΡΥΪΚΗ NON STRESS ΔΟΚΙΜΑΣΙΑ;;;;;
5643;X698019;ΛΗΨΗ ΕΜΒΡΥΪΚΟΥ ΑΙΜΑΤΟΣ ΑΠΌ ΤΟ ΤΡΙΧΩΤΟ ΤΗΣ ΚΕΦΑΛΗΣ ;;;;;
5644;X698059;ΠΑΡΑΚΟΛΟΥΘΗΣΗ ΕΜΒΡΥΟΥ ΚΑΤΑ ΤΗΝ ΚΥΗΣΗ ΜΕΣΩ ΕΠΙΣΚΕΨΕΩΝ ΣΕ ΙΑΤΡΟ (Π.Χ. ΜΗ-ΕΠΙΒΛΕΠΩΝ ΙΑΤΡΟΣ) ΜΕ ΓΡΑΠΤΕΣ ΑΝΑΦΟΡΕΣ. ΕΠΙΒΛΕΨΗ ΚΑΙ ΕΡΜΗΝΕΙΑ;;;;;
5645;X698061;ΠΑΡΑΚΟΛΟΥΘΗΣΗ ΕΜΒΡΥΟΥ ΚΑΤΑ ΤΗΝ ΚΥΗΣΗ ΜΕΣΩ ΕΠΙΣΚΕΨΕΩΝ ΣΕ ΙΑΤΡΟ (Π.Χ. ΜΗ-ΕΠΙΒΛΕΠΩΝ ΙΑΤΡΟΣ) ΜΕ ΓΡΑΠΤΕΣ ΑΝΑΦΟΡΕΣ. ΜΟΝΟ ΕΡΜΗΝΕΙΑ;;;;;
5646;X698099;ΔΙΑΚΟΙΛΙΑΚΗ ΕΓΧΥΣΗ ΣΤΟΝ ΑΜΝΙΑΚΟ ΣΑΚΟ, ΣΥΜΠΕΡΙΛΑΜΒΑΝΟΜΕΝΗΣ ΚΑΘΟΔΗΓΗΣΗΣ ΥΠΕΡΗΧΩΝ;;;;;
5647;X698103;ΑΠΟΦΡΑΞΗ ΟΜΦΑΛΙΟΥ ΛΩΡΟΥ ΕΜΒΡΥΟΥ, ΥΠΟ ΥΠΕΡΗΧΟΓΡΑΦΙΚΗ ΠΑΡΑΚΟΛΟΥΘΗΣΗ;;;;;
5648;X698107;ΠΑΡΟΧΕΤΕΥΣΗ ΕΜΒΡΥΪΚΟΥ ΥΓΡΟΥ (Π.Χ., ΠΑΡΑΚΕΝΤΗΣΗ ΟΥΡΟΔΟΧΟΥ ΚΥΣΤΕΩΣ, ΘΩΡΑΚΟΚΕΝΤΗΣΗ, ΆΛΛΗ ΠΑΡΑΚΕΝΤΗΣΗ), ΥΠΟ ΥΠΕΡΗΧΟΓΡΑΦΙΚΗ ΠΑΡΑΚΟΛΟΥΘΗΣΗ;;;;;
5649;X698111;ΤΟΠΟΘΕΤΗΣΗ SHUNT ΣΕ ΕΜΒΡΥΟ, ΥΠΟ ΥΠΕΡΗΧΟΓΡΑΦΙΚΗ ΠΑΡΑΚΟΛΟΥΘΗΣΗ;;;;;
5650;X698159;ΥΣΤΕΡΕΚΤΟΜΗ, ΚΟΙΛΙΑΚΗ (Π.Χ., ΓΙΑ ΜΥΛΗ ΚΥΗΣΗ, ΑΜΒΛΩΣΗ);;;;;
5651;X698199;ΧΕΙΡΟΥΡΓΙΚΗ ΑΝΤΙΜΕΤΩΠΙΣΗ ΕΚΤΟΠΗΣ ΕΓΚΥΜΟΣΥΝΗΣ. ΣΑΛΠΙΓΓΙΚΗ Ή ΩΟΘΗΚΙΚΗ, ΑΠΑΙΤΕΙ ΣΑΛΠΙΓΓΕΚΤΟΜΗ ΚΑΙ Ή ΕΚΤΟΜΗ ΩΟΘΗΚΗΣ, ΚΟΙΛΙΑΚΗ Ή ΚΟΛΠΙΚΗ ΠΡΟΣΠΕΛΑΣΗ;;;;;
5652;X698201;ΧΕΙΡΟΥΡΓΙΚΗ ΑΝΤΙΜΕΤΩΠΙΣΗ ΕΚΤΟΠΗΣ ΕΓΚΥΜΟΣΥΝΗΣ. ΣΑΛΠΙΓΓΙΚΗ Ή ΩΟΘΗΚΙΚΗ, ΧΩΡΙΣ ΕΚΤΟΜΗ ΩΟΘΗΚΗΣ ΚΑΙ/Ή ΣΑΛΠΙΓΚΕΚΤΟΜΗ;;;;;
5653;X698219;ΧΕΙΡΟΥΡΓΙΚΗ ΑΝΤΙΜΕΤΩΠΙΣΗ ΕΚΤΟΠΗΣ ΕΓΚΥΜΟΣΥΝΗΣ. ΚΟΙΛΙΑΚΗ ΕΓΚΥΜΟΣΥΝΗ;;;;;
5654;X698229;ΧΕΙΡΟΥΡΓΙΚΗ ΑΝΤΙΜΕΤΩΠΙΣΗ ΕΚΤΟΠΗΣ ΕΓΚΥΜΟΣΥΝΗΣ. ΜΗΤΡΙΚΗ ΕΓΚΥΜΟΣΥΝΗ, ΔΙΑΜΕΣΟΣ ΚΥΗΣΗ ΠΟΥ ΑΠΑΙΤΕΙ ΟΛΙΚΗ ΥΣΤΕΡΕΚΤΟΜΗ;;;;;
5655;X698231;ΧΕΙΡΟΥΡΓΙΚΗ ΑΝΤΙΜΕΤΩΠΙΣΗ ΕΚΤΟΠΗΣ ΕΓΚΥΜΟΣΥΝΗΣ. ΜΗΤΡΙΚΗ ΕΓΚΥΜΟΣΥΝΗ, ΔΙΑΜΕΣΟΣ ΚΥΗΣΗ ΜΕ ΜΕΡΙΚΗ ΕΚΤΟΜΗ ΤΗΣ ΜΗΤΡΑΣ;;;;;
5656;X698239;ΧΕΙΡΟΥΡΓΙΚΗ ΑΝΤΙΜΕΤΩΠΙΣΗ ΕΚΤΟΠΗΣ ΕΓΚΥΜΟΣΥΝΗΣ. ΤΡΑΧΗΛΙΚΗ, ΜΕ ΕΚΚΕΝΩΣΗ;;;;;
5657;X698259;ΛΑΠΑΡΟΣΚΟΠΙΚΗ ΘΕΡΑΠΕΙΑ ΕΚΤΟΠΗΣ ΕΓΚΥΜΟΣΥΝΗΣ. ΧΩΡΙΣ ΣΑΛΠΙΓΓΕΚΤΟΜΗ ΚΑΙ/Ή ΕΚΤΟΜΗ ΩΟΘΗΚΗΣ;;;;;
5658;X698261;ΛΑΠΑΡΟΣΚΟΠΙΚΗ ΘΕΡΑΠΕΙΑ ΕΚΤΟΠΗΣ ΕΓΚΥΜΟΣΥΝΗΣ. ΜΕ ΣΑΛΠΙΓΓΕΚΤΟΜΗ ΚΑΙ/Ή  ΩΟΘΗΚΕΚΤΟΜΗ;;;;;
5659;X698279;ΑΠΟΞΕΣΗ ΣΤΗ ΛΟΧΕΙΑ;;;;;
5660;X698359;ΕΙΣΑΓΩΓΗ ΤΡΑΧΗΛΙΚΟΥ ΔΙΑΣΤΟΛΕΑ (Π.Χ., ΛΑΜΙΝΑΡΙΑ, ΠΡΟΣΤΑΓΛΑΔΙΝΗ) (ΞΕΧΩΡΙΣΤΗ ΔΙΑΔΙΚΑΣΙΑ);;;;;
5661;X698559;ΠΕΡΙΝΕΟΤΟΜΗ Ή ΚΟΛΠΙΚΗ ΑΠΟΚΑΤΑΣΤΑΣΗ, ΑΠΟ ΑΛΛΟΝ ΠΛΗΝ ΤΟΥ ΘΕΡΑΠΟΝΤΟΣ ΙΑΤΡΟΥ;;;;;
5662;X698599;ΠΕΡΙΔΕΣΗ ΤΡΑΧΗΛΟΥ, ΚΑΤΑ ΤΗΝ ΔΙΑΡΚΕΙΑ ΕΓΚΥΜΟΣΥΝΗΣ, ΚΟΛΠΙΚΗ.;;;;;
5663;X698609;ΠΕΡΙΔΕΣΗ ΤΡΑΧΗΛΟΥ, ΚΑΤΑ ΤΗΝ ΔΙΑΡΚΕΙΑ ΕΓΚΥΜΟΣΥΝΗΣ, ΚΟΙΛΙΑΚΗ.;;;;;
5664;X698659;ΣΥΡΡΑΦΗ ΡΗΞΗΣ ΜΗΤΡΑΣ;;;;;
5665;X698759;ΓΥΝΑΙΚΟΛΟΓΙΚΗ ΦΡΟΝΤΙΔΑ ΡΟΥΤΙΝΑΣ ΠΟΥ ΠΕΡΙΛΑΜΒΑΝΕΙ ΠΡΟΓΕΝΝΗΤΙΚΗ ΦΡΟΝΤΙΔΑ, ΚΟΛΠΙΚΗ ΓΕΝΝΑ (ΜΕ Ή ΧΩΡΙΣ ΠΕΡΙΝΕΟΤΟΜΗ ΚΑΙ ΕΜΒΡΥΟΥΛΚΙΑ) ΚΑΙ ΕΠΙΛΟΧΕΙΑ ΦΡΟΝΤΙΔΑ;;;;;
5666;X698777;ΜΟΝΟ ΚΟΛΠΙΚΗ ΓΕΝΝΑ (ΜΕ Ή ΧΩΡΙΣ ΠΕΡΙΝΕΟΤΟΜΗ ΚΑΙ/Ή ΕΜΒΡΥΟΥΛΚΙΑ).;;;;;
5667;X698779;ΜΟΝΟ ΚΟΛΠΙΚΗ ΓΕΝΝΑ (ΜΕ Ή ΧΩΡΙΣ ΠΕΡΙΝΕΟΤΟΜΗ ΚΑΙ/Ή ΕΜΒΡΥΟΥΛΚΙΑ). ΣΥΜΠΕΡΙΛΑΜΒΑΝΟΜΕΝΗΣ ΕΠΙΛΟΧΕΙΑΣ ΦΡΟΝΤΙΔΑΣ;;;;;
5668;X698783;ΕΞΩΤΕΡΙΚΗ ΜΕΤΑΣΧΗΜΑΤΙΣΜΟΣ, ΜΕ Ή ΧΩΡΙΣ ΤΟΚΟΛΥΣΗ;;;;;
5669;X698787;ΕΞΑΓΩΓΗ ΠΛΑΚΟΥΝΤΑ-ΥΣΤΕΡΟΤΟΚΙΑ (ΞΕΧΩΡΙΣΤΗ ΔΙΑΔΙΚΑΣΙΑ);;;;;
5670;X698809;ΠΡΟΓΕΝΝΗΤΙΚΗ ΦΡΟΝΤΙΔΑ ΜΟΝΟ. 4-6 ΕΠΙΣΚΕΨΕΙΣ;;;;;
5671;X698811;ΠΡΟΓΕΝΝΗΤΙΚΗ ΦΡΟΝΤΙΔΑ ΜΟΝΟ. 7 Ή ΠΕΡΙΣΣΟΤΕΡΕΣ ΕΠΙΣΚΕΨΕΙΣ;;;;;
5672;X698819;ΜΕΤΑΓΕΝΝΗΤΙΚΗ ΦΡΟΝΤΙΔΑ ΜΟΝΟ (ΞΕΧΩΡΙΣΤΗ ΔΙΑΔΙΚΑΣΙΑ);;;;;
5673;X698979;ΓΥΝΑΙΚΟΛΟΓΙΚΗ ΦΡΟΝΤΙΔΑ ΡΟΥΤΙΝΑΣ ΠΟΥ ΠΕΡΙΛΑΜΒΑΝΕΙ ΠΡΟΓΕΝΝΗΤΙΚΗ ΦΡΟΝΤΙΔΑ, ΚΑΙΣΑΡΙΚΗ ΓΕΝΝΑ ΚΑΙ ΜΕΤΑΓΕΝΝΗΤΙΚΗ ΦΡΟΝΤΙΔΑ;;;;;
5674;X698987;ΜΟΝΟ ΚΑΙΣΑΡΙΚΗ ΓΕΝΝΑ.;;;;;
5675;X698989;ΜΟΝΟ ΚΑΙΣΑΡΙΚΗ ΓΕΝΝΑ. ΠΕΡΙΛΑΜΒΑΝΕΙ ΜΕΤΑΓΕΝΝΗΤΙΚΗ ΦΡΟΝΤΙΔΑ;;;;;
5676;X699009;ΜΕΡΙΚΗ Ή ΟΛΙΚΗ ΥΣΤΕΡΕΚΤΟΜΗ ΜΕΤΑ ΑΠΟ ΚΑΙΣΑΡΙΚΗ ΓΕΝΝΑ (ΚΑΤΑΧΩΡΗΣΤΕ ΞΕΧΩΡΙΣΤΑ ΕΠΙΠΛΕΟΝ ΤΟΥ ΚΩΔΙΚΟΥ ΤΗΣ ΑΡΧΙΚΗΣ ΔΙΑΔΙΚΑΣΙΑΣ);;;;;
5677;X699179;ΓΥΝΑΙΚΟΛΟΓΙΚΗ ΦΡΟΝΤΙΔΑ ΡΟΥΤΙΝΑΣ ΠΟΥ ΠΕΡΙΛΑΜΒΑΝΕΙ ΠΡΟΓΕΝΝΗΤΙΚΗ ΦΡΟΝΤΙΔΑ, ΚΟΛΠΙΚΗ ΓΕΝΝΑ (ΜΕ Ή ΧΩΡΙΣ ΠΕΡΙΝΕΟΤΟΜΗ ΚΑΙ ΕΜΒΡΥΟΥΛΚΙΑ ) ΚΑΙ ΜΕΤΑΓΕΝΝΗΤΙΚΗ ΦΡΟΝΤΙΔΑ ΜΕΤΑ ΑΠΟ ΠΡΟΗΓΗΘΕΙΣΑ ΚΑΙΣΑΡΙΚΗ ΤΟΜΗ;;;;;
5678;X699183;ΜΟΝΟ ΚΟΛΠΙΚΗ ΓΕΝΝΑ, ΜΕΤΑ ΑΠΟ ΠΡΟΗΓΗΘΕΙΣΑ ΚΑΙΣΑΡΙΚΗ ΤΟΜΗ (ΜΕ Ή ΧΩΡΙΣ ΠΕΡΙΝΕΟΤΟΜΗ ΚΑΙ/Ή ΕΜΒΡΥΟΥΛΚΙΑ ).;;;;;
5679;X699187;ΜΟΝΟ ΚΟΛΠΙΚΗ ΓΕΝΝΑ, ΜΕΤΑ ΑΠΟ ΠΡΟΗΓΗΘΕΙΣΑ ΚΑΙΣΑΡΙΚΗ ΤΟΜΗ (ΜΕ Ή ΧΩΡΙΣ ΠΕΡΙΝΕΟΤΟΜΗ ΚΑΙ/Ή ΕΜΒΡΥΟΥΛΚΙΑ). ΣΥΜΠΕΡΙΛΑΜΒΑΝΟΜΕΝΗΣ ΜΕΤΑΓΕΝΝΗΤΙΚΗΣ ΦΡΟΝΤΙΔΑΣ;;;;;
5680;X699195;ΓΥΝΑΙΚΟΛΟΓΙΚΗ ΦΡΟΝΤΙΔΑ ΡΟΥΤΙΝΑΣ ΠΟΥ ΠΕΡΙΛΑΜΒΑΝΕΙ ΠΡΟΓΕΝΝΗΤΙΚΗ ΦΡΟΝΤΙΔΑ, ΚΑΙΣΑΡΙΚΗ ΓΕΝΝΑ ΚΑΙ ΜΕΤΑΓΕΝΝΗΤΙΚΗ ΦΡΟΝΤΙΔΑ, ΜΕΤΑ ΑΠΟ ΠΡΟΣΠΑΘΕΙΑ ΚΟΛΠΙΚΗΣ ΓΕΝΝΑΣ, ΜΕΤΑ ΑΠΟ ΠΡΟΗΓΗΘΕΙΣΑ ΚΑΙΣΑΡΙΚΗ ΤΟΜΗ;;;;;
5681;X699199;ΜΟΝΟ ΚΑΙΣΑΡΙΚΗ ΤΟΜΗ, ΜΕΤΑ ΑΠΟ ΠΡΟΣΠΑΘΕΙΑ ΚΟΛΠΙΚΗΣ ΓΕΝΝΑΣ, ΚΑΤΟΠΙΝ ΠΡΟΗΓΗΘΕΙΣΑΣ  ΚΑΙΣΑΡΙΚΗΣ ΤΟΜΗΣ;;;;;
5682;X699203;ΜΟΝΟ ΚΑΙΣΑΡΙΚΗ ΤΟΜΗ, ΜΕΤΑ ΑΠΟ ΠΡΟΣΠΑΘΕΙΑ ΚΟΛΠΙΚΗΣ ΓΕΝΝΑΣ, ΚΑΤΟΠΙΝ ΠΡΟΗΓΗΘΕΙΣΑΣ ΚΑΙΣΑΡΙΚΗΣ ΤΟΜΗΣ. ΠΕΡΙΛΑΜΒΑΝΕΙ ΜΕΤΑΓΕΝΝΗΤΙΚΗ ΦΡΟΝΤΙΔΑ;;;;;
5683;X699583;ΘΕΡΑΠΕΙΑ ΑΤΕΛΟΥΣ ΑΠΟΒΟΛΗΣ, ΠΟΥ ΟΛΟΚΛΗΡΩΝΕΤΑΙ ΧΕΙΡΟΥΡΓΙΚΑ. ΚΑΘΕ ΤΡΙΜΗΝΟ;;;;;
5684;X699599;ΘΕΡΑΠΕΙΑ ΠΑΛΙΝΔΡΟΜΗΣ ΚΥΗΣΗΣ, ΠΟΥ ΟΛΟΚΛΗΡΩΝΕΤΑΙ ΧΕΙΡΟΥΡΓΙΚΑ. ΠΡΩΤΟ ΤΡΙΜΗΝΟ;;;;;
5685;X699601;ΘΕΡΑΠΕΙΑ ΠΑΛΙΝΔΡΟΜΗΣ ΚΥΗΣΗΣ, ΠΟΥ ΟΛΟΚΛΗΡΩΝΕΤΑΙ ΧΕΙΡΟΥΡΓΙΚΑ. ΔΕΥΤΕΡΟ ΤΡΙΜΗΝΟ;;;;;
5686;X699619;ΘΕΡΑΠΕΙΑ ΣΗΠΤΙΚΗΣ ΑΜΒΛΩΣΗΣ, ΠΟΥ ΟΛΟΚΛΗΡΩΝΕΤΑΙ ΧΕΙΡΟΥΡΓΙΚΑ;;;;;
5687;X699639;ΤΕΧΝΗΤΗ ΑΜΒΛΩΣΗ, ΜΕΣΩ ΔΙΑΣΤΟΛΗΣ ΚΑΙ ΑΠΟΞΕΣΗΣ;;;;;
5688;X699641;ΤΕΧΝΗΤΗ ΑΜΒΛΩΣΗ, ΜΕΣΩ ΔΙΑΣΤΟΛΗΣ ΚΑΙ ΕΚΚΕΝΩΣΗΣ;;;;;
5689;X699659;ΤΕΧΝΗΤΗ ΑΜΒΛΩΣΗ, ΜΕ ΜΙΑ Ή ΠΕΡΙΣΣΟΤΕΡΕΣ ΕΝΔΟ-ΑΜΝΙΑΚΕΣ ΕΓΧΥΣΕΙΣ (ΕΓΧΥΣΕΙΣ ΑΜΝΙΟΚΕΝΤΗΣΗΣ), ΣΥΜΠΕΡΙΛΑΜΒΑΝΟΜΕΝΗΣ ΤΗΣ ΕΙΣΑΓΩΓΗΣ ΣΕ ΝΟΣΟΚΟΜΕΙΟ ΚΑΙ ΕΠΙΣΚΕΨΕΩΝ, ΑΠΟΒΟΛΗ ΕΜΒΡΥΟΥ ΚΑΙ ΥΣΤΕΡΟΥ.;;;;;
5690;X699661;ΤΕΧΝΗΤΗ ΑΜΒΛΩΣΗ, ΜΕ ΜΙΑ Ή ΠΕΡΙΣΣΟΤΕΡΕΣ ΕΝΔΟ-ΑΜΝΙΑΚΕΣ ΕΓΧΥΣΕΙΣ (ΕΓΧΥΣΕΙΣ ΑΜΝΙΟΚΕΝΤΗΣΗΣ), ΣΥΜΠΕΡΙΛΑΜΒΑΝΟΜΕΝΗΣ ΤΗΣ ΕΙΣΑΓΩΓΗΣ ΣΕ ΝΟΣΟΚΟΜΕΙΟ ΚΑΙ ΕΠΙΣΚΕΨΕΩΝ, ΑΠΟΒΟΛΗ ΕΜΒΡΥΟΥ ΚΑΙ ΥΣΤΕΡΟΥ. ΜΕ ΔΙΑΣΤΟΛΗ ΚΑΙ ΑΠΟΞΕΣΗ ΚΑΙ/Ή ΕΚΚΕΝΩΣΗ;;;;;
5691;X699663;ΤΕΧΝΗΤΗ ΑΜΒΛΩΣΗ, ΜΕ ΜΙΑ Ή ΠΕΡΙΣΣΟΤΕΡΕΣ ΕΝΔΟ-ΑΜΝΙΑΚΕΣ ΕΓΧΥΣΕΙΣ (ΕΓΧΥΣΕΙΣ ΑΜΝΙΟΚΕΝΤΗΣΗΣ), ΣΥΜΠΕΡΙΛΑΜΒΑΝΟΜΕΝΗΣ ΤΗΣ ΕΙΣΑΓΩΓΗΣ ΣΕ ΝΟΣΟΚΟΜΕΙΟ ΚΑΙ ΕΠΙΣΚΕΨΕΩΝ, ΑΠΟΒΟΛΗ ΕΜΒΡΥΟΥ ΚΑΙ ΥΣΤΕΡΟΥ. ΜΕ ΥΣΤΕΡΟΤΟΜΗ (ΑΠΟΤΥΧΗΜΕΝΗ ΕΝΔΟ-ΑΜΝΙΑΚΗ ΕΓΧΥΣΗ);;;;;
5692;X699669;ΤΕΧΝΗΤΗ ΑΜΒΛΩΣΗ, ΜΕ ΕΝΑ Ή ΠΕΡΙΣΣΟΤΕΡΑ ΕΝΔΟΚΟΛΠΙΚΑ ΥΠΟΘΕΤΑ (Π.Χ. PROSTAGLANDIN) ΜΕ Ή ΧΩΡΙΣ ΤΡΑΧΗΛΙΚΗ ΔΙΑΣΤΟΛΗ (Π.Χ. ΛΑΜΙΝΑΡΙΑ), ΣΥΜΠΕΡΙΛΑΜΒΑΝΕΤΑΙ ΕΙΣΑΓΩΓΗ ΣΕ ΝΟΣΟΚΟΜΕΙΟ ΚΑΙ ΕΠΙΣΚΕΨΕΙΣ, ΑΠΟΒΟΛΗ ΕΜΒΡΥΟΥ ΚΑΙ ΥΣΤΕΡΟΥ;;;;;
5693;X699671;ΤΕΧΝΗΤΗ ΑΜΒΛΩΣΗ, ΜΕ ΕΝΑ Ή ΠΕΡΙΣΣΟΤΕΡΑ ΕΝΔΟΚΟΛΠΙΚΑ ΥΠΟΘΕΤΑ (Π.Χ. PROSTAGLANDIN) ΜΕ Ή ΧΩΡΙΣ ΤΡΑΧΗΛΙΚΗ ΔΙΑΣΤΟΛΗ (Π.Χ. ΛΑΜΙΝΑΡΙΑ), ΣΥΜΠΕΡΙΛΑΜΒΑΝΕΤΑΙ ΕΙΣΑΓΩΓΗ ΣΕ ΝΟΣΟΚΟΜΕΙΟ ΚΑΙ ΕΠΙΣΚΕΨΕΙΣ, ΑΠΟΒΟΛΗ ΕΜΒΡΥΟΥ ΚΑΙ ΥΣΤΕΡΟΥ. ΜΕ ΔΙΑΣΤΟΛΗ ΚΑΙ ΑΠΟΞΕΣΗ ΚΑΙ/Ή ΕΚΚΕΝΩΣΗ;;;;;
5694;X699673;ΤΕΧΝΗΤΗ ΑΜΒΛΩΣΗ, ΜΕ ΕΝΑ Ή ΠΕΡΙΣΣΟΤΕΡΑ ΕΝΔΟΚΟΛΠΙΚΑ ΥΠΟΘΕΤΑ (Π.Χ. PROSTAGLANDIN) ΜΕ Ή ΧΩΡΙΣ ΤΡΑΧΗΛΙΚΗ ΔΙΑΣΤΟΛΗ (Π.Χ. ΛΑΜΙΝΑΡΙΑ), ΣΥΜΠΕΡΙΛΑΜΒΑΝΕΤΑΙ ΕΙΣΑΓΩΓΗ ΣΕ ΝΟΣΟΚΟΜΕΙΟ ΚΑΙ ΕΠΙΣΚΕΨΕΙΣ, ΑΠΟΒΟΛΗ ΕΜΒΡΥΟΥ ΚΑΙ ΥΣΤΕΡΟΥ. ΜΕ ΥΣΤΕΡΟΤΟΜΗ (ΑΠΟΤΥΧΗΜΕΝΗ ΙΑΤΡΙΚΗ ΕΚΚΕΝΩΣΗ);;;;;
5695;X699691;ΜΕΙΩΣΗ ΠΟΛΥΔΥΜΗΣ ΚΥΗΣΗΣ (MPR);;;;;
5696;X699699;ΕΚΚΕΝΩΣΗ ΚΑΙ ΑΠΟΞΕΣΗ ΜΗΤΡΑΣ ΓΙΑ ΜΥΛΗ ΚΥΗΣΗ;;;;;
5697;X699701;ΑΦΑΙΡΕΣΗ ΡΑΜΜΑΤΩΝ ΠΕΡΙΔΕΣΗΣ ΜΗΤΡΑΣ ΥΠΟ ΑΝΑΙΣΘΗΣΙΑ (ΟΧΙ ΤΟΠΙΚΗ);;;;;
5698;X699753;ΜΗ ΚΑΤΑΓΕΓΡΑΜΜΕΝΗ ΕΜΒΡΥΪΚΗ ΕΠΕΜΒΑΤΙΚΗ ΔΙΑΔΙΚΑΣΙΑ, ΥΠΟ ΥΠΕΡΗΧΟΓΡΑΦΙΚΗ ΠΑΡΑΚΟΛΟΥΘΗΣΗ;;;;;
5699;X699755;ΜΗ ΚΑΤΑΓΕΓΡΑΜΜΕΝΗ ΛΑΠΑΡΟΣΚΟΠΙΚΗ ΔΙΑΔΙΚΑΣΙΑ, ΦΡΟΝΤΙΔΑ ΕΜΒΡΥΟΥ ΚΑΙ ΤΟΚΕΤΟΥ;;;;;
5700;X699757;ΜΗ ΚΑΤΑΓΕΓΡΑΜΜΕΝΗ ΔΙΑΔΙΚΑΣΙΑ, ΦΡΟΝΤΙΔΑ ΕΜΒΡΥΟΥ ΚΑΙ ΤΟΚΕΤΟΥ;;;;;
Β.25;ΕΝΔΟΚΡΙΝΕΙΣ ΑΔΕΝΕΣ;;;;;;
5701;X699959;ΤΟΜΗ ΚΑΙ ΠΑΡΟΧΕΤΕΥΣΗ ΚΥΣΤΗΣ ΘΥΡEΟΓΛΩΣΣΙKΟΥ ΠΟΡΟΥ, ΜΟΛΥΣΜΕΝΗ;;;;;
5702;X700159;ΠΑΡΑΚΕΝΤΗΣΗ ΘΥΡΕΟΕΙΔΟΥΣ  (ΒΙΟΨΙΑ) ΜΕ ΛΕΠΤΗ ΒΕΛΟΝΑ;;;;;
5703;X700359;ΕΚΤΟΜΗ ΚΥΣΤΗΣ Ή ΑΔΕΝΩΜΑΤΟΣ ΘΥΡΕΟΕΙΔΟΥΣ, Ή ΔΙΑΤΟΜΗ ΙΣΘΜΟΥ;;;;;
5704;X700379;ΜΕΡΙΚΗ ΛΟΒΕΚΤΟΜΗ ΘΥΡΕΟΕΙΔΟΥΣ. ΕΤΕΡΟΠΛΕΥΡΗ, ΜΕ Ή ΧΩΡΙΣ ΙΣΘΜΕΚΤΟΜΗ;;;;;
5705;X700383;ΜΕΡΙΚΗ ΕΤΕΡΟΠΛΕΥΡΗ ΛΟΒΕΚΤΟΜΗ ΘΥΡΕΟΕΙΔΟΥΣ.  ΜΕ ΕΤΕΡΟΠΛΕΥΡΗ MEΡΙΚΗ ΛΟΒΟΙΣΘΜΕΚΤΟΜΗ;;;;;
5706;X700399;ΟΛΙΚΗ ΛΟΒΕΚΤΟΜΗ ΘΥΡΕΟΕΙΔΟΥΣ. ΕΤΕΡΟΠΛΕΥΡΗ, ΜΕ Ή ΧΩΡΙΣ ΙΣΘΜΕΚΤΟΜΗ;;;;;
5707;X700409;ΟΛΙΚΗ ΛΟΒΕΚΤΟΜΗ ΘΥΡΕΟΕΙΔΟΥΣ, ΕΤΕΡΟΠΛΕΥΡΗ. ΜΕ ΑΝΤΙΠΛΕΥΡΗ ΥΦΟΛΙΚΗ ΛΟΒΟΙΣΘΜΕΚΤΟΜΗ;;;;;
5708;X700439;ΘΥΡΕΟΕΙΔΕΚΤΟΜΗ, ΟΛΙΚΗ Ή ΜΕΡΙΚΗ;;;;;
5709;X700463;ΘΥΡΕΟΕΙΔΕΚΤΟΜΗ, ΟΛΙΚΗ Ή ΜΕΡΙΚΗ ΓΙΑ ΚΑΚΟΗΘΕΙΑ. ΜΕ ΠΕΡΙΟΡΙΣΜΕΝΟ ΛΕΜΦΑΔΕΝΙΚΟ ΚΑΘΑΡΙΣΜΟ ΤΡΑΧΗΛΟΥ;;;;;
5710;X700467;ΘΥΡΕΟΕΙΔΕΚΤΟΜΗ, ΟΛΙΚΗ Ή ΜΕΡΙΚΗ ΓΙΑ ΚΑΚΟΗΘΕΙΑ. ΜΕ ΡΙΖΙΚΟ ΛΕΜΦΑΔΕΝΙΚΟ ΚΑΘΑΡΙΣΜΟ ΤΡΑΧΗΛΟΥ;;;;;
5711;X700479;ΘΥΡΕΟΕΙΔΕΚΤΟΜΗ, ΑΦΑΙΡΕΣΗ ΟΛΟΥ ΤΟΥ ΥΠΟΛΟΙΠΟΜΕΝΟΥ ΘΥΡΕΟΕΙΔΙΚΟΥ ΙΣΤΟΥ ΜΕΤΑ ΑΠΟ ΜΕΡΙΚΗ ΕΚΤΟΜΗ ΘΥΡΕΟΕΙΔΟΥΣ;;;;;
5712;X700499;ΘΥΡΕΟΕΙΔΕΚΤΟΜΗ, ΣΥΜΠΕΡΙΛΑΜΒΑΝΕΙ ΚΑΤΑΔΥΟΜΕΝΟ ΘΥΡΕΟΕΙΔΗ. ΔΙΑΣΤΕΡΝΙΚΗ Ή ΔΙΑΘΩΡΑΚΙΚΗ ΠΡΟΣΠΕΛΑΣΗ;;;;;
5713;X700501;ΘΥΡΕΟΕΙΔΕΚΤΟΜΗ, ΣΥΜΠΕΡΙΛΑΜΒΑΝΕΙ ΚΑΤΑΔΥΟΜΕΝΟ ΘΥΡΕΟΕΙΔΗ. ΑΥΧΕΝΙΚΗ ΠΡΟΣΠΕΛΑΣΗ;;;;;
5714;X700519;ΕΚΤΟΜΗ ΚΥΣΤΗΣ Ή ΚΟΙΛΟΤΗΤΑΣ ΘΥΡΕΟΓΛΩΣΣΙΚΟΥ ΠΟΡΟΥ.;;;;;
5715;X700521;ΕΚΤΟΜΗ ΚΥΣΤΗΣ Ή ΚΟΙΛΟΤΗΤΑΣ ΘΥΡΕΟΓΛΩΣΣΙΚΟΥ ΠΟΡΟΥ. ΥΠΟΤΡΟΠΙΑΖΟΥΣΑ;;;;;
5716;X700559;ΑΝΑΡΡΟΦΗΣΗ ΚΑΙ/Ή ΕΓΧΥΣΗ, ΘΥΡΕΟΕΙΔΙΚΗ ΚΥΣΤΗ;;;;;
5717;X700959;ΠΑΡΑΘΥΡΕΟΕΙΔΕΚΤΟΜΗ Ή ΔΙΕΡΕΥΝΗΣΗ ΠΑΡΑΘΥΡΕΟΕΙΔΟΥΣ (ΩΝ);;;;;
5718;X700963;ΠΑΡΑΘΥΡΕΟΕΙΔΕΚΤΟΜΗ Ή ΔΙΕΡΕΥΝΗΣΗ ΠΑΡΑΘΥΡΕΟΕΙΔΟΥΣ (ΩΝ). ΕΠΑΝΑΔΙΕΡΕΥΝΗΣΗ;;;;;
5719;X700969;ΠΑΡΑΘΥΡΕΟΕΙΔΕΚΤΟΜΗ Ή ΔΙΕΡΕΥΝΗΣΗ ΠΑΡΑΘΥΡΕΟΕΙΔΟΥΣ (ΩΝ). ΜΕ ΜΕΣΟΘΩΡΑΚΙΚΗ ΔΙΕΡΕΥΝΗΣΗ, ΔΙΑΣΤΕΡΝΙΚΗ Ή ΔΙΑΘΩΡΑΚΙΚΗ ΠΡΟΣΠΕΛΑΣΗ;;;;;
5720;X700983;ΠΑΡΑΘΥΡΕΟΕΙΔΙΚΗ ΑΥΤΟΜΕΤΑΜΟΣΧΕΥΣΗ (ΝΑ ΚΑΤΑΓΡΑΦΕΤΑΙ ΞΕΧΩΡΙΣΤΑ ΜΑΖΙ ΜΕ ΤΟΝ ΚΩΔΙΚΟ ΓΙΑ ΤΗΝ ΑΡΧΙΚΗ ΔΙΑΔΙΚΑΣΙΑ);;;;;
5721;X700999;ΘΥΜΕΚΤΟΜΗ, ΜΕΡΙΚΗ Ή ΟΛΙΚΗ. ΔΙΑΥΧΕΝΙΚΗ ΠΡΟΣΠΕΛΑΣΗ (ΞΕΧΩΡΙΣΤΗ ΔΙΑΔΙΚΑΣΙΑ);;;;;
5722;X701001;ΘΥΜΕΚΤΟΜΗ, ΜΕΡΙΚΗ Ή ΟΛΙΚΗ. ΔΙΑΣΤΕΡΝΙΚΗ Ή ΔΙΑΘΩΡΑΚΙΚΗ ΠΡΟΣΠΕΛΑΣΗ, ΧΩΡΙΣ ΡΙΖΙΚΟ ΜΕΣΟΘΩΡΑΚΙΚΟ ΛΕΜΦΑΔΕΝΙΚΟ ΚΑΘΑΡΙΣΜΟ (ΞΕΧΩΡΙΣΤΗ ΔΙΑΔΙΚΑΣΙΑ);;;;;
5723;X701003;ΘΥΜΕΚΤΟΜΗ, ΜΕΡΙΚΗ Ή ΟΛΙΚΗ. ΔΙΑΣΤΕΡΝΙΚΗ Ή ΔΙΑΘΩΡΑΚΙΚΗ ΠΡΟΣΠΕΛΑΣΗ, ΜΕ ΡΙΖΙΚΟ ΜΕΣΟΘΩΡΑΚΙΚΟ ΛΕΜΦΑΔΕΝΙΚΟ ΚΑΘΑΡΙΣΜΟ (ΞΕΧΩΡΙΣΤΗ ΔΙΑΔΙΚΑΣΙΑ);;;;;
5724;X701039;ΕΠΙΝΕΦΡΙΔΕΚΤΟΜΗ, ΜΕΡΙΚΗ Ή ΠΛΗΡΗΣ, Ή ΔΙΕΡΕΥΝΗΣΗ ΤΟΥ ΕΠΙΝΕΦΡΙΔΙΟΥ  ΜΕ Ή ΧΩΡΙΣ ΒΙΟΨΙΑ, ΔΙΑΚΟΙΛΙΑΚΗ, ΟΣΦΥΪΚΗ Ή ΡΑΧΙΑΙΑ (ΞΕΧΩΡΙΣΤΗ ΔΙΑΔΙΚΑΣΙΑ).;;;;;
5725;X701049;ΕΠΙΝΕΦΡΙΔΕΚΤΟΜΗ, ΜΕΡΙΚΗ Ή ΠΛΗΡΗΣ, Ή ΔΙΕΡΕΥΝΗΣΗ ΤΟΥ ΕΠΙΝΕΦΡΙΔΙΟΥ  ΜΕ Ή ΧΩΡΙΣ ΒΙΟΨΙΑ, ΔΙΑΚΟΙΛΙΑΚΗ, ΟΣΦΥΪΚΗ Ή ΡΑΧΙΑΙΑ (ΞΕΧΩΡΙΣΤΗ ΔΙΑΔΙΚΑΣΙΑ). ΜΕ ΕΚΤΟΜΗ ΠΑΡΑΚΕΙΜΕΝΟΥ ΟΠΙΣΘΟΠΕΡΙΤΟΝΑΪΚΟΥ ΟΓΚΟΥ;;;;;
5726;X701159;ΕΚΤΟΜΗ ΟΓΚΟΥ ΚΑΡΩΤΙΔΙΚΟΥ ΣΩΜΑΤΟΣ. ΧΩΡΙΣ ΕΚΤΟΜΗ ΤΗΣ ΚΑΡΩΤΙΔΙΚΗΣ ΑΡΤΗΡΙΑΣ;;;;;
5727;X701169;ΕΚΤΟΜΗ ΟΓΚΟΥ ΚΑΡΩΤΙΔΙΚΟΥ ΣΩΜΑΤΟΣ. ΜΕ ΕΚΤΟΜΗ ΤΗΣ ΚΑΡΩΤΙΔΙΚΗΣ ΑΡΤΗΡΙΑΣ;;;;;
5728;X701259;ΛΑΠΑΡΟΣΚΟΠΙΚΗ ΧΕΙΡΟΥΡΓΙΚΗ ΕΠΕΜΒΑΣΗ,  ΜΕ ΕΠΙΝΕΦΡΙΔΕΚΤΟΜΗ, ΜΕΡΙΚΗ Ή ΟΛΙΚΗ, Ή ΔΙΕΡΕΥΝΗΣΗ ΕΠΙΝΕΦΡΙΔΙΟΥ ΜΕ Ή ΧΩΡΙΣ ΒΙΟΨΙΑ, ΔΙΑΚΟΙΛΙΑΚΗ, ΟΣΦΥΪΚΗ Ή ΡΑΧΙΑΙΑ;;;;;
5729;X701277;ΜΗ ΚΑΤΑΓΕΓΡΑΜΜΕΝΗ ΔΙΑΔΙΚΑΣΙΑ ΛΑΠΑΡΟΣΚΟΠΗΣΗΣ, ΕΝΔΟΚΡΙΝΟΛΟΓΙΚΟ ΣΥΣΤΗΜΑ;;;;;
5730;X701357;ΜΗ ΚΑΤΑΓΕΓΡΑΜΜΕΝΗ ΔΙΑΔΙΚΑΣΙΑ, ΕΝΔΟΚΡΙΝΟΛΟΓΙΚΟ ΣΥΣΤΗΜΑ;;;;;
Β.26;ΚΕΝΤΡΙΚΟ ΝΕΥΡΙΚΟ ΣΥΣΤΗΜΑ – ΝΕΥΡΑ;;;;;;
5731;X701959;ΥΠΟΣΚΛΗΡΙΔΙΑ ΠΑΡΑΚΕΝΤΗΣΗ ΜΕΣΩ ΠΗΓΗΣ, Ή ΡΑΦΗΣ, ΒΡΕΦΟΣ, ΕΤΕΡΟΠΛΕΥΡΗ Ή ΑΜΦΟΤΕΡΟΠΛΕΥΡΗ. ΑΡΧΙΚΗ;;;;;
5732;X701961;ΥΠΟΣΚΛΗΡΙΔΙΑ ΠΑΡΑΚΕΝΤΗΣΗ ΜΕΣΩ ΠΗΓΗΣ, Ή ΡΑΦΗΣ, ΒΡΕΦΟΣ, ΕΤΕΡΟΠΛΕΥΡΗ Ή ΑΜΦΟΤΕΡΟΠΛΕΥΡΗ. ΕΠΟΜΕΝΕΣ ΠΑΡΑΚΕΝΤΗΣΕΙΣ;;;;;
5733;X701999;ΠΑΡΑΚΕΝΤΗΣΗ ΚΟΙΛΙΑΣ ΕΓΚΕΦΑΛΟΥ ΜΕΣΩ ΠΡΟΗΓΟΥΜΕΝΗΣ ΟΠΗΣ ΚΡΑΝΙΟΑΝΑΡΤΗΣΗΣ, ΠΗΓΗΣ, ΡΑΦΗΣ, Ή ΕΜΦΥΤΕΥΜΕΝΟΥ ΚΟΙΛΙΑΚΟΥ ΚΑΘΕΤΗΡΑ/ΔΕΞΑΜΕΝΗΣ. ΧΩΡΙΣ ΕΓΧΥΣΗ;;;;;
5734;X702011;ΠΑΡΑΚΕΝΤΗΣΗ ΚΟΙΛΙΑΣ ΕΓΚΕΦΑΛΟΥ ΜΕΣΩ ΠΡΟΗΓΟΥΜΕΝΗΣ ΟΠΗΣ ΚΡΑΝΙΟΑΝΑΡΤΗΣΗΣ, ΠΗΓΗΣ, ΡΑΦΗΣ, Ή ΕΜΦΥΤΕΥΜΕΝΟΥ ΚΟΙΛΙΑΚΟΥ ΚΑΘΕΤΗΡΑ/ΔΕΞΑΜΕΝΗΣ. ΜΕ ΕΓΧΥΣΗ ΦΑΡΜΑΚΟΥ Ή ΑΛΛΗΣ ΟΥΣΙΑΣ ΓΙΑ ΔΙΑΓΝΩΣΗ Ή ΘΕΡΑΠΕΙΑ;;;;;
5735;X702059;ΠΛΑΓΙΑ ΠΑΡΑΚΕΝΤΗΣΗ ΤΡΑΧΗΛΙΚΗΣ ΜΟΙΡΑΣ ΣΠΟΝΔΥΛΙΚΗΣ ΣΤΗΛΗΣ (Α1-Α2) Ή ΠΑΡΑΚΕΝΤΗΣΗ ΥΠΑΡΑΧΝΟΕΙΔΟΥΣ ΔΕΞΑΜΕΝΗΣ. ΧΩΡΙΣ ΕΓΧΥΣΗ (ΞΕΧΩΡΙΣΤΗ ΔΙΑΔΙΚΑΣΙΑ);;;;;
5736;X702069;ΠΛΑΓΙΑ ΠΑΡΑΚΕΝΤΗΣΗ ΤΡΑΧΗΛΙΚΗΣ ΜΟΙΡΑΣ ΣΠΟΝΔΥΛΙΚΗΣ ΣΤΗΛΗΣ (Α1-Α2) Ή ΠΑΡΑΚΕΝΤΗΣΗ ΥΠΑΡΑΧΝΟΕΙΔΟΥΣ ΔΕΞΑΜΕΝΗΣ. ΜΕ ΕΓΧΥΣΗ ΦΑΡΜΑΚΟΥ Ή ΑΛΛΗΣ ΟΥΣΙΑΣ ΓΙΑ ΔΙΑΓΝΩΣΗ Ή ΘΕΡΑΠΕΙΑ (Π.Χ. Α1-Α2);;;;;
5737;X702099;ΠΑΡΑΚΕΝΤΗΣΗ ΣΩΛΗΝΩΝ ΠΑΡΑΚΑΜΨΗΣ Ή ΔΕΞΑΜΕΝΗΣ ΓΙΑ ΑΝΑΡΡΟΦΗΣΗ Ή ΕΓΧΥΣΗ .;;;;;
5738;X702169;ΣΠΕΙΡΟΕΙΔΗΣ ΟΠΗ ΔΙΑΤΡΗΣΗΣ ΓΙΑ ΥΠΟΣΚΛΗΡΙΔΙΑ Ή ΠΑΡΑΚΕΝΤΗΣΗ ΕΓΚΕΦΑΛΙΚΗΣ ΚΟΙΛΙΑΣ;;;;;
5739;X702173;ΣΠΕΙΡΟΕΙΔΗΣ ΟΠΗ (ΕΣ) ΔΙΑΤΡΗΣΗΣ ΓΙΑ ΠΑΡΑΚΕΝΤΗΣΗ ΥΠΟΣΚΛΗΡΙΔΙΑ, ΕΝΔΟΕΓΚΕΦΑΛΙΚΗ, Ή ΕΝΔΟΚΟΙΛΙΑΚΗ. ΓΙΑ ΕΜΦΥΤΕΥΣΗ ΚΟΙΛΙΑΚΟΥ ΚΑΘΕΤΗΡΑ, ΣΥΣΚΕΥΗΣ ΠΑΡΑΚΟΛΟΥΘΗΣΗΣ ΠΙΕΣΗΣ, Ή ΑΛΛΗΣ ΕΝΔΟΕΓΚΕΦΑΛΙΚΗΣ ΣΥΣΚΕΥΗΣ ΠΑΡΑΚΟΛΟΥΘΗΣΗΣ;;;;;
5740;X702175;ΣΠΕΙΡΟΕΙΔΗΣ ΟΠΗ (ΕΣ) ΔΙΑΤΡΗΣΗΣ ΓΙΑ ΠΑΡΑΚΕΝΤΗΣΗ ΥΠΟΣΚΛΗΡΙΔΙΑ, ΕΝΔΟΕΓΚΕΦΑΛΙΚΗ, Ή ΕΝΔΟΚΟΙΛΙΑΚΗ. ΓΙΑ ΕΚΚΕΝΩΣΗ ΚΑΙ/Ή ΠΑΡΟΧΕΤΕΥΣΗ ΥΠΟΣΚΛΗΡΙΔΙΟΥ ΑΙΜΑΤΩΜΑΤΟΣ;;;;;
5741;X702199;ΟΠΗ(-ΕΣ) ΚΡΑΝΙΟΑΝΑΤΡΗΣΗΣ ΓΙΑ ΠΑΡΑΚΕΝΤΗΣΗΕΓΚΕΦΑΛΙΚΗΣ ΚΟΙΛΙΑΣ (ΣΥΜΠΕΡΙΛΑΜΒΑΝΟΜΕΝΗΣ ΤΗΣ ΕΓΧΥΣΗΣ ΑΕΡΙΟΥ, ΣΚΙΑΓΡΑΦΙΚΟΥ ΜΕΣΟΥ, ΒΑΦΗΣ, Ή ΡΑΔΙΟΕΝΕΡΓΟΥ ΥΛΙΚΟΥ);;;;;
5742;X702239;ΟΠΗ(-ΕΣ) ΚΡΑΝΙΟΑΝΑΤΡΗΣΗΣ ΜΕ ΓΛΥΦΑΝΟ Ή ΤΡΥΠΑΝΙ. ΜΕ ΒΙΟΨΙΑ ΕΓΚΕΦΑΛΟΥ Ή ΕΝΔΟΚΡΑΝΙΑΚΗΣ ΒΛΑΒΗΣ;;;;;
5743;X702259;ΟΠΗ(-ΕΣ) ΚΡΑΝΙΟΑΝΑΤΡΗΣΗΣ ΜΕ ΓΛΥΦΑΝΟ Ή ΤΡΥΠΑΝΙ. ΜΕ ΠΑΡΟΧΕΤΕΥΣΗ ΑΠΟΣΤΗΜΑΤΟΣ Ή ΚΥΣΤΗΣ ΕΓΚΕΦΑΛΟΥ;;;;;
5744;X702261;ΟΠΗ(-ΕΣ) ΚΡΑΝΙΟΑΝΑΤΡΗΣΗΣ ΜΕ ΓΛΥΦΑΝΟ Ή ΤΡΥΠΑΝΙ. ΜΕ ΕΠΑΚΟΛΟΥΘΟ ΑΝΑΡΡΟΦΗΣΗ (ΕΠΙΠΩΜΑΤΙΣΜΟ (ΑΝΑΡΡΟΦΗΣΗ) ΕΝΔΟΚΡΑΝΙΑΚΟΥ ΑΠΟΣΤΗΜΑΤΟΣ Ή ΚΥΣΤΗΣ;;;;;
5745;X702267;ΟΠΗ(-ΕΣ) ΚΡΑΝΙΟΑΝΑΤΡΗΣΗΣ ΜΕ ΕΚΚΕΝΩΣΗ ΚΑΙ/Ή ΠΑΡΟΧΕΤΕΥΣΗ ΑΙΜΑΤΩΜΑΤΟΣ, ΕΠΙΣΚΛΗΡΙΔΙΑ Ή ΥΠΟΣΚΛΗΡΙΔΙΑ;;;;;
5746;X702271;ΟΠΗ(-ΕΣ) ΚΡΑΝΙΟΑΝΑΤΡΗΣΗΣ. ΜΕ ΑΝΑΡΡΟΦΗΣΗ ΑΙΜΑΤΩΜΑΤΟΣ Ή ΚΥΣΤΗΣ. ΕΝΔΟΕΓΚΕΦΑΛΙΚΗ;;;;;
5747;X702379;ΟΠΗ(-ΕΣ) ΚΡΑΝΙΟΑΝΑΤΡΗΣΗΣ. ΓΙΑ ΕΜΦΥΤΕΥΣΗ ΚΟΙΛΙΑΚΟΥ ΚΑΘΕΤΗΡΑ, ΔΕΞΑΜΕΝΗΣ, ΗΛΕΚΤΡΟΕΓΚΕΦΑΛΟΓΡΑΦΙΚΟΥ ΗΛΕΚΤΡΟΔΙΟΥ(-Α), ΣΥΣΚΕΥΣ ΚΑΤΑΓΡΑΦΗΣ ΠΙΕΣΗΣ, Ή ΑΛΛΗΣ ΕΓΚΕΦΑΛΙΚΗΣ ΣΥΣΚΕΥΗΣ ΠΑΡΑΚΟΛΟΥΘΗΣΗΣ (ΞΕΧΩΡΙΣΤΗ ΕΠΕΜΒΑΣΗ);;;;;
5748;X702389;ΕΙΣΑΓΩΓΗ ΥΠΟΔΕΡΜΙΚΗΣ ΔΕΞΑΜΕΝΗΣ, ΑΝΤΛΙΑΣ Ή ΣΥΣΤΗΜΑΤΟΣ ΣΥΝΕΧΟΥΣ ΕΓΧΥΣΗΣ ΓΙΑ ΣΥΝΔΕΣΗ ΜΕ ΚΟΙΛΙΑΚΟ ΚΑΘΕΤΗΡΑ;;;;;
5749;X702459;ΟΠΗ(-ΕΣ) ΚΡΑΝΙΟΑΝΑΤΡΗΣΗΣ ΜΕ ΓΛΥΦΑΝΟ Ή ΤΡΥΠΑΝΙ, ΥΠΕΡΣΚΗΝΙΔΙΑΚΗ, ΔΙΕΡΕΥΝΗΤΙΚΗ, ΜΗ ΑΚΟΛΟΥΘΟΥΜΕΝΗ ΑΠΟ ΑΛΛΗ ΧΕΙΡΟΥΡΓΙΚΗ ΕΠΕΜΒΑΣΗ;;;;;
5750;X702465;ΟΠΗ(-ΕΣ) ΚΡΑΝΙΟΑΝΑΤΡΗΣΗΣ ΜΕ ΓΛΥΦΑΝΟ Ή ΤΡΥΠΑΝΙ, ΥΠΟΣΚΗΝΙΔΙΑΚΗ, ΕΤΕΡΟΠΛΕΥΡΗ Ή ΑΜΦΟΤΕΡΟΠΛΕΥΡΗ;;;;;
5751;X702567;ΚΡΑΝΙΕΚΤΟΜΗ Ή ΚΡΑΝΙΟΤΟΜΗ, ΔΙΕΡΕΥΝΗΤΙΚΗ, ΥΠΕΡΣΚΗΝΙΔΙΑΚΗ;;;;;
5752;X702569;ΚΡΑΝΙΕΚΤΟΜΗ Ή ΚΡΑΝΙΟΤΟΜΗ, ΔΙΕΡΕΥΝΗΤΙΚΗ, ΥΠΟΣΚΗΝΙΔΙΑΚΗ (ΟΠΙΣΘΙΟΥ ΚΡΑΝΙΑΚΟΥ ΒΟΘΡΟΥ);;;;;
5753;X702583;ΚΡΑΝΙΕΚΤΟΜΗ Ή ΚΡΑΝΙΟΤΟΜΗ ΓΙΑ ΕΚΚΕΝΩΣΗ ΑΙΜΑΤΩΜΑΤΟΣ, ΥΠΕΡΣΚΗΝΙΔΙΑΚΗ. ΕΞΩΣΚΛΗΡΙΔΙΑ Ή ΥΠΟΣΚΛΗΡΙΔΙΑ;;;;;
5754;X702585;ΚΡΑΝΙΕΚΤΟΜΗ Ή ΚΡΑΝΙΟΤΟΜΗ ΓΙΑ ΕΚΚΕΝΩΣΗ ΑΙΜΑΤΩΜΑΤΟΣ, ΥΠΕΡΣΚΗΝΙΔΙΑΚΗ. ΕΝΔΟΕΓΚΕΦΑΛΙΚΗ;;;;;
5755;X702587;ΚΡΑΝΙΕΚΤΟΜΗ Ή ΚΡΑΝΙΟΤΟΜΗ ΓΙΑ ΕΚΚΕΝΩΣΗ ΑΙΜΑΤΩΜΑΤΟΣ, ΥΠΟΣΚΗΝΙΔΙΑΚΗ. ΕΞΩΣΚΛΗΡΙΔΙΑ Ή ΥΠΟΣΚΛΗΡΙΔΙΑ;;;;;
5756;X702589;ΚΡΑΝΙΕΚΤΟΜΗ Ή ΚΡΑΝΙΟΤΟΜΗ ΓΙΑ ΕΚΚΕΝΩΣΗ ΑΙΜΑΤΩΜΑΤΟΣ, ΥΠΟΣΚΗΝΙΔΙΑΚΗ. ΕΝΔΟΠΑΡΕΓΚΕΦΑΛΙΔΙΚΗ;;;;;
5757;X702591;ΤΟΜΗ ΚΑΙ ΔΙΑΔΕΡΜΙΚΗ ΤΟΠΟΘΕΤΗΣΗ ΜΟΣΧΕΥΜΑΤΟΣ ΚΡΑΝΙΑΚΟΥ ΟΣΤΟΥ (ΚΑΤΑΓΡΑΦΕΤΑΙ ΞΕΧΩΡΙΣΤΑ ΕΠΙΠΛΕΟΝ ΤΟΥ ΚΩΔΙΚΟΥ ΤΗΣ ΑΡΧΙΚΗΣ ΔΙΑΔΙΚΑΣΙΑΣ);;;;;
5758;X702599;ΚΡΑΝΙΕΚΤΟΜΗ Ή ΚΡΑΝΙΟΤΟΜΗ, ΠΑΡΟΧΕΤΕΥΣΗ ΕΝΔΟΚΡΑΝΙΑΚΟΥ ΑΠΟΣΤΗΜΑΤΟΣ. ΥΠΟΣΚΗΝΙΔΙΑΚΗ;;;;;
5759;X702601;ΚΡΑΝΙΕΚΤΟΜΗ Ή ΚΡΑΝΙΟΤΟΜΗ, ΠΑΡΟΧΕΤΕΥΣΗ ΕΝΔΟΚΡΑΝΙΑΚΟΥ ΑΠΟΣΤΗΜΑΤΟΣ. ΥΠΕΡΣΚΗΝΙΔΙΑΚΗ;;;;;
5760;X702603;ΚΡΑΝΙΕΚΤΟΜΗ Ή ΚΡΑΝΙΟΤΟΜΗ, ΑΠΟΣΥΜΠΙΕΣΤΙΚΗ, ΜΕ Ή ΧΩΡΙΣ ΜΗΝΙΓΓΟΠΛΑΣΤΙΚΗ ( ΣΚΛΗΡΟΠΛΑΣΤΙΚΗ, )ΓΙΑ ΘΕΡΑΠΕΙΑ ΕΝΔΟΚΡΑΝΙΑΚΗΣ ΥΠΕΡΤΑΣΗΣ, ΧΩΡΙΣ ΕΚΚΕΝΩΣΗ ΤΟΥ ΣΧΕΤΙΖΟΜΕΝΟΥ ΕΝΔΟΠΑΡΕΓΧΥΜΑΤΙΚΟΥ ΑΙΜΑΤΩΜΑΤΟΣ. ΧΩΡΙΣ ΛΟΒΕΚΤΟΜΗ;;;;;
5761;X702605;ΚΡΑΝΙΕΚΤΟΜΗ Ή ΚΡΑΝΙΟΤΟΜΗ, ΑΠΟΣΥΜΠΙΕΣΤΙΚΗ, ΜΕ Ή ΧΩΡΙΣ ΣΚΛΗΡΟΠΛΑΣΤΙΚΗ, ΓΙΑ ΘΕΡΑΠΕΙΑ ΕΝΔΟΚΡΑΝΙΑΚΗΣ ΥΠΕΡΤΑΣΗΣ, ΧΩΡΙΣ ΕΚΚΕΝΩΣΗ ΤΟΥ ΣΧΕΤΙΖΟΜΕΝΟΥ ΕΝΔΟΠΑΡΕΓΧΥΜΑΤΙΚΟΥ ΑΙΜΑΤΩΜΑΤΟΣ. ΜΕ ΛΟΒΕΚΤΟΜΗ;;;;;
5762;X702619;ΑΠΟΣΥΜΠΙΕΣΗ ΜΟΝΟ ΤΟΥ ΚΟΓΧΟΥ, ΔΙΑΚΡΑΝΙΑΚΗ ΠΡΟΣΠΕΛΑΣΗ;;;;;
5763;X702623;ΔΙΕΡΕΥΝΗΣΗ ΚΟΓΧΟΥ (ΔΙΑΚΡΑΝΙΑΚΗ ΠΡΟΣΠΕΛΑΣΗ). ΜΕ ΒΙΟΨΙΑ;;;;;
5764;X702625;ΔΙΕΡΕΥΝΗΣΗ ΚΟΓΧΟΥ (ΔΙΑΚΡΑΝΙΑΚΗ ΠΡΟΣΠΕΛΑΣΗ). ΜΕ ΑΦΑΙΡΕΣΗ ΒΛΑΒΗΣ;;;;;
5765;X702627;ΔΙΕΡΕΥΝΗΣΗ ΚΟΓΧΟΥ (ΔΙΑΚΡΑΝΙΑΚΗ ΠΡΟΣΠΕΛΑΣΗ). ΜΕ ΑΦΑΙΡΕΣΗ ΞΕΝΟΥ ΣΩΜΑΤΟΣ;;;;;
5766;X702639;ΑΠΟΣΥΜΠΙΕΣΗ ΜΕ ΥΠΟΚΡΟΤΑΦΙΚΗ ΠΡΟΣΠΕΛΑΣΗ (ΨΕΥΔΟΟΓΚΟΣ ΕΓΚΕΦΑΛΟΥ, ΣΥΝΔΡΟΜΟ ΣΧΙΣΜΟΕΙΔΟΥΣ ΚΟΙΛΙΑΣ);;;;;
5767;X702645;ΚΡΑΝΙΕΚΤΟΜΗ, ΥΠΙΝΙΑΚΗ-ΥΠΟΪΝΙΑΚΗ ΜΕ ΑΥΧΕΝΙΚΗ ΠΕΤΑΛΕΚΤΟΜΗ ΓΙΑ ΑΠΟΣΥΜΠΙΕΣΗ ΤΟΥ ΜΥΕΛΟΥ ΚΑΙ ΤΗΣ ΣΠΟΝΔΥΛΙΚΗΣ ΣΤΗΛΗΣ, ΜΕ Ή ΧΩΡΙΣ ΣΚΛΗΡΙΔΙΟ ΜΟΣΧΕΥΜΑ (Π.Χ. ΣΥΝΔΡΟΜΟ-ΠΑΡΑΜΟΡΦΩΣΗ ARNOLD- CHIARI);;;;;
5768;X702649;ΑΛΛΗ ΚΡΑΝΙΑΚΗ ΑΠΟΣΥΜΠΙΕΣΗ, ΟΠΙΣΘΙΟΣ ΒΟΘΡΟΣ;;;;;
5769;X702839;ΚΡΑΝΙΟΤΟΜΗ ΓΙΑ ΤΟΜΗ ΤΟΥ ΣΚΗΝΙΔΙΟΥ ΤΗΣ ΠΑΡΕΓΚΕΦΑΛΙΔΟΣ (ΞΕΧΩΡΙΣΤΗ ΔΙΑΔΙΚΑΣΙΑ);;;;;
5770;X702859;ΚΡΑΝΙΕΚΤΟΜΗ, ΥΠΟΚΡΟΤΑΦΙΚΗ, ΓΙΑ ΤΟΜΗ, ΣΥΜΠΙΕΣΗ Ή ΑΠΟΣΥΜΠΙΕΣΗ (ΤΗΣ ΑΙΣΘΗΤΗΡΙΑΣ ΡΙΖΑΣ) ΤΟΥ ΓΑΣΕΡΕΙΟΥ ΓΑΓΓΛΙΟΥ;;;;;
5771;X702875;ΚΡΑΝΙΕΚΤΟΜΗ, ΥΠΟΚΡΟΤΑΦΙΚΗ. ΓΙΑ ΔΙΕΡΕΥΝΣΗ Ή ΑΠΟΣΥΜΠΙΕΣΗ ΚΡΑΝΙΑΚΩΝ ΝΕΥΡΩΝ;;;;;
5772;X702879;ΚΡΑΝΙΕΚΤΟΜΗ, ΥΠΟΚΡΟΤΑΦΙΚΗ. ΓΙΑ ΤΟΜΗ ΕΝΟΣ Ή ΠΕΡΙΣΣΟΤΕΡΩΝ ΚΡΑΝΙΑΚΩΝ ΝΕΥΡΩΝ;;;;;
5773;X702899;ΚΡΑΝΙΕΚΤΟΜΗ, ΥΠΟΚΡΟΤΑΦΙΚΗ. ΓΙΑ ΕΓΚΑΡΣΙΑ ΜΥΕΛΟΤΟΜΙΑ;;;;;
5774;X702919;ΚΡΑΝΙΕΚΤΟΜΗ, ΥΠΟΚΡΟΤΑΦΙΚΗ. ΓΙΑ ΜΕΣΕΓΚΕΦΑΛΙΚΗ-ΜΕΣΕΓΓΕΦΑΛΙΚΗ ΜΥΕΛΟΤΟΜΙΑ Ή ΤΟΜΗ ΕΓΚΕΦΑΛΙΚΟΥ ΣΚΕΛΟΥΣ;;;;;
5775;X702939;ΚΡΑΝΙΟΤΟΜΗ ΓΙΑ ΛΟΒΟΤΟΜΗ, ΣΥΜΠΕΡΙΛΑΜΒΑΝΟΜΕΝΗΣ ΤΗΣ ΕΚΤΟΜΗΣ ΕΝΤΟΠΙΣΜΕΝΗΣ ΒΛΑΒΗΣ ΣΤΗΝ ΕΛΙΚΑ ΤΟΥ ΠΡΟΣΑΓΩΓΙΟΥ (ΤΟΥ ΜΕΤΩΠΙΑΙΟΥ ΛΟΒΟΥ);;;;;
5776;X702959;ΚΡΑΝΙΕΚΤΟΜΗ. ΜΕ ΕΚΤΟΜΗ ΟΓΚΟΥ Ή ΑΛΛΗΣ ΟΣΤΙΚΗΣ ΚΑΚΩΣΗΣ ΤΟΥ ΚΡΑΝΙΟΥ;;;;;
5777;X702961;ΚΡΑΝΙΕΚΤΟΜΗ. ΓΙΑ ΟΣΤΕΟΜΥΕΛΥΤΙΔΑ;;;;;
5778;X702979;ΚΡΑΝΙΕΚΤΟΜΗ, ΑΝΑΤΡΗΣΗ, ΚΡΑΝΙΟΤΟΜΗ ΜΕ ΟΣΤΙΚΟ ΚΡΗΜΝΟ. ΓΙΑ ΕΚΤΟΜΗ ΕΓΚΕΦΑΛΙΚΟΥ ΟΓΚΟΥ, ΥΠΕΡΣΚΗΝΙΔΙΑΚΟΥ, ΕΚΤΟΣ ΑΠΟ ΤΗΝ ΠΕΡΙΠΤΩΣΗ ΜΗΝΙΓΓΙΩΜΑΤΟΣ;;;;;
5779;X702983;ΚΡΑΝΙΕΚΤΟΜΗ, ΑΝΑΤΡΗΣΗ, ΚΡΑΝΙΟΤΟΜΗ ΜΕ ΟΣΤΙΚΟ ΚΡΗΜΝΟ. ΓΙΑ ΕΚΤΟΜΗ ΜΗΝΙΓΓΙΩΜΑΤΟΣ, ΥΠΕΡΣΚΗΝΙΔΙΑΚΗ;;;;;
5780;X702987;ΚΡΑΝΙΕΚΤΟΜΗ, ΑΝΑΤΡΗΣΗ, ΚΡΑΝΙΟΤΟΜΗ ΜΕ ΟΣΤΙΚΟ ΚΡΗΜΝΟ. ΓΙΑ ΕΚΤΟΜΗ ΕΓΚΕΦΑΛΙΚΟΥ ΑΠΟΣΤΗΜΑΤΟΣ, ΥΠΕΡΣΚΗΝΙΔΙΑΚΗ;;;;;
5781;X702991;ΚΡΑΝΙΕΚΤΟΜΗ, ΑΝΑΤΡΗΣΗ, ΚΡΑΝΙΟΤΟΜΗ ΜΕ ΟΣΤΙΚΟ ΚΡΗΜΝΟ. ΓΙΑ ΕΚΤΟΜΗ Η ΘΥΡΙΔΟΠΟΙΗΣΗ ΚΥΣΤΗΣ, ΥΠΕΡΣΚΗΝΙΔΙΑΚΗ;;;;;
5782;X702993;ΕΜΦΥΤΕΥΣΗ ΕΓΚΕΦΑΛΙΚΟΥ ΕΝΔΟ-ΚΟΙΛΟΤΙΚΟΥ ΠΑΡΑΓΟΝΤΑ ΧΗΜΕΙΟΘΕΡΑΠΕΙΑΣ (ΝΑ ΚΑΤΑΓΡΑΦΕΤΑΙ ΞΕΧΩΡΙΣΤΑ ΕΠΙΠΛΕΟΝ ΤΟΥ ΚΩΔΙΚΟΥ ΤΗΣ ΑΡΧΙΚΗΣ ΔΙΑΔΙΚΑΣΙΑΣ);;;;;
5783;X702995;ΚΡΑΝΙΕΚΤΟΜΗ ΓΙΑ ΑΦΑΙΡΕΣΗ ΕΓΚΕΦΑΛΙΚΟΥ ΟΓΚΟΥ, ΥΠΟΣΚΗΝΙΔΙΑΚΗ Ή ΟΠΙΣΘΙΟΥ ΚΡΑΝΙΑΚΟΥ ΒΟΘΡΟΥ. ΕΚΤΟΣ ΑΠΟ ΤΗΝ ΠΕΡΙΠΤΩΣΗ ΤΟΥ ΜΗΝΙΓΓΙΩΜΑΤΟΣ, ΟΓΚΟΥ ΓΕΦΥΡΟΠΑΡΕΓΚΕΦΑΛΙΔΙΚΗΣ ΓΩΝΙΑΣ, Ή ΟΓΚΟΣ ΜΕΣΗΣ ΓΡΑΜΜΗΣ ΣΤΗ ΒΑΣΗ ΤΟΥ ΚΡΑΝΙΟΥ;;;;;
5784;X702997;ΚΡΑΝΙΕΚΤΟΜΗ ΓΙΑ ΑΦΑΙΡΕΣΗ ΕΓΚΕΦΑΛΙΚΟΥ ΟΓΚΟΥ, ΥΠΟΣΚΗΝΙΔΙΑΚΗ Ή ΟΠΙΣΘΙΟΥ ΚΡΑΝΙΑΚΟΥ ΒΟΘΡΟΥ. ΜΗΝΙΓΓΙΩΜΑ;;;;;
5785;X702999;ΚΡΑΝΙΕΚΤΟΜΗ ΓΙΑ ΑΦΑΙΡΕΣΗ ΕΓΚΕΦΑΛΙΚΟΥ ΟΓΚΟΥ, ΥΠΟΣΚΗΝΙΔΙΑΚΗ Ή ΟΠΙΣΘΙΟΥ ΚΡΑΝΙΑΚΟΥ ΒΟΘΡΟΥ. ΟΓΚΟΣ ΓΕΦΥΡΟΠΑΡΕΓΚΕΦΑΛΙΔΙΚΗΣ ΓΩΝΙΑΣ;;;;;
5786;X703001;ΚΡΑΝΙΕΚΤΟΜΗ ΓΙΑ ΑΦΑΙΡΕΣΗ ΕΓΚΕΦΑΛΙΚΟΥ ΟΓΚΟΥ, ΥΠΟΣΚΗΝΙΔΙΑΚΗ Ή ΟΠΙΣΘΙΟΥ ΒΟΘΡΟΥ. ΟΓΚΟΣ ΜΕΣΗΣΗ ΓΡΑΜΜΗΣ ΣΤΗ ΒΑΣΗ ΤΟΥ ΚΡΑΝΙΟΥ;;;;;
5787;X703003;ΚΡΑΝΙΕΚΤΟΜΗ, ΥΠΟΣΚΗΝΙΔΙΑΚΗ Ή ΟΠΙΣΘΙΟΥ ΚΡΑΝΙΑΚΟΥ ΒΟΘΡΟΥ. ΓΙΑ ΕΚΤΟΜΗ ΕΓΚΕΦΑΛΙΚΟΥ ΑΠΟΣΤΗΜΑΤΟΣ;;;;;
5788;X703007;ΚΡΑΝΙΕΚΤΟΜΗ, ΥΠΟΣΚΗΝΙΔΙΑΚΗ Ή ΟΠΙΣΘΙΟΥ ΚΡΑΝΙΑΚΟΥ ΒΟΘΡΟΥ. ΓΙΑ ΕΚΤΟΜΗ Η ΘΥΡΙΔΟΠΟΙΗΣΗ ΚΥΣΤΗΣ;;;;;
5789;X703011;ΚΡΑΝΙΕΚΤΟΜΗ, ΚΡΑΝΙΟΤΟΜΗ ΜΕ ΟΣΤΙΚΟ ΚΡΗΜΝΟ, ΔΙΑΚΡΟΤΑΦΙΚΗ (ΜΑΣΤΟΕΙΔΙΚΗ) ΓΙΑ ΕΚΤΟΜΗ ΟΓΚΟΥ ΓΕΦΥΡΟΠΑΡΕΓΚΕΦΑΛΙΔΙΚΗΣ ΓΩΝΙΑΣ;;;;;
5790;X703019;ΚΡΑΝΙΕΚΤΟΜΗ, ΚΡΑΝΙΟΤΟΜΗ ΜΕ ΟΣΤΙΚΟ ΚΡΗΜΝΟ, ΔΙΑΚΡΟΤΑΦΙΚΗ (ΜΑΣΤΟΕΙΔΙΚΗ) ΓΙΑ ΕΚΤΟΜΗ ΟΓΚΟΥ ΓΕΦΥΡΟΠΑΡΕΓΚΕΦΑΛΙΔΙΚΗΣ ΓΩΝΙΑΣ. ΣΥΝΔΥΑΣΜΕΝΗ ΜΕ ΚΡΑΝΙΟΤΟΜΗ/ΚΡΑΝΙΕΚΤΟΜΗ ΜΕΣΟΥ/ΟΠΙΣΘΙΟΥ ΒΟΘΡΟΥ;;;;;
5791;X703021;ΥΠΟΣΚΛΗΡΙΔΙΑ ΕΜΦΥΤΕΥΣΗ ΗΛΕΚΤΡΟΔΙΩΝ (ΓΥΜΝΩΝ ΗΛΕΚΤΡΟΔΙΩΝ) ΜΕΣΩ ΜΙΑΣ Ή ΠΕΡΙΣΣΟΤΕΡΩΝ ΦΥΣΙΚΩΝ Ή ΔΙΑ ΤΡΥΠΑΝΙΣΜΟΥ ΟΠΩΝ ΓΙΑ ΜΑΚΡΟΠΡΟΘΕΣΜΟ ΕΛΕΓΧΟ ΕΠΙΛΗΠΤΙΚΩΝ ΚΡΙΣΕΩΝ;;;;;
5792;X703025;ΚΡΑΝΙΟΤΟΜΗ ΜΕ ΚΙΝΗΤΟΠΟΙΗΣΗ ΟΣΤΙΚΟΥ ΚΡΗΜΝΟΥ, ΓΙΑ ΥΠΟΣΚΛΗΡΙΔΙΑ ΕΜΦΥΤΕΥΣΗ ΜΙΑΣ ΣΕΙΡΑΣ ΗΛΕΚΤΡΟΔΙΩΝ, ΓΙΑ ΜΑΚΡΟΠΡΟΘΕΣΜΟ ΕΛΕΓΧΟ ΕΠΙΛΗΠΤΙΚΩΝ ΚΡΙΣΕΩΝ;;;;;
5793;X703027;ΚΡΑΝΙΟΤΟΜΗ ΜΕ ΚΙΝΗΤΟΠΟΙΗΣΗ ΟΣΤΙΚΟΥ ΚΡΗΜΝΟΥ, ΓΙΑ ΑΦΑΙΡΕΣΗ ΕΠΙΛΗΠΤΟΓΟΝΟΥ ΕΣΤΙΑΣ ΧΩΡΙΣ ΗΛΕΚΤΡΟΕΓΚΕΦΑΛΟΓΡΑΦΗΣΗ ΚΑΤΑ ΤΗ ΔΙΑΡΚΕΙΑ ΤΗΣ ΕΠΕΜΒΑΣΗΣ;;;;;
5794;X703029;ΚΡΑΝΙΟΤΟΜΗ ΜΕ ΚΙΝΗΤΟΠΟΙΗΣΗ ΟΣΤΙΚΟΥ ΚΡΗΜΝΟΥ. ΓΙΑ ΤΗΝ ΑΦΑΙΡΕΣΗ ΕΠΙΣΚΛΗΡΙΔΙΟΥ Ή ΥΠΟΔΟΡΙΑΣ ΣΕΙΡΑΣ ΗΛΕΚΤΡΟΔΙΩΝ, ΧΩΡΙΣ ΕΚΤΟΜΗ ΤΟΥ ΕΓΚΕΦΑΛΙΚΟΥ ΙΣΤΟΥ (ΞΕΧΩΡΙΣΤΗ ΔΙΑΔΙΚΑΣΙΑ);;;;;
5795;X703031;ΚΡΑΝΙΟΤΟΜΗ ΜΕ ΚΙΝΗΤΟΠΟΙΗΣΗ ΟΣΤΙΚΟΥ ΚΡΗΜΝΟΥ. ΓΙΑ ΕΚΤΟΜΗ ΤΗΣ ΕΓΚΕΦΑΛΙΚΗΣ ΕΠΙΛΗΠΤΟΓΟΝΟΥ ΕΣΤΙΑΣ, ΜΕ ΗΛΕΚΤΡΟΕΓΚΕΦΑΛΟΓΡΑΦΗΣΗ ΚΑΤΑ ΤΗ ΔΙΑΡΚΕΙΑ ΤΗΣ ΕΠΕΜΒΑΣΗΣ (ΠΕΡΙΛΑΜΒΑΝΕΙ ΑΦΑΙΡΕΣΗ ΤΗΣ ΑΚΟΛΟΥΘΙΑΣ ΗΛΕΚΤΡΟΔΙΩΝ);;;;;
5796;X703033;ΚΡΑΝΙΟΤΟΜΗ ΜΕ ΚΙΝΗΤΟΠΟΙΗΣΗ ΟΣΤΙΚΟΥ ΚΡΗΜΝΟΥ. ΓΙΑ ΛΟΒΕΚΤΟΜΗ, ΚΡΟΤΑΦΙΚΟΥ ΛΟΒΟΥ, ΧΩΡΙΣ ΗΛΕΚΤΡΟΕΓΚΕΦΑΛΟΓΡΑΦΗΣΗ ΚΑΤΑ ΤΗ ΔΙΑΡΚΕΙΑ ΤΗΣ ΕΠΕΜΒΑΣΗΣ;;;;;
5797;X703035;ΚΡΑΝΙΟΤΟΜΗ ΜΕ ΚΙΝΗΤΟΠΟΙΗΣΗ ΟΣΤΙΚΟΥ ΚΡΗΜΝΟΥ. ΓΙΑ ΛΟΒΕΚΤΟΜΗ, ΚΡΟΤΑΦΙΚΟΥ ΛΟΒΟΥ, ΜΕ ΗΛΕΚΤΡΟΕΓΚΕΦΑΛΟΓΡΑΦΗΣΗ ΚΑΤΑ ΤΗ ΔΙΑΡΚΕΙΑ ΤΗΣ ΕΠΕΜΒΑΣΗΣ;;;;;
5798;X703037;ΚΡΑΝΙΟΤΟΜΗ ΜΕ ΚΙΝΗΤΟΠΟΙΗΣΗ ΟΣΤΙΚΟΥ ΚΡΗΜΝΟΥ. ΓΙΑ ΛΟΒΕΚΤΟΜΗ, ΕΚΤΟΣ ΑΠΟ ΤΗΝ ΠΕΡΙΠΤΩΣΗ ΤΟΥ ΚΡΟΤΑΦΙΚΟΥ ΛΟΒΟΥ, ΜΕΡΙΚΗ Ή ΟΛΙΚΗ, ΜΕ ΗΛΕΚΤΡΟΕΓΚΕΦΑΛΟΓΡΑΦΗΣΗ ΚΑΤΑ ΤΗ ΔΙΑΡΚΕΙΑ ΤΗΣ ΕΠΕΜΒΑΣΗΣ;;;;;
5799;X703039;ΚΡΑΝΙΟΤΟΜΗ ΜΕ ΚΙΝΗΤΟΠΟΙΗΣΗ ΟΣΤΙΚΟΥ ΚΡΗΜΝΟΥ. ΓΙΑ ΛΟΒΕΚΤΟΜΗ, ΕΚΤΟΣ ΑΠΟ ΤΗΝ ΠΕΡΙΠΤΩΣΗ ΤΟΥ ΚΡΟΤΑΦΙΚΟΥ ΛΟΒΟΥ, ΜΕΡΙΚΗ Ή ΟΛΙΚΗ, ΧΩΡΙΣ ΗΛΕΚΤΡΟΕΓΚΕΦΑΛΟΓΡΑΦΗΣΗ ΚΑΤΑ ΤΗ ΔΙΑΡΚΕΙΑ ΤΗΣ ΕΠΕΜΒΑΣΗΣ;;;;;
5800;X703041;ΚΡΑΝΙΟΤΟΜΗ ΜΕ ΚΙΝΗΤΟΠΟΙΗΣΗ ΤΟΥ ΟΣΤΙΚΟΥ ΚΡΗΜΝΟΥ. ΓΙΑ ΔΙΑΤΟΜΗ  ΤΟΥ ΜΕΣΟΛΟΒΙΟΥ;;;;;
5801;X703043;ΚΡΑΝΙΟΤΟΜΗ ΜΕ ΚΙΝΗΤΟΠΟΙΗΣΗ ΤΟΥ ΟΣΤΙΚΟΥ ΚΡΗΜΝΟΥ. ΓΙΑ ΟΛΙΚΗ ΗΜΙΣΦΑΙΡΕΚΤΟΜΗ;;;;;
5802;X703045;ΚΡΑΝΙΟΤΟΜΗ ΜΕ ΚΙΝΗΤΟΠΟΙΗΣΗ ΤΟΥ ΟΣΤΙΚΟΥ ΚΡΗΜΝΟΥ. ΓΙΑ ΜΕΡΙΚΗ Η ΥΦΟΛΙΚΗ (ΛΕΙΤΟΥΡΓΙΚΗ) ΗΜΙΣΦΑΙΡΕΚΤΟΜΗ;;;;;
5803;X703047;ΚΡΑΝΙΟΤΟΜΗ ΜΕ ΚΙΝΗΤΟΠΟΙΗΣΗ ΤΟΥ ΟΣΤΙΚΟΥ ΚΡΗΜΝΟΥ. ΓΙΑ ΕΚΤΟΜΗ Η ΘΕΡΜΟΚΑΥΤΗΡΙΑΣΗ ΧΟΡΟΕΙΔΟΥΣ ΠΛΕΓΜΑΤΟΣ;;;;;
5804;X703049;ΚΡΑΝΙΟΤΟΜΗ ΜΕ ΚΙΝΗΤΟΠΟΙΗΣΗ ΤΟΥ ΟΣΤΙΚΟΥ ΚΡΗΜΝΟΥ. ΓΙΑ ΕΚΤΟΜΗ  ΚΡΑΝΙΟΦΑΡΥΓΓΙΩΜΑΤΟΣ;;;;;
5805;X703051;ΚΡΑΝΙΟΤΟΜΗ ΓΙΑ ΥΠΟΦΥΣΕΚΤΟΜΗ Ή ΕΚΤΟΜΗ ΥΠΟΦΥΣΙΑΚΟΥ ΟΓΚΟΥ, ΔΙΑΚΡΑΝΙΑΚΗ ΠΡΟΣΠΕΛΑΣΗ;;;;;
5806;X703055;ΥΠΟΦΥΣΕΚΤΟΜΗ Ή ΕΚΤΟΜΗ ΥΠΟΦΥΣΙΑΚΟΥ ΟΓΚΟΥ, ΔΙΑΡΙΝΙΚΗ Ή ΔΙΑΦΡΑΓΜΑΤΙΚΗ ΠΡΟΣΠΕΛΑΣΗ, ΜΗ ΣΤΕΡΕΟΤΑΚΤΙΚΗ;;;;;
5807;X703059;ΚΡΑΝΙΕΚΤΟΜΗ ΓΙΑ ΚΡΑΝΙΟΣΥΝΟΣΤΕΩΣΗ. ΜΟΝΗΡΗΣ ΚΡΑΝΙΑΚΗ ΡΑΦΗ;;;;;
5808;X703063;ΚΡΑΝΙΕΚΤΟΜΗ ΓΙΑ ΚΡΑΝΙΟΣΥΝΟΣΤΕΩΣΗ. ΠΟΛΛΑΠΛΕΣ ΚΡΑΝΙΑΚΕΣ ΡΑΦΕΣ;;;;;
5809;X703071;ΚΡΑΝΙΟΤΟΜΗ ΓΙΑ ΚΡΑΝΙΟΣΥΝΟΣΤΕΩΣΗ. ΜΕΤΩΠΙΑΙΟΣ Ή ΒΡΕΓΜΑΤΙΚΟΣ ΟΣΤΙΚΟΣ ΚΡΗΜΝΟΣ;;;;;
5810;X703073;ΚΡΑΝΙΟΤΟΜΗ ΓΙΑ ΚΡΑΝΙΟΣΥΝΟΣΤΕΩΣΗ. ΑΜΦΙΜΕΤΩΠΙΑΙΟΣ ΟΣΤΙΚΟΣ ΚΡΗΜΝΟΣ;;;;;
5811;X703075;ΕΥΡΕΙΑ ΚΡΑΝΙΕΚΤΟΜΗ ΓΙΑ ΚΡΑΝΙΟΣΥΝΟΣΤΕΩΣΗ ΠΟΛΛΑΠΛΩΝ ΚΡΑΝΙΑΚΩΝ ΡΑΦΩΝ (Π.Χ. ΣΥΝΔΡΟΜΟ HOLTER-MULLER-WIEDEMANN). ΔΕΝ ΑΠΑΙΤΕΙ ΟΣΤΙΚΑ ΜΟΣΧΕΥΜΑΤΑ;;;;;
5812;X703077;ΕΥΡΕΙΑ ΚΡΑΝΙΕΚΤΟΜΗ ΓΙΑ ΚΡΑΝΙΟΣΥΝΟΣΤΕΩΣΗ ΠΟΛΛΑΠΛΩΝ ΚΡΑΝΙΑΚΩΝ ΡΑΦΩΝ (Π.Χ. ΣΥΝΔΡΟΜΟ HOLTER-MULLER-WIEDEMANN). ΑΝΑΔΙΑΤΑΞΗ ΤΟΥ ΠΕΡΙΓΡΑΜΜΑΤΟΣ ΜΕ ΠΟΛΛΑΠΛΕΣ ΟΣΤΕΟΤΟΜΙΕΣ ΚΑΙ ΟΣΤΙΚΑ ΑΥΤΟΜΟΣΧΕΥΜΑΤΑ (Π.Χ. ΔΙΑΔΙΚΑΣΙΑ BARREL-STAVE) (ΠΕΡΙΛΑΜΒΑΝΕΙ ΤΗΝ ΛΗΨΗ ΜΟΣΧΕΥΜΑΤΩΝ);;;;;
5813;X703085;ΕΚΤΟΜΗ, ΕΝΔΟ- ΚΑΙ ΕΞΩΚΡΑΝΙΑΚΗ, ΚΑΚΟΗΘΟΥΣ ΟΓΚΟΥ ΚΡΑΝΙΑΚΟΥ ΟΣΤΟΥ (Π.Χ. ΙΝΩΔΗΣ ΔΥΣΠΛΑΣΙΑ), ΧΩΡΙΣ ΑΠΟΣΥΜΠΙΕΣΗ ΟΠΤΙΚΟΥ ΝΕΥΡΟΥ;;;;;
5814;X703087;ΕΚΤΟΜΗ, ΕΝΔΟ- ΚΑΙ ΕΞΩΚΡΑΝΙΑΚΗ, ΚΑΚΟΗΘΟΥΣ ΟΓΚΟΥ ΚΡΑΝΙΑΚΟΥ ΟΣΤΟΥ (Π.Χ. ΙΝΩΔΗΣ ΔΥΣΠΛΑΣΙΑ), ΜΕ ΑΠΟΣΥΜΠΙΕΣΗ ΟΠΤΙΚΟΥ ΝΕΥΡΟΥ;;;;;
5815;X703091;ΚΡΑΝΙΟΤΟΜΗ ΜΕ ΑΝΑΤΑΞΗ ΤΟΥ ΟΣΤΙΚΟΥ ΚΡΗΜΝΟΥ. ΓΙΑ ΕΠΙΛΕΚΤΙΚΗ ΑΜΥΓΔΑΛΟΪΠΠΟΚΑΜΠΕΚΤΟΜΗ;;;;;
5816;X703093;ΚΡΑΝΙΟΤΟΜΗ ΜΕ ΑΝΑΤΑΞΗ ΤΟΥ ΟΣΤΙΚΟΥ ΚΡΗΜΝΟΥ. ΓΙΑ ΠΟΛΛΑΠΛΕΣ ΥΠΟΧΟΡΙΟΕΙΔΙΚΕΣ (SUBPIAL) ΔΙΑΤΟΜΕΣ, ΜΕ ΦΛΟΙιΚΗ ΗΛΕΚΤΡΟΕΓΚΕΦΑΛΟΓΡΑΦΙΑ ΗΛΕΚΤΡΟΚΟΡΤΙΚΟΓΡΑΦΗΣΗ ΚΑΤΑ ΤΗ ΔΙΑΡΚΕΙΑ ΤΗΣ ΕΠΕΜΒΑΣΗΣ;;;;;
5817;X703099;ΚΡΑΝΙΕΚΤΟΜΗ Ή ΚΡΑΝΙΟΤΟΜΗ, ΜΕ ΕΚΤΟΜΗ ΞΕΝΟΥ ΣΩΜΑΤΟΣ ΑΠΟ ΤΟΝ ΕΓΚΕΦΑΛΟ;;;;;
5818;X703101;ΚΡΑΝΙΕΚΤΟΜΗ Ή ΚΡΑΝΙΟΤΟΜΗ. ΜΕ ΘΕΡΑΠΕΙΑ ΔΙΑΤΡΗΤΙΚΟΥ ΕΓΚΕΦΑΛΙΚΟΥ ΤΡΑΥΜΑΤΟΣ;;;;;
5819;X703109;ΔΙΑΣΤΟΜΑΤΙΚΗ ΠΡΟΣΠΕΛΑΣΗ ΣΤΗ ΒΑΣΗ ΤΟΥ ΚΡΑΝΙΟΥ, ΤΟ ΕΓΚΕΦΑΛΙΚΟ ΣΤΕΛΕΧΟΣ Ή ΤΗΝ ΑΝΩ ΣΠΟΝΔΥΛΙΚΗ ΣΤΗΛΗ ΓΙΑ ΒΙΟΨΙΑ, ΑΠΟΣΥΜΠΙΕΣΗ Ή ΕΚΤΟΜΗ ΤΗΣ ΒΛΑΒΗΣ.;;;;;
5820;X703111;ΔΙΑΣΤΟΜΑΤΙΚΗ ΠΡΟΣΠΕΛΑΣΗ ΣΤΗ ΒΑΣΗ ΤΟΥ ΚΡΑΝΙΟΥ, ΤΟ ΕΓΚΕΦΑΛΙΚΟ ΣΤΕΛΕΧΟΣ Ή ΤΗΝ ΑΝΩ ΣΠΟΝΔΥΛΙΚΗ ΣΤΗΛΗ ΓΙΑ ΒΙΟΨΙΑ, ΑΠΟΣΥΜΠΙΕΣΗ Ή ΕΚΤΟΜΗ ΒΛΑΒΗΣ. ΠΟΥ ΑΠΑΙΤΕΙ ΔΙΑΧΩΡΙΣΜΟ ΤΗΣ ΓΛΩΣΣΑΣ ΚΑΙ/Ή ΚΑΤΩ ΓΝΑΘΟΥ (ΣΥΜΠΕΡΙΛΑΜΒΑΝΕΤΑΙ Η ΤΡΑΧΕΙΟΣΤΟΜΙΑ);;;;;
5821;X703119;"ΚΡΑΝΙΟΠΡΟΣΩΠΙΚΗ ΠΡΟΣΠΕΛΑΣΗ ΣΤΟΝ ΠΡΟΣΘΙΟ ΚΡΑΝΙΑΚΟ ΒΟΘΡΟ; ΕΞΩΣΚΛΗΡΙΔΙΑ, ΣΥΜΠΕΡΙΛΑΜΒΑΝΕΙ ΠΛΑΓΙΑ ΡΙΝΟΤΟΜΙΑ, ΗΘΜΟΕΙΔΕΚΤΟΜΗ, ΣΦΗΝΟΕΙΔΕΚΤΟΜΗ, ΧΩΡΙΣ ΓΝΑΘΕΚΤΟΜΗ Ή ΚΟΓΧΙΚΗ ΕΞΕΝΤΕΡΩΣΗ";;;;;
5822;X703121;"ΚΡΑΝΙΟΠΡΟΣΩΠΙΚΗ ΠΡΟΣΠΕΛΑΣΗ ΣΤΟΝ ΠΡΟΣΘΙΟ ΚΡΑΝΙΑΚΟ ΒΟΘΡΟ; ΕΞΩΣΚΛΗΡΙΔΙΑ, ΣΥΜΠΕΡΙΛΑΜΒΑΝΕΙ ΠΛΑΓΙΑ ΡΙΝΟΤΟΜΙΑ, ΚΟΓΧΙΚΗ ΕΞΕΝΤΕΡΩΣΗ, ΗΘΜΟΕΙΔΕΚΤΟΜΗ, ΣΦΗΝΟΕΙΔΕΚΤΟΜΗ ΚΑΙ/ Η ΓΝΑΘΕΚΤΟΜΗ";;;;;
5823;X703123;"ΚΡΑΝΙΟΠΡΟΣΩΠΙΚΗ ΠΡΟΣΠΕΛΑΣΗ ΣΤΟΝ ΠΡΟΣΘΙΟ ΚΡΑΝΙΑΚΟ ΒΟΘΡΟ; ΕΞΩΣΚΛΗΡΙΔΙΑ, ΣΥΜΠΕΡΙΛΑΜΒΑΝΕΙ ΕΤΕΡΟΠΛΕΥΡΗ Ή ΑΜΦΙΜΕΤΩΠΙΑΙΑ ΚΡΑΝΙΟΤΟΜΗ, ΑΝΕΛΚΥΣΗ ΠΡΟΣΘΙΟΥ(-ΩΝ) ΛΟΒΟΥ(-ΩΝ), ΟΣΤΕΟΤΟΜΙΑ ΤΗΣ ΒΑΣΗΣ ΤΟΥ ΠΡΟΣΘΙΟΥ ΚΡΑΝΙΑΚΟΥ ΒΟΘΡΟΥ";;;;;
5824;X703125;"ΚΡΑΝΙΟΠΡΟΣΩΠΙΚΗ ΠΡΟΣΠΕΛΑΣΗ ΣΤΟΝ ΠΡΟΣΘΙΟ ΚΡΑΝΙΑΚΟ ΒΟΘΡΟ; ΕΞΩΣΚΛΗΡΙΔΙΑ, ΣΥΜΠΕΡΙΛΑΜΒΑΝΕΙ ΕΤΕΡΟΠΛΕΥΡΗ Ή ΑΜΦΙΜΕΤΩΠΙΑΙΑ ΚΡΑΝΙΟΤΟΜΗ, ΑΝΕΛΚΥΣΗ 'Η ΕΚΤΟΜΗ ΠΡΟΣΘΙΟΥ ΛΟΒΟΥ, ΟΣΤΕΟΤΟΜΙΑ ΤΗΣ ΒΑΣΗΣ ΤΟΥ ΠΡΟΣΘΙΟΥ ΚΡΑΝΙΑΚΟΥ ΒΟΘΡΟΥ";;;;;
5825;X703127;"ΚΡΑΝΙΟΠΡΟΣΩΠΙΚΗ ΠΡΟΣΠΕΛΑΣΗ ΣΤΟΝ ΠΡΟΣΘΙΟ ΚΡΑΝΙΑΚΟ ΒΟΘΡΟ; ΕΞΩΣΚΛΗΡΙΔΙΑ, ΣΥΜΠΕΡΙΛΑΜΒΑΝΕΙ ΟΣΤΕΟΤΟΜΙΑ ΥΠΕΡΚΟΓΧΙΑ (ΥΠΕΡΚΟΓΧΙΚΗΣ ΑΠΟΦΥΣΗΣ) ΚΑΙ ΑΝΕΛΚΥΣΗ ΠΡΟΣΘΙΟΥΙΟΥ(-ΩΝ) ΚΑΙ Ή ΚΡΟΤΑΦΙΚΟΥ(-ΩΝ) ΛΟΒΟΥ(-ΩΝ). ΧΩΡΙΣ ΚΟΓΧΙΚΗ ΕΞΕΝΤΕΡΩΣΗ";;;;;
5826;X703129;"ΚΡΑΝΙΟΠΡΟΣΩΠΙΚΗ ΠΡΟΣΠΕΛΑΣΗ ΣΤΟΝ ΠΡΟΣΘΙΟ ΚΡΑΝΙΑΚΟ ΒΟΘΡΟ; ΕΞΩΣΚΛΗΡΙΔΙΑ, ΣΥΜΠΕΡΙΛΑΜΒΑΝΕΙ ΟΣΤΕΟΤΟΜΙΑ ΥΠΕΡΚΟΓΧΙΑ (ΥΠΕΡΚΟΓΧΙΚΗΣ ΑΠΟΦΥΣΗΣ) ΚΑΙ ΑΝΕΛΚΥΣΗ ΠΡΟΣΘΙΟΥ(-ΩΝ) ΚΑΙ Ή ΚΡΟΤΑΦΙΚΟΥ(-ΩΝ) ΛΟΒΟΥ-(ΩΝ). ME ΚΟΓΧΙΚΗ ΕΞΕΝΤΕΡΩΣΗ";;;;;
5827;X703131;ΠΡΟΣΠΕΛΑΣΗ ΑΜΦΟ-ΜΕΤΩΠΙΑΙΑ (ΔΙΜΕΤΩΠΙΑΙΑΣ), ΔΙΑΖΥΓΩΜΑΤΙΚΗΣ ΟΣΤΕΟΤΟΜΙΑΣ ΚΑΙ/Ή ΟΣΤΕΟΤΟΜΙΑ ΤΥΠΟΥ LEFORT I ΤΟΥ ΠΡΟΣΘΙΟΥ ΚΡΑΝΙΑΚΟΥ ΒΟΘΡΟΥ ΜΕ Ή ΧΩΡΙΣ ΕΣΩΤΕΡΙΚΗ ΚΑΘΗΛΩΣΗ, ΧΩΡΙΣ ΟΣΤΙΚΟ ΜΟΣΧΕΥΜΑ;;;;;
5828;X703139;ΥΠΟΚΡΟΤΑΦΙΚΗ ΠΡΟΩΤΙΑΙΑ ΠΡΟΣΠΕΛΑΣΗ ΤΟΥ ΜΕΣΟΥ ΚΡΑΝΙΑΚΟΥ ΒΟΘΡΟΥ (ΠΑΡΑΦΑΡΥΓΓΙΚΟΣ ΧΩΡΟΣ, ΥΠΟΚΡΟΤΑΦΙΚΟΣ ΧΩΡΟΣ ΚΑΙ ΜΕΣΗ ΓΡΑΜΜΗ ΤΟΥ ΚΡΑΝΙΟΥ ΡΙΝΟΦΑΡΥΓΓΑΣ), ΜΕ Ή ΧΩΡΙΣ ΕΞΑΡΘΡΩΣΗ ΤΗΣ ΚΑΤΩ ΓΝΑΘΟΥ, ΠΕΡΙΛΑΜΒΑΝΕΙ ΠΑΡΩΤΙΔΟΕΚΤΟΜΗ, ΚΡΑΝΙΟΤΟΜΗ, ΑΠΟΣΥΜΠΙΕΣΗ ΚΑΙ/Ή ΚΙΝΗΤΟΠΟΙΗΣΗ ΤΟΥ ΠΡΟΣΩΠΙΚΟΥ ΝΕΥΡΟΥ ΚΑΙ/Ή ΤΗΣ ΛΙΘΟΕΙΔΟΥΣ ΜΟΙΡΑΣ ΤΗΣ ΚΑΡΩΤΙΔΙΚΗΣ ΑΡΤΗΡΙΑΣ;;;;;
5829;X703141;ΥΠΟΚΡΟΤΑΦΙΑ, ΟΠΙΣΘΟΩΤΙΑΙΑ ΠΡΟΣΠΕΛΑΣΗ ΣΤΟΝ ΜΕΣΟ ΚΡΑΝΙΑΚΟ ΒΟΘΡΟ, ΕΣΩ ΑΚΟΥΣΤΙΚΟΥ ΠΟΡΟΥ, ΛΙΘΟΕΙΔΟΥΣ ΤΜΗΜΑΤΟΣ, ΣΚΗΝΙΔΙΟΥ (ΠΑΡΕΓΚΕΦΑΛΙΔΟΣ), ΣΗΡΑΓΓΩΔΟΥΣ ΚΟΛΠΟΥ, ΠΑΡΑΕΦΙΠΠΙΟΕΙΔΟΥΣ ΠΕΡΙΟΧΗΣ, ΥΠΟΚΡΟΤΑΦΙΚΟΥ ΒΟΘΡΟΥ) ΠΕΡΙΛΑΜΒΑΝΟΜΕΝΗΣ ΜΑΣΤΟΕΙΔΕΚΤΟΜΗΣ, ΕΚΤΟΜΗΣ ΤΟΥ ΣΙΓΜΟΕΙΔΟΥΣ ΚΟΛΠΟΥ, ΜΕ Ή ΧΩΡΙΣ ΑΠΟΣΥΜΠΙΕΣΗ ΚΑΙ/ Ή ΚΙΝΗΤΟΠΟΙΗΣΗ ΤΟΥ ΠΕΡΙΕΧΟΜΕΝΟΥ ΤΟΥ  ΕΣΩ ΑΚΟΥΣΤΙΚΟΥ ΠΟΡΟΥ Ή ΤΗΣ  ΤΗΣ ΛΙΘΟΕΙΔΟΥΣ ΜΟΙΡΑΣ ΤΗΣ ΕΣΩ ΚΑΡΩΤΙΔΑΣ;;;;;
5830;X703143;ΚΡΑΝΙΟΠΡΟΣΩΠΙΚΗ ΖΥΓΩΜΑΤΙΚΗ ΠΡΟΣΠΕΛΑΣΗ ΣΤΟ ΜΕΣΟ ΚΡΑΝΙΑΚΟ ΒΟΘΡΟ (ΣΗΡΑΓΓΩΔΗΣ ΚΟΛΠΟΣ ΚΑΙ ΚΑΡΩΤΙΔΙΚΗ ΑΡΤΗΡΙΑ, ΑΠΟΚΛΙΜΑ, ΒΑΣΙΚΗ ΑΡΤΗΡΙΑ Ή ΛΙΘΟΕΙΔΕΣ ΤΜΗΜΑ) ΠΕΡΙΛΑΜΒΑΝΟΜΕΝΗΣ ΟΣΤΕΟΤΟΜΙΑΣ ΤΟΥ ΖΥΓΩΜΑΤΙΚΟΥ, ΚΡΑΝΙΟΤΟΜΗΣ, ΕΠΙ- Ή ΕΝΔΟΣΚΛΗΡΙΔΙΚΗΣ ΑΝΕΛΚΥΣΗΣ ΚΡΟΤΑΦΙΚΟΥ ΛΟΒΟΥ;;;;;
5831;X703149;ΔΙΑΚΡΟΤΑΦΙΚΗ ΠΡΟΣΠΕΛΑΣΗ ΤΟΥ ΟΠΙΣΘΙΟΥ ΚΡΑΝΙΑΚΟΥ ΒΟΘΡΟΥ, ΣΦΑΓΙΤΙΔΙΚΟΥ ΤΡΗΜΑΤΟΣ Ή  ΜΕΣΗΣ ΓΡΑΜΜΗΣ ΒΑΣΗΣ ΚΡΑΝΙΟΥ, ΠΕΡΙΛΑΜΒΑΝΟΜΕΝΗΣ ΜΑΣΤΟΕΙΔΕΚΤΟΜΗΣ, ΑΠΟΣΥΜΠΙΕΣΗΣ ΣΙΓΜΟΕΙΔΟΥΣ ΚΟΛΠΟΥ ΚΑΙ/Ή ΠΡΟΣΩΠΙΚΟΥ ΝΕΥΡΟΥ, ΜΕ Ή ΧΩΡΙΣ ΚΙΝΗΤΟΠΟΙΗΣΗ;;;;;
5832;X703151;ΔΙΑΚΟΧΛΙΑΚΗ ΠΡΟΣΠΕΛΑΣΗ ΤΟΥ ΟΠΙΣΘΙΟΥ ΚΡΑΝΙΑΚΟΥ ΒΟΘΡΟΥ, ΣΦΑΓΙΤΙΔΙΚΟΥ ΤΡΗΜΑΤΟΣ Ή  ΜΕΣΗΣ ΓΡΑΜΜΗΣ ΒΑΣΗΣ ΚΡΑΝΙΟΥ, ΠΕΡΙΛΑΜΒΑΝΟΜΕΝΗΣ ΛΑΒΥΡΙΝΘΕΚΤΟΜΗΣ, ΑΠΟΣΥΜΠΙΕΣΗΣ, ΜΕ Ή  ΧΩΡΙΣ ΚΙΝΗΤΟΠΟΙΗΣΗ ΤΟΥ ΠΡΟΣΩΠΙΚΟΥ ΝΕΥΡΟΥ ΚΑΙ/Ή ΤΗΣ ΛΙΘΟΕΙΔΟΥΣ ΜΟΙΡΑΣ ΤΗΣ ΚΑΡΩΤΙΔΙΚΗΣ ΑΡΤΗΡΙΑΣ;;;;;
5833;X703153;ΔΙΑΚΟΝΔΥΛΙΑ (ΠΛΑΓΙΑ) ΠΡΟΣΠΕΛΑΣΗ ΟΠΙΣΘΙΟΥ ΚΡΑΝΙΑΚΟΥ ΒΟΘΡΟΥ, ΣΦΑΓΙΤΙΔΙΚΟΥ ΤΡΗΜΑΤΟΣ Ή ΜΕΣΗΣ ΓΡΑΜΜΗΣ ΒΑΣΗΣ ΚΡΑΝΙΟΥ, ΠΕΡΙΛΑΜΒΑΝΟΜΕΝΗΣ ΙΝΙΑΚΗΣ ΚΟΝΔΥΛΕΚΤΟΜΗΣ, ΜΑΣΤΟΕΙΔΕΚΤΟΜΗΣ, ΕΚΤΟΜΗΣ ΣΠΟΝΔΥΛΙΚΟΥ(-ΩΝ) ΣΩΜΑΤΟΣ(-ΩΝ) Α1-Α3, ΑΠΟΣΥΜΠΙΕΣΗ  ΣΠΟΝΔΥΛΙΚΗΣ ΑΡΤΗΡΙΑΣ, ΜΕ Ή ΧΩΡΙΣ ΚΙΝΗΤΟΠΟΙΗΣΗ;;;;;
5834;X703155;ΠΡΟΣΠΕΛΑΣΗ ΤΟΥ ΟΠΙΣΘΙΟΥ ΚΡΑΝΙΑΚΟΥ ΒΟΘΡΟΥ ΜΕΣΩ ΛΙΘΟΕΙΔΟΥΣ ΟΣΤΟΥ, ΑΠΟΚΛΙΜΑΤΟΣ Ή ΜΕΙΖΟΝΟΣ (ΙΝΙΑΚΟΥ) ΤΡΗΜΑΤΟΣ, ΠΕΡΙΛΑΜΒΑΝΟΜΕΝΣΗΣ ΑΠΟΛΙΝΩΣΗΣ ΤΟΥ ΑΝΩ ΛΙΘΟΕΙΔΟΥΣ ΚΟΛΠΟΥ ΚΑΙ/Ή ΣΙΓΜΟΕΙΔΟΥΣ ΚΟΛΠΟΥ;;;;;
5835;X703159;ΕΞΑΙΡΕΣΗ Ή ΕΚΤΟΜΗ ΝΕΟΠΛΑΣΜΑΤΙΚΗΣ, ΑΓΓΕΙΑΚΗΣ Ή ΛΟΙΜΩΔΟΥΣ ΒΛΑΒΗΣ ΤΗΣ ΒΑΣΗΣ ΤΟΥ ΠΡΟΣΘΙΟΥ ΚΡΑΝΙΑΚΟΥ ΒΟΘΡΟΥ, ΕΞΩΣΚΛΗΡΙΔΙΑ;;;;;
5836;X703161;ΕΞΑΙΡΕΣΗ Ή ΕΚΤΟΜΗ ΝΕΟΠΛΑΣΜΑΤΙΚΗΣ, ΑΓΓΕΙΑΚΗΣ Ή ΛΟΙΜΩΔΟΥΣ ΒΛΑΒΗΣ ΤΗΣ ΒΑΣΗΣ ΤΟΥ ΠΡΟΣΘΙΟΥ ΚΡΑΝΙΑΚΟΥ ΒΟΘΡΟΥ, ΕΝΔΟΣΚΛΗΡΙΔΙΑ (ΔΙΑΣΚΛΗΡΙΔΙΚΗ), ΠΕΡΙΛΑΜΒΑΝΟΜΕΝΗΣ ΜΗΝΙΓΓΟΠΛΑΣΤΙΚΗΣ (ΣΚΛΗΡΙΔΙΚΗΣ ΑΠΟΚΑΤΑΣΤΑΣΗΣ) ΜΕ Ή ΧΩΡΙΣ ΜΟΣΧΕΥΜΑ;;;;;
5837;X703169;ΕΞΑΙΡΕΣΗ Ή ΕΚΤΟΜΗ ΝΕΟΠΛΑΣΜΑΤΙΚΗΣ, ΑΓΓΕΙΑΚΗΣ Ή ΛΟΙΜΩΔΟΥΣ ΒΛΑΒΗΣ ΤΗΣ ΥΠΟΚΡΟΤΑΦΙΚΟΥ ΒΟΘΡΟΥ, ΠΑΡΑΦΑΡΥΓΓΙΚΟΥ ΧΩΡΟΥ, ΚΟΡΥΦΗΣ ΤΟΥ ΛΙΘΟΕΙΔΟΥΣ, ΕΞΩΣΚΛΗΡΙΔΙΑ;;;;;
5838;X703171;ΕΞΑΙΡΕΣΗ Ή ΕΚΤΟΜΗ ΝΕΟΠΛΑΣΜΑΤΙΚΗΣ, ΑΓΓΕΙΑΚΗΣ Ή ΛΟΙΜΩΔΟΥΣ ΒΛΑΒΗΣ ΤΗΣ ΥΠΟΚΡΟΤΑΦΙΚΟΥ ΒΟΘΡΟΥ, ΠΑΡΑΦΑΡΥΓΓΙΚΟΥ ΧΩΡΟΥ, ΛΙΘΟΕΙΔΟΥΣ ΤΜΗΜΑΤΟΣ,  ΕΝΔΟΣΚΛΗΡΙΔΙΑ (ΔΙΑΣΚΛΗΡΙΔΙΚΗ), ΠΕΡΙΛΑΜΒΑΝΟΜΕΝΗΣ ΜΗΝΙΓΓΟΠΛΑΣΤΙΚΗΣ (ΣΚΛΗΡΙΔΙΚΗΣ ΑΠΟΚΑΤΑΣΤΑΣΗΣ) ΜΕ Ή ΧΩΡΙΣ ΜΟΣΧΕΥΜΑ;;;;;
5839;X703173;ΕΞΑΙΡΕΣΗ Ή ΕΚΤΟΜΗ ΝΕΟΠΛΑΣΜΑΤΙΚΗΣ, ΑΓΓΕΙΑΚΗΣ Ή ΛΟΙΜΩΔΟΥΣ ΒΛΑΒΗΣ ΤΗΣ ΠΑΡΑΕΦΙΠΠΙΑΚΗΣ ΠΕΡΙΟΧΗΣ, ΣΗΡΑΓΓΩΔΟΥΣ ΚΟΛΠΟΥ, ΑΠΟΚΛΙΜΑΤΟΣ Ή ΜΕΣΗΣ ΓΡΑΜΜΗΣ ΒΑΣΗΣ ΚΡΑΝΙΟΥ, ΕΞΩΣΚΛΗΡΙΔΙΑ;;;;;
5840;X703175;ΕΞΑΙΡΕΣΗ Ή ΕΚΤΟΜΗ ΝΕΟΠΛΑΣΜΑΤΙΚΗΣ, ΑΓΓΕΙΑΚΗΣ Ή ΛΟΙΜΩΔΟΥΣ ΒΛΑΒΗΣ ΤΗΣ ΠΑΡΑΕΦΙΠΠΙΑΚΗΣ ΠΕΡΙΟΧΗΣ, ΣΗΡΑΓΓΩΔΟΥΣ ΚΟΛΠΟΥ, ΑΠΟΚΛΙΜΑΤΟΣ Ή ΜΕΣΗΣ ΓΡΑΜΜΗΣ ΒΑΣΗΣ ΚΡΑΝΙΟΥ, ΕΝΔΟΣΚΛΗΡΙΔΙΑ (ΔΙΑΣΚΛΗΡΙΔΙΚΗ), ΠΕΡΙΛΑΜΒΑΝΟΜΕΝΗΣ ΜΗΝΙΓΓΟΠΛΑΣΤΙΚΗΣ (ΣΚΛΗΡΙΔΙΚΗΣ ΑΠΟΚΑΤΑΣΤΑΣΗΣ) ΜΕ Ή ΧΩΡΙΣ ΜΟΣΧΕΥΜΑ;;;;;
5841;X703177;ΔΙΑΤΟΜΗ Ή ΑΠΟΛΙΝΩΣΗ,  ΕΝΔΟΣΗΡΑΓΓΩΔΗΣ ΜΟΙΡΑ ΚΑΡΩΤΙΔΙΚΗΣ ΑΡΤΗΡΙΑΣ, ΧΩΡΙΣ ΑΠΟΚΑΤΑΣΤΑΣΗ (ΚΑΤΑΓΡΑΦΕΤΑΙ ΞΕΧΩΡΙΣΤΑ ΕΠΙΠΛΕΟΝ ΤΟΥ ΚΩΔΙΚΟΥ ΤΗΣ ΑΡΧΙΚΗΣ ΔΙΑΔΙΚΑΣΙΑΣ);;;;;
5842;X703179;ΔΙΑΤΟΜΗ Ή ΑΠΟΛΙΝΩΣΗ, ΚΑΡΩΤΙΔΙΚΗΣ ΑΡΤΗΡΙΑΣ ΣΤΟ ΣΗΡΑΓΓΩΔΗ ΚΟΛΠΟ, ΜΕ ΑΠΟΚΑΤΑΣΤΑΣΗ ΜΕ ΑΝΑΣΤΟΜΩΣΗ Ή ΜΟΣΧΕΥΜΑ (ΚΑΤΑΓΡΑΦΕΤΑΙ ΞΕΧΩΡΙΣΤΑ ΕΠΙΠΛΕΟΝ ΤΟΥ ΚΩΔΙΚΟΥ ΓΙΑ ΤΗΝ ΑΡΧΙΚΗ ΔΙΑΔΙΚΑΣΙΑ);;;;;
5843;X703181;ΔΙΑΤΟΜΗ Ή ΑΠΟΛΙΝΩΣΗ, ΚΑΡΩΤΙΔΙΚΗ ΑΡΤΗΡΙΑ ΣΤΟ ΛΙΘΟΕΙΔΕΣ ΚΑΝΑΛΙ, ΧΩΡΙΣ ΑΠΟΚΑΤΑΣΤΑΣΗ (ΚΑΤΑΓΡΑΦΕΤΑΙ ΞΕΧΩΡΙΣΤΑ ΕΠΙΠΛΕΟΝ ΤΟΥ ΚΩΔΙΚΟΥ ΤΗΣ ΑΡΧΙΚΗΣ ΔΙΑΔΙΚΑΣΙΑΣ);;;;;
5844;X703183;ΔΙΑΤΟΜΗ Ή ΑΠΟΛΙΝΩΣΗ, ΚΑΡΩΤΙΔΙΚΗ ΑΡΤΗΡΙΑ ΣΤΟ ΛΙΘΟΕΙΔΕΣ ΚΑΝΑΛΙ, ΜΕ ΑΠΟΚΑΤΑΣΤΑΣΗ ΜΕ ΑΝΑΣΤΟΜΩΣΗ Ή ΜΟΣΧΕΥΜΑ (ΚΑΤΑΓΡΑΦΕΤΑΙ ΞΕΧΩΡΙΣΤΑ ΕΠΙΠΛΕΟΝ ΤΟΥ ΚΩΔΙΚΟΥ ΓΙΑ ΤΗΝ ΑΡΧΙΚΗ ΔΙΑΔΙΚΑΣΙΑ);;;;;
5845;X703185;ΑΠΟΦΡΑΞΗ ΑΝΕΥΡΥΣΜΑΤΟΣ ΚΑΡΩΤΙΔΑΣ, ΑΡΤΗΡΙΟΦΛΕΒΩΔΟΥΣ ΔΥΣΠΛΑΣΙΑΣ, Ή ΚΑΡΩΤΙΔΟ-ΣΗΡΑΓΓΩΔΟΥΣ ΕΠΙΚΟΙΝΩΝΙΑΣ ΛΟΓΩ ΔΙΑΧΩΡΙΣΜΟΥ ΕΝΤΟΣ ΤΟΥ ΣΗΡΑΓΓΩΔΟΥΣ ΚΟΛΠΟΥ;;;;;
5846;X703189;ΕΞΑΙΡΕΣΗ Ή ΕΚΤΟΜΗ ΝΕΟΠΛΑΣΜΑΤΙΚΗΣ, ΑΓΓΕΙΑΚΗΣ Ή ΛΟΙΜΩΔΟΥΣ ΒΛΑΒΗΣ ΤΗΣ ΒΑΣΗΣ ΤΟΥ ΟΠΙΣΘΙΟΥ ΚΡΑΝΙΑΚΟΥ ΒΟΘΡΟΥ, ΣΦΑΓΙΤΙΔΙΚΟΥ ΤΡΗΜΑΤΟΣ, ΜΕΙΖΟΝΟΣ ΤΡΗΜΑΤΟΣ,Ή ΣΠΟΝΔΥΛΙΚΩΝ ΣΩΜΑΤΩΝ Α1-Α3, ΕΞΩΣΚΛΗΡΙΔΙΑ;;;;;
5847;X703191;ΕΞΑΙΡΕΣΗ Ή ΕΚΤΟΜΗ ΝΕΟΠΛΑΣΜΑΤΙΚΗΣ, ΑΓΓΕΙΑΚΗΣ Ή ΛΟΙΜΩΔΟΥΣ ΒΛΑΒΗΣ ΤΗΣ ΒΑΣΗΣ ΤΟΥ ΟΠΙΣΘΙΟΥ ΚΡΑΝΙΑΚΟΥ ΒΟΘΡΟΥ, ΣΦΑΓΙΤΙΔΙΚΟΥ ΤΡΗΜΑΤΟΣ, ΜΕΙΖΟΝΟΣ ΤΡΗΜΑΤΟΣ,Ή ΣΠΟΝΔΥΛΙΚΩΝ ΣΩΜΑΤΩΝ Α1-Α3,ΕΝΔΟΣΚΛΗΡΙΔΙΑ (ΔΙΑΣΚΛΗΡΙΔΙΚΗ), ΠΕΡΙΛΑΜΒΑΝΟΜΕΝΗΣ ΜΗΝΙΓΓΟΠΛΑΣΤΙΚΗΣ (ΣΚΛΗΡΙΔΙΚΗΣ ΑΠΟΚΑΤΑΣΤΑΣΗΣ) ΜΕ Ή ΧΩΡΙΣ ΜΟΣΧΕΥΜΑ;;;;;
5848;X703195;ΔΕΥΤΕΡΕΥΟΥΣΑ ΑΠΟΚΑΤΑΣΤΑΣΗ ΤΗΣ ΣΚΛΗΡΗΣ ΜΗΝΙΓΓΑΣ ΛΟΓΩ ΔΙΑΦΥΓΗΣ ΕΓΚΕΦΑΛΟΝΩΤΙΑΙΟΥ ΥΓΡΟΥ, ΠΡΟΣΘΙΟΣ, ΜΕΣΟΣ Ή ΟΠΙΣΘΙΟΣ ΚΡΑΝΙΑΚΟΣ ΒΟΘΡΟΣ ΜΕΤΑ ΑΠΟ ΧΕΙΡΟΥΡΓΙΚΗ ΕΠΕΜΒΑΣΗ ΤΗΣ ΒΑΣΗΣ ΤΟΥ ΚΡΑΝΙΟΥ, ΜΕ ΕΛΕΥΘΕΡΟ ΜΟΣΧΕΥΜΑ ΙΣΤΟΥ (Π.Χ., ΠΕΡΙΚΡΑΝΙΟ, ΠΕΡΙΤΟΝΙΑ, ΤΕΝΟΝΤΑΣ ΠΛΑΤΕΙΑΣ ΠΕΡΙΤΟΝΙΑΣ, ΛΙΠΩΔΗΣ ΙΣΤΟΣ, ΑΥΤΟΛΟΓΑ Ή ΣΥΝΘΕΤΙΚΑ ΜΟΣΧΕΥΜΑΤΑ);;;;;
5849;X703197;ΔΕΥΤΕΡΕΥΟΥΣΑ ΑΠΟΚΑΤΑΣΤΑΣΗ ΤΗΣ ΣΚΛΗΡΗΣ ΜΗΝΙΓΓΑΣ ΛΟΓΩ ΔΙΑΦΥΓΗΣ ΕΓΚΕΦΑΛΟΝΩΤΙΑΙΟΥ ΥΓΡΟΥ, ΠΡΟΣΘΙΟΣ, ΜΕΣΟΣ Ή ΟΠΙΣΘΙΟΣ ΚΡΑΝΙΑΚΟΣ ΒΟΘΡΟΣ ΜΕΤΑ ΑΠΟ ΧΕΙΡΟΥΡΓΙΚΗ ΕΠΕΜΒΑΣΗ ΤΗΣ ΒΑΣΗΣ ΤΟΥ ΚΡΑΝΙΟΥ, ΜΕ ΤΟΠΙΚΟ Ή ΚΙΝΗΤΟΠΟΙΗΜΕΝΟ ΑΓΓΕΙΟΥΜΕΝΟ ΚΡΗΜΝΟ Ή ΜΥΟΔΕΡΜΑΤΙΚΟ ΚΡΗΜΝΟ (ΠΕΡΙΛΑΜΒΑΝΟΜΕΝΗΣ ΕΠΙΚΡΑΝΕΙΑΣ ΑΠΟΝΕΥΡΩΣΗΣ, ΚΡΟΤΑΦΙΚΟΥ, ΜΕΤΩΠΙΚΟΥ Ή ΙΝΙΑΚΟΥ ΜΥΟΣ)  Ή ΜΕ ΜΟΣΧΕΥΜΑ ΜΗΝΙΓΓΑΣ;;;;;
5850;X703205;ΕΝΔΑΓΓΕΙΑΚΗ ΠΡΟΣΩΡΙΝΗ ΑΡΤΗΡΙΑΚΗ ΑΠΡΟΦΡΑΞΗ ΜΕ ΕΝΔΟΑΥΛΙΚΟ ΑΕΡΟΘΑΛΑΜΟ, ΚΕΦΑΛΗ Ή ΑΥΧΕΝΑΣ (ΕΞΩΚΡΑΝΙΑΚΗ/ΕΝΔΟΚΡΑΝΙΑΚΗ) ΠΕΡΙΛΑΜΒΑΝΟΜΕΝΟΥ ΕΚΛΕΚΤΙΚΟΥ ΚΑΘΕΤΗΡΙΑΣΜΟΥ ΤΟΥ ΠΡΟΣ ΑΠΟΦΡΑΞΗ ΑΓΓΕΙΟΥ, ΤΟΠΟΘΕΤΗΣΗΣ ΚΑΙ ΔΙΑΤΑΣΗΣ ΤΟΥ ΑΕΡΟΘΑΛΑΜΟΥ ΑΠΟΦΡΑΞΗΣ, ΜΕ ΤΑΥΤΟΧΡΟΝΗ ΝΕΥΡΟΛΟΓΙΚΗ ΠΑΡΑΚΟΛΟΥΘΗΣΗ ΚΑΙ ΑΚΤΙΝΟΛΟΓΙΚΗ ΕΠΙΒΛΕΨΗ ΚΑΙ  ΓΝΩΜΑΤΕΥΣΗΣ ΤΗΣ ΑΠΑΙΤΟΥΜΕΝΗΣ ΓΙΑ ΤΗΝ ΑΠΟΦΡΑΞΗ ΜΕ ΑΕΡΟΘΑΛΑΜΟ ΑΓΓΕΙΟΓΡΑΦΙΑΣ ΚΑΙ ΤΟΝ ΑΠΟΚΛΕΙΣΜΟ ΜΕΤΕΠΕΜΒΑΤΙΚΟΥ ΑΓΓΕΙΑΚΟΥ ΤΡΑΥΜΑΤΙΣΜΟΥ;;;;;
5851;X703207;ΔΙΑΚΑΘΕΤΗΡΙΑΚΗ (ΕΝΔΟΑΥΛΙΚΗ) ΜΟΝΙΜΗ ΑΠΟΦΡΑΞΗ Ή ΕΜΒΟΛΙΣΜΟΣ (Π.Χ., ΓΙΑ ΚΑΤΑΣΤΡΟΦΗ ΟΓΚΟΥ, ΓΙΑ ΕΠΙΤΕΥΞΗ ΑΙΜΟΣΤΑΣΗΣ, ΓΙΑ ΑΠΟΦΡΑΞΗ ΑΓΓΕΙΑΚΗΣ ΔΥΣΠΛΑΣΙΑΣ), ΔΙΑΔΕΡΜΙΚΗ, ΟΠΟΙΑΔΗΠΟΤΕ ΜΕΘΟΔΟΣ, ΚΕΝΤΡΙΚΟ ΝΕΥΡΙΚΟ ΣΥΣΤΗΜΑ (ΕΝΔΟΚΡΑΝΙΑΚΗ, ΝΩΤΙΑΙΟΥ ΜΥΕΛΟΥ);;;;;
5852;X703211;ΔΙΑΚΑΘΕΤΗΡΙΑΚΗ ΜΟΝΙΜΗ ΑΠΟΦΡΑΞΗ Ή ΕΜΒΟΛΙΣΜΟΣ (Π.Χ., ΓΙΑ ΚΑΤΑΣΤΡΟΦΗ ΟΓΚΟΥ, ΓΙΑ ΕΠΙΤΕΥΞΗ ΑΙΜΟΣΤΑΣΗΣ, ΓΙΑ ΑΠΟΦΡΑΞΗ ΑΓΓΕΙΑΚΗΣ ΔΥΣΠΛΑΣΙΑΣ), ΔΙΑΔΕΡΜΙΚΗ, ΟΠΟΙΑΔΗΠΟΤΕ ΜΕΘΟΔΟΣ, ΠΕΡΙΦΕΡΙΚΟ ΝΕΥΡΙΚΟ ΣΥΣΤΗΜΑ, ΚΕΦΑΛΗΣ Ή ΤΡΑΧΗΛΟΥ (ΕΞΩΚΡΑΝΙΑΚΟΣ, ΒΡΑΧΙΟΝΟΚΕΦΑΛΙΚΟΣ ΚΛΑΔΟΣ);;;;;
5853;X703219;ΑΓΓΕΙΟΠΛΑΣΤΙΚΗ ΜΕ ΑΕΡΟΘΑΛΑΜΟ, ΕΝΔΟΚΡΑΝΙΑΚΗ, (Π.Χ. ΑΘΗΡΩΜΑΤΙΚΗ ΣΤΕΝΩΣΗ), ΔΙΑΔΕΡΜΙΚΗ;;;;;
5854;X703229;ΕΠΕΜΒΑΤΙΚΗ ΕΝΔΟΑΥΛΙΚΗ ΤΟΠΟΘΕΤΗΣΗ ΣΤΕΝΤ, ΕΝΔΟΚΡΑΝΙΑΚΑ (Π.Χ., ΑΘΗΡΩΜΑΤΙΚΗ ΣΤΕΝΩΣΗ), ΠΕΡΙΛΑΜΒΑΝΟΜΕΝΗΣ ΑΓΓΕΙΟΠΛΑΣΤΙΚΗΣ ΜΕ ΑΕΡΟΘΑΛΑΜΟ, ΕΑΝ ΕΧΕΙ ΠΡΑΓΜΑΤΟΠΟΙΗΘΕΙ;;;;;
5855;X703239;ΔΙΑΤΑΣΗ ΜΕ ΑΕΡΟΘΑΛΑΜΟ ΕΝΔΟΚΡΑΝΙΑΚΟΥ ΑΓΓΕΙΟΣΠΑΣΜΟΥ, ΔΙΑΔΕΡΜΙΚΗ, ΑΡΧΙΚΟ ΑΓΓΕΙΟ;;;;;
5856;X703241;ΔΙΑΤΑΣΗ ΜΕ ΑΕΡΟΘΑΛΑΜΟ ΕΝΔΟΚΡΑΝΙΑΚΟΥ ΑΓΓΕΙΟΣΠΑΣΜΟΥ, ΔΙΑΔΕΡΜΙΚΗ, ΚΑΘΕ ΕΠΙΠΛΕΟΝ ΑΓΓΕΙΟ ΤΟΥ ΙΔΙΟΥ ΑΓΓΕΙΑΚΟΥ ΚΛΑΔΟΥ (ΚΑΤΑΓΡΑΦΕΤΑΙ ΞΕΧΩΡΙΣΤΑ ΕΠΙΠΛΕΟΝ ΤΟΥ ΚΩΔΙΚΟΥ ΤΗΣ ΑΡΧΙΚΗΣ ΔΙΑΔΙΚΑΣΙΑΣ);;;;;
5857;X703243;ΔΙΑΤΑΣΗ ΜΕ ΑΕΡΟΘΑΛΑΜΟ ΕΝΔΟΚΡΑΝΙΑΚΟΥ ΑΓΓΕΙΟΣΠΑΣΜΟΥ, ΔΙΑΔΕΡΜΙΚΗ, ΚΑΘΕ ΕΠΙΠΛΕΟΝ ΑΓΓΕΙΟ ΔΙΑΦΟΡΕΤΙΚΟΥ ΑΓΓΕΙΑΚΟΥ ΚΛΑΔΟΥ (ΚΑΤΑΓΡΑΦΕΤΑΙ ΞΕΧΩΡΙΣΤΑ ΕΠΙΠΛΕΟΝ ΤΟΥ ΚΩΔΙΚΟΥ ΤΗΣ ΑΡΧΙΚΗΣ ΔΙΑΔΙΚΑΣΙΑΣ);;;;;
5858;X703319;ΧΕΙΡΟΥΡΓΙΚΗ ΕΠΕΜΒΑΣΗ ΕΝΔΟΚΡΑΝΙΑΚΗΣ ΑΡΤΗΡΙΟΦΛΕΒΩΔΟΥΣ ΔΥΣΠΛΑΣΙΑΣ, ΥΠΕΡΣΚΗΝΙΔΙΑΚΗΣ, ΑΠΛΗ;;;;;
5859;X703323;ΧΕΙΡΟΥΡΓΙΚΗ ΕΠΕΜΒΑΣΗ ΕΝΔΟΚΡΑΝΙΑΚΗΣ ΑΡΤΗΡΙΟΦΛΕΒΩΔΟΥΣ ΔΥΣΠΛΑΣΙΑΣ, ΥΠΕΡΣΚΗΝΙΔΙΑΚΗΣ (ΥΠΕΡΤΕΝΟΝΤΙΚΗ), ΣΥΝΘΕΤΗ;;;;;
5860;X703327;ΧΕΙΡΟΥΡΓΙΚΗ ΕΠΕΜΒΑΣΗ ΕΝΔΟΚΡΑΝΙΑΚΗΣ ΑΡΤΗΡΙΟΦΛΕΒΩΔΟΥΣ ΔΥΣΠΛΑΣΙΑΣ, ΥΠΟΣΚΗΝΙΔΙΑΚΗΣ  ΑΠΛΗ;;;;;
5861;X703331;ΧΕΙΡΟΥΡΓΙΚΗ ΕΠΕΜΒΑΣΗ ΕΝΔΟΚΡΑΝΙΑΚΗΣ ΑΡΤΗΡΙΟΦΛΕΒΩΔΟΥΣ ΔΥΣΠΛΑΣΙΑΣ, ΥΠΟΣΚΗΝΙΔΙΑΚΗΣ, ΣΥΝΘΕΤΗ;;;;;
5862;X703339;ΧΕΙΡΟΥΡΓΙΚΗ ΕΠΕΜΒΑΣΗ ΕΝΔΟΚΡΑΝΙΑΚΗΣ ΑΡΤΗΡΙΟΦΛΕΒΩΔΟΥΣ ΔΥΣΠΛΑΣΙΑΣ ΣΚΛΗΡΑΣ ΜΗΝΙΓΓΑΣ, ΑΠΛΗ;;;;;
5863;X703343;ΧΕΙΡΟΥΡΓΙΚΗ ΕΠΕΜΒΑΣΗ ΕΝΔΟΚΡΑΝΙΑΚΗΣ ΑΡΤΗΡΙΟΦΛΕΒΩΔΟΥΣ ΔΥΣΠΛΑΣΙΑΣ, ΣΚΛΗΡΑΣ ΜΗΝΙΓΓΑΣ, ΣΥΝΘΕΤΗ;;;;;
5864;X703353;ΧΕΙΡΟΥΡΓΙΚΗ ΕΠΕΜΒΑΣΗ ΣΥΝΘΕΤΟΥ ΕΝΔΟΚΡΑΝΙΑΚΟΥ ΑΝΕΥΡΥΣΜΑΤΟΣ, ΕΝΔΟΚΡΑΝΙΑΚΗ ΠΡΟΣΠΕΛΑΣΗ,  ΚΑΡΩΤΙΔΙΚΗ (ΠΡΟΣΘΙΑ) ΚΥΚΛΟΦΟΡΙΑ;;;;;
5865;X703355;ΧΕΙΡΟΥΡΓΙΚΗ ΕΠΕΜΒΑΣΗ ΣΥΝΘΕΤΟΥ ΕΝΔΟΚΡΑΝΙΑΚΟΥ ΑΝΕΥΡΥΣΜΑΤΟΣ, ΕΝΔΟΚΡΑΝΙΑΚΗ ΠΡΟΣΠΕΛΑΣΗ, ΣΠΟΝΔΥΛΟΒΑΣΙΚΗ ΚΥΚΛΟΦΟΡΙΑ;;;;;
5866;X703359;ΧΕΙΡΟΥΡΓΙΚΗ ΕΠΕΜΒΑΣΗ ΑΠΛΟΥ ΕΝΔΟΚΡΑΝΙΑΚΟΥ ΑΝΕΥΡΥΣΜΑΤΟΣ, ΕΝΔΟΚΡΑΝΙΑΚΗ ΠΡΟΣΠΕΛΑΣΗ, ΚΑΡΩΤΙΔΙΚΗ ΚΥΚΛΟΦΟΡΙΑ;;;;;
5867;X703363;ΧΕΙΡΟΥΡΓΙΚΗ ΕΠΕΜΒΑΣΗ ΑΠΛΟΥ ΕΝΔΟΚΡΑΝΙΑΚΟΥ ΑΝΕΥΡΥΣΜΑΤΟΣ, ΕΝΔΟΚΡΑΝΙΑΚΗ ΠΡΟΣΠΕΛΑΣΗ, ΣΠΟΝΔΥΛΟΒΑΣΙΚΗ ΚΥΚΛΟΦΟΡΙΑ;;;;;
5868;X703365;ΧΕΙΡΟΥΡΓΙΚΗ ΕΠΕΜΒΑΣΗ ΕΝΔΟΚΡΑΝΙΑΚΟΥ ΑΝΕΥΡΥΣΜΑΤΟΣ, ΤΡΑΧΗΛΙΚΗ ΠΡΟΣΠΕΛΑΣΗ ΜΕ ΕΦΑΡΜΟΓΗ ΑΠΟΦΡΑΚΤΙΚΟΥ ΣΦΙΓΚΤΗΡΑ ΣΤΗΝ ΑΥΧΕΝΙΚΗ ΜΟΙΡΑ ΤΗΣ ΚΑΡΩΤΙΔΙΚΗΣ ΑΡΤΗΡΙΑΣ (SELVERSTONE-CRUTCHFIELD ΤΥΠΟΥ);;;;;
5869;X703369;ΧΕΙΡΟΥΡΓΙΚΗ ΕΠΕΜΒΑΣΗ ΑΝΕΥΡΥΣΜΑΤΟΣ, ΑΓΓΕΙΑΚΗΣ ΔΥΣΠΛΑΣΙΑΣ Ή ΚΑΡΩΤΙΔΟΣΗΡΑΓΓΩΔΟΥΣ ΕΠΙΚΟΙΝΩΝΙΑΣ, ΜΕ ΕΝΔΟΚΡΑΝΙΑΚΗ ΚΑΙ ΑΥΧΕΝΙΚΗ ΑΠΟΦΡΑΞΗ ΤΗΣ ΚΑΡΩΤΙΔΙΚΗΣ ΑΡΤΗΡΙΑΣ;;;;;
5870;X703375;ΧΕΙΡΟΥΡΓΙΚΗ ΕΠΕΜΒΑΣΗ ΑΝΕΥΡΥΣΜΑΤΟΣ, ΑΓΓΕΙΑΚΗ ΔΥΣΠΛΑΣΙΑΣ (ΔΥΣΜΟΡΦΙΑ) Ή ΚΑΡΩΤΙΔΟΣΗΡΑΓΓΩΔΕΣ ΣΗΡΙΓΓΙΟ, ΜΕ ΕΝΔΟΚΡΑΝΙΑΚΗ ΗΛΕΚΤΡΟΘΡΟΜΒΩΣΗ;;;;;
5871;X703379;ΧΕΙΡΟΥΡΓΙΚΗ ΕΠΕΜΒΑΣΗ ΑΝΕΥΡΥΣΜΑΤΟΣ, ΑΓΓΕΙΑΚΗ ΔΥΣΠΛΑΣΙΑΣ (ΔΥΣΜΟΡΦΙΑΉ ΚΑΡΩΤΙΔΟΣΗΡΑΓΓΩΔΕΣ ΣΗΡΙΓΓΙΟ, ΜΕ ΕΝΔΟ-ΑΡΤΗΡΙΑΚΟ ΕΜΒΟΛΙΣΜΟ, ΕΓΧΥΣΗΣ ΥΛΙΚΟΥ, Ή  ΚΑΘΕΤΗΡΑ ΜΕ ΑΕΡΟΘΑΛΑΜΟ;;;;;
5872;X703381;ΑΝΑΣΤΟΜΩΣΗ, ΑΡΤΗΡΙΑΚΗ, ΕΞΩΚΡΑΝΙΑΣ-ΕΝΔΟΚΡΑΝΙΑΣ ΚΥΚΛΟΦΟΡΙΑΣ (Π.Χ. ΚΛΑΔΟΙ ΕΞΩ ΚΑΡΩΤΙΔΑΣ/ΚΛΑΔΟΙ ΕΣΩ ΚΑΡΩΤΙΔΑΣ) ΑΡΤΗΡΙΑΣ;;;;;
5873;X703399;ΔΗΜΙΟΥΡΓΙΑ ΒΛΑΒΗΣ ΜΕ ΣΤΕΡΕΟΤΑΚΤΙΚΗ ΜΕΘΟΔΟ, ΠΕΡΙΛΑΜΒΑΝΕΙ ΟΠΗ(-ΕΣ) ΔΙΑΤΡΗΣΗΣ ΚΑΙ ΤΕΧΝΙΚΕΣ ΕΝΤΟΠΙΣΗΣ ΚΑΙ ΚΑΤΑΓΡΑΦΗΣ, ΣΕ ΕΝΑ Ή ΠΟΛΛΑ ΣΤΑΔΙΑ,  ΩΧΡΑ ΣΦΑΙΡΑ Ή ΘΑΛΑΜΟΣ;;;;;
5874;X703429;ΕΠΕΜΒΑΣΗ ΜΕ ΣΤΕΡΕΟΤΑΚΤΙΚΗ ΜΕΘΟΔΟ, ΠΕΡΙΛΑΜΒΑΝΕΙ ΟΠΗ(-ΕΣ) ΔΙΑΤΡΗΣΗΣ ΚΑΙ ΤΕΧΝΙΚΕΣ ΕΝΤΟΠΙΣΗΣ ΚΑΙ ΚΑΤΑΓΡΑΦΗΣ, ΣΕ ΕΝΑ Ή ΠΟΛΛΑ ΣΤΑΔΙΑ,  ΥΠΟΦΛΟΙΩΔΗΣ(-ΕΙΣ) ΔΟΜΗ(-ΕΣ) ΕΚΤΟΣ ΑΠΟ ΩΧΡΑ ΣΦΑΙΡΑ Ή ΘΑΛΑΜΟ;;;;;
5875;X703459;ΣΤΕΡΕΟΤΑΚΤΙΚΗ ΒΙΟΨΙΑ, ΑΝΑΡΡΟΦΗΣΗ, Ή ΕΚΤΟΜΗ, ΠΕΡΙΛΑΜΒΑΝΟΜΕΝΗΣ(-ΩΝ) ΟΠΗΣ(-ΩΝ) ΔΙΑΤΡΗΣΗΣ, ΓΙΑ ΕΝΔΟΚΡΑΝΙΑΚΗ ΒΛΑΒΗ,;;;;;
5876;X703461;ΣΤΕΡΕΟΤΑΚΤΙΚΗ ΒΙΟΨΙΑ, ΑΝΑΡΡΟΦΗΣΗ, Ή ΕΚΤΟΜΗ, ΠΕΡΙΛΑΜΒΑΝΟΜΕΝΗΣ(-ΩΝ) ΟΠΗΣ(-ΩΝ) ΔΙΑΤΡΗΣΗΣ, ΓΙΑ ΕΝΔΟΚΡΑΝΙΑΚΗ ΒΛΑΒΗ, ΜΕ ΚΑΘΟΔΗΓΗΣΗ ΥΠΟ  ΑΞΟΝΙΚΟ ΤΟΜΟΓΡΑΦΙΟ ΚΑΙ/Ή ΜΑΓΝΗΤΙΚΟ ΤΟΜΟΓΡΑΦΟ;;;;;
5877;X703479;ΣΤΕΡΕΟΤΑΚΤΙΚΗ ΕΜΦΥΤΕΥΣΗ ΗΛΕΚΤΟΔΙΩΝ ΒΑΘΟΥΣ ΕΝΤΟΣ ΤΟΥ ΕΓΚΕΦΑΛΟΥ ΓΙΑ ΜΑΚΡΟΧΡΟΝΙΟ ΕΛΕΓΧΟ ΕΠΙΛΗΠΤΙΚΩΝ ΚΡΙΣΕΩΝ;;;;;
5878;X703499;ΣΤΕΡΕΟΤΑΚΤΙΚΗ ΕΝΤΟΠΙΣΗ, ΠΕΡΙΛΑΜΒΑΝΟΜΕΝΗΣ(-ΩΝ) ΟΠΗΣ(-ΩΝ) ΔΙΑΤΡΗΣΗΣ, ΜΕ ΕΙΣΑΓΩΓΗ ΚΑΘΕΤΗΡΑ(-ΩΝ) Ή ΙΧΝΗΘΕΤΗ(-ΩΝ) ΓΙΑ ΤΟΠΟΘΕΤΗΣΗ ΤΗΣ ΠΗΓΗΣ ΑΚΤΙΝΟΒΟΛΙΣΗΣ;;;;;
5879;X703539;ΕΠΕΜΒΑΣΗ ΕΠΙ ΤΗΣ ΣΠΟΝΔΥΛΙΚΗΣ ΣΤΗΛΗΣ ΜΕ ΣΤΕΡΕΟΤΑΚΤΙΚΗ ΜΕΘΟΔΟ, ΔΙΑΔΕΡΜΙΚΗ, ΜΕ ΝΕΥΡΟΛΥΤΙΚΟΥΣ ΠΑΡΑΓΟΝΤΕΣ (Π.Χ. ΑΛΚΟΟΛΗ, ΘΕΡΜΙΚΗ, ΗΛΕΚΤΡΙΚΗ, ΡΑΔΙΟΣΥΧΝΟΤΗΤΩΝ). ΓΑΣΣΕΡΕΙΟ ΓΑΓΓΛΙΟ;;;;;
5880;X703541;ΕΠΕΜΒΑΣΗ ΕΠΙ ΤΗΣ ΣΠΟΝΔΥΛΙΚΗΣ ΣΤΗΛΗΣ ΜΕ ΣΤΕΡΕΟΤΑΚΤΙΚΗ ΜΕΘΟΔΟ, ΔΙΑΔΕΡΜΙΚΗ, ΜΕ ΝΕΥΡΟΛΥΤΙΚΟΥΣ ΠΑΡΑΓΟΝΤΕΣ (Π.Χ. ΑΛΚΟΟΛΗ, ΘΕΡΜΙΚΗ, ΗΛΕΚΤΡΙΚΗ, ΡΑΔΙΟΣΥΧΝΟΤΗΤΩΝ). ΓΑΣΣΕΡΕΙΟ ΜΥΕΛΩΔΗΣ ΣΩΛΗΝΑΣ ΤΟΥ ΤΡΙΔΥΜΟΥ;;;;;
5881;X703549;ΣΤΕΡΕΟΤΑΚΤΙΚΗ ΕΠΕΜΒΑΣΗ ΜΕ ΥΠΟΒΟΗΘΟΥΜΕΝΗ ΠΛΟΗΓΗΣΗ ΑΠΟ ΥΠΟΛΟΓΙΣΤΗ ΕΝΔΟΚΡΑΝΙΑΚΗ, ΕΞΩΚΡΑΝΙΑΚΗ Ή ΣΠΟΝΔΥΛΙΚΗ (ΚΑΤΑΓΡΑΦΕΤΑΙ ΞΕΧΩΡΙΣΤΑ ΕΠΙΠΛΕΟΝ ΤΟΥ ΚΩΔΙΚΟΥ ΤΗΣ ΑΡΧΙΚΗΣ ΔΙΑΔΙΚΑΣΙΑΣ);;;;;
5882;X703551;ΣΤΕΡΕΟΤΑΚΤΙΚΗ ΑΚΤΙΝΟΧΕΙΡΟΥΡΓΙΚΗ ΘΕΡΑΠΕΙΑ(ΡΑΔΙΟΕΠΕΜΒΑΣΗ) (ΔΕΣΜΗ ΣΩΜΑΤΙΔΙΩΝ, ΑΚΤΙΝΕΣ ΓΑΜΜΑ, Ή ΓΡΑΜΜΙΚΟΣ ΕΠΙΤΑΧΥΝΤΗΣ). 1 ΑΠΛΗ ΚΡΑΝΙΑΚΗ ΕΠΕΜΒΑΣΗ;;;;;
5883;X703553;ΣΤΕΡΕΟΤΑΚΤΙΚΗ ΑΚΤΙΝΟΧΕΙΡΟΥΡΓΙΚΗ ΘΕΡΑΠΕΙΑ(ΡΑΔΙΟΕΠΕΜΒΑΣΗ) (ΔΕΣΜΗ ΣΩΜΑΤΙΔΙΩΝ, ΑΚΤΙΝΕΣ ΓΑΜΜΑ, Ή ΓΡΑΜΜΙΚΟΣ ΕΠΙΤΑΧΥΝΤΗΣ). ΚΑΘΕ ΕΠΙΠΛΕΟΝ ΚΡΑΝΙΑΚΗ ΕΠΕΜΒΑΣΗ (ΚΑΤΑΓΡΑΦΕΤΑΙ ΞΕΧΩΡΙΣΤΑ ΕΠΙΠΛΕΟΝ ΤΟΥ ΚΩΔΙΚΟΥ ΤΗΣ ΑΡΧΙΚΗΣ ΔΙΑΔΙΚΑΣΙΑΣ);;;;;
5884;X703555;ΣΤΕΡΕΟΤΑΚΤΙΚΗ ΑΚΤΙΝΟΧΕΙΡΟΥΡΓΙΚΗ ΘΕΡΑΠΕΙΑ(ΡΑΔΙΟΕΠΕΜΒΑΣΗ)(ΔΕΣΜΗ ΣΩΜΑΤΙΔΙΩΝ, ΑΚΤΙΝΕΣ ΓΑΜΜΑ, Ή ΓΡΑΜΜΙΚΟΣ ΕΠΙΤΑΧΥΝΤΗΣ). 1 ΣΥΝΘΕΤΗ ΚΡΑΝΙΑΚΗ ΕΠΕΜΒΑΣΗ;;;;;
5885;X703557;ΣΤΕΡΕΟΤΑΚΤΙΚΗ ΑΚΤΙΝΟΧΕΙΡΟΥΡΓΙΚΗ ΘΕΡΑΠΕΙΑ(ΡΑΔΙΟΕΠΕΜΒΑΣΗ)ΔΕΣΜΗ ΣΩΜΑΤΙΔΙΩΝ, ΑΚΤΙΝΕΣ ΓΑΜΜΑ, Ή ΓΡΑΜΜΙΚΟΣ ΕΠΙΤΑΧΥΝΤΗΣ). ΚΑΘΕ ΕΠΙΠΛΕΟΝ ΚΡΑΝΙΑΚΗ ΕΠΕΜΒΑΣΗ (ΚΑΤΑΓΡΑΦΕΤΑΙ ΞΕΧΩΡΙΣΤΑ ΕΠΙΠΛΕΟΝ ΤΟΥ ΚΩΔΙΚΟΥ ΤΗΣ ΑΡΧΙΚΗΣ ΔΙΑΔΙΚΑΣΙΑΣ);;;;;
5886;X703559;ΕΦΑΡΜΟΓΗ ΣΤΕΡΕΟΤΑΚΤΙΚΟΥ ΠΛΑΙΣΙΟΥ ΚΕΦΑΛΗΣ ΓΙΑ ΣΤΕΡΕΟΤΑΚΤΙΚΗ ΑΚΤΙΝΟΘΕΡΑΠΕΙΑ (ΚΑΤΑΓΡΑΦΕΤΑΙ ΞΕΧΩΡΙΣΤΑ ΕΠΙΠΛΕΟΝ ΤΟΥ ΚΩΔΙΚΟΥ ΤΗΣ ΑΡΧΙΚΗΣ ΔΙΑΔΙΚΑΣΙΑΣ);;;;;
5887;X703659;ΣΠΕΙΡΟΕΙΔΗΣ ΤΡΥΠΑΝΙΣΜΟΣ Ή ΟΠΗ(-ΕΣ) ΔΙΑΤΡΗΣΗΣ ΓΙΑ ΕΜΦΥΤΕΥΣΗ ΝΕΥΡΟΔΙΕΓΕΡΤΙΚΩΝ ΗΛΕΚΤΡΟΔΙΩΝ, ΦΛΟΙΩΔΗΣ;;;;;
5888;X703679;ΚΡΑΝΙΕΚΤΟΜΗ Ή ΚΡΑΝΙΟΤΟΜΗ ΓΙΑ ΕΜΦΥΤΕΥΣΗ ΝΕΥΡΟΔΙΕΓΕΡΤΙΚΩΝ ΗΛΕΚΤΡΟΔΙΩΝ, ΕΓΚΕΦΑΛΙΚΑ, ΦΛΟΙΩΔΗ;;;;;
5889;X703685;ΣΠΕΙΡΟΕΙΔΗΣ ΤΡΥΠΑΝΙΣΜΟΣ, ΟΠΕΣ ΔΙΑΤΡΗΣΗΣ, ΚΡΑΝΙΟΤΟΜΗ Ή ΚΡΑΝΙΕΚΤΟΜΗ ΜΕ ΣΤΕΡΕΟΤΑΚΤΙΚΗ ΕΜΦΥΤΕΥΣΗ ΔΙΑΤΑΞΗΣ ΝΕΥΡΟΔΙΕΓΕΡΤΙΚΩΝ ΗΛΕΚΤΡΟΔΙΩΝ ΣΤΗΝ ΥΠΟΦΛΟΙΩΔΗ ΠΕΡΙΟΧΗ  (Π.Χ. ΘΑΛΑΜΟΣ, ΩΧΡΑ ΣΦΑΙΡΑ, ΠΥΡΗΝΑΣ ΥΠΟΘΑΛΑΜΟΥ, ΠΕΡΙΚΟΙΛΙΑΚΗ ΠΕΡΙΟΧΗ, ΦΑΙΑ ΟΥΣΙΑ ΠΕΡΙ ΤΟΝ ΥΔΡΑΓΩΓΟ ΤΟΥ SYLVIUS), ΧΩΡΙΣ ΧΡΗΣΗ ΜΙΚΡΟΗΛΕΚΤΡΟΔΙΟΥ ΚΑΤΑΓΡΑΦΗΣ ΚΑΤΑ ΤΗΝ ΧΕΙΡΟΥΡΓΙΚΗ ΕΠΕΜΒΑΣΗ, ΠΡΩΤΗ ΔΙΑΤΑΞΗ;;;;;
5890;X703687;ΣΠΕΙΡΟΕΙΔΗΣ ΤΡΥΠΑΝΙΣΜΟΣ, ΟΠΕΣ ΔΙΑΤΡΗΣΗΣ, ΚΡΑΝΙΟΤΟΜΗ Ή ΚΡΑΝΙΕΚΤΟΜΗ ΜΕ ΣΤΕΡΕΟΤΑΚΤΙΚΗ ΕΜΦΥΤΕΥΣΗ ΔΙΑΤΑΞΗΣ ΝΕΥΡΟΔΙΕΓΕΡΤΙΚΩΝ ΗΛΕΚΤΡΟΔΙΩΝ ΣΤΗΝ ΥΠΟΦΛΟΙΩΔΗ ΠΕΡΙΟΧΗ  (Π.Χ. ΘΑΛΑΜΟΣ, ΩΧΡΑ ΣΦΑΙΡΑ, ΠΥΡΗΝΑΣ ΥΠΟΘΑΛΑΜΟΥ, ΠΕΡΙΚΟΙΛΙΑΚΗ ΠΕΡΙΟΧΗ, ΦΑΙΑ ΟΥΣΙΑ ΠΕΡΙ ΤΟΝ ΥΔΡΑΓΩΓΟ ΤΟΥ SYLVIUS), ΧΩΡΙΣ ΧΡΗΣΗ ΕΝΔΟΛΕΙΤΟΥΡΓΙΚΟΥ ΜΙΚΡΟΗΛΕΚΤΡΟΔΙΟΥ ΚΑΤΑΓΡΑΦΗΣ, ΚΑΘΕ ΕΠΙΠΛΕΟΝ ΔΙΑΤΑΞΗ (ΑΝΑΓΡΑΦΕΤΑΙ ΞΕΧΩΡΙΣΤΑ ΕΠΙΠΡΟΣΘΕΤΩΣ ΤΟΥ ΚΩΔΙΚΟΥ ΤΗΣ ΑΡΧΙΚΗΣ ΔΙΑΔΙΚΑΣΙΑΣ);;;;;
5891;X703693;ΣΠΕΙΡΟΕΙΔΗΣ ΤΡΥΠΑΝΙΣΜΟΣ, ΟΠΕΣ ΔΙΑΤΡΗΣΗΣ, ΚΡΑΝΙΟΤΟΜΗ Ή ΚΡΑΝΙΕΚΤΟΜΗ ΜΕ ΣΤΕΡΕΟΤΑΚΤΙΚΗ ΕΜΦΥΤΕΥΣΗ ΔΙΑΤΑΞΗΣ ΝΕΥΡΟΔΙΕΓΕΡΤΙΚΩΝ ΗΛΕΚΤΡΟΔΙΩΝ ΣΤΗΝ ΥΠΟΦΛΟΙΩΔΗ ΠΕΡΙΟΧΗ  (Π.Χ. ΘΑΛΑΜΟΣ, ΩΧΡΑ ΣΦΑΙΡΑ, ΠΥΡΗΝΑΣ ΥΠΟΘΑΛΑΜΟΥ, ΠΕΡΙΚΟΙΛΙΑΚΗ ΠΕΡΙΟΧΗ, ΦΑΙΑ ΟΥΣΙΑ ΠΕΡΙ ΤΟΝ ΥΔΡΑΓΩΓΟ ΤΟΥ SYLVIUS), ΜΕ ΤΗ ΧΡΗΣΗ ΕΝΔΟΛΕΙΤΟΥΡΓΙΚΟΥ ΜΙΚΡΟΗΛΕΚΤΡΟΔΙΟΥ ΚΑΤΑΓΡΑΦΗΣ, ΠΡΩΤΗ ΔΙΑΤΑΞΗ;;;;;
5892;X703695;ΣΠΕΙΡΟΕΙΔΗΣ ΤΡΥΠΑΝΙΣΜΟΣ, ΟΠΕΣ ΔΙΑΤΡΗΣΗΣ, ΚΡΑΝΙΟΤΟΜΗ Ή ΚΡΑΝΙΕΚΤΟΜΗ ΜΕ ΣΤΕΡΕΟΤΑΚΤΙΚΗ ΕΜΦΥΤΕΥΣΗ ΔΙΑΤΑΞΗΣ ΝΕΥΡΟΔΙΕΓΕΡΤΙΚΩΝ ΗΛΕΚΤΡΟΔΙΩΝ ΣΤΗΝ ΥΠΟΦΛΟΙΩΔΗ ΠΕΡΙΟΧΗ  (Π.Χ. ΘΑΛΑΜΟΣ, ΩΧΡΑ ΣΦΑΙΡΑ, ΠΥΡΗΝΑΣ ΥΠΟΘΑΛΑΜΟΥ, ΠΕΡΙΚΟΙΛΙΑΚΗ ΠΕΡΙΟΧΗ, ΦΑΙΑ ΟΥΣΙΑ ΠΕΡΙ ΤΟΝ ΥΔΡΑΓΩΓΟ ΤΟΥ SYLVIUS), ΜΕ ΤΗ ΧΡΗΣΗ ΕΝΔΟΛΕΙΤΟΥΡΓΙΚΟΥ ΜΙΚΡΟΗΛΕΚΤΡΟΔΙΟΥ ΚΑΤΑΓΡΑΦΗΣ, ΚΑΘΕ ΕΠΙΠΛΕΟΝ ΔΙΑΤΑΞΗ (ΑΝΑΓΡΑΦΕΤΑΙ ΞΕΧΩΡΙΣΤΑ ΕΠΙΠΡΟΣΘΕΤΩΣ ΤΟΥ ΚΩΔΙΚΟΥ ΤΗΣ ΑΡΧΙΚΗΣ ΔΙΑΔΙΚΑΣΙΑΣ);;;;;
5893;X703699;ΚΡΑΝΙΕΚΤΟΜΗ ΓΙΑ ΕΜΦΥΤΕΥΣΗ ΝΕΥΡΟΔΙΕΓΕΡΤΙΚΩΝ ΗΛΕΚΤΡΟΔΙΩΝ, ΕΓΚΕΦΑΛΙΚΑ ΦΛΟΙΩΔΗ;;;;;
5894;X703709;ΚΡΑΝΙΕΚΤΟΜΗ ΓΙΑ ΕΜΦΥΤΕΥΣΗ ΝΕΥΡΟΔΙΕΓΕΡΤΙΚΩΝ ΗΛΕΚΤΡΟΔΙΩΝ, ΕΓΚΕΦΑΛΙΚΑ ΥΠΟΦΛΟΙΩΔΗ;;;;;
5895;X703719;ΑΝΑΘΕΩΡΗΣΗ Ή ΑΦΑΙΡΕΣΗ ΕΝΔΟΚΡΑΝΙΩΝ ΝΕΥΡΟΔΙΕΓΕΡΤΙΚΩΝ ΗΛΕΚΤΡΟΔΙΩΝ;;;;;
5896;X703729;ΕΙΣΑΓΩΓΗ Ή ΑΝΤΙΚΑΤΑΣΤΑΣΗ ΓΕΝΗΤΡΙΑΣ ΚΡΑΝΙΑΚΩΝ ΝΕΥΡΟΔΙΕΓΕΡΤΙΚΩΝ ΠΑΛΜΩΝ Ή ΔΕΚΤΗ, ΑΜΕΣΗ Ή ΕΠΑΓΩΓΙΚΗ ΣΥΖΕΥΞΗ, ΜΕ ΣΥΝΔΕΣΗ ΣΕ ΜΙΑ ΔΙΑΤΑΞΗ ΕΝΟΣ ΗΛΕΚΤΡΟΔΙΟΥ;;;;;
5897;X703731;ΕΙΣΑΓΩΓΗ Ή ΑΝΤΙΚΑΤΑΣΤΑΣΗ ΓΕΝΝΗΤΡΙΑΣ Ή ΔΕΚΤΗ ΝΕΥΡΟΔΙΕΓΕΡΤΙΚΩΝ ΠΑΛΜΩΝ ΑΜΕΣΗ Ή ΕΠΑΓΩΓΙΚΗ ΣΥΖΕΥΞΗ, ΜΕ ΣΥΝΔΕΣΗ ΣΕ ΔΙΑΤΑΞΕΙΣ ΔΥΟ Ή ΠΕΡΙΣΣΟΤΕΡΩΝ ΗΛΕΚΤΡΟΔΙΩΝ;;;;;
5898;X703735;ΑΝΑΘΕΩΡΗΣΗ Ή ΑΦΑΙΡΕΣΗ ΓΕΝΝΗΤΡΙΑΣ Ή ΔΕΚΤΗ ΚΡΑΝΙΑΚΩΝ ΝΕΥΡΟΔΙΕΓΕΡΤΙΚΩΝ ΠΑΛΜΩΝ;;;;;
5899;X703959;ΑΠΟΚΑΤΑΣΤΑΣΗ ΕΜΠΙΕΣΤΙΚΟΥ ΚΡΑΝΙΑΚΟΥ ΚΑΤΑΓΜΑΤΟΣ, ΑΠΛΗ, ΕΞΩΣΚΛΗΡΙΔΙΑ;;;;;
5900;X703969;ΑΠΟΚΑΤΑΣΤΑΣΗ ΕΜΠΙΕΣΤΙΚΟΥ ΚΡΑΝΙΑΚΟΥ ΚΑΤΑΓΜΑΤΟΣ, ΣΥΝΘΕΤΟ Ή ΘΡΥΜΜΑΤΙΣΜΕΝΟ ΕΞΩΣΚΛΗΡΙΔΙΑ;;;;;
5901;X703979;ΑΠΟΚΑΤΑΣΤΑΣΗ ΕΜΠΙΕΣΤΙΚΟΥ ΚΡΑΝΙΑΚΟΥ ΚΑΤΑΓΜΑΤΟΣ, ΜΕ ΑΠΟΚΑΤΑΣΤΑΣΗ ΤΗΣ ΣΚΛΗΡΗΣ ΜΗΝΙΓΓΑΣ ΚΑΙ/Ή ΑΦΑΙΡΕΣΗ ΝΕΚΡΩΜΕΝΩΝ ΙΣΤΩΝ ΕΓΚΕΦΑΛΟΥ;;;;;
5902;X704159;ΚΡΑΝΙΟΤΟΜΙΑ ΓΙΑ ΑΠΟΚΑΤΑΣΤΑΣΗ ΣΚΛΗΡΗΣ ΜΗΝΙΓΓΑΣ/ΔΙΑΦΥΓΗΣ ΕΓΚΕΦΑΛΟΝΩΤΙΑΙΟΥ ΥΓΡΟΥ, ΠΕΡΙΛΑΜΒΑΝΟΜΕΝΗΣ ΧΕΙΡΟΥΡΓΙΚΗΣ ΕΠΕΜΒΑΣΗΣ ΓΙΑ ΡΙΝΟΡΡΟΙΑ/ΩΤΟΡΡΟΙΑ;;;;;
5903;X704189;ΜΕΙΩΣΗ (ΚΡΑΝΙΟΜΕΓΑΛΙΚΟΥ) ΚΡΑΝΙΟΥ (Π.Χ. ΘΕΡΑΠΕΥΜΕΝΟ ΥΔΡΟΚΕΦΑΛΟ),  ΠΟΥ ΔΕΝ ΑΠΑΙΤΕΙ ΟΣΤΙΚΑ ΜΟΣΧΕΥΜΑΤΑ Ή ΚΡΑΝΙΟΠΛΑΣΤΙΚΗ;;;;;
5904;X704191;ΜΕΙΩΣΗ (ΚΡΑΝΙΟΜΕΓΑΛΙΚΟΥ ΚΡΑΝΙΟΥ) (Π.Χ. ΘΕΡΑΠΕΥΜΕΝΟ ΥΔΡΟΚΕΦΑΛΟ), ΜΕ ΑΠΛΗ ΚΡΑΝΙΟΠΛΑΣΤΙΚΗ;;;;;
5905;X704193;ΜΕΙΩΣΗ ΚΡΑΝΙΟΜΕΓΑΛΙΚΟΥ ΚΡΑΝΙΟΥ (Π.Χ. ΘΕΡΑΠΕΥΜΕΝΟ ΥΔΡΟΚΕΦΑΛΟ), ΠΟΥ ΑΠΑΙΤΕΙ ΚΡΑΝΙΟΤΟΜΗ ΚΑΙ ΑΝΑΚΑΤΑΣΚΕΥΗ ΜΕ Ή ΧΩΡΙΣ ΟΣΤΙΚΟ ΜΟΣΧΕΥΜΑ (ΠΕΡΙΛΑΜΒΑΝΕΙ ΤΗ ΛΗΨΗ ΜΟΣΧΕΥΜΑΤΩΝ);;;;;
5906;X704199;ΑΠΟΚΑΤΑΣΤΑΣΗ ΕΓΚΕΦΑΛΟΚΗΛΗΣ, ΚΡΑΝΙΑΚΟΥ ΘΟΛΟΥ, ΠΕΡΙΛΑΜΒΑΝΟΜΕΝΗΣ ΚΡΑΝΙΟΠΛΑΣΤΙΚΗΣ;;;;;
5907;X704201;ΚΡΑΝΙΟΤΟΜΙΑ ΓΙΑ ΑΠΟΚΑΤΑΣΤΑΣΗ ΤΗΣ ΕΓΚΕΦΑΛΟΚΗΛΗΣ,;;;;;
5908;X704239;ΚΡΑΝΙΟΠΛΑΣΤΙΚΗ ΓΙΑ ΚΡΑΝΙΑΚΟ ΕΛΛΕΙΜΑ, ΔΙΑΜΕΤΡΟΥ ΕΩΣ ΚΑΙ 5 CM;;;;;
5909;X704241;ΚΡΑΝΙΟΠΛΑΣΤΙΚΗ ΓΙΑ ΚΡΑΝΙΑΚΟ ΕΛΛΕΙΜΑ, ΔΙΑΜΕΤΡΟΥ ΜΕΓΑΛΥΤΕΡΗΣ ΤΩΝ 5 CM;;;;;
5910;X704243;ΑΦΑΙΡΕΣΗ ΟΣΤΙΚΟΥ ΚΡΗΜΝΟΥ Ή ΠΡΟΣΘΕΤΙΚΗΣ ΚΡΑΝΙΑΚΗΣ ΠΛΑΚΑΣ;;;;;
5911;X704245;ΑΝΤΙΚΑΤΑΣΤΑΣΗ ΟΣΤΙΚΟΥ ΚΡΗΜΝΟΥ Ή ΠΡΟΣΘΕΤΙΚΗΣ ΚΡΑΝΙΑΚΗΣ ΠΛΑΚΑΣ;;;;;
5912;X704249;ΚΡΑΝΙΟΠΛΑΣΤΙΚΗ ΓΙΑ ΚΡΑΝΙΑΚΟ ΕΛΛΕΙΜΑ ΜΕ ΧΕΙΡΟΥΡΓΙΚΗ ΕΠΕΜΒΑΣΗ ΑΠΟΚΑΤΑΣΤΑΣΗΣ ΕΓΚΕΦΑΛΟΥ;;;;;
5913;X704251;ΚΡΑΝΙΟΠΛΑΣΤΙΚΗ ΜΕ ΑΥΤΟΛΟΓΟ ΜΟΣΧΕΥΜΑ (ΠΕΡΙΛΑΜΒΑΝΕΙ ΛΗΨΗ ΟΣΤΙΚΩΝ ΜΟΣΧΕΥΜΑΤΩΝ), ΔΙΑΜΕΤΡΟΥ ΕΩΣ ΚΑΙ 5 CM;;;;;
5914;X704253;ΚΡΑΝΙΟΠΛΑΣΤΙΚΗ ΜΕ ΑΥΤΟΛΟΓΟ ΜΟΣΧΕΥΜΑ (ΠΕΡΙΛΑΜΒΑΝΕΙ ΛΗΨΗ ΟΣΤΙΚΩΝ ΜΟΣΧΕΥΜΑΤΩΝ), ΔΙΑΜΕΤΡΟΥ ΜΕΓΑΛΥΤΕΡΗΣ ΤΩΝ 5CM;;;;;
5915;X704255;ΤΟΜΗ ΚΑΙ ΛΗΨΗ ΥΠΟΔΕΡΜΙΚΟΥ ΜΟΣΧΕΥΜΑΤΟΣ ΚΡΑΝΙΑΚΟΥ ΟΣΤΟΥ ΓΙΑ ΚΡΑΝΙΟΠΛΑΣΤΙΚΗ (ΚΑΤΑΓΡΑΦΕΤΑΙ ΞΕΧΩΡΙΣΤΑ ΕΠΙΠΛΕΟΝ ΤΟΥ ΚΩΔΙΚΟΥ ΤΗΣ ΑΡΧΙΚΗΣ ΔΙΑΔΙΚΑΣΙΑΣ);;;;;
5916;X704279;ΝΕΥΡΟΕΝΔΟΣΚΟΠΗΣΗ, ΕΝΔΟΚΡΑΝΙΑΚΗ, ΓΙΑ ΤΟΠΟΘΕΤΗΣΗ Ή ΑΝΤΙΚΑΤΑΣΤΑΣΗ ΚΟΙΛΙΑΚΟΥ ΚΑΘΕΤΗΡΑ ΚΑΙ ΣΥΝΔΕΣΗΗ ΣΤΟ ΣΥΣΤΗΜΑ ΑΝΑΣΤΟΜΩΣΗΣ Ή ΕΞΩΤΕΡΙΚΗΣ ΠΑΡΟΧΕΤΕΥΣΗΣ (ΚΑΤΑΓΡΑΦΕΤΑΙ ΞΕΧΩΡΙΣΤΑ ΕΠΙΠΛΕΟΝ ΤΟΥ ΚΩΔΙΚΟΥ ΤΗΣ ΑΡΧΙΚΗΣ ΔΙΑΔΙΚΑΣΙΑΣ);;;;;
5917;X704281;ΝΕΥΡΟΕΝΔΟΣΚΟΠΗΣΗ, ΕΝΔΟΚΡΑΝΙΑΚΗ. ΜΕ ΔΙΑΝΟΙΞΗ ΤΩΝ ΣΥΜΦΥΣΕΩΝ, ΘΥΡΙΔΟΠΟΙΗΣΗ ΔΙΑΦΑΝΟΥΣ ΔΙΑΦΡΑΓΜΑΤΟΣ ΤΟΥ ΕΓΚΕΦΑΛΟΥ Ή ΕΝΔΟΚΟΙΛΙΑΚΩΝ ΚΥΣΤΩΝ (ΣΥΜΠΕΡΙΛΑΜΒΑΝΟΜΕΝΗΣ ΤΗΣ ΤΟΠΟΘΕΤΗΣΗΣ, ΑΝΤΙΚΑΤΑΣΤΑΣΗΣ Ή ΑΦΑΙΡΕΣΗΣ ΚΟΙΛΙΑΚΟΥ ΚΑΘΕΤΗΡΑ);;;;;
5918;X704283;ΝΕΥΡΟΕΝΔΟΣΚΟΠΗΣΗ, ΕΝΔΟΚΡΑΝΙΑΚΗ. ΜΕ ΘΥΡΙΔΟΠΟΙΗΣΗ Ή ΔΙΑΝΟΙΞΗ ΚΟΛΛΟΕΙΔΟΥΣ  ΚΥΣΤΗΣ, ΣΥΜΠΕΡΙΛΑΜΒΑΝΟΜΕΝΗΣ ΤΗΣ ΤΟΠΟΘΕΤΗΣΗΣ ΕΞΩΤΕΡΙΚΟΥ ΚΟΙΛΙΑΚΟΥ ΚΑΘΕΤΗΡΑ ΓΙΑ ΠΑΡΟΧΕΤΕΥΣΗ;;;;;
5919;X704285;ΝΕΥΡΟΕΝΔΟΣΚΟΠΗΣΗ, ΕΝΔΟΚΡΑΝΙΑΚΗ. ΜΕ ΑΦΑΙΡΕΣΗ ΞΕΝΟΥ ΣΩΜΑΤΟΣ;;;;;
5920;X704287;ΝΕΥΡΟΕΝΔΟΣΚΟΠΗΣΗ, ΕΝΔΟΚΡΑΝΙΑΚΗ. ΜΕ ΕΚΤΟΜΗ ΕΓΚΕΦΑΛΙΚΟΥ ΟΓΚΟΥ, ΣΥΜΠΕΡΙΛΑΜΒΑΝΟΜΕΝΗΣ ΤΗΣ ΤΟΠΟΘΕΤΗΣΗΣ ΚΟΙΛΙΑΚΟΥ ΚΑΘΕΤΗΡΑ ΓΙΑ ΠΑΡΟΧΕΤΕΥΣΗ;;;;;
5921;X704289;ΝΕΥΡΟΕΝΔΟΣΚΟΠΗΣΗ, ΕΝΔΟΚΡΑΝΙΑΚΗ. ΜΕ ΕΚΤΟΜΗ ΥΠΟΦΥΣΙΑΚΟΥ ΟΓΚΟΥ, ΔΙΑΡΙΝΙΚΗ Ή ΔΙΑ-ΣΦΗΝΟΕΙΔΙΚΗ ΠΡΟΣΠΕΛΑΣΗ;;;;;
5922;X704319;ΚΟΙΛΙΟ-ΔΕΞΑΜΕΝΙΚΗ ΕΠΙΚΟΙΝΩΝΙΑ (ΕΠΕΜΒΑΣΗ ΤΥΠΟΥ TORKILDSEN);;;;;
5923;X704339;ΔΗΜΙΟΥΡΓΙΑ ΠΑΡΑΚΑΜΨΗΣ. ΥΠΟΑΡΑΧΝΟΕΙΔΙΚΗ/ΥΠΟΣΚΛΗΡΙΔΙΑ - ΚΟΛΠΙΚΗ, -ΣΦΑΓΙΤΙΔΙΚΗ, -ΩΤΙΚΗ;;;;;
5924;X704343;ΔΗΜΙΟΥΡΓΙΑ ΠΑΡΑΚΑΜΨΗΣ. ΥΠΟΑΡΑΧΝΟΕΙΔΙΚΗ/ΥΠΟΣΚΛΗΡΙΔΙΑ-ΠΕΡΙΤΟΝΕΪΚΗ, -ΠΛΕΥΡΙΚΗ, ΑΛΛΗ ΠΕΡΙΟΧΗ ΚΑΤΑΛΗΞΗΣ;;;;;
5925;X704347;ΑΝΤΙΚΑΤΑΣΤΑΣΗ Ή ΕΚΠΛΥΣΗ, ΥΠΟΑΡΑΧΝΟΕΙΔΙΚΟΣ/ΥΠΟΔΟΡΙΟΣ ΚΑΘΕΤΗΡΑΣ;;;;;
5926;X704359;ΚΟΙΛΙΟ-ΔΕΞΑΜΕΝΙΚΗ ΕΠΙΚΟΙΝΩΝΙΑ, ΤΡΙΤΗ ΚΟΙΛΙΑ;;;;;
5927;X704361;ΚΟΙΛΙΟ-ΔΕΞΑΜΕΝΙΚΗ ΕΠΙΚΟΙΝΩΝΙΑ, ΤΡΙΤΗ ΚΟΙΛΙΑ, ΣΤΕΡΕΟΤΑΚΤΙΚΗ, ΝΕΥΡΟΕΝΔΟΣΚΟΠΙΚΗ ΜΕΘΟΔΟΣ;;;;;
5928;X704399;ΔΗΜΙΟΥΡΓΙΑ ΠΑΡΑΚΑΜΨΗΣ. ΚΟΙΛΙΟ- ΚΟΛΠΙΚΗ, -ΣΦΡΑΓΙΔΙΤΙΚΗ, -ΩΤΙΚΗ;;;;;
5929;X704405;ΔΗΜΙΟΥΡΓΙΑ ΠΑΡΑΚΑΜΨΗΣ. ΚΟΙΛΙΟ-ΠΕΡΙΤΟΝΕΪΚΗ, -ΠΛΕΥΡΙΚΗ, ΑΛΛΗ ΠΕΡΙΟΧΗ ΚΑΤΑΛΗΞΗΣ;;;;;
5930;X704409;ΑΝΤΙΚΑΤΑΣΤΑΣΗ Ή ΕΚΠΛΥΣΗ, ΚΟΙΛΙΑΚΟΣ ΚΑΘΕΤΗΡΑΣ;;;;;
5931;X704419;ΑΝΤΙΚΑΤΑΣΤΑΣΗ Ή ΑΝΑΘΕΩΡΗΣΗ ΠΑΡΑΚΑΜΨΗΣ ΕΓΚΕΦΑΛΟΝΩΤΙΑΙΟΥ ΥΓΡΟΥ, ΑΠΟΦΡΑΓΜΕΝΗ ΒΑΛΒΙΔΑ, Ή ΠΕΡΙΦΕΡΙΚΟΣ ΚΑΘΕΤΗΡΑΣ ΣΕ ΣΥΣΤΗΜΑ ΠΑΡΑΚΑΜΨΗΣ;;;;;
5932;X704463;ΕΠΑΝΑΠΡΟΓΡΑΜΜΑΤΙΣΜΟΣ Ή ΠΡΟΓΡΑΜΜΑΤΙΣΙΜΗ ΕΓΚΕΦΑΛΟΝΩΤΙΑΙΑ ΠΑΡΑΚΑΜΨΗ;;;;;
5933;X704471;ΑΦΑΙΡΕΣΗ ΠΛΗΡΟΥΣ ΣΥΣΤΗΜΑΤΟΣ ΠΑΡΑΚΑΜΨΗΣ ΕΓΚΕΦΑΛΟΝΩΤΙΑΙΟΥ ΥΓΡΟΥ. ΧΩΡΙΣ ΑΝΤΙΚΑΤΑΣΤΑΣΗ;;;;;
5934;X704475;ΑΦΑΙΡΕΣΗ ΠΛΗΡΟΥΣ ΣΥΣΤΗΜΑΤΟΣ ΠΑΡΑΚΑΜΨΗΣ ΕΓΚΕΦΑΛΟΝΩΤΙΑΙΟΥ ΥΓΡΟΥ. ΜΕ ΑΝΤΙΚΑΤΑΣΤΑΣΗ ΜΕ ΠΑΡΟΜΟΙΑ Ή ΑΛΛΗ ΠΑΡΑΚΑΜΨΗ ΣΤΗΝ ΙΔΙΑ ΕΠΕΜΒΑΣΗ;;;;;
5935;X704485;ΔΙΑΔΕΡΜΙΚΗ ΛΥΣΗ ΕΠΙΣΚΛΗΡΙΔΙΩΝ ΣΥΜΦΥΣΕΩΝ ΜΕ ΤΗ ΧΡΗΣΗ ΕΝΕΣΗΣ ΔΙΑΛΥΜΑΤΟΣ (Π.Χ. ΥΠΕΡΤΟΝΟΣ ΦΥΣΙΟΛΟΓΙΚΟΣ ΟΡΟΣ, ΕΝΖΥΜΟ) Ή ΑΛΛΟΥ ΜΗΧΑΝΙΚΟΥ ΜΕΣΟΥ (Π.Χ. ΚΑΘΕΤΗΡΑ)  ΣΥΜΠΕΡΙΛΑΜΒΑΝΟΜΕΝΟΥ ΑΚΤΙΝΟΛΟΓΙΚΟΥ ΕΝΤΟΠΙΣΜΟΥ (ΠΕΡΙΛΑΜΒΑΝΕΙ ΣΚΙΑΓΡΑΦΙΚΟ ΥΛΙΚΟ ΟΤΑΝ ΧΡΗΣΙΜΟΠΟΙΕΙΤΑΙ), ΠΟΛΛΑΠΛΕΣ ΣΥΝΕΔΡΙΕΣ ΛΥΣΗΣ ΣΥΜΦΥΣΕΩΝ. 2 Ή ΠΕΡΙΣΣΟΤΕΡΕΣ ΗΜΕΡΕΣ;;;;;
5936;X704487;ΔΙΑΔΕΡΜΙΚΗ ΛΥΣΗ ΕΠΙΣΚΛΗΡΙΔΙΩΝ ΣΥΜΦΥΣΕΩΝ ΜΕ ΤΗ ΧΡΗΣΗ ΕΝΕΣΗΣ ΔΙΑΛΥΜΑΤΟΣ (Π.Χ. ΥΠΕΡΤΟΝΟΣ ΦΥΣΙΟΛΟΓΙΚΟΣ ΟΡΟΣ, ΕΝΖΥΜΟ) Ή ΑΛΛΟΥ ΜΗΧΑΝΙΚΟΥ ΜΕΣΟΥ (Π.Χ. ΚΑΘΕΤΗΡΑ)  ΣΥΜΠΕΡΙΛΑΜΒΑΝΟΜΕΝΟΥ ΑΚΤΙΝΟΛΟΓΙΚΟΥ ΕΝΤΟΠΙΣΜΟΥ (ΠΕΡΙΛΑΜΒΑΝΕΙ ΣΚΙΑΓΡΑΦΙΚΟ ΥΛΙΚΟ ΟΤΑΝ ΧΡΗΣΙΜΟΠΟΙΕΙΤΑΙ), ΠΟΛΛΑΠΛΕΣ ΣΥΝΕΔΡΙΕΣ ΛΥΣΗΣ ΣΥΜΦΥΣΕΩΝ. 1 ΗΜΕΡΑ;;;;;
5937;X704493;ΔΙΑΔΕΡΜΙΚΗ ΑΝΑΡΡΟΦΗΣΗ ΕΝΤΟΣ ΤΟΥ ΠΟΛΦΙΚΟΥ ΠΥΡΗΝΑ, ΕΝΔΟΣΠΟΝΔΥΛΙΚΟΣ ΔΙΣΚΟΣ Ή ΠΑΡΑΣΠΟΝΔΥΛΙΚΟΣ ΙΣΤΟΣ ΓΙΑ ΔΙΑΓΝΩΣΤΙΚΟΥΣ ΣΚΟΠΟΥΣ;;;;;
5938;X704495;ΔΙΑΔΕΡΜΙΚΗ ΑΝΑΡΡΟΦΗΣΗ, ΚΥΣΤΗ ΣΠΟΝΔΥΛΙΚΗΣ ΣΤΗΛΗΣ Ή ΣΥΡΙΓΓΙΟ;;;;;
5939;X704497;ΒΙΟΨΙΑ ΣΠΟΝΔΥΛΙΚΗΣ ΣΤΗΛΗΣ, ΔΙΑΔΕΡΜΙΚΗ ΒΕΛΟΝΗ;;;;;
5940;X704499;ΣΠΟΝΔΥΛΙΚΗ ΠΑΡΑΚΕΝΤΗΣΗ, ΟΣΦΥΪΚΗ, ΔΙΑΓΝΩΣΤΙΚΗ;;;;;
5941;X704503;ΣΠΟΝΔΥΛΙΚΗ ΠΑΡΑΚΕΝΤΗΣΗ, ΘΕΡΑΠΕΥΤΙΚΗ ΓΙΑ ΠΑΡΟΧΕΤΕΥΣΗ ΕΓΚΕΦΑΛΟΝΩΤΙΑΙΟΥ ΥΓΡΟΥ (ΜΕ ΒΕΛΟΝΑ Ή ΚΑΘΕΤΗΡΑ);;;;;
5942;X704505;ΕΝΕΣΗ, ΕΠΙΣΚΛΗΡΙΔΙΟΣ, ΣΕ ΑΙΜΑΤΩΜΑ Ή ΘΡΟΜΒΟ;;;;;
5943;X704519;ΕΝΕΣΗ/ΕΓΧΥΣΗ ΝΕΥΡΟΛΥΤΙΚΗΣ ΟΥΣΙΑΣ (Π.Χ. ΟΙΝΟΠΝΕΥΜΑ, ΦΑΙΝΟΛΗ, ΠΑΓΩΜΕΝΑ ΔΙΑΛΥΜΑΤΑ ΦΥΣΙΟΛΟΓΙΚΟΥ ΟΡΟΥ), ΜΕ Ή ΧΩΡΙΣ ΑΛΛΗ ΘΕΡΑΠΕΥΤΙΚΗ ΟΥΣΙΑ. ΥΠΟ-ΑΡΑΧΝΟΕΙΔΗΣ;;;;;
5944;X704521;ΕΝΕΣΗ/ΕΓΧΥΣΗ ΝΕΥΡΟΛΥΤΙΚΗΣ ΟΥΣΙΑΣ (Π.Χ. ΟΙΝΟΠΝΕΥΜΑ, ΦΑΙΝΟΛΗ, ΠΑΓΩΜΕΝΑ ΔΙΑΛΥΜΑΤΑ ΦΥΣΙΟΛΟΓΙΚΟΥ ΟΡΟΥ), ΜΕ Ή ΧΩΡΙΣ ΑΛΛΗ ΘΕΡΑΠΕΥΤΙΚΗ ΟΥΣΙΑ. ΕΠΙΣΚΛΗΡΙΔΙΟΣ, ΑΥΧΕΝΙΚΗ Ή ΘΩΡΑΚΙΚΗ;;;;;
5945;X704523;ΕΝΕΣΗ/ΕΓΧΥΣΗ ΝΕΥΡΟΛΥΤΙΚΗΣ ΟΥΣΙΑΣ (Π.Χ. ΟΙΝΟΠΝΕΥΜΑ, ΦΑΙΝΟΛΗ, ΠΑΓΩΜΕΝΑ ΔΙΑΛΥΜΑΤΑ ΦΥΣΙΟΛΟΓΙΚΟΥ ΟΡΟΥ), ΜΕ Ή ΧΩΡΙΣ ΑΛΛΗ ΘΕΡΑΠΕΥΤΙΚΗ ΟΥΣΙΑ. ΕΠΙΣΚΛΗΡΙΔΙΟΣ, ΟΣΦΥΪΚΗ, ΙΕΡΟΚΟΚΚΥΓΙΚΗ (ΟΥΡΑΙΑ);;;;;
5946;X704527;ΔΙΑΔΙΚΑΣΙΑ ΕΓΧΥΣΗΣ ΓΙΑ ΜΥΕΛΟΓΡΑΦΙΑ ΚΑΙ/Ή ΑΞΟΝΙΚΗ ΤΟΜΟΓΡΑΦΙΑ, ΣΠΟΝΔΥΛΙΚΗ (ΕΚΤΟΣ ΑΠΟ Α1-Α2 ΚΑΙ ΟΠΙΣΘΙΟ ΒΟΘΡΟ);;;;;
5947;X704533;ΑΠΟΣΥΜΠΙΕΣΗ, ΔΙΑΔΕΡΜΙΚΗ, ΤΟΥ ΠΗΚΤΟΕΙΔΟΥΣ ΠΥΡΗΝΑ ΤΟΥ ΜΕΣΟΣΠΟΝΔΥΛΙΟΥ ΔΙΣΚΟΥ, ΟΠΟΙΑΔΉΠΟΤΕ ΜΕΘΟΔΟΣ, ΕΝΑ Ή ΠΟΛΛΑΠΛΑ ΕΠΙΠΕΔΑ, ΟΣΦΥΪΚΗ (Π.Χ. ΑΥΤΟΜΑΤΟΠΟΙΗΜΕΝΗ Ή ΜΗ ΔΙΑΔΕΡΜΙΚΗ ΔΙΣΚΕΚΤΟΜΗ, ΔΙΑΔΕΡΜΙΚΗ ΔΙΣΚΕΚΤΟΜΗ ΜΕ ΛΕΪΖΕΡ);;;;;
5948;X704539;ΔΙΑΔΙΚΑΣΙΑ ΕΝΕΣΗΣ ΓΙΑ ΔΙΣΚΟΓΡΑΦΙΑ, ΚΑΘΕ ΕΠΙΠΕΔΟ. ΟΣΦΥΪΚΗ;;;;;
5949;X704541;ΔΙΑΔΙΚΑΣΙΑ ΕΝΕΣΗΣ ΓΙΑ ΔΙΣΚΟΓΡΑΦΙΑ, ΚΑΘΕ ΕΠΙΠΕΔΟ. ΑΥΧΕΝΙΚΗ Ή ΘΩΡΑΚΙΚΗ;;;;;
5950;X704543;ΔΙΑΔΙΚΑΣΙΑ ΕΝΕΣΗΣ ΓΙΑ ΧΗΜΙΚΗ ΛΥΣΗ ΠΗΚΤΟΕΙΔΟΥΣ ΠΥΡΗΝΑ, ΣΥΜΠΕΡΙΛΑΜΒΑΝΟΜΕΝΗΣ ΤΗΣ ΑΠΕΙΚΟΝΙΣΗΣ ΔΙΣΚΟΥ,  ΜΕΣΟΣΠΟΝΔΥΛΙΟΣ ΔΙΣΚΟΣ, ΕΝΑ Ή ΠΟΛΛΑΠΛΑ ΕΠΙΠΕΔΑ, ΟΣΦΥΪΚΗ;;;;;
5951;X704547;ΔΙΑΔΙΚΑΣΙΑ ΕΝΕΣΗΣ, ΑΡΤΗΡΙΑΚΗ, ΓΙΑ ΑΠΟΦΡΑΞΗ ΑΡΤΗΡΙΟΦΛΕΒΙΚΗΣ ΔΥΣΠΛΑΣΙΑΣ, ΣΠΟΝΔΥΛΙΚΗ;;;;;
5952;X704579;ΕΝΕΣΗ, ΜΕΜΟΝΩΜΕΝΗ (ΟΧΙ ΜΕΣΩ ΜΟΝΙΜΟΥ ΚΑΘΕΤΗΡΑ), ΠΟΥ ΔΕΝ ΠΕΡΙΛΑΜΒΑΝΕΙ ΝΕΥΡΟΛΥΤΙΚΕΣ ΟΥΣΙΕΣ, ΜΕ Ή ΧΩΡΙΣ ΣΚΙΑΓΡΑΦΙΚΟ ΜΕΣΟ (ΓΙΑ  ΕΝΤΟΠΙΣΜΟ Ή ΕΠΙΣΚΛΗΡΙΔΙΟΓΡΑΦΙΑ), ΔΙΑΓΝΩΣΤΙΚΗΣ Ή ΘΕΡΑΠΕΥΤΙΚΗΣ  ΟΥΣΙΑΣ (ΣΥΜΠΕΡΙΛΑΜΒΑΝΟΜΕΝΟΥ ΑΝΑΙΣΘΗΤΙΚΟΥ, ΣΠΑΣΜΟΛΥΤΙΚΟΥ, ΟΠΙΟΕΙΔΟΥΣ, ΣΤΕΡΟΕΙΔΟΥΣ, Ή  ΑΛΛΟΥ ΔΙΑΛΥΜΑΤΟΣ), ΕΠΙΣΚΛΗΡΙΔΙΟΣ Ή ΥΠΟΑΡΑΧΝΟΕΙΔΙΚΗ. ΑΥΧΕΝΙΚΗ Ή ΘΩΡΑΚΙΚΗ;;;;;
5953;X704581;ΕΝΕΣΗ, ΜΕΜΟΝΩΜΕΝΗ (ΟΧΙ ΜΕΣΩ ΜΟΝΙΜΟΥ ΚΑΘΕΤΗΡΑ), ΠΟΥ ΔΕΝ ΠΕΡΙΛΑΜΒΑΝΕΙ ΝΕΥΡΟΛΥΤΙΚΕΣ ΟΥΣΙΕΣ, ΜΕ Ή ΧΩΡΙΣ ΣΚΙΑΓΡΑΦΙΚΟ ΜΕΣΟ (ΓΙΑ  ΕΝΤΟΠΙΣΜΟ Ή ΕΠΙΣΚΛΗΡΙΔΙΟΓΡΑΦΙΑ), ΔΙΑΓΝΩΣΤΙΚΗΣ Ή ΘΕΡΑΠΕΥΤΙΚΗΣ  ΟΥΣΙΑΣ (ΣΥΜΠΕΡΙΛΑΜΒΑΝΟΜΕΝΟΥ ΑΝΑΙΣΘΗΤΙΚΟΥ, ΣΠΑΣΜΟΛΥΤΙΚΟΥ, ΟΠΙΟΕΙΔΟΥΣ, ΣΤΕΡΟΕΙΔΟΥΣ, Ή  ΑΛΛΟΥ ΔΙΑΛΥΜΑΤΟΣ), ΕΠΙΣΚΛΗΡΙΔΙΟΣ Ή ΥΠΟΑΡΑΧΝΟΕΙΔΙΚΗ. ΟΣΦΥΪΚΗ, ΙΕΡΑ (ΟΥΡΑΙΑ);;;;;
5954;X704595;ΕΝΕΣΗ, ΣΥΜΠΕΡΙΛΑΜΒΑΝΟΜΕΝΗΣ ΤΗΣ ΤΟΠΟΘΕΤΗΣΗΣ ΚΑΘΕΤΗΡΑ, ΣΥΝΕΧΗΣ ΕΓΧΥΣΗ Ή ΠΕΡΙΟΔΙΚΗ ΤΑΧΕΙΑ ΕΓΧΥΣΗ, ΠΟΥ ΔΕΝ ΠΕΡΙΛΑΜΒΑΝΕΙ ΝΕΥΡΟΛΥΤΙΚΕΣ ΟΥΣΙΕΣ, ΜΕ Ή  ΧΩΡΙΣ ΣΚΙΑΓΡΑΦΙΚΟ ΥΛΙΚΟ (ΓΙΑ ΕΝΤΟΠΙΣΜΟ Ή ΓΙΑ ΕΠΙΣΚΛΗΡΙΔΙΟΓΡΑΦΙΑ),  ΔΙΑΓΝΩΣΤΙΚΗΣ Ή ΘΕΡΑΠΕΥΤΙΚΗΣ ΟΥΣΙΑΣ (ΣΥΜΠΕΡΙΛΑΜΒΑΝΟΜΕΝΟΥ ΑΝΑΙΣΘΗΤΙΚΟΥ ΣΠΑΣΜΟΛΥΤΙΚΟΥ, ΟΠΙΟΕΙΔΟΥΣ, ΣΤΕΡΟΕΙΔΟΥΣ Ή ΑΛΛΟΥ ΔΙΑΛΥΜΑΤΟΣ), ΕΠΙΣΚΛΗΡΙΔΙΟΣ Ή ΥΠΟΑΡΑΧΝΟΕΙΔΙΚΗ. ΑΥΧΕΝΙΚΗ Ή ΘΩΡΑΚΙΚΗ;;;;;
5955;X704597;ΕΝΕΣΗ, ΣΥΜΠΕΡΙΛΑΜΒΑΝΟΜΕΝΗΣ ΤΗΣ ΤΟΠΟΘΕΤΗΣΗΣ ΚΑΘΕΤΗΡΑ, ΣΥΝΕΧΗΣ ΕΓΧΥΣΗ Ή ΠΕΡΙΟΔΙΚΗ ΤΑΧΕΙΑ ΕΓΧΥΣΗ, ΠΟΥ ΔΕΝ ΠΕΡΙΛΑΜΒΑΝΕΙ ΝΕΥΡΟΛΥΤΙΚΕΣ ΟΥΣΙΕΣ, ΜΕ Ή  ΧΩΡΙΣ ΣΚΙΑΓΡΑΦΙΚΟ ΥΛΙΚΟ (ΓΙΑ ΕΝΤΟΠΙΣΜΟ Ή ΓΙΑ ΕΠΙΣΚΛΗΡΙΔΙΟΓΡΑΦΙΑ),  ΔΙΑΓΝΩΣΤΙΚΗΣ Ή ΘΕΡΑΠΕΥΤΙΚΗΣ ΟΥΣΙΑΣ (ΣΥΜΠΕΡΙΛΑΜΒΑΝΟΜΕΝΟΥ ΑΝΑΙΣΘΗΤΙΚΟΥ ΣΠΑΣΜΟΛΥΤΙΚΟΥ, ΟΠΙΟΕΙΔΟΥΣ, ΣΤΕΡΟΕΙΔΟΥΣ Ή ΑΛΛΟΥ ΔΙΑΛΥΜΑΤΟΣ), ΕΠΙΣΚΛΗΡΙΔΙΟΣ Ή ΥΠΟΑΡΑΧΝΟΕΙΔΙΚΗ. ΟΣΦΥΪΚΗ, ΙΕΡΑΥ (ΟΥΡΑΙΑ);;;;;
5956;X704659;ΕΜΦΥΤΕΥΣΗ, ΑΝΑΘΕΩΡΗΣΗ Ή ΕΠΑΝΑΤΟΠΟΘΕΤΗΣΗ ΚΟΙΛΙΟΥ ΕΝΔΟΘΗΚΙΚΟΥ Ή  ΕΞΩΣΚΛΗΡΙΔΙΟΥ ΚΑΘΕΤΗΡΑ ΓΙΑ ΜΑΚΡΟΠΡΟΘΕΣΜΗ ΔΙΑΧΕΙΡΙΣΗ ΘΕΡΑΠΕΙΑΣ ΜΕΣΩ ΜΙΑΣ ΕΞΩΤΕΡΙΚΗΣ ΑΝΤΛΙΑΣ Ή ΕΜΦΥΤΕΣΙΜΟΥ ΔΟΧΕΙΟΥ/ΑΝΤΛΙΑΣ ΕΓΧΥΣΗΣ. ΧΩΡΙΣ ΠΕΤΑΛΕΚΤΟΜΗ;;;;;
5957;X704661;ΕΜΦΥΤΕΥΣΗ, ΑΝΑΘΕΩΡΗΣΗ Ή ΕΠΑΝΑΤΟΠΟΘΕΤΗΣΗ ΚΟΙΛΙΟΥ ΕΝΔΟΘΗΚΙΚΟΥ Ή  ΕΞΩΣΚΛΗΡΙΔΙΟΥ ΚΑΘΕΤΗΡΑ ΓΙΑ ΜΑΚΡΟΠΡΟΘΕΣΜΗ ΔΙΑΧΕΙΡΙΣΗ ΘΕΡΑΠΕΙΑΣ ΜΕΣΩ ΜΙΑΣ ΕΞΩΤΕΡΙΚΗΣ ΑΝΤΛΙΑΣ Ή ΕΜΦΥΤΕΣΙΜΟΥ ΔΟΧΕΙΟΥ/ΑΝΤΛΙΑΣ ΕΓΧΥΣΗΣ. ΜΕ ΠΕΤΑΛΕΚΤΟΜΗ;;;;;
5958;X704669;ΑΦΑΙΡΕΣΗ ΠΡΟΗΓΟΥΜΕΝΩΣ ΕΜΦΥΤΕΥΜΕΝΟΥ ΕΝΔΟΡΡΑΧΙΑΙΟΥ Ή ΕΞΩΣΚΛΗΡΙΔΙΟΥ ΚΑΘΕΤΗΡΑ;;;;;
5959;X704679;ΕΜΦΥΤΕΥΣΗ Ή ΑΝΤΙΚΑΤΑΣΤΑΣΗ ΣΥΣΚΕΥΣΗΣ ΓΙΑ ΕΝΔΟΡΡΑΧΙΑΙΑ Ή ΕΠΙΣΚΛΗΡΙΔΙΟ ΕΓΧΥΣΗ ΦΑΡΜΑΚΟΥ. ΥΠΟΔΕΡΜΙΚΗ ΔΕΞΑΜΕΝΗ;;;;;
5960;X704681;ΕΜΦΥΤΕΥΣΗ Ή ΑΝΤΙΚΑΤΑΣΤΑΣΗ ΣΥΣΚΕΥΣΗΣ ΓΙΑ ΕΝΔΟΡΡΑΧΙΑΙΑ Ή ΕΠΙΣΚΛΗΡΙΔΙΟ ΕΓΧΥΣΗ. ΜΗ ΠΡΟΓΡΑΜΜΑΤΙΖΟΜΕΝΗ ΑΝΤΛΙΑ;;;;;
5961;X704683;ΕΜΦΥΤΕΥΣΗ Ή ΑΝΤΙΚΑΤΑΣΤΑΣΗ ΣΥΣΚΕΥΣΗΣ ΓΙΑ ΕΝΔΟΡΡΑΧΙΑΙΑ Ή ΕΠΙΣΚΛΗΡΙΔΙΟ ΕΓΧΥΣΗ. ΠΡΟΓΡΑΜΜΑΤΙΣΙΜΗ ΑΝΤΛΙΑ, ΣΥΜΠΕΡΙΛΑΜΒΑΝΟΜΕΝΗΣ ΤΗΣ ΠΡΟΕΤΟΙΜΑΣΙΑΣ ΤΗΣ ΑΝΤΛΙΑΣ, ΜΕ Ή  ΧΩΡΙΣ ΠΡΟΓΡΑΜΜΑΤΙΣΜΟ;;;;;
5962;X704689;ΑΦΑΙΡΕΣΗ ΥΠΟΔΕΡΜΙΚΗΣ ΔΕΞΑΜΕΝΗΣ Ή ΑΝΤΛΙΑΣ, ΠΟΥ ΕΙΧΕ ΕΜΦΥΤΕΥΘΕΙ ΓΙΑ ΕΝΔΟΡΡΑΧΙΑΙΑ Ή ΕΠΙΣΚΛΗΡΙΔΙΟ ΕΓΧΥΣΗ;;;;;
5963;X704693;ΗΛΕΚΤΡΟΝΙΚΗ ΑΝΑΛΥΣΗ ΤΗΣ ΠΡΟΓΡΑΜΜΑΤΙΖΟΜΕΝΗΣ, ΕΜΦΥΤΕΥΜΕΝΗΣ ΑΝΤΛΙΑΣ ΓΙΑ ΕΝΔΟΡΡΑΧΙΑΙΑ Ή ΕΠΙΣΚΛΗΡΙΔΙΟ ΕΓΧΥΣΗ ΦΑΡΜΑΚΟΥ (ΠΕΡΙΛΑΜΒΑΝΕΙ ΑΞΙΟΛΟΓΗΣΗ ΤΗΣ ΚΑΤΑΣΤΑΣΗΣ ΤΗΣ ΔΕΞΑΜΕΝΗΣ, ΤΗΣ ΚΑΤΑΣΤΑΣΗΣ ΤΟΥ ΣΥΝΑΓΕΡΜΟΥ, ΤΗΣ ΣΥΝΤΑΓΟΓΡΑΦΗΣΗΣ ΤΩΝ ΦΑΡΜΑΚΩΝ). ΧΩΡΙΣ ΕΠΑΝΑΠΡΟΓΡΑΜΜΑΤΙΣΜΟ;;;;;
5964;X704695;ΗΛΕΚΤΡΟΝΙΚΗ ΑΝΑΛΥΣΗ ΤΗΣ ΠΡΟΓΡΑΜΜΑΤΙΖΟΜΕΝΗΣ, ΕΜΦΥΤΕΥΜΕΝΗΣ ΑΝΤΛΙΑΣ ΓΙΑ ΕΝΔΟΡΡΑΧΙΑΙΑ Ή ΕΠΙΣΚΛΗΡΙΔΙΟ ΕΓΧΥΣΗ ΦΑΡΜΑΚΟΥ (ΠΕΡΙΛΑΜΒΑΝΕΙ ΑΞΙΟΛΟΓΗΣΗ ΤΗΣ ΚΑΤΑΣΤΑΣΗΣ ΤΗΣ ΔΕΞΑΜΕΝΗΣ, ΤΗΣ ΚΑΤΑΣΤΑΣΗΣ ΤΟΥ ΣΥΝΑΓΕΡΜΟΥ, ΤΗΣ ΣΥΝΤΑΓΟΓΡΑΦΗΣΗΣ ΤΩΝ ΦΑΡΜΑΚΩΝ). ΜΕ ΕΠΑΝΑΠΡΟΓΡΑΜΜΑΤΙΣΜΟ;;;;;
5965;X705961;ΠΕΤΑΛΕΚΤΟΜΗ ΜΕ ΕΛΕΓΧΟ ΚΑΙ/Ή ΑΠΟΣΥΜΠΙΕΣΗ ΤΗΣ ΣΠΟΝΔΥΛΙΚΗΣ ΣΤΗΛΗΣ ΚΑΙ/Ή ΤΗΣ ΙΠΠΟΥΡΙΔΑΣ, ΧΩΡΙΣ ΕΚΤΟΜΗ ΑΠΟΦΥΣΙΑΚΩΝ ΑΡΘΡΩΣΕΩΝ, ΤΡΗΜΑΤΕΚΤΟΜΗ Ή ΔΙΣΚΕΚΤΟΜΗ (Π.Χ. ΣΠΟΝΔΥΛΙΚΗ ΣΤΕΝΩΣΗ), 1 Ή 2 ΣΠΟΝΔΥΛΙΚΑ ΤΜΗΜΑΤΑ. ΑΥΧΕΝΙΚΗ;;;;;
5966;X705965;ΠΕΤΑΛΕΚΤΟΜΗ ΜΕ ΕΛΕΓΧΟ ΚΑΙ/Ή ΑΠΟΣΥΜΠΙΕΣΗ ΤΗΣ ΣΠΟΝΔΥΛΙΚΗΣ ΣΤΗΛΗΣ ΚΑΙ/Ή ΤΗΣ ΙΠΠΟΥΡΙΔΑΣ, ΧΩΡΙΣ ΕΚΤΟΜΗ ΑΠΟΦΥΣΙΑΚΩΝ ΑΡΘΡΩΣΕΩΝ, ΤΡΗΜΑΤΕΚΤΟΜΗ Ή ΔΙΣΚΕΚΤΟΜΗ (Π.Χ. ΣΠΟΝΔΥΛΙΚΗ ΣΤΕΝΩΣΗ), 1 Ή 2 ΣΠΟΝΔΥΛΙΚΑ ΤΜΗΜΑΤΑ. ΘΩΡΑΚΙΚΗ;;;;;
5967;X705969;ΠΕΤΑΛΕΚΤΟΜΗ ΜΕ ΕΛΕΓΧΟ ΚΑΙ/Ή ΑΠΟΣΥΜΠΙΕΣΗ ΤΗΣ ΣΠΟΝΔΥΛΙΚΗΣ ΣΤΗΛΗΣ ΚΑΙ/Ή ΤΗΣ ΙΠΠΟΥΡΙΔΑΣ, ΧΩΡΙΣ ΕΚΤΟΜΗ ΑΠΟΦΥΣΙΑΚΩΝ ΑΡΘΡΩΣΕΩΝ, ΤΡΗΜΑΤΕΚΤΟΜΗ Ή ΔΙΣΚΕΚΤΟΜΗ (Π.Χ. ΣΠΟΝΔΥΛΙΚΗ ΣΤΕΝΩΣΗ), 1 Ή 2 ΣΠΟΝΔΥΛΙΚΑ ΤΜΗΜΑΤΑ. ΟΣΦΥΪΚΗ ΕΚΤΟΣ ΑΠΟ ΤΗΝ ΣΠΟΝΔΥΛΟΛΙΣΘΗΣΗ;;;;;
5968;X705981;ΠΕΤΑΛΕΚΤΟΜΗ ΜΕ ΕΛΕΓΧΟ ΚΑΙ/Ή ΑΠΟΣΥΜΠΙΕΣΗ ΤΗΣ ΣΠΟΝΔΥΛΙΚΗΣ ΣΤΗΛΗΣ ΚΑΙ/Ή ΤΗΣ ΙΠΠΟΥΡΙΔΑΣ, ΧΩΡΙΣ ΕΚΤΟΜΗ ΑΠΟΦΥΣΙΑΚΩΝ ΑΡΘΡΩΣΕΩΝ, ΤΡΗΜΑΤΕΚΤΟΜΗ Ή ΔΙΣΚΕΚΤΟΜΗ (Π.Χ. ΣΠΟΝΔΥΛΙΚΗ ΣΤΕΝΩΣΗ), 1 Ή 2 ΣΠΟΝΔΥΛΙΚΑ ΤΜΗΜΑΤΑ. ΙΕΡΟΥ ΟΣΤΟΥ;;;;;
5969;X705983;ΠΕΤΑΛΕΚΤΟΜΗ ΜΕ ΑΦΑΙΡΕΣΗ ΠΑΘΟΛΟΓΙΚΩΝ ΑΠΟΦΥΣΙΑΚΩΝ ΑΡΘΡΩΣΕΩΝ ΚΑΙ/Ή  ΜΕΣΑΡΘΡΙΩΝ ΔΙΑΣΤΗΜΑΤΩΝ ΜΕ ΑΠΟΣΥΜΠΙΕΣΗ ΤΗΣ ΙΠΠΟΥΡΙΔΑΣ ΚΑΙ ΤΩΝ ΝΕΥΡΙΚΩΝ ΡΙΖΩΝ ΓΙΑ ΣΠΟΝΔΥΛΟΛΙΣΘΗΣΗ, ΟΣΦΥΪΚΗ (ΔΙΑΔΙΚΑΣΙΑ ΤΥΠΟΥ GILL);;;;;
5970;X705989;ΠΕΤΑΛΕΚΤΟΜΗ ΜΕ ΕΛΕΓΧΟ ΚΑΙ/Ή ΑΠΟΣΥΜΠΙΕΣΗ ΤΗΣ ΣΠΟΝΔΥΛΙΚΗΣ ΣΤΗΛΗΣ ΚΑΙ/Ή ΤΗΣ ΙΠΠΟΥΡΙΔΑΣ, ΧΩΡΙΣ ΕΚΤΟΜΗ ΑΠΟΦΥΣΙΑΚΩΝ ΑΡΘΡΩΣΕΩΝ, ΤΡΗΜΑΤΕΚΤΟΜΗ Ή ΔΙΣΚΕΚΤΟΜΗ (Π.Χ. ΣΠΟΝΔΥΛΙΚΗ ΣΤΕΝΩΣΗ), ΠΕΡΙΣΣΟΤΕΡΑ ΑΠΟ 2 ΣΠΟΝΔΥΛΙΚΑ ΤΜΗΜΑΤΑ. ΑΥΧΕΝΙΚΗ;;;;;
5971;X705991;ΠΕΤΑΛΕΚΤΟΜΗ ΜΕ ΕΛΕΓΧΟ ΚΑΙ/Ή ΑΠΟΣΥΜΠΙΕΣΗ ΤΗΣ ΣΠΟΝΔΥΛΙΚΗΣ ΣΤΗΛΗΣ ΚΑΙ/Ή ΤΗΣ ΙΠΠΟΥΡΙΔΑΣ, ΧΩΡΙΣ ΕΚΤΟΜΗ ΑΠΟΦΥΣΙΑΚΩΝ ΑΡΘΡΩΣΕΩΝ, ΤΡΗΜΑΤΕΚΤΟΜΗ Ή ΔΙΣΚΕΚΤΟΜΗ (Π.Χ. ΣΠΟΝΔΥΛΙΚΗ ΣΤΕΝΩΣΗ), ΠΕΡΙΣΣΟΤΕΡΑ ΑΠΟ 2 ΣΠΟΝΔΥΛΙΚΑ ΤΜΗΜΑΤΑ. ΘΩΡΑΚΙΚΗ;;;;;
5972;X705993;ΠΕΤΑΛΕΚΤΟΜΗ ΜΕ ΕΛΕΓΧΟ ΚΑΙ/Ή ΑΠΟΣΥΜΠΙΕΣΗ ΤΗΣ ΣΠΟΝΔΥΛΙΚΗΣ ΣΤΗΛΗΣ ΚΑΙ/Ή ΤΗΣ ΙΠΠΟΥΡΙΔΑΣ, ΧΩΡΙΣ ΕΚΤΟΜΗ ΑΠΟΦΥΣΙΑΚΩΝ ΑΡΘΡΩΣΕΩΝ, ΤΡΗΜΑΤΕΚΤΟΜΗ Ή ΔΙΣΚΕΚΤΟΜΗ (Π.Χ. ΣΠΟΝΔΥΛΙΚΗ ΣΤΕΝΩΣΗ), ΠΕΡΙΣΣΟΤΕΡΑ ΑΠΟ 2 ΣΠΟΝΔΥΛΙΚΑ ΤΜΗΜΑΤΑ. ΟΣΦΥΪΚΗ;;;;;
5973;X705999;ΠΕΤΑΛΕΚΤΟΜΗ (ΗΜΙΠΕΤΑΛΕΚΤΟΜΗ), ΜΕ ΑΠΟΣΥΜΠΙΕΣΗ ΤΩΝ ΝΕΥΡΙΚΩΝ ΡΙΖΩΝ, ΣΥΜΠΕΡΙΛΑΜΒΑΝΟΜΕΝΗΣ ΜΕΡΙΚΗΣ ΕΚΤΟΜΗΣ ΑΠΟΦΥΣΙΑΚΩΝ ΑΡΘΡΩΣΕΩΝ, ΤΡΗΜΑΤΕΚΤΟΜΗ ΚΑΙ/Ή ΕΚΤΟΜΗ ΤΗΣ ΚΗΛΗΣ ΜΕΣΟΣΠΟΝΔΥΛΙΟΥ ΔΙΣΚΟΥ, ΣΥΜΠΕΡΙΛΑΜΒΑΝΟΜΕΝΩΝ ΑΝΟΙΧΤΩΝ ΚΑΙ ΕΝΔΟΣΚΟΠΙΚΑ ΥΠΟΣΤΗΡΙΖΟΜΕΝΩΝ ΠΡΟΣΕΓΓΙΣΕΩΝ. 1 ΜΕΣΟΣΠΟΝΔΥΛΙΟ ΔΙΑΣΤΗΜΑ, ΑΥΧΕΝΙΚΗ;;;;;
5974;X706019;ΠΕΤΑΛΕΚΤΟΜΗ (ΗΜΙΠΕΤΑΛΕΚΤΟΜΗ), ΜΕ ΑΠΟΣΥΜΠΙΕΣΗ ΤΩΝ ΝΕΥΡΙΚΩΝ ΡΙΖΩΝ, ΣΥΜΠΕΡΙΛΑΜΒΑΝΟΜΕΝΗΣ ΜΕΡΙΚΗΣ ΕΚΤΟΜΗΣ ΑΠΟΦΥΣΙΑΚΩΝ ΑΡΘΡΩΣΕΩΝ, ΤΡΗΜΑΤΕΚΤΟΜΗ ΚΑΙ/Ή ΕΚΤΟΜΗ ΤΗΣ ΚΗΛΗΣ ΜΕΣΟΣΠΟΝΔΥΛΙΟΥ ΔΙΣΚΟΥ, ΣΥΜΠΕΡΙΛΑΜΒΑΝΟΜΕΝΩΝ ΑΝΟΙΧΤΩΝ ΚΑΙ ΕΝΔΟΣΚΟΠΙΚΑ ΥΠΟΣΤΗΡΙΖΟΜΕΝΩΝ ΠΡΟΣΕΓΓΙΣΕΩΝ. 1 ΜΕΣΟΣΠΟΝΔΥΛΙΟ ΔΙΑΣΤΗΜΑ, ΟΣΦΥΪΚΗ;;;;;
5975;X706029;ΠΕΤΑΛΕΚΤΟΜΗ (ΗΜΙΠΕΤΑΛΕΚΤΟΜΗ), ΜΕ ΑΠΟΣΥΜΠΙΕΣΗ ΤΩΝ ΝΕΥΡΙΚΩΝ ΡΙΖΩΝ, ΣΥΜΠΕΡΙΛΑΜΒΑΝΟΜΕΝΗΣ ΜΕΡΙΚΗΣ ΕΚΤΟΜΗΣ ΑΠΟΦΥΣΙΑΚΩΝ ΑΡΘΡΩΣΕΩΝ, ΤΡΗΜΑΤΕΚΤΟΜΗ ΚΑΙ/Ή ΕΚΤΟΜΗ ΤΗΣ ΚΗΛΗΣ ΜΕΣΟΣΠΟΝΔΥΛΙΟΥ ΔΙΣΚΟΥ, ΣΥΜΠΕΡΙΛΑΜΒΑΝΟΜΕΝΩΝ ΑΝΟΙΧΤΩΝ ΚΑΙ ΕΝΔΟΣΚΟΠΙΚΑ ΥΠΟΣΤΗΡΙΖΟΜΕΝΩΝ ΠΡΟΣΕΓΓΙΣΕΩΝ. ΚΑΘΕ ΠΡΟΣΘΕΤΟ ΜΕΣΟΣΠΟΝΔΥΛΙΟ ΔΙΑΣΤΗΜΑ,  ΑΥΧΕΝΙΚΗ Ή ΟΣΦΥΪΚΗ (ΝΑ ΚΑΤΑΓΡΑΦΕΤΑΙ ΞΕΧΩΡΙΣΤΑ ΜΑΖΙ ΜΕ ΤΟΝ ΚΩΔΙΚΟ ΓΙΑ ΤΗΝ  ΒΑΣΙΚΗ ΔΙΑΔΙΚΑΣΙΑ);;;;;
5976;X706039;ΠΕΤΑΛΕΚΤΟΜΗ (ΗΜΙΠΕΤΑΛΕΚΤΟΜΗ), ΜΕ ΑΠΟΣΥΜΠΙΕΣΗ ΤΩΝ ΝΕΥΡΙΚΩΝ ΡΙΖΩΝ, ΣΥΜΠΕΡΙΛΑΜΒΑΝΟΜΕΝΗΣ ΜΕΡΙΚΗΣ ΕΚΤΟΜΗΣ ΑΠΟΦΥΣΙΑΚΩΝ ΑΡΘΡΩΣΕΩΝ, ΤΡΗΜΑΤΕΚΤΟΜΗ ΚΑΙ/Ή ΕΚΤΟΜΗ ΤΗΣ ΚΗΛΗΣ ΜΕΣΟΣΠΟΝΔΥΛΙΟΥ ΔΙΣΚΟΥ, ΕΠΑΝΑΔΙΕΡΕΥΝΗΣΗ, ΜΟΝΗΡΕΣ ΔΙΑΣΤΗΜΑ. ΑΥΧΕΝΙΚΗ;;;;;
5977;X706043;ΠΕΤΑΛΕΚΤΟΜΗ (ΗΜΙΠΕΤΑΛΕΚΤΟΜΗ), ΜΕ ΑΠΟΣΥΜΠΙΕΣΗ ΤΩΝ ΝΕΥΡΙΚΩΝ ΡΙΖΩΝ, ΣΥΜΠΕΡΙΛΑΜΒΑΝΟΜΕΝΗΣ ΜΕΡΙΚΗΣ ΕΚΤΟΜΗΣ ΑΠΟΦΥΣΙΑΚΩΝ ΑΡΘΡΩΣΕΩΝ, ΤΡΗΜΑΤΕΚΤΟΜΗ ΚΑΙ/Ή ΕΚΤΟΜΗ ΤΗΣ ΚΗΛΗΣ ΜΕΣΟΣΠΟΝΔΥΛΙΟΥ ΔΙΣΚΟΥ, ΕΠΑΝΑΔΙΕΡΕΥΝΗΣΗ, ΜΟΝΗΡΕΣ ΔΙΑΣΤΗΜΑ. ΟΣΦΥΪΚΗ;;;;;
5978;X706045;ΠΕΤΑΛΕΚΤΟΜΗ (ΗΜΙΠΕΤΑΛΕΚΤΟΜΗ), ΜΕ ΑΠΟΣΥΜΠΙΕΣΗ ΤΩΝ ΝΕΥΡΙΚΩΝ ΡΙΖΩΝ, ΣΥΜΠΕΡΙΛΑΜΒΑΝΟΜΕΝΗΣ ΜΕΡΙΚΗΣ ΕΚΤΟΜΗΣ ΑΠΟΦΥΣΙΑΚΩΝ ΑΡΘΡΩΣΕΩΝ, ΤΡΗΜΑΤΕΚΤΟΜΗ ΚΑΙ/Ή ΕΚΤΟΜΗ ΤΗΣ ΚΗΛΗΣ ΜΕΣΟΣΠΟΝΔΥΛΙΟΥ ΔΙΣΚΟΥ, ΕΠΑΝΑΔΙΕΡΕΥΝΗΣΗ, ΜΟΝΗΡΕΣ ΔΙΑΣΤΗΜΑ. ΚΑΘΕ ΕΠΙΠΛΕΟΝ ΑΥΧΕΝΙΚΟ ΔΙΑΣΤΗΜΑ (ΝΑ ΚΑΤΑΓΡΑΦΕΤΑΙ ΞΕΧΩΡΙΣΤΑ ΜΑΖΙ ΜΕ ΤΟΝ ΚΩΔΙΚΟ ΓΙΑ ΤΗΝ ΚΥΡΙΑ ΔΙΑΔΙΚΑΣΙΑ);;;;;
5979;X706047;ΠΕΤΑΛΕΚΤΟΜΗ (ΗΜΙΠΕΤΑΛΕΚΤΟΜΗ), ΜΕ ΑΠΟΣΥΜΠΙΕΣΗ ΤΩΝ ΝΕΥΡΙΚΩΝ ΡΙΖΩΝ, ΣΥΜΠΕΡΙΛΑΜΒΑΝΟΜΕΝΗΣ ΜΕΡΙΚΗΣ ΕΚΤΟΜΗΣ ΑΠΟΦΥΣΙΑΚΩΝ ΑΡΘΡΩΣΕΩΝ, ΤΡΗΜΑΤΕΚΤΟΜΗ ΚΑΙ/Ή ΕΚΤΟΜΗ ΤΗΣ ΚΗΛΗΣ ΜΕΣΟΣΠΟΝΔΥΛΙΟΥ ΔΙΣΚΟΥ, ΕΠΑΝΑΔΙΕΡΕΥΝΗΣΗ, ΜΟΝΗΡΕΣ ΔΙΑΣΤΗΜΑ. ΚΑΘΕ ΕΠΙΠΛΕΟΝ ΟΣΦΥΙΚΟ ΔΙΑΣΤΗΜΑ (ΝΑ ΚΑΤΑΓΡΑΦΕΤΑΙ ΞΕΧΩΡΙΣΤΑ ΜΑΖΙ ΜΕ ΤΟΝ ΚΩΔΙΚΟ ΓΙΑ ΤΗΝ ΚΥΡΙΑ ΔΙΑΔΙΚΑΣΙΑ);;;;;
5980;X706049;ΠΕΤΑΛΕΚΤΟΜΗ, ΕΚΤΟΜΗ ΑΠΟΦΥΣΙΑΚΩΝ ΑΡΘΡΩΣΕΩΝ ΚΑΙ ΤΡΗΜΑΤΕΚΤΟΜΗ (ΕΤΕΡΟΠΛΕΥΡΗ Ή ΔΙΠΛΕΥΡΗ ΜΕ ΑΠΟΣΥΜΠΙΕΣΗ ΤΗΣ ΣΠΟΝΔΥΛΙΚΗΣ ΣΤΗΛΗΣ, ΤΗΣ ΙΠΠΟΥΡΙΔΑΣ ΚΑΙ/Ή ΤΩΝ ΝΕΥΡΙΚΩΝ ΡΙΖΩΝ, [Π.Χ. ΣΤΕΝΩΣΗ ΣΠΟΝΔΥΛΙΚΟΥ Ή ΠΛΑΓΙΟΥ ΚΟΛΠΩΜΑΤΟΣ]), ΜΟΝΗΡΕΣ ΣΠΟΝΔΥΛΙΚΟ ΤΜΗΜΑ. ΑΥΧΕΝΙΚΗ;;;;;
5981;X706051;ΠΕΤΑΛΕΚΤΟΜΗ, ΕΚΤΟΜΗ ΑΠΟΦΥΣΙΑΚΩΝ ΑΡΘΡΩΣΕΩΝ ΚΑΙ ΤΡΗΜΑΤΕΚΤΟΜΗ (ΕΤΕΡΟΠΛΕΥΡΗ Ή ΔΙΠΛΕΥΡΗ ΜΕ ΑΠΟΣΥΜΠΙΕΣΗ ΤΗΣ ΣΠΟΝΔΥΛΙΚΗΣ ΣΤΗΛΗΣ, ΤΗΣ ΙΠΠΟΥΡΙΔΑΣ ΚΑΙ/Ή ΤΩΝ ΝΕΥΡΙΚΩΝ ΡΙΖΩΝ, [Π.Χ. ΣΤΕΝΩΣΗ ΣΠΟΝΔΥΛΙΚΟΥ Ή ΠΛΑΓΙΟΥ ΚΟΛΠΩΜΑΤΟΣ]), ΜΟΝΗΡΕΣ ΣΠΟΝΔΥΛΙΚΟ ΤΜΗΜΑ. ΘΩΡΑΚΙΚΗ;;;;;
5982;X706053;ΠΕΤΑΛΕΚΤΟΜΗ, ΕΚΤΟΜΗ ΑΠΟΦΥΣΙΑΚΩΝ ΑΡΘΡΩΣΕΩΝ ΚΑΙ ΤΡΗΜΑΤΕΚΤΟΜΗ (ΕΤΕΡΟΠΛΕΥΡΗ Ή ΔΙΠΛΕΥΡΗ ΜΕ ΑΠΟΣΥΜΠΙΕΣΗ ΤΗΣ ΣΠΟΝΔΥΛΙΚΗΣ ΣΤΗΛΗΣ, ΤΗΣ ΙΠΠΟΥΡΙΔΑΣ ΚΑΙ/Ή ΤΩΝ ΝΕΥΡΙΚΩΝ ΡΙΖΩΝ, [Π.Χ. ΣΤΕΝΩΣΗ ΣΠΟΝΔΥΛΙΚΟΥ Ή ΠΛΑΓΙΟΥ ΚΟΛΠΩΜΑΤΟΣ]), ΜΟΝΗΡΕΣ ΣΠΟΝΔΥΛΙΚΟ ΤΜΗΜΑ. ΟΣΦΥΪΚΗ;;;;;
5983;X706055;ΠΕΤΑΛΕΚΤΟΜΗ, ΕΚΤΟΜΗ ΑΠΟΦΥΣΙΑΚΩΝ ΑΡΘΡΩΣΕΩΝ ΚΑΙ ΤΡΗΜΑΤΕΚΤΟΜΗ (ΕΤΕΡΟΠΛΕΥΡΗ Ή ΔΙΠΛΕΥΡΗ ΜΕ ΑΠΟΣΥΜΠΙΕΣΗ ΤΗΣ ΣΠΟΝΔΥΛΙΚΗΣ ΣΤΗΛΗΣ, ΤΗΣ ΙΠΠΟΥΡΙΔΑΣ ΚΑΙ/Ή ΤΩΝ ΝΕΥΡΙΚΩΝ ΡΙΖΩΝ, [Π.Χ. ΣΤΕΝΩΣΗ ΣΠΟΝΔΥΛΙΚΟΥ Ή ΠΛΑΓΙΟΥ ΚΟΛΠΩΜΑΤΟΣ]), ΜΟΝΗΡΕΣ ΣΠΟΝΔΥΛΙΚΟ ΤΜΗΜΑ. ΚΑΘΕ ΕΠΙΠΛΕΟΝ ΤΜΗΜΑ, ΑΥΧΕΝΙΚΗ, ΘΩΡΑΚΙΚΗ Ή ΟΣΦΥΪΚΗ (ΝΑ ΚΑΤΑΓΡΑΦΕΤΑΙ ΞΕΧΩΡΙΣΤΑ ΜΑΖΙ ΜΕ ΤΟΝ ΚΩΔΙΚΟ ΓΙΑ ΤΗΝ ΒΑΣΙΚΗ ΔΙΑΔΙΚΑΣΙΑ;;;;;
5984;X706059;ΠΕΤΑΛΕΚΤΟΜΗ, ΑΥΧΕΝΙΚΗ, ΜΕ ΑΠΟΣΥΜΠΙΕΣΗ ΤΗΣ ΣΠΟΝΔΥΛΙΚΗΣ ΣΤΗΛΗΣ, ΔΥΟ Ή ΠΕΡΙΣΣΟΤΕΡΑ ΣΠΟΝΔΥΛΙΚΑ ΤΜΗΜΑΤΑ;;;;;
5985;X706061;ΠΕΤΑΛΕΚΤΟΜΗ, ΑΥΧΕΝΙΚΗ, ΜΕ ΑΠΟΣΥΜΠΙΕΣΗ ΤΗΣ ΣΠΟΝΔΥΛΙΚΗΣ ΣΤΗΛΗΣ, ΔΥΟ Ή ΠΕΡΙΣΣΟΤΕΡΑ ΣΠΟΝΔΥΛΙΚΑ ΤΜΗΜΑΤΑ. ΜΕ ΑΝΑKATASKEYH ΤΩΝ ΟΠΙΣΘΙΩΝ ΟΣΤΙΚΩΝ  ΣΤΟΙΧΕΙΩΝ (ΣΥΜΠΕΡΙΛΑΜΒΑΝΟΜΕΝΗΣ ΤΗΣ ΕΦΑΡΜΟΓΗΣ ΟΣΤΙΚΟΥ ΜΟΣΧΕΥΜΑΤΟΣ ΓΕΦΥΡΩΣΗΣ ΚΑΙ ΜΗ ΤΜΗΜΑΤΙΚΩΝ ΣΥΣΚΕΥΩΝ ΚΑΘΗΛΩΣΗΣ (Π.Χ. ΣΥΡΜΑ, ΣΥΡΡΑΦΗ, ΜΙΝΙ-ΠΛΑΚΕΣ), ΟΤΑΝ ΕΦΑΡΜΟΖΕΤΑΙ);;;;;
5986;X706069;ΔΙΑΥΧΕΝΙΚΗ ΠΡΟΣΠΕΛΑΣΗ ΜΕ ΑΠΟΣΥΜΠΙΕΣΗ ΤΗΣ ΣΠΟΝΔΥΛΙΚΗΣ ΣΤΗΛΗΣ, ΤΗΣ ΙΠΠΟΥΡΙΔΑΣ ΚΑΙ/Ή ΤΩΝ  ΝΕΥΡΙΚΩΝ ΡΙΖΩΝ (Π.Χ. ΚΗΛΗ ΜΕΝΔΟΣΠΟΝΔΥΛΙΟΥ ΔΙΣΚΟΥ), ΕΝΑ ΤΜΗΜΑ. ΘΩΡΑΚΙΚΗ;;;;;
5987;X706071;ΔΙΑΥΧΕΝΙΚΗ ΠΡΟΣΠΕΛΑΣΗ ΜΕ ΑΠΟΣΥΜΠΙΕΣΗ ΤΗΣ ΣΠΟΝΔΥΛΙΚΗΣ ΣΤΗΛΗΣ, ΤΗΣ ΙΠΠΟΥΡΙΔΑΣ ΚΑΙ/Ή ΤΩΝ  ΝΕΥΡΙΚΩΝ ΡΙΖΩΝ (Π.Χ. ΚΗΛΗ ΜΕΝΔΟΣΠΟΝΔΥΛΙΟΥ ΔΙΣΚΟΥ), ΕΝΑ ΤΜΗΜΑ. ΟΣΦΥΪΚΗ (ΣΥΜΠΕΡΙΛΑΜΒΑΝΟΜΕΝΗΣ ΔΙΑΓΛΗΝΙΚΗΣ Ή ΠΛΑΓΙΑΣ ΕΞΩΤΡΗΜΑΤΙΚΗΣ ΠΡΟΣΠΕΛΑΣΗΣ) (Π.Χ. ΠΛΑΓΙΑ ΚΗΛΗ ΜΕΣΟΣΠΟΝΔΥΛΙΟΥ ΔΙΣΚΟΥ);;;;;
5988;X706073;ΔΙΑΥΧΕΝΙΚΗ ΠΡΟΣΠΕΛΑΣΗ ΜΕ ΑΠΟΣΥΜΠΙΕΣΗ ΤΗΣ ΣΠΟΝΔΥΛΙΚΗΣ ΣΤΗΛΗΣ, ΤΗΣ ΙΠΠΟΥΡΙΔΑΣ ΚΑΙ/Ή ΤΩΝ  ΝΕΥΡΙΚΩΝ ΡΙΖΩΝ (Π.Χ. ΚΗΛΗ ΜΕΝΔΟΣΠΟΝΔΥΛΙΟΥ ΔΙΣΚΟΥ), ΚΑΘΕ ΕΠΙΠΛΕΟΝ ΤΜΗΜΑ, ΘΩΡΑΚΙΚΗ Ή ΟΣΦΥΪΚΗ (ΝΑ ΚΑΤΑΓΡΑΦΕΤΑΙ ΞΕΧΩΡΙΣΤΑ ΜΑΖΙ ΜΕ ΤΟΝ ΚΩΔΙΚΟ ΓΙΑ ΤΗΝ ΒΑΣΙΚΗ ΔΙΑΔΙΚΑΣΙΑ);;;;;
5989;X706087;ΠΛΕΥΡΟΣΠΟΝΔΥΛΙΚΗ ΠΡΟΣΠΕΛΑΣΗ ΜΕ ΑΠΟΣΥΜΠΙΕΣΗ ΤΗΣ ΣΠΟΝΔΥΛΙΚΗΣ ΣΤΗΛΗΣ Ή ΤΩΝ ΝΕΥΡΙΚΩΝ ΡΙΖΩΝ (Π.Χ. ΚΗΛΗ ΜΕΝΔΟΣΠΟΝΔΥΛΙΟΥ ΔΙΣΚΟΥ), ΘΩΡΑΚΙΚΗ. ΕΝΑ ΤΜΗΜΑ.;;;;;
5990;X706091;ΠΛΕΥΡΟΣΠΟΝΔΥΛΙΚΗ ΠΡΟΣΠΕΛΑΣΗ ΜΕ ΑΠΟΣΥΜΠΙΕΣΗ ΤΗΣ ΣΠΟΝΔΥΛΙΚΗΣ ΣΤΗΛΗΣ Ή ΤΩΝ ΝΕΥΡΙΚΩΝ ΡΙΖΩΝ (Π.Χ. ΚΗΛΗ ΜΕΝΔΟΣΠΟΝΔΥΛΙΟΥ ΔΙΣΚΟΥ), ΘΩΡΑΚΙΚΗ. ΚΑΘΕ ΕΠΙΠΛΕΟΝ ΤΜΗΜΑ (ΚΑΤΑΧΩΡΙΣΤΕ ΞΕΧΩΡΙΣΤΑ ΕΠΙΠΛΕΟΝ ΤΟΥ ΚΩΔΙΚΟΥ ΤΗΣ ΒΑΣΙΚΗΣ ΔΙΑΔΙΚΑΣΙΑΣ);;;;;
5991;X706109;ΔΙΣΚΕΚΤΟΜΗ, ΠΡΟΣΘΙΑ, ΜΕ ΑΠΟΣΥΜΠΙΕΣΗ ΤΗΣ ΣΠΟΝΔΥΛΙΚΗΣ ΣΤΗΛΗΣ ΚΑΙ/Ή ΤΩΝ ΝΕΥΡΙΚΩΝ ΡΙΖΩΝ, ΣΥΜΠΕΡΙΛΑΜΒΑΝΟΜΕΝΗΣ ΤΗΣ ΕΚΤΟΜΗΣ ΟΣΤΕΟΦΥΤΩΝ. ΑΥΧΕΝΙΚΗ. ΕΝΑ ΔΙΑΣΤΗΜΑ;;;;;
5992;X706111;ΔΙΣΚΕΚΤΟΜΗ, ΠΡΟΣΘΙΑ, ΜΕ ΑΠΟΣΥΜΠΙΕΣΗ ΤΗΣ ΣΠΟΝΔΥΛΙΚΗΣ ΣΤΗΛΗΣ ΚΑΙ/Ή ΤΩΝ ΝΕΥΡΙΚΩΝ ΡΙΖΩΝ, ΣΥΜΠΕΡΙΛΑΜΒΑΝΟΜΕΝΗΣ ΤΗΣ ΕΚΤΟΜΗΣ ΟΣΤΕΟΦΥΤΩΝ. ΑΥΧΕΝΙΚΗ. ΚΑΘΕ ΕΠΙΠΛΕΟΝ ΔΙΑΣΤΗΜΑ (ΝΑ ΚΑΤΑΓΡΑΦΕΤΑΙ ΞΕΧΩΡΙΣΤΑ ΜΑΖΙ ΜΕ ΤΟΝ ΚΩΔΙΚΟ ΓΙΑ ΤΗ ΒΑΣΙΚΗ ΔΙΑΔΙΚΑΣΙΑ);;;;;
5993;X706113;ΔΙΣΚΕΚΤΟΜΗ, ΠΡΟΣΘΙΑ, ΜΕ ΑΠΟΣΥΜΠΙΕΣΗ ΤΗΣ ΣΠΟΝΔΥΛΙΚΗΣ ΣΤΗΛΗΣ ΚΑΙ/Ή ΤΩΝ ΝΕΥΡΙΚΩΝ ΡΙΖΩΝ, ΣΥΜΠΕΡΙΛΑΜΒΑΝΟΜΕΝΗΣ ΤΗΣ ΕΚΤΟΜΗΣ ΟΣΤΕΟΦΥΤΩΝ. ΘΩΡΑΚΙΚΗ. ΕΝΑ ΔΙΑΣΤΗΜΑ;;;;;
5994;X706115;ΔΙΣΚΕΚΤΟΜΗ, ΠΡΟΣΘΙΑ, ΜΕ ΑΠΟΣΥΜΠΙΕΣΗ ΤΗΣ ΣΠΟΝΔΥΛΙΚΗΣ ΣΤΗΛΗΣ ΚΑΙ/Ή ΤΩΝ ΝΕΥΡΙΚΩΝ ΡΙΖΩΝ, ΣΥΜΠΕΡΙΛΑΜΒΑΝΟΜΕΝΗΣ ΤΗΣ ΕΚΤΟΜΗΣ ΟΣΤΕΟΦΥΤΩΝ. ΘΩΡΑΚΙΚΗ. ΚΑΘΕ ΕΠΙΠΛΕΟΝ ΔΙΑΣΤΗΜΑ (ΝΑ ΚΑΤΑΓΡΑΦΕΤΑΙ ΞΕΧΩΡΙΣΤΑ ΜΑΖΙ ΜΕ ΤΟΝ ΚΩΔΙΚΟ ΓΙΑ ΤΗ ΒΑΣΙΚΗ ΔΙΑΔΙΚΑΣΙΑ);;;;;
5995;X706121;ΣΠΟΝΔΥΛΙΚΗ ΣΩΜΑΤΕΚΤΟΜΗ (ΕΚΤΟΜΗ ΣΠΟΝΔΥΛΙΚΟΥ ΣΩΜΑΤΟΣ), ΜΕΡΙΚΗ Ή ΠΛΗΡΗΣ, ΠΡΟΣΘΙΑ ΠΡΟΣΠΕΛΑΣΗ, ΜΕ ΑΠΟΣΥΜΠΙΕΣΗ ΤΗΣ ΣΠΟΝΔΥΛΙΚΗΣ ΣΤΗΛΗΣ ΚΑΙ/Ή ΤΩΝ ΝΕΥΡΙΚΩΝ ΡΙΖΩΝ. ΑΥΧΕΝΙΚΗ, ΕΝΑ ΤΜΗΜΑ;;;;;
5996;X706123;ΣΠΟΝΔΥΛΙΚΗ ΣΩΜΑΤΕΚΤΟΜΗ (ΕΚΤΟΜΗ ΣΠΟΝΔΥΛΙΚΟΥ ΣΩΜΑΤΟΣ), ΜΕΡΙΚΗ Ή ΠΛΗΡΗΣ, ΠΡΟΣΘΙΑ ΠΡΟΣΠΕΛΑΣΗ, ΜΕ ΑΠΟΣΥΜΠΙΕΣΗ ΤΗΣ ΣΠΟΝΔΥΛΙΚΗΣ ΣΤΗΛΗΣ ΚΑΙ/Ή ΤΩΝ ΝΕΥΡΙΚΩΝ ΡΙΖΩΝ. ΑΥΧΕΝΙΚΗ. ΚΑΘΕ ΕΠΙΠΛΕΟΝ ΤΜΗΜΑ (ΝΑ ΚΑΤΑΓΡΑΦΕΤΑΙ ΜΑΖΙ ΜΕ ΤΟΝ ΚΩΔΙΚΟ ΓΙΑ ΤΗ ΒΑΣΙΚΗ ΔΙΑΔΙΚΑΣΙΑ);;;;;
5997;X706129;ΣΠΟΝΔΥΛΙΚΗ ΣΩΜΑΤΕΚΤΟΜΗ (ΕΚΤΟΜΗ ΣΠΟΝΔΥΛΙΚΟΥ ΣΩΜΑΤΟΣ), ΜΕΡΙΚΗ Ή ΠΛΗΡΗΣ, ΔΙΑΘΩΡΑΚΙΚΗ ΠΡΟΣΠΕΛΑΣΗ, ΜΕ ΑΠΟΣΥΜΠΙΕΣΗ ΤΗΣ ΣΠΟΝΔΥΛΙΚΗΣ ΣΤΗΛΗΣ ΚΑΙ/Ή ΤΩΝ ΝΕΥΡΙΚΩΝ ΡΙΖΩΝ. ΘΩΡΑΚΙΚΗ, ΕΝΑ ΤΜΗΜΑ;;;;;
5998;X706131;ΣΠΟΝΔΥΛΙΚΗ ΣΩΜΑΤΕΚΤΟΜΗ (ΕΚΤΟΜΗ ΣΠΟΝΔΥΛΙΚΟΥ ΣΩΜΑΤΟΣ), ΜΕΡΙΚΗ Ή ΠΛΗΡΗΣ, ΔΙΑΘΩΡΑΚΙΚΗ ΠΡΟΣΠΕΛΑΣΗ, ΜΕ ΑΠΟΣΥΜΠΙΕΣΗ ΤΗΣ ΣΠΟΝΔΥΛΙΚΗΣ ΣΤΗΛΗΣ ΚΑΙ/Ή ΤΩΝ ΝΕΥΡΙΚΩΝ ΡΙΖΩΝ. ΘΩΡΑΚΙΚΗ. ΚΑΘΕ ΕΠΙΠΛΕΟΝ ΤΜΗΜΑ (ΝΑ ΚΑΤΑΓΡΑΦΕΤΑΙ ΞΕΧΩΡΙΣΤΑ ΜΑΖΙ ΜΕ ΤΟΝ ΚΩΔΙΚΟ ΓΙΑ ΤΗ ΒΑΣΙΚΗ ΔΙΑΔΙΚΑΣΙΑ);;;;;
5999;X706133;ΣΠΟΝΔΥΛΙΚΗ ΣΩΜΑΤΕΚΤΟΜΗ (ΕΚΤΟΜΗ ΣΠΟΝΔΥΛΙΚΟΥ ΣΩΜΑΤΟΣ), ΜΕΡΙΚΗ Ή ΠΛΗΡΗΣ, ΣΥΝΔΥΑΣΜΕΝΗ ΘΩΡΑΚΟΟΣΦΥΪΚΗ ΠΡΟΣΠΕΛΑΣΗ ΜΕ ΑΠΟΣΥΜΠΙΕΣΗ ΤΗΣ ΣΠΟΝΔΥΛΙΚΗΣ ΣΤΗΛΗΣ, ΤΗΣ ΙΠΠΟΥΡΙΔΑΣ Ή ΤΩΝ ΝΕΥΡΙΚΩΝ ΡΙΖΩΝ, ΚΑΤΩ ΘΩΡΑΚΙΚΗ Ή ΟΣΦΥΪΚΗ. ΕΝΑ ΤΜΗΜΑ;;;;;
6000;X706135;ΣΠΟΝΔΥΛΙΚΗ ΣΩΜΑΤΕΚΤΟΜΗ (ΕΚΤΟΜΗ ΣΠΟΝΔΥΛΙΚΟΥ ΣΩΜΑΤΟΣ), ΜΕΡΙΚΗ Ή ΠΛΗΡΗΣ, ΣΥΝΔΥΑΣΜΕΝΗ ΘΩΡΑΚΟΟΣΦΥΪΚΗ ΠΡΟΣΠΕΛΑΣΗ ΜΕ ΑΠΟΣΥΜΠΙΕΣΗ ΤΗΣ ΣΠΟΝΔΥΛΙΚΗΣ ΣΤΗΛΗΣ, ΤΗΣ ΙΠΠΟΥΡΙΔΑΣ Ή ΤΩΝ ΝΕΥΡΙΚΩΝ ΡΙΖΩΝ, ΚΑΤΩ ΘΩΡΑΚΙΚΗ Ή ΟΣΦΥΪΚΗ. ΚΑΘΕ ΕΠΙΠΛΕΟΝ ΤΜΗΜΑ (ΝΑ ΚΑΤΑΓΡΑΦΕΤΑΙ ΞΕΧΩΡΙΣΤΑ ΜΑΖΙ ΜΕ ΤΟΝ ΚΩΔΙΚΟ ΓΙΑ ΤΗ ΒΑΣΙΚΗ ΔΙΑΔΙΚΑΣΙΑ);;;;;
6001;X706139;ΣΠΟΝΔΥΛΙΚΗ ΣΩΜΑΤΕΚΤΟΜΗ (ΕΚΤΟΜΗ ΣΠΟΝΔΥΛΙΚΟΥ ΣΩΜΑΤΟΣ), ΜΕΡΙΚΗ Ή ΠΛΗΡΗΣ, ΔΙΑΠΕΡΙΤΟΝΑΪΚΗ Ή ΟΠΙΣΘΟΠΕΡΙΤΟΝΑΪΚΗ ΠΡΟΣΠΕΛΑΣΗ ΜΕ ΑΠΟΣΥΜΠΙΕΣΗ ΤΗΣ ΣΠΟΝΔΥΛΙΚΗΣ ΣΤΗΛΗΣ, ΤΗΣ ΙΠΠΟΥΡΙΔΑΣ Ή ΤΩΝ ΝΕΥΡΙΚΩΝ ΡΙΖΩΝ, ΚΑΤΩ ΘΩΡΑΚΙΚΗ, ΟΣΦΥΪΚΗ, Ή ΙΕΡΑ. ΕΝΑ ΤΜΗΜΑ;;;;;
6002;X706141;ΣΠΟΝΔΥΛΙΚΗ ΣΩΜΑΤΕΚΤΟΜΗ (ΕΚΤΟΜΗ ΣΠΟΝΔΥΛΙΚΟΥ ΣΩΜΑΤΟΣ), ΜΕΡΙΚΗ Ή ΠΛΗΡΗΣ, ΔΙΑΠΕΡΙΤΟΝΑΪΚΗ Ή ΟΠΙΣΘΟΠΕΡΙΤΟΝΑΪΚΗ ΠΡΟΣΠΕΛΑΣΗ ΜΕ ΑΠΟΣΥΜΠΙΕΣΗ ΤΗΣ ΣΠΟΝΔΥΛΙΚΗΣ ΣΤΗΛΗΣ, ΤΗΣ ΙΠΠΟΥΡΙΔΑΣ Ή ΤΩΝ ΜΕΥΡΙΚΩΝ ΡΙΖΩΝ, ΧΑΜΗΛΟΤΕΡΗ ΘΩΡΑΚΙΚΗ, ΟΣΦΥΪΚΗ, Ή ΙΕΡΑ. ΚΑΘΕ ΕΠΙΠΛΕΟΝ ΤΜΗΜΑ (ΝΑ ΚΑΤΑΓΡΑΦΕΤΑΙ ΞΕΧΩΡΙΣΤΑ ΜΑΖΙ ΜΕ ΤΟΝ ΚΩΔΙΚΟ ΓΙΑ ΤΗ ΒΑΣΙΚΗ ΔΙΑΔΙΚΑΣΙΑ);;;;;
6003;X706161;ΣΠΟΝΔΥΛΙΚΗ ΣΩΜΑΤΕΚΤΟΜΗ (ΕΚΤΟΜΗ ΣΠΟΝΔΥΛΙΚΟΥ ΣΩΜΑΤΟΣ), ΜΕΡΙΚΗ Ή ΠΛΗΡΗΣ, ΠΛΑΓΙΑ ΠΡΟΣΠΕΛΑΣΗ ΜΕ ΑΠΟΣΥΜΠΙΕΣΗ ΤΗΣ ΣΠΟΝΔΥΛΙΚΗΣ ΣΤΗΛΗΣ ΚΑΙ/Ή ΤΩΝ ΝΕΥΡΙΚΩΝ ΡΙΖΩΝ (Π.Χ. ΓΙΑ ΟΓΚΟ Ή ΘΡΑΥΣΜΑΤΑ ΟΣΤΩΝ). ΘΩΡΑΚΙΚΗ, ΕΝΑ ΤΜΗΜΑ;;;;;
6004;X706163;ΣΠΟΝΔΥΛΙΚΗ ΣΩΜΑΤΕΚΤΟΜΗ (ΕΚΤΟΜΗ ΣΠΟΝΔΥΛΙΚΟΥ ΣΩΜΑΤΟΣ), ΜΕΡΙΚΗ Ή ΠΛΗΡΗΣ, ΠΛΑΓΙΑ ΠΡΟΣΠΕΛΑΣΗ ΜΕ ΑΠΟΣΥΜΠΙΕΣΗ ΤΗΣ ΣΠΟΝΔΥΛΙΚΗΣ ΣΤΗΛΗΣ ΚΑΙ/Ή ΤΩΝ ΝΕΥΡΙΚΩΝ ΡΙΖΩΝ (Π.Χ. ΓΙΑ ΟΓΚΟ Ή ΘΡΑΥΣΜΑΤΑ ΟΣΤΩΝ). ΟΣΦΥΙΚΗ, ΕΝΑ ΤΜΗΜΑ;;;;;
6005;X706165;ΣΠΟΝΔΥΛΙΚΗ ΣΩΜΑΤΕΚΤΟΜΗ (ΕΚΤΟΜΗ ΣΠΟΝΔΥΛΙΚΟΥ ΣΩΜΑΤΟΣ), ΜΕΡΙΚΗ Ή ΠΛΗΡΗΣ, ΠΛΑΓΙΑ ΠΡΟΣΠΕΛΑΣΗ ΜΕ ΑΠΟΣΥΜΠΙΕΣΗ ΤΗΣ ΣΠΟΝΔΥΛΙΚΗΣ ΣΤΗΛΗΣ ΚΑΙ/Ή ΤΩΝ ΝΕΥΡΙΚΩΝ ΡΙΖΩΝ (Π.Χ. ΓΙΑ ΟΓΚΟ Ή ΘΡΑΥΣΜΑΤΑ ΟΣΤΩΝ). ΘΩΡΑΚΙΚΗ, Ή ΟΣΦΥΪΚΗ, ΚΑΘΕ ΕΠΙΠΛΕΟΝ ΤΜΗΜΑ (ΝΑ ΚΑΤΑΓΡΑΦΕΤΑΙ ΞΕΧΩΡΙΣΤΑ ΜΑΖΙ ΜΕ ΤΟΝ ΚΩΔΙΚΟ ΓΙΑ ΤΗ ΒΑΣΙΚΗ ΔΙΑΔΙΚΑΣΙΑ);;;;;
6006;X706299;ΠΕΤΑΛΕΚΤΟΜΗ ΜΕ ΜΥΕΛΟΤΟΜΗ (Π.Χ. ΤΥΠΟΣ BISCHOF Ή DREZ), ΑΥΧΕΝΙΚΗ, ΘΩΡΑΚΙΚΗ Ή ΘΩΡΑΚΟΣΦΥΪΚΗ;;;;;
6007;X706303;ΠΕΤΑΛΕΚΤΟΜΗ ΜΕ ΠΑΡΟΧΕΤΕΥΣΗ ΕΝΔΟΜΥΕΛΙΚΗΣ ΚΥΣΤΗΣ/ΣΥΡΙΓΓΙΟΥ. ΣΤΟΝ ΥΠΟΑΡΑΧΝΟΕΙΔΙΚΟ  ΧΩΡΟ;;;;;
6008;X706305;ΠΕΤΑΛΕΚΤΟΜΗ ΜΕ ΠΑΡΟΧΕΤΕΥΣΗ ΕΝΔΟΜΥΕΛΙΚΗΣ ΚΥΣΤΗΣ/ΣΥΡΙΓΓΙΟΥ. ΣΤΟΝ ΠΕΡΙΤΟΝΑΙΚΟ  Ή ΠΛΕΥΡΙΚΟ ΧΩΡΟ;;;;;
6009;X706319;ΠΕΤΑΛΕΚΤΟΜΗ ΚΑΙ ΤΟΜΗ ΟΔΟΝΤΩΤΩΝ ΣΥΝΔΕΣΜΩΝ, ΜΕ Ή ΧΩΡΙΣ ΜΟΣΧΕΥΜΑ ΣΚΛΗΡΑΣ, ΑΥΧΕΝΙΚΗ. 1 Ή 2 ΤΜΗΜΑΤΑ;;;;;
6010;X706323;ΠΕΤΑΛΕΚΤΟΜΗ ΚΑΙ ΤΟΜΗ ΟΔΟΝΤΩΤΩΝ ΣΥΝΔΕΣΜΩΝ, ΜΕ Ή ΧΩΡΙΣ ΜΟΣΧΕΥΜΑ ΣΚΛΗΡΑΣ, ΑΥΧΕΝΙΚΗ. ΠΕΡΙΣΣΟΤΕΡΑ ΑΠΟ 2 ΤΜΗΜΑΤΑ;;;;;
6011;X706329;ΠΕΤΑΛΕΚΤΟΜΗ ΜΕ ΡΙΖΟΤΟΜΗ. 1 Ή 2 ΤΜΗΜΑΤΑ;;;;;
6012;X706339;ΠΕΤΑΛΕΚΤΟΜΗ ΜΕ ΡΙΖΟΤΟΜΗ. ΠΕΡΙΣΣΟΤΕΡΑ ΑΠΟ 2 ΤΜΗΜΑΤΑ;;;;;
6013;X706341;ΠΕΤΑΛΕΚΤΟΜΗ ΜΕ ΤΟΜΗ ΒΟΗΘΗΤΙΚΟΥ ΝΕΥΡΟΥ ΝΩΤΙΑΙΟΥ ΜΥΕΛΟΥ;;;;;
6014;X706347;ΠΕΤΑΛΕΚΤΟΜΗ ΜΕ ΧΟΡΔΟΤΟΜΗ, ΜΕ ΤΟΜΗ 1 ΝΩΤΙΑΙΟΘΑΛΑΜΙΚΗΣ ΟΔΟΥ, 1 ΣΤΑΔΙΟ. ΑΥΧΕΝΙΚΗ;;;;;
6015;X706349;ΠΕΤΑΛΕΚΤΟΜΗ ΜΕ ΧΟΡΔΟΤΟΜΗ, ΜΕ ΤΟΜΗ 1 ΝΩΤΙΑΙΟΘΑΛΑΜΙΚΗΣ ΟΔΟΥ, 1 ΣΤΑΔΙΟ. ΘΩΡΑΚΙΚΗ;;;;;
6016;X706351;ΠΕΤΑΛΕΚΤΟΜΗ, ΜΕ ΤΟΜΗ ΚΑΙ ΤΩΝ ΔΥΟ ΝΩΤΙΑΙΟΘΑΛΑΜΙΚΩΝ ΟΔΩΝ, 1 ΣΤΑΔΙΟ. ΑΥΧΕΝΙΚΗ;;;;;
6017;X706353;ΠΕΤΑΛΕΚΤΟΜΗ, ΜΕ ΤΟΜΗ ΚΑΙ ΤΩΝ ΔΥΟ ΝΩΤΙΑΙΟΘΑΛΑΜΙΚΩΝ ΟΔΩΝ, 1 ΣΤΑΔΙΟ. ΘΩΡΑΚΙΚΗ;;;;;
6018;X706355;ΠΕΤΑΛΕΚΤΟΜΗ, ΜΕ ΤΟΜΗ ΚΑΙ ΤΩΝ ΔΥΟ ΝΩΤΙΑΙΟΘΑΛΑΜΙΚΩΝ ΟΔΩΝ, 2 ΣΤΑΔΙΑ ΕΝΤΟΣ 14 ΗΜΕΡΩΝ. ΑΥΧΕΝΙΚΗ;;;;;
6019;X706357;ΠΕΤΑΛΕΚΤΟΜΗ, ΜΕ ΤΟΜΗ ΚΑΙ ΤΩΝ ΔΥΟ ΝΩΤΙΑΙΟΘΑΛΑΜΙΚΩΝ ΟΔΩΝ, 2 ΣΤΑΔΙΩΝ ΕΝΤΟΣ 14 ΗΜΕΡΩΝ. ΘΩΡΑΚΙΚΗ;;;;;
6020;X706359;ΠΕΤΑΛΕΚΤΟΜΗ, ΜΕ ΛΥΣΗ ΟΠΙΣΘΙΑΣ ΚΑΘΗΛΩΣΗΣ ΝΩΤΙΑΙΟΥ ΜΥΕΛΟΥ, ΟΣΦΥΪΚΗ;;;;;
6021;X706459;ΠΕΤΑΛΕΚΤΟΜΗ ΓΙΑ ΕΚΤΟΜΗ Ή ΑΠΟΦΡΑΞΗ ΑΡΤΗΡΙΟΦΛΕΒΩΔΟΥΣ ΔΥΣΠΛΑΣΙΑΣ ΤΗΣ  ΣΠΟΝΔΥΛΙΚΗΣ ΣΤΗΛΗΣ. ΑΥΧΕΝΙΚΗ;;;;;
6022;X706461;ΠΕΤΑΛΕΚΤΟΜΗ ΓΙΑ ΕΚΤΟΜΗ Ή ΑΠΟΦΡΑΞΗ ΑΡΤΗΡΙΟΦΛΕΒΩΔΟΥΣ ΔΥΣΠΛΑΣΙΑΣ ΤΗΣ  ΣΠΟΝΔΥΛΙΚΗΣ ΣΤΗΛΗΣ. ΘΩΡΑΚΙΚΗ;;;;;
6023;X706463;ΠΕΤΑΛΕΚΤΟΜΗ ΓΙΑ ΕΚΤΟΜΗ Ή ΑΠΟΦΡΑΞΗ ΑΡΤΗΡΙΟΦΛΕΒΩΔΟΥΣ ΔΥΣΠΛΑΣΙΑΣ ΤΗΣ  ΣΠΟΝΔΥΛΙΚΗΣ ΣΤΗΛΗΣ. ΘΩΡΑΚΙΚΟΟΣΦΥΪΚΗ;;;;;
6024;X706489;ΠΕΤΑΛΕΚΤΟΜΗ ΓΙΑ ΤΗΝ ΕΚΤΟΜΗ Ή ΤΗΝ ΕΚΚΕΝΩΣΗ ΕΝΔΟΣΠΟΝΔΥΛΙΚΗΣ ΒΛΑΒΗΣ ΕΚΤΟΣ ΑΠΟ ΤΗΝ ΠΕΡΙΠΤΩΣΗ ΝΕΟΠΛΑΣΜΑΤΟΣ, ΕΞΩΣΚΛΗΡΙΔΙΚΗ. ΑΥΧΕΝΙΚΗ;;;;;
6025;X706491;ΠΕΤΑΛΕΚΤΟΜΗ ΓΙΑ ΤΗΝ ΕΚΤΟΜΗ Ή ΤΗΝ ΕΚΚΕΝΩΣΗ ΕΝΔΟΣΠΟΝΔΥΛΙΚΗΣ ΒΛΑΒΗΣ ΕΚΤΟΣ ΑΠΟ ΑΠΟ ΤΗΝ ΠΕΡΙΠΤΩΣΗ ΝΕΟΠΛΑΣΜΑΤΟΣ. ΕΞΩΣΚΛΗΡΙΔΙΚΗ. ΘΩΡΑΚΙΚΗ;;;;;
6026;X706493;ΠΕΤΑΛΕΚΤΟΜΗ ΓΙΑ ΤΗΝ ΕΚΤΟΜΗ Ή ΤΗΝ ΕΚΚΕΝΩΣΗ ΕΝΔΟΣΠΟΝΔΥΛΙΚΗΣ ΒΛΑΒΗΣ ΕΚΤΟΣ ΑΠΟ ΤΗΝ ΠΕΡΙΠΤΩΣΗ ΝΕΟΠΛΑΣΜΑΤΟΣ. ΕΞΩΣΚΛΗΡΙΔΙΚΗ. ΟΣΦΥΪΚΗ;;;;;
6027;X706495;ΠΕΤΑΛΕΚΤΟΜΗ ΓΙΑ ΤΗΝ ΕΚΤΟΜΗ Ή ΤΗΝ ΕΚΚΕΝΩΣΗ ΕΝΔΟΣΠΟΝΔΥΛΙΚΗΣ ΒΛΑΒΗΣ ΕΚΤΟΣ ΑΠΟ ΤΗΝ ΠΕΡΙΠΤΩΣΗ ΝΕΟΠΛΑΣΜΑΤΟΣ, ΕΞΩΣΚΛΗΡΙΔΙΚΗ. ΙΕΡΑ;;;;;
6028;X706499;ΠΕΤΑΛΕΚΤΟΜΗ ΓΙΑ ΤΗΝ ΕΚΤΟΜΗ ΕΝΔΟΣΠΟΝΔΥΛΙΚΗΣ ΒΛΑΒΗΣ ΕΚΤΟΣ ΑΠΟ ΤΗΝ ΠΕΡΙΠΤΩΣΗ ΝΕΟΠΛΑΣΜΑΤΟΣ, ΕΝΔΟΣΚΛΗΡΙΔΙΚΗ. ΑΥΧΕΝΙΚΗ;;;;;
6029;X706501;ΠΕΤΑΛΕΚΤΟΜΗ ΓΙΑ ΤΗΝ ΕΚΤΟΜΗ ΕΝΔΟΣΠΟΝΔΥΛΙΚΗΣ ΒΛΑΒΗΣ ΕΚΤΟΣ ΑΠΟ ΤΗΝ ΠΕΡΙΠΤΩΣΗ ΝΕΟΠΛΑΣΜΑΤΟΣ, ΕΝΔΟΣΚΛΗΡΙΔΙΚΗ. ΘΩΡΑΚΙΚΗ;;;;;
6030;X706503;ΠΕΤΑΛΕΚΤΟΜΗ ΓΙΑ ΤΗΝ ΕΚΤΟΜΗ ΕΝΔΟΣΠΟΝΔΥΛΙΚΗΣ ΒΛΑΒΗΣ ΕΚΤΟΣ ΑΠΟ ΤΗΝ ΠΕΡΙΠΤΩΣΗ ΝΕΟΠΛΑΣΜΑΤΟΣ, ΕΝΔΟΣΚΛΗΡΙΔΙΚΗ. ΟΣΦΥΪΚΗ;;;;;
6031;X706505;ΠΕΤΑΛΕΚΤΟΜΗ ΓΙΑ ΤΗΝ ΕΚΤΟΜΗ ΕΝΔΟΣΠΟΝΔΥΛΙΚΗΣ ΒΛΑΒΗΣ ΕΚΤΟΣ ΑΠΟ ΤΗΝ ΠΕΡΙΠΤΩΣΗ ΝΕΟΠΛΑΣΜΑΤΟΣ, ΕΝΔΟΣΚΛΗΡΙΔΙΚΗ. ΙΕΡΑ;;;;;
6032;X706509;ΠΕΤΑΛΕΚΤΟΜΗ ΓΙΑ ΒΙΟΨΙΑ/ΕΚΤΟΜΗ ΕΝΔΟΣΠΟΝΔΥΛΙΚΟΥ ΝΕΟΠΛΑΣΜΑΤΟΣ. ΕΞΩΣΚΛΗΡΙΔΙΚΗ, ΑΥΧΕΝΙΚΗ;;;;;
6033;X706511;ΠΕΤΑΛΕΚΤΟΜΗ ΓΙΑ ΒΙΟΨΙΑ/ΕΚΤΟΜΗ ΕΝΔΟΣΠΟΝΔΥΛΙΚΟΥ ΝΕΟΠΛΑΣΜΑΤΟΣ. ΕΞΩΣΚΛΗΡΙΔΙΚΗ, ΘΩΡΑΚΙΚΗ;;;;;
6034;X706513;ΠΕΤΑΛΕΚΤΟΜΗ ΓΙΑ ΒΙΟΨΙΑ/ΕΚΤΟΜΗ ΕΝΔΟΣΠΟΝΔΥΛΙΚΟΥ ΝΕΟΠΛΑΣΜΑΤΟΣ. ΕΞΩΣΚΛΗΡΙΔΙΚΗ, ΟΣΦΥΪΚΗ;;;;;
6035;X706515;ΠΕΤΑΛΕΚΤΟΜΗ ΓΙΑ ΒΙΟΨΙΑ/ΕΚΤΟΜΗ ΕΝΔΟΣΠΟΝΔΥΛΙΚΟΥ ΝΕΟΠΛΑΣΜΑΤΟΣ. ΕΞΩΣΚΛΗΡΙΔΙΚΗ, ΙΕΡΑ;;;;;
6036;X706519;ΠΕΤΑΛΕΚΤΟΜΗ ΓΙΑ ΒΙΟΨΙΑ/ΕΚΤΟΜΗ ΕΝΔΟΣΠΟΝΔΥΛΙΚΟΥ ΝΕΟΠΛΑΣΜΑΤΟΣ. ΥΠΟΣΚΛΗΡΙΔΙΚΗ, ΕΞΩΜΥΕΛΙΚΗ, ΑΥΧΕΝΙΚΗ;;;;;
6037;X706521;ΠΕΤΑΛΕΚΤΟΜΗ ΓΙΑ ΒΙΟΨΙΑ/ΕΚΤΟΜΗ ΕΝΔΟΣΠΟΝΔΥΛΙΚΟΥ ΝΕΟΠΛΑΣΜΑΤΟΣ. ΥΠΟΣΚΛΗΡΙΔΙΚΗ, ΕΞΩΜΥΕΛΙΚΗ, ΘΩΡΑΚΙΚΗ;;;;;
6038;X706523;ΠΕΤΑΛΕΚΤΟΜΗ ΓΙΑ ΒΙΟΨΙΑ/ΕΚΤΟΜΗ ΕΝΔΟΣΠΟΝΔΥΛΙΚΟΥ ΝΕΟΠΛΑΣΜΑΤΟΣ. ΥΠΟΣΚΛΗΡΙΔΙΚΗ, ΕΞΩΜΥΕΛΙΚΗ, ΟΣΦΥΪΚΗ;;;;;
6039;X706525;ΠΕΤΑΛΕΚΤΟΜΗ ΓΙΑ ΒΙΟΨΙΑ/ΕΚΤΟΜΗ ΕΝΔΟΣΠΟΝΔΥΛΙΚΟΥ ΝΕΟΠΛΑΣΜΑΤΟΣ. ΥΠΟΣΚΛΗΡΙΔΙΚΗ, ΙΕΡΑ;;;;;
6040;X706529;ΠΕΤΑΛΕΚΤΟΜΗ ΓΙΑ ΒΙΟΨΙΑ/ΕΚΤΟΜΗ ΕΝΔΟΣΠΟΝΔΥΛΙΚΟΥ ΝΕΟΠΛΑΣΜΑΤΟΣ. ΥΠΟΣΚΛΗΡΙΔΙΚΗ, ΕΝΔΟΜΥΕΛΙΚΗ, ΑΥΧΕΝΙΚΗ;;;;;
6041;X706531;ΠΕΤΑΛΕΚΤΟΜΗ ΓΙΑ ΒΙΟΨΙΑ/ΕΚΤΟΜΗ ΕΝΔΟΣΠΟΝΔΥΛΙΚΟΥ ΝΕΟΠΛΑΣΜΑΤΟΣ. ΥΠΟΣΚΛΗΡΙΔΙΚΗ, ΕΝΔΟΜΥΕΛΙΚΗ, ΘΩΡΑΚΙΚΗ;;;;;
6042;X706533;ΠΕΤΑΛΕΚΤΟΜΗ ΓΙΑ ΒΙΟΨΙΑ/ΕΚΤΟΜΗ ΕΝΔΟΣΠΟΝΔΥΛΙΚΟΥ ΝΕΟΠΛΑΣΜΑΤΟΣ. ΥΠΟΣΚΛΗΡΙΔΙΚΗ, ΕΝΔΟΜΥΕΛΙΚΗ, ΘΩΡΑΚΟ-ΟΣΦΥΪΚΗ;;;;;
6043;X706539;ΠΕΤΑΛΕΚΤΟΜΗ ΓΙΑ ΒΙΟΨΙΑ/ΕΚΤΟΜΗ ΕΝΔΟΣΠΟΝΔΥΛΙΚΟΥ ΝΕΟΠΛΑΣΜΑΤΟΣ. ΣΥΝΔΥΑΣΜΕΝΗ ΕΞΩΣΚΛΗΡΙΔΙΚΗ-ΥΠΟΣΚΛΗΡΙΔΙΚΗ ΒΛΑΒΗ, ΟΠΟΙΟΔΗΠΟΤΕ ΕΠΙΠΕΔΟ;;;;;
6044;X706549;ΟΣΤΕΟΠΛΑΣΤΙΚΗ ΑΝΑΔΟΜΗΣΗ ΡΑΧΙΑΙΩΝ ΣΠΟΝΔΥΛΙΚΩΝ ΣΤΟΙΧΕΙΩΝ, ΣΕ ΣΥΝΕΧΕΙΑ ΤΗΣ ΒΑΣΙΚΗΣ ΕΝΔΟΣΠΟΝΔΥΛΙΚΗΣ ΕΠΕΜΒΑΣΗΣ (ΝΑ ΚΑΤΑΓΡΑΦΕΤΑΙ ΞΕΧΩΡΙΣΤΑ ΜΑΖΙ ΜΕ ΤΟΝ ΚΩΔΙΚΟ ΓΙΑ ΤΗ ΒΑΣΙΚΗ ΔΙΑΔΙΚΑΣΙΑ);;;;;
6045;X706559;ΣΠΟΝΔΥΛΙΚΗ ΣΩΜΑΤΕΚΤΟΜΗ (ΕΚΤΟΜΗ ΣΠΟΝΔΥΛΙΚΟΥ ΣΩΜΑΤΟΣ), ΜΕΡΙΚΗ Ή ΠΛΗΡΗΣ, ΓΙΑ ΕΚΤΟΜΗ ΕΝΔΟΣΠΟΝΔΥΛΙΚΗΣ ΒΛΑΒΗΣ, ΕΝΑ ΤΜΗΜΑ. ΕΞΩΣΚΛΗΡΙΔΙΚΗ, ΑΥΧΕΝΙΚΗ;;;;;
6046;X706561;ΣΠΟΝΔΥΛΙΚΗ ΣΩΜΑΤΕΚΤΟΜΗ (ΕΚΤΟΜΗ ΣΠΟΝΔΥΛΙΚΟΥ ΣΩΜΑΤΟΣ), ΜΕΡΙΚΗ Ή ΠΛΗΡΗΣ, ΓΙΑ ΕΚΤΟΜΗ ΕΝΔΟΣΠΟΝΔΥΛΙΚΗΣ ΒΛΑΒΗΣ, ΕΝΑ ΤΜΗΜΑ. ΕΞΩΣΚΛΗΡΙΔΙΚΗ, ΘΩΡΑΚΙΚΗ ΜΕ ΔΙΑΘΩΡΑΚΙΚΗ ΠΡΟΣΠΕΛΑΣΗ;;;;;
6047;X706563;ΣΠΟΝΔΥΛΙΚΗ ΣΩΜΑΤΕΚΤΟΜΗ (ΕΚΤΟΜΗ ΣΠΟΝΔΥΛΙΚΟΥ ΣΩΜΑΤΟΣ), ΜΕΡΙΚΗ Ή ΠΛΗΡΗΣ, ΓΙΑ ΕΚΤΟΜΗ ΕΝΔΟΣΠΟΝΔΥΛΙΚΗΣ ΒΛΑΒΗΣ, ΕΝΑ ΤΜΗΜΑ. ΕΞΩΣΚΛΗΡΙΔΙΚΗ, ΘΩΡΑΚΙΚΗ ΜΕ ΘΩΡΑΚΟ-ΟΣΦΥΪΚΗ ΠΡΟΣΠΕΛΑΣΗ;;;;;
6048;X706565;ΣΠΟΝΔΥΛΙΚΗ ΣΩΜΑΤΕΚΤΟΜΗ (ΕΚΤΟΜΗ ΣΠΟΝΔΥΛΙΚΟΥ ΣΩΜΑΤΟΣ), ΜΕΡΙΚΗ Ή ΠΛΗΡΗΣ, ΓΙΑ ΕΚΤΟΜΗ ΕΝΔΟΣΠΟΝΔΥΛΙΚΗΣ ΒΛΑΒΗΣ, ΕΝΑ ΤΜΗΜΑ. ΕΞΩΣΚΛΗΡΙΔΙΚΗ, ΟΣΦΥΪΚΗ Ή ΙΕΡΑ ΜΕ ΔΙΑΠΕΡΙΤΟΝΑΪΚΗ Ή ΟΠΙΣΘΟΠΕΡΙΤΟΝΑΪΚΗ ΠΡΟΣΠΕΛΑΣΗ;;;;;
6049;X706567;ΣΠΟΝΔΥΛΙΚΗ ΣΩΜΑΤΕΚΤΟΜΗ (ΕΚΤΟΜΗ ΣΠΟΝΔΥΛΙΚΟΥ ΣΩΜΑΤΟΣ), ΜΕΡΙΚΗ Ή ΠΛΗΡΗΣ, ΓΙΑ ΕΚΤΟΜΗ ΕΝΔΟΣΠΟΝΔΥΛΙΚΗΣ ΒΛΑΒΗΣ, ΕΝΑ ΤΜΗΜΑ. ΥΠΟΣΚΛΗΡΙΔΙΚΗ, ΑΥΧΕΝΙΚΗ;;;;;
6050;X706569;ΣΠΟΝΔΥΛΙΚΗ ΣΩΜΑΤΕΚΤΟΜΗ (ΕΚΤΟΜΗ ΣΠΟΝΔΥΛΙΚΟΥ ΣΩΜΑΤΟΣ), ΜΕΡΙΚΗ Ή ΠΛΗΡΗΣ, ΓΙΑ ΕΚΤΟΜΗ ΕΝΔΟΣΠΟΝΔΥΛΙΚΗΣ ΒΛΑΒΗΣ, ΕΝΑ ΤΜΗΜΑ. ΥΠΟΣΚΛΗΡΙΔΙΚΗ, ΘΩΡΑΚΙΚΗ ΜΕ ΔΙΑΘΩΡΑΚΙΚΗ ΠΡΟΣΠΕΛΑΣΗ;;;;;
6051;X706571;ΣΠΟΝΔΥΛΙΚΗ ΣΩΜΑΤΕΚΤΟΜΗ (ΕΚΤΟΜΗ ΣΠΟΝΔΥΛΙΚΟΥ ΣΩΜΑΤΟΣ), ΜΕΡΙΚΗ Ή ΠΛΗΡΗΣ, ΓΙΑ ΕΚΤΟΜΗ ΕΝΔΟΣΠΟΝΔΥΛΙΚΗΣ ΒΛΑΒΗΣ, ΕΝΑ ΤΜΗΜΑ. ΥΠΟΣΚΛΗΡΙΔΙΚΗ, ΘΩΡΑΚΙΚΗ ΜΕ ΘΩΡΑΚΟ-ΟΣΦΥΪΚΗ ΠΡΟΣΠΕΛΑΣΗ;;;;;
6052;X706573;ΣΠΟΝΔΥΛΙΚΗ ΣΩΜΑΤΕΚΤΟΜΗ (ΕΚΤΟΜΗ ΣΠΟΝΔΥΛΙΚΟΥ ΣΩΜΑΤΟΣ), ΜΕΡΙΚΗ Ή ΠΛΗΡΗΣ, ΓΙΑ ΕΚΤΟΜΗ ΕΝΔΟΣΠΟΝΔΥΛΙΚΗΣ ΒΛΑΒΗΣ, ΕΝΑ ΤΜΗΜΑ. ΥΠΟΣΚΛΗΡΙΔΙΚΗ, ΟΣΦΥΪΚΗ Ή ΙΕΡΑ ΜΕ ΔΙΑΠΕΡΙΤΟΝΑΪΚΗ Ή ΟΠΙΣΘΟΠΕΡΙΤΟΝΑΪΚΗ ΠΡΟΣΠΕΛΑΣΗ;;;;;
6053;X706575;ΣΠΟΝΔΥΛΙΚΗ ΣΩΜΑΤΕΚΤΟΜΗ (ΕΚΤΟΜΗ ΣΠΟΝΔΥΛΙΚΟΥ ΣΩΜΑΤΟΣ), ΜΕΡΙΚΗ Ή ΠΛΗΡΗΣ, ΓΙΑ ΕΚΤΟΜΗ ΕΝΔΟΣΠΟΝΔΥΛΙΚΗΣ ΒΛΑΒΗΣ, ΕΝΑ ΤΜΗΜΑ. ΚΑΘΕ ΠΡΟΣΘΕΤΟ ΤΜΗΜΑ (ΝΑ ΚΑΤΑΓΡΑΦΕΤΑΙ ΞΕΧΩΡΙΣΤΑ ΜΑΖΙ ΜΕ ΤΟΥΣ ΚΩΔΙΚΟΥΣ ΓΙΑ ΤΟ ΜΕΜΟΝΩΜΕΝΟ ΤΜΗΜΑ);;;;;
6054;X707159;ΠΡΟΚΛΗΣΗ ΒΛΑΒΗΣ ΣΠΟΝΔΥΛΙΚΗΣ ΣΤΗΛΗΣ ΜΕ ΣΤΕΡΕΟΤΑΚΤΙΚΗ ΜΕΘΟΔΟ, ΔΙΑΔΕΡΜΙΚΗ, ΜΕ ΟΠΟΙΟΝΔΗΠΟΤΕ ΤΡΟΠΟ (ΣΥΜΠΕΡΙΛΑΜΒΑΝΟΜΕΝΗΣ ΤΗΣ ΔΙΕΓΕΡΣΗΣ ΚΑΙ/Ή ΤΗΣ ΚΑΤΑΓΡΑΦΗΣ);;;;;
6055;X707179;ΣΤΕΡΕΟΤΑΚΤΙΚΗ ΔΙΕΓΕΡΣΗ ΣΠΟΝΔΥΛΙΚΗΣ ΣΤΗΛΗΣ, ΔΙΑΔΕΡΜΙΚΗ, ΞΕΧΩΡΙΣΤΗ ΔΙΑΔΙΚΑΣΙΑ ΠΟΥ ΔΕΝ ΑΚΟΛΟΥΘΕΙΤΑΙ ΑΠΟ ΑΛΛΗ ΧΕΙΡΟΥΡΓΙΚΗ ΕΠΕΜΒΑΣΗ;;;;;
6056;X707189;ΣΤΕΡΕΟΤΑΚΤΙΚΗ ΒΙΟΨΙΑ, ΑΝΑΡΡΟΦΗΣΗ, Ή ΕΚΤΟΜΗ ΒΛΑΒΗΣ, ΝΩΤΙΑΙΟΣ ΜΥΕΛΟΣ;;;;;
6057;X707199;ΣΤΕΡΕΟΤΑΚΤΙΚΗ ΑΚΤΙΝΟΧΕΙΡΟΥΡΓΙΚΗ (ΡΑΔΙΟΕΠΕΜΒΑΣΗ) (ΔΕΣΜΗ ΣΩΜΑΤΙΔΙΩΝ, ΑΚΤΙΝΑ ΓΑΜΜΑ, Ή ΓΡΑΜΜΙΚΟΣ ΕΠΙΤΑΧΥΝΤΗΣ). 1 ΒΛΑΒΗ ΣΠΟΝΔΥΛΙΚΗΣ ΣΤΗΛΗΣ;;;;;
6058;X707201;ΣΤΕΡΕΟΤΑΚΤΙΚΗ ΡΑΔΙΟΕΠΕΜΒΑΣΗ (ΔΕΣΜΗ ΣΩΜΑΤΙΔΙΩΝ, ΑΚΤΙΝΑ ΓΑΜΜΑ, Ή ΓΡΑΜΜΙΚΟΣ ΕΠΙΤΑΧΥΝΤΗΣ). ΚΑΘΕ ΕΠΙΠΛΕΟΝ ΒΛΑΒΗ ΣΠΟΝΔΥΛΙΚΗΣ ΣΤΗΛΗΣ (ΝΑ ΚΑΤΑΓΡΑΦΕΤΑΙ ΞΕΧΩΡΙΣΤΑ ΜΑΖΙ ΜΕ ΤΟΝ ΚΩΔΙΚΟ ΓΙΑ ΤΗΝ ΒΑΣΙΚΗ ΔΙΑΔΙΚΑΣΙΑ;;;;;
6059;X707259;ΔΙΑΔΕΡΜΙΚΗ ΕΜΦΥΤΕΥΣΗ  ΔΙΑΤΑΞΗΣ ΝΕΥΡΟΔΙΕΓΕΡΤΙΚΩΝ ΗΛΕΚΤΡΟΔΙΩΝ, ΕΠΙΣΚΛΗΡΙΔΙΑ;;;;;
6060;X707269;ΠΕΤΑΛΕΚΤΟΜΗ ΓΙΑ ΕΜΦΥΤΕΥΣΗ ΝΕΥΡΟΔΙΕΓΕΡΤΙΚΩΝ ΗΛΕΚΤΡΟΔΙΩΝ, ΠΛΑΚΑΣ, ΕΞΩΣΚΛΗΡΙΔΙΑ;;;;;
6061;X707279;ΑΝΑΘΕΩΡΗΣΗ Ή ΑΦΑΙΡΕΣΗ ΣΠΟΝΔΥΛΙΚΗΣ ΔΙΑΔΕΡΜΙΚΗΣ ΝΕΥΡΟΔΙΕΓΕΡΤΙΚΗΣ ΔΙΑΤΑΞΗΣ ΗΛΕΚΤΡΟΔΙΩΝ  Ή ΠΛΑΚΑΣ;;;;;
6062;X707329;ΕΙΣΑΓΩΓΗ Ή ΑΝΤΙΚΑΤΑΣΤΑΣΗ ΓΕΝΝΗΤΡΙΑΣ Ή ΔΕΚΤΗ ΝΕΥΡΟΔΙΕΓΕΡΤΙΚΩΝ ΠΑΛΜΩΝ ΑΜΕΣΗ Ή ΕΠΑΓΩΓΙΚΗ ΣΥΖΕΥΞΗ;;;;;
6063;X707335;ΑΝΑΘΕΩΡΗΣΗ Ή ΑΦΑΙΡΕΣΗ ΤΗΣ ΕΜΦΥΤΕΥΜΕΝΗΣ ΓΕΝΝΗΤΡΙΑΣ Ή ΔΕΚΤΗ ΝΕΥΡΟΔΙΕΓΕΡΤΙΚΩΝ ΠΑΛΜΩΝ;;;;;
6064;X707359;ΑΠΟΚΑΤΑΣΤΑΣΗ ΜΗΝΙΓΓΟΚΗΛΗΣ. ΔΙΑΜΕΤΡΟΣ ΜΙΚΡΟΤΕΡΗ ΤΩΝ 5 ΕΚ;;;;;
6065;X707363;ΑΠΟΚΑΤΑΣΤΑΣΗ ΜΗΝΙΓΓΟΚΗΛΗΣ. ΔΙΑΜΕΤΡΟΣ ΜΕΓΑΛΥΤΕΡΗ ΤΩΝ 5 ΕΚ;;;;;
6066;X707367;ΑΠΟΚΑΤΑΣΤΑΣΗ ΜΥΕΛΟΜΗΝΙΓΓΟΚΗΛΗΣ. ΔΙΑΜΕΤΡΟΣ ΜΙΚΡΟΤΕΡΗ ΤΩΝ 5 ΕΚ;;;;;
6067;X707371;ΑΠΟΚΑΤΑΣΤΑΣΗ ΜΥΕΛΟΜΗΝΙΓΓΟΚΗΛΗΣ. ΔΙΑΜΕΤΡΟΣ ΜΕΓΑΛΥΤΕΡΗ ΤΩΝ 5 ΕΚ;;;;;
6068;X707373;ΑΠΟΚΑΤΑΣΤΑΣΗ ΔΙΑΡΡΟΗΣ (ΣΚΛΗΡΙΔΙΚΟΥ)/ΕΓΚΕΦΑΛΟΝΩΤΙΑΙΟΥ ΥΓΡΟΥ, ΠΟΥ ΔΕΝ ΑΠΑΙΤΕΙ ΠΕΤΑΛΕΚΤΟΜΗ;;;;;
6069;X707377;ΑΠΟΚΑΤΑΣΤΑΣΗ ΔΙΑΡΡΟΗΣ (ΣΚΛΗΡΙΔΙΚΟΥ)/ΕΓΚΕΦΑΛΟΝΩΤΙΑΙΟΥ ΥΓΡΟΥ Ή ΨΕΥΔΟΜΗΝΙΓΓΟΚΗΛΗΣ, ΜΕ ΠΕΤΑΛΕΚΤΟΜΗ;;;;;
6070;X707379;ΜΗΝΙΓΓΟΠΛΑΣΤΙΚΗ ΣΠΟΝΔΥΛΙΚΗΣ ΣΤΗΛΗΣ (ΣΚΛΗΡΙΔΙΚΟ ΜΟΣΧΕΥΜΑ, ΣΠΟΝΔΥΛΙΚΟ);;;;;
6071;X707439;ΔΗΜΙΟΥΡΓΙΑ ΠΑΡΑΚΑΜΨΗΣ. ΟΣΦΥΪΚΗ, ΥΠΑΡΑΧΝΟΕΙΔΙΚΗ/-ΠΕΡΙΤΟΝΑΪΚΗ, -ΠΛΕΥΡΙΚΗ, Ή ΑΛΛΗ Η ΟΠΟΙΑ ΠΕΡΙΛΑΜΒΑΝΕΙ ΠΕΤΑΛΕΚΤΟΜΗ;;;;;
6072;X707441;ΔΗΜΙΟΥΡΓΙΑ ΠΑΡΑΚΑΜΨΗΣ. ΥΠΑΡΑΧΝΟΕΙΔΙΚΗ/ΥΠΟΣΚΛΗΡΙΔΙΑ-ΠΕΡΙΤΟΝΑΪΚΗ, -ΠΛΕΥΡΙΚΗ, ΑΛΛΗ ΔΙΑΔΕΡΜΙΚΗ, ΠΟΥ ΔΕΝ ΑΠΑΙΤΕΙ ΠΕΤΑΛΕΚΤΟΜΗ;;;;;
6073;X707447;ΑΝΤΙΚΑΤΑΣΤΑΣΗ, ΕΚΠΛΥΣΗ Ή ΑΝΑΘΕΩΡΗΣΗ ΤΗΣ ΟΣΦΥΟ-ΥΠΑΡΑΧΝΟΕΙΔΟΥΣ ΠΑΡΑΚΑΜΨΗΣ;;;;;
6074;X707451;ΑΦΑΙΡΕΣΗ ΟΛΟΚΛΗΡΟΥ ΤΟΥ ΣΥΣΤΗΜΑΤΟΣ ΟΣΦΥΟ-ΥΠΑΡΑΧΝΟΕΙΔΟΥΣ ΠΑΡΑΚΑΜΨΗΣ ΧΩΡΙΣ ΑΝΤΙΚΑΤΑΣΤΑΣΗ;;;;;
6075;X708759;ΕΝΕΣΗ, ΑΝΑΙΣΘΗΤΙΚΟΣ ΠΑΡΑΓΟΝΤΑΣ. ΤΡΙΔΥΜΟ ΝΕΥΡΟ, ΟΠΟΙΟΔΗΠΟΤΕ ΤΜΗΜΑ Ή ΚΛΑΔΟΣ;;;;;
6076;X708763;ΕΝΕΣΗ, ΑΝΑΙΣΘΗΤΙΚΟΣ ΠΑΡΑΓΟΝΤΑΣ. ΠΡΟΣΩΠΙΚΟ ΝΕΥΡΟ;;;;;
6077;X708769;ΕΝΕΣΗ, ΑΝΑΙΣΘΗΤΙΚΟΣ ΠΑΡΑΓΟΝΤΑΣ. ΜΕΙΖΟΝ ΙΝΙΑΚΟ ΝΕΥΡΟ;;;;;
6078;X708775;ΕΝΕΣΗ, ΑΝΑΙΣΘΗΤΙΚΟΣ ΠΑΡΑΓΟΝΤΑΣ. ΠΝΕΥΜΟΝΟΓΑΣΤΡΙΚΟ ΝΕΥΡΟ;;;;;
6079;X708779;ΕΝΕΣΗ, ΑΝΑΙΣΘΗΤΙΚΟΣ ΠΑΡΑΓΟΝΤΑΣ. ΦΡΕΝΙΚΟ ΝΕΥΡΟ;;;;;
6080;X708783;ΕΝΕΣΗ, ΑΝΑΙΣΘΗΤΙΚΟΣ ΠΑΡΑΓΟΝΤΑΣ. ΕΠΙΚΟΥΡΙΚΟ ΣΠΟΝΔΥΛΙΚΟ ΝΕΥΡΟ;;;;;
6081;X708785;ΕΝΕΣΗ, ΑΝΑΙΣΘΗΤΙΚΟΣ ΠΑΡΑΓΟΝΤΑΣ. ΑΥΧΕΝΙΚΟ ΠΛΕΓΜΑ;;;;;
6082;X708789;ΕΝΕΣΗ, ΑΝΑΙΣΘΗΤΙΚΟΣ ΠΑΡΑΓΟΝΤΑΣ. ΒΡΑΧΙΟΝΙΟ ΠΛΕΓΜΑ, ΜΟΝΗΡΗΣ;;;;;
6083;X708791;ΕΝΕΣΗ, ΑΝΑΙΣΘΗΤΙΚΟΣ ΠΑΡΑΓΟΝΤΑΣ. ΒΡΑΧΙΟΝΙΟ ΠΛΕΓΜΑ, ΣΥΝΕΧΗΣ ΕΓΧΥΣΗ ΑΠΟ ΚΑΘΕΤΗΡΑ (ΣΥΜΠΕΡΙΛΑΜΒΑΝΕΤΑΙ Η ΤΟΠΟΘΕΤΗΣΗ ΤΟΥ ΚΑΘΕΤΗΡΑ);;;;;
6084;X708793;ΕΝΕΣΗ, ΑΝΑΙΣΘΗΤΙΚΟΣ ΠΑΡΑΓΟΝΤΑΣ. ΜΑΣΧΑΛΙΑΟ  ΝΕΥΡΟ;;;;;
6085;X708795;ΕΝΕΣΗ, ΑΝΑΙΣΘΗΤΙΚΟΣ ΠΑΡΑΓΟΝΤΑΣ. ΥΠΕΡΠΛΑΤΙΟ ΝΕΥΡΟ;;;;;
6086;X708799;ΕΝΕΣΗ, ΑΝΑΙΣΘΗΤΙΚΟΣ ΠΑΡΑΓΟΝΤΑΣ. ΜΕΣΟΠΛΕΥΡΙΟ ΝΕΥΡΟ, ΜΟΝΗΡΗΣ;;;;;
6087;X708801;ΕΝΕΣΗ, ΑΝΑΙΣΘΗΤΙΚΟΣ ΠΑΡΑΓΟΝΤΑΣ. ΕΝΔΟΠΛΕΥΡΙΑ ΝΕΥΡΑ, ΠΟΛΛΑΠΛΑ, ΤΟΠΙΚΟ ΜΠΛΟΚ;;;;;
6088;X708809;ΕΝΕΣΗ, ΑΝΑΙΣΘΗΤΙΚΟΣ ΠΑΡΑΓΟΝΤΑΣ. ΛΑΓΟΝΟΒΟΥΒΩΝΙΚΑ, ΛΑΓΟΝΟΫΠΟΓΡΑΣΤΡΙΑ;;;;;
6089;X708819;ΕΝΕΣΗ, ΑΝΑΙΣΘΗΤΙΚΟΣ ΠΑΡΑΓΟΝΤΑΣ. ΑΙΔΟΙΙΚΟ ΝΕΥΡΟ;;;;;
6090;X708829;ΕΝΕΣΗ, ΑΝΑΙΣΘΗΤΙΚΟΣ ΠΑΡΑΓΟΝΤΑΣ. ΠΑΡΑΤΡΑΧΗΛΙΚΟ (ΤΗΣ ΜΗΤΡΑΣ) ΝΕΥΡΟ;;;;;
6091;X708849;ΕΝΕΣΗ, ΑΝΑΙΣΘΗΤΙΚΟΣ ΠΑΡΑΓΟΝΤΑΣ. ΙΣΧΙΑΚΟ ΝΕΥΡΟ, ΜΟΝΗΡΗΣ;;;;;
6092;X708851;ΕΝΕΣΗ, ΑΝΑΙΣΘΗΤΙΚΟΣ ΠΑΡΑΓΟΝΤΑΣ. ΙΣΧΙΑΚΟ ΝΕΥΡΟ, ΣΥΝΕΧΗΣ ΕΓΧΥΣΗ ΑΠΟ ΚΑΘΕΤΗΡΑ (ΣΥΜΠΕΡΙΛΑΜΒΑΝΕΤΑΙ Η ΤΟΠΟΘΕΤΗΣΗ ΤΟΥ ΚΑΘΕΤΗΡΑ);;;;;
6093;X708853;ΕΝΕΣΗ, ΑΝΑΙΣΘΗΤΙΚΟΣ ΠΑΡΑΓΟΝΤΑΣ. ΜΗΡΙΑΙΟ ΝΕΥΡΟ, ΜΟΝΗΡΗΣ;;;;;
6094;X708855;ΕΝΕΣΗ, ΑΝΑΙΣΘΗΤΙΚΟΣ ΠΑΡΑΓΟΝΤΑΣ. ΜΗΡΙΑΙΟ ΝΕΥΡΟ, ΣΥΝΕΧΗΣ ΕΓΧΥΣΗ ΑΠΟ ΚΑΘΕΤΗΡΑ (ΣΥΜΠΕΡΙΛΑΜΒΑΝΕΤΑΙ Η ΤΟΠΟΘΕΤΗΣΗ ΤΟΥ ΚΑΘΕΤΗΡΑ);;;;;
6095;X708857;ΕΝΕΣΗ, ΑΝΑΙΣΘΗΤΙΚΟΣ ΠΑΡΑΓΟΝΤΑΣ. ΟΣΦΥΙΚΟ ΠΛΕΓΜΑ, ΟΠΙΣΘΙΑ ΠΡΟΣΠΕΛΑΣΗ, ΣΥΝΕΧΗΣ ΕΓΧΥΣΗ ΑΠΟ ΚΑΘΕΤΗΡΑ (ΣΥΜΠΕΡΙΛΑΜΒΑΝΕΤΑΙ Η ΤΟΠΟΘΕΤΗΣΗ ΚΑΘΕΤΗΡΑ);;;;;
6096;X708859;ΕΝΕΣΗ, ΑΝΑΙΣΘΗΤΙΚΟΣ ΠΑΡΑΓΟΝΤΑΣ. ΑΛΛΟ ΠΕΡΙΦΕΡΙΚΟ ΝΕΥΡΟ Ή ΚΛΑΔΟΣ;;;;;
6097;X708869;ΕΝΕΣΗ(ΕΝΕΣΕΙΣ), ΑΝΑΙΣΘΗΤΙΚΟΣ ΠΑΡΑΓΟΝΤΑΣ ΚΑΙ/Ή ΣΤΕΡΟΕΙΔΗΣ, ΚΟΙΝΟ ΝΕΥΡΟ ΔΑΚΤΥΛΟΥ ΠΕΛΜΑΤΟΣ (Π.Χ. ΝΕΥΡΙΝΩΜΑ MORTON);;;;;
6098;X708899;ΕΝΕΣΗ, ΑΝΑΙΣΘΗΤΙΚΟΣ ΠΑΡΑΓΟΝΤΑΣ ΚΑΙ/Ή ΣΤΕΡΟΕΙΔΗ, ΝΕΥΡΟ ΑΠΟΦΥΣΙΑΚΗΣ ΑΡΘΡΩΣΗΣ (ΚΑΙ ΠΑΡΑΣΠΟΝΔΥΛΙΚΟ). ΑΥΧΕΝΙΚΗ Ή ΘΩΡΑΚΙΚΗ, ΕΝΑ ΕΠΙΠΕΔΟ;;;;;
6099;X708903;ΕΝΕΣΗ, ΑΝΑΙΣΘΗΤΙΚΟΣ ΠΑΡΑΓΟΝΤΑΣ ΚΑΙ/Ή ΣΤΕΡΟΕΙΔΗ, ΝΕΥΡΟ ΑΠΟΦΥΣΙΑΚΗΣ ΑΡΘΡΩΣΗΣ (ΚΑΙ ΠΑΡΑΣΠΟΝΔΥΛΙΚΟ). ΑΥΧΕΝΙΚΗ Ή ΘΩΡΑΚΙΚΗ, ΚΑΘΕ ΕΠΙΠΛΕΟΝ ΕΠΙΠΕΔΟ (ΝΑ ΚΑΤΑΓΡΑΦΕΤΑΙ ΞΕΧΩΡΙΣΤΑ ΜΑΖΙ ΜΕ ΤΟΝ ΚΩΔΙΚΟ ΓΙΑ ΤΗΝ ΒΑΣΙΚΗ ΔΙΑΔΙΚΑΣΙΑ;;;;;
6100;X708909;ΕΝΕΣΗ, ΑΝΑΙΣΘΗΤΙΚΟΣ ΠΑΡΑΓΟΝΤΑΣ ΚΑΙ/Ή ΣΤΕΡΟΕΙΔΗ, ΝΕΥΡΟ ΑΠΟΦΥΣΙΑΚΗΣ ΑΡΘΡΩΣΗΣ (ΚΑΙ ΠΑΡΑΣΠΟΝΔΥΛΙΚΟ). ΟΣΦΥΙΚΗ Η ΙΕΡΑ, ΕΝΑ ΕΠΙΠΕΔΟ;;;;;
6101;X708911;ΕΝΕΣΗ, ΑΝΑΙΣΘΗΤΙΚΟΣ ΠΑΡΑΓΟΝΤΑΣ ΚΑΙ/Ή ΣΤΕΡΟΕΙΔΗ, ΝΕΥΡΟ ΑΠΟΦΥΣΙΑΚΗΣ ΑΡΘΡΩΣΗΣ (ΚΑΙ ΠΑΡΑΣΠΟΝΔΥΛΙΚΟ). ΟΣΦΥΙΚΗ Ή ΙΕΡΑ, ΚΑΘΕ ΕΠΙΠΛΕΟΝ ΕΠΙΠΕΔΟ (ΝΑ ΚΑΤΑΓΡΑΦΕΤΑΙ ΞΕΧΩΡΙΣΤΑ ΜΑΖΙ ΜΕ ΤΟΝ ΚΩΔΙΚΟ ΓΙΑ ΤΗΝ ΒΑΣΙΚΗ ΔΙΑΔΙΚΑΣΙΑ;;;;;
6102;X708917;ΕΝΕΣΗ, ΑΝΑΙΣΘΗΤΙΚΟΣ ΠΑΡΑΓΟΝΤΑΣ ΚΑΙ/Ή ΣΤΕΡΟΕΙΔΗ, ΔΙΑΤΡΗΜΑΤΙΚΗ ΕΠΙΣΚΛΗΡΙΔΙΟΣ. ΑΥΧΕΝΙΚΗ Ή ΘΩΡΑΚΙΚΗ, ΕΝΑ ΕΠΙΠΕΔΟ;;;;;
6103;X708919;ΕΝΕΣΗ, ΑΝΑΙΣΘΗΤΙΚΟΣ ΠΑΡΑΓΟΝΤΑΣ ΚΑΙ/Ή ΣΤΕΡΟΕΙΔΗ, ΔΙΑΤΡΗΜΑΤΙΚΗ ΕΠΙΣΚΛΗΡΙΔΙΟΣ. ΑΥΧΕΝΙΚΗ Ή ΘΩΡΑΚΙΚΗ, ΚΑΘΕ ΕΠΙΠΛΕΟΝ ΕΠΙΠΕΔΟ (ΝΑ ΚΑΤΑΓΡΑΦΕΤΑΙ ΞΕΧΩΡΙΣΤΑ ΜΑΖΙ ΜΕ ΤΟΝ ΚΩΔΙΚΟ ΓΙΑ ΤΗΝ ΒΑΣΙΚΗ ΔΙΑΔΙΚΑΣΙΑ);;;;;
6104;X708925;ΕΝΕΣΗ, ΑΝΑΙΣΘΗΤΙΚΟΣ ΠΑΡΑΓΟΝΤΑΣ ΚΑΙ/Ή ΣΤΕΡΟΕΙΔΗ, ΔΙΑΤΡΗΜΑΤΙΚΗ ΕΠΙΣΚΛΗΡΙΔΙΟΣ. ΟΣΦΥΪΚΗ Ή ΙΕΡΑ, ΕΝΑ ΕΠΙΠΕΔΟ;;;;;
6105;X708927;ΕΝΕΣΗ, ΑΝΑΙΣΘΗΤΙΚΟΣ ΠΑΡΑΓΟΝΤΑΣ ΚΑΙ/Ή ΣΤΕΡΟΕΙΔΗ, ΔΙΑΤΡΗΜΑΤΙΚΗ ΕΠΙΣΚΛΗΡΙΔΙΟΣ. ΟΣΦΥΪΚΗ Ή ΙΕΡΑ, ΚΑΘΕ ΕΠΙΠΛΕΟΝ ΕΠΙΠΕΔΟ (ΝΑ ΚΑΤΑΓΡΑΦΕΤΑΙ ΞΕΧΩΡΙΣΤΑ ΜΑΖΙ ΜΕ ΤΟΝ ΚΩΔΙΚΟ ΓΙΑ ΤΗ ΒΑΣΙΚΗ ΔΙΑΔΙΚΑΣΙΑ);;;;;
6106;X708969;ΕΝΕΣΗ, ΑΝΑΙΣΘΗΤΙΚΟΣ ΠΑΡΑΓΟΝΤΑΣ. ΣΦΗΝΟΫΠΕΡΩΙΟ ΓΑΓΓΛΙΟ;;;;;
6107;X708975;ΕΝΕΣΗ, ΑΝΑΙΣΘΗΤΙΚΟΣ ΠΑΡΑΓΟΝΤΑΣ. ΚΑΡΩΤΙΔΙΚΟ ΣΙΦΩΝΙΟ (ΞΕΧΩΡΙΣΤΗ ΔΙΑΔΙΚΑΣΙΑ);;;;;
6108;X708979;ΕΝΕΣΗ, ΑΝΑΙΣΘΗΤΙΚΟΣ ΠΑΡΑΓΟΝΤΑΣ. ΑΣΤΕΡΟΕΙΔΕΣ ΓΑΓΓΛΙΟ (ΑΥΧΕΝΙΚΟ ΣΥΜΠΑΘΗΤΙΚΟ);;;;;
6109;X708993;ΕΝΕΣΗ, ΑΝΑΙΣΘΗΤΙΚΟΣ ΠΑΡΑΓΟΝΤΑΣ. ΑΝΩ ΥΠΟΓΡΑΣΤΙΟ ΠΛΕΓΜΑ;;;;;
6110;X708999;ΕΝΕΣΗ, ΑΝΑΙΣΘΗΤΙΚΟΣ ΠΑΡΑΓΟΝΤΑΣ. ΟΣΦΥΙΚΗ Ή ΘΩΡΑΚΙΚΗ (ΠΑΡΑΣΠΟΝΔΥΛΙΟ ΣΥΜΠΑΘΗΤΙΚΟ);;;;;
6111;X709019;ΕΝΕΣΗ, ΑΝΑΙΣΘΗΤΙΚΟΣ ΠΑΡΑΓΟΝΤΑΣ. ΚΟΙΛΙΑΚΟ ΠΛΕΓΜΑ, ΜΕ Ή ΧΩΡΙΣ ΑΚΤΙΝΟΣΚΟΠΙΟ ΕΛΕΓΧΟ;;;;;
6112;X709059;ΕΙΣΑΓΩΓΗ ΝΕΥΡΟΔΙΕΓΕΡΤΗ ΕΠΙΦΑΝΕΙΑΣ (ΔΙΑΔΕΡΜΙΚΗ);;;;;
6113;X709065;ΔΙΑΔΕΡΜΙΚΗ ΕΜΦΥΤΕΥΣΗ ΝΕΥΡΟΔΙΕΓΕΡΤΙΚΩΝ ΗΛΕΚΤΡΟΔΙΩΝ. ΚΡΑΝΙΑΚΟ ΝΕΥΡΟ;;;;;
6114;X709069;ΔΙΑΔΕΡΜΙΚΗ ΕΜΦΥΤΕΥΣΗ ΝΕΥΡΟΔΙΕΓΕΡΤΙΚΩΝ ΗΛΕΚΤΡΟΔΙΩΝ, ΠΕΡΙΦΕΡΙΚΟ ΝΕΥΡΟ (ΔΕΝ ΠΕΡΙΛΑΜΒΑΝΕΙ ΤΟ ΙΕΡΟ ΝΕΥΡΟ);;;;;
6115;X709079;ΔΙΑΔΕΡΜΙΚΗ ΕΜΦΥΤΕΥΣΗ ΝΕΥΡΟΔΙΕΓΕΡΤΙΚΩΝ ΗΛΕΚΤΡΟΔΙΩΝ. ΑΥΤΟΝΟΜΟ ΝΕΥΡΟ;;;;;
6116;X709081;ΔΙΑΔΕΡΜΙΚΗ ΕΜΦΥΤΕΥΣΗ ΝΕΥΡΟΔΙΕΓΕΡΤΙΚΩΝ ΗΛΕΚΤΡΟΔΙΩΝ. ΙΕΡΟ ΝΕΥΡΟ (ΔΙΑΤΡΗΜΑΤΙΚΗ ΤΟΠΟΘΕΤΗΣΗ);;;;;
6117;X709089;ΔΙΑΔΕΡΜΙΚΗ ΕΜΦΥΤΕΥΣΗ ΝΕΥΡΟΔΙΕΓΕΡΤΙΚΩΝ ΗΛΕΚΤΡΟΔΙΩΝ. ΝΕΥΡΟΜΥΪΚΗ;;;;;
6118;X709105;ΤΟΜΗ ΓΙΑ ΕΜΦΥΤΕΥΣΗ ΝΕΥΡΟΔΙΕΓΕΡΤΙΚΩΝ ΗΛΕΚΤΡΟΔΙΩΝ. ΚΡΑΝΙΑΚΟ ΝΕΥΡΟ;;;;;
6119;X709109;ΤΟΜΗ ΓΙΑ ΕΜΦΥΤΕΥΣΗ ΝΕΥΡΟΔΙΕΓΕΡΤΙΚΩΝ ΗΛΕΚΤΡΟΔΙΩΝ. ΠΕΡΙΦΕΡΙΚΟ ΝΕΥΡΟ (ΔΕΝ ΠΕΡΙΛΑΜΒΑΝΕΙ ΤΟ ΙΕΡΟ ΝΕΥΡΟ);;;;;
6120;X709113;ΤΟΜΗ ΓΙΑ ΕΜΦΥΤΕΥΣΗ ΝΕΥΡΟΔΙΕΓΕΡΤΙΚΩΝ ΗΛΕΚΤΡΟΔΙΩΝ. ΑΥΤΟΝΟΜΟ ΝΕΥΡΟ;;;;;
6121;X709119;ΤΟΜΗ ΓΙΑ ΕΜΦΥΤΕΥΣΗ ΝΕΥΡΟΔΙΕΓΕΡΤΙΚΩΝ ΗΛΕΚΤΡΟΔΙΩΝ. ΝΕΥΡΟΜΥΪΚΗ;;;;;
6122;X709121;ΤΟΜΗ ΓΙΑ ΕΜΦΥΤΕΥΣΗ ΝΕΥΡΟΔΙΕΓΕΡΤΙΚΩΝ ΗΛΕΚΤΡΟΔΙΩΝ. ΙΕΡΟ ΝΕΥΡΟ (ΔΙΑΤΡΗΜΑΤΙΚΗ ΤΟΠΟΘΕΤΗΣΗ);;;;;
6123;X709129;ΑΝΑΘΕΩΡΗΣΗ Ή ΑΦΑΙΡΕΣΗ ΠΕΡΙΦΕΡΙΚΩΝ ΝΕΥΡΟΔΙΕΓΕΡΤΙΚΩΝ ΗΛΕΚΤΡΟΔΙΩΝ;;;;;
6124;X709139;ΕΙΣΑΓΩΓΗ Ή ΑΝΤΙΚΑΤΑΣΤΑΣΗ ΠΕΡΙΦΕΡΙΚΗΣ Ή ΓΑΣΤΡΙΚΗΣ ΓΕΝΝΗΤΡΙΑΣ Ή ΔΕΚΤΗ ΝΕΥΡΟΔΙΕΓΕΡΤΙΚΩΝ ΠΑΛΜΩΝ, ΑΜΕΣΗ Ή ΕΠΑΓΩΓΙΚΗ ΣΥΖΕΥΞΗ;;;;;
6125;X709149;ΑΝΑΘΕΩΡΗΣΗ Ή ΑΝΤΙΚΑΤΑΣΤΑΣΗ ΠΕΡΙΦΕΡΙΚΗΣ Ή ΓΑΣΤΡΙΚΗΣ ΓΕΝΝΗΤΡΙΑΣ Ή ΔΕΚΤΗ ΝΕΥΡΟΔΙΕΓΕΡΤΙΚΩΝ ΠΑΛΜΩΝ;;;;;
6126;X709159;ΚΑΤΑΣΤΡΟΦΗ ΜΕ ΝΕΥΡΟΛΥΤΙΚΟ ΠΑΡΑΓΟΝΤΑ, ΤΡΙΔΥΜΟ ΝΕΥΡΟ. ΥΠΕΡΚΟΓΧΙΟΣ, ΕΝΔΟΚΟΓΧΙΚΟΣ, ΓΕΝΕΙΑΚΟΣ Ή ΚΑΤΩ ΦΑΤΝΙΑΚΟΣ ΚΛΑΔΟΣ;;;;;
6127;X709169;ΚΑΤΑΣΤΡΟΦΗ ΜΕ ΝΕΥΡΟΛΥΤΙΚΟ ΠΑΡΑΓΟΝΤΑ, ΤΡΙΔΥΜΟ ΝΕΥΡΟ. ΔΕΥΤΕΡΟΣ ΚΑΙ ΤΡΙΤΟΣ ΚΛΑΔΟΣ ΣΤΟ ΩΟΕΙΔΕΣ ΤΡΗΜΑ;;;;;
6128;X709179;ΚΑΤΑΣΤΡΟΦΗ ΜΕ ΝΕΥΡΟΛΥΤΙΚΟ ΠΑΡΑΓΟΝΤΑ, ΤΡΙΔΥΜΟ ΝΕΥΡΟ. ΔΕΥΤΕΡΟΣ ΚΑΙ ΤΡΙΤΟΣ ΚΛΑΔΟΣ ΣΤΟ ΩΟΕΙΔΕΣ ΤΡΗΜΑ ΥΠΟ ΑΚΤΙΝΟΣΚΟΠΙΟ ΕΛΕΓΧΟ;;;;;
6129;X709183;ΧΗΜΙΚΗ ΑΠΟΝΕΥΡΩΣΗ ΜΥΩΝ. ΜΥΕΣ ΠΟΥ ΝΕΥΡΩΝΟΝΤΑΙ ΑΠΟ ΤΟ ΠΡΟΣΩΠΙΚΟ ΝΕΥΡΟ (Π.Χ. ΓΙΑ ΒΛΕΦΑΡΟΣΠΑΣΜΟ, ΗΜΙ-ΠΡΟΣΩΠΙΚΟ ΣΠΑΣΜΟ);;;;;
6130;X709185;ΧΗΜΙΚΗ ΑΠΟΝΕΥΡΩΣΗ ΜΥΩΝ. ΜΥΕΣ ΤΟΥ ΤΡΑΧΗΛΟΥ (Π.Χ. ΓΙΑ ΣΠΑΣΤΙΚΟ  ΡΑΙΒΟΚΡΑΝΟ, ΣΠΑΣΤΙΚΗ ΔΥΣΦΩΝΙΑ);;;;;
6131;X709187;ΧΗΜΙΚΗ ΑΠΟΝΕΥΡΩΣΗ ΜΥΩΝ. ΑΚΡΑ ΚΑΙ/Ή ΜΥΕΣ ΚΟΡΜΟΥ (Π.Χ. ΓΙΑ ΔΥΣΤΟΝΙΑ, ΕΓΚΕΦΑΛΙΚΗ ΠΑΡΑΛΥΣΗ, ΠΟΛΛΑΠΛΗ ΣΚΛΗΡΥΝΣΗ);;;;;
6132;X709199;ΚΑΤΑΣΤΡΟΦΗ ΜΕ ΝΕΥΡΟΛΥΤΙΚΟ ΠΑΡΑΓΟΝΤΑ, ΜΕΣΟΠΛΕΥΡΙΟ ΝΕΥΡΟ;;;;;
6133;X709203;ΚΑΤΑΣΤΡΟΦΗ ΜΕ ΝΕΥΡΟΛΥΤΙΚΟ ΠΑΡΑΓΟΝΤΑ, ΝΕΥΡΟ ΑΠΟΦΥΣΙΑΚΗΣ ΑΡΘΡΩΣΗΣ, ΟΣΦΥΪΚΗ Ή ΙΕΡΑ, ΕΝΑ ΕΠΙΠΕΔΟ;;;;;
6134;X709205;ΚΑΤΑΣΤΡΟΦΗ ΜΕ ΝΕΥΡΟΛΥΤΙΚΟ ΠΑΡΑΓΟΝΤΑ, ΝΕΥΡΟ ΑΠΟΦΥΣΙΑΚΗΣ ΑΡΘΡΩΣΗΣ, ΟΣΦΥΪΚΗ Ή ΙΕΡΑ, ΚΑΘΕ ΕΠΙΠΛΕΟΝ ΕΠΙΠΕΔΟ (ΝΑ ΚΑΤΑΓΡΑΦΕΤΑΙ ΞΕΧΩΡΙΣΤΑ ΜΑΖΙ ΜΕ ΤΟΝ ΚΩΔΙΚΟ ΓΙΑ ΤΗ ΒΑΣΙΚΗ ΔΙΑΔΙΚΑΣΙΑ);;;;;
6135;X709211;ΚΑΤΑΣΤΡΟΦΗ ΜΕ ΝΕΥΡΟΛΥΤΙΚΟ ΠΑΡΑΓΟΝΤΑ, ΝΕΥΡΟ ΑΠΟΦΥΣΙΑΚΗΣ ΑΡΘΡΩΣΗΣ. ΑΥΧΕΝΙΚΗ Ή ΘΩΡΑΚΙΚΗ, ΕΝΑ ΕΠΙΠΕΔΟ;;;;;
6136;X709213;ΚΑΤΑΣΤΡΟΦΗ ΜΕ ΝΕΥΡΟΛΥΤΙΚΟ ΠΑΡΑΓΟΝΤΑ, ΝΕΥΡΟ ΑΠΟΦΥΣΙΑΚΗΣ ΑΡΘΡΩΣΗΣ. ΑΥΧΕΝΙΚΗ Ή ΘΩΡΑΚΙΚΗ, ΚΑΘΕ ΕΠΙΠΛΕΟΝ ΕΠΙΠΕΔΟ (ΝΑ ΚΑΤΑΓΡΑΦΕΤΑΙ ΞΕΧΩΡΙΣΤΑ ΜΑΖΙ ΜΕ ΤΟΝ ΚΩΔΙΚΟ ΓΙΑ ΤΗΝ ΒΑΣΙΚΗ ΔΙΑΔΙΚΑΣΙΑ);;;;;
6137;X709219;ΚΑΤΑΣΤΡΟΦΗ ΜΕ ΝΕΥΡΟΛΥΤΙΚΟ ΠΑΡΑΓΟΝΤΑ, ΑΙΔΟΙΙΚΟ ΝΕΥΡΟ;;;;;
6138;X709223;ΚΑΤΑΣΤΡΟΦΗ ΜΕ ΝΕΥΡΟΛΥΤΙΚΟ ΠΑΡΑΓΟΝΤΑ. ΚΟΙΝΟ ΔΑΚΤΥΛΙΚΟ ΝΕΥΡΟ ΠΕΛΜΑΤΟΣ;;;;;
6139;X709239;ΚΑΤΑΣΤΡΟΦΗ ΜΕ ΝΕΥΡΟΛΥΤΙΚΟ ΠΑΡΑΓΟΝΤΑ. ΑΛΛΟ ΠΕΡΙΦΕΡΙΚΟ ΝΕΥΡΟ Ή ΚΛΑΔΟΣ;;;;;
6140;X709259;ΧΗΜΙΚΗ ΑΠΟΝΕΥΡΩΣΗ ΑΠΟΚΡΙΝΩΝ ΑΔΕΝΩΝ. ΚΑΙ ΟΙ ΔΥΟ ΜΑΣΧΑΛΕΣ;;;;;
6141;X709265;ΧΗΜΙΚΗ ΑΠΟΝΕΥΡΩΣΗ ΑΠΟΚΡΙΝΩΝ ΑΔΕΝΩΝ, ΑΛΛΕΣ ΠΕΡΙΟΧΕΣ (Π.Χ ΔΕΡΜΑ ΚΡΑΝΙΟΥ, ΠΡΟΣΩΠΟ, ΛΑΙΜΟΣ), ΑΝΑ ΗΜΕΡΑ;;;;;
6142;X709319;ΚΑΤΑΣΤΡΟΦΗ ΜΕ ΝΕΥΡΟΛΥΤΙΚΟ ΠΑΡΑΓΟΝΤΑ, ΜΕ Ή ΧΩΡΙΣ ΑΚΤΙΝΟΣΚΟΠΙΚΟ ΕΛΕΓΧΟ ΚΟΙΛΙΑΚΟ ΠΛΕΓΜΑ;;;;;
6143;X709321;ΚΑΤΑΣΤΡΟΦΗ ΜΕ ΝΕΥΡΟΛΥΤΙΚΟ ΠΑΡΑΓΟΝΤΑ, ΜΕ Ή ΧΩΡΙΣ ΑΚΤΙΝΟΣΚΟΠΙΚΟ ΕΛΕΓΧΟ ΑΝΩ ΥΠΟΓΑΣΤΡΙΚΟ ΠΛΕΓΜΑ;;;;;
6144;X709363;ΝΕΥΡΟΠΛΑΣΤΙΚΗ: ΔΑΚΤΥΛΩΝ, 1 Ή ΚΑΙ ΤΑ ΔΥΟ, ΙΔΙΟ ΔΑΚΤΥΛΟ;;;;;
6145;X709367;ΝΕΥΡΟΠΛΑΣΤΙΚΗ: ΝΕΥΡΟ ΧΕΡΙΟΥ Η ΠΟΔΙΟΥ;;;;;
6146;X709375;ΝΕΥΡΟΠΛΑΣΤΙΚΗ, ΜΕΙΖΟΝ ΠΕΡΙΦΕΡΙΚΟ ΝΕΥΡΟ, ΒΡΑΧΙΟΝΑΣ Ή ΚΝΗΜΗ. ΕΚΤΟΣ ΟΣΩΝ ΑΝΑΦΕΡΟΝΤΑΙ ΧΩΡΙΣΤΑ;;;;;
6147;X709383;ΝΕΥΡΟΠΛΑΣΤΙΚΗ, ΜΕΙΖΟΝ ΠΕΡΙΦΕΡΙΚΟ ΝΕΥΡΟ, ΒΡΑΧΙΟΝΑΣ Ή ΚΝΗΜΗ. ΙΣΧΙΑΚΟ ΝΕΥΡΟ;;;;;
6148;X709385;ΝΕΥΡΟΠΛΑΣΤΙΚΗ, ΜΕΙΖΟΝ ΠΕΡΙΦΕΡΙΚΟ ΝΕΥΡΟ, ΒΡΑΧΙΟΝΑΣ Ή ΚΝΗΜΗ. ΒΡΑΧΙΟΝΙΟ ΠΛΕΓΜΑ;;;;;
6149;X709387;ΝΕΥΡΟΠΛΑΣΤΙΚΗ, ΜΕΙΖΟΝ ΠΕΡΙΦΕΡΙΚΟ ΝΕΥΡΟ, ΒΡΑΧΙΟΝΑΣ Ή ΚΝΗΜΗ. ΟΣΦΥΙΚΟ ΠΛΕΓΜΑ;;;;;
6150;X709391;ΝΕΥΡΟΠΛΑΣΤΙΚΗ ΚΑΙ/Ή ΑΝΤΙΜΕΤΑΘΕΣΗ. ΚΡΑΝΙΑΚΟ ΝΕΥΡΟ (ΚΑΘΟΡΙΣΤΕ);;;;;
6151;X709395;ΝΕΥΡΟΠΛΑΣΤΙΚΗ ΚΑΙ/Ή ΑΝΤΙΜΕΤΑΘΕΣΗ. ΩΛΕΝΙΟ ΝΕΥΡΟ ΣΤΟΝ ΑΓΚΩΝΑ;;;;;
6152;X709397;ΝΕΥΡΟΠΛΑΣΤΙΚΗ ΚΑΙ/Ή ΑΝΤΙΜΕΤΑΘΕΣΗ. ΩΛΕΝΙΟ ΝΕΥΡΟ ΣΤΟΝ ΚΑΡΠΟ;;;;;
6153;X709401;ΝΕΥΡΟΠΛΑΣΤΙΚΗ ΚΑΙ/Ή ΑΝΤΙΜΕΤΑΘΕΣΗ. ΜΕΣΟ ΝΕΥΡΟ ΣΤΟΝ ΚΑΡΠΙΑΙΟ ΣΩΛΗΝΑ;;;;;
6154;X709403;ΑΠΟΣΥΜΠΙΕΣΗ. ΜΗ ΚΑΘΟΡΙΣΜΕΝΟ(Α) ΝΕΥΡΟ(Α) (ΚΑΘΟΡΙΣΤΕ);;;;;
6155;X709411;ΑΠΟΣΥΜΠΙΕΣΗ. ΔΑΚΤΥΛΙΚΟΥ ΝΕΥΡΟΥ ΠΕΛΜΑΤΟΣ;;;;;
6156;X709413;ΕΣΩΤΕΡΙΚΗ ΝΕΥΡΟΛΥΣΗ, ΜΕ ΧΡΗΣΗ ΧΕΙΡΟΥΡΓΙΚΟΥ ΜΙΚΡΟΣΚΟΠΙΟΥ (ΚΑΤΑΓΡΑΦΕΤΑΙ ΞΕΧΩΡΙΣΤΑ ΜΑΖΙ ΜΕ ΤΟΝ ΚΩΔΙΚΟ ΓΙΑ ΤΗ ΝΕΥΡΟΠΛΑΣΤΙΚΗ) (Η ΝΕΥΡΟΠΛΑΣΤΙΚΗ ΠΕΡΙΛΑΜΒΑΝΕΙ ΕΞΩΤΕΡΙΚΗ ΝΕΥΡΟΛΥΣΗ);;;;;
6157;X709423;ΔΙΑΤΟΜΗ Ή ΑΠΟΣΠΑΣΗ ΥΠΕΡΚΟΓΧΙΟΥ ΝΕΥΡΟΥ;;;;;
6158;X709427;ΔΙΑΤΟΜΗ Ή ΑΠΟΣΠΑΣΗ ΥΠΟΚΟΓΧΙΟΥ ΝΕΥΡΟΥ;;;;;
6159;X709431;ΔΙΑΤΟΜΗ Ή ΑΠΟΣΠΑΣΗ ΓΕΝΕΙΑΚΟΥ ΝΕΥΡΟΥ;;;;;
6160;X709435;ΔΙΑΤΟΜΗ Ή ΑΠΟΣΠΑΣΗ ΤΟΥ ΚΑΤΩ ΦΑΤΝΙΑΚΟΥ ΝΕΥΡΟΥ ΜΕ ΟΣΤΕΟΤΟΜΙΑΣ;;;;;
6161;X709439;ΔΙΑΤΟΜΗ Ή ΑΠΟΣΠΑΣΗ ΓΛΩΣΣΙΚΟΥ ΝΕΥΡΟΥ;;;;;
6162;X709443;ΔΙΑΤΟΜΗ Ή ΑΠΟΣΠΑΣΗ ΠΡΟΣΩΠΙΚΟΥ ΝΕΥΡΟΥ, ΕΠΙΛΕΚΤΙΚΗ Ή ΠΛΗΡΗΣ;;;;;
6163;X709447;ΔΙΑΤΟΜΗ Ή ΑΠΟΣΠΑΣΗ ΤΟΥ ΜΕΙΖΟΝΟΣ ΙΝΙΑΚΟΥ ΝΕΥΡΟΥ;;;;;
6164;X709451;ΔΙΑΤΟΜΗ Ή ΑΠΟΣΠΑΣΗ ΦΡΕΝΙΚΟΥ ΝΕΥΡΟΥ;;;;;
6165;X709463;ΔΙΑΤΟΜΗ Ή ΑΠΟΣΠΑΣΗ ΠΝΕΥΜΟΝΟΓΑΣΤΡΙΚΟΥ ΝΕΥΡΟΥ (ΒΑΓΟΤΟΜΗ), ΕΝΔΟΘΩΡΑΚΙΚΗ;;;;;
6166;X709469;ΔΙΑΤΟΜΗ Ή ΑΠΟΣΠΑΣΗ ΠΝΕΥΜΟΝΟΓΑΣΤΡΙΚΩΝ ΝΕΥΡΩΝ ΠΕΡΙΟΡΙΣΜΕΝΗ ΣΤΟ ΕΓΓΥΣ ΤΜΗΜΑ ΤΟΥ ΣΤΟΜΑΧΟΥ (ΕΠΙΛΕΚΤΙΚΗ ΕΓΓΥΣ ΒΑΓΟΤΟΜΗ, ΕΓΓΥΣ ΓΑΣΤΡΙΚΗ ΒΑΓΟΤΟΜΗ, ΒΑΓΟΤΟΜΗ ΤΟΙΧΩΜΑΤΙΚΩΝ ΚΥΤΤΑΡΩΝ, (ΥΠΕΡ-) ΕΠΙΛΕΚΤΙΚΗ ΒΑΓΟΤΟΜΗ);;;;;
6167;X709479;ΔΙΑΤΟΜΗ Ή ΑΠΟΣΠΑΣΗ ΠΝΕΥΜΟΝΟΓΑΣΤΡΙΚΟΥ ΝΕΥΡΟΥ (ΒΑΓΟΤΟΜΗ), ΚΟΙΛΙΑΚΗ;;;;;
6168;X709481;ΔΙΑΤΟΜΗ Ή ΑΠΟΣΠΑΣΗ ΑΙΔΟΙΑΚΟΥ ΝΕΥΡΟΥ;;;;;
6169;X709485;ΔΙΑΤΟΜΗ Ή ΑΠΟΣΠΑΣΗ ΘΥΡΟΕΙΔΟΥΣ ΝΕΥΡΟΥ, ΕΞΩΠΥΕΛΙΚΗ, ΜΕ Ή ΧΩΡΙΣ ΤΕΝΟΝΤΟΤΟΜΗ ΠΡΟΣΑΓΩΓΟΥ;;;;;
6170;X709491;ΔΙΑΤΟΜΗ Ή ΑΠΟΣΠΑΣΗ ΘΥΡΟΕΙΔΟΥΣ ΝΕΥΡΟΥ, ΕΝΔΟΠΥΕΛΙΚΗ, ΜΕ Ή ΧΩΡΙΣ ΤΕΝΟΝΤΟΤΟΜΗ ΠΡΟΣΑΓΩΓΟΥ;;;;;
6171;X709501;ΔΙΑΤΟΜΗ Ή ΑΠΟΣΠΑΣΗ ΑΛΛΟΥ ΚΡΑΝΙΑΚΟΥ ΝΕΥΡΟΥ, ΕΞΩΣΚΛΗΡΙΔΙΟΥ;;;;;
6172;X709503;ΔΙΑΤΟΜΗ Ή ΑΠΟΣΠΑΣΗ ΑΛΛΟΥ ΝΩΤΙΑΙΟΥ ΝΕΥΡΟΥ, ΕΞΩΣΚΛΗΡΙΔΙΟΥ;;;;;
6173;X709507;ΕΚΤΟΜΗ ΝΕΥΡΙΝΩΜΑΤΟΣ. ΔΕΡΜΑΤΙΚΟ ΝΕΥΡΟ, ΧΕΙΡΟΥΡΓΙΚΑ ΤΑΥΤΟΠΟΙΗΣΙΜΟ;;;;;
6174;X709511;ΕΚΤΟΜΗ ΝΕΥΡΙΝΩΜΑΤΟΣ. ΔΑΚΤΥΛΙΚΟ ΝΕΥΡΟ, 1 Ή ΚΑΙ ΤΑ ΔΥΟ, ΙΔΙΟ ΔΑΚΤΥΛΟ;;;;;
6175;X709515;ΕΚΤΟΜΗ ΝΕΥΡΙΝΩΜΑΤΟΣ. ΔΑΚΤΥΛΙΚΟ ΝΕΥΡΟ. ΚΑΘΕ ΕΠΙΠΛΕΟΝ ΔΑΚΤΥΛΟ (ΝΑ ΚΑΤΑΓΡΑΦΕΤΑΙ ΞΕΧΩΡΙΣΤΑ ΕΠΙΠΛΕΟΝ ΤΟΥ ΚΩΔΙΚΟΥ ΤΗΣ ΑΡΧΙΚΗΣ ΔΙΑΔΙΚΑΣΙΑΣ);;;;;
6176;X709523;ΕΚΤΟΜΗ ΝΕΥΡΙΝΩΜΑΤΟΣ. ΧΕΡΙ Ή ΠΟΔΙ, ΕΚΤΟΣ ΤΟΥ ΔΑΚΤΥΛΙΚΟΥ ΝΕΥΡΟΥ;;;;;
6177;X709525;ΕΚΤΟΜΗ ΝΕΥΡΙΝΩΜΑΤΟΣ. ΧΕΡΙ Ή ΠΟΔΙ, ΚΑΘΕ ΕΠΙΠΛΕΟΝ ΝΕΥΡΟ, ΕΚΤΟΣ ΤΟΥ ΙΔΙΟΥ ΔΑΚΤΥΛΟΥ (ΝΑ ΚΑΤΑΓΡΑΦΕΤΑΙ ΞΕΧΩΡΙΣΤΑ ΕΠΙΠΛΕΟΝ ΤΟΥ ΚΩΔΙΚΟΥ ΤΗΣ ΑΡΧΙΚΗΣ ΔΙΑΔΙΚΑΣΙΑΣ);;;;;
6178;X709527;ΕΚΤΟΜΗ ΝΕΥΡΙΝΩΜΑΤΟΣ. ΜΕΙΖΟΝ ΠΕΡΙΦΕΡΙΚΟ ΝΕΥΡΟ, ΕΚΤΟΣ ΙΣΧΙΑΚΟΥ ΝΕΥΡΟΥ;;;;;
6179;X709531;ΕΚΤΟΜΗ ΝΕΥΡΙΝΩΜΑΤΟΣ. ΙΣΧΙΑΚΟ ΝΕΥΡΟ;;;;;
6180;X709533;ΕΜΦΥΤΕΥΣΗ ΝΕΥΡΙΚΟΥ ΑΚΡΟΥ ΣΕ ΟΣΤΟ Ή ΜΥ (ΝΑ ΚΑΤΑΓΡΑΦΕΤΑΙ ΞΕΧΩΡΙΣΤΑ ΜΑΖΙ ΜΕ ΤΗΝ ΕΚΤΟΜΗ ΝΕΥΡΙΝΩΜΑΤΟΣ);;;;;
6181;X709535;ΕΚΤΟΜΗ ΝΕΥΡΟΪΝΩΜΑΤΟΣ Ή ΝΕΥΡΕΙΛΗΜΜΩΜΑΤΟΣ. ΔΕΡΜΑΤΙΚΟ ΝΕΥΡΟ;;;;;
6182;X709539;ΕΚΤΟΜΗ ΝΕΥΡΟΪΝΩΜΑΤΟΣ Ή ΝΕΥΡΕΙΛΗΜΜΩΜΑΤΟΣ. ΜΕΙΖΟΝ ΠΕΡΙΦΕΡΙΚΟ ΝΕΥΡΟ;;;;;
6183;X709543;ΕΚΤΟΜΗ ΝΕΥΡΟΪΝΩΜΑΤΟΣ Ή ΝΕΥΡΕΙΛΗΜΜΩΜΑΤΟΣ. ΕΥΡΕΙΑ (ΣΥΜΠΕΡΙΛΑΜΒΑΝΟΜΕΝΟΥ ΤΟΥ ΚΑΚΟΗΘΟΥΣ ΤΥΠΟΥ);;;;;
6184;X709549;ΒΙΟΨΙΑ ΝΕΥΡΟΥ;;;;;
6185;X709563;ΣΥΜΠΑΘΕΚΤΟΜΗ, ΑΥΧΕΝΙΚΗ;;;;;
6186;X709567;ΣΥΜΠΑΘΕΚΤΟΜΗ, ΑΥΧΕΝΟΘΩΡΑΚΙΚΗ;;;;;
6187;X709577;ΣΥΜΠΑΘΕΚΤΟΜΗ, ΘΩΡΑΚΟΟΣΦΥΙΚΗ;;;;;
6188;X709595;ΣΥΜΠΑΘΕΚΤΟΜΗ, ΟΣΦΥΙΚΗ;;;;;
6189;X709599;ΣΥΜΠΑΘΕΚΤΟΜΗ. ΔΑΚΤΥΛΙΚΕΣ ΑΡΤΗΡΙΕΣ, ΚΑΘΕ ΔΑΚΤΥΛΟ;;;;;
6190;X709601;ΣΥΜΠΑΘΕΚΤΟΜΗ. ΚΕΡΚΙΔΙΚΗ ΑΡΤΗΡΙΑ;;;;;
6191;X709603;ΣΥΜΠΑΘΕΚΤΟΜΗ. ΩΛΕΝΙΑ ΑΡΤΗΡΙΑ;;;;;
6192;X709605;ΣΥΜΠΑΘΕΚΤΟΜΗ. ΕΠΙΦΑΝΕΙΑΚΗ ΠΑΛΑΜΙΑΙΑΣ ΚΑΜΑΡΑΣ;;;;;
6193;X709621;ΣΥΡΡΑΦΗ ΔΑΚΤΥΛΙΚΟΥ ΝΕΥΡΟΥ, ΧΕΡΙ Ή ΠΟΔΙ. 1 ΝΕΥΡΟ;;;;;
6194;X709623;ΣΥΡΡΑΦΗ ΔΑΚΤΥΛΙΚΟΥ ΝΕΥΡΟΥ, ΧΕΡΙ Ή ΠΟΔΙ. ΚΑΘΕ ΕΠΙΠΛΕΟΝ ΔΑΚΤΥΛΙΚΟ ΝΕΥΡΟ (ΝΑ ΚΑΤΑΓΡΑΦΕΤΑΙ ΞΕΧΩΡΙΣΤΑ ΕΠΙΠΛΕΟΝ ΤΟΥ ΚΩΔΙΚΟΥ ΤΗΣ ΑΡΧΙΚΗΣ ΔΙΑΔΙΚΑΣΙΑΣ);;;;;
6195;X709627;ΣΥΡΡΑΦΗ ΕΝΟΣ ΝΕΥΡΟΥ. ΧΕΡΙ Ή ΠΟΔΙ, ΚΟΙΝΟ ΑΙΣΘΗΤΙΚΟ ΝΕΥΡΟ;;;;;
6196;X709629;ΣΥΡΡΑΦΗ ΕΝΟΣ ΝΕΥΡΟΥ. ΜΕΣΟ ΚΙΝΗΤΙΚΟ ΘΕΝΑΡ;;;;;
6197;X709631;ΣΥΡΡΑΦΗ ΕΝΟΣ ΝΕΥΡΟΥ. ΩΛΕΝΙΟ ΚΙΝΗΤΙΚΟ;;;;;
6198;X709633;ΣΥΡΡΑΦΗ ΚΑΘΕ ΕΠΙΠΛΕΟΝ ΝΕΥΡΟΥ, ΧΕΡΙΟΥ Ή ΠΟΔΙΟΥ (ΝΑ ΚΑΤΑΓΡΑΦΕΤΑΙ ΞΕΧΩΡΙΣΤΑ ΕΠΙΠΛΕΟΝ ΤΟΥ ΚΩΔΙΚΟΥ ΤΗΣ ΑΡΧΙΚΗΣ ΔΙΑΔΙΚΑΣΙΑΣ);;;;;
6199;X709639;ΣΥΡΡΑΦΗ ΟΠΙΣΘΙΟΥ ΚΝΗΜΙΑΙΑΟΥ ΝΕΥΡΟΥ;;;;;
6200;X709671;ΣΥΡΡΑΦΗ ΜΕΙΖΟΝΟΣ ΠΕΡΙΦΕΡΙΚΟΥ ΝΕΥΡΟΥ, ΑΝΩ Ή ΚΑΤΩ ΑΚΡΟ, ΕΚΤΟΣ ΙΣΧΙΑΚΟΥ. ΣΥΜΠΕΡΙΛΑΜΒΑΝΟΜΕΝΗΣ ΤΗΣ ΑΝΤΙΜΕΤΑΘΕΣΗΣ;;;;;
6201;X709673;ΣΥΡΡΑΦΗ ΜΕΙΖΟΝΟΣ ΠΕΡΙΦΕΡΙΚΟΥ ΝΕΥΡΟΥ, ΑΝΩ Ή ΚΑΤΩ ΑΚΡΟ, ΕΚΤΟΣ ΙΣΧΙΑΚΟΥ. ΧΩΡΙΣ ΑΝΤΙΜΕΤΑΘΕΣΗ;;;;;
6202;X709675;ΣΥΡΡΑΦΗ ΙΣΧΙΑΚΟΥ ΝΕΥΡΟΥ;;;;;
6203;X709677;ΣΥΡΡΑΦΗ ΚΑΘΕ ΕΠΙΠΛΕΟΝ ΜΕΙΖΟΝΟΣ ΠΕΡΙΦΕΡΙΚΟΥ ΝΕΥΡΟΥ (ΝΑ ΚΑΤΑΓΡΑΦΕΤΑΙ ΞΕΧΩΡΙΣΤΑ ΕΠΙΠΛΕΟΝ ΤΟΥ ΚΩΔΙΚΟΥ ΤΗΣ ΑΡΧΙΚΗΣ ΔΙΑΔΙΚΑΣΙΑΣ);;;;;
6204;X709681;ΣΥΡΡΑΦΗ ΒΡΑΧΙΟΝΙΟΥ ΠΛΕΓΜΑΤΟΣ;;;;;
6205;X709683;ΣΥΡΡΑΦΗ ΟΣΦΥΪΚΟΥ ΠΛΕΓΜΑΤΟΣ;;;;;
6206;X709687;ΣΥΡΡΑΦΗ ΠΡΟΣΩΠΙΚΟΥ ΝΕΥΡΟΥ. ΕΞΩΚΡΑΝΙΑΚΗ;;;;;
6207;X709689;ΣΥΡΡΑΦΗ ΠΡΟΣΩΠΙΚΟΥ ΝΕΥΡΟΥ. ΥΠΟΚΡΟΤΑΦΙΚΗ, ΜΕ Ή ΧΩΡΙΣ ΜΕΤΑΜΟΣΧΕΥΣΗ;;;;;
6208;X709691;ΑΝΑΣΤΟΜΩΣΗ. ΠΡΟΣΩΠΙΚΟΥ - ΠΑΡΑΠΛΗΡΩΜΑΤΙΚΟΥ;;;;;
6209;X709695;ΑΝΑΣΤΟΜΩΣΗ. ΠΡΟΣΩΠΙΚΟΥ - ΥΠΟΓΛΩΣΣΙΟΥ;;;;;
6210;X709699;ΑΝΑΣΤΟΜΩΣΗ. ΠΡΟΣΩΠΙΚΟΥ - ΦΡΕΝΙΚΟΥ;;;;;
6211;X709703;ΣΥΡΡΑΦΗ ΝΕΥΡΟΥ ΠΟΥ ΑΠΑΙΤΕΙ ΔΕΥΤΕΡΕΥΟΥΣΑ Ή ΚΑΘΥΣΤΕΡΗΜΕΝΗ ΣΥΡΡΑΦΗ (ΝΑ ΚΑΤΑΓΡΑΦΕΤΑΙ ΞΕΧΩΡΙΣΤΑ ΕΠΙΠΛΕΟΝ ΤΟΥ ΚΩΔΙΚΟΥ ΤΗΣ ΑΡΧΙΚΗΣ ΝΕΥΡΟΡΡΑΦΗΣ);;;;;
6212;X709707;ΣΥΡΡΑΦΗ ΝΕΥΡΟΥ ΠΟΥ ΑΠΑΙΤΕΙ ΕΚΤΕΤΑΜΕΝΗ ΚΙΝΗΤΟΠΟΙΗΣΗ Ή ΑΝΤΙΜΕΤΑΘΕΣΗ  ΤΟΥ ΝΕΥΡΟΥ (ΝΑ ΚΑΤΑΓΡΑΦΕΤΑΙ ΞΕΧΩΡΙΣΤΑ ΕΠΙΠΛΕΟΝ ΤΟΥ ΚΩΔΙΚΟΥ ΓΙΑ ΤΗ ΣΥΡΡΑΦΗ ΝΕΥΡΩΝ);;;;;
6213;X709711;ΣΥΡΡΑΦΗ ΝΕΥΡΟΥ ΠΟΥ ΑΠΑΙΤΕΙ ΤΗ ΒΡΑΧΥΝΣΗ ΟΣΤΟΥ ΑΚΡΟΥ (ΝΑ ΚΑΤΑΓΡΑΦΕΤΑΙ ΞΕΧΩΡΙΣΤΑ ΕΠΙΠΛΕΟΝ ΤΟΥ ΚΩΔΙΚΟΥ ΤΗΣ ΣΥΡΡΑΦΗΣ ΝΕΥΡΩΝ);;;;;
6214;X709729;ΜΕΤΑΜΟΣΧΕΥΣΗ ΝΕΥΡΟΥ (ΠΕΡΙΛΑΜΒΑΝΕΙ ΤΗΝ ΑΠΟΚΤΗΣΗ ΤΟΥ ΜΟΣΧΕΥΜΑΤΟΣ), ΚΕΦΑΛΗΣ Ή ΑΥΧΕΝΑ. ΩΣ 4 ΕΚ. ΣΕ ΜΗΚΟΣ;;;;;
6215;X709731;ΜΕΤΑΜΟΣΧΕΥΣΗ ΝΕΥΡΟΥ (ΠΕΡΙΛΑΜΒΑΝΕΙ ΤΗΝ ΑΠΟΚΤΗΣΗ ΤΟΥ ΜΟΣΧΕΥΜΑΤΟΣ), ΚΕΦΑΛΗΣ Ή ΤΡΑΧΗΛΟΥ. ΑΝΩ ΤΩΝ 4 ΕΚ. ΣΕ ΜΗΚΟΣ;;;;;
6216;X709739;ΜΕΤΑΜΟΣΧΕΥΣΗ ΝΕΥΡΟΥ (ΠΕΡΙΛΑΜΒΑΝΕΙ ΤΗΝ ΑΠΟΚΤΗΣΗ ΤΟΥ ΜΟΣΧΕΥΜΑΤΟΣ), ΜΙΑ ΔΕΣΜΗ,  ΑΚΡΑΣ ΧΕΙΡΟΣ Ή ΠΟΔΙΟΥ. ΕΩΣ 4 ΕΚ ΣΕ ΜΗΚΟΣ;;;;;
6217;X709741;ΜΕΤΑΜΟΣΧΕΥΣΗ ΝΕΥΡΟΥ (ΠΕΡΙΛΑΜΒΑΝΕΙ ΤΗΝ ΑΠΟΚΤΗΣΗ ΤΟΥ ΜΟΣΧΕΥΜΑΤΟΣ), ΜΙΑ ΔΕΣΜΗ, ΧΕΙΡΟΣ Ή ΠΟΔΙΟΥ.  ΑΝΩ ΤΩΝ 4 ΕΚ ΣΕ ΜΗΚΟΣ;;;;;
6218;X709743;ΜΕΤΑΜΟΣΧΕΥΣΗ ΝΕΥΡΟΥ (ΠΕΡΙΛΑΜΒΑΝΕΙ ΤΗΝ ΑΠΟΚΤΗΣΗ ΤΟΥ ΜΟΣΧΕΥΜΑΤΟΣ), ΜΙΑ ΔΕΣΜΗ, ΑΝΩ Ή ΚΑΤΩ ΑΚΡΟΥ. ΕΩΣ 4 ΕΚ ΣΕ ΜΗΚΟΣ;;;;;
6219;X709745;ΜΕΤΑΜΟΣΧΕΥΣΗ ΝΕΥΡΟΥ (ΠΕΡΙΛΑΜΒΑΝΕΙ ΤΗΝ ΑΠΟΚΤΗΣΗ ΤΟΥ ΜΟΣΧΕΥΜΑΤΟΣ), ΜΙΑ ΔΕΣΜΗ, ΑΝΩ Ή ΚΑΤΩ ΑΚΡΟΥ. ΑΝΩ ΤΩΝ 4 ΕΚ ΣΕ ΜΗΚΟΣ;;;;;
6220;X709749;ΜΕΤΑΜΟΣΧΕΥΣΗ ΝΕΥΡΟΥ (ΠΕΡΙΛΑΜΒΑΝΕΙ ΤΗΝ ΑΠΟΚΤΗΣΗ ΤΟΥ ΜΟΣΧΕΥΜΑΤΟΣ), ΠΟΛΛΑΠΛΕΣ ΔΕΣΜΕΣ (ΑΛΥΣΙΔΑΣ), ΑΚΡΑΣ ΧΕΙΡΟΣ Ή ΠΟΔΙΟΥ. ΕΩΣ 4 ΕΚ ΣΕ ΜΗΚΟΣ;;;;;
6221;X709751;ΜΕΤΑΜΟΣΧΕΥΣΗ ΝΕΥΡΟΥ (ΠΕΡΙΛΑΜΒΑΝΕΙ ΤΗΝ ΑΠΟΚΤΗΣΗ ΤΟΥ ΜΟΣΧΕΥΜΑΤΟΣ), ΠΟΛΛΑΠΛΕΣ ΔΕΣΜΕΣ (ΑΛΥΣΙΔΑΣ), ΑΚΡΑΣ ΧΕΙΡΟΣ Ή ΠΟΔΙΟΥ. ΑΝΩ ΤΩΝ 4 ΕΚ ΣΕ ΜΗΚΟΣ;;;;;
6222;X709753;ΜΕΤΑΜΟΣΧΕΥΣΗ ΝΕΥΡΟΥ (ΠΕΡΙΛΑΜΒΑΝΕΙ ΤΗΝ ΑΠΟΚΤΗΣΗ ΤΟΥ ΜΟΣΧΕΥΜΑΤΟΣ), ΠΟΛΛΑΠΛΕΣ ΔΕΣΜΕΣ (ΑΛΥΣΙΔΑΣ), ΑΝΩ Ή ΚΑΤΩ ΑΚΡΟΥ. ΕΩΣ 4 ΕΚ ΣΕ ΜΗΚΟΣ;;;;;
6223;X709755;ΜΕΤΑΜΟΣΧΕΥΣΗ ΝΕΥΡΟΥ (ΠΕΡΙΛΑΜΒΑΝΕΙ ΤΗΝ ΑΠΟΚΤΗΣΗ ΤΟΥ ΜΟΣΧΕΥΜΑΤΟΣ), ΠΟΛΛΑΠΛΕΣ ΔΕΣΜΕΣ (ΑΛΥΣΙΔΑΣ), ΑΝΩ Ή ΚΑΤΩ ΑΚΡΟΥ. ΑΝΩ ΤΩΝ 4 ΕΚ ΣΕ ΜΗΚΟΣ;;;;;
6224;X709761;ΜΕΤΑΜΟΣΧΕΥΣΗ ΝΕΥΡΟΥ, ΚΑΘΕ ΕΠΙΠΛΕΟΝ ΝΕΥΡΟ. ΜΙΑ ΔΕΣΜΗ (ΝΑ ΚΑΤΑΓΡΑΦΕΤΑΙ ΞΕΧΩΡΙΣΤΑ ΕΠΙΠΛΕΟΝ ΤΟΥ ΚΩΔΙΚΟΥ ΤΗΣ ΑΡΧΙΚΗΣ ΔΙΑΔΙΚΑΣΙΑΣ);;;;;
6225;X709763;ΜΕΤΑΜΟΣΧΕΥΣΗ ΝΕΥΡΟΥ, ΚΑΘΕ ΕΠΙΠΛΕΟΝ ΝΕΥΡΟ. ΠΟΛΛΑΠΛΕΣ ΔΕΣΜΕΣ (ΑΛΥΣΙΔΑΣ) (ΝΑ ΚΑΤΑΓΡΑΦΕΤΑΙ ΞΕΧΩΡΙΣΤΑ ΕΠΙΠΛΕΟΝ ΤΟΥ ΚΩΔΙΚΟΥ ΤΗΣ ΑΡΧΙΚΗΣ ΔΙΑΔΙΚΑΣΙΑΣ);;;;;
6226;X709769;ΜΕΤΑΦΟΡΑ ΝΕΥΡΙΚΟΥ ΜΙΣΧΟΥ. ΠΡΩΤΟ ΣΤΑΔΙΟ;;;;;
6227;X709773;ΜΕΤΑΦΟΡΑ ΝΕΥΡΙΚΟΥ ΜΙΣΧΟΥ. ΔΕΥΤΕΡΟ ΣΤΑΔΙΟ;;;;;
6228;X709779;ΑΠΟΚΑΤΑΣΤΑΣΗ ΝΕΥΡΟΥ ΜΕ ΣΥΝΘΕΤΙΚΟ ΑΓΩΓΟ Ή ΦΛΕΒΙΚΟ ΑΛΛΟΜΟΣΧΕΥΜΑ (Π.Χ., ΣΩΛΗΝΑΣ ΝΕΥΡΟΥ), ΚΑΘΕ ΝΕΥΡΟ;;;;;
6229;X709781;ΑΠΟΚΑΤΑΣΤΑΣΗ ΝΕΥΡΟΥ ΜΕ ΑΥΤΟΓΕΝΕΣ ΦΛΕΒΙΚΟ ΜΟΣΧΕΥΜΑ (ΠΕΡΙΛΑΜΒΑΝΕΙ ΤΗΝ ΛΗΨΗ ΤΟΥ  ΜΟΣΧΕΥΜΑΤΟΣ), ΚΑΘΕ ΝΕΥΡΟ;;;;;
6230;X709957;ΜΗ ΚΑΤΑΓΕΓΡΑΜΜΕΝΗ ΔΙΑΔΙΚΑΣΙΑ, ΝΕΥΡΙΚΟ ΣΥΣΤΗΜΑ;;;;;
Β.27;ΠΕΡΙΟΧΗ ΟΦΘΑΛΜΩΝ;;;;;;
6231;X710141;ΕΞΕΝΤΕΡΩΣΗ ΒΟΛΒΟΥ ΧΩΡΙΣ ΕΜΦΥΤΕΥΜΑ;;;;;
6232;X710145;ΕΞΕΝΤΕΡΩΣΗ ΒΟΛΒΟΥ ΜΕ ΕΜΦΥΤΕΥΜΑ;;;;;
6233;X710161;ΕΞΟΡΥΞΗ ΟΦΘΑΛΜΙΚΟΥ ΒΟΛΒΟΥ. ΧΩΡΙΣ ΕΜΦΥΤΕΥΜΑ;;;;;
6234;X710165;ΕΞΟΡΥΞΗ ΟΦΘΑΛΜΙΚΟΥ ΒΟΛΒΟΥ. ΜΕ ΕΜΦΥΤΕΥΜΑ, ΧΩΡΙΣ ΣΥΝΔΕΣΗ ΤΩΝ ΜΥΩΝ ΣΤΟ ΕΜΦΥΤΕΥΜΑ;;;;;
6235;X710169;ΕΞΟΡΥΞΗ ΟΦΘΑΛΜΙΚΟΥ ΒΟΛΒΟΥ. ΜΕ ΕΜΦΥΤΕΥΜΑ, ΜΕ ΣΥΝΔΕΣΗ ΤΩΝ ΜΥΩΝ ΣΤΟ ΕΜΦΥΤΕΥΜΑ;;;;;
6236;X710179;ΕΞΕΝΤΕΡΩΣΗ ΚΟΓΧΟΥ(ΔΕΝ ΠΕΡΙΛΑΜΒΑΝΕΙ ΔΕΡΜΑΤΙΚΟ ΜΟΣΧΕΥΜΑ), ΑΦΑΙΡΕΣΗ ΜΟΝΟ ΤΩΝ ΚΟΓΧΙΚΩΝ  ΠΕΡΙΕΧΟΜΕΝΩΝ;;;;;
6237;X710183;ΕΞΕΝΤΕΡΩΣΗ ΚΟΓΧΟΥ (ΔΕΝ ΠΕΡΙΛΑΜΒΑΝΕΙ ΔΕΡΜΑΤΙΚΟ ΜΟΣΧΕΥΜΑ), ΑΦΑΙΡΕΣΗ ΤΩΝ ΚΟΓΧΙΚΩΝ  ΠΕΡΙΕΧΟΜΕΝΩΝ. ΜΕ ΘΕΡΑΠΕΥΤΙΚΗ ΑΦΑΙΡΕΣΗ ΟΣΤΟΥ;;;;;
6238;X710187;ΚΟΓΧΙΚΗ ΕΞΕΝΤΕΡΩΣΗ (ΔΕΝ ΠΕΡΙΛΑΜΒΑΝΕΙ ΔΕΡΜΑΤΙΚΟ ΜΟΣΧΕΥΜΑ), ΑΦΑΙΡΕΣΗ ΤΩΝ ΚΟΓΧΙΚΩΝ  ΠΕΡΙΕΧΟΜΕΝΩΝ. ΜΕ ΜΥΙΚΟ Ή ΜΥΟΔΕΡΜΑΤΙΚΟ ΚΡΗΜΝΟ;;;;;
6239;X710209;ΤΡΟΠΟΠΟΙΗΣΗ ΤΟΥ ΟΦΘΑΛΜΙΚΟΥ ΕΜΦΥΤΕΥΜΑΤΟΣ ΜΕ ΤΟΠΟΘΕΤΗΣΗ Ή ΑΝΤΙΚΑΤΑΣΤΑΣΗ ΚΑΡΦΙΔΩΝ (Π.Χ.,ΔΗΜΙΟΥΡΓΙΑ ΥΠΟΔΟΧΗΣ ΓΙΑ ΟΦΘΑΛΜΙΚΗ ΠΡΟΘΕΣΗ) (ΞΕΧΩΡΙΣΤΗ ΔΙΑΔΙΚΑΣΙΑ);;;;;
6240;X710219;ΔΕΥΤΕΡΟΓΕΝΗΣ ΕΝΘΕΣΗ ΟΦΘΑΛΜΙΚΟΥ ΕΜΦΥΤΕΥΜΑΤΟΣ ΜΕΤΑ ΑΠΟ ΕΞΕΝΤΕΡΩΣΗ ΒΟΛΒΟΥ, ΣΤΟ ΚΕΛΥΦΟΣ ΤΟΥ  ΤΟΥ ΣΚΛΗΡΟΥ ΧΙΤΩΝΑ;;;;;
6241;X710229;ΔΕΥΤΕΡΟΓΕΝΗΣ ΕΝΘΕΣΗ ΟΦΘΑΛΜΙΚΟΥ ΕΜΦΥΤΕΥΜΑΤΟΣ ΜΕΤΑ ΤΗΝ ΕΞΟΡΥΞΗ, ΧΩΡΙΣ ΣΥΝΔΕΣΗ ΤΩΝ ΜΥΩΝ ΣΤΟ ΕΜΦΥΤΕΥΜΑ;;;;;
6242;X710239;ΔΕΥΤΕΡΟΓΕΝΗΣ ΕΝΘΕΣΗ ΟΦΘΑΛΜΙΚΟΥ ΕΜΦΥΤΕΥΜΑΤΟΣ ΜΕΤΑ ΤΗΝ ΕΞΟΡΥΞΗ, ΜΕ ΣΥΝΔΕΣΗ ΤΩΝ ΜΥΩΝ ΣΤΟ ΕΜΦΥΤΕΥΜΑ;;;;;
6243;X710259;ΕΠΑΝΑΤΟΠΟΘΕΤΗΣΗ ΟΦΘΑΛΜΙΚΟΥ ΕΜΦΥΤΕΥΜΑΤΟΣ. ΜΕ Ή ΧΩΡΙΣ ΜΟΣΧΕΥΜΑ ΕΠΙΠΕΦΥΚΟΤΑ;;;;;
6244;X710269;ΕΠΑΝΑΤΟΠΟΘΕΤΗΣΗ ΟΦΘΑΛΜΙΚΟΥ ΕΜΦΥΤΕΥΜΑΤΟΣ. ΜΕ ΧΡΗΣΗ ΞΕΝΟΥ ΥΛΙΚΟΥ ΓΙΑ ΤΗΝ  ΕΝΙΣΧΥΣΗ ΚΑΙ/Ή ΤΗΝ ΣΥΝΔΕΣΗ ΤΩΝ ΜΥΩΝ ΣΤΟ ΕΜΦΥΤΕΥΜΑ;;;;;
6245;X710309;ΑΦΑΙΡΕΣΗ ΟΦΘΑΛΜΙΚΟΥ ΕΜΦΥΤΕΥΜΑΤΟΣ;;;;;
6246;X710369;ΑΦΑΙΡΕΣΗ ΞΕΝΟΥ ΣΩΜΑΤΟΣ ΑΠΟ ΤΗΝ ΕΠΙΦΑΝΕΙΑ ΤΟΥ ΕΠΙΠΕΦΥΚΟΤΑ;;;;;
6247;X710379;ΑΦΑΙΡΕΣΗ ΞΕΝΟΥ ΣΩΜΑΤΟΣ ΕΝΣΦΗΝΩΜΕΝΟΥ ΣΤΟΝ ΕΠΙΠΕΦΥΚΟΤΑ (ΣΥΜΠΕΡΙΛΑΜΒΑΝΕΙ ΣΥΜΦΥΣΕΙΣ), ΥΠΟ ΤΟΝ ΕΠΙΠΕΦΥΚΟΤΑΉ ΣΤΟΝ ΣΚΛΗΡΟ ΧΩΡΙΣ ΝΑ ΕΧΕΙ ΑΥΤΟΣ ΔΙΑΤΡΗΘΕΙ;;;;;
6248;X710399;ΑΦΑΙΡΕΣΗ ΞΕΝΟΥ ΣΩΜΑΤΟΣ ΑΠΟ ΤΟΝ ΚΕΡΑΤΟΕΙΔΗ, ΧΩΡΙΣ ΣΧΙΣΜΟΕΙΔΗ ΛΥΧΝΙΑ;;;;;
6249;X710403;ΑΦΑΙΡΕΣΗ ΞΕΝΟΥ ΣΩΜΑΤΟΣ ΑΠΟ ΤΟΝ ΚΕΡΑΤΟΕΙΔΗ, ΜΕ ΣΧΙΣΜΟΕΙΔΗ ΛΥΧΝΙΑ;;;;;
6250;X710429;ΑΦΑΙΡΕΣΗ ΕΝΔΟΦΘΑΛΜΙΟΥ ΞΕΝΟΥ ΣΩΜΑΤΟΣ. ΑΠΟ ΤΟΝ ΠΡΟΣΘΙΟ ΘΑΛΑΜΟ ;;;;;
6251;X710479;ΑΦΑΙΡΕΣΗ ΕΝΔΟΦΘΑΛΜΙΟΥ ΞΕΝΟΥ ΣΩΜΑΤΟΣ. ΑΠΟ ΤΟΝ ΟΠΙΣΘΙΟ ΘΑΛΑΜΟ  ΑΦΑΙΡΕΣΗ ΜΕ ΧΡΗΣΗ ΜΑΓΝΗΤΗ ΜΕ ΠΡΟΣΘΙΑ Η ΟΠΙΣΘΙΑ ΠΡΟΣΠΕΛΑΣΗ;;;;;
6252;X710489;ΑΦΑΙΡΕΣΗ ΕΝΔΟΦΘΑΛΜΙΟΥ ΞΕΝΟΥ ΣΩΜΑΤΟΣ ΑΠΟ ΤΟΝ ΟΠΙΣΘΙΟ  ΘΑΛΑΜΟ ΑΦΑΙΡΕΣΗ ΧΩΡΙΣ ΧΡΗΣΗ ΜΑΓΝΗΤΗ;;;;;
6253;X710499;ΑΠΟΚΑΤΑΣΤΑΣΗ ΤΡΩΣΗΣ ΕΠΙΠΕΦΥΚΟΤΑ, ΜΕ Η ΧΩΡΙΣ ΔΙΑΤΡΗΣΗ H ΡΗΞΗ ΣΚΛΗΡΟΥ, ΑΜΕΣΗ ΣΥΡΡΑΦΗ  ;;;;;
6254;X710503;ΑΠΟΚΑΤΑΣΤΑΣΗ ΤΡΩΣΗΣ ΕΠΙΠΕΦΥΚΟΤΑ, ΜΕ ΚΙΝΗΤΟΠΟΙΗΣΗ ΚΑΙ ΑΝΑΔΙΑΤΑΞΗ,  ΧΩΡΙΣ ΝΟΣΗΛΕΙΑ;;;;;
6255;X710505;ΑΠΟΚΑΤΑΣΤΑΣΗ ΤΡΩΣΗΣ ΕΠΙΠΕΦΥΚΟΤΑ, ΜΕ ΚΙΝΗΤΟΠΟΙΗΣΗ ΚΑΙ ΑΝΑΔΙΑΤΑΞΗ,  ΜΕ ΝΟΣΗΛΕΙΑ;;;;;
6256;X710509;ΑΠΟΚΑΤΑΣΤΑΣΗ ΤΡΑΥΜΑΤΟΣ ΚΕΡΑΤΟΕΙΔΟΥΣ, ΧΩΡΙΣ ΔΙΑΤΡΗΣΗ ΜΕ Ή ΧΩΡΙΣ ΑΦΑΙΡΕΣΗ ΞΕΝΟΥ ΣΩΜΑΤΟΣ;;;;;
6257;X710519;ΑΠΟΚΑΤΑΣΤΑΣΗ ΤΡΑΥΜΑΤΟΣ ΚΕΡΑΤΟΕΙΔΟΥΣ ΚΑΙ/Ή ΣΚΛΗΡΟΥ ΧΙΤΩΝΑ, ΜΕ ΔΙΑΤΡΗΣΗ , ΧΩΡΙΣ ΤΗΝ ΑΝΑΜΕΙΞΗ ΡΑΓΟΕΙΔΙΚΟΥ ΙΣΤΟΥ;;;;;
6258;X710529;ΑΠΟΚΑΤΑΣΤΑΣΗ ΤΡΑΥΜΑΤΟΣ ΚΕΡΑΤΟΕΙΔΟΥΣ ΚΑΙ/Ή ΣΚΛΗΡΟΥ ΧΙΤΩΝΑ, ΜΕ ΔΙΑΤΡΗΣΗ, ΜΕ ΕΠΑΝΑΤΟΠΟΘΕΤΗΣΗ Ή ΕΚΤΟΜΗ ΡΑΓΟΕΙΔΙΚΟΥ ΙΣΤΟΥ;;;;;
6259;X710531;ΑΠΟΚΑΤΑΣΤΑΣΗ ΤΡΑΥΜΑΤΟΣ, ΕΦΑΡΜΟΓΗ ΣΥΚΟΛΛΗΤΙΚΗΣ ΟΥΣΙΑΣ, ΤΡΑΥΜΑΤΑ ΚΕΡΑΤΟΕΙΔΟΥΣ ΚΑΙ/Ή ΣΚΛΗΡΟΥ ΟΦΘΑΛΜΙΚΟΥ ΧΙΤΩΝΑ;;;;;
6260;X710539;ΑΠΟΚΑΤΑΣΤΑΣΗ ΤΡΑΥΜΑΤΟΣ, ΕΞΩΦΘΑΛΜΙΟΣ ΜΥΣ, ΤΕΝΟΝΤΑΣ ΚΑΙ/Ή ΤΕΝΟΝΕΙΟΣ ΚΑΨΑ;;;;;
6261;X710759;ΕΚΤΟΜΗ ΒΛΑΒΗΣ ΚΕΡΑΤΟΕΙΔΟΥΣ (ΚΕΡΑΤΕΚΤΟΜΗ, ΠΕΤΑΛΟΕΙΔΗΣ, ΜΕΡΙΚΗ), ΕΚΤΟΣ ΑΠΟ ΤΟ ΠΤΕΡΥΓΙΟ ;;;;;
6262;X710779;ΒΙΟΨΙΑ ΤΟΥ ΚΕΡΑΤΟΕΙΔΟΥΣ;;;;;
6263;X710799;ΕΚΤΟΜΗ Ή ΜΕΤΑΘΕΣΗ ΤΟΥ ΠΤΕΡΥΓΙΟΥ. ΧΩΡΙΣ ΜΟΣΧΕΥΜΑ;;;;;
6264;X710811;ΕΚΤΟΜΗ Ή ΜΕΤΑΘΕΣΗ ΤΟΥ ΠΤΕΡΥΓΙΟΥ. ΜΕ ΜΟΣΧΕΥΜΑ;;;;;
6265;X710819;ΑΠΟΞΕΣΗ ΚΕΡΑΤΟΕΙΔΟΥΣ, ΔΙΑΓΝΩΣΤΙΚΗ, ΓΙΑ ΕΠΙΧΡΙΣΜΑ ΚΑΙ/Ή ΚΑΛΛΙΕΡΓΕΙΑ;;;;;
6266;X710829;ΑΦΑΙΡΕΣΗ ΕΠΙΘΗΛΙΟΥ ΚΕΡΑΤΟΕΙΔΟΥΣ, ΜΗΧΑΝΙΚΗ Η ΧΗΜΙΚΗ (ΑΠΟΠΤΩΣΗ, ΕΚΔΟΡΑ);;;;;
6267;X710831;ΑΦΑΙΡΕΣΗ ΕΠΙΘΗΛΙΟΥ ΚΕΡΑΤΟΕΙΔΟΥΣ. ΜΕ ΕΦΑΡΜΟΓΗ ΧΗΛΙΚΟΥ ΠΑΡΑΓΟΝΤΑ (Π.Χ., EDTA);;;;;
6268;X710859;ΑΝΑΠΛΑΣΗ ΚΑΚΩΣΗΣ ΚΕΡΑΤΟΕΙΔΟΥΣ ΜΕ ΚΡΥΟΘΕΡΑΠΕΙΑ, ΦΩΤΟΠΗΞΙΑ Ή ΘΕΡΜΙΚΗ ΚΑΥΤΗΡΙΑΣΗ;;;;;
6269;X711159;ΠΟΛΛΑΠΛΕΣ ΝΥΞΕΙΣ ΠΡΟΣΘΙΑΣ ΕΠΙΦΑΝΕΙΑΣ  ΚΕΡΑΤΟΕΙΔΟΥΣ (ΠΧ, ΓΙΑ ΥΠΟΤΡΟΠΙΑΖΟΥΣΑ ΑΠΟΠΤΩΣΗ ΕΠΙΘΗΛΙΟΥ ΚΕΡΑΤΟΕΙΔΟΥΣ , ΤΑΤΟΥΑΖ);;;;;
6270;X711379;ΚΕΡΑΤΟΠΛΑΣΤΙΚΗ (ΜΕΤΑΜΟΣΧΕΥΣΗ ΚΕΡΑΤΟΕΙΔΟΥΣ),ΠΡΟΣΘΙΑ ΕΠΙΠΟΛΗΣ;;;;;
6271;X711419;ΚΕΡΑΤΟΠΛΑΣΤΙΚΗ (ΜΕΤΑΜΟΣΧΕΥΣΗ ΚΕΡΑΤΟΕΙΔΟΥΣ), ΔΙΑΜΠΕΡΗΣ (ΕΚΤΟΣ ΕΑΝ ΥΠΑΡΧΕΙ ΑΦΑΚΙΑ Ή ΨΕΥΔΟΦΑΚΙΑ);;;;;
6272;X711459;ΚΕΡΑΤΟΠΛΑΣΤΙΚΗ (ΜΕΤΑΜΟΣΧΕΥΣΗ ΚΕΡΑΤΟΕΙΔΟΥΣ), ΔΙΑΜΠΕΡΗΣ (ΣΕ ΠΕΡΙΠΤΩΣΗ ΑΦΑΚΙΑΣ);;;;;
6273;X711469;ΚΕΡΑΤΟΠΛΑΣΤΙΚΗ (ΜΕΤΑΜΟΣΧΕΥΣΗ ΚΕΡΑΤΟΕΙΔΟΥΣ), ΔΙΑΜΠΕΡΗΣ (ΣΕ ΠΕΡΙΠΤΩΣΗ ΨΕΥΔΟΦΑΚΙΑΣ);;;;;
6274;X711471;ΚΕΡΑΤΟΠΛΑΣΤΙΚΗ (ΜΕΤΑΜΟΣΧΕΥΣΗ ΚΕΡΑΤΟΕΙΔΟΥΣ) ΕΝΔΟΘΗΛΙΑΚΗ;;;;;
6275;X711473;ΤΥΠΙΚΗ ΠΡΟΕΤΟΙΜΑΣΙΑ ΑΛΛΟΜΟΣΧΕΥΜΑΤΟΣ ΕΝΔΟΘΗΛΙΟΥ ΚΕΡΑΤΟΕΙΔΟΥΣ ΠΡΙΝ ΑΠΟ ΤΗ ΜΕΤΑΜΟΣΧΕΥΣΗ (ΝΑ ΚΑΤΑΓΡΑΦΕΤΑΙ ΞΕΧΩΡΙΣΤΑ ΕΠΙΠΛΕΟΝ ΤΟΥ ΚΩΔΙΚΟΥ ΤΗΣ ΑΡΧΙΚΗΣ  ΔΙΑΔΙΚΑΣΙΑΣ);;;;;
6276;X711479;ΚΕΡΑΤΟΣΜΙΛΕΥΣΗ;;;;;
6277;X711489;ΕΠΙΚΕΡΑΤΟΦΑΚΙΑ;;;;;
6278;X711493;ΕΠΙΚΕΡΑΤΟΠΛΑΣΤΙΚΗ;;;;;
6279;X711499;ΚΕΡΑΤΟΠΡΟΣΘΕΤΙΚΗ;;;;;
6280;X711501;ΑΚΤΙΝΩΤΗ ΚΕΡΑΤΟΤΟΜΗ;;;;;
6281;X711503;ΧΑΛΑΡΩΤΙΚΗ ΤΟΜΗ ΚΕΡΑΤΟΕΙΔΟΥΣ ΓΙΑ ΤΗ ΔΙΟΡΘΩΣΗ ΤΟΥ ΑΣΤΙΓΜΑΤΙΣΜΟΥ ;;;;;
6282;X711509;ΣΦΗΝΟΕΙΔΗΣ ΕΚΤΟΜΗ ΚΕΡΑΤΟΕΙΔΟΥΣ ΓΙΑ ΤΗ ΔΙΟΡΘΩΣΗ ΤΟΥ ΑΣΤΙΓΜΑΤΙΣΜΟΥ ;;;;;
6283;X711519;ΑΝΑΠΛΑΣΗ ΟΦΘΑΛΜΙΚΗΣ ΕΠΙΦΑΝΕΙΑΣ. ΜΕΤΑΜΟΣΧΕΥΣΗ ΑΜΝΙΑΚΗΣ ΜΕΜΒΡΑΝΗΣ;;;;;
6284;X711521;ΑΝΑΠΛΑΣΗ ΟΦΘΑΛΜΙΚΗΣ ΕΠΙΦΑΝΕΙΑΣ ΑΠΟ ΑΡΧΕΓΟΝΑ ΜΗΤΡΙΚΑ ΚΥΤΤΑΡΑ ΤΟΥ ΣΚΛΗΡΟΚΕΡΑΤΟΕΙΔΟΥΣ ΟΡΙΟΥ (Π.Χ., ΝΕΚΡΟΣ Ή ΖΩΝΤΑΝΟΣ ΔΟΤΗΣ);;;;;
6285;X711523;ΑΝΑΠΛΑΣΗ ΟΦΘΑΛΜΙΚΗΣ ΕΠΙΦΑΝΕΙΑΣ. ΑΥΤΟΜΟΣΧΕΥΜΑ ΕΠΙΠΕΦΥΚΟΤΑ (ΠΕΡΙΛΑΜΒΑΝΕΙ ΤΗ ΛΗΨΗ ΜΟΣΧΕΥΜΑΤΟΣ);;;;;
6286;X711559;ΠΑΡΑΚΕΝΤΗΣΗ ΠΡΟΣΘΙΟΥ ΟΦΘΑΛΜΙΚΟΥ ΘΑΛΑΜΟΥ (ΞΕΧΩΡΙΣΤΗ ΔΙΑΔΙΚΑΣΙΑ). ΜΕ ΔΙΑΓΝΩΣΤΙΚΗ ΛΗΨΗ  ΥΔΑΤΟΕΙΔΟΥΣ ΥΓΡΟΥ;;;;;
6287;X711569;ΠΑΡΑΚΕΝΤΗΣΗ ΠΡΟΣΘΙΟΥ ΟΦΘΑΛΜΙΚΟΥ ΘΑΛΑΜΟΥ (ΞΕΧΩΡΙΣΤΗ ΔΙΑΔΙΚΑΣΙΑ). ΜΕ ΘΕΡΑΠΕΥΤΙΚΗ ΑΦΑΙΡΕΣΗ ΥΔΑΤΟΕΙΔΟΥΣ ΥΓΡΟΥ;;;;;
6288;X711579;ΠΑΡΑΚΕΝΤΗΣΗ ΠΡΟΣΘΙΟΥ ΟΦΘΑΛΜΙΚΟΥ ΘΑΛΑΜΟΥ (ΞΕΧΩΡΙΣΤΗ ΔΙΑΔΙΚΑΣΙΑ). ΜΕ ΑΦΑΙΡΕΣΗ ΥΑΛΟΕΙΔΟΥΣ ΣΩΜΑΤΟΣ ΚΑΙ/Ή ΔΙΑΝΟΙΞΗ ΠΡΟΣΘΙΑΣ ΥΑΛΟΕΙΔΟΥΣ ΜΕΜΒΡΑΝΗΣ ΜΕ Ή ΧΩΡΙΣ ΕΝΕΣΗ ΑΕΡΑ;;;;;
6289;X711589;ΠΑΡΑΚΕΝΤΗΣΗ ΠΡΟΣΘΙΟΥ ΟΦΘΑΛΜΙΚΟΥ ΘΑΛΑΜΟΥ (ΞΕΧΩΡΙΣΤΗ ΔΙΑΔΙΚΑΣΙΑ). ΜΕ ΑΦΑΙΡΕΣΗ ΑΙΜΑΤΟΣ, ΜΕ Ή ΧΩΡΙΣ ΕΝΣΤΑΛΛΑΞΗ ΚΑΙ/Ή ΕΝΕΣΗ ΑΕΡΑ;;;;;
6290;X711599;ΓΩΝΙΟΤΟΜΙΑ;;;;;
6291;X711659;ΤΡΑΜΠΕΚΟΥΛΟΤΟΜΗ ΜΕ ΠΡΟΣΠΕΛΑΣΗ ΕΚ ΤΩΝ ΕΞΩ 'Η ΕΚ ΤΩΝ ΕΣΩ;;;;;
6292;X711669;ΤΡΑΜΠΕΚΟΥΛΟΠΛΑΣΤΙΚΗ ΜΕ LASER, 1 Ή ΠΕΡΙΣΣΟΤΕΡΕΣ ΣΥΝΕΔΡΙΕΣ (ΚΑΘΟΡΙΣΜΕΝΕΣ ΣΕΙΡΕΣ ΘΕΡΑΠΕΙΑΣ);;;;;
6293;X711679;ΛΥΣΗ ΣΥΜΦΥΣΕΩΝ ΤΟΥ ΠΡΟΣΘΙΟΥ ΤΜΗΜΑΤΟΣ, ΤΕΧΝΙΚΗ ΛΕΪΖΕΡ (ΞΕΧΩΡΙΣΤΗ ΔΙΑΔΙΚΑΣΙΑ);;;;;
6294;X711689;ΛΥΣΗ ΣΥΜΦΥΣΕΩΝ ΠΡΟΣΘΙΟΥ ΤΜΗΜΑΤΟΣ, ΧΕΙΡΟΥΡΓΙΚΑ (ΜΕ Ή ΧΩΡΙΣ ΕΝΕΣΗ ΑΕΡΑ Ή ΥΓΡΟΥ) (ΞΕΧΩΡΙΣΤΗ ΔΙΑΔΙΚΑΣΙΑ) ΣΥΜΦΥΣΕΙΣ ΓΩΝΙΑΣ ΠΡΟΣΘΙΟΥ ΘΑΛΑΜΟΥ;;;;;
6295;X711699;ΛΥΣΗ ΣΥΜΦΥΣΕΩΝ ΠΡΟΣΘΙΟΥ ΟΦΘΑΛΜΙΚΟΥ ΤΜΗΜΑΤΟΣ, ΧΕΙΡΟΥΡΓΙΚΑ (ΜΕ Ή ΧΩΡΙΣ ΕΝΕΣΗ ΑΕΡΑ Ή ΥΓΡΟΥ) (ΞΕΧΩΡΙΣΤΗ ΔΙΑΔΙΚΑΣΙΑ) ΠΡΟΘΙΕΣ ΣΥΜΦΥΣΕΙΣ, ΕΚΤΟΣ ΣΥΜΦΥΣΕΩΝ ΓΩΝΙΑΣ;;;;;
6296;X711709;ΛΥΣΗ ΣΥΜΦΥΣΕΩΝ ΠΡΟΣΘΙΟΥ ΗΜΙΜΟΡΙΟΥ, ΧΕΙΡΟΥΡΓΙΚΑ (ΜΕ Ή ΧΩΡΙΣ ΕΓΧΥΣΗ ΑΕΡΑ Ή ΥΓΡΟΥ) (ΞΕΧΩΡΙΣΤΗ ΔΙΑΔΙΚΑΣΙΑ) ΟΠΙΣΘΙΕΣ ΣΥΝΕΧΕΙΕΣ;;;;;
6297;X711719;ΛΥΣΗ ΣΥΜΦΥΣΕΩΝ ΠΡΟΣΘΙΟΥ ΗΜΙΜΟΡΙΟΥ, ΧΕΙΡΟΥΡΓΙΚΑ (ΜΕ Ή ΧΩΡΙΣ ΕΓΧΥΣΗ ΑΕΡΑ Ή ΥΓΡΟΥ) (ΞΕΧΩΡΙΣΤΗ ΔΙΑΔΙΚΑΣΙΑ) ΣΥΜΦΥΣΕΙΣ ΥΑΛΟΕΙΔΟΥΣ ΣΩΜΑΤΟΣ-ΚΕΡΑΤΟΕΙΔΟΥΣ;;;;;
6298;X711759;ΑΦΑΙΡΕΣΗ ΥΠΕΡΤΡΟΦΙΚΟΥ ΤΜΗΜΑΤΟΣ ΕΠΙΘΗΛΙΟΥ, ΠΡΟΣΘΙΟΣ ΘΑΛΑΜΟΣ ΟΦΘΑΛΜΟΥ;;;;;
6299;X711799;ΑΦΑΙΡΕΣΗ ΕΜΦΥΤΕΥΜΕΝΟΥ ΥΛΙΚΟΥ, ΠΡΟΣΘΙΟ ΗΜΙΜΟΡΙΟ ΟΦΘΑΛΜΟΥ;;;;;
6300;X711819;ΑΦΑΙΡΕΣΗ ΘΡΟΜΒΟΥ ΑΙΜΑΤΟΣ, ΠΡΟΣΘΙΟ ΤΜΗΜΑ ΟΦΘΑΛΜΟΥ;;;;;
6301;X711999;ΕΓΧΥΣΗ ΣΤΟΝ ΠΡΟΣΘΙΟ ΘΑΛΑΜΟ ΟΦΘΑΛΜΟΥ (ΞΕΧΩΡΙΣΤΗ ΔΙΑΔΙΑΚΑΣΙΑ). ΑΕΡΑ Ή ΥΓΡΟΥ;;;;;
6302;X712019;ΕΓΧΥΣΗ ΣΤΟΝ ΠΡΟΣΘΙΟ ΘΑΛΑΜΟ ΟΦΘΑΛΜΟΥ (ΞΕΧΩΡΙΣΤΗ ΔΙΑΔΙΑΚΑΣΙΑ). ΦΑΡΜΑΚΕΥΤΙΚΗ ΟΥΣΙΑ;;;;;
6303;X712219;ΕΚΤΟΜΗ ΒΛΑΒΗΣ, ΣΚΛΗΡΟΣ ΧΙΤΩΝΑΣ ΟΦΘΑΛΜΟΥ;;;;;
6304;X712259;ΣΥΡΙΓΓΙΟΠΟΙΗΣΗ ΣΚΛΗΡΟΥ ΧΙΤΩΝΑ ΟΦΘΑΛΜΟΥ ΓΙΑ ΓΛΑΥΚΩΜΑ. ΧΕΙΡΟΥΡΓΙΚΗ ΙΡΙΔΕΚΤΟΜΗ;;;;;
6305;X712269;ΣΥΡΙΓΓΙΟΠΟΙΗΣΗ ΣΚΛΗΡΟΥ ΧΙΤΩΝΑ ΟΦΘΑΛΜΟΥ ΓΙΑ ΓΛΑΥΚΩΜΑ. ΘΕΡΜΙΚΗ ΚΑΥΤΗΡΙΑΣΗ ΜΕ ΙΡΙΔΕΚΤΟΜΗ;;;;;
6306;X712279;ΣΥΡΙΓΓΙΟΠΟΙΗΣΗ ΣΚΛΗΡΟΥ ΟΦΘΑΛΜΙΚΟΥ ΧΙΤΩΝΑ ΓΙΑ ΓΛΑΥΚΩΜΑ. ΣΚΛΗΡΕΚΤΟΜΗ ΜΕ ΝΥΣΤΕΡΙ Ή  ΨΑΛΙΔΙ, ΜΕ ΙΡΙΔΕΚΤΟΜΗ;;;;;
6307;X712289;ΣΥΡΙΓΓΙΟΠΟΙΗΣΗ ΣΚΛΗΡΟΥ ΟΦΘΑΛΜΙΚΟΥ ΧΙΤΩΝΑ ΓΙΑ ΓΛΑΥΚΩΜΑ. ΙΡΙΔΕΓΚΛΕΙΣΗ Ή ΧΕΙΡΟΥΡΓΙΚΗ ΔΙΑΤΑΣΗ ΤΗΣ ΙΡΙΔΑΣ;;;;;
6308;X712299;ΣΥΡΙΓΓΙΟΠΟΙΗΣΗ ΣΚΛΗΡΟΥ ΟΦΘΑΛΜΙΚΟΥ ΧΙΤΩΝΑ. ΕΞΩΤΕΡΙΚΗ ΤΟΜΗ ΣΤΟ ΣΚΛΗΡΟΚΕΡΑΤΟΕΙΔΙΚΟ ΗΘΜΟ ΑΠΟΥΣΙΑ ΠΡΟΗΓΟΥΜΕΝΗΣ ΧΕΙΡΟΥΡΓΙΚΗΣ ΕΠΕΜΒΑΣΗΣ;;;;;
6309;X712303;ΣΥΡΙΓΓΙΟΠΟΙΗΣΗ ΣΚΛΗΡΟΥ ΟΦΘΑΛΜΙΚΟΥ ΧΙΤΩΝΑ. ΕΞΩΤΕΡΙΚΗ ΤΟΜΗ ΣΤΟ ΣΚΛΗΡΟΚΕΡΑΤΟΕΙΔΙΚΟ ΗΘΜΟ ΜΕ ΑΝΟΙΓΜΑ ΟΥΛΗΣ ΑΠΟ ΠΡΟΗΓΟΥΜΕΝΗ ΧΕΙΡΟΥΡΓΙΚΗ ΕΠΕΜΒΑΣΗ Ή ΤΡΑΥΜΑ (ΠΕΡΙΛΑΜΒΑΝΕΙ ΕΝΕΣΗ  ΑΝΤΙΙΝΩΤΙΚΩΝ ΠΑΡΑΓΟΝΤΩΝ);;;;;
6310;X712319;ΤΟΠΟΘΕΤΗΣΗ ΒΑΛΒΙΔΑΣ ΓΙΑ ΕΚΡΟΗ ΥΔΑΤΟΕΙΔΟΥΣ ΥΓΡΟΥ ΣΤΗΝ ΕΞΩΤΕΡΙΚΗ ΔΕΞΑΜΕΝΗ (Π.Χ., MOLTENO, SCHOCKET, DENVER-KRUPIN);;;;;
6311;X712329;ΕΠΕΝΕΠΕΜΒΑΣΗ ΔΙΟΡΘΩΣΗΣ ΣΕ  ΗΔΗ ΤΟΠΟΘΕΤΗΜΕΝΗ ΒΑΛΒΙΔΑ  ΕΚΡΟΗΣ ΥΔΑΤΟΕΙΔΟΥΣ ΥΓΡΟΥ ;;;;;
6312;X712399;ΑΠΟΚΑΤΑΣΤΑΣΗ ΣΤΑΦΥΛΩΜΑΤΟΣ ΣΚΛΗΡΟΥ ΟΦΘΑΛΜΙΚΟΥ ΧΙΤΩΝΑ. ΧΩΡΙΣ ΜΕΤΑΜΟΣΧΕΥΣΗ;;;;;
6313;X712409;ΑΠΟΚΑΤΑΣΤΑΣΗ ΣΤΑΦΥΛΩΜΑΤΟΣ ΣΚΛΗΡΟΥ ΟΦΘΑΛΜΙΚΟΥ ΧΙΤΩΝΑ. ΜΕ ΜΕΤΑΜΟΣΧΕΥΣΗ;;;;;
6314;X712459;ΑΝΑΘΕΩΡΗΣΗ Ή ΑΠΟΚΑΤΑΣΤΑΣΗ ΕΓΧΕΙΡΗΤΙΚΟΥ ΤΡΑΥΜΑΤΟΣ ΤΟΥ ΠΡΟΣΘΙΟΥ ΤΜΗΜΑΤΟΣ, ΟΠΟΙΟΥΔΗΠΟΤΕ ΤΥΠΟΥ, ΠΡΟΩΡΗ Ή ΚΑΘΥΣΤΕΡΗΜΕΝΗ, ΜΕΙΖΟΝ Ή ΕΛΑΣΣΟΝ ΔΙΑΔΙΚΑΣΙΑ;;;;;
6315;X712959;ΙΡΙΔΟΤΟΜΗ ΜΕ ΝΥΣΤΕΡΙ (ΞΕΧΩΡΙΣΤΗ ΔΙΑΔΙΚΑΣΙΑ). ΧΩΡΙΣ ΚΑΘΗΛΩΣΗ;;;;;
6316;X712969;ΙΡΙΔΟΤΟΜΗ ΜΕ ΝΥΣΤΕΡΙ (ΞΕΧΩΡΙΣΤΗ ΔΙΑΔΙΚΑΣΙΑ). ΜΕ ΚΑΘΗΛΩΣΗ ΟΠΩΣ ΣΕ ΤΟΜΑΤΟΕΙΔΗ  ΙΡΙΔΑ;;;;;
6317;X713159;ΙΡΙΔΕΚΤΟΜΗ, ΜΕ ΤΟΜΗ ΚΕΡΑΤΟΕΙΔΟΥΣ-ΣΚΛΗΡΟΥ ΧΙΤΩΝΑ Ή ΚΕΡΑΤΟΕΙΔΟΥΣ. ΓΙΑ ΤΗΝ ΑΦΑΙΡΕΣΗ ΒΛΑΒΗΣ;;;;;
6318;X713169;ΙΡΙΔΕΚΤΟΜΗ, ΜΕ ΤΟΜΗ ΚΕΡΑΤΟΕΙΔΟΥΣ-ΣΚΛΗΡΟΥ ΧΙΤΩΝΑ Ή ΚΕΡΑΤΟΕΙΔΟΥΣ. ΜΕ ΚΥΚΛΕΚΤΟΜΗ;;;;;
6319;X713209;ΙΡΙΔΕΚΤΟΜΗ, ΜΕ ΤΟΜΗ ΚΕΡΑΤΟΕΙΔΟΥΣ-ΣΚΛΗΡΟΥ ΧΙΤΩΝΑ Ή ΚΕΡΑΤΟΕΙΔΟΥΣ. ΠΕΡΙΦΕΡΙΚΗ ΓΙΑ ΓΛΑΥΚΩΜΑ (ΞΕΧΩΡΙΣΤΗ ΔΙΑΔΙΚΑΣΙΑ);;;;;
6320;X713219;ΙΡΙΔΕΚΤΟΜΗ, ΜΕ ΤΟΜΗ ΚΕΡΑΤΟΕΙΔΟΥΣ-ΣΚΛΗΡΟΥ ΧΙΤΩΝΑ Ή ΚΕΡΑΤΟΕΙΔΟΥΣ. ΤΟΜΗ ΓΙΑ ΓΛΑΥΚΩΜΑ (ΞΕΧΩΡΙΣΤΗ ΔΙΑΔΙΚΑΣΙΑ);;;;;
6321;X713229;ΙΡΙΔΕΚΤΟΜΗ, ΜΕ ΤΟΜΗ ΚΕΡΑΤΟΕΙΔΟΥΣ-ΣΚΛΗΡΟΥ ΧΙΤΩΝΑ Ή ΚΕΡΑΤΟΕΙΔΟΥΣ. ΟΠΤΙΚΗ (ΞΕΧΩΡΙΣΤΗ ΔΙΑΔΙΚΑΣΙΑ);;;;;
6322;X713319;ΑΠΟΚΑΤΑΣΤΑΣΗ ΙΡΙΔΟΣ, ΑΚΤΙΝΩΤΟ ΣΩΜΑ (ΟΠΩΣ ΓΙΑ ΤΗΝ ΙΡΙΔΟΔΙΑΛΥΣΗ);;;;;
6323;X713323;ΣΥΡΡΑΦΗ ΙΡΙΔΟΣ, ΑΚΤΙΝΩΤΟ ΣΩΜΑ (ΞΕΧΩΡΙΣΤΗ ΔΙΑΔΙΚΑΣΙΑ) ΜΕ ΑΦΑΙΡΕΣΗ ΤΟΥ ΡΑΜΑΤΟΣ ΜΕΣΩ ΜΙΚΡΗΣ ΤΟΜΗΣ (Π.Χ., ΣΥΡΡΑΦΗ MCCANNEL);;;;;
6324;X713359;ΚΑΤΑΣΤΡΟΦΗ ΑΚΤΙΝΩΤΟΥ ΣΤΕΦΑΝΟΥ. ΔΙΑΘΕΡΜΙΑ;;;;;
6325;X713379;ΚΑΤΑΣΤΡΟΦΗ ΑΚΤΙΝΩΤΟΥ ΣΤΕΦΑΝΟΥ. ΚΥΚΛΟΦΩΤΟΠΗΞΙΑ, ΔΙΑΣΚΛΗΡΙΔΙΚΗ;;;;;
6326;X713381;ΚΑΤΑΣΤΡΟΦΗ ΑΚΤΙΝΩΤΟΥ ΣΤΕΦΑΝΟΥ. ΚΥΚΛΟΦΩΤΟΠΗΞΙΑ, ΕΝΔΟΣΚΟΠΙΚΗ;;;;;
6327;X713399;ΚΑΤΑΣΤΡΟΦΗ ΑΚΤΙΝΩΤΟΥ ΣΤΕΦΑΝΟΥ. ΚΡΥΟΘΕΡΑΠΕΙΑ;;;;;
6328;X713439;ΚΑΤΑΣΤΡΟΦΗ ΑΚΤΙΝΩΤΟΥ ΣΤΕΦΑΝΟΥ. ΚΥΚΛΟΔΙΑΛΥΣΗ;;;;;
6329;X713481;ΙΡΙΔΟΤΟΜΗ/ΙΡΙΔΕΚΤΟΜΗ ΜΕ ΧΕΙΡΟΥΡΓΙΚΗ ΕΠΕΜΒΑΣΗ ΛΕΪΖΕΡ (Π.Χ. ΓΙΑ ΓΛΑΥΚΩΜΑ) (1 Ή ΠΕΡΙΣΣΟΤΕΡΕΣ ΣΥΝΕΔΡΙΕΣ);;;;;
6330;X713483;ΙΡΙΔΟΠΛΑΣΤΙΚΗ ΜΕ ΦΩΤΟΠΗΞΙΑ (1 Ή ΠΕΡΙΣΣΟΤΕΡΕΣ ΣΥΝΕΔΡΙΕΣ) (Π.Χ. ΓΙΑ ΒΕΛΤΙΩΣΗ ΤΗΣ ΟΡΑΣΗΣ Ή ΔΙΕΥΡΥΝΣΗ ΤΗΣ ΓΩΝΙΑΣ ΤΟΥ ΠΡΟΣΘΙΟΥ ΘΑΛΑΜΟΥ);;;;;
6331;X713499;ΚΑΤΑΣΤΡΟΦΗ ΚΥΣΤΗΣ Ή ΒΛΑΒΗΣ ΤΗΣ ΙΡΙΔΟΣ Ή ΤΟΥ ΑΚΤΙΝΩΤΟΥ ΣΩΜΑΤΟΣ (ΔΙΑΔΙΚΑΣΙΑ ΧΩΡΙΣ ΤΟΜΗ, ΠΧ LASER )  ;;;;;
6332;X713599;ΔΙΑΝΟΙΞΗ ΔΕΥΤΕΡΟΓΕΝΟΥΣ  ΚΑΤΑΡΡΑΚΤΗ (ΘΟΛΩΣΗ ΠΡΟΣΘΙΟΥ Η/ΚΑΙ ΟΠΙΣΘΙΟΥ ΠΕΡΙΦΑΚΙΟΥ . ΤΕΧΝΙΚΗ ΒΑΘΕΙΑΣ ΤΟΜΗΣ (ΝΥΣΤΕΡΙ ZIEGLER Ή WHEELER);;;;;
6333;X713601;ΔΙΑΝΟΙΞΗ ΔΕΥΤΕΡΟΓΕΝΟΥΣ  ΚΑΤΑΡΡΑΚΤΗ (ΘΟΛΩΣΗ ΠΡΟΣΘΙΟΥ Η/ΚΑΙ ΟΠΙΣΘΙΟΥ ΠΕΡΙΦΑΚΙΟΥ). ΧΕΙΡΟΥΡΓΙΚΗ ΕΠΕΜΒΑΣΗ ΛΕΪΖΕΡ (Π.Χ. YAG LASER) (1 Ή ΠΕΡΙΣΣΟΤΕΡΑ ΣΤΑΔΙΑ);;;;;
6334;X713609;ΕΠΑΝΑΤΟΠΟΘΕΤΗΣΗ ΥΠΑΡΧΟΝΤΟΣ ΕΝΔΟΦΘΑΛΜΙΟΥ ΦΑΚΟΥ, ΠΟΥ ΑΠΑΙΤΕΙ ΤΟΜΗ (ΞΕΧΩΡΙΣΤΗ ΔΙΑΔΙΚΑΣΙΑ);;;;;
6335;X713619;ΑΦΑΙΡΕΣΗ ΔΕΥΤΕΡΟΓΕΝΟΥΣ  ΚΑΤΑΡΡΑΚΤΗ (ΘΟΛΩΣΗ ΠΡΟΣΘΙΟΥ Η/ΚΑΙ ΟΠΙΣΘΙΟΥ ΠΕΡΙΦΑΚΙΟΥ ΚΑΙ/Ή ΕΜΠΡΟΣΘΙΟΥ ΥΑΛΟΕΙΔΟΥΣ) ΜΕ ΤΟΜΗ ΚΕΡΑΤΟΕΙΔΟΥΣ-ΣΚΛΗΡΟΥ ΧΙΤΩΝΑ, ΜΕ Ή  ΧΩΡΙΣ ΙΡΙΔΕΚΤΟΜΗ (ΤΟΜΗ ΘΥΛΑΚΑ ΙΡΙΔΑΣ, ΕΚΤΟΜΗ ΘΥΛΑΚΑ ΙΡΙΔΑΣ);;;;;
6336;X713639;ΑΦΑΙΡΕΣΗ ΚΡΥΣΤΑΛΛΟΕΙΔΟΥΣ ΦΑΚΟΥ. ΤΕΧΝΙΚΗ ΑΝΑΡΡΟΦΗΣΗΣ, 1 Ή ΠΕΡΙΣΣΟΤΕΡΑ ΣΤΑΔΙΑ ΜΕ 'Η ΧΩΡΙΣ ΤΟΠΟΘΕΤΗΣΗ ΕΝΔΟΦΘΑΛΜΙΟΥ ΦΑΚΟΥ;;;;;
6337;X713659;ΑΦΑΙΡΕΣΗ ΚΡΥΣΤΑΛΛΟΕΙΔΟΥΣ ΦΑΚΟΥ. ΤΕΧΝΙΚΗ ΘΡΥΜΜΑΤΙΣΜΟΥ ΦΑΚΟΥ (ΜΗΧΑΝΙΚΗ Ή ΜΕ  ΥΠΕΡΗΧΟΥΣ  Ή LASER ) (Π.Χ. ΓΑΛΑΚΤΩΜΑΤΟΠΟΙΗΣΗ ΦΑΚΟΥ, ΦΑΚΟΘΡΥΨΙΑ), ΜΕ ΑΝΑΡΡΟΦΗΣΗ , ΜΕ 'Η ΧΩΡΙΣ ΤΟΠΟΘΕΤΗΣΗ ΕΝΔΟΦΘΑΛΜΙΟΥ ΦΑΚΟΥ;;;;;
6338;X713663;ΑΦΑΙΡΕΣΗ ΚΡΥΣΤΑΛΛΟΕΙΔΟΥΣ ΦΑΚΟΥ. ΠΡΟΣΕΓΓΙΣΗ ΑΠΟ ΕΠΙΠΕΔΗ ΜΟΙΡΑ ΑΚΤΙΝΩΤΟΥ ΣΩΜΑΤΟΣ ΜΕ Ή ΧΩΡΙΣ ΥΑΛΟΕΙΔΕΚΤΟΜΗ(ΦΑΚΕΚΤΟΜΗ),ΜΕ 'Η ΧΩΡΙΣ ΤΟΠΟΘΕΤΗΣΗ ΕΝΔΟΦΘΑΛΜΙΟΥ ΦΑΚΟΥ;;;;;
6339;X713799;ΑΦΑΙΡΕΣΗ ΚΡΥΣΤΑΛΛΟΕΙΔΟΥΣ ΦΑΚΟΥ. ΕΝΔΟΠΕΡΙΦΑΚΙΚΗ;;;;;
6340;X713819;ΑΦΑΙΡΕΣΗ ΚΡΥΣΤΑΛΛΟΕΙΔΟΥΣ ΦΑΚΟΥ. ΕΝΔΟΠΕΡΙΦΑΚΙΚΗ, ΓΙΑ ΑΠΕΞΑΡΘΡΩΜΕΝΟ  ΦΑΚΟ;;;;;
6341;X713839;ΑΦΑΙΡΕΣΗ ΚΡΥΣΤΑΛΛΟΕΙΔΟΥΣ ΦΑΚΟΥ. ΕΞΩΠΕΡΙΦΑΚΙΚΗ(ΕΚΤΟΣ 66840, 66850, 66852);;;;;
6342;X713923;ΕΞΩΠΕΡΙΦΑΚΙΚΗ ΑΦΑΙΡΕΣΗ ΚΑΤΑΡΡΑΚΤΗ ΜΕ ΕΝΘΕΣΗ ΕΝΔΟΦΘΑΛΜΙΟΥ ΦΑΚΟΥ (ΔΙΑΔΙΚΑΣΙΑ ΕΝΟΣ ΣΤΑΔΙΟΥ), ΧΕΙΡΟΚΙΝΗΤΗ Ή ΜΗΧΑΝΙΚΗ ΤΕΧΝΙΚΗ (Π.Χ. ΕΚΠΛΥΣΗ ΚΑΙ ΑΝΑΡΡΟΦΗΣΗ Ή ΓΑΛΑΚΤΩΜΑΤΟΠΟΙΗΣΗ ΤΟΥ ΦΑΚΟΥ), ΣΥΝΘΕΤΗ, ΑΠΑΙΤΕΙ ΣΥΣΚΕΥΕΣ Ή ΤΕΧΝΙΚΕΣ ΠΟΥ ΔΕΝ ΧΡΗΣΙΜΟΠΟΙΟΥΝΤΑΙ ΓΕΝΙΚΑ ΣΤΙΣ ΣΥΝΗΘΕΙΣ ΕΓΧΕΙΡΗΣΕΙΣ ΚΑΤΑΡΡΑΚΤΗ (ΠΧ. ΣΥΣΚΕΥΣΗ ΕΠΕΚΤΑΣΗΣ ΙΡΙΔΟΣ, ΥΠΟΣΤΗΡΙΞΗ ΣΥΡΡΑΦΗΣ ΓΙΑ ΕΝΔΟΦΘΑΛΜΙΚΟ ΦΑΚΟ, Ή ΠΡΩΤΟΠΑΘΗΣ ΟΠΙΣΘΙΑ ΠΕΡΙΦΑΚΙΟΤΟΜΗ) Ή ΠΡΑΓΜΑΤΟΠΟΙΕΙΤΑΙ ΣΕ ΑΣΘΕΝΕΙΣ ΠΟΥ ΒΡΙΣΚΟΝΤΑΙ ΣΤΟ  ΑΜΒΛΥΟΓΕΝΙΚΟ ΣΤΑΔΙΟ ΑΝΑΠΤΥΞΗΣ;;;;;
6343;X713925;ΕΝΔΟΠΕΡΙΦΑΚΙΚΗ ΑΦΑΙΡΕΣΗ ΚΑΤΑΡΡΑΚΤΗ ΜΕ ΤΟΠΟΘΕΤΗΣΗ ΕΝΔΟΦΘΑΛΜΙΟΥ ΦΑΚΟΥ (ΔΙΑΔΙΚΑΣΙΑ  ΣΕ ΕΝΑ ΣΤΑΔΙΟ);;;;;
6344;X713927;ΕΞΩΠΕΡΙΦΑΚΙΚΗ ΑΦΑΙΡΕΣΗ ΚΑΤΑΡΡΑΚΤΗ ΜΕ ΤΟΠΟΘΕΤΗΣΗ ΕΝΔΟΦΘΑΛΜΙΟΥ ΦΑΚΟΥ (ΔΙΑΔΙΚΑΣΙΑ ΣΕ ΕΝΑ ΣΤΑΔΙΟ), ΧΕΙΡΟΚΙΝΗΤΗ Ή ΜΗΧΑΝΙΚΗ ΤΕΧΝΙΚΗ (Π.Χ. ΕΚΠΛΥΣΗ ΚΑΙ ΑΝΑΡΡΟΦΗΣΗ Ή ΓΑΛΑΚΤΩΜΑΤΟΠΟΙΗΣΗ ΦΑΚΟΥ);;;;;
6345;X713929;ΤΟΠΟΘΕΤΗΣΗ ΕΝΔΟΦΘΑΛΜΙΟΥ ΦΑΚΟΥ (ΔΕΥΤΕΡΟΓΕΝΗΣ ΕΝΘΕΣΗ), ΠΟΥ ΔΕ ΣΧΕΤΙΖΕΤΑΙ ΜΕ  ΠΑΡΑΛΛΗΛΗ ΑΦΑΙΡΕΣΗ ΚΑΤΑΡΡΑΚΤΗ;;;;;
6346;X713931;ΑΝΤΙΚΑΤΑΣΤΑΣΗ ΕΝΔΟΦΘΑΛΜΙΟΥ ΦΑΚΟΥ;;;;;
6347;X713939;ΧΡΗΣΗ ΟΦΘΑΛΜΙΚΟΥ ΕΝΔΟΣΚΟΠΙΟΥ (ΝΑ ΚΑΤΑΓΡΑΦΕΤΑΙ ΧΩΡΙΣΤΑ ΕΠΙΠΛΕΟΝ ΤΟΥ ΚΩΔΙΚΟΥ ΓΙΑ ΤΗΝ  ΑΡΧΙΚΗ ΔΙΑΔΙΚΑΣΙΑ);;;;;
6348;X713957;ΜΗ ΚΑΤΑΓΕΓΡΑΜΜΕΝΗ ΔΙΑΔΙΚΑΣΙΑ, ΠΡΟΣΘΙΟ ΤΜΗΜΑ ΟΦΘΑΛΜΟΥ;;;;;
6349;X713969;ΑΦΑΙΡΕΣΗ ΥΑΛΟΕΙΔΟΥΣ ΣΩΜΑΤΟΣ, ΠΡΟΣΘΙΑ ΠΡΟΣΠΕΛΑΣΗ (ΤΕΧΝΙΚΗ OPEN SKY Η ΑΠΟ ΤΟ ΣΚΛΗΡΟΚΕΡΑΤΟΕΙΔΕΣ ΟΡΙΟ) ΜΕΡΙΚΗ ΑΦΑΙΡΕΣΗ;;;;;
6350;X713979;ΑΦΑΙΡΕΣΗ ΥΑΛΟΕΙΔΟΥΣ ΣΩΜΑΤΟΣ, ΠΡΟΣΘΙΑ ΠΡΟΣΠΕΛΑΣΗ (ΤΕΧΝΙΚΗ OPEN SKY Η ΑΠΟ ΤΟ ΣΚΛΗΡΟΚΕΡΑΤΟΕΙΔΕΣ ΟΡΙΟ) ΥΦΟΛΙΚΗ ΑΦΑΙΡΕΣΗ ΜΕ ΜΗΧΑΝΙΚΗ ΥΑΛΟΕΙΔΕΚΤΟΜΗ;;;;;
6351;X713989;ΑΝΑΡΡΟΦΗΣΗ Ή ΑΦΑΙΡΕΣΗ ΥΓΡΟΥ ΥΑΛΟΕΙΔΟΥΣ, ΥΠΟΑΜΦΙΒΛΗΣΤΡΟΕΙΔΙΚΟΥ Ή ΧΟΡΙΟΕΙΔΙΚΟΥ ΥΓΡΟΥ, ΠΡΟΣΠΕΛΑΣΗ ΑΠΟ ΤΗΝ ΕΠΙΠΕΔΗ ΜΟΙΡΑ  ΤΟΥ ΑΚΤΙΝΩΤΟΥ ΣΩΜΑΤΟΣ(ΟΠΙΣΘΙΑ ΣΚΛΗΡΕΚΤΟΜΗ);;;;;
6352;X714009;ΕΝΕΣΗ ΥΠΟΚΑΤΑΣΤΑΤΟΥ ΥΑΛΟΕΙΔΟΥΣ, ΠΡΟΣΠΕΛΑΣΗ ΑΠΟ ΤΟ ΑΚΤΙΝΩΤΟ ΣΩΜΑ (ΑΝΤΑΛΛΑΓΗ ΥΓΡΟΥ-ΑΕΡΙΟΥ), ΜΕ Ή ΧΩΡΙΣ ΑΝΑΡΡΟΦΗΣΗ (ΞΕΧΩΡΙΣΤΗ ΔΙΑΔΙΚΑΣΙΑ);;;;;
6353;X714013;ΕΜΦΥΤΕΥΣΗ ΕΝΔΟΥΑΛΟΕΙΔΙΚΟΥ ΣΥΣΤΗΜΑΤΟΣ ΑΠΕΛΕΥΘΕΡΩΣΗΣ ΦΑΡΜΑΚΟΥ (Π.Χ. ΕΜΦΥΤΕΥΜΑ GANCICLOVIR), ΠΕΡΙΛΑΜΒΑΝΕΙ ΕΠΑΚΟΛΟΥΘΗ ΑΦΑΙΡΕΣΗ ΤΟΥ ΥΑΛΟΕΙΔΟΥΣ;;;;;
6354;X714015;ΕΝΔΟΥΑΛΟΕΙΔΙΚΗ ΕΝΕΣΗ ΦΑΡΜΑΚΟΛΟΓΙΚΟΥ ΠΑΡΑΓΟΝΤΑ (ΞΕΧΩΡΙΣΤΗ ΔΙΑΔΙΚΑΣΙΑ);;;;;
6355;X714019;ΣΧΑΣΗ ΤΑΙΝΙΩΝ ΥΑΛΟΕΙΔΟΥΣ (ΧΩΡΙΣ ΑΦΑΙΡΕΣΗ), ΜΕ ΠΡΟΣΠΕΛΑΣΗ ΑΠΟ ΤΗΝ ΕΠΙΠΕΔΗ ΜΟΙΡΑ ΤΟΥ ΑΚΤΙΝΩΤΟΥ  ΣΩΜΑΤΟΣ;;;;;
6356;X714021;ΛΥΣΗ ΤΑΙΝΙΩΝ ΥΑΛΟΕΙΔΟΥΣ, ΠΡΟΣΘΙΩΝ ΣΥΜΦΥΣΕΩΝ ΥΑΛΟΕΙΔΟΥΣ,  ΜΕΜΒΡΑΝΕΣ Ή ΑΔΙΑΦΑΝΕΙΕΣ, ΧΕΙΡΟΥΡΓΙΚΗ ΛΕΪΖΕΡ (1 Ή ΠΕΡΙΣΣΟΤΕΡΑ ΣΤΑΔΙΑ);;;;;
6357;X714031;ΥΑΛΟΕΙΔΕΚΤΟΜΗ, ΜΗΧΑΝΙΚΗ, ΠΡΟΣΠΕΛΑΣΗ ΑΠΟ ΤΗΝ ΕΠΙΠΕΔΗ ΜΟΙΡΑ ΤΟΥ ΑΚΤΙΝΩΤΟΥ ΣΩΜΑΤΟΣ;;;;;
6358;X714037;ΥΑΛΟΕΙΔΕΚΤΟΜΗ, ΜΗΧΑΝΙΚΗ, ΠΡΟΣΠΕΛΑΣΗ ΑΠΟ ΤΗΝ ΕΠΙΠΕΔΗ ΜΟΙΡΑ ΤΟΥ ΑΚΤΙΝΩΤΟΥ ΣΩΜΑΤΟΣ ΜΕ ΕΣΤΙΑΚΗ ΕΝΔΟ ΦΩΤΟΠΗΞΙΑ;;;;;
6359;X714039;ΥΑΛΟΕΙΔΕΚΤΟΜΗ, ΜΗΧΑΝΙΚΗ, ΠΡΟΣΠΕΛΑΣΗ ΑΠΟ ΤΗΝ ΕΠΙΠΕΔΗ ΜΟΙΡΑ ΤΟΥ ΑΚΤΙΝΩΤΟΥ ΣΩΜΑΤΟΣ. ΜΕ ΕΝΔΟ ΠΑΝΑΜΦΙΒΛΗΣΤΡΟΕΙΔΙΚΗ   ΦΩΤΟΠΗΞΙΑ;;;;;
6360;X714041;ΥΑΛΟΕΙΔΕΚΤΟΜΗ, ΜΗΧΑΝΙΚΗ, ΠΡΟΣΠΕΛΑΣΗ ΑΠΟ ΤΗΝ ΕΠΙΠΕΔΗ ΜΟΙΡΑ ΤΟΥ  ΑΚΤΙΝΩΤΟΥ  ΣΩΜΑΤΟΣ ΜΕ ΑΦΑΙΡΕΣΗ ΤΗΣ ΠΡΟ-ΑΜΦΙΒΛΗΣΤΡΟΕΙΔΙΚΗΣ  ΚΥΤΤΑΡΙΚΗΣ ΜΕΜΒΡΑΝΗΣ (Π.Χ.ΩΧΡΙΚΗ ΜΕΜΒΡΑΝΗ);;;;;
6361;X714043;ΥΑΛΟΕΙΔΕΚΤΟΜΗ, ΜΗΧΑΝΙΚΗ, ΠΡΟΣΠΕΛΑΣΗ ΑΠΟ ΤΗΝ ΕΠΙΠΕΔΗ ΜΟΙΡΑ ΤΟΥ ΑΚΤΙΝΩΤΟΥ  ΣΩΜΑΤΟΣ. ΜΕ ΑΦΑΙΡΕΣΗ ΤΗΣ ΕΣΩ ΑΦΟΡΙΣΤΙΚΗΣ ΜΕΜΒΡΑΝΗΣ ΤΟΥ ΑΜΦΙΒΛΗΣΤΡΟΕΙΔΟΥΣ (ΠΧ ΓΙΑ ΑΠΟΚΑΤΑΣΤΑΣΗ ΟΠΗΣ ΤΗΣ ΩΧΡΑΣ ΚΗΛΙΔΑΣ, ΔΙΑΒΗΤΙΚΟ  ΟΙΔΗΜΑ ΤΗΣ ΩΧΡΑΣ ΚΗΛΙΔΑΣ ΠΕΡΙΛΑΜΒΑΝΕΙ, ΕΑΝ ΕΦΑΡΜΟΣΤΕΙ, ΕΝΔΟΦΘΑΛΜΙΚΟ ΠΩΜΑΤΙΣΜΟ (Π.Χ. ΑΕΡΑ ΑΕΡΙΟ Ή ΛΑΔΙ ΣΙΛΙΚΟΝΗΣ);;;;;
6362;X714045;ΥΑΛΟΕΙΔΕΚΤΟΜΗ, ΜΗΧΑΝΙΚΗ, ΠΡΟΣΠΕΛΑΣΗ ΑΠΟ ΤΟ ΑΚΤΙΝΩΤΟ ΣΩΜΑ. ΜΕ ΑΦΑΙΡΕΣΗ ΤΗΣ ΥΠΟ-ΑΜΦΙΒΛΗΣΤΡΟΕΙΔΙΚΗΣ ΜΕΜΒΡΑΝΗΣ (Π.Χ. ΧΟΡΟΕΙΔΙΚΗ ΝΕΟΑΓΓΕΙΩΣΗ), ΣΥΜΠΕΡΙΛΑΜΒΑΝΕΙ, ΕΑΝ ΕΦΑΡΜΟΣΤΕΙ,  ΕΝΔΟΦΘΑΛΜΙΚΟ ΠΩΜΑΤΙΣΜΟ (Π.Χ. ΑΕΡΑ, ΑΕΡΙΟ Ή ΛΑΔΙ ΣΙΛΙΚΟΝΗΣ) ΚΑΙ ΦΩΤΟΠΗΞΙΑ ΜΕ LASER;;;;;
6363;X714161;ΑΠΟΚΑΤΑΣΤΑΣΗ ΑΠΟΚΟΛΛΗΣΗΣ ΑΜΦΙΒΛΗΣΤΡΟΕΙΔΟΥΣ, 1 Ή ΠΕΡΙΣΣΟΤΕΡΕΣ ΣΥΝΕΔΡΙΕΣ. ΚΡΥΟΘΕΡΑΠΕΙΑ Ή ΔΙΑΘΕΡΜΙΑ, ΜΕ Ή ΧΩΡΙΣ ΠΑΡΟΧΕΤΕΥΣΗ ΤΟΥ ΥΠΟ-ΑΜΦΙΒΛΗΣΤΡΟΕΙΔΙΚΟΥ ΥΓΡΟΥ;;;;;
6364;X714169;ΑΠΟΚΑΤΑΣΤΑΣΗ ΑΠΟΚΟΛΛΗΣΗΣ ΑΜΦΙΒΛΗΣΤΡΟΕΙΔΟΥΣ, 1 Ή ΠΕΡΙΣΣΟΤΕΡΕΣ ΣΥΝΕΔΡΙΕΣ. ΦΩΤΟΠΗΞΙΑ, ΜΕ Ή ΧΩΡΙΣ ΠΑΡΟΧΕΤΕΥΣΗ ΤΟΥ ΥΠΟ-ΑΜΦΙΒΛΗΣΤΡΟΕΙΔΙΚΟΥ ΥΓΡΟΥ;;;;;
6365;X714173;ΑΠΟΚΑΤΑΣΤΑΣΗ ΑΠΟΚΟΛΛΗΣΗΣ ΑΜΦΙΒΛΗΣΤΡΟΕΙΔΟΥΣ. ΠΕΡΙΒΡΟΓΧΙΣΜΟ ( ΤΜΗΜΑΤΙΚΗ ΤΟΠΟΘΕΤΗΣΗ ΜΟΣΧΕΥΜΑΤΟΣ ) ΜΕ Η ΧΩΡΙΣ ΜΟΣΧΕΥΜΑ , ΜΕ Ή ΧΩΡΙΣ ΚΡΥΟΘΕΡΑΠΕΙΑ, ΦΩΤΟΠΗΞΙΑ, ΚΑΙ ΠΑΡΟΧΕΤΕΥΣΗ ΤΟΥ ΥΠΟ-ΑΜΦΙΒΛΗΣΤΡΟΕΙΔΙΚΟΥ ΥΓΡΟΥ;;;;;
6366;X714175;ΑΠΟΚΑΤΑΣΤΑΣΗ ΑΠΟΚΟΛΛΗΣΗΣ ΑΜΦΙΒΛΗΣΤΡΟΕΙΔΟΥΣ. ΜΕ ΥΑΛΟΕΙΔΕΚΤΟΜΗ, ΚΑΘΕ ΜΕΘΟΔΟΣ, ΜΕ Ή ΧΩΡΙΣ ΕΠΙΠΩΜΑΤΙΣΜΟ ΑΕΡΑ Ή ΑΕΡΙΟΥ, ΕΣΤΙΑΚΗ ΦΩΤΟΠΗΞΙΑ ENDOLASER, ΚΡΥΟΘΕΡΑΠΕΙΑ, ΠΑΡΟΧΕΤΕΥΣΗ ΥΠΟ-ΑΜΦΙΒΛΗΣΤΡΟΕΙΔΙΚΟΥ ΥΓΡΟΥ, ΠΕΡΙΒΡΟΓΧΙΣΜΟ, ΚΑΙ/Ή ΑΦΑΙΡΕΣΗ ΦΑΚΟΥ ΜΕ ΤΗΝ ΙΔΙΑ ΤΕΧΝΙΚΗ;;;;;
6367;X714179;ΑΠΟΚΑΤΑΣΤΑΣΗ ΑΠΟΚΟΛΛΗΣΗΣ ΑΜΦΙΒΛΗΣΤΡΟΕΙΔΟΥΣ. ΜΕ ΕΓΧΥΣΗ ΑΕΡΑ Ή ΑΛΛΟΥ ΑΕΡΙΟΥ (Π.Χ. ΠΝΕΥΜΑΤΙΚΗ ΑΜΦΙΒΛΗΣΤΡΟΕΙΔΟΠΗΞΙΑ);;;;;
6368;X714183;ΑΠΟΚΑΤΑΣΤΑΣΗ ΑΠΟΚΟΛΛΗΣΗΣ ΑΜΦΙΒΛΗΣΤΡΟΕΙΔΟΥΣ. ΜΕ ΠΕΡΙΒΡΟΓΧΙΣΜΟ Ή ΥΑΛΟΕΙΔΕΚΤΟΜΗ, ΣΕ ΑΣΘΕΝΗ ΠΟΥ ΕΧΕΙ ΥΠΟΣΤΕΙ ΠΡΟΗΓΟΥΜΕΝΗ ΘΕΡΑΠΕΙΑ (ΕΣ) ΑΠΟΚΑΤΑΣΤΑΣΗΣ ΑΠΟΚΟΛΛΗΣΗΣ ΟΜΟΠΛΕΥΡΟΥ ΑΜΦΙΒΛΗΣΤΡΟΕΙΔΟΥΣ, ΜΕ ΤΗ ΧΡΗΣΗ ΤΕΧΝΙΚΩΝ ΠΕΡΙΒΡΟΓΧΙΣΜΟΥΉ ΥΑΛΟΕΙΔΕΚΤΟΜΗΣ;;;;;
6369;X714185;ΑΠΟΚΑΤΑΣΤΑΣΗ ΕΠΙΠΛΕΓΜΕΝΗΣ ΑΠΟΚΟΛΛΗΣΗΣ ΑΜΦΙΒΛΗΣΤΡΟΕΙΔΟΥΣ (Π.Χ.ΠΑΡΑΓΩΓΙΚΗ ΥΑΛΟΕΙΔΟΑΜΦΙΒΛΗΣΤΡΟΕΙΔΟΠΑΘΕΙΑ, ΣΤΑΔΙΟ C-1 Ή ΑΝΩΤΕΡΟ, ΔΙΑΒΗΤΙΚΗ ΕΛΚΤΙΚΗ ΑΠΟΚΟΛΛΗΣΗ ΑΜΦΙΒΛΗΣΤΡΟΕΙΔΟΥΣ , ΑΜΦΙΒΛΗΣΤΡΟΕΙΔΟΠΑΘΕΙΑ ΠΡΟΩΡΩΝ ΝΕΟΓΝΩΝ, ΡΩΓΜΗ ΑΜΦΙΒΛΗΣΤΡΟΕΙΔΟΥΣ ΜΕΓΑΛΥΤΕΡΗ ΤΩΝ 90 ΒΑΘΜΩΝ), ΜΕ ΥΑΛΟΕΙΔΕΚΤΟΜΗ ΚΑΙ ΑΦΑΙΡΕΣΗ ΜΕΜΒΡΑΝΗΣ, ΜΠΟΡΕΙ ΝΑ ΠΕΡΙΛΑΜΒΑΝΕΙ ΕΠΙΠΩΜΑΤΙΣΜΟ ΑΕΡΑ, ΑΕΡΙΟΥ  Ή ΛΑΔΙΟΥ ΣΙΛΙΚΟΝΗΣ, ΚΡΥΟΘΕΡΑΠΕΙΑ, ΦΩΤΟΠΗΞΙΑ, ΕΝΔΟLASER, ΠΑΡΟΧΕΤΕΥΣΗ ΥΠΟ-ΑΜΦΙΒΛΗΣΤΡΟΕΙΔΙΚΟΥ ΥΓΡΟΥ,ΠΕΡΙΒΡΟΓΧΙΣΜΟ, ΚΑΙ/Ή ΑΦΑΙΡΕΣΗ ΦΑΚΟΥ;;;;;
6370;X714189;ΑΦΑΙΡΕΣΗ ΥΛΙΚΟΥ ΠΕΡΙΒΡΟΓΧΙΣΜΟΥ (ΟΠΙΣΘΙΟ ΤΜΗΜΑ);;;;;
6371;X714199;ΑΦΑΙΡΕΣΗ ΕΜΦΥΤΕΥΜΕΝΟΥ ΥΛΙΚΟΥ (ΠΧ. ΜΟΣΧΕΥΜΑ ΣΙΛΙΚΟΝΗΣ ), ΟΠΙΣΘΙΟ ΤΜΗΜΑ. ΕΞΩΟΦΘΑΛΜΙΚΗ;;;;;
6372;X714201;ΑΦΑΙΡΕΣΗ ΕΜΦΥΤΕΥΜΕΝΟΥ ΥΛΙΚΟΥ, ΟΠΙΣΘΙΟ ΤΜΗΜΑ. ΕΝΔΟΦΘΑΛΜΙΚΗ;;;;;
6373;X714241;ΠΡΟΦΥΛΑΞΗ ΑΠΟΚΟΛΛΗΣΗΣ ΑΜΦΙΒΛΗΣΤΡΟΕΙΔΟΥΣ (Π.Χ. ΡΩΓΜΗ ΑΜΦΙΒΛΗΣΤΡΟΕΙΔΟΥΣ, ΔΙΚΤΥΩΤΗ ΕΚΦΥΛΙΣΗ ) ΧΩΡΙΣ ΠΑΡΟΧΕΤΕΥΣΗ, 1 Ή ΠΕΡΙΣΣΟΤΕΡΕΣ ΣΥΝΕΔΡΙΕΣ. ΚΡΥΟΘΕΡΑΠΕΙΑ, ΔΙΑΘΕΡΜΙΑ;;;;;
6374;X714249;ΠΡΟΦΥΛΑΞΗ ΑΠΟΚΟΛΛΗΣΗΣ ΑΜΦΙΒΛΗΣΤΡΟΕΙΔΟΥΣ (Π.Χ. ΡΗΞΗ ΑΜΦΙΒΛΗΣΤΡΟΕΙΔΟΥΣ,ΔΙΚΤΥΩΤΗ ΕΚΦΥΛΙΣΗ ΧΩΡΙΣ ΠΑΡΟΧΕΤΕΥΣΗ, 1 Ή ΠΕΡΙΣΣΟΤΕΡΕΣ ΣΥΝΕΔΡΙΕΣ. ΦΩΤΟΠΗΞΙΑ (ΛΕΪΖΕΡ Ή ΧΕΝΟΝ ARC);;;;;
6375;X714375;ΚΑΤΑΣΤΡΟΦΗ ΕΝΤΟΠΙΣΜΕΝΗΣ ΒΛΑΒΗΣ ΑΜΦΙΒΛΗΣΤΡΟΕΙΔΟΥΣ (Π.Χ. ΟΙΔΗΜΑ ΩΧΡΑΣ ΚΗΛΙΔΑΣ, ΟΓΚΟΙ), 1 Ή ΠΕΡΙΣΣΟΤΕΡΕΣ ΣΥΝΕΔΡΙΕΣ, ΚΡΥΟΘΕΡΑΠΕΙΑ, ΔΙΑΘΕΡΜΙΑ;;;;;
6376;X714379;ΚΑΤΑΣΤΡΟΦΗ ΕΝΤΟΠΙΣΜΕΝΗΣ ΒΛΑΒΗΣ ΑΜΦΙΒΛΗΣΤΡΟΕΙΔΟΥΣ (Π.Χ. ΟΙΔΗΜΑ ΩΧΡΑΣ ΚΗΛΙΔΑΣ, ΟΓΚΟΙ), 1 Η ΠΕΡΙΣΣΟΤΕΡΕΣ ΣΥΝΕΔΡΙΕΣ, ΦΩΤΟΠΗΞΙΑ;;;;;
6377;X714395;ΚΑΤΑΣΤΡΟΦΗ ΕΝΤΟΠΙΣΜΕΝΗΣ ΒΛΑΒΗΣ ΑΜΦΙΒΛΗΣΤΡΟΕΙΔΟΥΣ (Π.Χ. ΟΙΔΗΜΑ ΩΧΡΑΣ ΚΗΛΙΔΑΣ, ΟΓΚΟΙ), 1 Ή ΠΕΡΙΣΣΟΤΕΡΕΣ ΣΥΝΕΔΡΙΕΣ. ΑΚΤΙΝΟΒΟΛΗΣΗ ΜΕΣΩ ΕΜΦΥΤΕΥΣΗΣ ΠΗΓΗΣ (ΠΕΡΙΛΑΜΒΑΝΕΙ ΑΦΑΙΡΕΣΗ  ΤΗΣ ΠΗΓΗΣ);;;;;
6378;X714399;ΚΑΤΑΣΤΡΟΦΗ ΤΟΠΙΚΗΣ ΒΛΑΒΗΣ ΤΟΥ ΧΟΡΙΟΕΙΔΗ ΧΙΤΩΝΑ (Π.Χ. ΧΟΡΙΟΕΙΔΙΚΗ ΝΕΟΑΓΓΕΙΩΣΗ). ΦΩΤΟΠΗΞΙΑ (Π.Χ. ΛΕΪΖΕΡ), 1 Ή ΠΕΡΙΣΣΟΤΕΡΕΣ ΣΥΝΕΔΡΙΕΣ;;;;;
6379;X714401;ΚΑΤΑΣΤΡΟΦΗ ΤΟΠΙΚΗΣ ΒΛΑΒΗΣ ΤΟΥ ΧΟΡΙΟΕΙΔΗ ΧΙΤΩΝΑ (Π.Χ. ΧΟΡΙΟΕΙΔΙΚΗ ΝΕΟΑΓΓΕΙΩΣΗ). ΦΩΤΟΔΥΝΑΜΙΚΗ ΘΕΡΑΠΕΙΑ (ΠΕΡΙΛΑΜΒΑΝΕΙ ΕΝΔΟΦΛΕΒΙΑ ΕΓΧΥΣΗ);;;;;
6380;X714409;ΚΑΤΑΣΤΡΟΦΗ ΤΟΠΙΚΗΣ ΒΛΑΒΗΣ ΤΟΥ ΧΟΡΙΟΕΙΔΗ ΧΙΤΩΝΑ (Π.Χ. ΧΟΡΙΟΕΙΔΙΚΗ ΝΕΟΑΓΓΕΙΩΣΗ). ΦΩΤΟΔΥΝΑΜΙΚΗ ΘΕΡΑΠΕΙΑ, ΔΕΥΤΕΡΟΣ ΟΦΘΑΛΜΟΣ, ΣΕ ΜΙΑ ΜΟΝΟ ΣΥΝΕΔΡΙΑ (ΝΑ ΚΑΤΑΓΡΑΦΕΤΑΙ ΞΕΧΩΡΙΣΤΑ ΕΠΙΠΛΕΟΝ ΤΟΥ ΚΩΔΙΚΟΥ ΤΗΣ ΑΡΧΙΚΗΣ ΔΙΑΔΙΚΑΣΙΑΣ ΟΦΘΑΛΜΙΚΗΣ ΘΕΡΑΠΕΙΑΣ);;;;;
6381;X714413;ΚΑΤΑΣΤΡΟΦΗ ΕΚΤΕΤΑΜΕΝΗΣ Ή ΠΑΡΑΓΩΓΙΚΗΣ ΑΜΦΙΒΛΗΣΤΡΟΕΙΔΟΠΑΘΕΙΑΣ (Π.Χ. ΔΙΑΒΗΤΙΚΗ ΑΜΦΙΒΛΗΣΤΡΟΕΙΔΟΠΑΘΕΙΑ), 1 Ή ΠΕΡΙΣΣΟΤΕΡΕΣ ΣΥΝΕΔΡΙΕΣ, ΚΡΥΟΘΕΡΑΠΕΙΑ, ΔΙΑΘΕΡΜΙΑ;;;;;
6382;X714415;ΘΕΡΑΠΕΙΑ ΕΚΤΕΤΑΜΕΝΗΣ Ή ΕΠΙΔΕΙΝΟΥΜΕΝΗΣ ΑΜΦΙΒΛΗΣΤΡΟΕΙΔΟΠΑΘΕΙΑΣ, 1 Ή ΠΕΡΙΣΣΟΤΕΡΕΣ ΣΥΝΕΔΡΙΕΣ. (Π.Χ. ΔΙΑΒΗΤΙΚΗ ΑΜΦΙΒΛΗΣΤΡΟΕΙΔΟΠΑΘΕΙΑ), ΦΩΤΟΠΗΞΙΑ;;;;;
6383;X714417;ΘΕΡΑΠΕΙΑ ΕΚΤΕΤΑΜΕΝΗΣ Ή ΕΠΙΔΕΙΝΟΥΜΕΝΗΣ ΑΜΦΙΒΛΗΣΤΡΟΕΙΔΟΠΑΘΕΙΑΣ, 1 Ή ΠΕΡΙΣΣΟΤΕΡΕΣ ΣΥΝΕΔΡΙΕΣ ΠΡΟΩΡΟ ΝΕΟΓΝΟ (ΛΙΓΟΤΕΡΕΣ ΑΠΟ 37 ΕΒΔΟΜΑΔΕΣ ΚΥΗΣΗΣ), ΕΦΑΡΜΟΖΕΤΑΙ ΑΠΟ  ΤΗ ΓΕΝΝΑ ΜΕΧΡΙ ΤΗΝ ΗΛΙΚΙΑ ΤΟΥ ΕΝΟΣ ΕΤΟΥΣ (Π.Χ. ΑΜΦΙΒΛΗΣΤΡΟΕΙΔΟΠΑΘΕΙΑ ΠΡΟΩΡΩΝ ΝΕΟΓΝΩΝ), ΦΩΤΟΠΗΞΙΑ Ή ΚΡΥΟΘΕΡΑΠΕΙΑ;;;;;
6384;X714459;ΕΝΙΣΧΥΣΗ ΣΚΛΗΡΟΥ ΧΙΤΩΝΑ (ΞΕΧΩΡΙΣΤΗ ΔΙΑΔΙΚΑΣΙΑ). ΧΩΡΙΣ ΕΜΦΥΤΕΥΜΑ;;;;;
6385;X714469;ΕΝΙΣΧΥΣΗ ΣΚΛΗΡΟΥ ΧΙΤΩΝΑ (ΞΕΧΩΡΙΣΤΗ ΔΙΑΔΙΚΑΣΙΑ). ΜΕ ΕΜΦΥΤΕΥΜΑ;;;;;
6386;X714557;ΜΗ ΚΑΤΑΓΕΓΡΑΜΜΕΝΗ ΔΙΑΔΙΚΑΣΙΑ, ΟΠΙΣΘΙΟ ΤΜΗΜΑ;;;;;
6387;X714581;ΕΠΕΜΒΑΣΗ ΣΤΡΑΒΙΣΜΟΥ, ΔΙΑΔΙΚΑΣΙΑ ΒΡΑΧΥΝΣΗΣ Ή ΜΕΡΙΚΗΣ ΑΠΟΚΟΠΗΣ. 1 ΟΡΙΖΟΝΤΙΟΥ ΜΥΟΣ;;;;;
6388;X714583;ΕΠΕΜΒΑΣΗ ΣΤΡΑΒΙΣΜΟΥ, ΔΙΑΔΙΚΑΣΙΑ ΒΡΑΧΥΝΣΗΣ Ή ΜΕΡΙΚΗΣ ΑΠΟΚΟΠΗΣ. 2 ΟΡΙΖΟΝΤΙΩΝ ΜΥΩΝ;;;;;
6389;X714587;ΕΠΕΜΒΑΣΗ ΣΤΡΑΒΙΣΜΟΥ, ΔΙΑΔΙΚΑΣΙΑ ΒΡΑΧΥΝΣΗΣΉ ΜΕΡΙΚΗΣ ΑΠΟΚΟΠΗΣ. 1 ΟΡΘΟΥ ΜΥΟΣ (ΕΞΑΙΡΟΥΜΕΝΟΥ ΤΟΥ ΑΝΩ ΛΟΞΟΥ);;;;;
6390;X714591;ΕΠΕΜΒΑΣΗ ΣΤΡΑΒΙΣΜΟΥ, ΔΙΑΔΙΚΑΣΙΑ ΒΡΑΧΥΝΣΗΣ Ή ΜΕΡΙΚΗΣ ΑΠΟΚΟΠΗΣ. 2 Ή ΠΕΡΙΣΣΟΤΕΡΩΝ ΟΡΘΩΝ ΜΥΩΝ (ΕΞΑΙΡΟΥΜΕΝΟΥ ΤΟΥ ΑΝΩ ΛΟΞΟΥ);;;;;
6391;X714595;ΕΠΕΜΒΑΣΗ ΣΤΡΑΒΙΣΜΟΥ, ΟΠΟΙΑΔΗΠΟΤΕ ΔΙΑΔΙΚΑΣΙΑ, ΑΝΩ ΛΟΞΟΣ ΜΥΣ;;;;;
6392;X714599;ΔΙΑΔΙΚΑΣΙΑ ΜΕΤΑΘΕΣΗΣ (Π.Χ., ΓΙΑ ΠΑΡΕΤΙΚΟ ΕΞΩΟΦΘΑΛΜΙΚΟ ΜΥ), ΟΠΟΙΟΥΔΗΠΟΤΕ ΕΞΩΟΦΘΑΛΜΙΚΟΥ ΜΥΟΣ (ΝΑ ΚΑΘΟΡΙΣΤΕΙ) (ΝΑ ΚΑΤΑΓΡΑΦΕΤΑΙ ΞΕΧΩΡΙΣΤΑ ΜΑΖΙ ΜΕ ΤΟΝ ΚΩΔΙΚΟ ΓΙΑ ΤΗΝ  ΑΡΧΙΚΗ ΔΙΑΔΙΚΑΣΙΑ);;;;;
6393;X714621;ΕΠΕΜΒΑΣΗ ΣΤΡΑΒΙΣΜΟΥ ΣΕ ΑΣΘΕΝΗ ΠΟΥ ΕΧΕΙ ΥΠΟΣΤΕΙ ΠΡΟΗΓΟΥΜΕΝΗ ΟΦΘΑΛΜΙΚΗ ΕΠΕΜΒΑΣΗ Ή ΤΡΑΥΜΑΤΙΣΜΟ ΠΟΥ ΔΕΝ ΠΕΡΙΕΛΑΜΒΑΝΕ ΤΟΥΣ ΕΞΩΟΦΘΑΛΜΙΚΟΥΣ ΜΥΕΣ (ΝΑ ΚΑΤΑΓΡΑΦΕΤΑΙ ΞΕΧΩΡΙΣΤΑ ΜΑΖΙ ΜΕ ΤΟΝ ΚΩΔΙΚΟ ΓΙΑ ΤΗΝ ΑΡΧΙΚΗ ΔΙΑΔΙΚΑΣΙΑ);;;;;
6394;X714623;ΕΠΕΜΒΑΣΗ ΣΤΡΑΒΙΣΜΟΥ ΣΕ ΑΣΘΕΝΗ ΜΕ ΟΥΛΗ ΣΕ ΕΞΩΟΦΘΑΛΜΙΚΟΥΣ ΜΥΕΣ (Π.Χ. ΠΡΟΗΓΟΥΜΕΝΟΣ ΟΦΘΑΛΜΙΚΟΣ ΤΡΑΥΜΑΤΙΣΜΟΣ, ΕΓΧΕΙΡΙΣΗ ΣΤΡΑΒΙΣΜΟΥ Ή ΑΠΟΚΟΛΛΗΣΗΣ ΑΜΦΙΒΛΗΣΤΡΟΕΙΔΟΥΣ) Ή  ΠΕΡΙΟΡΙΣΤΙΚΗ ΜΥΟΠΑΘΕΙΑ (Π.Χ. ΔΥΣΘΥΡΕΟΕΙΔΙΚΗ ΟΦΘΑΛΜΟΠΑΘΕΙΑ) (ΝΑ ΚΑΤΑΓΡΑΦΕΤΑΙ ΞΕΧΩΡΙΣΤΑ ΕΠΙΠΛΕΟΝ ΤΟΥ ΚΩΔΙΚΟΥ ΤΗΣ ΑΡΧΙΚΗΣ ΔΙΑΔΙΚΑΣΙΑΣ);;;;;
6395;X714627;ΕΠΕΜΒΑΣΗ ΣΤΡΑΒΙΣΜΟΥ ΜΕ ΤΕΧΝΙΚΗ ΟΠΙΣΘΙΑΣ ΜΕΤΑΘΕΣΗΣ, ΜΕ Ή  ΧΩΡΙΣ ΒΡΑΧΥΝΣΗ (ΝΑ ΚΑΤΑΓΡΑΦΕΤΑΙ ΞΕΧΩΡΙΣΤΑ ΜΑΖΙ ΜΕ ΤΟΝ ΚΩΔΙΚΟ ΓΙΑ ΤΗΝ  ΑΡΧΙΚΗ ΔΙΑΔΙΚΑΣΙΑ);;;;;
6396;X714629;ΤΟΠΟΘΕΤΗΣΗ ΡΥΘΜΙΖΟΜΕΝΗΣ ΡΑΦΗΣ (ΩΝ) ΚΑΤΑ ΤΗ ΔΙΑΡΚΕΙΑ ΤΗΣ ΧΕΙΡΟΥΡΓΙΚΗΣ ΕΠΕΜΒΑΣΗΣ ΣΤΡΑΒΙΣΜΟΥ, ΣΥΜΠΕΡΙΛΑΜΒΑΝΟΜΕΝΩΝ ΜΕΤΕΓΧΕΙΡΗΤΙΚΗΣ ΡΥΘΜΙΣΗΣ (ΩΝ) ΤΩΝ ΡΑΦΩΝ (ΝΑ ΚΑΤΑΓΡΑΦΕΤΑΙ ΞΕΧΩΡΙΣΤΑ, ΜΑΖΙ ΜΕ ΤΟΝ ΚΩΔΙΚΟ ΤΗΣ ΕΙΔΙΚΗΣ ΧΕΙΡΟΥΡΓΙΚΗΣ ΕΠΕΜΒΑΣΗΣ ΣΤΡΑΒΙΣΜΟΥ);;;;;
6397;X714639;ΧΕΙΡΟΥΡΓΙΚΗ ΕΠΕΜΒΑΣΗ ΠΟΥ ΠΕΡΙΛΑΜΒΑΝΕΙ ΔΙΕΡΕΥΝΗΣΗ ΚΑΙ/Ή ΑΠΟΚΑΤΑΣΤΑΣΗ ΑΠΟΚΟΛΛΗΜΕΝΟΥ ΕΞΩΟΦΘΑΛΜΙΚΟΥ ΜΥΟΣ (ΝΑ ΚΑΘΟΡΙΣΤΕΙ) (ΝΑ ΚΑΤΑΓΡΑΦΕΤΑΙ ΞΕΧΩΡΙΣΤΑ ΜΑΖΙ ΜΕ ΤΟΝ ΚΩΔΙΚΟ ΓΙΑ ΤΗΝ ΑΡΧΙΚΗ ΔΙΑΔΙΚΑΣΙΑ);;;;;
6398;X714645;ΑΦΑΙΡΕΣΗ ΕΚΤΕΤΑΜΕΝΗΣ ΟΥΛΗΣ ΧΩΡΙΣ ΤΗΝ ΑΠΟΚΟΛΛΗΣΗ ΤΟΥ ΕΝΔΟΦΘΑΛΜΙΚΟΥ ΜΥΟΣ (ΞΕΧΩΡΙΣΤΗ ΔΙΑΔΙΚΑΣΙΑ);;;;;
6399;X714649;ΧΗΜΙΚΗ ΑΠΟΝΕΥΡΩΣΗ ΕΞΟΦΘΑΛΜΙΚΟΥ ΜΥΟΣ;;;;;
6400;X714651;ΒΙΟΨΙΑ ΕΞΟΦΘΑΛΜΙΚΟΥ ΜΥΟΣ;;;;;
6401;X714757;ΜΗ ΚΑΤΑΓΕΓΡΑΜΜΕΝΗ ΔΙΑΔΙΚΑΣΙΑ, ΟΦΘΑΛΜΙΚΟΣ ΜΥΣ;;;;;
6402;X714759;ΚΟΓΧΟΤΟΜΗ ΧΩΡΙΣ ΟΣΤΙΚΟ ΚΡΗΜΝΟ (ΠΡΟΣΘΙΑ Ή ΔΙΑΕΠΙΠΕΦΥΚΟΤΙΚΗ ΠΡΟΣΕΓΓΙΣΗ). ΓΙΑ ΔΙΕΡΕΥΝΗΣΗ, ΜΕ Ή ΧΩΡΙΣ ΒΙΟΨΙΑ;;;;;
6403;X714769;ΚΟΓΧΟΤΟΜΗ ΧΩΡΙΣ ΟΣΤΙΚΟ ΚΡΗΜΝΟ (ΠΡΟΣΘΙΑ Ή ΔΙΑΕΠΙΠΕΦΥΚΟΤΙΚΗ ΠΡΟΣΕΓΓΙΣΗ). ΜΟΝΟ ΜΕ ΠΑΡΟΧΕΤΕΥΣΗ;;;;;
6404;X714783;ΚΟΓΧΟΤΟΜΗ ΧΩΡΙΣ ΟΣΤΙΚΟ ΚΡΗΜΝΟ (ΠΡΟΣΘΙΑ Ή ΔΙΑΕΠΙΠΕΦΥΚΟΤΙΚΗ ΠΡΟΣΕΓΓΙΣΗ). ΜΕ ΑΦΑΙΡΕΣΗ ΒΛΑΒΗΣ;;;;;
6405;X714785;ΚΟΓΧΟΤΟΜΗ ΧΩΡΙΣ ΟΣΤΙΚΟ ΚΡΗΜΝΟ (ΠΡΟΣΘΙΑ Ή ΔΙΑΕΠΙΠΕΦΥΚΟΤΙΚΗ ΠΡΟΣΕΓΓΙΣΗ). ΜΕ ΑΦΑΙΡΕΣΗ ΞΕΝΟΥ ΣΩΜΑΤΟΣ;;;;;
6406;X714787;ΚΟΓΧΟΤΟΜΗ ΧΩΡΙΣ ΟΣΤΙΚΟ ΚΡΗΜΝΟ (ΠΡΟΣΘΙΑ Ή ΔΙΑΕΠΙΠΕΦΥΚΟΤΙΚΗ ΠΡΟΣΕΓΓΙΣΗ). ΜΕ ΑΦΑΙΡΕΣΗ ΟΣΤΟΥ ΓΙΑ ΑΠΟΣΥΜΠΙΕΣΗ;;;;;
6407;X714789;ΑΝΑΡΡΟΦΗΣΗ ΜΕ ΛΕΠΤΗ ΒΕΛΟΝΑ ΚΟΓΧΙΚΩΝ ΠΕΡΙΕΧΟΜΕΝΩΝ;;;;;
6408;X714799;ΚΟΓΧΟΤΟΜΗ ΜΕ ΟΣΤΙΚΟ ΚΡΗΜΝΟ Ή ΠΑΡΑΘΥΡΟ, ΠΛΑΓΙΑ ΠΡΟΣΕΓΓΙΣΗ (Π.Χ. KROENLEIN). ΜΕ ΑΦΑΙΡΕΣΗ ΒΛΑΒΗΣ;;;;;
6409;X714819;ΚΟΓΧΟΤΟΜΗ ΜΕ ΟΣΤΙΚΟ ΚΡΗΜΝΟ Ή ΠΑΡΑΘΥΡΟ, ΠΛΑΓΙΑ ΠΡΟΣΕΓΓΙΣΗ (Π.Χ. KROENLEIN). ΜΕ ΑΦΑΙΡΕΣΗ ΞΕΝΟΥ ΣΩΜΑΤΟΣ;;;;;
6410;X714839;ΚΟΓΧΟΤΟΜΗ ΜΕ ΟΣΤΙΚΟ ΚΡΗΜΝΟ Ή ΠΑΡΑΘΥΡΟ, ΠΛΑΓΙΑ ΠΡΟΣΕΓΓΙΣΗ (Π.Χ. KROENLEIN). ΜΕ ΠΑΡΟΧΕΤΕΥΣΗ;;;;;
6411;X714849;ΚΟΓΧΟΤΟΜΗ ΜΕ ΟΣΤΙΚΟ ΚΡΗΜΝΟ Ή ΠΑΡΑΘΥΡΟ, ΠΛΑΓΙΑ ΠΡΟΣΕΓΓΙΣΗ (Π.Χ. KROENLEIN). ΜΕ ΑΦΑΙΡΕΣΗ ΟΣΤΟΥ ΓΙΑ ΑΠΟΣΥΜΠΙΕΣΗ;;;;;
6412;X714859;ΚΟΓΧΟΤΟΜΗ ΜΕ ΟΣΤΙΚΟ ΚΡΗΜΝΟ Ή ΠΑΡΑΘΥΡΟ, ΠΛΑΓΙΑ ΠΡΟΣΕΓΓΙΣΗ (Π.Χ. KROENLEIN). ΓΙΑ ΔΙΕΡΕΥΝΗΣΗ, ΜΕ Ή ΧΩΡΙΣ ΒΙΟΨΙΑ;;;;;
6413;X714959;ΟΠΙΣΘΟΒΟΛΒΙΚΗ ΕΝΕΣΗ. ΦΑΡΜΑΚΕΥΤΙΚΗΣ ΟΥΣΙΑΣ (ΞΕΧΩΡΙΣΤΗ ΔΙΑΔΙΚΑΣΙΑ, ΔΕΝ ΠΕΡΙΛΑΜΒΑΝΕΙ ΠΡΟΜΗΘΕΙΑ ΦΑΡΜΑΚΩΝ);;;;;
6414;X714969;ΟΠΙΣΘΟΒΟΛΒΙΚΗ ΕΝΕΣΗ, ΟΙΝΟΠΝΕΥΜΑ;;;;;
6415;X714989;ΕΝΕΣΗ ΦΑΡΜΑΚΟΥ Ή ΑΛΛΗΣ ΟΥΣΙΑΣ ΣΤH ΤΕΝΟΝΕΙΟ ΚΑΨΑ;;;;;
6416;X715059;ΚΟΓΧΙΚΟ ΕΜΦΥΤΕΥΜΑ (ΕΜΦΥΤΕΥΜΑ ΕΞΩ ΑΠΟ ΤΟΝ ΚΩΝΟ ΤΟΥ ΜΥΟΣ). ΕΙΣΑΓΩΓΗ;;;;;
6417;X715079;ΚΟΓΧΙΚΟ ΕΜΦΥΤΕΥΜΑ (ΕΜΦΥΤΕΥΜΑ ΕΞΩ ΑΠΟ ΤΟΝ ΚΩΝΟ ΤΟΥ ΜΥΟΣ). ΑΦΑΙΡΕΣΗ Ή ΑΝΑΘΕΩΡΗΣΗ;;;;;
6418;X715099;ΑΠΟΣΥΜΠΙΕΣΗ ΟΠΤΙΚΟΥ ΝΕΥΡΟΥ (Π.Χ. ΤΟΜΗ Ή ΘΥΡΙΔΟΠΟΙΗΣΗ ΕΛΥΤΡΟΥ ΟΠΤΙΚΟΥ ΝΕΥΡΟΥ);;;;;
6419;X715157;ΜΗ ΚΑΤΑΓΕΓΡΑΜΜΕΝΗ ΔΙΑΔΙΚΑΣΙΑ, ΚΟΓΧΟΣ;;;;;
6420;X715359;ΒΛΕΦΑΡΟΤΟΜΗ, ΠΑΡΟΧΕΤΕΥΣΗ ΑΠΟΣΤΗΜΑΤΟΣ, ΒΛΕΦΑΡΟ;;;;;
6421;X715379;ΛΥΣΗ ΤΑΡΣΟΡΡΑΦΗΣ;;;;;
6422;X715389;ΚΑΝΘΟΤΟΜΗ (ΞΕΧΩΡΙΣΤΗ ΔΙΑΔΙΚΑΣΙΑ);;;;;
6423;X715559;ΕΚΤΟΜΗ ΧΑΛΑΖΙΟΥ. ΜΟΝΗ;;;;;
6424;X715561;ΕΚΤΟΜΗ ΧΑΛΑΖΙΟΥ. ΠΟΛΛΑΠΛΗ, ΙΔΙΟ ΒΛΕΦΑΡΟ;;;;;
6425;X715569;ΕΚΤΟΜΗ ΧΑΛΑΖΙΟΥ. ΠΟΛΛΑΠΛΗ, ΔΙΑΦΟΡΕΤΙΚΑ ΒΛΕΦΑΡΑ;;;;;
6426;X715575;ΕΚΤΟΜΗ ΧΑΛΑΖΙΟΥ. ΜΕ ΓΕΝΙΚΗ ΑΝΑΙΣΘΗΣΙΑ ΚΑΙ/Ή ΠΟΥ ΑΠΑΙΤΕΙ ΝΟΣΗΛΕΙΑ, ΜΟΝΗ Ή ΠΟΛΛΑΠΛΗ;;;;;
6427;X715579;ΒΙΟΨΙΑ ΒΛΕΦΑΡΟΥ;;;;;
6428;X715599;ΔΙΟΡΘΩΣΗ ΤΡΙΧΙΑΣΗΣ. ΑΠΟΤΡΙΧΩΣΗ, ΜΟΝΟ ΜΕ ΛΑΒΙΔΕΣ;;;;;
6429;X715609;ΔΙΟΡΘΩΣΗ ΤΡΙΧΙΑΣΗΣ. ΑΠΟΤΡΙΧΩΣΗ, ΜΕ ΑΛΛΟ ΜΕΣΟ ΚΑΙ ΟΧΙ ΛΑΒΙΔΕΣ (Π.Χ. ΜΕ ΗΛΕΚΤΡΟΧΕΙΡΟΥΡΓΙΚΗ, ΚΡΥΟΘΕΡΑΠΕΙΑ, ΧΕΙΡΟΥΡΓΙΚΗ ΕΠΕΜΒΑΣΗ ΛΕΪΖΕΡ);;;;;
6430;X715619;ΔΙΟΡΘΩΣΗ ΤΡΙΧΙΑΣΗΣ. ΕΚΤΟΜΗ ΧΕΙΛΟΥΣ ΒΛΕΦΑΡΟΥ;;;;;
6431;X715629;ΔΙΟΡΘΩΣΗ ΤΡΙΧΙΑΣΗΣ. ΕΚΤΟΜΗ ΧΕΙΛΟΥΣ ΒΛΕΦΑΡΟΥ ΜΕ ΕΛΕΥΘΕΡΟ ΜΟΣΧΕΥΜΑ ΒΛΕΝΝΟΓΟΝΟΥ;;;;;
6432;X715639;ΕΚΤΟΜΗ ΔΕΡΜΑΤΙΚΗΣ ΒΛΑΒΗΣ-ΒΛΑΒΩΝ ΒΛΕΦΑΡΟΥ (ΕΞΑΙΡΟΥΜΕΝΟΥ ΤΟΥ ΧΑΛΑΖΙΟΥ) ;;;;;
6433;X715659;ΑΠΟΚΑΤΑΣΤΑΣΗ ΒΛΑΒΗΣ ΤΟΥ ΒΛΕΦΑΡΙΚΟΥ ΧΕΙΛΟΥΣ (ΕΩΣ 1 ΕΚ);;;;;
6434;X715709;ΠΡΟΣΩΡΙΝΟ ΚΛΕΙΣΙΜΟ ΒΛΕΦΑΡΩΝ ΜΕ ΣΥΡΡΑΦΗ;;;;;
6435;X715719;ΚΑΤΑΣΚΕΥΗ ΔΙΑΧΕΙΛΙΚΩΝ ΠΡΟΣΦΥΣΕΩΝ, ΜΕΣΗ ΤΑΡΣΟΡΡΑΦΗ, Ή ΚΑΝΘΟΡΡΑΦΗ;;;;;
6436;X715723;ΚΑΤΑΣΚΕΥΗ ΔΙΑΧΕΙΛΙΚΩΝ ΠΡΟΣΦΥΣΕΩΝ, ΜΕΣΗ ΤΑΡΣΟΡΡΑΦΗ, Ή ΚΑΝΘΟΡΡΑΦΗ. ΜΕ ΜΕΤΑΘΕΣΗ ΤΑΡΣ0Υ;;;;;
6437;X715759;ΑΠΟΚΑΤΑΣΤΑΣΗ ΠΤΩΣΗΣ ΜΕΤΩΠΟΥ (ΠΡΟΣΕΓΓΙΣΗ ΑΝΩ ΒΛΕΦΑΡΟΥ, ΜΕΣΗΣ ΜΕΤΩΠΙΑΙΑΣ ΠΕΡΙΟΧΗΣ 'Η ΣΤΕΦΑΝΙΑΙΑΣ );;;;;
6438;X715761;ΑΠΟΚΑΤΑΣΤΑΣΗ ΒΛΕΦΑΡΟΠΤΩΣΗΣ. ΤΕΧΝΙΚΗ ΕΜΠΡΟΘΙΩΝ ΜΥΩΝ ΜΕ ΣΥΡΡΑΦΗ Ή ΑΛΛΟ ΥΛΙΚΟ (Π.Χ. ΚΕΚΛΙΜΕΝΗ ΠΕΡΙΤΟΝΙΑ);;;;;
6439;X715763;ΑΠΟΚΑΤΑΣΤΑΣΗ ΒΛΕΦΑΡΟΠΤΩΣΗΣ. ΤΕΧΝΙΚΗ ΕΜΠΡΟΣΘΙΩΝ ΜΥΩΝ ΜΕ ΑΥΤΟΛΟΓΗ ΑΝΑΡΤΗΣΗ ΤΗΣ ΠΕΡΙΤΟΝΙΑΣ (ΠΕΡΙΛΑΜΒΑΝΕΙ ΛΗΨΗ ΠΕΡΙΤΟΝΙΑΣ);;;;;
6440;X715765;ΑΠΟΚΑΤΑΣΤΑΣΗ ΒΛΕΦΑΡΟΠΤΩΣΗΣ. ΕΚΤΟΜΗ Ή ΔΙΕΥΘΕΤΗΣΗ ΑΝΕΛΚΤΗΡΑ (ΤΑΡΣΟΥ) ΕΣΩΤΕΡΙΚΗ ΠΡΟΣΕΓΓΙΣΗ;;;;;
6441;X715767;ΑΠΟΚΑΤΑΣΤΑΣΗ ΒΛΕΦΑΡΟΠΤΩΣΗΣ. ΕΚΤΟΜΗ Ή ΔΙΕΥΘΕΤΗΣΗ ΑΝΕΛΚΤΗΡΑ (ΤΑΡΣΟΥ) ΕΞΩΤΕΡΙΚΗ ΠΡΟΣΕΓΓΙΣΗ;;;;;
6442;X715771;ΔΙΟΡΘΩΣΗ ΒΛΕΦΑΡΟΠΤΩΣΗΣ, ΤΕΧΝΙΚΗ ΑΝΩ ΟΡΘΟΥ ΜΥΟΣ ΜΕ ΑΝΑΡΤΗΣΗ ΤΗΣ ΠΕΡΙΤΟΝΙΑΣ (ΠΕΡΙΛΑΜΒΑΝΕΙ ΛΗΨΗ ΠΕΡΙΤΟΝΙΑΣ);;;;;
6443;X715775;ΔΙΟΡΘΩΣΗ ΒΛΕΦΑΡΟΠΤΩΣΗΣ, ΕΚΤΟΜΗ ΤΑΡΣΟΕΠΙΠΕΦΥΚΟΤΑΑ, ΑΝΕΛΚΤΗΡΟΣ ΜΥΟΣ ΤΟΥ MULLER (Π.Χ. ΤΥΠΟΥ FASANELLA-SERVAT);;;;;
6444;X715777;ΧΕΙΡΟΥΡΓΙΚΗ ΥΠΕΡΔΙΟΡΘΩΣΗΣ ΠΤΩΣΗΣ;;;;;
6445;X715781;ΔΙΟΡΘΩΣΗ ΣΥΣΠΑΣΗΣ ΒΛΕΦΑΡΟΥ;;;;;
6446;X715783;ΔΙΟΡΘΩΣΗ ΛΑΓΟΦΘΑΛΜΟΥ ΜΕ ΕΜΦΥΤΕΥΣΗ ΒΛΕΦΑΡΙΚΟΥ ΦΟΡΤΙΟΥ ΤΟΥ ΑΝΩ ΒΛΕΦΑΡΟΥ (Π.Χ. ΤΥΠΟΥ GOLD WEIGHT);;;;;
6447;X715787;ΑΠΟΚΑΤΑΣΤΑΣΗ ΤΟΥ ΕΚΤΡΟΠΙΟΥ, ΣΥΡΡΑΦΗ;;;;;
6448;X715789;ΑΠΟΚΑΤΑΣΤΑΣΗ ΤΟΥ ΕΚΤΡΟΠΙΟΥ, ΘΕΡΜΟΚΑΥΤΗΡΙΑΣΗ;;;;;
6449;X715791;ΑΠΟΚΑΤΑΣΤΑΣΗ ΤΟΥ ΕΚΤΡΟΠΙΟΥ, ΣΦΗΝΟΕΙΔΗΣ ΕΚΤΟΜΗ ΤΑΡΣΟΥ;;;;;
6450;X715793;ΑΠΟΚΑΤΑΣΤΑΣΗ ΤΟΥ ΕΚΤΡΟΠΙΟΥ, ΕΥΡΕΙΑ (Π.Χ. ΕΠΕΜΒΑΣΕΙΣ ΕΠΙ ΤΟΥ ΤΑΡΣΟΥ);;;;;
6451;X715801;ΑΠΟΚΑΤΑΣΤΑΣΗ ΤΟΥ ΕΝΤΡΟΠΙΟΥ, ΣΥΡΡΑΦΗ;;;;;
6452;X715803;ΑΠΟΚΑΤΑΣΤΑΣΗ ΤΟΥ ΕΝΤΡΟΠΙΟΥ, ΘΕΡΜΟΚΑΥΤΗΡΙΑΣΗ;;;;;
6453;X715805;ΑΠΟΚΑΤΑΣΤΑΣΗ ΤΟΥ ΕΝΤΡΟΠΙΟΥ, ΣΦΗΝΟΕΙΔΗΣ ΕΚΤΟΜΗ ΤΑΡΣΟΥ;;;;;
6454;X715807;ΑΠΟΚΑΤΑΣΤΑΣΗ ΤΟΥ ΕΝΤΡΟΠΙΟΥ, ΕΥΡΕΙΑ (Π.Χ. ΔΙΟΡΘΩΤΙΚΗ ΕΠΕΜΒΑΣΗ ΤΑΡΣΙΚΗΣ ΛΩΡΙΔΑΣ Η ΘΥΛΑΚΟΒΛΕΦΑΡΙΚΗΣ ΠΕΡΙΤΟΝΙΑΣ);;;;;
6455;X715819;ΣΥΡΡΑΦΗ ΠΡΟΣΦΑΤΟΥ ΤΡΑΥΜΑΤΟΣ, ΒΛΕΦΑΡΟ, ΣΥΜΠΕΡΙΛΑΜΒΑΝΟΜΕΝΟΥ ΤΟΥ ΧΕΙΛΟΥΣ ΒΛΕΦΑΡΟΥ, ΤΟΥ ΤΑΡΣΟΥ, ΚΑΙ/Η  ΤΟΥ ΒΛΕΦΑΡΙΚΟΥ ΕΠΙΠΕΦΥΚΟΤΑ ΜΕ ΑΜΕΣΗ ΣΥΓΚΛΕΙΣΗ, ΜΕΡΙΚΟΥ ΠΑΧΟΥΣ;;;;;
6456;X715829;ΣΥΡΡΑΦΗ ΠΡΟΣΦΑΤΟΥ ΤΡΑΥΜΑΤΟΣ, ΒΛΕΦΑΡΟ, ΣΥΜΠΕΡΙΛΑΜΒΑΝΟΜΕΝΟΥ ΤΟΥ ΧΕΙΛΟΥΣ ΒΛΕΦΑΡΟΥ, ΤΟΥ ΤΑΡΣΟΥ, ΚΑΙ/Η  ΤΟΥ ΒΛΕΦΑΡΙΚΟΥ ΕΠΙΠΕΦΥΚΟΤΑ ΜΕ ΑΜΕΣΗ ΣΥΓΚΛΕΙΣΗ, ΟΛΙΚΟΥ ΠΑΧΟΥΣ;;;;;
6457;X715835;ΑΦΑΙΡΕΣΗ ΕΜΦΥΤΕΥΜΕΝΟΥ ΞΕΝΟΥ ΣΩΜΑΤΟΣ, ΒΛΕΦΑΡΟ;;;;;
6458;X715859;ΚΑΝΘΟΠΛΑΣΤΙΚΗ (ΑΠΟΚΑΤΑΣΤΑΣΗ ΚΑΝΘΟΥ);;;;;
6459;X715881;ΕΚΤΟΜΗ ΚΑΙ ΑΠΟΚΑΤΑΣΤΑΣΗ ΒΛΕΦΑΡΟΥ, ΠΕΡΙΛΑΜΒΑΝΕΙ ΤΟ ΧΕΙΛΟΣ ΒΛΕΦΑΡΟΥ, ΤΟΝ ΤΑΡΣΟ, ΤΟΝ ΕΠΙΠΕΦΥΚΟΤΑ, ΤΗΝ ΚΑΝΘΟ, Η ΜΟΣΧΕΥΜΑ ΟΛΙΚΟΥ ΠΑΧΟΥΣ, ΕΝΔΕΧΕΤΑΙ ΝΑ ΠΕΡΙΛΑΜΒΑΝΕΙ ΠΑΡΑΣΚΕΥΑΣΜΑ ΓΙΑ ΔΕΡΜΑΤΙΚΟ ΜΟΣΧΕΥΜΑ Η ΚΡΗΜΝΟ ΜΕ ΜΕΤΑΦΟΡΑ ΠΑΡΑΚΕΙΜΕΝΟΥ ΙΣΤΟΥ Η ΑΝΑΔΙΑΤΑΞΗ, ΕΩΣ ΚΑΙ ΤΟ ΕΝΑ ΤΕΤΑΡΤΟ ΤΟΥ ΧΕΙΛΟΥΣ ΤΟΥ ΒΛΕΦΑΡΟΥ;;;;;
6460;X715891;ΕΚΤΟΜΗ ΚΑΙ ΑΠΟΚΑΤΑΣΤΑΣΗ ΒΛΕΦΑΡΟΥ, ΠΟΥ ΠΕΡΙΛΑΜΒΑΝΕΙ ΤΟ ΧΕΙΛΟΣ ΒΛΕΦΑΡΟΥ, ΤΟΝ ΤΑΡΣΟ, ΤΟΝ ΕΠΙΠΕΦΥΚΟΤΑ, ΤΗΝ ΚΑΝΘΟ, Η ΜΟΣΧΕΥΜΑ ΟΛΙΚΟΥ ΠΑΧΟΥΣ, ΕΝΔΕΧΕΤΑΙ ΝΑ ΠΕΡΙΛΑΜΒΑΝΕΙ ΠΑΡΑΣΚΕΥΑΣΜΑ ΓΙΑ ΔΕΡΜΑΤΙΚΟ ΜΟΣΧΕΥΜΑ Η ΚΡΗΜΝΟ ΜΕ ΜΕΤΑΦΟΡΑ ΠΑΡΑΚΕΙΜΕΝΟΥ ΙΣΤΟΥ Η ΑΝΑΔΙΑΤΑΞΗ, ΠΑΝΩ ΑΠΟ ΤΟ ΕΝΑ ΤΕΤΑΡΤΟ ΤΟΥ ΧΕΙΛΟΥΣ ΒΛΕΦΑΡΟΥ;;;;;
6461;X715901;ΑΠΟΚΑΤΑΣΤΑΣΗ ΒΛΕΦΑΡΟΥ, ΜΟΣΧΕΥΜΑ ΟΛΙΚΟΥ ΠΑΧΟΥΣ ΜΕ ΜΕΤΑΦΟΡΑ ΚΡΗΜΝΟΥ ΤΟΥ ΤΑΡΣΟΕΠΙΠΕΦΥΚΟΤΑ ΑΠΟ ΤΟ ΑΛΛΟ ΒΛΕΦΑΡΟ, ΕΩΣ ΚΑΙ ΔΥΟ ΤΡΙΤΑ ΤΟΥ ΒΛΕΦΑΡΟΥ, 1 ΣΤΑΔΙΟ Η ΠΡΩΤΟ ΣΤΑΔΙΟ;;;;;
6462;X715905;ΑΠΟΚΑΤΑΣΤΑΣΗ ΒΛΕΦΑΡΟΥ, ΜΟΣΧΕΥΜΑ ΟΛΙΚΟΥ ΠΑΧΟΥΣ ΜΕ ΜΕΤΑΦΟΡΑ ΚΡΗΜΝΟΥ ΤΟΥ ΤΑΡΣΟΕΠΙΠΕΦΥΚΟΤΑ ΑΠΟ ΤΟ ΑΛΛΟ ΒΛΕΦΑΡΟ, ΣΥΝΟΛΟ ΒΛΕΦΑΡΟΥ, ΚΑΤΩ, 1 ΣΤΑΔΙΟ Η ΠΡΩΤΟ ΣΤΑΔΙΟ;;;;;
6463;X715907;ΑΠΟΚΑΤΑΣΤΑΣΗ ΒΛΕΦΑΡΟΥ, ΜΟΣΧΕΥΜΑ ΟΛΙΚΟΥ ΠΑΧΟΥΣ ΜΕ ΜΕΤΑΦΟΡΑ ΚΡΗΜΝΟΥ ΤΟΥ ΤΑΡΣΟΕΠΙΠΕΦΥΚΟΤΑ ΑΠΟ ΤΟ ΑΛΛΟ ΒΛΕΦΑΡΟ, ΣΥΝΟΛΟ ΒΛΕΦΑΡΟΥ, ΑΝΩ, 1 ΣΤΑΔΙΟ Η ΠΡΩΤΟ ΣΤΑΔΙΟ;;;;;
6464;X715909;ΑΠΟΚΑΤΑΣΤΑΣΗ ΒΛΕΦΑΡΟΥ, ΜΟΣΧΕΥΜΑ ΟΛΙΚΟΥ ΠΑΧΟΥΣ ΜΕ ΜΕΤΑΦΟΡΑ ΚΡΗΜΝΟΥ ΤΟΥ ΤΑΡΣΟΕΠΙΠΕΦΥΚΟΤΑ ΑΠΟ ΤΟ ΑΛΛΟ ΒΛΕΦΑΡΟ, ΔΕΥΤΕΡΟ ΣΤΑΔΙΟ;;;;;
6465;X715957;ΜΗ ΚΑΤΑΓΕΓΡΑΜΜΕΝΗ ΔΙΑΔΙΚΑΣΙΑ, ΒΛΕΦΑΡΑ;;;;;
6466;X715999;ΤΟΜΗ ΕΠΙΠΕΦΥΚΟΤΑ, ΠΑΡΟΧΕΤΕΥΣΗ ΚΥΣΤΗΣ;;;;;
6467;X716039;ΕΚΘΛΙΨΗ ΘΥΛΑΚΙΩΝ ΕΠΙΠΕΦΥΚΟΤΑ (Π.Χ. ΓΙΑ ΤΡΑΧΩΜΑ);;;;;
6468;X716159;ΒΙΟΨΙΑ ΕΠΙΠΕΦΥΚΟΤΑ;;;;;
6469;X716179;ΕΚΤΟΜΗ ΒΛΑΒΗΣ, ΕΠΙΠΕΦΥΚΟΤΑ, ΕΩΣ ΚΑΙ 1 CM;;;;;
6470;X716189;ΕΚΤΟΜΗ ΒΛΑΒΗΣ, ΕΠΙΠΕΦΥΚΟΤΑ, ΠΑΝΩ ΑΠΟ 1 CM;;;;;
6471;X716219;ΕΚΤΟΜΗ ΒΛΑΒΗΣ, ΕΠΙΠΕΦΥΚΟΤΑ, ΜΕ ΠΑΡΑΚΕΙΜΕΝΟ ΣΚΛΗΡΟ ΧΙΤΩΝΑ;;;;;
6472;X716229;ΚΑΤΑΣΤΡΟΦΗ ΒΛΑΒΗΣ, ΕΠΙΠΕΦΥΚΟΤΑΣ;;;;;
6473;X716359;ΕΝΕΣΗ ΥΠΟ ΤΟΝ ΕΠΙΠΕΦΥΚΟΤΑ;;;;;
6474;X716599;ΕΠΙΠΕΦΥΚΟΠΛΑΣΤΙΚΗ, ΜΕ ΜΟΣΧΕΥΜΑ ΕΠΙΠΕΦΥΚΟΤΑ Η ΕΥΡΕΙΑ ΑΝΑΔΙΑΤΑΞΗ;;;;;
6475;X716609;ΕΠΙΠΕΦΥΚΟΠΛΑΣΤΙΚΗ, ΜΕ ΜΟΣΧΕΥΜΑ ΒΛΕΝΝΟΓΟΝΟΥ ΠΑΡΕΙΑΣ (ΠΕΡΙΛΑΜΒΑΝΕΙ ΤΗ ΛΗΨΗ ΜΟΣΧΕΥΜΑΤΟΣ);;;;;
6476;X716611;ΕΠΙΠΕΦΥΚΟΠΛΑΣΤΙΚΗ, ΑΠΟΚΑΤΑΣΤΑΣΗ CUL-DE-SAC, ΜΕ ΜΟΣΧΕΥΜΑ ΕΠΙΠΕΦΥΚΟΤΑ Η  ΕΥΡΕΙΑ ΑΝΑΔΙΑΤΑΞΗ;;;;;
6477;X716615;ΕΠΙΠΕΦΥΚΟΠΛΑΣΤΙΚΗ, ΑΠΟΚΑΤΑΣΤΑΣΗ CUL-DE-SAC, ΜΕ ΜΟΣΧΕΥΜΑ ΒΛΕΝΝΟΓΟΝΟΥ ΠΑΡΕΙΑΣ (ΠΕΡΙΛΑΜΒΑΝΕΙ ΤΗ ΛΗΨΗ ΜΟΣΧΕΥΜΑΤΟΣ);;;;;
6478;X716619;ΑΠΟΚΑΤΑΣΤΑΣΗ ΣΥΜΒΛΕΦΑΡΟΥ, ΕΠΙΠΕΦΥΚΟΠΛΑΣΤΙΚΗ, ΧΩΡΙΣ ΜΟΣΧΕΥΜΑ;;;;;
6479;X716629;ΑΠΟΚΑΤΑΣΤΑΣΗ ΣΥΜΒΛΕΦΑΡΟΥ, ΜΕ ΕΛΕΥΘΕΡΟ ΜΟΣΧΕΥΜΑ ΕΠΙΠΕΦΥΚΟΤΑ Η ΒΛΕΝΝΟΓΟΝΟΥ ΠΑΡΕΙΑΣ (ΠΕΡΙΛΑΜΒΑΝΕΙ ΤΗ ΛΗΨΗ ΜΟΣΧΕΥΜΑΤΟΣ);;;;;
6480;X716639;ΑΠΟΚΑΤΑΣΤΑΣΗ ΣΥΜΒΛΕΦΑΡΟΥ, ΔΙΑΙΡΕΣΗ ΣΥΜΒΛΕΦΑΡΟΥ, ΜΕ Η ΧΩΡΙΣ ΕΙΣΑΓΩΓΗ ΔΙΑΜΟΡΦΩΤΗ Η ΦΑΚΟΥ ΕΠΑΦΗΣ;;;;;
6481;X716679;ΚΡΗΜΝΟΣ ΕΠΙΠΕΦΥΚΟΤΑ, ΓΕΦΥΡΑ Η ΜΕΡΙΚΟΣ (ΞΕΧΩΡΙΣΤΗ ΔΙΑΔΙΚΑΣΙΑ);;;;;
6482;X716683;ΚΡΗΜΝΟΣ ΕΠΙΠΕΦΥΚΟΤΑ, ΟΛΙΚΟΥ ΠΑΧΟΥΣ (ΟΠΩΣ ΛΕΠΤΟΣ ΚΡΗΜΝΟΣ ΤΥΠΟΥ GUNDERSON Ή ΚΡΗΜΝΟΣ PURSE STRING);;;;;
6483;X716701;ΛΗΨΗ ΑΛΛΟΜΟΣΧΕΥΜΑΤΟΣ ΕΠΙΠΕΦΥΚΟΤΑ, ΔΟΤΗΣ ΕΝ ΖΩΗ;;;;;
6484;X716757;ΜΗ ΚΑΤΑΓΕΓΡΑΜΜΕΝΗ ΔΙΑΔΙΚΑΣΙΑ, ΕΠΙΠΕΦΥΚΟΤΑΣ;;;;;
6485;X716759;ΔΙΑΝΟΙΞΗ, ΠΑΡΟΧΕΤΕΥΣΗ ΔΑΚΡΥΪΚΟΥ ΑΔΕΝΑ;;;;;
6486;X716799;ΔΙΑΝΟΙΞΗ, ΠΑΡΟΧΕΤΕΥΣΗ ΔΑΚΡΥΪΚΟΥ ΑΣΚΟΥ (ΔΑΚΡΥΟΚΥΣΤΟΤΟΜΗ Η ΔΑΚΡΥΟΚΥΣΤΟΣΤΟΜΙΑ);;;;;
6487;X716839;ΤΟΜΗ ΤΟΥ ΔΑΚΡΥΪΚΟΥ ΦΥΜΑΤΟΣ ΜΕ ΨΑΛΙΔΙ;;;;;
6488;X716959;ΕΚΤΟΜΗ ΔΑΚΡΥΪΚΟΥ ΑΔΕΝΑ (ΔΑΚΡΥΟΑΔΕΝΕΚΤΟΜΗ), ΕΚΤΟΣ ΑΠΟ ΟΓΚΟ, ΟΛΙΚΗ;;;;;
6489;X716969;ΕΚΤΟΜΗ ΔΑΚΡΥΪΚΟΥ ΑΔΕΝΑ (ΔΑΚΡΥΟΑΔΕΝΕΚΤΟΜΗ), ΕΚΤΟΣ ΑΠΟ ΟΓΚΟ, ΜΕΡΙΚΗ;;;;;
6490;X716979;ΒΙΟΨΙΑ ΔΑΚΡΥΪΚΟΥ ΑΔΕΝΑ;;;;;
6491;X716999;ΕΚΤΟΜΗ ΔΑΚΡΥΪΚΟΥ ΑΣΚΟΥ (ΔΑΚΡΥΟΚΥΣΤΕΚΤΟΜΗ);;;;;
6492;X717009;ΒΙΟΨΙΑ ΔΑΚΡΥΪΚΟΥ ΑΣΚΟΥ;;;;;
6493;X717019;ΑΦΑΙΡΕΣΗ ΞΕΝΟΥ ΣΩΜΑΤΟΣ Η ΔΑΚΡΥΟΛΙΘΟΥ, ΔΑΚΡΥΪΚΕΣ ΔΙΟΔΟΙ;;;;;
6494;X717039;ΕΚΤΟΜΗ ΟΓΚΟΥ ΔΑΚΡΥΪΚΟΥ ΑΔΕΝΑ, ΜΕΤΩΠΙΑΙΑ ΠΡΟΣΕΓΓΙΣΗ;;;;;
6495;X717059;ΕΚΤΟΜΗ ΟΓΚΟΥ ΔΑΚΡΥΪΚΟΥ ΑΔΕΝΑ, ΠΕΡΙΛΑΜΒΑΝΕΙ ΟΣΤΕΟΤΟΜΗ;;;;;
6496;X717359;ΠΛΑΣΤΙΚΗ ΑΠΟΚΑΤΑΣΤΑΣΗ ΠΟΡΩΝ;;;;;
6497;X717369;ΑΠΟΚΑΤΑΣΤΑΣΗ ΑΝΕΣΤΡΑΜΜΕΝΟΥ ΣΗΜΕΙΟΥ, ΚΑΥΤΗΡΙΑΣΗ;;;;;
6498;X717399;ΔΑΚΡΥΟΚΥΣΤΟΡΙΝΟΣΤΟΜΙΑ (ΣΥΡΡΙΓΓΟΠΟΙΗΣΗ ΤΟΥ ΔΑΚΡΥΪΚΟΥ ΣΑΚΟΥ ΜΕ ΤΗ ΡΙΝΙΚΗ ΚΟΙΛΟΤΗΤΑ);;;;;
6499;X717449;ΕΠΙΠΕΦΥΚΟΡΙΝΟΣΤΟΜΙΑ (ΣΥΡΙΓΓΟΠΟΙΗΣΗ ΤΟΥ ΕΠΙΠΕΦΥΚΟΤΑ ΜΕ ΤΗ ΡΙΝΙΚΗ ΚΟΙΛΟΤΗΤΑ), ΧΩΡΙΣ ΣΩΛΗΝΑ;;;;;
6500;X717459;ΕΠΙΠΕΦΥΚΟΡΙΝΟΣΤΟΜΙΑ (ΣΥΡΙΓΓΟΠΟΙΗΣΗ ΤΟΥ ΕΠΙΠΕΦΥΚΟΤΑ ΜΕ ΤΗ ΡΙΝΙΚΗ ΚΟΙΛΟΤΗΤΑ), ΜΕ ΕΙΣΑΓΩΓΗ ΣΩΛΗΝΑ Η ΣΤΕΝΤ;;;;;
6501;X717479;ΣΥΓΚΛΕΙΣΗ ΔΑΚΡΥΪΚΟΥ ΦΥΜΑΤΟΣ, ΜΕ ΘΕΡΜΟΚΑΥΤΗΡΙΑΣΗ, ΑΠΟΛΙΝΩΣΗ, Η ΧΕΙΡΟΥΡΓΙΚΗ ΜΕ ΛΕΙΖΕΡ;;;;;
6502;X717481;ΣΥΓΚΛΕΙΣΗ ΔΑΚΡΥΪΚΟΥ ΦΥΜΑΤΟΣ, ΜΕ ΒΥΣΜΑ, ΚΑΘΕΝΑ;;;;;
6503;X717499;ΣΥΓΚΛΕΙΣΗ ΔΑΚΡΥΪΚΟΥ ΣΥΡΙΓΓΙΟΥ (ΞΕΧΩΡΙΣΤΗ ΔΙΑΔΙΚΑΣΙΑ);;;;;
6504;X717561;ΔΙΑΣΤΟΛΗ ΔΑΚΡΥΪΚΟΥ ΦΥΜΑΤΟΣ, ΜΕ Η ΧΩΡΙΣ ΕΚΠΛΥΣΗ;;;;;
6505;X717579;ΔΙΕΡΕΥΝΗΣΗ ΡΙΝΟΔΑΚΡΥΪΚΟΥ ΠΟΡΟΥ, ΜΕ Η ΧΩΡΙΣ ΕΚΠΛΥΣΗ;;;;;
6506;X717581;ΔΙΕΡΕΥΝΗΣΗ ΡΙΝΟΔΑΚΡΥΪΚΟΥ ΠΟΡΟΥ, ΜΕ Η ΧΩΡΙΣ ΕΚΠΛΥΣΗ, ΑΠΑΙΤΕΙ ΓΕΝΙΚΗ ΑΝΑΙΣΘΗΣΙΑ;;;;;
6507;X717589;ΔΙΕΡΕΥΝΗΣΗ ΡΙΝΟΔΑΚΡΥΪΚΟΥ ΠΟΡΟΥ, ΜΕ Η ΧΩΡΙΣ ΕΚΠΛΥΣΗ, ΜΕ ΕΙΣΑΓΩΓΗ ΣΩΛΗΝΑ Η ΣΤΕΝΤ;;;;;
6508;X717591;ΔΙΕΡΕΥΝΗΣΗ ΡΙΝΟΔΑΚΡΥΪΚΟΥ ΠΟΡΟΥ, ΜΕ Η ΧΩΡΙΣ ΕΚΠΛΥΣΗ, ΜΕ ΔΙΑΥΛΙΚΗ ΔΙΑΣΤΟΛΗ ΜΕ ΚΑΘΕΤΗΡΑ ΜΠΑΛΟΝΑΚΙ;;;;;
6509;X717639;ΔΙΕΡΕΥΝΗΣΗ ΔΑΚΡΥΪΚΩΝ ΠΟΡΩΝ, ΜΕ Η ΧΩΡΙΣ ΕΚΠΛΥΣΗ;;;;;
6510;X717659;ΕΓΧΥΣΗ ΣΚΙΑΓΡΑΦΙΚΟΥ ΥΛΙΚΟΥ ΓΙΑ ΔΑΚΡΥΟΚΥΣΤΟΓΡΑΦΙΑ;;;;;
6511;X717757;ΜΗ ΚΑΤΑΓΕΓΡΑΜΜΕΝΗ ΔΙΑΔΙΚΑΣΙΑ, ΔΑΚΡΥΪΚΟ ΣΥΣΤΗΜΑ;;;;;
Β.28;ΠΕΡΙΟΧΗ ΩΤΟΣ;;;;;;
6512;X717959;ΠΑΡΟΧΕΤΕΥΣΗ ΕΞΩ ΟΥΣ, ΑΠΟΣΤΗΜΑ Η ΑΙΜΑΤΩΜΑ, ΑΠΛΟ;;;;;
6513;X717969;ΠΑΡΟΧΕΤΕΥΣΗ ΕΞΩ ΟΥΣ, ΑΠΟΣΤΗΜΑ Η ΑΙΜΑΤΩΜΑ, ΕΠΙΠΕΠΛΕΓΜΕΝΟ;;;;;
6514;X717999;ΠΑΡΟΧΕΤΕΥΣΗ ΕΞΩ ΑΚΟΥΣΤΙΚΟΣ ΠΟΡΟΣ, ΑΠΟΣΤΗΜΑ;;;;;
6515;X718139;ΔΙΑΤΡΗΣΗ ΤΥΜΠΑΝΙΚΟΥ ΥΜΕΝΑ;;;;;
6516;X718159;ΒΙΟΨΙΑ ΕΞΩ ΟΥΣ;;;;;
6517;X718169;ΒΙΟΨΙΑ ΕΞΩ ΑΚΟΥΣΤΙΚΟΣ ΠΟΡΟΣ;;;;;
6518;X718179;ΕΚΤΟΜΗ ΕΞΩ ΟΥΣ, ΜΕΡΙΚΗ, ΑΠΛΗ ΔΙΟΡΘΩΣΗ;;;;;
6519;X718199;ΕΚΤΟΜΗ ΕΞΩ ΟΥΣ, ΟΛΙΚΟΣ ΑΚΡΩΤΗΡΙΑΣΜΟΣ;;;;;
6520;X718239;ΕΚΤΟΜΗ ΕΞΟΣΤΩΣΙΣ(ΕΙΣ), ΕΞΩ ΑΚΟΥΣΤΙΚΟΣ ΠΟΡΟΣ;;;;;
6521;X718249;ΕΚΤΟΜΗ, ΒΛΑΒΗ ΜΑΛΑΚΟΥ ΙΣΤΟΥ, ΕΞΩ ΑΚΟΥΣΤΙΚΟΣ ΠΟΡΟΣ;;;;;
6522;X718259;ΡΙΖΙΚΗ ΕΚΤΟΜΗ, ΒΛΑΒΗ ΕΞΩ ΑΚΟΥΣΤΙΚΟΥ ΠΟΡΟΥ, ΧΩΡΙΣ ΚΑΘΑΡΙΣΜΟ ΤΡΑΧΗΛΙΚΩΝ ΑΔΕΝΩΝ;;;;;
6523;X718269;ΡΙΖΙΚΗ ΕΚΤΟΜΗ, ΒΛΑΒΗ ΕΞΩ ΑΚΟΥΣΤΙΚΟΥ ΠΟΡΟΥ, ΜΕ ΚΑΘΑΡΙΣΜΟ ΤΡΑΧΗΛΙΚΩΝ ΑΔΕΝΩΝ;;;;;
6524;X718359;ΑΦΑΙΡΕΣΗ ΞΕΝΟΥ ΣΩΜΑΤΟΣ ΑΠΟ ΕΞΩ ΑΚΟΥΣΤΙΚΟ ΠΟΡΟ, ΧΩΡΙΣ ΓΕΝΙΚΗ ΑΝΑΙΣΘΗΣΙΑ;;;;;
6525;X718369;ΑΦΑΙΡΕΣΗ ΞΕΝΟΥ ΣΩΜΑΤΟΣ ΑΠΟ ΕΞΩ ΑΚΟΥΣΤΙΚΟ ΠΟΡΟ, ΜΕ ΓΕΝΙΚΗ ΑΝΑΙΣΘΗΣΙΑ;;;;;
6526;X718379;ΑΦΑΙΡΕΣΗ ΕΝΣΦΗΝΩΜΕΝΗΣ ΚΥΨΕΛΙΔΑΣ, (ΞΕΧΩΡΙΣΤΗ ΔΙΑΔΙΚΑΣΙΑ), 1 Η ΚΑΙ ΤΑ ΔΥΟ ΩΤΑ;;;;;
6527;X718399;ΝΕΑΡΟΠΟΙΗΣΗ, ΚΟΙΛΟΤΗΤΑ ΜΑΣΤΟΕΙΔΕΚΤΟΜΗΣ, ΑΠΛΟΣ (Π.Χ. ΚΑΘΑΡΙΣΜΟΣ ΡΟΥΤΙΝΑΣ);;;;;
6528;X718403;ΝΕΑΡΟΠΟΙΗΣΗ, ΚΟΙΛΟΤΗΤΑ ΜΑΣΤΟΕΙΔΕΚΤΟΜΗΣ, ΣΥΝΘΕΤΟΣ (Π.Χ. ΜΕ ΑΝΑΙΣΘΗΣΙΑ Η ΠΑΡΑΠΑΝΩ  ΑΠΟ ΚΑΘΑΡΙΣΜΟ ΡΟΥΤΙΝΑΣ);;;;;
6529;X718559;ΩΤΟΠΛΑΣΤΙΚΗ, ΑΦΕΣΤΩΤΑ ΩΤΑ, ΜΕ Η ΧΩΡΙΣ ΜΕΙΩΣΗ ΜΕΓΕΘΟΥΣ;;;;;
6530;X718579;ΑΠΟΚΑΤΑΣΤΑΣΗ ΤΟΥ ΕΞΩ ΑΚΟΥΣΤΙΚΟΥ ΠΟΡΟΥ (ΠΟΡΟΠΛΑΣΤΙΚΗ) (Π.Χ. ΓΙΑ ΣΤΕΝΩΣΗ ΟΦΕΙΛΟΜΕΝΗ ΣΕ ΤΡΑΥΜΑΤΙΣΜΟ, ΛΟΙΜΩΞΗ) (ΧΩΡΙΣΤΗ ΔΙΑΔΙΚΑΣΙΑ);;;;;
6531;X718599;ΑΠΟΚΑΤΑΣΤΑΣΗ ΤΟΥ ΕΞΩ ΑΚΟΥΣΤΙΚΟΥ ΠΟΡΟΥ ΓΙΑ ΣΥΓΓΕΝΗ ΑΤΡΗΣΙΑ, ΕΝΑ ΣΤΑΔΙΟ;;;;;
6532;X718757;ΜΗ ΚΑΤΑΓΕΓΡΑΜΜΕΝΗ ΔΙΑΔΙΚΑΣΙΑ, ΕΞΩ ΟΥΣ;;;;;
6533;X718759;ΔΙΑΣΤΟΛΗ ΕΥΣΤΑΧΙΑΝΗΣ ΣΑΛΠΙΓΓΑΣ, ΔΙΑΡΙΝΙΚΗ, ΜΕ ΚΑΘΕΤΗΡΙΑΣΜΟ;;;;;
6534;X718761;ΔΙΑΣΤΟΛΗ ΕΥΣΤΑΧΙΑΝΗΣ ΣΑΛΠΙΓΓΑΣ, ΔΙΑΡΙΝΙΚΗ, ΧΩΡΙΣ ΚΑΘΕΤΗΡΙΑΣΜΟ;;;;;
6535;X718769;ΚΑΘΕΤΗΡΙΑΣΜΟΣ ΕΥΣΤΑΧΙΑΝΗΣ ΣΑΛΠΙΓΓΑΣ, ΔΙΑΤΥΜΠΑΝΙΚΟΣ;;;;;
6536;X718799;ΜΥΡΙΓΓΟΤΟΜΗ ΠΕΡΙΛΑΜΒΑΝΟΥΣΑ ΑΝΑΡΡΟΦΗΣΗ ΚΑΙ/Η ΔΙΑΤΑΣΗ ΤΗΣ ΕΥΣΤΑΧΙΑΝΗΣ ΣΑΛΠΙΓΓΑΣ;;;;;
6537;X718801;ΜΥΡΙΓΓΟΤΟΜΗ ΠΕΡΙΛΑΜΒΑΝΟΥΣΑ ΑΝΑΡΡΟΦΗΣΗ ΚΑΙ/Η ΔΙΑΤΑΣΗ ΤΗΣ ΕΥΣΤΑΧΙΑΝΗΣ ΣΑΛΠΙΓΓΑΣ ΑΠΑΙΤΕΙ ΓΕΝΙΚΗ ΑΝΑΙΣΘΗΣΙΑ;;;;;
6538;X718807;ΑΦΑΙΡΕΣΗ ΣΩΛΗΝΙΣΚΟΥ ΑΕΡΙΣΜΟΥ ΑΠΑΙΤΕΙ ΓΕΝΙΚΗ ΑΝΑΙΣΘΗΣΙΑ;;;;;
6539;X718825;ΤΥΜΠΑΝΟΣΤΟΜΙΑ (ΑΠΑΙΤΕΙ ΕΙΣΑΓΩΓΗ ΣΩΛΗΝΙΣΚΟΥ ΑΕΡΙΣΜΟΥ), ΤΟΠΙΚΗ  ΑΝΑΙΣΘΗΣΙΑ;;;;;
6540;X718831;ΤΥΜΠΑΝΟΣΤΟΜΙΑ (ΑΠΑΙΤΕΙ ΕΙΣΑΓΩΓΗ ΣΩΛΗΝΙΣΚΟΥ ΑΕΡΙΣΜΟΥ), ΓΕΝΙΚΗ ΑΝΑΙΣΘΗΣΙΑ;;;;;
6541;X718839;ΔΙΕΡΕΥΝΗΣΗ ΜΕΣΟΥ ΟΥΣ ΜΕΣΩ ΟΠΙΣΘΩΤΙΑΙΑΣ ΤΟΜΗΣ Η ΕΝΔΟΩΤΙΑΙΑΣ ΤΟΜΗΣ;;;;;
6542;X718859;ΛΥΣΗ ΣΥΜΦΥΣΕΩΝ ΜΕΣΩ ΩΤΟΣ ΜΕΣΩ ΕΝΔΟΩΤΙΑΙΑΣ ΠΡΟΣΠΕΛΑΣΗΣ ;;;;;
6543;X718961;ΔΙΑΜΑΣΤΟΕΙΔΙΚΗ ΑΝΤΡΟΤΟΜΗ (ΑΠΛΗ ΜΑΣΤΟΕΙΔΕΚΤΟΜΗ);;;;;
6544;X718963;ΜΑΣΤΟΕΙΔΕΚΤΟΜΗ, ΡΙΖΙΚΗ;;;;;
6545;X718969;ΜΑΣΤΟΕΙΔΕΚΤΟΜΗ, ΤΡΟΠΟΠΟΙΗΜΕΝΗ ΡΙΖΙΚΗ;;;;;
6546;X718981;ΜΑΣΤΟΕΙΔΕΚΤΟΜΗ, ΡΙΖΙΚΗ;;;;;
6547;X719019;ΕΚΤΟΜΗ ΑΠΟΦΥΣΗΣ ΛΙΘΟΕΙΔΟΥΣ ΟΣΤΟΥ ΠΕΡΙΛΑΜΒΑΝΟΥΣΑ ΡΙΖΙΚΗ ΜΑΣΤΟΕΙΔΕΚΤΟΜΗ;;;;;
6548;X719029;ΕΚΤΟΜΗ ΚΡΟΤΑΦΙΚΟΥ ΟΣΤΟΥ, ΕΞΩΤΕΡΙΚΗ ΠΡΟΣΠΕΛΑΣΗ;;;;;
6549;X719039;ΕΚΤΟΜΗ ΩΤΙΚΟΥ ΠΟΛΥΠΟΔΑ;;;;;
6550;X719059;ΕΚΤΟΜΗ ΩΤΙΚΟΥ ΠΑΡΑΓΑΓΓΛΙΩΜΑΤΟΣ (GLOMUS TUMOUR), ΔΙΑ ΜΕΣΩ ΤΟΥ ΕΞΩ ΑΚΟΥΣΤΙΚΟΥ ΠΟΡΟΥ;;;;;
6551;X719063;ΕΚΤΟΜΗ ΩΤΙΚΟΥ ΠΑΡΑΓΑΓΓΛΙΩΜΑΤΟΣ (GLOMUS TUMOUR), ΔΙΑΜΑΣΤΟΕΙΔΙΚΗ ΠΡΟΣΠΕΛΑΣΗ;;;;;
6552;X719067;ΕΚΤΟΜΗ ΩΤΙΚΟΥ ΠΑΡΑΓΑΓΓΛΙΩΜΑΤΟΣ (GLOMUS TUMOUR), -- ΠΡΟΣΠΕΛΑΣΗ ΜΕΣΩ ΠΛΑΓΙΑΣ ΒΑΣΗΣ ΤΟΥ ΚΡΑΝΙΟΥ (ΕΥΡΕΙΑ ΕΞΩΚΡΟΤΑΦΙΚΗ);;;;;
6553;X719161;ΑΝΑΘΕΩΡΗΣΗ ΜΑΣΤΟΕΙΔΕΚΤΟΜΗΣ, ΚΑΤΑΛΗΓΟΥΣΑ ΣΕ ΟΛΙΚΗ ΜΑΣΤΟΕΙΔΕΚΤΟΜΗ;;;;;
6554;X719163;ΑΝΑΘΕΩΡΗΣΗ ΜΑΣΤΟΕΙΔΕΚΤΟΜΗΣ, ΚΑΤΑΛΗΓΟΥΣΑ ΣΕ ΤΡΟΠΟΠΟΙΗΜΕΝΗ ΡΙΖΙΚΗ ΜΑΣΤΟΕΙΔΕΚΤΟΜΗ;;;;;
6555;X719165;ΑΝΑΘΕΩΡΗΣΗ ΜΑΣΤΟΕΙΔΕΚΤΟΜΗΣ, ΚΑΤΑΛΗΓΟΥΣΑ ΣΕ ΡΙΖΙΚΗ ΜΑΣΤΟΕΙΔΕΚΤΟΜΗ;;;;;
6556;X719167;ΑΝΑΘΕΩΡΗΣΗ ΜΑΣΤΟΕΙΔΕΚΤΟΜΗΣ, ΚΑΤΑΛΗΓΟΥΣΑ ΣΕ ΤΥΜΠΑΝΟΠΛΑΣΤΙΚΗ;;;;;
6557;X719169;ΑΝΑΘΕΩΡΗΣΗ ΜΑΣΤΟΕΙΔΕΚΤΟΜΗΣ, ΜΕ ΕΚΤΟΜΗ ΑΠΟΦΥΣΗΣ;;;;;
6558;X719179;ΑΠΟΚΑΤΑΣΤΑΣΗ ΤΥΜΠΑΝΙΚΗΣ ΜΕΜΒΡΑΝΗΣ, ΜΕ Η ΧΩΡΙΣ ΠΡΟΕΤΟΙΜΑΣΙΑ ΤΗΣ ΔΙΑΤΡΗΣΗΣ ΓΙΑ ΣΥΓΚΛΕΙΣΗ, ΜΕ Η ΧΩΡΙΣ ΜΟΣΧΕΥΜΑ (PATCH);;;;;
6559;X719199;ΜΥΡΙΓΓΟΠΛΑΣΤΙΚΗ ;;;;;
6560;X719221;ΤΥΜΠΑΝΟΠΛΑΣΤΙΚΗ ΧΩΡΙΣ ΜΑΣΤΟΕΙΔΕΚΤΟΜΗ (ΠΕΡΙΛΑΜΒΑΝΕΙ ΠΟΡΟΠΛΑΣΤΙΚΗ, ΤΟΜΗ ΕΠΙΤΥΜΠΑΝΙΟΥ ΧΩΡΟΥ ΚΑΙ/Η ΧΕΙΡΟΥΡΓΙΚΗ ΜΕΣΟΥ ΩΤΟΣ), ΑΡΧΙΚΗ Η ΑΝΑΘΕΩΡΗΜΕΝΗ, ΧΩΡΙΣ ΑΠΟΚΑΤΑΣΤΑΣΗ ΑΚΟΥΣΤΙΚΩΝ ΟΣΤΑΡΙΩΝ;;;;;
6561;X719223;ΤΥΜΠΑΝΟΠΛΑΣΤΙΚΗ ΧΩΡΙΣ ΜΑΣΤΟΕΙΔΕΚΤΟΜΗ (ΠΕΡΙΛΑΜΒΑΝΕΙ ΠΟΡΟΠΛΑΣΤΙΚΗ, ΤΟΜΗ ΕΠΙΤΥΜΠΑΝΙΟΥ ΧΩΡΟΥ ΚΑΙ/Η ΧΕΙΡΟΥΡΓΙΚΗ ΜΕΣΟΥ ΩΤΟΣ), ΑΡΧΙΚΗ Η ΑΝΑΘΕΩΡΗΜΕΝΗ, ΜΕ ΑΠΟΚΑΤΑΣΤΑΣΗ ΑΚΟΥΣΤΙΚΩΝ ΟΣΤΑΡΙΩΝ (Π.Χ. ΟΠΙΣΘΟΘΥΡΙΔΟΠΟΙΗΣΗ);;;;;
6562;X719225;ΤΥΜΠΑΝΟΠΛΑΣΤΙΚΗ ΧΩΡΙΣ ΜΑΣΤΟΕΙΔΕΚΤΟΜΗ (ΠΕΡΙΛΑΜΒΑΝΕΙ ΠΟΡΟΠΛΑΣΤΙΚΗ, ΤΟΜΗ ΕΠΙΤΥΜΠΑΝΙΟΥ ΧΩΡΟΥ ΚΑΙ/Η ΧΕΙΡΟΥΡΓΙΚΗ ΜΕΣΟΥ ΩΤΟΣ), ΑΡΧΙΚΗ Η ΑΝΑΘΕΩΡΗΜΕΝΗ, ΜΕ ΑΠΟΚΑΤΑΣΤΑΣΗ ΑΚΟΥΣΤΙΚΩΝ ΟΣΤΑΡΙΩΝ ΑΠΟΚΑΤΑΣΤΑΣΗ ΚΑΙ ΣΥΝΘΕΤΙΚΗ ΠΡΟΘΕΣΗ (Π.Χ. ΜΕΡΙΚΗ ΑΝΤΙΚΑΤΑΣΤΑΣΗ ΑΚΟΥΣΤΙΚΩΝ ΟΣΤ;;;;;
6563;X719229;ΤΥΜΠΑΝΟΠΛΑΣΤΙΚΗ ΜΕ ΑΝΤΡΟΤΟΜΗ Η ΜΑΣΤΟΪΔΟΤΟΜΗ (ΠΕΡΙΛΑΜΒΑΝΕΙ ΠΟΡΟΠΛΑΣΤΙΚΗ ΤΟΜΗ ΕΠΙΤΥΜΠΑΝΙΟΥ ΧΩΡΟΥ, ΧΕΙΡΟΥΡΓΙΚΗ ΜΕΣΟΥ ΩΤΟΣ, ΚΑΙ/Η ΔΙΟΡΘΩΣΗ ΤΥΜΠΑΝΙΚΗΣ ΜΕΜΒΡΑΝΗΣ) ΧΩΡΙΣ ΑΠΟΚΑΤΑΣΤΑΣΗ ΑΚΟΥΣΤΙΚΩΝ ΟΣΤΑΡΙΩΝ;;;;;
6564;X719231;ΤΥΜΠΑΝΟΠΛΑΣΤΙΚΗ ΜΕ ΑΝΤΡΟΤΟΜΗ Η ΜΑΣΤΟΪΔΟΤΟΜΗ (ΠΕΡΙΛΑΜΒΑΝΕΙ ΠΟΡΟΠΛΑΣΤΙΚΗ ΤΟΜΗ ΕΠΙΤΥΜΠΑΝΙΟΥ ΧΩΡΟΥ, ΧΕΙΡΟΥΡΓΙΚΗ ΜΕΣΟΥ ΩΤΟΣ, ΚΑΙ/Η ΔΙΟΡΘΩΣΗ ΤΥΜΠΑΝΙΚΗΣ ΜΕΜΒΡΑΝΗΣ), ΜΕ ΑΠΟΚΑΤΑΣΤΑΣΗ ΤΗΣ ΑΛΥΣΟΥ ΤΩΝ ΑΚΟΥΣΤΙΚΩΝ ΟΣΤΑΡΙΩΝ;;;;;
6565;X719233;ΤΥΜΠΑΝΟΠΛΑΣΤΙΚΗ ΜΕ ΑΝΤΡΟΤΟΜΗ Η ΜΑΣΤΟΪΔΟΤΟΜΗ (ΠΕΡΙΛΑΜΒΑΝΕΙ ΠΟΡΟΠΛΑΣΤΙΚΗ ΤΟΜΗ ΕΠΙΤΥΜΠΑΝΙΟΥ ΧΩΡΟΥ, ΧΕΙΡΟΥΡΓΙΚΗ ΜΕΣΟΥ ΩΤΟΣ, ΚΑΙ/Η ΔΙΟΡΘΩΣΗ ΤΥΜΠΑΝΙΚΗΣ ΜΕΜΒΡΑΝΗΣ) ΑΠΟΚΑΤΑΣΤΑΣΗ ΑΚΟΥΣΤΙΚΩΝ ΟΣΤΑΡΙΩΝ ΚΑΙ ΣΥΝΘΕΤΙΚΗ ΠΡΟΘΕΣΗ (Π.Χ. ΜΕΡΙΚΗ  ΑΝΤΙΚΑΤΑΣΤΑΣΗ ΑΚΟΥΣΤΙΚΩΝ ΟΣΤΑ;;;;;
6566;X719241;ΤΥΜΠΑΝΟΠΛΑΣΤΙΚΗ ΜΕ ΜΑΣΤΟΕΙΔΕΚΤΟΜΗ (ΠΕΡΙΛΑΜΒΑΝΕΙ ΠΟΡΟΠΛΑΣΤΙΚΗ, ΧΕΙΡΟΥΡΓΙΚΗ ΜΕΣΟΥ ΩΤΟΣ, ΔΙΟΡΘΩΣΗ ΤΥΜΠΑΝΙΚΗΣ ΜΕΜΒΡΑΝΗΣ, ΧΩΡΙΣ ΑΠΟΚΑΤΑΣΤΑΣΗ ΑΚΟΥΣΤΙΚΩΝ ΟΣΤΑΡΙΩΝ;;;;;
6567;X719243;ΤΥΜΠΑΝΟΠΛΑΣΤΙΚΗ ΧΩΡΙΣ ΜΑΣΤΟΕΙΔΕΚΤΟΜΗ (ΠΕΡΙΛΑΜΒΑΝΕΙ ΠΟΡΟΠΛΑΣΤΙΚΗ, ΧΕΙΡΟΥΡΓΙΚΗ ΜΕΣΟΥ ΩΤΟΣ, ΔΙΟΡΘΩΣΗ ΤΥΜΠΑΝΙΚΗΣ ΜΕΜΒΡΑΝΗΣ, ΜΕ ΑΠΟΚΑΤΑΣΤΑΣΗ ΑΚΟΥΣΤΙΚΩΝ ΟΣΤΑΡΙΩΝ;;;;;
6568;X719245;ΤΥΜΠΑΝΟΠΛΑΣΤΙΚΗ ΜΕ ΜΑΣΤΟΕΙΔΕΚΤΟΜΗ (ΠΕΡΙΛΑΜΒΑΝΕΙ ΠΟΡΟΠΛΑΣΤΙΚΗ, ΧΕΙΡΟΥΡΓΙΚΗ ΜΕΣΟΥ ΩΤΟΣ, ΔΙΟΡΘΩΣΗ ΤΥΜΠΑΝΙΚΗΣ ΜΕΜΒΡΑΝΗΣ), ΜΕ ΑΝΕΠΑΦΟ Η ΑΝΑΚΑΤΑΣΚΕΥΑΣΜΕΝΟ ΤΟΙΧΩΜΑ, ΧΩΡΙΣ ΑΠΟΚΑΤΑΣΤΑΣΗ ΑΚΟΥΣΤΙΚΩΝ ΟΣΤΑΡΙΩΝ;;;;;
6569;X719247;ΤΥΜΠΑΝΟΠΛΑΣΤΙΚΗ ΜΕ ΜΑΣΤΟΕΙΔΕΚΤΟΜΗ (ΠΕΡΙΛΑΜΒΑΝΕΙ ΠΟΡΟΠΛΑΣΤΙΚΗ, ΧΕΙΡΟΥΡΓΙΚΗ ΜΕΣΟΥ ΩΤΟΣ, ΔΙΟΡΘΩΣΗ ΤΥΜΠΑΝΙΚΗΣ ΜΕΜΒΡΑΝΗΣ), ΜΕ ΑΝΕΠΑΦΟ Η ΑΝΑΚΑΤΑΣΚΕΥΑΣΜΕΝΟ ΤΟΙΧΩΜΑ ΠΟΡΟΥ, ΜΕ ΑΠΟΚΑΤΑΣΤΑΣΗ ΑΚΟΥΣΤΙΚΩΝ ΟΣΤΑΡΙΩΝ;;;;;
6570;X719249;ΤΥΜΠΑΝΟΠΛΑΣΤΙΚΗ ΜΕ ΜΑΣΤΟΕΙΔΕΚΤΟΜΗ (ΠΕΡΙΛΑΜΒΑΝΕΙ ΠΟΡΟΠΛΑΣΤΙΚΗ, ΧΕΙΡΟΥΡΓΙΚΗ ΜΕΣΟΥ ΩΤΟΣ, ΔΙΟΡΘΩΣΗ ΤΥΜΠΑΝΙΚΗΣ ΜΕΜΒΡΑΝΗΣ), ΡΙΖΙΚΗ Η ΟΛΙΚΗ, ΧΩΡΙΣ ΑΠΟΚΑΤΑΣΤΑΣΗ ΑΚΟΥΣΤΙΚΩΝ ΟΣΤΑΡΙΩΝ;;;;;
6571;X719251;ΤΥΜΠΑΝΟΠΛΑΣΤΙΚΗ ΜΕ ΜΑΣΤΟΕΙΔΕΚΤΟΜΗ (ΠΕΡΙΛΑΜΒΑΝΕΙ ΠΟΡΟΠΛΑΣΤΙΚΗ, ΧΕΙΡΟΥΡΓΙΚΗ ΜΕΣΟΥ ΩΤΟΣ, ΔΙΟΡΘΩΣΗ ΤΥΜΠΑΝΙΚΗΣ ΜΕΜΒΡΑΝΗΣ), ΡΙΖΙΚΗ Η ΟΛΙΚΗ, ΜΕ ΑΠΟΚΑΤΑΣΤΑΣΗ ΑΚΟΥΣΤΙΚΩΝ ΟΣΤΑΡΙΩΝ;;;;;
6572;X719259;ΚΙΝΗΤΟΠΟΙΗΣΗ ΑΝΑΒΟΛΕΑ;;;;;
6573;X719279;ΑΝΑΒΟΛΟΤΟΜΗ ΜΕ ΕΠΑΝΑΣΥΣΤΑΣΗ ΤΗΣ ΑΚΟΥΣΤΙΚΗΣ ΣΥΝΕΧΕΙΑΣ, ΜΕ Η ΧΩΡΙΣ ΧΡΗΣΗ ΞΕΝΟΥ ΥΛΙΚΟΥ,;;;;;
6574;X719281;ΑΝΑΒΟΛΟΤΟΜΗ ΜΕ ΕΠΑΝΑΣΥΣΤΑΣΗ ΤΗΣ ΑΚΟΥΣΤΙΚΗΣ ΣΥΝΕΧΕΙΑΣ, ΜΕ Η ΧΩΡΙΣ ΧΡΗΣΗ ΞΕΝΟΥ ΥΛΙΚΟΥ, ΜΕ ΔΙΑΤΡΗΣΗ ΠΟΔΟΣ;;;;;
6575;X719283;ΑΝΑΘΕΩΡΗΣΗ ΑΝΑΒΟΛΟΤΟΜΗΣ;;;;;
6576;X719291;ΑΠΟΚΑΤΑΣΤΑΣΗ ΣΥΡΙΓΓΙΟΥ ΩΟΕΙΔΟΥΣ ΘΥΡΙΔΑΣ;;;;;
6577;X719293;ΑΠΟΚΑΤΑΣΤΑΣΗ ΣΥΡΙΓΓΙΟΥ ΣΤΡΟΓΓΥΛΗΣ ΘΥΡΙΔΑΣ;;;;;
6578;X719299;ΕΞΑΛΕΙΨΗ ΜΑΣΤΟΕΙΔΟΥΣ (ΧΩΡΙΣΤΗ ΔΙΑΔΙΚΑΣΙΑ);;;;;
6579;X719311;ΤΥΜΠΑΝΙΚΗ ΝΕΥΡΕΚΤΟΜΗ;;;;;
6580;X719359;ΑΠΟΦΡΑΞΗ ΟΠΙΣΘΩΤΙΑΙΟΥ ΣΥΡΙΓΓΙΟΥ, ΜΑΣΤΟΕΙΔΟΥΣ (ΧΩΡΙΣΤΗ ΔΙΑΔΙΚΑΣΙΑ);;;;;
6581;X719379;ΕΜΦΥΤΕΥΣΗ Η ΑΝΤΙΚΑΤΑΣΤΑΣΗ  ΑΚΟΥΣΤΙΚΗΣ ΣΥΣΚΕΥΗΣ  ΟΣΤΙΚΗΣ ΑΓΩΓΙΜΟΤΗΤΑΣ ΣΤΟ ΚΡΟΤΑΦΙΚΟ ΟΣΤΟΥΝ (BAHA);;;;;
6582;X719381;ΑΦΑΙΡΕΣΗ Η ΑΝΤΙΚΑΤΑΣΤΑΣΗ ΑΚΟΥΣΤΙΚΗΣ ΣΥΣΚΕΥΗΣ  ΟΣΤΙΚΗΣ ΑΓΩΓΙΜΟΤΗΤΑΣ ΣΤΟ ΚΡΟΤΑΦΙΚΟ ΟΣΤΟΥΝ (BAHA);;;;;
6583;X719387;ΕΜΦΥΤΕΥΣΗ, ΕΝΔΟΣΤΙΚΟ ΕΜΦΥΤΕΥΜΑ, ΚΡΟΤΑΦΙΚΟ ΟΣΤΟΥΝ, ΜΕ ΔΙΑΔΕΡΜΙΚΗ ΠΡΟΣΦΥΣΗ ΣΤΟΝ ΕΞΩΤΕΡΙΚΟ ΕΠΕΞΕΡΓΑΣΤΗ ΟΜΙΛΙΑΣ/ΚΟΧΛΙΑΚΟ ΔΙΕΓΕΡΤΗ, ΧΩΡΙΣ ΜΑΣΤΟΕΙΔΕΚΤΟΜΗ;;;;;
6584;X719389;ΕΜΦΥΤΕΥΣΗ, ΕΝΔΟΣΤΙΚΟ ΕΜΦΥΤΕΥΜΑ, ΚΡΟΤΑΦΙΚΟ ΟΣΤΟΥΝ, ΜΕ ΔΙΑΔΕΡΜΙΚΗ ΠΡΟΣΦΥΣΗ ΣΤΟΝ ΕΞΩΤΕΡΙΚΟ ΕΠΕΞΕΡΓΑΣΤΗ ΟΜΙΛΙΑΣ/ΚΟΧΛΙΑΚΟ ΔΙΕΓΕΡΤΗ, ΜΕ ΜΑΣΤΟΕΙΔΕΚΤΟΜΗ;;;;;
6585;X719393;ΑΝΤΙΚΑΤΑΣΤΑΣΗ (ΠΕΡΙΛΑΜΒΑΝΑΝΕΙ ΑΦΑΙΡΕΣΗ ΤΗΣ ΥΠΑΡΧΟΥΣΑΣ ΣΥΣΚΕΥΗΣ), ΕΝΔΟΣΤΙΚΟ ΕΜΦΥΤΕΥΜΑ, ΚΡΟΤΑΦΙΚΟ ΟΣΤΟΥΝ, ΜΕ ΔΙΑΔΕΡΜΙΚΗ ΠΡΟΣΦΥΣΗ ΣΤΟΝ ΕΞΩΤΕΡΙΚΟ ΕΠΕΞΕΡΓΑΣΤΗ ΟΜΙΛΙΑΣ/ΚΟΧΛΙΑΚΟ ΔΙΕΓΕΡΤΗ, ΧΩΡΙΣ ΜΑΣΤΟΕΙΔΕΚΤΟΜΗ;;;;;
6586;X719395;ΑΝΤΙΚΑΤΑΣΤΑΣΗ (ΠΕΡΙΛΑΜΒΑΝΑΝΕΙ ΑΦΑΙΡΕΣΗ ΤΗΣ ΥΠΑΡΧΟΥΣΑΣ ΣΥΣΚΕΥΗΣ), ΕΝΔΟΣΤΙΚΟ ΕΜΦΥΤΕΥΜΑ, ΚΡΟΤΑΦΙΚΟ ΟΣΤΟΥΝ, ΜΕ ΔΙΑΔΕΡΜΙΚΗ ΠΡΟΣΦΥΣΗ ΣΤΟΝ ΕΞΩΤΕΡΙΚΟ ΕΠΕΞΕΡΓΑΣΤΗ ΟΜΙΛΙΑΣ/ΚΟΧΛΙΑΚΟ ΔΙΕΓΕΡΤΗ, ΜΕ ΜΑΣΤΟΕΙΔΕΚΤΟΜΗ;;;;;
6587;X719399;ΑΠΟΣΥΜΠΙΕΣΗ ΠΡΟΣΩΠΙΚΟ ΝΕΥΡΟ, ΕΝΔΟΚΡΟΤΑΦΙΚΗ, ΠΛΑΓΙΟ ΕΩΣ ΓΟΝΑΤΩΔΕΣ ΓΑΓΓΛΙΟ;;;;;
6588;X719409;ΑΠΟΣΥΜΠΙΕΣΗ ΠΡΟΣΩΠΙΚΟ ΝΕΥΡΟ, ΕΝΔΟΚΡΟΤΑΦΙΚΗ, ΠΕΡΙΛΑΜΒΑΝΕΙ ΑΠΟ ΤΟ ΜΕΣΟ ΕΩΣ ΤΟ ΓΟΝΑΤΩΔΕΣ ΓΑΓΓΛΙΟ;;;;;
6589;X719439;ΣΥΡΡΑΦΗ ΠΡΟΣΩΠΙΚΟΥ ΝΕΥΡΟΥ, ΕΝΔΟΚΡΟΤΑΦΙΚΗ, ΜΕ Η ΧΩΡΙΣ ΜΟΣΧΕΥΜΑ Η ΑΠΟΣΥΜΠΙΕΣΗ, ΠΛΑΓΙΟ ΕΩΣ ΓΟΝΑΤΩΔΕΣ ΓΑΓΓΛΙΟ;;;;;
6590;X719449;ΣΥΡΡΑΦΗ ΠΡΟΣΩΠΙΚΟ ΝΕΥΡΟ, ΕΝΔΟΚΡΟΤΑΦΙΚΗ, ΜΕ Η ΧΩΡΙΣ ΜΟΣΧΕΥΜΑ Η ΑΠΟΣΥΜΠΙΕΣΗ, ΑΠΟ ΤΟ ΜΕΣΟ ΕΩΣ ΤΟ ΓΟΝΑΤΩΔΕΣ ΓΑΓΓΛΙΟ;;;;;
6591;X719557;ΜΗ ΚΑΤΑΓΕΓΡΑΜΜΕΝΗ ΔΙΑΔΙΚΑΣΙΑ, ΜΕΣΟ ΟΥΣ;;;;;
6592;X719561;ΛΑΒΥΡΙΝΘΟΤΟΜΗ, ΜΕ Η ΧΩΡΙΣ ΚΡΥΟΧΕΙΡΟΥΡΓΙΚΗ ΠΕΡΙΛΑΜΒΑΝΟΥΣΑ ΑΛΛΕΣ ΑΝΕΥ ΤΟΜΗΣ ΔΙΑΔΙΚΑΣΙΕΣ ΚΑΤΑΣΤΡΟΦΗΣ Η ΕΓΧΥΣΗ ΦΑΡΜΑΚΩΝ ΜΕ ΕΠΙΔΡΑΣΗ ΣΤΗΝ ΑΙΘΟΥΣΑ (ΜΟΝΗΡΗΣ Η ΠΟΛΛΑΠΛΕΣ ΕΓΧΥΣΕΙΣ), ΜΕΣΩ ΤΟΥ ΠΟΡΟΥ;;;;;
6593;X719563;ΛΑΒΥΡΙΝΘΟΤΟΜΗ, ΜΕ Η ΧΩΡΙΣ ΚΡΥΟΧΕΙΡΟΥΡΓΙΚΗ ΠΕΡΙΛΑΜΒΑΝΟΥΣΑ ΑΛΛΕΣ ΑΝΕΥ ΤΟΜΗΣ ΔΙΑΔΙΚΑΣΙΕΣ ΚΑΤΑΣΤΡΟΦΗΣ Η ΕΓΧΥΣΗ ΦΑΡΜΑΚΩΝ ΜΕ ΕΠΙΔΡΑΣΗ ΣΤΗΝ ΑΙΘΟΥΣΑ (ΕΝΑΣ Η ΠΟΛΛΑΠΛΟΙ ΕΓΧΥΣΗ), ΜΕ ΜΑΣΤΟΕΙΔΕΚΤΟΜΗ;;;;;
6594;X719569;ΕΠΕΜΒΑΣΗ ΕΝΔΟΛΕΜΦΙΚΟΥ ΣΑΚΟΥ, ΧΩΡΙΣ ΠΑΡΟΧΕΤΕΥΣΗ;;;;;
6595;X719571;ΕΠΕΜΒΑΣΗ ΕΝΔΟΛΕΜΦΙΚΟΥ ΣΑΚΟΥ, ΜΕ ΠΑΡΟΧΕΤΕΥΣΗ;;;;;
6596;X719599;ΘΥΡΙΔΟΠΟΙΗΣΗ ΗΜΙΚΥΚΛΙΚΟΥ ΣΩΛΗΝΑ;;;;;
6597;X719639;ΑΝΑΘΕΩΡΗΣΗ ΕΠΕΜΒΑΣΗΣ ΘΥΡΙΔΟΠΟΙΗΣΗΣ;;;;;
6598;X719769;ΛΑΒΥΡΙΝΘΟΤΟΜΗ, ΔΙΑ ΜΕΣΩ ΤΟΥ ΕΞΩ ΑΚΟΥΣΤΙΚΟΥ ΠΟΡΟΥ;;;;;
6599;X719779;ΛΑΒΥΡΙΝΘΟΤΟΜΗ, ΜΕ ΜΑΣΤΟΕΙΔΕΚΤΟΜΗ;;;;;
6600;X719789;ΤΟΜΗ ΑΙΘΟΥΣΑΙΟΥ ΝΕΥΡΟΥ, ΔΙΑΛΑΒΥΡΙΝΘΙΚΗ ΠΡΟΣΠΕΛΑΣΗ;;;;;
6601;X719819;ΕΜΦΥΤΕΥΣΗ ΚΟΧΛΙΑΚΗΣ ΣΥΣΚΕΥΗΣ, ΜΕ Η ΧΩΡΙΣ ΜΑΣΤΟΕΙΔΕΚΤΟΜΗ;;;;;
6602;X719857;ΜΗ ΚΑΤΑΓΕΓΡΑΜΜΕΝΗ ΔΙΑΔΙΚΑΣΙΑ, ΕΣΩ ΟΥΣ;;;;;
6603;X719859;ΤΟΜΗ ΑΙΘΟΥΣΑΙΟΥ ΝΕΥΡΟΥ, ΠΡΟΣΠΕΛΑΣΗ ΔΙΑ ΜΕΣΩ ΤΟ ΜΕΣΟΥ ΚΡΑΝΙΑΚΟΥ ΒΟΘΡΟΥ;;;;;
6604;X719869;ΟΛΙΚΗ ΑΠΟΣΥΜΠΙΕΣΗ ΠΡΟΣΩΠΙΚΟΥ ΝΕΥΡΟΥ ΚΑΙ/Η ΔΙΟΡΘΩΣΗ (ΕΝΔΕΧΕΤΑΙ ΝΑ ΠΕΡΙΛΑΜΒΑΝΕΙ ΜΟΣΧΕΥΜΑ);;;;;
6605;X719879;ΑΠΟΣΥΜΠΙΕΣΗ ΕΣΩ ΑΚΟΥΣΤΙΚΟΥ ΠΟΡΟΥ;;;;;
6606;X719899;ΑΦΑΙΡΕΣΗ ΟΓΚΟΥ, ΚΡΟΤΑΦΙΚΟ ΟΣΤΟΥΝ;;;;;
6607;X719917;ΜΗ ΚΑΤΑΓΕΓΡΑΜΜΕΝΗ ΔΙΑΔΙΚΑΣΙΑ, ΚΡΟΤΑΦΙΚΟ ΟΣΤΟΥΝ, ΠΡΟΣΠΕΛΑΣΗ ΔΙΑ ΤΟΥ ΜΕΣΟΥ ΒΟΘΡΟΥ;;;;;
6608;X719939;ΜΙΚΡΟΧΕΙΡΟΥΡΓΙΚΕΣ ΤΕΧΝΙΚΕΣ, ΑΠΑΙΤΟΥΝ ΤΗ ΧΡΗΣΗ ΧΕΙΡΟΥΡΓΙΚΟΥ ΜΙΚΡΟΣΚΟΠΙΟΥ (ΚΑΤΑΓΡΑΦΕΤΑΙ ΧΩΡΙΣΤΑ ΩΣ ΠΡΟΣΘΗΚΗ ΣΤΟΝ ΚΩΔΙΚΟ ΤΗΣ ΠΡΩΤΟΓΕΝΟΥΣ ΔΙΑΔΙΚΑΣΙΑΣ);;;;;
